Model,position,residual
AR,10,0.6422119166480614
AR,11,-4.844906666449212
AR,12,-2.8218308168682835
AR,13,-1.890287589279416
AR,14,0.5946583678513611
AR,15,-2.1373263676756693
AR,16,-1.1331489839917803
AR,17,-2.2058409310260254
AR,18,-0.1908527387504957
AR,19,2.941914218741619
AR,20,0.09586402887762616
AR,21,-2.1160628200459195
AR,22,-6.99717141227377
AR,23,-0.692098124271739
AR,24,-0.8396046364763051
AR,25,2.9308789262339334
AR,26,-1.8040545444014464
AR,27,2.547335761720529
AR,28,-0.4812320014400925
AR,29,0.0012216263435102515
AR,30,3.680679849859731
AR,31,-1.3890545182738734
AR,32,-0.5656689151126739
AR,33,2.9821197538331927
AR,34,-0.6175435458716858
AR,35,-2.5515735937879387
AR,36,0.6754133524596593
AR,37,1.2738188623238365
AR,38,1.9314402878605788
AR,39,-0.2622861622814024
AR,40,2.8063791303843066
AR,41,1.439326629603072
AR,42,-0.366077689336046
AR,43,1.2415004683631368
AR,44,-0.6548337514267195
AR,45,0.1079014671749322
AR,46,-1.3986759547323617
AR,47,0.7293227567790469
AR,48,-0.5807870476350249
AR,49,0.40158474284377066
AR,50,1.7840687701599718
AR,51,0.04413545161335426
AR,52,-0.3661850044121764
AR,53,-2.5101221391408597
AR,54,-0.1155897061503527
AR,55,0.3919400534489465
AR,56,-2.8040031942278274
AR,57,0.2843284581537979
AR,58,1.840008961092414
AR,59,2.705625963521017
AR,60,-0.799914120543715
AR,61,1.2390523119970716
AR,62,2.439177654019695
AR,63,-0.7184190150652177
AR,64,1.3133207323564342
AR,65,-0.8853845326242173
AR,66,1.2040765299936647
AR,67,-0.3868278841281709
AR,68,1.7328283400876447
AR,69,-1.0595708832924258
AR,70,-0.07974580486255956
AR,71,1.2227878332673192
AR,72,-0.2741576401296343
AR,73,-3.71977920948799
AR,74,-0.25696646918057187
AR,75,0.9759666313275932
AR,76,1.090758226766508
AR,77,-0.4617662402522659
AR,78,1.8226335766315636
AR,79,-0.1874086230733765
AR,80,-0.8034116712516003
AR,81,-0.32689274453405803
AR,82,1.9053670506325813
AR,83,1.0282479188845013
AR,84,0.698449439191375
AR,85,-5.11979216197337
AR,86,-2.1987986806096305
AR,87,1.1728540052276208
AR,88,3.844528529923532
AR,89,0.6316432290658651
AR,90,4.041856544973629
AR,91,1.0383460406194327
AR,92,-0.5660205042776728
AR,93,-0.5218277423623348
AR,94,-2.145824825368776
AR,95,0.21005071733767267
AR,96,-4.0160113317196595
AR,97,-3.038526197111711
AR,98,0.11826590281253493
AR,99,1.2422309401042828
AR,100,0.3080048341216006
AR,101,0.594431213067407
AR,102,2.2639395948532446
AR,103,-0.5021749582552588
AR,104,0.7790478136491257
AR,105,-0.8632137967159719
AR,106,-0.43533659953707704
AR,107,-1.9740976486677029
AR,108,-2.9474022144912393
AR,109,3.70487383899729
AR,110,0.8726415490575374
AR,111,-1.06485008110271
AR,112,0.6585572504875903
AR,113,-0.001144464052308159
AR,114,-0.06253109867312218
AR,115,1.716801636160421
AR,116,-0.5350653467735057
AR,117,1.267129112176233
AR,118,2.368482249381189
AR,119,-2.3703547657641066
AR,120,0.31099448196982415
AR,121,-1.438905921952532
AR,122,0.8026950156072808
AR,123,2.022399963495758
AR,124,-1.8424508571641496
AR,125,-1.1363021253170338
AR,126,0.48648073718111556
AR,127,-3.582348800807129
AR,128,-0.3026435887233561
AR,129,0.08047382010161061
AR,130,-0.06958532918223048
AR,131,0.7432025868157927
AR,132,0.0713507398789412
AR,133,0.16540873194897415
AR,134,-1.1376819394774134
AR,135,1.7448127358504326
AR,136,0.2055276348654968
AR,137,0.2822706506138639
AR,138,-2.5592718841682807
AR,139,-1.5371744808950112
AR,140,0.458898748935877
AR,141,-0.13713680923829327
AR,142,2.2884121266127226
AR,143,0.11960227151786598
AR,144,0.28207570321745873
AR,145,-2.85547112033119
AR,146,-0.9230337639439521
AR,147,0.6347085513862327
AR,148,2.031833839628328
AR,149,1.9020357711009517
AR,150,0.004428236400516469
AR,151,-0.44607129267972045
AR,152,0.2672621211359308
AR,153,0.6844294189057796
AR,154,-0.7579451997146249
AR,155,-0.3151486402363368
AR,156,-2.210663267353951
AR,157,0.9342214971773788
AR,158,0.5723669784275897
AR,159,1.1107481458898525
AR,160,0.6032952113017368
AR,161,-0.8259017589040847
AR,162,-0.3553156254083228
AR,163,-1.5399183842618411
AR,164,-0.1281781741696699
AR,165,1.8814044410595365
AR,166,2.9940047607375857
AR,167,-0.012001735313196038
AR,168,0.6909798392547402
AR,169,-0.26547174028417597
AR,170,1.668202180164269
AR,171,-0.03063702633736963
AR,172,1.2994405130390414
AR,173,0.8897140946752241
AR,174,0.6230005023183073
AR,175,-0.8527430096831707
AR,176,0.5716678167477747
AR,177,-1.0653920059103994
AR,178,0.910187131232259
AR,179,0.7988983987735743
AR,180,1.8939800778407634
AR,181,0.4744087131876913
AR,182,0.8353646399975565
AR,183,-0.12738990657235183
AR,184,-0.05090787054903194
AR,185,0.8952249372382967
AR,186,0.8621900360924435
AR,187,-0.06731093236720569
AR,188,1.4579668525727785
AR,189,-0.034752992735434536
AR,190,1.3143193301939984
AR,191,0.75339015658484
AR,192,-0.8593705587731637
AR,193,1.5686900919879485
AR,194,-1.0158348755466848
AR,195,4.30652265624671
AR,196,1.366917648586203
AR,197,-3.0777480257408465
AR,198,3.075768921443705
AR,199,0.34231487633076385
AR,200,-0.07584998758683495
AR,201,3.0010336474387995
AR,202,2.490955870005728
AR,203,-1.4516235575864709
AR,204,0.10942829942184712
AR,205,-4.157464925860674
AR,206,2.399924069915866
AR,207,-3.203723143387074
AR,208,0.39233915972106037
AR,209,1.5836208968948629
AR,210,0.7818012270013145
AR,211,-1.2599082432511937
AR,212,1.9082520333920236
AR,213,2.991765401510942
AR,214,-0.6192140334165901
AR,215,1.0414823240413709
AR,216,-0.2715216232936459
AR,217,5.723408302400035
AR,218,1.4443344373044968
AR,219,3.4572546671862368
AR,220,-2.930326544055567
AR,221,0.6854182231905708
AR,222,2.0643650750148415
AR,223,-6.1080164132517805
AR,224,-2.0769256299245713
AR,225,-0.3216543822400149
AR,226,0.9356657090626659
AR,227,4.967133790134666
AR,228,1.1008365520945838
AR,229,1.8892485288693182
AR,230,-1.323271076130069
AR,231,0.08131316727919033
AR,232,-0.041146891889394764
AR,233,-3.2270564184369954
AR,234,1.7873610232138546
AR,235,3.412120203878446
AR,236,1.0110600828923146
AR,237,0.4080318638461009
AR,238,2.8380644848115817
AR,239,2.261436161830113
AR,240,-5.108585724904318
AR,241,-0.9627609289855937
AR,242,1.4849398374553107
AR,243,-0.36019971699123443
AR,244,2.878224440787983
AR,245,-0.17084291627206732
AR,246,-2.5255123723586137
AR,247,0.3460755939255004
AR,248,0.9309359239040391
AR,249,0.5698437128868333
AR,250,0.007861014672497862
AR,251,-0.4500812699489655
AR,252,0.04700154002269976
AR,253,-0.05385312801798067
AR,254,3.4927470622027323
AR,255,0.7258122796287076
AR,256,-0.5046139170517316
AR,257,1.5288533388965222
AR,258,-0.6109315290811614
AR,259,-3.153943677947012
AR,260,-1.762649470489928
AR,261,-0.5842456964364554
AR,262,-1.8903148395555114
AR,263,1.9287716369598953
AR,264,1.2954318592720233
AR,265,0.5178707815661012
AR,266,-3.380624725628893
AR,267,-0.8076640771581414
AR,268,-0.44746699545925095
AR,269,2.0194253875419386
AR,270,-0.2548974513168594
AR,271,-4.825203980766617
AR,272,0.11951608809277137
AR,273,-1.8807541588889938
AR,274,-0.4103014805300106
AR,275,2.711921853533781
AR,276,-2.5691980954104707
AR,277,3.737233253154073
AR,278,0.3600910625032094
AR,279,1.6926449313349998
AR,280,-0.9238644502696681
AR,281,1.9883036230745668
AR,282,0.7228535162671029
AR,283,0.8799452902861795
AR,284,3.044245433859794
AR,285,-0.5440143825522703
AR,286,-0.1378505424876026
AR,287,-0.8768726563933913
AR,288,2.1544870911262697
AR,289,0.5599625071355346
AR,290,-0.34092073442292997
AR,291,3.4095346350308007
AR,292,2.7443938986419094
AR,293,3.5357870880347195
AR,294,-2.585565963029892
AR,295,1.3321174370555646
AR,296,-4.160401453038937
AR,297,3.722560754396725
AR,298,1.7968008140355645
AR,299,1.9710280834284788
AR,300,-0.1410595790724302
AR,301,-1.4668691987456532
AR,302,4.109816194811206
AR,303,0.8068296103324274
AR,304,0.044572293964983384
AR,305,0.3548124584627821
AR,306,-2.4117530152845617
AR,307,1.7535076627526172
AR,308,-0.16978655961718564
AR,309,-4.88414676319454
AR,310,-0.7503435618596487
AR,311,1.9253679652505822
AR,312,2.0615917891558504
AR,313,2.154631642487561
AR,314,0.7071958505410112
AR,315,2.634088159373679
AR,316,0.08145939169949137
AR,317,-0.34299547918997353
AR,318,-0.5086795711947654
AR,319,-0.07199031974866553
AR,320,0.8922819207135037
AR,321,0.4867897077756399
AR,322,0.3066706572448524
AR,323,2.0032361209857075
AR,324,1.7425222515154357
AR,325,0.4289376279640927
AR,326,0.290621658110839
AR,327,3.20002293188427
AR,328,-1.8164906607992417
AR,329,-0.4534789891152384
AR,330,1.4273476952291455
AR,331,3.591629539064469
AR,332,1.8388765385634693
AR,333,0.7635617005536157
AR,334,1.2554331049338585
AR,335,2.8926546142143215
AR,336,2.8535449495502627
AR,337,0.6402444643693439
AR,338,-3.026910679638988
AR,339,4.745801572775639
AR,340,1.3895573431113537
AR,341,-1.363080574875721
AR,342,-8.558729824218116
AR,343,-5.341145139488522
AR,344,-5.195405332506614
AR,345,-12.647855218615192
AR,346,2.711045720103475
AR,347,6.026794281018729
AR,348,1.6676432471287614
AR,349,-9.376456688330771
AR,350,-1.2738105108145445
AR,351,2.2759598261908014
AR,352,-5.14815421677779
AR,353,0.9470742805609937
AR,354,3.3188379654977878
AR,355,-0.356828969620299
AR,356,0.11815829229632792
AR,357,0.041457455953769984
AR,358,4.418662206489943
AR,359,3.2517475255645745
AR,360,-1.9769099494497728
AR,361,1.9654389174565523
AR,362,0.3326603889896743
AR,363,0.8491633869462213
AR,364,-4.432161979280807
AR,365,-1.7666492141634889
AR,366,0.26471122127773594
AR,367,1.4402804403869525
AR,368,0.874252343791504
AR,369,-0.948103554257687
AR,370,1.9849299259472197
AR,371,-3.7295128693673587
AR,372,-4.09759798887454
AR,373,1.9099585459595283
AR,374,1.2570171316983678
AR,375,-0.8761166658148781
AR,376,0.8298536650218507
AR,377,0.4975792872591919
AR,378,0.7847344136282561
AR,379,-0.23629227654231624
AR,380,-2.842834029087667
AR,381,-2.7752060048045104
AR,382,-2.0755250694407716
AR,383,1.0416084525437177
AR,384,2.6606933459633098
AR,385,-0.5175383345429027
AR,386,-2.484029149514028
AR,387,0.8019072889285555
AR,388,3.8179939669824616
AR,389,1.055308755744974
AR,390,1.3490049282442969
AR,391,0.7338505562760329
AR,392,-2.7176696786329204
AR,393,0.9649670553890188
AR,394,5.726595853683643
AR,395,-0.28056522896930514
AR,396,2.73396366413097
AR,397,3.1982762473877764
AR,398,-4.020580410511027
AR,399,2.7552202360672653
AR,400,-1.8929026714266963
AR,401,1.7438634006939666
AR,402,0.7402600050717931
AR,403,1.1603265552945912
AR,404,-1.61779073514414
AR,405,-1.3705462625596
AR,406,0.4707801685784268
AR,407,-1.6349777049523189
AR,408,3.949754649863365
AR,409,2.1136328936054993
AR,410,-7.290080843137432
AR,411,-1.3206556831829661
AR,412,1.9485039668858577
AR,413,-3.5688263196552303
AR,414,4.11665515702279
AR,415,-1.6421727618090207
AR,416,0.9752336937372947
AR,417,2.0864074441681995
AR,418,-0.032055447232847215
AR,419,0.6717736979903162
AR,420,1.0236962351651748
AR,421,5.372354202943824
AR,422,1.764817033571467
AR,423,-4.447620226321476
AR,424,-5.368662980007793
AR,425,3.683361679572797
AR,426,0.5948380442704357
AR,427,-1.3284316936717426
AR,428,1.0541548420617797
AR,429,0.4808196166604941
AR,430,-0.15386605366976466
AR,431,4.168940937423941
AR,432,-0.946292161212464
AR,433,-2.3393690738267834
AR,434,-0.8884100163002585
AR,435,1.8660005873432355
AR,436,-1.3338018439319184
AR,437,-3.7657001822675626
AR,438,2.0804058352047026
AR,439,-0.840009729727648
AR,440,-2.213225901515858
AR,441,1.9515543099122117
AR,442,-2.5659511067916037
AR,443,0.16212547279318953
AR,444,-0.2621921071015717
AR,445,-10.098770128768159
AR,446,-14.886678230227059
AR,447,-0.019777021674576956
AR,448,4.049967086826194
AR,449,-6.7239737534113
AR,450,2.3925524926491626
AR,451,-2.194820353226608
AR,452,1.5575569374903129
AR,453,-0.738278182302682
AR,454,0.7844932421478303
AR,455,4.683771204852039
AR,456,-2.5858405442467394
AR,457,2.7452407906977747
AR,458,0.22881461529101477
AR,459,1.2417466425993198
AR,460,-2.310961654428641
AR,461,1.0763797348810955
AR,462,-1.145030619105922
AR,463,0.6375166980220952
AR,464,-2.4541301511625417
AR,465,-2.2436897360009738
AR,466,2.6214874508459225
AR,467,1.1485564101119519
AR,468,4.411183985372063
AR,469,0.4330320352158503
AR,470,4.839425461099177
AR,471,0.5318343605219353
AR,472,-3.5182662243422236
AR,473,-2.1429923700270224
AR,474,2.607590061353411
AR,475,0.4889705108400418
AR,476,-1.0432260389732588
AR,477,2.4261069822222123
AR,478,-0.13665813026900905
AR,479,-2.5778456926358793
AR,480,-0.03193220451886529
AR,481,1.8726826338243572
AR,482,-1.4149972663395372
AR,483,0.9732008992329875
AR,484,-2.5273314634032547
AR,485,-6.297486455680032
AR,486,2.302964461269374
AR,487,-2.247446871337817
AR,488,3.449166755741761
AR,489,-3.1625098277464305
AR,490,0.14644368438735317
AR,491,-2.5682466978317993
AR,492,3.3379441141365787
AR,493,-0.4516490396177928
AR,494,2.634626455352145
AR,495,-0.26069249399726563
AR,496,-0.5764204258410917
AR,497,-1.6233451917575057
AR,498,2.1235197417741207
AR,499,-0.6844432207251733
AR,500,-2.7565223884033987
AR,501,1.6380623895548438
AR,502,-2.7503611792337193
AR,503,-1.6957302712178914
AR,504,-6.1759568561000355
AR,505,1.20816546369782
AR,506,1.7117587154789473
AR,507,-3.407677472623619
AR,508,2.4712096666795484
AR,509,-0.48385272550471864
AR,510,-1.0309408946765193
AR,511,0.059337617388815635
AR,512,-1.3615017613414588
AR,513,-5.94590550944971
AR,514,2.581469066133444
AR,515,0.3332666720880659
AR,516,6.334832390804542
AR,517,-1.9379599756064216
AR,518,0.4138701370033727
AR,519,-1.9303554905327769
AR,520,0.8804544023746441
AR,521,3.080687345137507
AR,522,0.11865405926305203
AR,523,0.7187230412295668
AR,524,-1.6409403759836196
AR,525,0.6994820372984192
AR,526,0.3193967848252784
AR,527,1.4740356666722711
AR,528,0.2808667268747216
AR,529,4.797801152673159
AR,530,0.48951526900549946
AR,531,-1.201346791190883
AR,532,3.8554021706864745
AR,533,0.5677769731405776
AR,534,1.1729101967277251
AR,535,-1.2293339516796262
AR,536,-1.1167722830274007
AR,537,1.6919273136730768
AR,538,1.8197144708186042
AR,539,-2.1128079077103896
AR,540,0.043886762253713636
AR,541,1.4355997899834307
AR,542,-0.6316362434359379
AR,543,-0.21318922471747476
AR,544,-1.00390998774758
AR,545,0.33185518684461435
AR,546,-0.3645358701076163
AR,547,-0.4099431997641837
AR,548,0.13604129629138256
AR,549,-0.6863006037232772
AR,550,0.8927243094999846
AR,551,2.1303691918611722
AR,552,-0.11746697534898608
AR,553,2.9884644087270513
AR,554,-0.004736190287421907
AR,555,0.01880525605590913
AR,556,4.042650475759048
AR,557,-6.423856552815913
AR,558,2.3100434526300364
AR,559,-1.781599130318062
AR,560,-2.5213974721176573
AR,561,-2.9995731292746535
AR,562,1.607899775843908
AR,563,1.2305663806139786
AR,564,1.10316679268708
AR,565,-1.7948057962912787
AR,566,-1.0793778518416777
AR,567,-3.433098693971922
AR,568,0.9985892848616768
AR,569,0.07762941312586265
AR,570,1.1461347066136807
AR,571,-2.5522250715860273
AR,572,0.08074481767421968
AR,573,-1.8258294816575396
AR,574,1.988231029201471
AR,575,1.9111043897718847
AR,576,-0.8984521833394224
AR,577,-1.6935468438277246
AR,578,0.6219089695774612
AR,579,0.016054515718359415
AR,580,2.212990785688061
AR,581,-1.0824473850847967
AR,582,-4.118347315326418
AR,583,1.2080616665909931
AR,584,-0.41218518434040025
AR,585,0.5186370180255627
AR,586,-0.5773665245842337
AR,587,2.3256615519327895
AR,588,-2.6601852274296376
AR,589,-0.1467199833534093
AR,590,0.7251169728250461
AR,591,-0.30706603147133815
AR,592,0.45521862023494025
AR,593,-0.33648843839706755
AR,594,-2.797910544263298
AR,595,0.2049813096184192
AR,596,-0.6068347889974796
AR,597,0.9060090555040877
AR,598,0.7517092254130175
AR,599,-0.9767965210547653
AR,600,-0.2271862046061661
AR,601,-1.00227534744441
AR,602,-1.7763718490167104
AR,603,0.9725461554446042
AR,604,-1.0633183215320379
AR,605,-1.989243231041753
AR,606,-0.702561842284843
AR,607,-0.689454959465357
AR,608,-0.5463599419256016
AR,609,-2.6433941300594097
AR,610,-1.5407651463143028
AR,611,-1.84179332335126
AR,612,3.005698396314976
AR,613,2.3941966642872483
AR,614,-0.958485392040376
AR,615,-1.1510019147765143
AR,616,-1.4587510826695285
AR,617,1.992274456843809
AR,618,0.6580842708003887
AR,619,-0.5555431250816697
AR,620,-1.9724688109159403
AR,621,0.30660542448792016
AR,622,-0.8941641351712467
AR,623,2.935821189377204
AR,624,-1.0180062925521853
AR,625,0.7958121501092308
AR,626,3.227580114837492
AR,627,-2.9001191083427638
AR,628,-0.43701550879548184
AR,629,0.4277120690132898
AR,630,1.1908206252655618
AR,631,-0.30041864262422735
AR,632,-0.8931308709875043
AR,633,0.0623096160361562
AR,634,0.3858800036854223
AR,635,-1.3007311115598155
AR,636,-1.252529813225608
AR,637,-4.285634270916839
AR,638,0.07785327108534223
AR,639,2.3393142205803596
AR,640,-1.7234301286918383
AR,641,-0.6561189354812211
AR,642,-2.2237769967323526
AR,643,4.319728715295152
AR,644,0.021691302067292452
AR,645,2.4865731554417825
AR,646,-0.3364796921734732
AR,647,-1.7840730780356713
AR,648,-2.0976274412748595
AR,649,1.0329410173704352
AR,650,-2.2301291943583412
AR,651,1.2883169364124825
AR,652,0.26524176412885037
AR,653,0.3453474588044202
AR,654,-0.21613868236554687
AR,655,0.09558769744673282
AR,656,-0.3521941147636144
AR,657,0.16696269666233443
AR,658,0.08765026260901963
AR,659,-1.0007403921479165
AR,660,-0.3011340417640005
AR,661,1.4007265566692892
AR,662,0.6614521848853593
AR,663,0.6408026230526467
AR,664,1.6148834651627346
AR,665,-0.8185569360560058
AR,666,-2.2028998691426245
AR,667,-0.9512324888790071
AR,668,2.3998543575394766
AR,669,0.2808192383016174
AR,670,0.6767483211385934
AR,671,-0.22197203885549427
AR,672,0.41767393060115904
AR,673,-0.25847072489003164
AR,674,-1.0874695485910737
AR,675,-0.026745710432481185
AR,676,0.08207753962988154
AR,677,1.279628809017761
AR,678,-0.47773945458839634
AR,679,2.461265576902078
AR,680,1.7368673589998131
AR,681,1.6984026140349724
AR,682,2.119871919585599
AR,683,0.8401371695663675
AR,684,-0.23736727294724946
AR,685,0.3606816028685646
AR,686,-0.5946155280429234
AR,687,-0.851639758276185
AR,688,4.151080398751072
AR,689,1.0887211760264015
AR,690,0.5859558835936647
AR,691,-0.31346499500807623
AR,692,1.3043664715370094
AR,693,2.900343772420643
AR,694,-0.9753184541444049
AR,695,0.22271773564343944
AR,696,-0.5353190819452106
AR,697,4.062415170577116
AR,698,-0.1377278669551612
AR,699,-1.379145751745039
AR,700,1.6971306189591382
AR,701,-0.6422381253803765
AR,702,0.12955791860606317
AR,703,-0.3731066868717062
AR,704,-1.664497293689933
AR,705,-0.6227680430852031
AR,706,0.6314203144644145
AR,707,1.9054238248719328
AR,708,-0.5110498650651043
AR,709,0.4154567053102274
AR,710,-0.09989721492696299
AR,711,-0.05087598947531771
AR,712,1.0441678843201292
AR,713,-1.4721664468277913
AR,714,-1.52509936172892
AR,715,-0.2420462101220388
AR,716,0.2462661741880466
AR,717,0.013753307390994486
AR,718,-1.6904115016846777
AR,719,-2.299405632901552
AR,720,0.862442343590516
AR,721,0.8071875357422956
AR,722,-1.3815906312506285
AR,723,-2.3314930724925382
AR,724,1.2024710161816594
AR,725,-2.324647571722862
AR,726,0.13841732709872137
AR,727,1.1871045899464654
AR,728,-0.16646696897616475
AR,729,-0.9545014706482872
AR,730,0.025518845180790097
AR,731,1.3738707065021083
AR,732,0.09115424935860562
AR,733,-4.420504194642982
AR,734,0.8551909689356897
AR,735,2.6555285988351436
AR,736,-0.7017946642571302
AR,737,1.5317510671587262
AR,738,0.8342706227302518
AR,739,-0.7413411859129555
AR,740,0.2178504353528765
AR,741,0.6711115471138935
AR,742,-0.36052720531509086
AR,743,-0.877902062597668
AR,744,2.328678768736791
AR,745,0.1683723561330896
AR,746,0.5189771647248131
AR,747,-0.043749019336992115
AR,748,2.0604067733616698
AR,749,0.2793909207957506
AR,750,-0.46375592603386495
AR,751,-0.9524888735283309
AR,752,1.4179163101429983
AR,753,-2.39050191902771
AR,754,0.5850033952741935
AR,755,-2.0826691705341154
AR,756,-0.19758842081698264
AR,757,0.4745802761464045
AR,758,0.07368392105799827
AR,759,0.5107498194239521
AR,760,-0.8363392229326905
AR,761,1.3771934039499187
AR,762,-2.805517084641014
AR,763,-0.8595488901340691
AR,764,0.10069655882750388
AR,765,-2.0960143108290703
AR,766,-2.09480822928979
AR,767,-3.3755420030213408
AR,768,0.1924909394021221
AR,769,-0.2272750226041621
AR,770,0.3394108253849517
AR,771,0.41292369149394936
AR,772,-0.524065000308211
AR,773,0.8779165020683087
AR,774,2.5873607814379525
AR,775,-3.1189349993970947
AR,776,0.518428644871609
AR,777,-0.610208875168363
AR,778,0.8212382017148993
AR,779,-0.21036538998186638
AR,780,1.5798791490875213
AR,781,-1.290446478102496
AR,782,1.8332425799507128
AR,783,1.0180186189755565
AR,784,0.2939733341647478
AR,785,0.74107446523701
AR,786,0.3079291968756793
AR,787,0.4424146396896406
AR,788,0.6581417709820453
AR,789,-0.05791898075163315
AR,790,-1.8568642198302567
AR,791,-1.454234123515527
AR,792,-1.0779150189964597
AR,793,1.7441952804626877
AR,794,1.9129752588414004
AR,795,-1.8666207494669067
AR,796,1.1209966433363587
AR,797,-0.25022717834431824
AR,798,0.18174426139709082
AR,799,0.083275749212204
AR,800,-1.3250043180540174
AR,801,-0.11426298771333165
AR,802,-1.5008307799265797
AR,803,0.5173363446440936
AR,804,-1.0776015471166334
AR,805,-1.306723307552865
AR,806,-1.9862329089503987
AR,807,0.6129984476736271
AR,808,-1.6888607178617057
AR,809,-3.201522150401857
AR,810,0.4721165276865871
AR,811,0.2259870519885383
AR,812,0.8426868546046675
AR,813,1.3536525070922645
AR,814,-1.544224904217343
AR,815,-1.6127234001196906
AR,816,0.2722585792995989
AR,817,-0.05975674949997821
AR,818,0.3541611786035327
AR,819,1.250793803182994
AR,820,-0.6371510707068677
AR,821,0.2044325040318884
AR,822,0.01640960670853272
AR,823,0.5347518864231231
AR,824,-0.8274309221684942
AR,825,-0.4223861339302185
AR,826,-0.10866106205857276
AR,827,0.34160478376113956
AR,828,0.028699795063547237
AR,829,-0.33608311139248204
AR,830,1.164851376191175
AR,831,-1.5276093544474811
AR,832,0.3333867307430119
AR,833,-0.2718966715264769
AR,834,-0.34892645118672805
AR,835,-1.2020561741678228
AR,836,-1.0951706151768579
AR,837,-2.7595425263225404
AR,838,-1.114518699768123
AR,839,-0.15818851016493565
AR,840,1.4991531358778947
AR,841,-0.14686078342648298
AR,842,2.312555637700755
AR,843,-1.2027946479419958
AR,844,-0.09166681010652393
AR,845,-6.051826393668871
AR,846,-13.726773218093646
AR,847,3.2380725141503754
AR,848,0.09139402226383558
AR,849,-0.42307500468981973
AR,850,-0.18106797101343008
AR,851,0.7654999718005122
AR,852,-2.1085951418577866
AR,853,0.917999285244409
AR,854,5.2509593887691475
AR,855,-1.854400186130213
AR,856,2.6144424804439
AR,857,-1.199260891224944
AR,858,-3.042813807289142
AR,859,0.8196589835927166
AR,860,1.1870967511374415
AR,861,-0.4355043283922917
AR,862,-0.26134313070943505
AR,863,0.03659862490574557
AR,864,-1.0160848872756336
AR,865,0.2768108032518447
AR,866,-0.5996685223230886
AR,867,-1.093029825568179
AR,868,-3.543872259614
AR,869,0.37885502499541646
AR,870,-2.1297160513065694
AR,871,3.1052873262646195
AR,872,-2.0678385008684814
AR,873,-0.8037868295582463
AR,874,1.4802294598155414
AR,875,-1.08466925640409
AR,876,1.2477487211236051
AR,877,-1.3961657586692822
AR,878,0.5321260982575744
AR,879,1.3021083572255359
AR,880,-2.646665862769886
AR,881,2.3321625685815257
AR,882,-0.8027295382994019
AR,883,-0.08181322494022145
AR,884,0.46545889747153285
AR,885,-4.634056186240463
AR,886,1.2772800529381887
AR,887,-1.0289022202489644
AR,888,0.42110933646785226
AR,889,0.2553850368709869
AR,890,0.9834560330702667
AR,891,-0.9436417817974149
AR,892,-0.9464788976902102
AR,893,-1.3071558870713247
AR,894,-8.338528086148125
AR,895,2.0389285524614422
AR,896,-1.7970211768386064
AR,897,-0.3711158616949696
AR,898,-5.8201311284364845
AR,899,-0.3518426968195328
AR,900,6.335715194620529
AR,901,-0.19802271930473475
AR,902,-1.3965676481168254
AR,903,2.0673052127112097
AR,904,-1.0742786508948146
AR,905,-3.657610131482004
AR,906,1.112714053830951
AR,907,1.1166931615309053
AR,908,0.2689376520225424
AR,909,3.894611112475559
AR,910,-1.291003342944895
AR,911,0.19549052331107858
AR,912,0.20188267973249052
AR,913,-3.440170730138838
AR,914,0.2590072767325154
AR,915,0.8015383933460037
AR,916,4.9379566546123135
AR,917,-0.36694710986030554
AR,918,-1.7169596100052296
AR,919,0.37776560855864855
AR,920,-0.9616501003658784
AR,921,-0.9040245857190959
AR,922,-0.672989426584784
AR,923,0.5179726068470734
AR,924,-1.1433797002262107
AR,925,0.9489015729499166
AR,926,-0.5638542768020134
AR,927,-1.013423859590602
AR,928,0.33910458174192043
AR,929,3.3499093178261643
AR,930,0.9453296409884888
AR,931,4.285770623665022
AR,932,0.24203479672114311
AR,933,1.765368593466464
AR,934,4.962794371456739
AR,935,0.6870308692093803
AR,936,-0.19058153636699057
AR,937,-0.6846699536147784
AR,938,-0.5804868319879509
AR,939,1.0158519440936664
AR,940,3.557815031952666
AR,941,1.3674813306627427
AR,942,0.4772241373838989
AR,943,-0.5264036072963945
AR,944,-1.9763582575487588
AR,945,-1.7789698201948314
AR,946,3.1358733771955074
AR,947,0.3161918920245266
AR,948,-3.4589525712106335
AR,949,-1.277787986603198
AR,950,2.853155713513058
AR,951,-0.5935048321935379
AR,952,-3.2104283818375454
AR,953,0.9161015476215617
AR,954,-6.187936421531407
AR,955,1.918833732399834
AR,956,-1.6750491470383504
AR,957,-0.4274556494446969
AR,958,5.399103371492391
AR,959,0.3575742425392907
AR,960,-5.888004240534046
AR,961,-0.473723406733801
AR,962,0.37667230349445824
AR,963,0.17094353922061098
AR,964,-0.19546262252971838
AR,965,-0.012105917881025247
AR,966,-0.20862019552641814
AR,967,-2.4592571539459382
AR,968,2.47007985988679
AR,969,-0.2178452667708131
AR,970,0.13422906839395396
AR,971,2.963517367098625
AR,972,-0.36245454361077006
AR,973,-2.1512204162913617
AR,974,-0.7235454364250795
AR,975,-1.7415815445718426
AR,976,-0.3008971441779935
AR,977,0.5342558489469752
AR,978,0.1356475458233195
AR,979,2.120938310463606
AR,980,0.10832376598503472
AR,981,1.3653525228010739
AR,982,2.039956492587178
AR,983,-0.7560716463644002
AR,984,0.61868254270155
AR,985,-0.6647399855810584
AR,986,-0.24497695935108205
AR,987,-0.07708260544512016
AR,988,0.7326634013341639
AR,989,-3.3481024116358924
AR,990,-0.20136884065296853
AR,991,-0.957516332798443
AR,992,0.1714100479884856
AR,993,0.4767011330786755
AR,994,-0.7470802854569352
AR,995,-0.8479044522082158
AR,996,-0.5578938919523628
AR,997,-3.0060946128335226
AR,998,-0.5581839030451933
AR,999,0.8514380479863896
AR,1000,-0.1292212849440078
AR,1001,-1.7865867007283676
AR,1002,-0.19908331450051658
AR,1003,-2.5064464042726025
AR,1004,0.4734375803445181
AR,1005,-0.4374119929757553
AR,1006,1.7663334365388665
AR,1007,-1.9558444986569743
AR,1008,-1.0962520698134044
AR,1009,0.3835047702962889
AR,1010,1.2958005646841961
AR,1011,-4.275932982348779
AR,1012,-0.20862398368543583
AR,1013,3.018541390435609
AR,1014,-1.593856748114011
AR,1015,0.39417474290037796
AR,1016,1.9155345312696712
AR,1017,2.595261723515025
AR,1018,-0.6372112548972696
AR,1019,-4.038527243142693
AR,1020,1.0011284350620469
AR,1021,1.5808650530338544
AR,1022,-0.5666588406635421
AR,1023,-0.9230112305009152
AR,1024,-2.6423655591296376
AR,1025,0.7914328434658688
AR,1026,0.357187285474726
AR,1027,0.2985594246123976
AR,1028,1.2642989455513562
AR,1029,1.3361838992130748
AR,1030,-2.5350657412223745
AR,1031,-0.5603937256013499
AR,1032,2.6681681225950054
AR,1033,1.0531219079865086
AR,1034,-0.3540857283976271
AR,1035,-1.5557167835794852
AR,1036,-1.5206317286347055
AR,1037,0.25487976613540864
AR,1038,2.8370226124958884
AR,1039,1.1481213960697836
AR,1040,-0.8379842567583455
AR,1041,-0.34596018921246807
AR,1042,-0.36434289242136453
AR,1043,0.8733606266372578
AR,1044,0.059802235311285784
AR,1045,-2.1343900944068603
AR,1046,-0.5323174634042913
AR,1047,1.2411383413271324
AR,1048,-0.6408984085290031
AR,1049,-1.1594943401060795
AR,1050,-0.5590715480508103
AR,1051,0.862759785579288
AR,1052,-3.0712665326595077
AR,1053,0.027508401502419247
AR,1054,0.8884564969644194
AR,1055,0.7180697276058998
AR,1056,1.94462953013015
AR,1057,0.3376251449488652
AR,1058,0.2560087721016707
AR,1059,0.18855711408246528
AR,1060,0.7308748093468034
AR,1061,0.008400123031441747
AR,1062,1.1760733566562498
AR,1063,4.545693245330397
AR,1064,1.5306741606855794
AR,1065,0.4059069017170866
AR,1066,-1.8912192717737497
AR,1067,1.3662682977102012
AR,1068,-0.06576368287197232
AR,1069,0.6861387697420259
AR,1070,-0.5578852500541693
AR,1071,-2.915265105651053
AR,1072,0.13945642011945208
AR,1073,-0.5175094456469452
AR,1074,1.235151882441649
AR,1075,-1.196116069471857
AR,1076,-0.10367044359830234
AR,1077,1.4368950746772895
AR,1078,-2.8283428849055805
AR,1079,-0.26760622604974516
AR,1080,0.189593746166195
AR,1081,2.063423685096769
AR,1082,-0.5293950565197209
AR,1083,0.9210910332368196
AR,1084,-1.103833411595034
AR,1085,-1.6270990144698003
AR,1086,-1.163028335773445
AR,1087,-1.4209121063480363
AR,1088,-0.09202334876181181
AR,1089,-1.8898430546481422
AR,1090,0.27138772197956423
AR,1091,-1.0022954648470466
AR,1092,-0.3438237553269863
AR,1093,0.44509941397943137
AR,1094,-0.2380151252576138
AR,1095,-0.10223129065070315
AR,1096,1.0879162707159356
AR,1097,-0.6966012778598806
AR,1098,0.3186546386955346
AR,1099,-0.2585012611287485
AR,1100,0.7683962571071145
AR,1101,-0.7942907736461334
AR,1102,0.7551977903111476
AR,1103,-0.43684023781251896
AR,1104,0.08907842819147976
AR,1105,-1.9000026712870473
AR,1106,0.2261415314538574
AR,1107,-0.09410844510936812
AR,1108,-1.060706931089161
AR,1109,-0.14938204659072335
AR,1110,0.146455045935062
AR,1111,1.0475131165474179
AR,1112,0.24112254767393373
AR,1113,-0.6957621038262102
AR,1114,-0.7118252153191218
AR,1115,-1.3591283580215459
AR,1116,-0.8597231936571132
AR,1117,2.2062199209798905
AR,1118,0.7124257804183004
AR,1119,-0.22179100570333174
AR,1120,-1.403155705700066
AR,1121,-0.6968116864325117
AR,1122,-0.11665200106228615
AR,1123,1.9214949225808107
AR,1124,-0.055845795381866806
AR,1125,1.1765679514189635
AR,1126,-1.4809167581045326
AR,1127,-0.7137451256919055
AR,1128,-0.03864955506543662
AR,1129,0.2480071707794064
AR,1130,-0.08733948803183318
AR,1131,0.4790209304283088
AR,1132,-0.35565595590571064
AR,1133,0.001799975656016424
AR,1134,-1.9956539875343529
AR,1135,-0.24408917407331093
AR,1136,0.07620255086834354
AR,1137,-1.2251205756085368
AR,1138,-0.296400666871828
AR,1139,0.30929466181731324
AR,1140,-0.0792190836067311
AR,1141,1.1721059151122888
AR,1142,-0.09644138502073357
AR,1143,0.14798679392465441
AR,1144,0.6475662344808746
AR,1145,-0.0349072051487171
AR,1146,1.6872466004507487
AR,1147,0.8265110799562523
AR,1148,-0.31966342815818777
AR,1149,0.3737079244568392
AR,1150,0.7394928767961934
AR,1151,4.431379445774647
AR,1152,0.1575467107952041
AR,1153,-0.05027786652213963
AR,1154,0.24750648858393814
AR,1155,0.4668654204882767
AR,1156,0.30938243601800075
AR,1157,-0.5221603872088506
AR,1158,0.08319854019719017
AR,1159,-0.00023294283006240583
AR,1160,0.5750911448574899
AR,1161,-0.12663781361574766
AR,1162,-0.0015226041782118033
AR,1163,-0.5148620108696912
AR,1164,-0.08191325401545856
AR,1165,0.39662614956176345
AR,1166,1.2627729969972996
AR,1167,0.078247368275288
AR,1168,-2.49497843820979
AR,1169,-1.1017537425935449
AR,1170,0.4475488322444526
AR,1171,1.7889525007492224
AR,1172,-1.4615525568881857
AR,1173,0.2446206557467855
AR,1174,0.12961857758044498
AR,1175,-0.21280341710842565
AR,1176,-2.6123520191877048
AR,1177,1.6447290364356566
AR,1178,-0.628255565186407
AR,1179,-0.14591934600347567
AR,1180,0.1644147689353692
AR,1181,-1.0900370089198066
AR,1182,-0.3018719706351502
AR,1183,-0.8463067938382905
AR,1184,-1.973150212543521
AR,1185,1.310202896131382
AR,1186,-0.36877626042216977
AR,1187,0.008740608184214516
AR,1188,0.16993794247115893
AR,1189,-0.5172672448583547
AR,1190,-0.5143992018817217
AR,1191,0.2913907722685275
AR,1192,-1.333452961368322
AR,1193,-0.013881626142731938
AR,1194,-0.9990468972772797
AR,1195,0.176473393076522
AR,1196,-0.18411065934920187
AR,1197,0.15620387559333473
AR,1198,-0.6491899388992364
AR,1199,0.00202503403998619
AR,1200,0.4731678684643026
AR,1201,0.17518825025872647
AR,1202,-0.1657583988522436
AR,1203,-9.77082595491792e-05
AR,1204,-1.6668729506745337
AR,1205,0.03903082558604826
AR,1206,-0.6696779785663838
AR,1207,0.7471249585394703
AR,1208,-0.929551368700049
AR,1209,0.12873194561416787
AR,1210,-0.48603565954088684
AR,1211,-1.451857155986309
AR,1212,-0.269330989616327
AR,1213,0.12891966457566073
AR,1214,0.1439468390787731
AR,1215,-0.9646696079717009
AR,1216,-0.06996402841969349
AR,1217,-3.4457527786207516
AR,1218,-0.9016215729176835
AR,1219,0.3698011860946244
AR,1220,-0.6224387170459512
AR,1221,-1.01793344965912
AR,1222,0.6127021265215217
AR,1223,-0.8028239145458284
AR,1224,-3.0972615169433895
AR,1225,1.2182732891998835
AR,1226,-0.3497192819705057
AR,1227,-1.81871417197844
AR,1228,3.0294390584353783
AR,1229,-0.8738545484286464
AR,1230,0.9661618041548979
AR,1231,-0.007227589067282863
AR,1232,-0.1497570603375182
AR,1233,0.7190987074361938
AR,1234,-0.6110387787030843
AR,1235,0.41060731746830265
AR,1236,-0.4406107381953851
AR,1237,-0.6545012892236755
AR,1238,0.8685974640979491
AR,1239,0.38985680918838184
AR,1240,-2.089630608038669
AR,1241,0.1615842729397274
AR,1242,0.07754305183833737
AR,1243,-0.47158697785971215
AR,1244,0.46251535438700897
AR,1245,-0.5895275937091481
AR,1246,-3.5803598650364923
AR,1247,-2.1606335371841845
AR,1248,-0.0012182124640677389
AR,1249,-0.7839019228018882
AR,1250,-4.473379852453048
AR,1251,0.5661937398923987
AR,1252,2.182961151202708
AR,1253,-0.9675247156842098
AR,1254,0.5925560295770319
AR,1255,-0.15863416246539877
AR,1256,-0.2713975773307981
AR,1257,4.060724143884603
AR,1258,-1.0417039210045362
AR,1259,0.14636949366883079
AR,1260,-0.2939124397261652
AR,1261,0.7530847398114354
AR,1262,1.1358303044209845
AR,1263,-0.01022129518518914
AR,1264,1.151671637369172
AR,1265,-0.99535533923669
AR,1266,-1.799420710198988
AR,1267,-4.287431650439936
AR,1268,5.621170273374934
AR,1269,0.0666934250957705
AR,1270,-0.45222441063066743
AR,1271,0.28430422842960956
AR,1272,-1.0367210876703454
AR,1273,0.3852819954754929
AR,1274,4.233113894361998
AR,1275,-0.12747403915276256
AR,1276,-0.09149807923053022
AR,1277,-0.3293880649588314
AR,1278,-5.03911264790404
AR,1279,-2.605609990043268
AR,1280,0.09123582595888322
AR,1281,0.6587937888401966
AR,1282,1.0588449701809484
AR,1283,-2.336033383059421
AR,1284,0.5198789034188144
AR,1285,0.06294557844771641
AR,1286,1.659615349570895
AR,1287,-1.5256434144833881
AR,1288,3.0309751842241757
AR,1289,-3.857948278795486
AR,1290,0.5825759170508791
AR,1291,2.6428360538361733
AR,1292,1.9711764350231644
AR,1293,-0.1475659928218135
AR,1294,-1.0641106137492076
AR,1295,0.6032660807627132
AR,1296,0.6697748124033237
AR,1297,2.734806453347724
AR,1298,-1.4363890793731888
AR,1299,0.6196217310518686
AR,1300,4.40163826772328
AR,1301,-0.22577851730326476
AR,1302,1.563027024079297
AR,1303,0.732241394216526
AR,1304,0.981469505659207
AR,1305,-0.041229142272141445
AR,1306,-2.265164834427465
AR,1307,0.782938004277391
AR,1308,-0.391520663040878
AR,1309,-6.045951591286236
AR,1310,1.8933711315608257
AR,1311,-0.05473718571550382
AR,1312,0.29126829295236484
AR,1313,0.40854125588432066
AR,1314,-0.7744369088506425
AR,1315,-2.976888115768648
AR,1316,1.518723455943723
AR,1317,-0.48323284474696204
AR,1318,-0.7024934021657776
AR,1319,0.24620887009466647
AR,1320,2.4994637881423256
AR,1321,0.015941863328106348
AR,1322,-4.754078352487338
AR,1323,-0.04774981413079968
AR,1324,-0.6247671309085091
AR,1325,-0.9726715664984622
AR,1326,0.5200047310134841
AR,1327,-0.14309979840264672
AR,1328,1.4972129654743782
AR,1329,-0.03051590422856714
AR,1330,0.03587759401195777
AR,1331,-1.1677405600148407
AR,1332,-0.637061107810415
AR,1333,-0.25542727335958704
AR,1334,-0.2546574706437027
AR,1335,-2.0904378800958967
AR,1336,-0.7685860361243871
AR,1337,-0.6688742740754128
AR,1338,-0.8328800857001555
AR,1339,0.46952884263904265
AR,1340,0.2345065468825518
AR,1341,0.005203497340106944
AR,1342,-0.4828917377125138
AR,1343,2.199793170865792
AR,1344,1.4834914000504922
AR,1345,3.5077098375586964
AR,1346,1.5172181986388074
AR,1347,-0.3103177500132374
AR,1348,-0.030160239972441633
AR,1349,0.6631133868260279
AR,1350,-0.8865780143939903
AR,1351,-1.49920658936964
AR,1352,-0.2840957252287581
AR,1353,1.8174680797338953
AR,1354,-1.1264492971130886
AR,1355,1.1946600389103386
AR,1356,-0.8463780149127222
AR,1357,-1.9012509307930867
AR,1358,-2.2034289411530623
AR,1359,1.9906229698184834
AR,1360,-1.3698479775321506
AR,1361,-0.9190456022284165
AR,1362,1.2417262074257571
AR,1363,-0.24551104672804397
AR,1364,-0.2964994249496908
AR,1365,-1.8378984909689702
AR,1366,0.30216839639784837
AR,1367,-1.3349071931629244
AR,1368,0.45320840389614003
AR,1369,-0.9416419313626594
AR,1370,4.113701759290772
AR,1371,1.3538851547333965
AR,1372,-0.6011471796068507
AR,1373,-2.5820560791845444
AR,1374,0.08524517375007071
AR,1375,1.6333606255083066
AR,1376,0.8271008940948797
AR,1377,-0.2677886226650623
AR,1378,-1.2710194621282267
AR,1379,0.9050738500373845
AR,1380,-0.8963840181205707
AR,1381,1.1870885629614742
AR,1382,3.4040694166804686
AR,1383,1.9107265811067877
AR,1384,0.26478872274185516
AR,1385,0.9136224728756771
AR,1386,-3.5026320207181474
AR,1387,0.12482274162932211
AR,1388,0.2442479163060985
AR,1389,-0.47968208540683444
AR,1390,0.3195765855011579
AR,1391,-2.2919897219877376
AR,1392,-0.44363581607942204
AR,1393,0.07313268655402867
AR,1394,0.13027722404412928
AR,1395,0.15719336599411493
AR,1396,0.044861175670527845
AR,1397,-1.5495558918600247
AR,1398,-2.436426032868364
AR,1399,-0.1491857996147583
AR,1400,-0.7269031181087295
AR,1401,-0.11297896534718076
AR,1402,0.5004038776215423
AR,1403,0.03009388895510455
AR,1404,-0.6352453193888785
AR,1405,0.733082422214416
AR,1406,-0.4008327755200505
AR,1407,0.6260364022505678
AR,1408,0.16809006137683835
AR,1409,-0.30624227449575175
AR,1410,0.34523695074955785
AR,1411,-2.0851518104213183
AR,1412,0.22593784815226045
AR,1413,-0.18328402477478817
AR,1414,-0.41731073661553575
AR,1415,-0.28490900790474405
AR,1416,-0.26614593905870154
AR,1417,-0.9491567869455306
AR,1418,0.7159999432254236
AR,1419,0.023094945479196136
AR,1420,0.27757985789661804
AR,1421,-4.437370251237692
AR,1422,0.39843613129645594
AR,1423,1.9303403161387906
AR,1424,0.914097013435531
AR,1425,-0.4762097957062287
AR,1426,-0.9278114289071884
AR,1427,-1.7826903410116173
AR,1428,-0.6107830315771766
AR,1429,-0.7673423318514522
AR,1430,-1.4486510847246516
AR,1431,1.0666518311080782
AR,1432,-0.19952281893830875
AR,1433,-1.0288128667140877
AR,1434,-0.0033096085992947687
AR,1435,-0.8272996091209407
AR,1436,0.8255171274724092
AR,1437,0.8921237490893446
AR,1438,-0.495695343313421
AR,1439,-0.1652839787296035
AR,1440,-1.469139275732502
AR,1441,0.48862614499876383
AR,1442,0.025004852318072715
AR,1443,0.3033070196736226
AR,1444,0.8062247199937121
AR,1445,3.014381566768175
AR,1446,0.7356225838351366
AR,1447,1.0138389249303934
AR,1448,-0.7375275773935454
AR,1449,-1.2865727404479843
AR,1450,0.6043899557384123
AR,1451,-2.9226435180594246
AR,1452,2.8100800876965137
AR,1453,1.6520831006511105
AR,1454,-1.983152325071046
AR,1455,-3.2145175757299342
AR,1456,-0.6044305252234569
AR,1457,-3.9427065297809034
AR,1458,2.6038553124654795
AR,1459,0.6074184741766664
AR,1460,0.10157549832096785
AR,1461,-0.15371879976874614
AR,1462,0.43321010686263717
AR,1463,0.2568387743759465
AR,1464,-0.9370463431162022
AR,1465,-0.6788757898881157
AR,1466,2.052690689213174
AR,1467,-1.3023373577931503
AR,1468,0.5940888965065012
AR,1469,-0.5205110945488464
AR,1470,-1.43925455536404
AR,1471,-0.06306116795142835
AR,1472,3.4777217327653664
AR,1473,1.3154921615021895
AR,1474,0.049951151463072385
AR,1475,0.1677917816658896
AR,1476,-2.891253510772324
AR,1477,0.1280583623875317
AR,1478,2.4583122591188133
AR,1479,-0.4929888524603748
AR,1480,-3.3977148452628727
AR,1481,0.3164088969127309
AR,1482,-0.6284063238834571
AR,1483,-0.42030074697576736
AR,1484,5.107161111148201
AR,1485,2.5728632742787654
AR,1486,1.2967361737890486
AR,1487,0.9557266052883276
AR,1488,-2.3186654099480446
AR,1489,0.8045431983229026
AR,1490,0.039606936346457254
AR,1491,0.48168075700967705
AR,1492,1.4076938496783038
AR,1493,-0.31032474034671303
AR,1494,-0.5619274772951189
AR,1495,-1.1304899952641003
AR,1496,0.3871564116685715
AR,1497,-1.2929587666075297
AR,1498,0.8416129145914766
AR,1499,0.0653272607725341
AR,1500,-0.07499920032164131
AR,1501,0.040795214675681896
AR,1502,0.5965011957441261
AR,1503,-2.1022280080515765
AR,1504,-0.5678215455708238
AR,1505,-0.8619678698158271
AR,1506,-0.946013751755761
AR,1507,-1.1223043254018708
AR,1508,-0.8033229077889735
AR,1509,-1.5493965669870264
AR,1510,-1.372244558259645
AR,1511,-0.8805281233816646
AR,1512,-0.733496882416762
AR,1513,-0.12089793324273754
AR,1514,-0.5394963323385799
AR,1515,0.06511116297613129
AR,1516,-0.2297238813701892
AR,1517,-0.26466186641114486
AR,1518,0.6241176885205277
AR,1519,-0.8781229296439044
AR,1520,-0.1868352722982234
AR,1521,0.4330411518059294
AR,1522,-0.04981716158357403
AR,1523,0.5155984184795833
AR,1524,-1.3000418365558373
AR,1525,-0.16737689191425886
AR,1526,0.8342093982329111
AR,1527,-1.3104316726333216
AR,1528,0.5945294074878321
AR,1529,3.080090819861168
AR,1530,-1.9696799402428997
AR,1531,-0.7980491833514411
AR,1532,-0.0011133645230930883
AR,1533,-0.3174617795863876
AR,1534,-1.3217665654249382
AR,1535,-1.962897461957903
AR,1536,0.6767813008097391
AR,1537,2.865774396339704
AR,1538,-3.2583592232919765
AR,1539,2.5825401573314832
AR,1540,1.12988777299387
AR,1541,-0.10803729738510782
AR,1542,0.4084120960480556
AR,1543,0.3976340823791253
AR,1544,-3.159125471757192
AR,1545,0.152889598679356
AR,1546,-0.45750960019051856
AR,1547,-0.41424451617025154
AR,1548,0.18726069543821502
AR,1549,0.830991860372519
AR,1550,0.09243193881138437
AR,1551,2.0628427356399315
AR,1552,-2.521687461862983
AR,1553,-0.7869240693497064
AR,1554,-0.5039205671775666
AR,1555,2.7184233029211047
AR,1556,-2.372007954344149
AR,1557,0.2631455232810028
AR,1558,0.463358288321624
AR,1559,0.5314904527378165
AR,1560,0.7363316146298009
AR,1561,-0.33538405483666833
AR,1562,-0.47055171198948087
AR,1563,1.3348634366251757
AR,1564,1.8435752301042474
AR,1565,-0.22948284792245202
AR,1566,-1.7430009346924364
AR,1567,0.22304475891525302
AR,1568,0.57244779676776
AR,1569,-0.3616520847578467
AR,1570,2.5275989007901143
AR,1571,1.1778463172416824
AR,1572,0.8816491539198307
AR,1573,2.0001867930628743
AR,1574,-0.5527973269143174
AR,1575,0.08658852666651383
AR,1576,3.1022837249435575
AR,1577,-0.19989862146622733
AR,1578,-2.6721008217004876
AR,1579,-0.7063876362107993
AR,1580,0.44187952005439546
AR,1581,0.7581240098344991
AR,1582,-0.2784740657160881
AR,1583,-1.2920949023953419
AR,1584,0.7190001783839701
AR,1585,-0.3984323629367574
AR,1586,-0.5423970159686352
AR,1587,-2.8673136429175883
AR,1588,1.1522696050693861
AR,1589,-0.5037512190010773
AR,1590,0.7762187251864306
AR,1591,1.7801678792904985
AR,1592,1.676725711977189
AR,1593,0.9056735457899318
AR,1594,-1.9734424657130032
AR,1595,-0.21546661855130117
AR,1596,1.8658201172790867
AR,1597,-0.8566330061589719
AR,1598,-0.9235502163952778
AR,1599,-0.4275360104408393
AR,1600,2.0530966776655157
AR,1601,2.0437507761631912
AR,1602,-0.8745667487666633
AR,1603,0.13046282954805186
AR,1604,0.29916322048769894
AR,1605,-3.932953611963708
AR,1606,-0.4592358047967996
AR,1607,0.3525579062233609
AR,1608,0.5173453910799495
AR,1609,-0.8365072936939586
AR,1610,1.3970538398666688
AR,1611,-2.4407238627527015
AR,1612,-1.0239660217204563
AR,1613,1.4939218219077444
AR,1614,-0.5122131735454039
AR,1615,0.9581428290966653
AR,1616,0.8889839283348696
AR,1617,3.4714282006312414
AR,1618,1.618078161950268
AR,1619,0.029143958860482766
AR,1620,-0.4079512898323842
AR,1621,0.48252027030195505
AR,1622,-0.20849319207901315
AR,1623,4.355644070636857
AR,1624,0.0552460990898742
AR,1625,0.07127025482217689
AR,1626,-0.21628236903073914
AR,1627,0.20063799380449981
AR,1628,0.9125831415362221
AR,1629,0.4142572041811511
AR,1630,1.7784030972017482
AR,1631,1.4185955893465243
AR,1632,-1.6206600955898018
AR,1633,-0.7798202233104551
AR,1634,-0.17647994822111002
AR,1635,-0.2148514125763396
AR,1636,0.6559388516219902
AR,1637,-2.586692757182986
AR,1638,0.4389462411077828
AR,1639,1.8427598344520095
AR,1640,-2.7130863167732464
AR,1641,0.7101545859264495
AR,1642,0.2941871548169259
AR,1643,0.5494882419885845
AR,1644,-2.0257287295808135
AR,1645,-2.482737531073648
AR,1646,0.17960504884478604
AR,1647,-0.7769190813488358
AR,1648,-1.0404238976490339
AR,1649,0.4020425541106006
AR,1650,0.19735329547707242
AR,1651,-0.9193020533493427
AR,1652,-1.236379436413968
AR,1653,0.0391242402076831
AR,1654,-0.25811090558243466
AR,1655,0.32925650294805175
AR,1656,2.377544547346595
AR,1657,0.29559378354634747
AR,1658,-0.6488832648774963
AR,1659,3.9440817246885755
AR,1660,1.493816261896084
AR,1661,-0.01070504912664444
AR,1662,0.6480791151098195
AR,1663,-0.3675486946690397
AR,1664,0.6985442267846856
AR,1665,-2.009083935585848
AR,1666,1.6069556769762092
AR,1667,0.24886332960204982
AR,1668,-1.3151669393751575
AR,1669,-0.12133523886458683
AR,1670,0.12330635175044595
AR,1671,2.6228005962265417
AR,1672,-0.1611818941408722
AR,1673,0.11774307909583037
AR,1674,2.83132643760141
AR,1675,2.20325008378483
AR,1676,5.123808740940177
AR,1677,2.982867503408717
AR,1678,-2.4236431016934166
AR,1679,0.46861723554863793
AR,1680,-1.4941846576604954
AR,1681,2.5897813849663964
AR,1682,0.39717583208644475
AR,1683,-0.7266667026763085
AR,1684,0.8847934483518096
AR,1685,-0.26390027296273655
AR,1686,-1.1029936059757517
AR,1687,-0.15253609274550914
AR,1688,-0.8039424828373967
AR,1689,-2.4747624259317664
AR,1690,1.7236430251944117
AR,1691,-0.5202254552719998
AR,1692,-0.5801106760144796
AR,1693,0.4313530022288569
AR,1694,3.6204979714061882
AR,1695,-1.0698352292163371
AR,1696,0.8605222542655495
AR,1697,0.42406026624197174
AR,1698,0.6561313363491106
AR,1699,-1.0377755873087326
AR,1700,-0.25947085046386553
AR,1701,-3.186444228619997
AR,1702,0.1447678983082318
AR,1703,0.6659358418476334
AR,1704,1.3636951976894274
AR,1705,-0.9590326528907797
AR,1706,-1.3681497830352665
AR,1707,0.5949557449319891
AR,1708,-0.12416137156751564
AR,1709,-0.6214264584348128
AR,1710,0.28848624789830407
AR,1711,-2.2212207110049658
AR,1712,-2.155740470810376
AR,1713,-0.4357930308265467
AR,1714,-1.4301197663958738
AR,1715,-0.0390656843200781
AR,1716,0.5415621096852535
AR,1717,1.1173505806017148
AR,1718,-1.4303603478824964
AR,1719,0.15265106050748725
AR,1720,1.3001605534931595
AR,1721,2.596284550870949
AR,1722,0.47288512518961107
AR,1723,2.631411357625299
AR,1724,-1.0933640585601785
AR,1725,-1.20931433868908
AR,1726,-2.69345452234008
AR,1727,0.17076443818440606
AR,1728,-1.2837668712067971
AR,1729,0.46950148348361265
AR,1730,0.16160122651941078
AR,1731,-1.110752376226323
AR,1732,1.811768209732539
AR,1733,0.7632682213317391
AR,1734,2.6782030064286504
AR,1735,0.11818540079861867
AR,1736,-1.1161140176281905
AR,1737,-1.2336933635169494
AR,1738,-1.475509741112467
AR,1739,0.20672434087449115
AR,1740,-0.4554857179049678
AR,1741,0.3549166029364367
AR,1742,-1.890890475623036
AR,1743,-5.576814899278683
AR,1744,-0.3090892760787692
AR,1745,-2.2281923387975215
AR,1746,0.8496847603950984
AR,1747,0.8766143082819193
AR,1748,-1.151499282792353
AR,1749,0.10836622305635306
AR,1750,0.12300178791931987
AR,1751,-0.33687700652305524
AR,1752,0.08397645069368809
AR,1753,0.8602180377881155
AR,1754,0.26411848905638013
AR,1755,-0.7972498622836458
AR,1756,-0.07940379182833296
AR,1757,0.278987535417901
AR,1758,1.2566225821220223
AR,1759,-1.1254449575513885
AR,1760,-0.06147565740403757
AR,1761,0.8129929416101346
AR,1762,0.6197864983475182
AR,1763,2.64036480675162
AR,1764,0.6913653613663608
AR,1765,-0.9772810009976921
AR,1766,0.26120209558662044
AR,1767,-1.2564788806515943
AR,1768,1.000857877754072
AR,1769,0.5954027940292477
AR,1770,0.603273993321729
AR,1771,-6.924573808185362
AR,1772,-2.5433025266792586
AR,1773,1.1146922320184374
AR,1774,-0.6709041375698781
AR,1775,-1.928218523812421
AR,1776,-0.585865031533257
AR,1777,0.14058293312017536
AR,1778,0.26174098922100186
AR,1779,-1.6819646113075382
AR,1780,-0.2678895418032823
AR,1781,1.1790776646843382
AR,1782,0.4862994748374472
AR,1783,-0.07412637688749206
AR,1784,-0.6366786926919901
AR,1785,0.07183470236791593
AR,1786,0.978484294805168
AR,1787,0.3367702730005515
AR,1788,-0.15308440703622828
AR,1789,2.2151041901760977
AR,1790,-0.5730466245487916
AR,1791,-1.0968440338417045
AR,1792,1.318708235982455
AR,1793,-0.9630340815719729
AR,1794,-0.5475549589658536
AR,1795,-5.287471933994544
AR,1796,0.8320145529506908
AR,1797,-0.7106906539713327
AR,1798,0.7040139118812737
AR,1799,-1.0040823084904746
AR,1800,-0.9705814790036084
AR,1801,-0.3955399721499586
AR,1802,1.5002275504405673
AR,1803,0.20390780212320272
AR,1804,0.9105023644570569
AR,1805,-1.3991388624867782
AR,1806,2.0832298283402078
AR,1807,0.7769211610954911
AR,1808,0.910670340250828
AR,1809,-0.7023411257357939
AR,1810,0.4387428537772155
AR,1811,1.3755629882786484
AR,1812,-0.4259708790853718
AR,1813,0.23592441153519622
AR,1814,0.1721735412891407
AR,1815,-0.046932320915960855
AR,1816,2.2603233623572825
AR,1817,-0.8104513904870919
AR,1818,-0.3849619272812725
AR,1819,0.37472104185392824
AR,1820,0.9539305458323941
AR,1821,-0.9288983640718234
AR,1822,-0.6431605759361919
AR,1823,-1.1623484284753025
AR,1824,1.989290303236336
AR,1825,-0.14132399948122099
AR,1826,2.4331009152030503
AR,1827,-0.14111345261717553
AR,1828,-0.506406329273647
AR,1829,0.06535285574533567
AR,1830,1.3979081319139195
AR,1831,-0.16531212526002004
AR,1832,0.3229021665708031
AR,1833,-0.7337119331355177
AR,1834,1.5776708933157755
AR,1835,-0.6616291628791457
AR,1836,0.6694890242600525
AR,1837,0.11176427891195248
AR,1838,0.6572329924088601
AR,1839,-0.5860907360415525
AR,1840,0.2864670779403058
AR,1841,-0.5505902239695071
AR,1842,0.2565236660709858
AR,1843,0.8882860506512564
AR,1844,0.8193968605243034
AR,1845,-0.5052798238256467
AR,1846,0.1826399932261308
AR,1847,0.5892044168258703
AR,1848,-3.529975551989227
AR,1849,0.8073694119531363
AR,1850,-0.7868727655631329
AR,1851,-1.6423675142012493
AR,1852,-1.593172183052831
AR,1853,-1.5613615323017633
AR,1854,0.42251942933290493
AR,1855,-0.30445250251281614
AR,1856,-0.5928872625202024
AR,1857,2.3857061111214115
AR,1858,0.18761558758259772
AR,1859,0.23427939316104024
AR,1860,0.16127909193890033
AR,1861,0.6824963960176047
AR,1862,-0.13346206002186267
AR,1863,0.17791572100157169
AR,1864,1.0530105603184485
AR,1865,1.7898855012178039
AR,1866,0.44528978246497675
AR,1867,0.17012086637649754
AR,1868,-0.6858730793465992
AR,1869,0.4695401998053968
AR,1870,0.26005968056173073
AR,1871,0.32509307909143914
AR,1872,-0.1463521004528584
AR,1873,-0.31189388688760983
AR,1874,-1.455171508824999
AR,1875,-0.28951667720125296
AR,1876,2.104189283431352
AR,1877,0.6983517167885656
AR,1878,0.2741521107486403
AR,1879,-0.6258130157458575
AR,1880,-0.7215369000372909
AR,1881,-0.7844451970746789
AR,1882,-0.7300678496388554
AR,1883,-0.3916138733927264
AR,1884,-0.1369920670120297
AR,1885,-1.9422142247287946
AR,1886,-0.527385761851036
AR,1887,-1.3525461336454023
AR,1888,-0.2600516529684544
AR,1889,-2.225961975180683
AR,1890,-0.07172087997799802
AR,1891,-2.138932548018822
AR,1892,-0.952493321508549
AR,1893,0.2234157007483775
AR,1894,-0.8326710755599257
AR,1895,-0.2880515457245907
AR,1896,0.11972312678640815
AR,1897,0.7473551122267053
AR,1898,0.6460814106166509
AR,1899,1.0223110303162473
AR,1900,1.2617553037623637
AR,1901,0.2289785457265337
AR,1902,-1.9708574362550515
AR,1903,1.6103279282224479
AR,1904,1.9023136796011546
AR,1905,-0.7735706606087329
AR,1906,0.9315561997682549
AR,1907,-0.34682369718516964
AR,1908,0.919333674559794
AR,1909,0.441918142251846
AR,1910,-0.1845223181547132
AR,1911,-0.37690745725159663
AR,1912,-0.25013929322596334
AR,1913,1.2997398307193475
AR,1914,0.1286440020596508
AR,1915,0.7754472007785572
AR,1916,-0.6510966542884546
AR,1917,-0.9617427458823322
AR,1918,-1.2052136181806417
AR,1919,-1.5219162197592475
AR,1920,-0.7030851644031594
AR,1921,0.418464325226012
AR,1922,-0.9848492034834548
AR,1923,-0.4025701515125105
AR,1924,-1.1394543880454702
AR,1925,-0.32583180087235025
AR,1926,0.24267307207320177
AR,1927,0.262479131558834
AR,1928,0.8564645290004156
AR,1929,-0.5866909834785223
AR,1930,0.31146804306721787
AR,1931,0.7689442595951936
AR,1932,-1.073963014441815
AR,1933,-0.10021951788325659
AR,1934,-2.798238754778429
AR,1935,-0.5122924956371191
AR,1936,0.11650760192554449
AR,1937,-0.24078471342818752
AR,1938,-3.1368354727969523
AR,1939,0.6606094876645748
AR,1940,1.1762682524567305
AR,1941,0.3386992440272644
AR,1942,-1.404393618901254
AR,1943,1.5775491854502348
AR,1944,0.9673145002161629
AR,1945,0.962513431569429
AR,1946,-0.163624505688268
AR,1947,0.3798390742511588
AR,1948,0.8949108242814043
AR,1949,-0.054733725117044225
AR,1950,-0.007576071146942996
AR,1951,0.839570230356463
AR,1952,-0.4027396932661884
AR,1953,0.8477069221725649
AR,1954,0.5800231394647172
AR,1955,-0.787210704924682
AR,1956,-0.7967249580213891
AR,1957,0.47061243654619084
AR,1958,-2.3305503568120165
AR,1959,0.02838682856676477
AR,1960,1.018516994056905
AR,1961,2.924281625286829
AR,1962,0.906297395993036
AR,1963,-0.1165919544605672
AR,1964,-0.2766837235356743
AR,1965,-2.6479907788357746
AR,1966,2.930772490183091
AR,1967,-0.49868766800938846
AR,1968,-0.14660167810380478
AR,1969,-0.09647012918884915
AR,1970,-0.18725553305310688
AR,1971,0.583143190691317
AR,1972,-0.7303415333731526
AR,1973,0.3078367032195905
AR,1974,2.3132578293559773
AR,1975,-0.303256024541736
AR,1976,0.1366444597493569
AR,1977,0.80215407997872
AR,1978,0.6874769516424452
AR,1979,1.03563299357116
AR,1980,-0.15148456608346816
AR,1981,-0.1317334165073405
AR,1982,1.397009051478375
AR,1983,-0.6947877500794232
AR,1984,-1.2407242178833284
AR,1985,0.616097192962203
AR,1986,-0.7234678231414824
AR,1987,-0.0014037098488119265
AR,1988,-1.0207784919283707
AR,1989,-2.2723662949740664
AR,1990,0.5849553538595409
AR,1991,-0.7238717703148383
AR,1992,-1.4171411620585268
AR,1993,0.18685812997353865
AR,1994,1.1666150644299962
AR,1995,-2.2416668117314518
AR,1996,-0.3553444434058623
AR,1997,0.7186795046242332
AR,1998,-1.3691536238385567
AR,1999,-0.4637919864767915
AR,2000,0.30216841025209473
AR,2001,-0.3823985628655993
AR,2002,0.06024557402927632
AR,2003,1.137010622578824
AR,2004,1.01588064005732
AR,2005,0.7878090152290754
AR,2006,0.27013816470092045
AR,2007,0.400888840417144
AR,2008,0.8312011965372922
AR,2009,-1.0309285435159565
AR,2010,-1.2094501800012478
AR,2011,-0.21577126056761173
AR,2012,1.5106514105801037
AR,2013,-1.2796171205879818
AR,2014,0.10844074484985795
AR,2015,-0.7425770895332067
AR,2016,-0.04539811065730111
AR,2017,-0.7775729295406858
AR,2018,0.20342202804677847
AR,2019,-0.062058593469077064
AR,2020,-0.832131842273083
AR,2021,2.538555652114624
AR,2022,-0.16860267721177477
AR,2023,-1.7081790905778786
AR,2024,2.13751099044958
AR,2025,-1.5887729542958193
AR,2026,0.48954120176792393
AR,2027,-0.19895374705972846
AR,2028,-0.657181916724373
AR,2029,0.8720084721216601
AR,2030,-0.14354655124172225
AR,2031,-0.24050273689269025
AR,2032,0.3956268856161537
AR,2033,1.2397180888323511
AR,2034,-2.245504727656465
AR,2035,0.28206660439465714
AR,2036,1.1064119599664088
AR,2037,-0.38937232475753647
AR,2038,-0.36617535805829743
AR,2039,0.04084545741629793
AR,2040,-1.1328439994652684
AR,2041,-1.99959987167052
AR,2042,-0.5741843212795469
AR,2043,0.1329131723169394
AR,2044,-0.8157652650144909
AR,2045,-1.447688420476179
AR,2046,-0.8610668034035627
AR,2047,-1.5039650107825027
AR,2048,0.8102641826362219
AR,2049,-0.8874958359637364
AR,2050,0.0953221820787839
AR,2051,2.152761878056643
AR,2052,-1.2102370818913626
AR,2053,0.8886630162070311
AR,2054,0.6347475345403492
AR,2055,-0.14287164099419045
AR,2056,0.2231478555311869
AR,2057,-0.37434474561559833
AR,2058,1.2354718672487819
AR,2059,1.30130870337378
AR,2060,0.7257714046298269
AR,2061,0.9809555918930946
AR,2062,0.495572440321884
AR,2063,1.2786490837352817
AR,2064,-0.34450237906703207
AR,2065,0.4687429069215439
AR,2066,-0.0691134012107672
AR,2067,-0.4989785682648928
AR,2068,-0.9865393124783813
AR,2069,0.0016894661930681731
AR,2070,0.13776049041548857
AR,2071,1.4603574298885096
AR,2072,0.5099647737274344
AR,2073,-0.9883559082261503
AR,2074,-1.1604905769336522
AR,2075,-0.28149531633482566
AR,2076,0.45176366283880426
AR,2077,-0.10701665175808961
AR,2078,0.15700059119744822
AR,2079,2.90950655829476
AR,2080,-1.5183551313091836
AR,2081,0.49230783168407555
AR,2082,-1.3744130064853604
AR,2083,-0.24664400654227936
AR,2084,1.237448638361987
AR,2085,-0.7042234322279656
AR,2086,-3.842762921440738
AR,2087,0.8976658289337287
AR,2088,-0.5072271497383035
AR,2089,-1.68733007387635
AR,2090,0.24303573227570355
AR,2091,-0.5692648019641605
AR,2092,1.3337103106362722
AR,2093,0.1435570448583269
AR,2094,1.6112248426570048
AR,2095,-0.020460830491031243
AR,2096,-1.0955851437238942
AR,2097,-0.15045606329710218
AR,2098,-1.292706923415028
AR,2099,0.287489141894694
AR,2100,0.6922970138506257
AR,2101,-0.6074518370278149
AR,2102,0.7706376026916184
AR,2103,-1.4503053792255314
AR,2104,-0.13096358650718554
AR,2105,0.38937491708356475
AR,2106,0.21518718473681486
AR,2107,-0.5408668783740556
AR,2108,1.9099454928056956
AR,2109,-1.6205393396887897
AR,2110,-0.04931706858589156
AR,2111,0.5833536636579996
AR,2112,-0.3391865011931614
AR,2113,0.2962873242850051
AR,2114,-0.32157041579595985
AR,2115,-0.8920437608827558
AR,2116,-0.49908083168094786
AR,2117,-0.027574543913284195
AR,2118,-0.8061328687600768
AR,2119,2.2584406787589066
AR,2120,-1.1539484823008554
AR,2121,0.9338875281429336
AR,2122,0.8923436357021248
AR,2123,-1.126004313988143
AR,2124,-1.4779082200748952
AR,2125,0.4219753284087766
AR,2126,1.4434310901998855
AR,2127,-1.166520085834673
AR,2128,-0.663371814960831
AR,2129,0.5136513313422706
AR,2130,-0.21605416648639497
AR,2131,0.7145626838953962
AR,2132,0.4380899695926574
AR,2133,0.5464117084126617
AR,2134,-1.2724717185659145
AR,2135,0.995204063886238
AR,2136,0.1941997469637688
AR,2137,0.572007396197207
AR,2138,2.4124245450673967
AR,2139,0.26460668301092743
AR,2140,-0.7931987592572716
AR,2141,-3.0461264716799614
AR,2142,0.6431076122874619
AR,2143,-0.92208360058047
AR,2144,-0.3792400591984663
AR,2145,0.10110670390855753
AR,2146,-1.2537447652515257
AR,2147,-1.0731426867751641
AR,2148,1.428370592723387
AR,2149,0.2739711751548935
AR,2150,0.3957669359304985
AR,2151,-0.26964336295487445
AR,2152,-0.10046898337913623
AR,2153,0.22467731900307925
AR,2154,1.228385780015756
AR,2155,-0.2914988054513653
AR,2156,-1.027248164711322
AR,2157,-1.5240598084987431
AR,2158,0.6207987755695369
AR,2159,0.3602574876194791
AR,2160,-0.0730120261211236
AR,2161,0.49045291668083857
AR,2162,0.049492522447842364
AR,2163,-0.47237716553467196
AR,2164,1.1243579088986442
AR,2165,-0.995100405191707
AR,2166,-0.17077381388361879
AR,2167,-0.6699710104401572
AR,2168,0.878189813823106
AR,2169,-0.5535228474071527
AR,2170,-0.1993176346768729
AR,2171,0.1795798562311659
AR,2172,0.3280563723314699
AR,2173,0.9831531283223846
AR,2174,0.18971381245337715
AR,2175,0.36476645656735374
AR,2176,0.8872820096191805
AR,2177,-0.43779402631575265
AR,2178,1.0125074134878727
AR,2179,0.5661900483050147
AR,2180,-3.5160800453423597
AR,2181,-0.5468582954948261
AR,2182,-1.0171653809260968
AR,2183,-0.11109555556874072
AR,2184,0.30053237410354094
AR,2185,0.7457214940707841
AR,2186,-0.851412536364674
AR,2187,-0.2793824254613508
AR,2188,-1.4801006685543106
AR,2189,-0.2704392337291601
AR,2190,0.5249472546328513
AR,2191,-1.5670679879431346
AR,2192,1.0938520342765772
AR,2193,0.3818867932721976
AR,2194,-0.2747455077138145
AR,2195,-0.21336586998629928
AR,2196,0.3538521309774858
AR,2197,-0.21902799474976561
AR,2198,-1.640757711873154
AR,2199,0.8883311954323768
AR,2200,-0.8621126551760637
AR,2201,-0.07025376450370388
AR,2202,-1.524619379481015
AR,2203,-0.09244683154711746
AR,2204,-1.5898545033360985
AR,2205,1.3118284373760318
AR,2206,-0.7749907245435264
AR,2207,0.23973063504929934
AR,2208,1.0353825343436964
AR,2209,-1.5457154993914772
AR,2210,0.7337773440460176
AR,2211,0.08186487202249638
AR,2212,-0.07438188248102157
AR,2213,-0.8004013778864941
AR,2214,-0.4793632656362007
AR,2215,0.6459263780394676
AR,2216,-0.750751223927032
AR,2217,0.40634043788409663
AR,2218,0.18795614662959717
AR,2219,0.20290738369268024
AR,2220,-0.8139023914263419
AR,2221,-2.272197845565457
AR,2222,0.4155277264097415
AR,2223,-4.117724754045225
AR,2224,1.479662409944448
AR,2225,1.1348821824454305
AR,2226,-0.5150561420390787
AR,2227,0.1634779251196637
AR,2228,-0.21225149433100754
AR,2229,-1.886871793911778
AR,2230,2.216129136667759
AR,2231,0.4996309118076095
AR,2232,-1.341793333409573
AR,2233,0.3332709761002828
AR,2234,-1.42604313954067
AR,2235,-0.3188838564142227
AR,2236,-0.06559074903455914
AR,2237,-2.2593052849763513
AR,2238,0.09072076318236044
AR,2239,-0.22646470446888126
AR,2240,-0.04684922612417068
AR,2241,0.04747000135839592
AR,2242,-0.24820607043733278
AR,2243,0.7607920764546615
AR,2244,-0.7541811920207724
AR,2245,-0.6355256511271932
AR,2246,0.8122909777725437
AR,2247,-0.2507049973769737
AR,2248,0.6011943180355772
AR,2249,0.49671763138749836
AR,2250,-0.19185388515985868
AR,2251,-0.24368966048751872
AR,2252,1.2342308022758848
AR,2253,-0.8840486167017706
AR,2254,-0.6439651090826071
AR,2255,2.6779973072993184
AR,2256,-0.9441111384296993
AR,2257,1.1931878960400368
AR,2258,-0.2566183799771525
AR,2259,-0.4892258286494846
AR,2260,0.33903495721961646
AR,2261,-1.9090290594950192
AR,2262,0.10672191829088817
AR,2263,-0.646676421199337
AR,2264,1.9554787984077977
AR,2265,0.24410644653907537
AR,2266,0.4437121683126355
AR,2267,-0.29169373307664165
AR,2268,-0.314863191872656
AR,2269,-0.3567600251182551
AR,2270,0.38691357807642224
AR,2271,-0.47804384391574556
AR,2272,1.1538352089817236
AR,2273,-0.40906159780611023
AR,2274,-0.29738127944092785
AR,2275,0.3377890359273002
AR,2276,-1.5758672336101134
AR,2277,0.07375580109755775
AR,2278,-1.5447771063155684
AR,2279,3.232427781202175
AR,2280,-0.01651738488158906
AR,2281,-0.7602284231706248
AR,2282,-0.7373510174257709
AR,2283,0.26811037571841895
AR,2284,-1.023310698741444
AR,2285,-1.864611270139657
AR,2286,-1.2522218783465988
AR,2287,-0.0005090693250970647
AR,2288,0.9670230256551232
AR,2289,0.9988032721068615
AR,2290,0.9078991292906515
AR,2291,-0.0109930533131661
AR,2292,-0.8650896490065084
AR,2293,1.3752477750386198
AR,2294,-0.1690189997331298
AR,2295,-1.5276146965761699
AR,2296,-0.4201261329529738
AR,2297,-0.41015560723532796
AR,2298,1.0896171301635138
AR,2299,-0.03584003145203364
AR,2300,-1.0526542778166281
AR,2301,1.392766151599527
AR,2302,1.0898483999596456
AR,2303,-0.36827985934742863
AR,2304,-0.2540710856129609
AR,2305,1.0989458892149766
AR,2306,-0.7154225377432337
AR,2307,-0.008807208439603115
AR,2308,1.3712450980615152
AR,2309,0.07685205213766791
AR,2310,-1.2309898126496222
AR,2311,0.4718276970686136
AR,2312,-0.06910711366535412
AR,2313,-0.4191542219027079
AR,2314,1.15459246293491
AR,2315,-0.98599198598688
AR,2316,0.927984962932478
AR,2317,1.7758976671124302
AR,2318,1.1650838179116245
AR,2319,0.831873462506949
AR,2320,0.7457534054993352
AR,2321,0.18513057884683218
AR,2322,1.2338727047765172
AR,2323,-0.2954159372889052
AR,2324,-0.1913425656058399
AR,2325,-0.0704726848571704
AR,2326,0.5422871188271865
AR,2327,-1.1866151857511051
AR,2328,0.1541906719993298
AR,2329,0.33691481633646464
AR,2330,-0.5037576907122377
AR,2331,0.08399807460318129
AR,2332,-0.4653481500997763
AR,2333,-1.2677307024472857
AR,2334,-0.4658622574931507
AR,2335,0.46348409318283185
AR,2336,0.15665632313979322
AR,2337,-0.4018558095963103
AR,2338,2.63566698505756
AR,2339,0.01861837007894212
AR,2340,0.5183834415907473
AR,2341,1.373882078259539
AR,2342,-0.010015845513226963
AR,2343,-0.9898768292018181
AR,2344,-0.3873549010112314
AR,2345,-0.06346076834938436
AR,2346,-1.1741811019669899
AR,2347,0.3583205996387677
AR,2348,0.6086690094714055
AR,2349,-0.8025333453596157
AR,2350,-0.10132526765561364
AR,2351,-0.833179995289617
AR,2352,0.22511295122308062
AR,2353,1.145190819623549
AR,2354,0.03364990632241358
AR,2355,1.0283821428444695
AR,2356,0.4068120169637613
AR,2357,-1.6366976510899809
AR,2358,0.769557157285234
AR,2359,-0.26769519210807924
AR,2360,0.1791988167308831
AR,2361,-1.0260690042624117
AR,2362,-0.8613254985219254
AR,2363,-3.04418176350078
AR,2364,-0.5201552558109681
AR,2365,0.38296709051957695
AR,2366,-0.4563370525989256
AR,2367,-0.3768500635197349
AR,2368,2.1605620886257833
AR,2369,-0.24067775944784953
AR,2370,0.6952849183176288
AR,2371,0.058892207010066075
AR,2372,-1.761644789876917
AR,2373,0.6621938299774784
AR,2374,0.39740592079786813
AR,2375,-0.018550319604007187
AR,2376,0.8657472744297262
AR,2377,-0.22458510048731214
AR,2378,-0.25944588130179813
AR,2379,0.6553409785770413
AR,2380,-0.7449798074028101
AR,2381,-0.9257162473818953
AR,2382,-1.8677564797563515
AR,2383,0.8319425082497434
AR,2384,-0.15833808448468606
AR,2385,-0.01590199699259523
AR,2386,0.05239004045690635
AR,2387,-0.13560473761118993
AR,2388,-0.108191174901753
AR,2389,0.8392956590958726
AR,2390,-0.1706167049620104
AR,2391,-0.05691878821360993
AR,2392,-1.6062504842521306
AR,2393,0.06527339426897719
AR,2394,0.08387743272123739
AR,2395,-0.025495922143387768
AR,2396,-0.08309536400992665
AR,2397,0.10191011696687133
AR,2398,-0.07457109435221576
AR,2399,-1.1983265843455426
AR,2400,0.6540013144023334
AR,2401,0.06201972822221136
AR,2402,0.6227655295637053
AR,2403,-0.989658418019638
AR,2404,0.15911394405649
AR,2405,-1.7524669242950108
AR,2406,-0.44263676833952736
AR,2407,2.0573174292959298
AR,2408,-0.19299206341434796
AR,2409,0.035466992083566865
AR,2410,-0.47333335815093525
AR,2411,-0.5729805024134524
AR,2412,0.036224882933849276
AR,2413,-0.1376754861203417
AR,2414,0.23154592240308897
AR,2415,-0.04062269597137211
AR,2416,-1.6659321463455599
AR,2417,-0.9091747345831918
AR,2418,0.23195517268037869
AR,2419,-0.028584830025210815
AR,2420,-0.1879110379859305
AR,2421,1.005600632687691
AR,2422,-0.17498364436035918
AR,2423,0.07462508614007732
AR,2424,-1.6047972887369044
AR,2425,0.3253533471374206
AR,2426,0.8113958505032934
AR,2427,0.30423009403142953
AR,2428,1.3757022089744058
AR,2429,0.021231999878597432
AR,2430,-0.0019756807648363545
AR,2431,0.5227068986894619
AR,2432,0.8311096606810322
AR,2433,-2.208680347166768
AR,2434,0.3100974840998788
AR,2435,0.2592136695961567
AR,2436,0.7870883433116131
AR,2437,-0.3781350244452503
AR,2438,-0.18556404014797515
AR,2439,1.1294203239678113
AR,2440,0.9510945338643163
AR,2441,1.6531187526494657
AR,2442,-0.6547238212273261
AR,2443,0.6444498647959649
AR,2444,-0.4696491662219508
AR,2445,-0.7083997584453631
AR,2446,-0.06810966950276255
AR,2447,0.3089374295838671
AR,2448,-1.0920930176301713
AR,2449,1.0837798072911267
AR,2450,-0.13832121864936955
AR,2451,-0.19779018709080895
AR,2452,-1.7384725081545318
AR,2453,0.05329311530633387
AR,2454,0.5473233322488187
AR,2455,0.7724869571735041
AR,2456,-0.85522662594727
AR,2457,0.7163204900652431
AR,2458,1.0400840857505669
AR,2459,0.9951385811688327
AR,2460,2.566755417910165
AR,2461,2.2764483343439217
AR,2462,-1.0394604301089878
AR,2463,0.9250208293515428
AR,2464,0.32112376562270595
AR,2465,1.075712067627996
AR,2466,-1.1904234369513211
AR,2467,-0.4167425225951508
AR,2468,0.6907904190968631
AR,2469,0.6235787717353213
AR,2470,-1.8897456746371997
AR,2471,0.3155627225445565
AR,2472,-0.6213953687080138
AR,2473,1.0170681483641366
AR,2474,0.31295420070539953
AR,2475,3.858831354124131
AR,2476,-1.1233768487282472
AR,2477,0.16245269047899843
AR,2478,0.575673903975598
AR,2479,-0.646799375773098
AR,2480,1.4246261834971796
AR,2481,0.2679426277624114
AR,2482,-0.9573960097804313
AR,2483,-1.4247837576692048
AR,2484,1.6562734751181438
AR,2485,-0.2511032293035174
AR,2486,-0.5262082359426947
AR,2487,2.4544172517458076
AR,2488,1.092267741757046
AR,2489,2.8350737466940794
AR,2490,0.8131588610121803
AR,2491,-0.603530642777294
AR,2492,0.36786425202056644
AR,2493,0.6883429641070563
AR,2494,4.140234297582999
AR,2495,1.661903426027579
AR,2496,-5.130953354910229
AR,2497,-3.2507797501261795
AR,2498,-0.05399798978453793
AR,2499,0.0018696286616345162
AR,2500,0.5413440302932604
AR,2501,-0.15104677252586646
AR,2502,-3.763148624915638
AR,2503,2.310942151689096
AR,2504,1.0290890240341477
AR,2505,-1.6098028031832727
AR,2506,0.15209270668383848
AR,2507,0.9170172635223712
AR,2508,3.707743540976774
AR,2509,-0.2535016355445908
AR,2510,-3.963109226563149
AR,2511,-0.4450544609322399
AR,2512,-1.7860408752500778
AR,2513,-2.9489192575693575
AR,2514,1.5052022620982886
AR,2515,1.853888984317638
AR,2516,-0.14410662994438278
AR,2517,-0.1094023838754675
AR,2518,-0.6704325551079583
AR,2519,1.6592284868971248
AR,2520,-0.029303296886633814
AR,2521,-1.281185991567286
AR,2522,0.05849988030555362
AR,2523,0.741325017967331
AR,2524,-1.4818028532051695
AR,2525,-0.09637041525521117
AR,2526,0.8698070912038298
AR,2527,0.00016195355856439553
AR,2528,-0.049469453805316706
AR,2529,-0.25067362753611155
AR,2530,0.14478603070344384
AR,2531,1.3960913673581192
AR,2532,1.4405599162874854
AR,2533,-1.3078834057503483
AR,2534,-0.16027314144051208
AR,2535,0.3043645092260541
AR,2536,1.286378493124009
AR,2537,-0.07100451928716954
AR,2538,-0.3822118221562307
AR,2539,-2.7048575528100356
AR,2540,0.3439866528413201
AR,2541,-3.010969470973455
AR,2542,-1.8159446673162987
AR,2543,0.37598385779281485
AR,2544,-0.572481596999107
AR,2545,1.142415226422242
AR,2546,0.3293986820593022
AR,2547,-0.48939021013129647
AR,2548,0.4332321228869481
AR,2549,0.6384861096983336
AR,2550,-0.06563173516184051
AR,2551,-0.32836095840980095
AR,2552,-0.606859094803729
AR,2553,-0.6671455501817946
AR,2554,1.10660175740602
AR,2555,-0.736314469298626
AR,2556,-0.12806356262994506
AR,2557,0.41303669502154117
AR,2558,-0.6856213362438136
AR,2559,1.4874569108210751
AR,2560,-1.8445163797343807
AR,2561,0.524225836088328
AR,2562,-2.2909301974747716
AR,2563,0.19097909319331746
AR,2564,0.40211996177322695
AR,2565,1.060894122273511
AR,2566,0.36405510333589386
AR,2567,0.03893766119246521
AR,2568,0.5139781989608587
AR,2569,-0.18749356851448307
AR,2570,-0.03908528432604943
AR,2571,0.2437182092353798
AR,2572,0.6643892468949291
AR,2573,1.5130804974424918
AR,2574,1.8234549399154516
AR,2575,0.5718598621239886
AR,2576,-0.9148595125691343
AR,2577,0.990380984046038
AR,2578,-0.4388633818767115
AR,2579,0.8629993375685173
AR,2580,-0.015245582723896428
AR,2581,0.6541785706126122
AR,2582,1.3711063889625188
AR,2583,-1.7401912006445668
AR,2584,-1.1583799646627706
AR,2585,1.0437581296206597
AR,2586,-0.6937673611851141
AR,2587,-0.9638277819717825
AR,2588,1.1570004418494102
AR,2589,-0.3897814168147228
AR,2590,0.37147667624068714
AR,2591,0.24704360615978854
AR,2592,-1.5943597613853802
AR,2593,0.24795176713322314
AR,2594,-0.19641416907401926
AR,2595,1.7242626306560778
AR,2596,-0.14994716545647765
AR,2597,-3.628323167841673
AR,2598,0.5425715340249211
AR,2599,1.6305742150669829
AR,2600,0.9767364454728007
AR,2601,-2.0501477540608692
AR,2602,-0.5346514889627865
AR,2603,0.15835764710958652
AR,2604,1.1420246696248062
AR,2605,-0.6724456924602462
AR,2606,0.27914587899648535
AR,2607,-0.6792808977500375
AR,2608,-0.9538209735304806
AR,2609,0.9118284659173518
AR,2610,0.42664819190335557
AR,2611,0.2407491695733233
AR,2612,2.1025385308423394
AR,2613,1.3919135589204983
AR,2614,-0.47395181782857426
AR,2615,0.6784876385458336
AR,2616,0.744579675879992
AR,2617,-3.558845295076171
AR,2618,-0.45617030167036315
AR,2619,-0.7139160311227511
AR,2620,-6.788859932341881
AR,2621,0.7106937139585207
AR,2622,3.03530743789567
AR,2623,-0.16605316215521188
AR,2624,1.1616717803418097
AR,2625,-0.6396093244675415
AR,2626,-1.8384940512886483
AR,2627,-0.7610391134902371
AR,2628,-0.7053067762664383
AR,2629,-5.679530178585633
AR,2630,-7.488651955727727
AR,2631,-13.522005708660837
AR,2632,-1.0159614155826524
AR,2633,-5.405687174217741
AR,2634,1.2292216330702896
AR,2635,4.018205148329453
AR,2636,5.024644239639679
AR,2637,8.063582677648798
AR,2638,0.4743060973401722
AR,2639,-1.0219562844284575
AR,2640,0.7958804192301091
AR,2641,-3.176248029261665
AR,2642,-0.5468184764718753
AR,2643,-0.05347451033220173
AR,2644,3.669782046508873
AR,2645,-0.6938747414657218
AR,2646,4.078911850463694
AR,2647,-0.02300048546702625
AR,2648,-0.47990593682894955
AR,2649,3.1174711488828635
AR,2650,-0.1823649870118348
AR,2651,1.9923424150377391
AR,2652,-1.9317981052580215
AR,2653,0.1817088928862652
AR,2654,-2.0382115907984573
AR,2655,0.887693283026116
AR,2656,-2.771137780072723
AR,2657,1.2752621362251793
AR,2658,1.0381772106308413
AR,2659,-0.11656360876299207
AR,2660,-0.2110322313005898
AR,2661,-0.31036447236866227
AR,2662,0.7638177961002052
AR,2663,-2.2082905776646578
AR,2664,-0.11115833543869945
AR,2665,-1.0332966772989125
AR,2666,1.095521899981674
AR,2667,-0.7503885652914337
AR,2668,3.174358655769785
AR,2669,1.0751663174313053
AR,2670,-0.2761033540465261
AR,2671,-0.2795038117724603
AR,2672,0.7623647534113148
AR,2673,1.8750134836330579
AR,2674,4.54130157505905
AR,2675,2.0145845511942766
AR,2676,1.981162124492378
AR,2677,1.1078796172762237
AR,2678,-2.617374116488296
AR,2679,0.3946768323381037
AR,2680,0.08263321243117175
AR,2681,-0.39158027888701796
AR,2682,0.6098823812524825
AR,2683,0.7228267126530279
AR,2684,2.720146998344669
AR,2685,2.4157739107301053
AR,2686,-1.4471093594612696
AR,2687,-2.407704669316112
AR,2688,0.40105765547447886
AR,2689,-1.7492617145587657
AR,2690,2.049117947697416
AR,2691,-1.4130257177704693
AR,2692,3.2096209549540244
AR,2693,-2.6531802404335867
AR,2694,-0.8897874681400666
AR,2695,-0.5919203106045745
AR,2696,0.4222435682555837
AR,2697,0.20275477681067755
AR,2698,-0.6869427960477767
AR,2699,1.514184249168992
AR,2700,0.2573588428137306
AR,2701,1.2582469823223432
AR,2702,-2.5721974595641997
AR,2703,1.656771552107986
AR,2704,0.21176807991844943
AR,2705,0.05210903116864336
AR,2706,1.8693438235714828
AR,2707,-1.1023110313757305
AR,2708,-0.35270789429374794
AR,2709,0.5174633660110917
AR,2710,1.1777582040412682
AR,2711,-0.06164268140666792
AR,2712,2.3185772568207734
AR,2713,-0.4139935510885804
AR,2714,0.33040161255696515
AR,2715,1.910519172086906
AR,2716,0.6113515438404074
AR,2717,0.9470943961928436
AR,2718,-1.281348604702309
AR,2719,0.7898388303445971
AR,2720,2.9160309118324377
AR,2721,6.698333911096875
AR,2722,7.506652277321551
AR,2723,-2.031011968068237
AR,2724,0.5296384205242487
AR,2725,7.919438457122202
AR,2726,-0.8846127090847784
AR,2727,-0.6959013306207251
AR,2728,-3.293916492836537
AR,2729,3.4345927090299937
AR,2730,0.0693786471491431
AR,2731,6.500711481159102
AR,2732,3.530133940485252
AR,2733,6.7601478243940125
AR,2734,-3.030551604302939
AR,2735,3.4726244969294684
AR,2736,-15.97159159951166
AR,2737,2.8023487098433284
AR,2738,8.321150848293902
AR,2739,-4.843437038794667
AR,2740,3.498940519503315
AR,2741,1.1811743470622946
AR,2742,-3.775363536308728
AR,2743,2.022791749782066
AR,2744,-1.8610873264693395
AR,2745,-0.5341256959717899
AR,2746,-0.2051949672300742
AR,2747,3.5476258202630477
AR,2748,-1.8616333625236134
AR,2749,1.6743813649104593
AR,2750,2.313931513125004
AR,2751,-0.23626079256475885
AR,2752,-2.460730081763127
AR,2753,-3.2162422618472988
AR,2754,1.3320299791473624
AR,2755,-0.1846786632261604
AR,2756,-0.8374570771003657
AR,2757,1.1906785890233242
AR,2758,-0.3960534273217451
AR,2759,-0.4620993500096643
AR,2760,1.239740092544088
AR,2761,0.07332829730459232
AR,2762,0.01778890004694869
AR,2763,-0.5551500803368068
AR,2764,-0.8081630044877308
AR,2765,-8.083217097220327
AR,2766,-1.3630478624534392
AR,2767,-6.601706894328881
AR,2768,1.561537071876743
AR,2769,-0.9089207920422717
AR,2770,3.2269715069143325
AR,2771,2.0483374557313083
AR,2772,-4.17864157592095
AR,2773,2.3724671317739983
AR,2774,-0.022270381091319236
AR,2775,2.333010671157706
AR,2776,-5.4690097736741485
AR,2777,3.1040239387417228
AR,2778,0.2549894763793752
AR,2779,5.1535067216255666
AR,2780,-0.24561596208973285
AR,2781,-4.126052911167551
AR,2782,0.6288454650988624
AR,2783,0.14567355217364927
AR,2784,-0.6756504790413285
AR,2785,1.0090589735461064
AR,2786,0.9145299243686076
AR,2787,1.622990202197859
AR,2788,-1.3991406904297892
AR,2789,-0.4214640614935672
AR,2790,-1.3104822634591171
AR,2791,0.3033883267545965
AR,2792,-4.070403519946528
AR,2793,-0.5292218986450147
AR,2794,1.6711643316466216
AR,2795,1.8001430161687793
AR,2796,0.43518566680313964
AR,2797,-1.4432031081166796
AR,2798,5.9589258897797075
AR,2799,0.7817313215623188
AR,2800,-6.19213401806303
AR,2801,0.6580823623658572
AR,2802,0.3125012685405026
AR,2803,-0.08616450796953981
AR,2804,1.360455311598823
AR,2805,0.5224100255179039
AR,2806,-1.214328232424028
AR,2807,-0.6338487164189951
AR,2808,-1.1880667489968681
AR,2809,0.6090379354259414
AR,2810,-2.521232169322786
AR,2811,-1.449535313049512
AR,2812,0.3487324775274162
AR,2813,-0.055809432514044965
AR,2814,-2.8309118487573994
AR,2815,-0.2718043828000303
AR,2816,5.948039355140371
AR,2817,0.23870401089627896
AR,2818,-0.335985976689708
AR,2819,0.49123208860133094
AR,2820,1.2872394080891052
AR,2821,0.18514689465344958
AR,2822,-2.4994311954491852
AR,2823,0.1266799765203121
AR,2824,-0.08383029936063932
AR,2825,-0.5677942920226232
AR,2826,2.709126447869242
AR,2827,3.3653304175779195
AR,2828,2.639752061101838
AR,2829,-1.2615890260744897
AR,2830,1.4720963057023064
AR,2831,-3.793995503737503
AR,2832,1.4038067931227676
AR,2833,0.9987576833513552
AR,2834,1.655908508107679
AR,2835,-0.24766807515492087
AR,2836,1.7067650565500425
AR,2837,-1.1170967677196921
AR,2838,3.0982261906075346
AR,2839,1.232878970651583
AR,2840,-1.171338394959256
AR,2841,-0.6419414857629245
AR,2842,-6.923965510980326
AR,2843,-1.552462801242175
AR,2844,2.7155691703382763
AR,2845,-1.439114811641158
AR,2846,1.0693023735658147
AR,2847,-3.157599714224321
AR,2848,0.9998302400467072
AR,2849,1.0566977088232292
AR,2850,2.3152453430671
AR,2851,0.30583902998651297
AR,2852,-1.9911983614082138
AR,2853,-0.4262807209095978
AR,2854,0.5837148414503947
AR,2855,-0.8765945142134995
AR,2856,4.593866864908359
AR,2857,1.60312264968374
AR,2858,7.4233273730686555
AR,2859,-8.495087541416144
AR,2860,0.5569930928407236
AR,2861,-1.6472301057927146
AR,2862,1.6989820722643587
AR,2863,1.531520985622905
AR,2864,-0.12562445651103074
AR,2865,-0.9622978473777793
AR,2866,-0.16271897402924937
AR,2867,1.0287867799511747
AR,2868,1.172479835655636
AR,2869,-1.3707683103194521
AR,2870,0.5129109221850152
AR,2871,-1.3120924153985045
AR,2872,0.5382704822865405
AR,2873,3.442759271071308
AR,2874,-1.7477465620687085
AR,2875,1.0049495891350644
AR,2876,-1.8981734458336326
AR,2877,-3.4004828368729467
AR,2878,0.1847904848165108
AR,2879,0.7143977097493822
AR,2880,-2.6203443150945014
AR,2881,-2.863463852079225
AR,2882,-0.6337246686597763
AR,2883,-0.17338504908729677
AR,2884,3.0881152709593267
AR,2885,1.0084465894613899
AR,2886,-0.44223609156177357
AR,2887,-0.903969251636149
AR,2888,1.3361246749034257
AR,2889,-1.126137954775524
AR,2890,1.5445793789637972
AR,2891,-1.233604870720925
AR,2892,0.6088386928779638
AR,2893,-1.7132554727307505
AR,2894,-2.9226609328206865
AR,2895,0.25490722345369043
AR,2896,-0.04380397282750828
AR,2897,-0.15977925618094524
AR,2898,-1.7259855632198438
AR,2899,-2.592655665292533
AR,2900,1.6769710075634883
AR,2901,2.2054257771059427
AR,2902,-0.45133731543069966
AR,2903,1.062973809880076
AR,2904,-0.06081876725539727
AR,2905,1.117166016955443
AR,2906,-0.8160131913256174
AR,2907,-1.7933782411887893
AR,2908,2.1247536022803173
AR,2909,0.2995859356830627
AR,2910,1.5469477480415557
AR,2911,0.39853045931078146
AR,2912,-0.6021194703933898
AR,2913,0.059586171184340966
AR,2914,2.698286627926282
AR,2915,-1.584874745147986
AR,2916,-0.689839959065067
AR,2917,0.8959211196037659
AR,2918,0.12165294792373328
AR,2919,-0.2868555510262631
AR,2920,-0.42511169241922625
AR,2921,-0.9044993148915406
AR,2922,3.9288847761480703
AR,2923,-1.5299315730728233
AR,2924,-0.21979367943691036
AR,2925,3.0854972019461755
AR,2926,0.44060372657888797
AR,2927,-0.6559387186084795
AR,2928,1.1441598963169926
AR,2929,-2.2133445076402833
AR,2930,0.21694522851166187
AR,2931,1.205946756436659
AR,2932,2.6841112789144796
AR,2933,-0.028846617172607794
AR,2934,-1.7432645753897669
AR,2935,0.12611666085749113
AR,2936,-0.8339605404850394
AR,2937,0.8199893919855935
AR,2938,0.7965505973881191
AR,2939,-1.211230338016274
AR,2940,0.575332518450263
AR,2941,0.2963765244620544
AR,2942,0.3241543310454542
AR,2943,-0.5601259031686084
AR,2944,0.9643603583803474
AR,2945,-2.691995204647633
AR,2946,1.224122601845182
AR,2947,0.43855281998522244
AR,2948,-1.116232702332605
AR,2949,0.564268096664294
AR,2950,0.8076432547979049
AR,2951,-0.3684484706222994
AR,2952,-0.23343115655412838
AR,2953,-0.7312775799667665
AR,2954,-2.4901201769047465
AR,2955,-4.0736418284702935
AR,2956,-0.48482615456382955
AR,2957,0.8056639063020249
AR,2958,-0.7986195021954774
AR,2959,0.37990878458536226
AR,2960,0.20316435800770885
AR,2961,0.467143440326213
AR,2962,0.06993027204697506
AR,2963,-1.2908680609764782
AR,2964,1.3823517978818594
AR,2965,-0.43697853559166616
AR,2966,1.6446751533347372
AR,2967,-0.027422643573811627
AR,2968,-1.3248780234759325
AR,2969,-0.04314948775709837
AR,2970,-0.8096423513522228
AR,2971,0.6992041774038713
AR,2972,0.27097104419938595
AR,2973,-0.8870361057600082
AR,2974,0.9901426787631415
AR,2975,0.3644450606243655
AR,2976,-2.7102634150927196
AR,2977,-1.9085303663888962
AR,2978,-0.8732188693319827
AR,2979,1.2818378742241654
AR,2980,0.6156335365391918
AR,2981,-1.0441632329019632
AR,2982,-0.011347259144868097
AR,2983,-2.0044395026309147
AR,2984,1.0985925465266257
AR,2985,2.175554135117035
AR,2986,-0.24102754845577562
AR,2987,-0.37012869932403514
AR,2988,0.46993977991651725
AR,2989,-0.5558905874796851
AR,2990,-1.0157585708476666
AR,2991,-3.3821634731812438
AR,2992,-3.589901897723139
AR,2993,-0.36352544906154605
AR,2994,0.904825586887867
AR,2995,-1.6317066439440442
AR,2996,2.250495167857473
AR,2997,0.5241189642620057
AR,2998,-0.9074176890156844
AR,2999,-0.6161209662475968
AR,3000,-1.1511626689523338
AR,3001,-0.8988405744194474
AR,3002,2.565088034429318
AR,3003,0.9226448717554315
AR,3004,-0.24923793318473453
AR,3005,-1.2286493817509219
AR,3006,2.162930398549574
AR,3007,-0.15848918653591032
AR,3008,-0.7145256363856981
AR,3009,1.0636015716454117
AR,3010,-1.0606924561892617
AR,3011,3.282902577099595
AR,3012,-0.0810403668982891
AR,3013,-1.6726760584358082
AR,3014,-1.5469395356970932
AR,3015,0.4525894235508275
AR,3016,-1.206369675496973
AR,3017,-0.09512773119135434
AR,3018,0.4880211901305135
AR,3019,-0.10520551980860722
AR,3020,-4.067552566596034
AR,3021,-2.250087882653977
AR,3022,-0.4257106431478448
AR,3023,0.9616286878343155
AR,3024,0.8567606090907516
AR,3025,-0.8899950510615917
AR,3026,-0.6707683992413273
AR,3027,1.1498541243029043
AR,3028,-0.7911940075369551
AR,3029,-4.26733517559121
AR,3030,2.9789030885680874
AR,3031,1.512318390281996
AR,3032,0.6106847025973344
AR,3033,-0.309294904831024
AR,3034,-0.042597772771890245
AR,3035,-0.14201008382984023
AR,3036,0.21382236106079144
AR,3037,-0.31360821989341436
AR,3038,-0.12660838301987265
AR,3039,2.298028107332751
AR,3040,1.776910257432736
AR,3041,-0.9554555020542485
AR,3042,-0.5891567906773331
AR,3043,2.0316943652617367
AR,3044,2.5849063711449607
AR,3045,-0.7217048120501295
AR,3046,0.6653678347538484
AR,3047,0.9857709814459515
AR,3048,-1.7782500322469714
AR,3049,-0.4074802753765897
AR,3050,0.07585970958616975
AR,3051,-0.8649927003981736
AR,3052,0.5338524983221689
AR,3053,-2.1041117167767305
AR,3054,0.2754939232376231
AR,3055,0.8105492350016171
AR,3056,1.5473938058203764
AR,3057,1.1431109742822443
AR,3058,-0.692119658159754
AR,3059,1.312110828213107
AR,3060,2.4578574052116955
AR,3061,0.09057858962026742
AR,3062,-1.0415092418581324
AR,3063,-0.9263242720683305
AR,3064,1.0172464671736334
AR,3065,-1.1451887857794636
AR,3066,-0.9493521746328693
AR,3067,-1.6260370946708678
AR,3068,-2.1990739573244262
AR,3069,-0.43554064250780195
AR,3070,0.23190400734020467
AR,3071,-2.0083921062213386
AR,3072,-1.054471410948923
AR,3073,-0.25902167213280136
AR,3074,-2.255651119890516
AR,3075,0.21327992817978061
AR,3076,0.7396251817173076
AR,3077,-0.7775055277427804
AR,3078,0.4561022962514665
AR,3079,-0.30513132429949047
AR,3080,-2.1746282623723383
AR,3081,0.9781166567930467
AR,3082,0.7269100342406442
AR,3083,-1.8380124056456388
AR,3084,0.617208229557058
AR,3085,1.7811772330333235
AR,3086,-0.6164013709235956
AR,3087,-0.5091385462520023
AR,3088,1.1270808729613295
AR,3089,1.2168580834814857
AR,3090,0.2766689795158278
AR,3091,0.717315029777876
AR,3092,-0.2290177037518824
AR,3093,-0.8594668777041886
AR,3094,0.9204594297338595
AR,3095,0.9521448093744117
AR,3096,-1.6732366559804652
AR,3097,0.624421820996536
AR,3098,-1.0827119545754615
AR,3099,-2.73721971986118
AR,3100,0.5382418450172749
AR,3101,0.750977954153064
AR,3102,1.295304854706477
AR,3103,1.516582858555867
AR,3104,-0.32053446669777863
AR,3105,-0.6790869424253609
AR,3106,0.3496818591225396
AR,3107,1.9367221012938218
AR,3108,2.7238722958251698
AR,3109,1.2499072124581962
AR,3110,-1.1158188705032068
AR,3111,-1.0463316354254697
AR,3112,-0.6860630467036841
AR,3113,-1.2164976471222948
AR,3114,-3.2523036515519927
AR,3115,-1.607622899772729
AR,3116,0.3350690609857675
AR,3117,0.7340989279585943
AR,3118,-0.00646336708540475
AR,3119,-1.0806131795539766
AR,3120,0.3467607722044131
AR,3121,2.2235641833124404
AR,3122,0.6976145611828205
AR,3123,0.43339144295514387
AR,3124,-0.5340474719958392
AR,3125,1.744909289652628
AR,3126,0.9838193566343462
AR,3127,-2.163011281927633
AR,3128,0.9356091736113
AR,3129,1.0655820143126342
AR,3130,0.2888354040822834
AR,3131,0.07597781274678639
AR,3132,0.5848245492772548
AR,3133,1.7966627856729889
AR,3134,-1.4150657956609045
AR,3135,0.038680014842553234
AR,3136,0.8722043212653946
AR,3137,3.6407860821869846
AR,3138,-0.3830819065594876
AR,3139,-0.5899881506918535
AR,3140,1.6321974793058804
AR,3141,0.2940172055414641
AR,3142,2.740155659406486
AR,3143,-2.472145662456163
AR,3144,0.44703404656963003
AR,3145,-0.3006568000540305
AR,3146,-2.9071394993370676
AR,3147,-0.8629659890189805
AR,3148,0.779559027126127
AR,3149,1.029656237098577
AR,3150,-1.518027274393956
AR,3151,0.9877830620247728
AR,3152,-1.7853550858836948
AR,3153,1.4229880212606196
AR,3154,1.58586675910636
AR,3155,-0.2038240236225931
AR,3156,-2.637184030157122
AR,3157,-0.37470871685706114
AR,3158,0.4048316654959707
AR,3159,-0.35522072685600337
AR,3160,-0.8097432217581462
AR,3161,-0.28784259477772456
AR,3162,-0.8537571898144823
AR,3163,0.5033667826709656
AR,3164,0.5223727811923132
AR,3165,0.48811078350036347
AR,3166,1.4192438621763044
AR,3167,1.0702597554859508
AR,3168,1.349627707713781
AR,3169,-0.41191426166875983
AR,3170,0.7886779898957579
AR,3171,-2.6990571317344907
AR,3172,0.02052367399175216
AR,3173,-2.1053002769313434
AR,3174,-2.0338453851829668
AR,3175,-2.207950069549601
AR,3176,-0.47605348948813575
AR,3177,-0.8621803081476049
AR,3178,-0.6922320133587483
AR,3179,-1.6959624530530586
AR,3180,-0.5713676664704478
AR,3181,-0.28615922073279826
AR,3182,1.7483412727584924
AR,3183,-2.0652465295331
AR,3184,-0.7232260012213454
AR,3185,-2.5470367840346806
AR,3186,-2.45139343920163
AR,3187,1.469154866581103
AR,3188,-4.215476973697849
AR,3189,1.6567463804962803
AR,3190,2.797600312154208
AR,3191,-0.11650260445276245
AR,3192,-1.1114389822870139
AR,3193,2.3928582813255415
AR,3194,-0.7842932449614455
AR,3195,0.05791295495050282
AR,3196,1.4452044819125327
AR,3197,-0.6090394117644029
AR,3198,0.04295846953106365
AR,3199,0.29638948540133914
AR,3200,-0.48526868315528876
AR,3201,-1.9778114745064035
AR,3202,1.2757317357152314
AR,3203,2.1545624740456595
AR,3204,-1.8511998272501438
AR,3205,0.6611154473397497
AR,3206,0.6986165428540212
AR,3207,-0.9083953677359928
AR,3208,-1.6708852236258918
AR,3209,0.8751941364254145
AR,3210,-3.6524691076613043
AR,3211,-0.30858779405814907
AR,3212,3.1040528144705015
AR,3213,1.1372620300745484
AR,3214,-1.4747218164452365
AR,3215,-0.27968279711520005
AR,3216,0.4370460525035632
AR,3217,-1.283999339836571
AR,3218,-2.224922108873739
AR,3219,0.9144471769168698
AR,3220,0.03605964101254844
AR,3221,-1.4715892586750725
AR,3222,-0.5461890248172752
AR,3223,-2.2917840598623744
AR,3224,-2.0192642612240563
AR,3225,0.5450956642528447
AR,3226,-3.798943898207747
AR,3227,-0.17087391590360512
AR,3228,0.2585516759015155
AR,3229,0.2588506506838465
AR,3230,-0.9893417967228827
AR,3231,-0.981556475582063
AR,3232,1.4615716717695655
AR,3233,-4.223271947765855
AR,3234,1.2427839033094379
AR,3235,0.27913214040357326
AR,3236,0.16291397439156238
AR,3237,-0.42407628750121545
AR,3238,0.919757353244504
AR,3239,-1.500140260196402
AR,3240,-0.8340942484951738
AR,3241,1.0619328731695097
AR,3242,2.417374131722882
AR,3243,4.635933680623653
AR,3244,1.129768550782081
AR,3245,0.2921251521554888
AR,3246,-1.8461517538526937
AR,3247,0.34386518990159787
AR,3248,0.6254819442003905
AR,3249,-1.5693983881166111
AR,3250,3.8662751499481787
AR,3251,-0.6878348899871332
AR,3252,0.13789775557742873
AR,3253,-1.3534127964250078
AR,3254,2.3674143434186328
AR,3255,-2.615864535529111
AR,3256,-0.7531807621710113
AR,3257,-1.626133797822867
AR,3258,-1.3210822860084694
AR,3259,-2.5120479799124267
AR,3260,-0.30695373926854075
AR,3261,0.6690154736191755
AR,3262,-0.051074306967712306
AR,3263,0.6489550233090978
AR,3264,-2.109137646487601
AR,3265,-0.3934527401611872
AR,3266,-1.8552103604663113
AR,3267,-2.4454972035003273
AR,3268,-0.9685370486915241
AR,3269,0.9850979363355723
AR,3270,0.8869922248580526
AR,3271,-0.8784308858744807
AR,3272,2.4236244419074002
AR,3273,0.41746433742629285
AR,3274,1.268903184873381
AR,3275,5.1868977107507055
AR,3276,-2.4622561953306357
AR,3277,1.3441419663610066
AR,3278,-2.280899885518363
AR,3279,1.7824142219622618
AR,3280,0.1665561470464784
AR,3281,-1.5755650873733673
AR,3282,1.4701250600401286
AR,3283,0.380870153775583
AR,3284,-4.123628187864558
AR,3285,-2.6823523354475416
AR,3286,0.29120529386979244
AR,3287,2.7072427200824087
AR,3288,-0.49569119980254295
AR,3289,0.9253832915790615
AR,3290,8.517618653651368
AR,3291,1.5595141070898264
AR,3292,-2.2835589741867794
AR,3293,0.0813056743543529
AR,3294,-2.7099802766158523
AR,3295,-2.490416522450521
AR,3296,-2.2383134956051447
AR,3297,-0.6854988841890242
AR,3298,-0.7065394734476891
AR,3299,-3.4374585851311417
AR,3300,2.2716107961698477
AR,3301,0.3788011209014311
AR,3302,-1.650980247396019
AR,3303,1.1815466445398008
AR,3304,3.2039246639518133
AR,3305,-0.42327418209149836
AR,3306,0.5357396041373945
AR,3307,1.2604087861055406
AR,3308,0.009823876655070549
AR,3309,-1.784378213695124
AR,3310,-0.620737118044156
AR,3311,2.5164392402685447
AR,3312,-2.253752655413623
AR,3313,1.2016910537754733
AR,3314,7.019260639131386
AR,3315,-0.44395018575979384
AR,3316,2.4024355667177484
AR,3317,-1.3026604829315462
AR,3318,2.7686975649565633
AR,3319,-0.11110050696905888
AR,3320,1.3894766530115144
AR,3321,-1.953032702067694
AR,3322,-0.4959663854373422
AR,3323,-2.3788559383993526
AR,3324,-0.269120996683294
AR,3325,-0.22747773085022086
AR,3326,1.0817369380648778
AR,3327,2.063985046447425
AR,3328,-0.21430261767313655
AR,3329,-0.2962735185368335
AR,3330,-2.475685785670667
AR,3331,1.5279951419029225
AR,3332,4.322741495875874
AR,3333,2.3285730364578106
AR,3334,1.5270409013702502
AR,3335,-3.9698656006205026
AR,3336,-0.24990930904863834
AR,3337,2.452898394221325
AR,3338,1.3957226672067624
AR,3339,1.4049289431622338
AR,3340,-0.5136442423668819
AR,3341,1.7242158864719797
AR,3342,0.839762546862301
AR,3343,-3.6919190863193103
AR,3344,0.4890300502308398
AR,3345,-0.8642311317312027
AR,3346,4.8438877533722415
AR,3347,-0.785520224077691
AR,3348,-1.851180286665855
AR,3349,0.7502723084414351
AR,3350,1.302733289014549
AR,3351,-2.1703176692170065
AR,3352,1.4636522039780129
AR,3353,0.1526219001250925
AR,3354,0.2047256313367379
AR,3355,-1.0614861067638843
AR,3356,-2.2291594176687615
AR,3357,2.585221990131456
AR,3358,-0.8099359483002547
AR,3359,-0.3220688601441929
AR,3360,-0.7899276973077137
AR,3361,1.4844124718946097
AR,3362,2.0603250035075136
AR,3363,-0.055402462707674405
AR,3364,-1.5442029257357521
AR,3365,-1.9286607529036441
AR,3366,1.5693740413504902
AR,3367,0.40955758484587057
AR,3368,-2.127233889647721
AR,3369,0.8950036246820302
AR,3370,1.0327941868638237
AR,3371,-0.077321776236365
AR,3372,-1.5242495539139131
AR,3373,0.1688137226834049
AR,3374,0.5463943360067398
AR,3375,0.9283169201061843
AR,3376,-2.1842941087734937
AR,3377,-4.901816710133621
AR,3378,-0.2502017316515547
AR,3379,-0.3319602605800509
AR,3380,0.5574993995695434
AR,3381,-1.5741602820891785
AR,3382,0.14539746231302159
AR,3383,-0.10745430673275834
AR,3384,-0.6900251006410842
AR,3385,-1.077586662663447
AR,3386,-0.19446111691505633
AR,3387,0.8416844336884975
AR,3388,0.1835566829510325
AR,3389,0.03252986001037875
AR,3390,-1.500108286773563
AR,3391,-0.9604795820108446
AR,3392,-2.597206957716799
AR,3393,-0.6500827990868691
AR,3394,1.3200280157934312
AR,3395,0.39459925814873176
AR,3396,-0.5261668568417207
AR,3397,1.669511875601253
AR,3398,-0.9937729550269313
AR,3399,-4.829836606866749
AR,3400,-0.18008049632804984
AR,3401,0.31663056714631227
AR,3402,2.1633219191782955
AR,3403,5.848083334397957
AR,3404,-0.5432824106357251
AR,3405,0.3108799809908578
AR,3406,-0.302644482588439
AR,3407,3.94174103275944
AR,3408,-0.350763538763183
AR,3409,-0.8404323992338321
AR,3410,2.270605739069855
AR,3411,0.7982242183468655
AR,3412,0.5120017469969704
AR,3413,-0.6684520895304253
AR,3414,1.039933940344443
AR,3415,0.04013798023561639
AR,3416,2.3491872707394985
AR,3417,0.6611871128149668
AR,3418,-0.5040972974272939
AR,3419,4.123181739764401
AR,3420,-0.26353624520396274
AR,3421,-0.03789799611788201
AR,3422,-0.3925927147153915
AR,3423,0.6871186308789218
AR,3424,1.7631274555278973
AR,3425,1.171205508119991
AR,3426,-1.8251793099266669
AR,3427,-1.3891345575792762
AR,3428,0.6694852213723972
AR,3429,0.35591426827252676
AR,3430,-0.05937821255292911
AR,3431,-1.0443839002770767
AR,3432,0.472539772549454
AR,3433,-0.5848989452817406
AR,3434,-0.5746839344959758
AR,3435,0.16107836706629242
AR,3436,0.4147008401670592
AR,3437,-0.20756245917394764
AR,3438,1.4796269618240359
AR,3439,0.7331380180499744
AR,3440,1.750604263922221
AR,3441,-1.5532910443813481
AR,3442,-0.4594162668170676
AR,3443,0.22728212519721677
AR,3444,-0.8688211715972023
AR,3445,-4.904026028853686
AR,3446,-0.8049814776221733
AR,3447,0.5657955867524229
AR,3448,-1.5081806816061656
AR,3449,-0.07596546796634535
AR,3450,-1.0294006966172822
AR,3451,1.3219047374815616
AR,3452,-0.8115464311558223
AR,3453,-0.8378913596316353
AR,3454,-1.6390022913091715
AR,3455,-1.4361070665144517
AR,3456,2.4451888928369665
AR,3457,-0.5706770047913883
AR,3458,-0.014734222060871771
AR,3459,1.4056571529975117
AR,3460,1.4596765513742884
AR,3461,-1.1723169368955941
AR,3462,-0.22990480957665974
AR,3463,0.08911528030487002
AR,3464,-0.6747410063125904
AR,3465,3.4284786494415234
AR,3466,-0.029463916554082863
AR,3467,-1.010332636561467
AR,3468,-1.6132777556243159
AR,3469,1.060153990821403
AR,3470,-0.16857524586946576
AR,3471,1.0254531028889786
AR,3472,-0.8328844760603408
AR,3473,-3.4529326315813456
AR,3474,-2.1174224989630503
AR,3475,-1.734318324760217
AR,3476,0.7124549146754722
AR,3477,1.6545699020189293
AR,3478,0.21456696303134304
AR,3479,-0.8077205077386045
AR,3480,-0.5379498167779715
AR,3481,0.8851341528276255
AR,3482,0.5324814986439355
AR,3483,0.22854810461151054
AR,3484,0.6347116856686373
AR,3485,-1.8196050483605006
AR,3486,1.6000391297796916
AR,3487,0.23374738510887855
AR,3488,-0.1932953851212773
AR,3489,4.2254244758091
AR,3490,2.993763129395219
AR,3491,-0.0883704515097332
AR,3492,-0.3169295709422393
AR,3493,0.8770450864888597
AR,3494,0.3666041305977673
AR,3495,-1.6409848644199336
AR,3496,-0.66726038481487
AR,3497,-1.0223271427568978
AR,3498,1.369965885335797
AR,3499,0.976499966340239
AR,3500,-3.3671296464094214
AR,3501,0.770768360560197
AR,3502,1.8358647212925785
AR,3503,-1.9856320225033897
AR,3504,-2.4777700332462587
AR,3505,-0.5207546493441463
AR,3506,0.1414265338173822
AR,3507,-2.0561417068790178
AR,3508,-1.5830973558230026
AR,3509,-0.4096130674662745
AR,3510,0.10025209638866497
AR,3511,-0.11688995830601123
AR,3512,-0.3846105900010863
AR,3513,-0.33503533292756116
AR,3514,-0.5425850732407838
AR,3515,1.1950412930606216
AR,3516,0.2647092964019834
AR,3517,2.3303019161588976
AR,3518,0.36281240526269903
AR,3519,3.693016766124167
AR,3520,-0.8258299985601898
AR,3521,0.32688190384201943
AR,3522,0.0478255643968145
AR,3523,1.919763619053236
AR,3524,-0.4832640803952381
AR,3525,-0.8028597659567911
AR,3526,-1.0727382663868188
AR,3527,-0.7908717214616279
AR,3528,-1.8511042216849967
AR,3529,-1.5931901179246426
AR,3530,-0.8522795899353938
AR,3531,-0.22515296069073687
AR,3532,0.6668983814176752
AR,3533,-0.08017172838415668
AR,3534,-1.0828390736711673
AR,3535,-0.8319766904730655
AR,3536,1.6262188219877143
AR,3537,0.9617382064064959
AR,3538,-0.3040587631378988
AR,3539,0.13838925182870548
AR,3540,0.6628109276320036
AR,3541,0.5800079303286348
AR,3542,-1.842220099577158
AR,3543,-1.2463962741180314
AR,3544,-1.2967756011803115
AR,3545,0.3259213994573508
AR,3546,-1.9759687811762012
AR,3547,-5.301850270125822
AR,3548,0.6424569597500245
AR,3549,-0.6389978417754413
AR,3550,-0.28064440444583344
AR,3551,2.628935717970548
AR,3552,1.5735547982319653
AR,3553,-0.3464521878054587
AR,3554,0.8771017360864796
AR,3555,-0.9957861744890596
AR,3556,3.8104718655669076
AR,3557,-0.3575927224810016
AR,3558,0.7131282307222883
AR,3559,0.2251088880756641
AR,3560,0.8078351659704464
AR,3561,1.2385136481904482
AR,3562,-1.6643380919372268
AR,3563,-0.3147446575983333
AR,3564,-0.21067069565187135
AR,3565,-0.3356306625451026
AR,3566,1.3298141434679718
AR,3567,0.7858621670490015
AR,3568,-2.018499180057361
AR,3569,0.5954194677913428
AR,3570,-1.143030872147725
AR,3571,2.082935567231334
AR,3572,-0.8126139803967305
AR,3573,-1.834234457054425
AR,3574,-0.34453214871701027
AR,3575,0.4105221768217332
AR,3576,-1.9600723279394119
AR,3577,0.4372875376575023
AR,3578,3.430305374860346
AR,3579,1.4248697453079242
AR,3580,1.1439446443130514
AR,3581,-0.09138363498832525
AR,3582,-1.3170269143770623
AR,3583,1.3166965972298255
AR,3584,-0.46395527323533003
AR,3585,0.7475526932695977
AR,3586,2.054157731198195
AR,3587,1.2103214709872387
AR,3588,1.4398218912584297
AR,3589,-0.08586222290342649
AR,3590,0.9264260445499887
AR,3591,0.7518194741421752
AR,3592,-3.925311713190725
AR,3593,-1.416106641878662
AR,3594,-0.9689307551576788
AR,3595,-0.44286408027538166
AR,3596,-3.3246512984993184
AR,3597,-0.8935374121970433
AR,3598,-0.16413487261212373
AR,3599,4.402966982497329
AR,3600,1.4687392373980037
AR,3601,-1.631925220143713
AR,3602,-0.10851666402806913
AR,3603,1.0638658060057278
AR,3604,0.3490317649206771
AR,3605,0.9543316750947409
AR,3606,-1.039206434738456
AR,3607,0.24873859567103362
AR,3608,0.18298347907998647
AR,3609,-1.269688505349149
AR,3610,-0.7812427336747725
AR,3611,-0.5640715941562693
AR,3612,-2.9055782074305903
AR,3613,0.10105291491733685
AR,3614,0.7933170673881408
AR,3615,-0.39680090382735883
AR,3616,-0.6179575721020681
AR,3617,-0.3452401755578755
AR,3618,-0.6644447796659254
AR,3619,1.7501072586571744
AR,3620,0.2523330226994273
AR,3621,-1.4212229226358377
AR,3622,-1.5943919347137874
AR,3623,0.860471843814296
AR,3624,-0.7341390837649069
AR,3625,-2.2363820639362726
AR,3626,1.57026968886041
AR,3627,1.0135821913823615
AR,3628,0.9469205912431817
AR,3629,-0.5109183039062342
AR,3630,1.6845479550680522
AR,3631,-0.21341191023700676
AR,3632,-1.0497019993805
AR,3633,1.0398118942809307
AR,3634,-2.2610410421001594
AR,3635,-1.405535679739172
AR,3636,0.37292148368362593
AR,3637,-0.9695066109657781
AR,3638,1.5913087213207129
AR,3639,0.10564748511514581
AR,3640,0.2643308361912039
AR,3641,-2.561562415750404
AR,3642,1.0986829032186243
AR,3643,2.4826769212641855
AR,3644,1.887032906402203
AR,3645,-1.839960585638008
AR,3646,0.046880720918129615
AR,3647,-0.48774481608439746
AR,3648,-0.6652351126775923
AR,3649,0.9184872826319959
AR,3650,-1.9559217650568557
AR,3651,-0.3328344607948588
AR,3652,0.06152844558596486
AR,3653,0.8775585504152971
AR,3654,2.088861212550692
AR,3655,3.0260773120161324
AR,3656,-1.0291282213875554
AR,3657,2.0162683513367257
AR,3658,0.5098433392772891
AR,3659,-0.11207549065229885
AR,3660,0.7598401591063675
AR,3661,-1.445775326864745
AR,3662,3.593269918273
AR,3663,-0.8942813067914585
AR,3664,1.3161456483596718
AR,3665,-0.5708424773245676
AR,3666,-0.5487473420269825
AR,3667,2.871593589350706
AR,3668,-3.58459258187579
AR,3669,-0.39095663255951196
AR,3670,0.06680879000047421
AR,3671,-1.1033401358780157
AR,3672,0.6777615612681851
AR,3673,1.5612051292582994
AR,3674,0.37851617747899696
AR,3675,4.046477277435338
AR,3676,3.8457195984130665
AR,3677,-1.1882146991828477
AR,3678,1.6589897304322747
AR,3679,1.7293162940826303
AR,3680,0.9572885040950948
AR,3681,-0.8718476600430306
AR,3682,1.804363281943149
AR,3683,-1.482039024623022
AR,3684,2.88827687118357
AR,3685,-2.702043549235183
AR,3686,0.31280356344651145
AR,3687,0.14186659943892016
AR,3688,1.4348366816833478
AR,3689,-5.333532277759319
AR,3690,0.39054797469981223
AR,3691,-0.37914651470156513
AR,3692,0.9035782817819116
AR,3693,-0.8113647708151696
AR,3694,-0.36946168583098604
AR,3695,-3.1630244900284965
AR,3696,1.3368803571673475
AR,3697,0.15086498567492998
AR,3698,-0.7673662667567376
AR,3699,3.4847784404713322
AR,3700,-0.8022347002005116
AR,3701,0.22017925646335976
AR,3702,3.6141446320114237
AR,3703,-0.5306535113489473
AR,3704,-0.14552379727283854
AR,3705,1.4638323104979873
AR,3706,3.590218673173159
AR,3707,-0.4182424059450171
AR,3708,6.21942829118233
AR,3709,0.9573266662296044
AR,3710,0.2298264137900265
AR,3711,-3.7434542258360297
AR,3712,-2.203828314259689
AR,3713,0.8562344939923405
AR,3714,4.140762692707318
AR,3715,1.3112337314735583
AR,3716,-0.5433949814660236
AR,3717,-2.583670014402997
AR,3718,-2.5249115114268452
AR,3719,1.2084248175830485
AR,3720,-4.106503134215656
AR,3721,1.655791048894226
AR,3722,4.389985437359621
AR,3723,-7.29732203052464
AR,3724,1.888562255991765
AR,3725,-1.3571515522263624
AR,3726,1.337290318690558
AR,3727,-2.5770055986416596
AR,3728,2.028438723073148
AR,3729,-0.34447812753853474
AR,3730,0.1361723551714184
AR,3731,0.7443730926262137
AR,3732,3.1752171222716385
AR,3733,-4.05193059560438
AR,3734,0.06213470864478021
AR,3735,-2.1593512154701835
AR,3736,-0.5626150059801184
AR,3737,0.7585498498647545
AR,3738,0.4110778576431909
AR,3739,1.0871737799602825
AR,3740,0.2036151394149783
AR,3741,3.185492890822806
AR,3742,-0.34805274688216525
AR,3743,2.5048030372852397
AR,3744,-1.4766543932696015
AR,3745,0.01873623901095943
AR,3746,0.10236729348816317
AR,3747,2.003905753359002
AR,3748,-2.2048636117529825
AR,3749,-0.41863050510291994
AR,3750,1.9051295318864605
AR,3751,-3.141137401965891
AR,3752,-1.6453351447536706
AR,3753,-1.965479598381564
AR,3754,-0.3153536714339136
AR,3755,0.3777264539702004
AR,3756,-1.2088542495688865
AR,3757,-3.7182250355166224
AR,3758,0.21279007160970315
AR,3759,-0.09126349212714358
AR,3760,1.7839007411843804
AR,3761,2.1138875648427566
AR,3762,-1.7868332129953404
AR,3763,-0.016065355247745924
AR,3764,-4.559636291865029
AR,3765,-1.0502814561076674
AR,3766,-1.2229171885156385
AR,3767,3.391044040984928
AR,3768,-0.5440187385149708
AR,3769,1.8624531384556509
AR,3770,-0.35584492791389305
AR,3771,-1.136482553184042
AR,3772,2.8402740190218476
AR,3773,2.1018383223061283
AR,3774,1.4827809066874955
AR,3775,-0.09744864763645346
AR,3776,0.5105054248238288
AR,3777,-2.1337775465542816
AR,3778,2.857364211189609
AR,3779,0.27223825227741516
AR,3780,0.06421130980744488
AR,3781,-2.8227448229004874
AR,3782,0.9642571409437961
AR,3783,-1.8879007091820432
AR,3784,-1.1578136228254041
AR,3785,-1.7260981137970648
AR,3786,0.7750191382678374
AR,3787,1.9357240257099184
AR,3788,-3.281156277936166
AR,3789,1.479014984038726
AR,3790,0.2477935167335043
AR,3791,0.8477888987484226
AR,3792,4.062786380909719
AR,3793,2.730921885439867
AR,3794,-0.15507317976741247
AR,3795,-0.1596026061897813
AR,3796,-2.0346955827137485
AR,3797,2.2992501220737207
AR,3798,1.1652031872031763
AR,3799,-1.6021395599170465
AR,3800,4.454158531938021
AR,3801,-0.9108094171081048
AR,3802,0.4723599046536372
AR,3803,-1.1607379996134912
AR,3804,-1.5603054157731875
AR,3805,0.9225993971396869
AR,3806,1.233453128758378
AR,3807,0.516355909464518
AR,3808,0.4605721188579782
AR,3809,-1.632145026590341
AR,3810,-3.282781466381124
AR,3811,-0.5010377238955501
AR,3812,2.1922928848744894
AR,3813,1.2096204857407709
AR,3814,-1.3173298489141558
AR,3815,0.9858085192179685
AR,3816,0.5529899937464721
AR,3817,-0.03188187479969119
AR,3818,5.858139376896212
AR,3819,0.4150441928055135
AR,3820,2.9006696533556617
AR,3821,-3.3660049461749115
AR,3822,-0.15948833922617028
AR,3823,-0.154129915015599
AR,3824,0.13468122572810498
AR,3825,2.301709576063393
AR,3826,-2.051552356521099
AR,3827,-3.381902613799082
AR,3828,-0.6056760561361636
AR,3829,0.07827061123560838
AR,3830,0.5460123692412416
AR,3831,-4.679524778036276
AR,3832,2.723343437808222
AR,3833,-2.3941273358398916
AR,3834,-1.96041068995903
AR,3835,0.17166689968753396
AR,3836,-1.3322721741159764
AR,3837,0.38813662955993833
AR,3838,-0.6323443965183417
AR,3839,2.9469068759180272
AR,3840,0.0930964559100046
AR,3841,-1.2730322899130022
AR,3842,-0.19665882236494656
AR,3843,1.4081044152405948
AR,3844,-3.0509287963605445
AR,3845,0.4126618967058353
AR,3846,-1.0634498652806788
AR,3847,0.3281498192455288
AR,3848,1.3409825880950539
AR,3849,-0.4751783110650215
AR,3850,1.647570402208443
AR,3851,0.8261797730987687
AR,3852,0.005309480497856858
AR,3853,-1.113794613244789
AR,3854,2.6419805372005527
AR,3855,0.21849081942762005
AR,3856,-0.09450389639627155
AR,3857,-3.018865176720399
AR,3858,-1.598702516602094
AR,3859,0.25420876169515444
AR,3860,-0.004452532786509571
AR,3861,-3.995343969242165
AR,3862,-1.0603722139337346
AR,3863,1.7804446621811254
AR,3864,0.3123580610330102
AR,3865,-0.21340689099225874
AR,3866,0.6025709714723135
AR,3867,-1.4590547534275906
AR,3868,-1.489593835938802
AR,3869,-0.1614717159193636
AR,3870,2.262152767360582
AR,3871,0.09363133381133001
AR,3872,1.0260028485795745
AR,3873,0.32181563119331186
AR,3874,0.1333774446004783
AR,3875,-0.02916284223195787
AR,3876,0.6881102312151169
AR,3877,-2.398418145945377
AR,3878,0.9308655264917606
AR,3879,2.5892177036614568
AR,3880,0.34172366055846903
AR,3881,-1.7540026415409227
AR,3882,0.6925063198537522
AR,3883,1.0522791099576312
AR,3884,-0.12720319100756483
AR,3885,-1.299758720757188
AR,3886,0.6512967334948023
AR,3887,-1.4087145653603457
AR,3888,0.5880691213683131
AR,3889,1.400974422641926
AR,3890,2.496259291523018
AR,3891,-1.0657326412638088
AR,3892,0.7416340259326714
AR,3893,1.7338947733044592
AR,3894,0.44864383633084726
AR,3895,-0.3678510766570797
AR,3896,-1.1524976742143973
AR,3897,0.5860655220728812
AR,3898,-0.6908851620238358
AR,3899,1.216651921300882
AR,3900,0.3240895367382978
AR,3901,-0.5926719506175698
AR,3902,0.6670869963623905
AR,3903,1.4605067837408214
AR,3904,-0.6233042939068921
AR,3905,0.6914683314000452
AR,3906,-1.2621293548326407
AR,3907,-0.6096691618416522
AR,3908,-1.8704559025838212
AR,3909,0.3167971856421606
AR,3910,-1.8611698087520738
AR,3911,-0.5527839340618425
AR,3912,1.8858120962498661
AR,3913,0.868939247799781
AR,3914,1.9837287817385987
AR,3915,-0.12114268016757469
AR,3916,-0.5285999512076489
AR,3917,-1.3792639736505183
AR,3918,2.743824743453933
AR,3919,0.9459193622757406
AR,3920,1.6940722440018063
AR,3921,-0.24934524094357646
AR,3922,0.0029370219501127504
AR,3923,0.4954643272478505
AR,3924,-0.47479873743476186
AR,3925,-0.9820890558364146
AR,3926,-1.4997195082503079
AR,3927,-0.27274148005716103
AR,3928,2.349781759263599
AR,3929,-0.344873254606456
AR,3930,2.246303173283198
AR,3931,-0.9058231563957541
AR,3932,-0.21574443325961695
AR,3933,-1.139860896238739
AR,3934,0.5470937786046383
AR,3935,-6.186908953719529
AR,3936,-6.873744952371987
AR,3937,1.373119205918185
AR,3938,-0.8467224975227938
AR,3939,3.878977042675071
AR,3940,0.5702685520225926
AR,3941,2.618697341587444
AR,3942,0.7559951543346892
AR,3943,-0.22455433040379363
AR,3944,1.3499942721182963
AR,3945,-0.6640824945291559
AR,3946,0.3405306485277715
AR,3947,-0.5610524726494128
AR,3948,3.210199265170754
AR,3949,-0.031289387459731116
AR,3950,-1.7766744461372703
AR,3951,0.4049684320905913
AR,3952,-0.6832923269742779
AR,3953,-1.0185044873988558
AR,3954,-0.6215753967685943
AR,3955,-1.218673086889724
AR,3956,1.4212041415245964
AR,3957,2.2188869776167084
AR,3958,-2.4269416036251243
AR,3959,-0.06097056280696192
AR,3960,0.9787267507948367
AR,3961,-0.5493550607639474
AR,3962,0.8802187320222515
AR,3963,-2.1062341167201035
AR,3964,1.2267748633268338
AR,3965,-1.1869459209953952
AR,3966,0.27018661344951744
AR,3967,2.2445809538097397
AR,3968,0.8365536891643471
AR,3969,-1.1156878464191065
AR,3970,1.2694044622561134
AR,3971,0.012104269112337869
AR,3972,-0.7509333061352857
AR,3973,-0.8847290032618526
AR,3974,1.043154501412233
AR,3975,-1.020217031385266
AR,3976,5.135707661147051
AR,3977,-0.7035804185595259
AR,3978,-0.24839693981755268
AR,3979,3.3254308634538714
AR,3980,0.771716775768328
AR,3981,2.080589775719914
AR,3982,-0.6620537325940787
AR,3983,-0.8547665094759189
AR,3984,0.3242543198863853
AR,3985,-0.27629629198866734
AR,3986,0.10610747445992369
AR,3987,2.183721659092798
AR,3988,-1.1074370883466416
AR,3989,-1.005669112443032
AR,3990,-1.0394404671106194
AR,3991,0.2471470232072613
AR,3992,-0.5395211779126996
AR,3993,0.9077718517560764
AR,3994,1.036306869617389
AR,3995,-2.087329667760182
AR,3996,0.49791406681492095
AR,3997,-0.18346194846661212
AR,3998,1.3643837219069916
AR,3999,0.7590544952096693
AR,4000,0.1379496188050915
AR,4001,-0.4538311510372425
AR,4002,-0.06490660838840379
AR,4003,-1.0528335003636986
AR,4004,1.7463295438671858
AR,4005,3.8932492868324986
AR,4006,-1.1005132858796327
AR,4007,-1.251999643922866
AR,4008,0.5975234018629572
AR,4009,0.5938753192654793
AR,4010,-0.13380703095440677
AR,4011,2.073515433210392
AR,4012,0.8842500121028597
AR,4013,-0.1774232011571381
AR,4014,-0.5518359137330395
AR,4015,-2.322726264905916
AR,4016,0.0009055345746046784
AR,4017,0.12335504778911674
AR,4018,-2.9193499648836396
AR,4019,-1.1269305373349456
AR,4020,0.7830358956504752
AR,4021,1.1278791489412705
AR,4022,0.9714915848902146
AR,4023,-0.011479642227172335
AR,4024,1.097898554846222
AR,4025,0.30031215063832617
AR,4026,-2.091125387268864
AR,4027,0.7580315507894789
AR,4028,1.5787917281942112
AR,4029,-1.368165056536743
AR,4030,-0.131433574109443
AR,4031,0.12355733826601203
AR,4032,-1.741560730739255
AR,4033,1.3566320608981404
AR,4034,0.6315479358122112
AR,4035,1.9112460616914482
AR,4036,-0.9707743733680878
AR,4037,0.04807105239710567
AR,4038,-0.021610442394263525
AR,4039,1.1327944616910315
AR,4040,1.924506482732295
AR,4041,2.1190897564453706
AR,4042,0.32481818332058426
AR,4043,0.7251071741769959
AR,4044,-1.3520646418510989
AR,4045,0.7369631917076549
AR,4046,0.8843223731607612
AR,4047,-1.240425293293935
AR,4048,0.6829714198802633
AR,4049,0.9589612924411939
AR,4050,1.4771256625379805
AR,4051,1.046458450764833
AR,4052,-0.36674345584024287
AR,4053,-2.150045086156994
AR,4054,0.3659864219296325
AR,4055,2.779634141287802
AR,4056,2.389607063004582
AR,4057,-0.20922840310342494
AR,4058,-0.35706795845294426
AR,4059,2.8742537952871388
AR,4060,1.9589600823299547
AR,4061,1.6387616342855713
AR,4062,-0.6757103013789805
AR,4063,1.3760729978456845
AR,4064,-0.7122875410342077
AR,4065,2.013582567346226
AR,4066,1.1165662570817265
AR,4067,-1.5514960737976833
AR,4068,2.1157626775489975
AR,4069,0.6314081180916838
AR,4070,1.5447077851932844
AR,4071,4.659379187865746
AR,4072,-1.8522951391730116
AR,4073,2.724744657413261
AR,4074,2.215361426131399
AR,4075,-4.657110921133354
AR,4076,1.26543674026109
AR,4077,-7.245008400970951
AR,4078,-0.5066045780296603
AR,4079,1.0565394484938844
AR,4080,-0.9502982076574544
AR,4081,-3.423440056374348
AR,4082,0.04137975320583441
AR,4083,1.9084821066154445
AR,4084,2.4726490140171213
AR,4085,-0.8150349742296383
AR,4086,-1.3091280200458921
AR,4087,-1.9033365811494674
AR,4088,1.8106243081905498
AR,4089,0.02067539577840855
AR,4090,0.6680055268102191
AR,4091,4.243742713349574
AR,4092,1.296390054748567
AR,4093,3.758692176408883
AR,4094,-1.905781885046172
AR,4095,-3.2508120204435635
AR,4096,-0.8105660783642503
AR,4097,1.0161446270758865
AR,4098,1.24603645348847
AR,4099,-1.4627107668425707
AR,4100,-1.4413226357282158
AR,4101,2.8005233690719775
AR,4102,0.20757956438925473
AR,4103,3.4215274004859686
AR,4104,0.04188009732181808
AR,4105,5.386458212279237
AR,4106,2.734779951512044
AR,4107,0.5483296818204334
AR,4108,0.04134198502330684
AR,4109,-2.3782121440130886
AR,4110,2.146697687129764
AR,4111,-0.37372509869788617
AR,4112,4.105552998656917
AR,4113,1.85549186782584
AR,4114,2.608352235889164
AR,4115,-2.7870220277373097
AR,4116,3.4786877422655174
AR,4117,-0.4861645680996653
AR,4118,3.642587702551937
AR,4119,-1.1180618847655883
AR,4120,2.434267503689257
AR,4121,2.7442294298410244
AR,4122,3.311339947136781
AR,4123,0.3753009003967721
AR,4124,8.677175268274768
AR,4125,-8.450334021585183
AR,4126,5.337994699890197
AR,4127,-5.969411400277162
SETAR,10,0.793433439159025
SETAR,11,-4.808386826405228
SETAR,12,-2.6381348941934957
SETAR,13,-2.02606457334702
SETAR,14,0.667642758913545
SETAR,15,-2.3037150395738544
SETAR,16,-1.091849754057081
SETAR,17,-2.2312813348338514
SETAR,18,-0.07763112585960302
SETAR,19,2.876626293643509
SETAR,20,-0.020931169479969897
SETAR,21,-2.102851156670025
SETAR,22,-6.891129484024808
SETAR,23,-1.3370175419680348
SETAR,24,-0.9045010894023376
SETAR,25,2.9258690391550317
SETAR,26,-2.1091072721085458
SETAR,27,2.6787422197335733
SETAR,28,-0.6135015614143742
SETAR,29,-0.18261723876702457
SETAR,30,3.647021150953295
SETAR,31,-1.0593372164856492
SETAR,32,-0.43146088053456183
SETAR,33,3.0099231711146217
SETAR,34,-0.31196844579346905
SETAR,35,-2.483212509308187
SETAR,36,0.7774271972622977
SETAR,37,1.4192531672821853
SETAR,38,1.9090429480310116
SETAR,39,-0.35598964088650326
SETAR,40,2.8997785572366634
SETAR,41,1.657668319789363
SETAR,42,-0.39257416138736
SETAR,43,1.303766924685479
SETAR,44,-0.5609078555657505
SETAR,45,-0.0669062701724027
SETAR,46,-1.3930464265361517
SETAR,47,0.5273942785048089
SETAR,48,-0.6237513249050233
SETAR,49,0.47319442520213156
SETAR,50,1.7458321232785898
SETAR,51,0.035857207474015856
SETAR,52,-0.3234596399747499
SETAR,53,-2.452629074579371
SETAR,54,-0.4043887236446538
SETAR,55,0.38368442642450357
SETAR,56,-2.7982691721447597
SETAR,57,0.35516033979219536
SETAR,58,1.8047294968430423
SETAR,59,2.682104208907242
SETAR,60,-0.9221590499950092
SETAR,61,1.357201501246744
SETAR,62,2.527513889842237
SETAR,63,-0.5616154128885328
SETAR,64,1.3930588692664088
SETAR,65,-0.7984879309825236
SETAR,66,1.0189861201908925
SETAR,67,-0.43916738707558134
SETAR,68,1.5873644871689911
SETAR,69,-1.130975404354786
SETAR,70,-0.3204862780881236
SETAR,71,1.2234288675473555
SETAR,72,-0.1954765286456887
SETAR,73,-3.6883798736091142
SETAR,74,-0.08964778150679023
SETAR,75,1.051379351968676
SETAR,76,1.0740221618000434
SETAR,77,-0.5641974373516072
SETAR,78,1.8819160367017143
SETAR,79,-0.21014191686712397
SETAR,80,-0.961452196250641
SETAR,81,-0.2826320651793925
SETAR,82,1.856283376418937
SETAR,83,0.9739818097163571
SETAR,84,0.7024676835046031
SETAR,85,-5.109065246014414
SETAR,86,-2.799365070262641
SETAR,87,1.108166941395323
SETAR,88,3.8160298310622625
SETAR,89,0.38589552477506217
SETAR,90,4.052426335715098
SETAR,91,0.9524677623485307
SETAR,92,-0.6643117849620237
SETAR,93,-0.43255563170202643
SETAR,94,-2.196994149923163
SETAR,95,-0.04093828404875624
SETAR,96,-4.045418972195375
SETAR,97,-2.8642441287261615
SETAR,98,0.12833238983395187
SETAR,99,1.2216291614774375
SETAR,100,0.174491854544538
SETAR,101,0.5467018625259376
SETAR,102,2.276356169394773
SETAR,103,-0.365900798092791
SETAR,104,0.880162464357188
SETAR,105,-0.8543934662139618
SETAR,106,-0.5983621643772059
SETAR,107,-1.9572188361452953
SETAR,108,-2.8233075113530006
SETAR,109,3.786535952691674
SETAR,110,0.6965578879473853
SETAR,111,-1.057945988681286
SETAR,112,0.6563056425934515
SETAR,113,0.07866315436105781
SETAR,114,0.005047642887304065
SETAR,115,1.7222775669604466
SETAR,116,-0.5526797611657376
SETAR,117,1.348559940831933
SETAR,118,2.3386566756663068
SETAR,119,-2.2400325671656147
SETAR,120,0.4593197576397765
SETAR,121,-1.3794662032214915
SETAR,122,0.6153028365262974
SETAR,123,1.9271137991094114
SETAR,124,-1.8632820099169303
SETAR,125,-1.0439729644403783
SETAR,126,0.5509674151170622
SETAR,127,-3.5231350522694616
SETAR,128,-0.17772627868617136
SETAR,129,0.025080962531056877
SETAR,130,-0.033047505147266565
SETAR,131,0.6719119745120508
SETAR,132,0.063863979867187
SETAR,133,0.2060310244162439
SETAR,134,-1.1134733633113174
SETAR,135,1.8443514055481889
SETAR,136,0.15046771468639009
SETAR,137,0.34313604223280425
SETAR,138,-2.5707137762197725
SETAR,139,-1.8610081552340878
SETAR,140,0.5070865367860243
SETAR,141,-0.14000948326804352
SETAR,142,2.25749414105365
SETAR,143,0.014148234504263474
SETAR,144,0.3610593776496669
SETAR,145,-2.8393521462876543
SETAR,146,-1.266866053980912
SETAR,147,0.6521698306146855
SETAR,148,2.0336813547394006
SETAR,149,1.781451254024534
SETAR,150,-0.028637449998998032
SETAR,151,-0.3661543139557299
SETAR,152,0.16158929734100153
SETAR,153,0.6805315950099617
SETAR,154,-0.7466092257746975
SETAR,155,-0.2552843322270077
SETAR,156,-2.174830511942832
SETAR,157,1.064620465830437
SETAR,158,0.505112032843997
SETAR,159,1.1290448054540605
SETAR,160,0.5347177191550719
SETAR,161,-0.7709523833987159
SETAR,162,-0.267454080713211
SETAR,163,-1.6053746441350019
SETAR,164,-0.0261365657329862
SETAR,165,1.8656785102945261
SETAR,166,2.9405967627790184
SETAR,167,-0.10867098783857099
SETAR,168,0.7715166761508474
SETAR,169,-0.2668631022134791
SETAR,170,1.577623880039177
SETAR,171,-0.06794733948760526
SETAR,172,1.3842663290340578
SETAR,173,0.8598759828957983
SETAR,174,0.6006584888568538
SETAR,175,-0.8320538810043375
SETAR,176,0.394161860231222
SETAR,177,-1.0468552925300239
SETAR,178,1.012518077014703
SETAR,179,0.7498891549559794
SETAR,180,1.928383670058848
SETAR,181,0.4136994340917599
SETAR,182,0.909497792644623
SETAR,183,-0.09890132185946648
SETAR,184,-0.15352935761351022
SETAR,185,0.9394709611360281
SETAR,186,0.8838009019738438
SETAR,187,-0.05747790252036448
SETAR,188,1.5054427759380078
SETAR,189,-0.035838962858378384
SETAR,190,1.3985197260094702
SETAR,191,0.730791034894084
SETAR,192,-0.8990703542439773
SETAR,193,1.6439603150507571
SETAR,194,-0.8857998190243217
SETAR,195,4.42717316815977
SETAR,196,1.1882809662902618
SETAR,197,-3.1794131755423
SETAR,198,3.215865370808647
SETAR,199,0.7604091385019723
SETAR,200,-0.2149663744281277
SETAR,201,2.9519886801540833
SETAR,202,2.7564953290779104
SETAR,203,-1.4549190090458581
SETAR,204,0.2408418005825481
SETAR,205,-4.134014770877194
SETAR,206,1.9472300721690055
SETAR,207,-3.3813039362662383
SETAR,208,0.596926873080401
SETAR,209,1.414172341439955
SETAR,210,0.8965661693381497
SETAR,211,-1.3292509229736003
SETAR,212,2.015817467968827
SETAR,213,3.174392830722926
SETAR,214,-0.6431364366697847
SETAR,215,1.1129876412133115
SETAR,216,-0.2106646322534425
SETAR,217,5.61963898241095
SETAR,218,1.2331996225271247
SETAR,219,3.290342205954292
SETAR,220,-3.0196629117559457
SETAR,221,0.23920536908718082
SETAR,222,2.1836923483234862
SETAR,223,-5.938066103426886
SETAR,224,-1.8617514946469156
SETAR,225,-0.3006632433308106
SETAR,226,0.9803652481320373
SETAR,227,4.778354989953003
SETAR,228,0.8974608676242037
SETAR,229,1.951738039395257
SETAR,230,-1.3202919810935911
SETAR,231,-0.14503883993086444
SETAR,232,-0.04723689416200666
SETAR,233,-3.275363451163259
SETAR,234,1.9014112535101357
SETAR,235,3.3191332199473065
SETAR,236,0.9420207772777159
SETAR,237,0.36579256838400065
SETAR,238,2.7588957304685033
SETAR,239,2.4915265930928716
SETAR,240,-5.0703011400584606
SETAR,241,-0.6819272210665127
SETAR,242,1.5601380432507361
SETAR,243,-0.18324794665008115
SETAR,244,2.8015334028664753
SETAR,245,-0.2860992991097785
SETAR,246,-2.727170273154603
SETAR,247,0.4593656541974759
SETAR,248,1.0403725965592157
SETAR,249,0.5669874290690341
SETAR,250,-0.03873935147209187
SETAR,251,-0.4010070897177131
SETAR,252,0.12031129715850145
SETAR,253,-0.015047529047654287
SETAR,254,3.5275965037223473
SETAR,255,0.6080761522595878
SETAR,256,-0.43707855611365953
SETAR,257,1.587891779066153
SETAR,258,-0.4682167302563208
SETAR,259,-3.0500511329756885
SETAR,260,-1.634567971275335
SETAR,261,-0.6769382068750428
SETAR,262,-1.8857748853122147
SETAR,263,1.93078573426506
SETAR,264,1.164569375891762
SETAR,265,0.5152452151311794
SETAR,266,-3.4039392859924384
SETAR,267,-1.2282604531107602
SETAR,268,-0.44456117759811764
SETAR,269,2.072678759095063
SETAR,270,-0.4091564605765506
SETAR,271,-4.771633104329065
SETAR,272,0.31340337765778287
SETAR,273,-1.706890133080444
SETAR,274,-0.3095443853813949
SETAR,275,2.583248804606689
SETAR,276,-2.6466059467058827
SETAR,277,3.8565946804475013
SETAR,278,0.18820928574090548
SETAR,279,1.5408151259911749
SETAR,280,-1.0296931023362221
SETAR,281,1.796026164399343
SETAR,282,0.6667532593719637
SETAR,283,0.819114196907188
SETAR,284,3.0244687436615325
SETAR,285,-0.33233674703829497
SETAR,286,-0.011479513976596835
SETAR,287,-0.824526155595392
SETAR,288,2.042177356331175
SETAR,289,0.4765331811276547
SETAR,290,-0.29377197768169194
SETAR,291,3.434570174173142
SETAR,292,3.04844274495671
SETAR,293,3.5390518583681008
SETAR,294,-2.6510050544272916
SETAR,295,0.873572743989257
SETAR,296,-3.9735718381399376
SETAR,297,3.2405976205019194
SETAR,298,1.5324924252628567
SETAR,299,1.9537859729167946
SETAR,300,-0.2826677194792392
SETAR,301,-1.6031831755512271
SETAR,302,3.903655364083432
SETAR,303,1.2355690777325001
SETAR,304,0.11590966395126885
SETAR,305,0.3535877254119065
SETAR,306,-2.4028821808267455
SETAR,307,1.906235664397234
SETAR,308,-0.24514767930881604
SETAR,309,-4.8037514553088885
SETAR,310,-0.6075596375607071
SETAR,311,2.0092794485936585
SETAR,312,2.000625906827865
SETAR,313,1.999381889927371
SETAR,314,0.6680353483145738
SETAR,315,2.5442088908630125
SETAR,316,0.2530624339189277
SETAR,317,-0.4995303019291548
SETAR,318,-0.44282845578457375
SETAR,319,-0.14783800730754318
SETAR,320,0.9190669807045192
SETAR,321,0.4741201612472696
SETAR,322,0.3189391881721442
SETAR,323,2.0280035862532104
SETAR,324,1.727505647603945
SETAR,325,0.4434473807528741
SETAR,326,0.34511958702196244
SETAR,327,3.1499562281544002
SETAR,328,-1.5647020813059387
SETAR,329,-0.2804974751565429
SETAR,330,1.4497716834267664
SETAR,331,3.7331343429709123
SETAR,332,1.7041255741495842
SETAR,333,0.777125391812077
SETAR,334,1.169275496212652
SETAR,335,2.9482427939881752
SETAR,336,3.033500544338694
SETAR,337,0.6383282293190767
SETAR,338,-3.16541765455641
SETAR,339,4.361915791056163
SETAR,340,1.9566606026352868
SETAR,341,-1.27639015756235
SETAR,342,-8.54160690111976
SETAR,343,-6.156524656573588
SETAR,344,-5.4065078440183045
SETAR,345,-12.543879815823486
SETAR,346,2.883147553210129
SETAR,347,5.566674193121537
SETAR,348,1.36310408928622
SETAR,349,-9.678265145341452
SETAR,350,-2.368570315676471
SETAR,351,2.553004944531606
SETAR,352,-4.856133200832448
SETAR,353,0.9445185190646525
SETAR,354,3.1795107018707216
SETAR,355,-0.0867253142395816
SETAR,356,0.07227655348209083
SETAR,357,0.08909135326500471
SETAR,358,4.387017017892728
SETAR,359,3.105522996224884
SETAR,360,-1.985040207530436
SETAR,361,2.128249093451456
SETAR,362,0.5816843017679114
SETAR,363,0.7798088995321686
SETAR,364,-4.483895752813457
SETAR,365,-2.2994683104021627
SETAR,366,0.28928952779065187
SETAR,367,1.4591994994062425
SETAR,368,0.7238109288431404
SETAR,369,-0.976725863926875
SETAR,370,2.0706064107392383
SETAR,371,-3.5536134594037345
SETAR,372,-3.8600009414215326
SETAR,373,2.002329990823836
SETAR,374,1.5986661855462945
SETAR,375,-0.967814335585415
SETAR,376,0.796497275974888
SETAR,377,0.5551100287189324
SETAR,378,0.7419790446410395
SETAR,379,-0.25007783519873444
SETAR,380,-2.7641400038190187
SETAR,381,-2.626321927794685
SETAR,382,-1.965333027857504
SETAR,383,1.0966811077002085
SETAR,384,2.5317914135094326
SETAR,385,-0.6516214012709651
SETAR,386,-2.449638658331333
SETAR,387,0.9463913284902695
SETAR,388,3.9692838343587886
SETAR,389,0.9418572800156941
SETAR,390,1.3364169235879468
SETAR,391,0.751644751411226
SETAR,392,-2.7331861218353137
SETAR,393,0.5916662369473658
SETAR,394,5.879549296391023
SETAR,395,-0.42941029113503565
SETAR,396,2.79937738623953
SETAR,397,3.1435476709122465
SETAR,398,-3.8135867823220533
SETAR,399,2.9906713628371286
SETAR,400,-1.4982816223975857
SETAR,401,1.4273515885394454
SETAR,402,0.5513120548139963
SETAR,403,1.1301251095095464
SETAR,404,-1.6799595520442256
SETAR,405,-1.640163809023488
SETAR,406,0.543185228451155
SETAR,407,-1.579290100642343
SETAR,408,4.004832030878691
SETAR,409,1.922603761135845
SETAR,410,-7.255732828869153
SETAR,411,-1.022684175723069
SETAR,412,2.0999260205953107
SETAR,413,-3.3191954803243764
SETAR,414,4.10924118937074
SETAR,415,-1.874983095145405
SETAR,416,0.5978080621232437
SETAR,417,1.9429463344446714
SETAR,418,0.1249515264688954
SETAR,419,0.688828225556639
SETAR,420,1.0159608301224576
SETAR,421,5.395706454688945
SETAR,422,1.6078519283105983
SETAR,423,-4.3665368833275675
SETAR,424,-5.108708281584662
SETAR,425,3.331016853389355
SETAR,426,1.1737585286808907
SETAR,427,-1.3773637949720516
SETAR,428,0.9847919710136845
SETAR,429,0.6101227323981362
SETAR,430,-0.10697131255815248
SETAR,431,4.17943531607832
SETAR,432,-1.0487175953575465
SETAR,433,-2.183269402865723
SETAR,434,-0.7908787402026879
SETAR,435,1.8672791661095096
SETAR,436,-1.4176102090504483
SETAR,437,-3.7147716992224407
SETAR,438,2.2017032686330302
SETAR,439,-0.5134174406399703
SETAR,440,-2.1493344540253947
SETAR,441,1.9411605936009158
SETAR,442,-2.321185709930477
SETAR,443,0.3009311611483173
SETAR,444,-0.34806438581877114
SETAR,445,-10.169167629795894
SETAR,446,-14.549844535625004
SETAR,447,0.4071878649448831
SETAR,448,3.8066227341528527
SETAR,449,-7.137444141973352
SETAR,450,2.3140026496346495
SETAR,451,-2.3908105955222267
SETAR,452,1.2495383013524588
SETAR,453,-1.0025975752006857
SETAR,454,0.6105938864735023
SETAR,455,4.597836563238272
SETAR,456,-2.2027829629441844
SETAR,457,2.9352314892422924
SETAR,458,0.12944934823310056
SETAR,459,1.1506034601378274
SETAR,460,-2.4009943604371524
SETAR,461,0.7518401902328644
SETAR,462,-1.1956482163331767
SETAR,463,0.43083630998485434
SETAR,464,-2.538823877890666
SETAR,465,-2.574286077930688
SETAR,466,2.6570263501558804
SETAR,467,1.0599524584902082
SETAR,468,4.372751253887238
SETAR,469,0.24780752706944098
SETAR,470,4.640093679997026
SETAR,471,0.907591540472783
SETAR,472,-3.6902574733031552
SETAR,473,-1.9574588653008635
SETAR,474,2.538229016718742
SETAR,475,0.39734831789023384
SETAR,476,-1.0824801795784422
SETAR,477,2.4391340774537182
SETAR,478,0.10431164414237509
SETAR,479,-2.4831533827830894
SETAR,480,0.06600199235460008
SETAR,481,1.938212758988208
SETAR,482,-1.4601575985392856
SETAR,483,1.0185439015727258
SETAR,484,-2.563076570742494
SETAR,485,-6.637206804985332
SETAR,486,2.488326871599437
SETAR,487,-2.3877745781037873
SETAR,488,3.5356655836313093
SETAR,489,-3.491984470753671
SETAR,490,-0.35666406530297645
SETAR,491,-2.6739227358159265
SETAR,492,3.066831692261121
SETAR,493,-0.692540132612509
SETAR,494,2.7533790758589745
SETAR,495,-0.42193797776164127
SETAR,496,-0.74525399754495
SETAR,497,-1.5926537110846857
SETAR,498,1.9493572712986793
SETAR,499,-0.7738860534011291
SETAR,500,-2.674255553034223
SETAR,501,1.7115622565266455
SETAR,502,-2.5116540545290174
SETAR,503,-1.549094641373406
SETAR,504,-6.2102831332627115
SETAR,505,0.623773520859367
SETAR,506,1.5013500058642937
SETAR,507,-3.4646642172203514
SETAR,508,2.477344228098566
SETAR,509,-0.16439302484256746
SETAR,510,-1.2229230463508327
SETAR,511,0.021831512786477304
SETAR,512,-1.3518797902398085
SETAR,513,-5.8787704147280815
SETAR,514,2.7889475036012206
SETAR,515,0.1577482626297451
SETAR,516,6.362695998503178
SETAR,517,-2.322276524355897
SETAR,518,-0.10316795063591344
SETAR,519,-1.9496884577705154
SETAR,520,0.6986727487235429
SETAR,521,2.9842251078209956
SETAR,522,0.06596751600478232
SETAR,523,0.7390440354534693
SETAR,524,-1.6104878497285369
SETAR,525,0.4687919799433973
SETAR,526,0.2980951509491111
SETAR,527,1.529865256742978
SETAR,528,0.2107027300664801
SETAR,529,4.865598700700024
SETAR,530,0.3475676139773747
SETAR,531,-1.4203330581810687
SETAR,532,3.9464075362940405
SETAR,533,0.9952356389591203
SETAR,534,1.267033806439502
SETAR,535,-1.2673643412755762
SETAR,536,-1.3177663178250085
SETAR,537,1.758286021448941
SETAR,538,1.9849979193509906
SETAR,539,-2.1578826115511256
SETAR,540,0.1556644773876609
SETAR,541,1.4647382325081106
SETAR,542,-0.5293978101125262
SETAR,543,-0.1927520030793975
SETAR,544,-0.9752151925547905
SETAR,545,0.1847209160301746
SETAR,546,-0.3825240291310747
SETAR,547,-0.36367219933250056
SETAR,548,0.14491713751053095
SETAR,549,-0.6581629171137855
SETAR,550,0.9409627754171036
SETAR,551,2.102717684450621
SETAR,552,-0.14844094578798037
SETAR,553,3.041350105124633
SETAR,554,-0.06582527461007481
SETAR,555,-0.1592198519492318
SETAR,556,4.0682371727220215
SETAR,557,-6.054929944113989
SETAR,558,2.660438046578622
SETAR,559,-1.955965859839346
SETAR,560,-2.780936281881247
SETAR,561,-3.0957863429048698
SETAR,562,1.3820200935503424
SETAR,563,1.086764843956377
SETAR,564,1.0475581885171872
SETAR,565,-1.8767420040485938
SETAR,566,-1.3728477387813631
SETAR,567,-3.531493588817039
SETAR,568,0.6518883400489953
SETAR,569,-0.04443296465252172
SETAR,570,1.1628697635779333
SETAR,571,-2.6685287850627173
SETAR,572,0.2596104346869385
SETAR,573,-1.8457101191214897
SETAR,574,1.7560703332407628
SETAR,575,1.7561997103944442
SETAR,576,-0.9004960901829266
SETAR,577,-1.6515837313513408
SETAR,578,0.4293411684483393
SETAR,579,0.10612605933694955
SETAR,580,2.231466705757417
SETAR,581,-1.186255921487241
SETAR,582,-3.9888092460697417
SETAR,583,1.375374361905623
SETAR,584,-0.15166651971129885
SETAR,585,0.5576873486943492
SETAR,586,-0.6948901520708173
SETAR,587,2.1827663693289874
SETAR,588,-2.745065071675663
SETAR,589,0.04685592559991378
SETAR,590,0.6936317624045651
SETAR,591,-0.2570664708673761
SETAR,592,0.4315867267283738
SETAR,593,-0.33148490269606934
SETAR,594,-2.727521558548791
SETAR,595,0.3287582566927702
SETAR,596,-0.620608363929544
SETAR,597,0.9552223511152802
SETAR,598,0.6540709053716796
SETAR,599,-0.9526140484658506
SETAR,600,-0.16608670741796958
SETAR,601,-0.9530599558632936
SETAR,602,-1.688956338332236
SETAR,603,1.0256970132553722
SETAR,604,-1.1081149994414232
SETAR,605,-1.9295525877688702
SETAR,606,-0.6677840627204183
SETAR,607,-0.6392703102439522
SETAR,608,-0.5332025947134785
SETAR,609,-2.6611800412911273
SETAR,610,-1.4400351927007262
SETAR,611,-1.8212521542431586
SETAR,612,3.064851946705104
SETAR,613,2.198190570067505
SETAR,614,-1.0098816380708813
SETAR,615,-1.098559112227195
SETAR,616,-1.583024720236836
SETAR,617,1.8591469675690033
SETAR,618,0.5614502185227248
SETAR,619,-0.5460964118970139
SETAR,620,-1.9545873602878947
SETAR,621,0.07817094769175534
SETAR,622,-0.8920893621305506
SETAR,623,2.9936748019443993
SETAR,624,-1.1752638544048217
SETAR,625,0.9280220961404902
SETAR,626,3.1792271864517114
SETAR,627,-2.6419928043709437
SETAR,628,-0.26755184604795695
SETAR,629,0.44686197550754253
SETAR,630,1.2379937578762648
SETAR,631,-0.39203678507000567
SETAR,632,-0.8400769545566292
SETAR,633,0.1301019146400029
SETAR,634,0.3711479124453725
SETAR,635,-1.2915734352101642
SETAR,636,-1.1903055578030377
SETAR,637,-4.229535335716181
SETAR,638,0.2622611235541457
SETAR,639,2.251782580208847
SETAR,640,-1.8152655672481846
SETAR,641,-0.6448286219150934
SETAR,642,-2.199143732664361
SETAR,643,4.089538848605692
SETAR,644,-0.20302153198659115
SETAR,645,2.5789466464464366
SETAR,646,-0.47200128452083245
SETAR,647,-1.9427537544741789
SETAR,648,-2.00704444971064
SETAR,649,0.8629098258426335
SETAR,650,-2.2876232625068282
SETAR,651,1.3744493096010337
SETAR,652,0.1416784739644938
SETAR,653,0.41992665506188637
SETAR,654,-0.26196248877849354
SETAR,655,-0.003725237844843049
SETAR,656,-0.3237553434841869
SETAR,657,0.2253685279704732
SETAR,658,0.09876763291088893
SETAR,659,-0.9670085693429131
SETAR,660,-0.2412159921968952
SETAR,661,1.4298834619554026
SETAR,662,0.6357296471033724
SETAR,663,0.6424147229650882
SETAR,664,1.6231225457986547
SETAR,665,-0.7488570887228501
SETAR,666,-2.0920082087891627
SETAR,667,-0.8314183210198253
SETAR,668,2.3503371181122295
SETAR,669,0.1795545068697323
SETAR,670,0.6768410424601063
SETAR,671,-0.24330088293109198
SETAR,672,0.31866405197763914
SETAR,673,-0.23995927483823698
SETAR,674,-1.0165790773217591
SETAR,675,0.033651232880499114
SETAR,676,0.10713522706235155
SETAR,677,1.2992888930044684
SETAR,678,-0.5264612212318684
SETAR,679,2.5323511164776003
SETAR,680,1.6649912130490414
SETAR,681,1.7070205729419696
SETAR,682,2.1012031343226925
SETAR,683,0.9246569051561037
SETAR,684,-0.3093397744396595
SETAR,685,0.23507383173415144
SETAR,686,-0.6002913524990848
SETAR,687,-0.7654729971586458
SETAR,688,4.197709900824151
SETAR,689,0.9553249931515002
SETAR,690,0.6327570918492386
SETAR,691,-0.3130634168050082
SETAR,692,1.2221422219533962
SETAR,693,2.978922424339735
SETAR,694,-1.010899534105621
SETAR,695,0.33298013456201103
SETAR,696,-0.5488074267962099
SETAR,697,3.9689267063880895
SETAR,698,-0.30064482391734604
SETAR,699,-1.2602952259870681
SETAR,700,1.7579791155897082
SETAR,701,-0.43085005837456875
SETAR,702,0.21218112915802234
SETAR,703,-0.3972087487602774
SETAR,704,-1.7596650855387055
SETAR,705,-0.5549114604662312
SETAR,706,0.6617914952154613
SETAR,707,1.8893893607538912
SETAR,708,-0.59060227985398
SETAR,709,0.48114538801566
SETAR,710,-0.07831426585009553
SETAR,711,-0.1270684577732272
SETAR,712,1.0604479764391463
SETAR,713,-1.4687220913353962
SETAR,714,-1.4228147009477954
SETAR,715,-0.1810553162726831
SETAR,716,0.23292438726326542
SETAR,717,-0.011928567308852903
SETAR,718,-1.6998694939538102
SETAR,719,-2.2124697846203616
SETAR,720,0.9573736926615359
SETAR,721,0.7647549708999493
SETAR,722,-1.4144582842764435
SETAR,723,-2.301724527149608
SETAR,724,1.3211919139845842
SETAR,725,-2.359120245925198
SETAR,726,0.2426443136385337
SETAR,727,1.1007258960043103
SETAR,728,-0.10374035699130849
SETAR,729,-0.9662123382463398
SETAR,730,0.09504810106828068
SETAR,731,1.3554053035002922
SETAR,732,0.06629829985211232
SETAR,733,-4.395686872962041
SETAR,734,1.0568830310605626
SETAR,735,2.8731395913931306
SETAR,736,-0.7516458599563367
SETAR,737,1.5074834044798322
SETAR,738,0.816337624482087
SETAR,739,-0.7625445313980921
SETAR,740,0.2729269498941357
SETAR,741,0.6638213703041093
SETAR,742,-0.3278994384425045
SETAR,743,-0.8415563122163515
SETAR,744,2.392690331208984
SETAR,745,0.11278522987903153
SETAR,746,0.5759452921354282
SETAR,747,-0.056981964257116324
SETAR,748,1.9864587603827262
SETAR,749,0.23416728985805743
SETAR,750,-0.38855912555994965
SETAR,751,-0.9022103722173723
SETAR,752,1.2922521237024884
SETAR,753,-2.423270765951806
SETAR,754,0.7221986732770748
SETAR,755,-2.147608593736053
SETAR,756,-0.47626319136741135
SETAR,757,0.40320279690193717
SETAR,758,0.10276869634820669
SETAR,759,0.4831167227082094
SETAR,760,-0.8286971938100138
SETAR,761,1.461241774954939
SETAR,762,-2.8404320257684432
SETAR,763,-0.6797820909394499
SETAR,764,0.08773914825746683
SETAR,765,-2.0909727364230335
SETAR,766,-2.065033092985783
SETAR,767,-3.326449985480412
SETAR,768,0.3162798083507061
SETAR,769,-0.32568111820060247
SETAR,770,0.32281202577748247
SETAR,771,0.3244886581920948
SETAR,772,-0.49835873041155
SETAR,773,0.9271362386454214
SETAR,774,2.585988430857038
SETAR,775,-3.159482181035798
SETAR,776,0.7005321110671607
SETAR,777,-0.6316587995024311
SETAR,778,0.7155294640115032
SETAR,779,-0.31397365784965303
SETAR,780,1.65119967052739
SETAR,781,-1.3465671272603972
SETAR,782,1.9684172369453345
SETAR,783,0.9466783895394669
SETAR,784,0.26781887697356654
SETAR,785,0.7391061272268907
SETAR,786,0.31057935472732656
SETAR,787,0.5030383942884725
SETAR,788,0.6878316174439862
SETAR,789,-0.022567177671127668
SETAR,790,-1.803137078771523
SETAR,791,-1.339956262335074
SETAR,792,-1.005498190217449
SETAR,793,1.7897445310625197
SETAR,794,1.803387222070098
SETAR,795,-1.9204546403488085
SETAR,796,1.223588862097068
SETAR,797,-0.12346743701523
SETAR,798,0.06848672800187008
SETAR,799,0.048448771523133656
SETAR,800,-1.3866203823730427
SETAR,801,-0.040847805758502616
SETAR,802,-1.4828141848660852
SETAR,803,0.6063402371307092
SETAR,804,-1.1329000356115413
SETAR,805,-1.227620014624076
SETAR,806,-1.9708077252504892
SETAR,807,0.7127188024851072
SETAR,808,-1.7501665633840244
SETAR,809,-3.131077910417148
SETAR,810,0.534825685009806
SETAR,811,0.19883151252170522
SETAR,812,0.8241282184620528
SETAR,813,1.2621844759830017
SETAR,814,-1.5382401161373203
SETAR,815,-1.4939584008062363
SETAR,816,0.36254381481755843
SETAR,817,-0.012134625908087178
SETAR,818,0.34823820842021963
SETAR,819,1.2196753218348275
SETAR,820,-0.6418832600506139
SETAR,821,0.27958960196658694
SETAR,822,0.0381275500337607
SETAR,823,0.4701739896362938
SETAR,824,-0.8355706834352543
SETAR,825,-0.3431420725437778
SETAR,826,-0.07761131463115456
SETAR,827,0.385641653544634
SETAR,828,0.020002747843434275
SETAR,829,-0.31222669913341977
SETAR,830,1.2046352410748769
SETAR,831,-1.5377530284991876
SETAR,832,0.4451627856919416
SETAR,833,-0.292141556925509
SETAR,834,-0.4441296929236429
SETAR,835,-1.2085688985696608
SETAR,836,-1.0134211554539438
SETAR,837,-2.7181458461248935
SETAR,838,-1.0062327641865287
SETAR,839,-0.17009156911314982
SETAR,840,1.4848830925175918
SETAR,841,-0.25863359640632805
SETAR,842,2.3426938865397067
SETAR,843,-1.2714198785923394
SETAR,844,-0.36955486613348787
SETAR,845,-6.045036308454916
SETAR,846,-14.365056299452371
SETAR,847,3.650522011123547
SETAR,848,-0.24871365400638512
SETAR,849,-0.5091037873378249
SETAR,850,-0.5407831997336953
SETAR,851,0.723280847805968
SETAR,852,-2.1172379379545156
SETAR,853,1.0391536104010342
SETAR,854,5.200861801208853
SETAR,855,-1.9849527887936287
SETAR,856,2.7488277274765216
SETAR,857,-1.2784032189680077
SETAR,858,-3.267434459542774
SETAR,859,0.8907539763154636
SETAR,860,1.369629345585753
SETAR,861,-0.4724647339509266
SETAR,862,-0.27990031107250685
SETAR,863,0.09067111199235278
SETAR,864,-1.0615525444131022
SETAR,865,0.3363504832159365
SETAR,866,-0.6051342714599462
SETAR,867,-1.0332126711718974
SETAR,868,-3.5123556769234914
SETAR,869,0.5346602757862743
SETAR,870,-2.1959347290284983
SETAR,871,3.195383643411768
SETAR,872,-2.3011536356522013
SETAR,873,-0.6252603963306365
SETAR,874,1.436447486813638
SETAR,875,-0.9229004887252004
SETAR,876,1.2844468898050414
SETAR,877,-1.4544063009884862
SETAR,878,0.28486417362131455
SETAR,879,1.254270799312427
SETAR,880,-2.59224426987873
SETAR,881,2.445253365842383
SETAR,882,-0.893447981654316
SETAR,883,-0.3087493230192496
SETAR,884,0.40591188907890213
SETAR,885,-4.625020201839644
SETAR,886,1.4683072615588868
SETAR,887,-1.131296865903336
SETAR,888,0.5298115753495698
SETAR,889,0.11349629014572804
SETAR,890,0.9337637808354343
SETAR,891,-0.9809998697897432
SETAR,892,-0.8464578709268451
SETAR,893,-1.2517468388043496
SETAR,894,-8.244106863121283
SETAR,895,2.3392924783823767
SETAR,896,-2.0227483730431213
SETAR,897,-0.2686518172064006
SETAR,898,-6.056573266717324
SETAR,899,-0.9609601580512459
SETAR,900,6.214418774514675
SETAR,901,-0.41971079378609405
SETAR,902,-1.417619140564093
SETAR,903,2.1339275339287322
SETAR,904,-0.7939278407182508
SETAR,905,-3.550797177368367
SETAR,906,1.2274008288169196
SETAR,907,1.3428987116885618
SETAR,908,0.24657745060773462
SETAR,909,3.8284147977191196
SETAR,910,-0.9864605934608717
SETAR,911,-0.16934575418665176
SETAR,912,0.2093122312935155
SETAR,913,-3.44181220739577
SETAR,914,0.38740167148115423
SETAR,915,0.7686438809357761
SETAR,916,4.948219433003717
SETAR,917,-0.6128628392424034
SETAR,918,-1.5753006048158547
SETAR,919,0.48531187068557935
SETAR,920,-0.8517721886053664
SETAR,921,-0.8384872150307621
SETAR,922,-0.6719809527922322
SETAR,923,0.56773428135645
SETAR,924,-1.1739574919952456
SETAR,925,1.0075196485339997
SETAR,926,-0.6117039853560635
SETAR,927,-0.9280810200967554
SETAR,928,0.36379938757792796
SETAR,929,3.3783024485703557
SETAR,930,0.8361874619546221
SETAR,931,4.312086538142653
SETAR,932,0.13203299436003016
SETAR,933,1.5669359773334373
SETAR,934,4.955940164269238
SETAR,935,1.0910663877815914
SETAR,936,-0.09027788001699172
SETAR,937,-0.8153689254724871
SETAR,938,-0.6502507280124288
SETAR,939,1.0786279685264852
SETAR,940,3.5373419442020233
SETAR,941,1.2587517642997397
SETAR,942,0.5018187244800312
SETAR,943,-0.46205635398377287
SETAR,944,-2.084536930812753
SETAR,945,-2.0135764097878344
SETAR,946,3.216338578662489
SETAR,947,0.17958647523642685
SETAR,948,-3.44077024399849
SETAR,949,-1.1637682653702182
SETAR,950,2.839236994260144
SETAR,951,-0.6848480711477967
SETAR,952,-3.203183446938356
SETAR,953,1.0187891129577533
SETAR,954,-5.992664076396675
SETAR,955,2.1889449566815835
SETAR,956,-1.9234364673399893
SETAR,957,-0.2678539464642595
SETAR,958,5.228821543957916
SETAR,959,0.8725550569137663
SETAR,960,-5.827902053629223
SETAR,961,-0.22223301803536244
SETAR,962,0.5830177257674632
SETAR,963,0.19364220146003458
SETAR,964,-0.33371907415520446
SETAR,965,0.01311913582170651
SETAR,966,-0.17513458546522892
SETAR,967,-2.41385599366843
SETAR,968,2.5862201796307978
SETAR,969,-0.3269478171865557
SETAR,970,0.2134481386030917
SETAR,971,2.910722336914516
SETAR,972,-0.11519590735193577
SETAR,973,-2.061189606628065
SETAR,974,-0.6115834917683253
SETAR,975,-1.7541100136934002
SETAR,976,-0.22526269638336932
SETAR,977,0.48411676120828695
SETAR,978,0.11860240950117648
SETAR,979,2.1030731380615624
SETAR,980,0.05072069843056591
SETAR,981,1.4449245024572914
SETAR,982,2.023189995987995
SETAR,983,-0.6601956959418487
SETAR,984,0.7179125197438072
SETAR,985,-0.6408733206777251
SETAR,986,-0.38285940521702
SETAR,987,-0.07055345222719814
SETAR,988,0.7818630554728776
SETAR,989,-3.3678453365823757
SETAR,990,-0.0349383657582982
SETAR,991,-0.9835740307089043
SETAR,992,0.25926849472243657
SETAR,993,0.38442436540056746
SETAR,994,-0.7363316457577308
SETAR,995,-0.8114556866649014
SETAR,996,-0.5023249218915529
SETAR,997,-2.955571903573871
SETAR,998,-0.4429564558088243
SETAR,999,0.8245159890154989
SETAR,1000,-0.15676934252129546
SETAR,1001,-1.8245380985466397
SETAR,1002,-0.11938024552747947
SETAR,1003,-2.477700378159013
SETAR,1004,0.5949537109565141
SETAR,1005,-0.5223579798544613
SETAR,1006,1.817807663405984
SETAR,1007,-2.0770484675157035
SETAR,1008,-0.943487327448409
SETAR,1009,0.4045716061928183
SETAR,1010,1.3407217051053792
SETAR,1011,-4.3458259258638
SETAR,1012,-0.020881486272411265
SETAR,1013,2.987590825323865
SETAR,1014,-1.317559098526234
SETAR,1015,0.41531739703262105
SETAR,1016,1.8948287003325477
SETAR,1017,2.7419085772339
SETAR,1018,-0.7173958657292514
SETAR,1019,-3.9231373428260334
SETAR,1020,0.5568730090025433
SETAR,1021,1.821130395503084
SETAR,1022,-0.5932223825288663
SETAR,1023,-0.9603948762479444
SETAR,1024,-2.5594784052545942
SETAR,1025,0.5131213066617513
SETAR,1026,0.29561879640079675
SETAR,1027,0.3052775616779994
SETAR,1028,1.2102603308633055
SETAR,1029,1.3462210992385328
SETAR,1030,-2.5243411816343913
SETAR,1031,-0.39817183588962524
SETAR,1032,2.653525485404032
SETAR,1033,1.300502402913035
SETAR,1034,-0.38902432810131793
SETAR,1035,-1.5099525354202097
SETAR,1036,-1.7090888913197173
SETAR,1037,0.11009034874025589
SETAR,1038,2.823330858126617
SETAR,1039,1.029265463133853
SETAR,1040,-0.8457177754762013
SETAR,1041,-0.25776266969004796
SETAR,1042,-0.40738700203062633
SETAR,1043,0.7961648403189325
SETAR,1044,0.028150558270859452
SETAR,1045,-2.1001363388186034
SETAR,1046,-0.43090285388864574
SETAR,1047,1.2793046163978858
SETAR,1048,-0.6646047315635953
SETAR,1049,-1.1434844306046539
SETAR,1050,-0.5123349403216448
SETAR,1051,0.7984469544076291
SETAR,1052,-3.1017559765916407
SETAR,1053,0.1593013474426791
SETAR,1054,0.8441191964978
SETAR,1055,0.7419258995407494
SETAR,1056,1.8728595772955676
SETAR,1057,0.3077038373942343
SETAR,1058,0.3319480322077689
SETAR,1059,0.23678302318403932
SETAR,1060,0.6863849419250296
SETAR,1061,0.02470692740539791
SETAR,1062,1.2286705834140954
SETAR,1063,4.536018238232937
SETAR,1064,1.4297260013683375
SETAR,1065,0.4599639641142791
SETAR,1066,-2.0071951972447812
SETAR,1067,1.1387111228964328
SETAR,1068,0.09663151101563656
SETAR,1069,0.7610801763539244
SETAR,1070,-0.6119600273331774
SETAR,1071,-3.0611570734649733
SETAR,1072,0.2679372159092132
SETAR,1073,-0.5225834930245569
SETAR,1074,1.2731255863600748
SETAR,1075,-1.3080449447840008
SETAR,1076,-0.0008915471941298367
SETAR,1077,1.4314025787868483
SETAR,1078,-2.734146992009043
SETAR,1079,-0.13783140988670606
SETAR,1080,0.1764574604000442
SETAR,1081,2.051876504654678
SETAR,1082,-0.6577159263668148
SETAR,1083,1.0027991662936517
SETAR,1084,-1.1168958216297782
SETAR,1085,-1.8230348459981613
SETAR,1086,-1.1058387925586513
SETAR,1087,-1.3452634538540644
SETAR,1088,-0.06062399301262382
SETAR,1089,-1.9278259693241746
SETAR,1090,0.33819932075851
SETAR,1091,-1.0594011836351338
SETAR,1092,-0.2716028230825642
SETAR,1093,0.4138619647562259
SETAR,1094,-0.22157568213789333
SETAR,1095,-0.08533480161909088
SETAR,1096,1.1087032532365555
SETAR,1097,-0.6972771905311815
SETAR,1098,0.3891101494606898
SETAR,1099,-0.255972024459091
SETAR,1100,0.668919967348631
SETAR,1101,-0.818611881376649
SETAR,1102,0.8410034439645484
SETAR,1103,-0.4587664667270926
SETAR,1104,0.17416860430349493
SETAR,1105,-1.9050248187926053
SETAR,1106,0.3549826791760361
SETAR,1107,-0.12060325295810743
SETAR,1108,-1.0173941444404493
SETAR,1109,-0.13668154146485356
SETAR,1110,0.17060988360682786
SETAR,1111,1.0660792995349897
SETAR,1112,0.2038310763962415
SETAR,1113,-0.6600292755324426
SETAR,1114,-0.6471593059082792
SETAR,1115,-1.4656341502453785
SETAR,1116,-0.781872170267522
SETAR,1117,2.22604797998553
SETAR,1118,0.6222773819096316
SETAR,1119,-0.21872820627216064
SETAR,1120,-1.3782806642433325
SETAR,1121,-0.8798215108221807
SETAR,1122,-0.06357607199061746
SETAR,1123,1.9406481716439405
SETAR,1124,-0.14243416043942803
SETAR,1125,1.223381177334881
SETAR,1126,-1.5023840974862002
SETAR,1127,-0.9641714525143993
SETAR,1128,-0.009636617423147711
SETAR,1129,0.22286275090017388
SETAR,1130,-0.11095990914666179
SETAR,1131,0.4975487179869207
SETAR,1132,-0.34805392562672705
SETAR,1133,0.06227869003270563
SETAR,1134,-1.9741876144679475
SETAR,1135,-0.12190584294441123
SETAR,1136,0.06934213800469066
SETAR,1137,-1.1999545795891633
SETAR,1138,-0.27660273392566714
SETAR,1139,0.32194292556040105
SETAR,1140,-0.0644926523701626
SETAR,1141,1.1759627207545664
SETAR,1142,-0.12114634722613288
SETAR,1143,0.21187554795227082
SETAR,1144,0.6679317218693347
SETAR,1145,-0.03837179739242794
SETAR,1146,1.7280112238921232
SETAR,1147,0.7967230214662239
SETAR,1148,-0.2713703214741891
SETAR,1149,0.42982884656180487
SETAR,1150,0.7312251146174261
SETAR,1151,4.464938514317432
SETAR,1152,0.023099654341173143
SETAR,1153,0.06562555492695335
SETAR,1154,0.3014753678195428
SETAR,1155,0.4797858309318984
SETAR,1156,0.33198829795614804
SETAR,1157,-0.49286935907383045
SETAR,1158,0.14514402382552624
SETAR,1159,0.03140390156008677
SETAR,1160,0.6170026565968985
SETAR,1161,-0.1332080500121676
SETAR,1162,0.047078080022945744
SETAR,1163,-0.4873311101859024
SETAR,1164,-0.014036753420400193
SETAR,1165,0.4173608047242857
SETAR,1166,1.2775609747563839
SETAR,1167,0.052095489283982735
SETAR,1168,-2.44694308030143
SETAR,1169,-0.9632022234253689
SETAR,1170,0.3847649415808313
SETAR,1171,1.7867937209692866
SETAR,1172,-1.5636787700278083
SETAR,1173,0.330695182570427
SETAR,1174,0.13419905938742369
SETAR,1175,-0.254757629261876
SETAR,1176,-2.6137134697868
SETAR,1177,1.7805969347941648
SETAR,1178,-0.706235752328829
SETAR,1179,-0.06491436206113267
SETAR,1180,0.11083408961060615
SETAR,1181,-1.120318763880895
SETAR,1182,-0.2469065310078378
SETAR,1183,-0.8258353591488278
SETAR,1184,-1.9109999583002744
SETAR,1185,1.369550423276606
SETAR,1186,-0.432609539249634
SETAR,1187,0.05270977525567635
SETAR,1188,0.13444436649279598
SETAR,1189,-0.5602821730544463
SETAR,1190,-0.4729663659859691
SETAR,1191,0.3344927021453368
SETAR,1192,-1.3187535014081713
SETAR,1193,0.05866703266659163
SETAR,1194,-1.007380480037476
SETAR,1195,0.2543591571586765
SETAR,1196,-0.21806693218046772
SETAR,1197,0.19785438643478395
SETAR,1198,-0.6587966936266286
SETAR,1199,0.06637242423151364
SETAR,1200,0.48555264919590263
SETAR,1201,0.19335555094050721
SETAR,1202,-0.15264226962944819
SETAR,1203,0.04014752895991223
SETAR,1204,-1.6259034466454436
SETAR,1205,0.1394283387695059
SETAR,1206,-0.6752763233903747
SETAR,1207,0.8053967942317893
SETAR,1208,-0.9893291303739643
SETAR,1209,0.21039229481181315
SETAR,1210,-0.4989523498178023
SETAR,1211,-1.3767250026462383
SETAR,1212,-0.21982917805643995
SETAR,1213,0.14864226876008527
SETAR,1214,0.15026589922972092
SETAR,1215,-0.9794757228334534
SETAR,1216,-0.008142014356514203
SETAR,1217,-3.4272288955856745
SETAR,1218,-0.734454811847867
SETAR,1219,0.34421856265572004
SETAR,1220,-0.622068591927546
SETAR,1221,-1.0588841039413
SETAR,1222,0.6445005525961197
SETAR,1223,-0.8058604613519896
SETAR,1224,-3.041750741139595
SETAR,1225,1.3235365759408655
SETAR,1226,-0.4041650760252443
SETAR,1227,-1.7747477409227506
SETAR,1228,3.032102365484514
SETAR,1229,-0.5536086983212869
SETAR,1230,1.0740895514034339
SETAR,1231,-0.08322888382039056
SETAR,1232,-0.2232825261250191
SETAR,1233,0.7276665560818556
SETAR,1234,-0.596759675178562
SETAR,1235,0.4759091547665058
SETAR,1236,-0.44042596886831237
SETAR,1237,-0.5781329094583016
SETAR,1238,0.8980700612990444
SETAR,1239,0.3883562797673377
SETAR,1240,-2.071505974935789
SETAR,1241,0.26040515514060236
SETAR,1242,0.08892541977112607
SETAR,1243,-0.42834077214094846
SETAR,1244,0.45179884156653294
SETAR,1245,-0.5804871517920692
SETAR,1246,-3.5178832013823813
SETAR,1247,-2.016285643893959
SETAR,1248,0.06152118068440418
SETAR,1249,-0.807900083703803
SETAR,1250,-4.516577641019295
SETAR,1251,0.689917594334855
SETAR,1252,2.108070542588196
SETAR,1253,-1.0313123680755918
SETAR,1254,0.5680718888164858
SETAR,1255,-0.15377072341577805
SETAR,1256,-0.3564066833839312
SETAR,1257,4.072172017593066
SETAR,1258,-1.152853750072778
SETAR,1259,0.2849523436300389
SETAR,1260,-0.29758460563478295
SETAR,1261,0.7041030875854928
SETAR,1262,1.1013009325435017
SETAR,1263,-0.001359393821862391
SETAR,1264,1.1918275242025715
SETAR,1265,-0.9869599536965417
SETAR,1266,-2.011919405214412
SETAR,1267,-4.205808282973678
SETAR,1268,5.21471179837105
SETAR,1269,-0.225406118782937
SETAR,1270,-0.37131617117300725
SETAR,1271,0.20159608996084297
SETAR,1272,-0.9878828401649657
SETAR,1273,0.4603773593322953
SETAR,1274,4.223099791936928
SETAR,1275,-0.24556268652835056
SETAR,1276,-0.010044259320409712
SETAR,1277,-0.2886002943087447
SETAR,1278,-5.084297104358534
SETAR,1279,-2.3899085440824215
SETAR,1280,0.13157086278975635
SETAR,1281,0.6305262589692268
SETAR,1282,0.9184231727723369
SETAR,1283,-2.411781749502385
SETAR,1284,0.6576207583711428
SETAR,1285,0.04959471638271648
SETAR,1286,1.5941457305509594
SETAR,1287,-1.6264902040312255
SETAR,1288,3.1665495997323547
SETAR,1289,-3.973191398519254
SETAR,1290,0.01968284438827783
SETAR,1291,2.5336670787931777
SETAR,1292,2.1989766232325176
SETAR,1293,-0.26109362863407604
SETAR,1294,-0.9732163908264273
SETAR,1295,0.44855006040308343
SETAR,1296,0.7292285051847821
SETAR,1297,2.749074423944829
SETAR,1298,-1.5297233819123726
SETAR,1299,0.771870119569529
SETAR,1300,4.399578211674867
SETAR,1301,0.15774555128852338
SETAR,1302,1.6399816645361862
SETAR,1303,0.7163277046761071
SETAR,1304,0.9729186215188478
SETAR,1305,-0.04137963255908695
SETAR,1306,-2.371137606241132
SETAR,1307,0.9193414299105681
SETAR,1308,-0.27839874759889777
SETAR,1309,-5.9856659827730265
SETAR,1310,2.082562665480593
SETAR,1311,-0.1838424735703973
SETAR,1312,0.34898955354353567
SETAR,1313,0.2482878261804811
SETAR,1314,-0.8012010156489013
SETAR,1315,-2.9157801210679266
SETAR,1316,1.6620868437170677
SETAR,1317,-0.5533100985236664
SETAR,1318,-0.6460779826385208
SETAR,1319,0.20616366611082299
SETAR,1320,2.4982887591865355
SETAR,1321,-0.06110420709180714
SETAR,1322,-4.697075194250176
SETAR,1323,0.17069797865021433
SETAR,1324,-0.46521546943461534
SETAR,1325,-0.9146841899278143
SETAR,1326,0.43813507912498706
SETAR,1327,-0.1521256174146672
SETAR,1328,1.5209141790179044
SETAR,1329,-0.08746554937711747
SETAR,1330,0.10984473628430383
SETAR,1331,-1.1446736524747778
SETAR,1332,-0.8124506025558813
SETAR,1333,-0.22263796993656237
SETAR,1334,-0.2224730364695504
SETAR,1335,-2.0893261388428903
SETAR,1336,-0.680746001945281
SETAR,1337,-0.6550936732172633
SETAR,1338,-0.7966935957240426
SETAR,1339,0.458705020322895
SETAR,1340,0.20952328243492016
SETAR,1341,0.014430819771911477
SETAR,1342,-0.4729922956665696
SETAR,1343,2.2625665977092884
SETAR,1344,1.427332595733116
SETAR,1345,3.522576067398665
SETAR,1346,1.424289535078761
SETAR,1347,-0.3679427100070769
SETAR,1348,-0.20565122870143088
SETAR,1349,0.6388535674294906
SETAR,1350,-0.8721646731920475
SETAR,1351,-1.4288674008523623
SETAR,1352,-0.21317187113343256
SETAR,1353,1.851290703444066
SETAR,1354,-1.1959867363905854
SETAR,1355,1.2580945830844374
SETAR,1356,-0.8927567661224346
SETAR,1357,-2.0846405694842827
SETAR,1358,-2.1487783248733585
SETAR,1359,1.7966149307812642
SETAR,1360,-1.4811700795361098
SETAR,1361,-0.8528065211464625
SETAR,1362,1.2150147670374456
SETAR,1363,-0.12519551809372004
SETAR,1364,-0.2749157744663982
SETAR,1365,-1.8257621066517664
SETAR,1366,0.06986496897748917
SETAR,1367,-1.3564731359595603
SETAR,1368,0.5345375307812417
SETAR,1369,-1.0079125519950147
SETAR,1370,4.198519636658598
SETAR,1371,1.1679176024021032
SETAR,1372,-0.5327315993588612
SETAR,1373,-2.5354826257082985
SETAR,1374,-0.1733873940610084
SETAR,1375,1.6998732876694018
SETAR,1376,0.7844931281886152
SETAR,1377,-0.31609268261318146
SETAR,1378,-1.2145076112152273
SETAR,1379,0.7278002724386137
SETAR,1380,-0.8978449877793128
SETAR,1381,1.2630411588665962
SETAR,1382,3.3347657272537776
SETAR,1383,1.8589424389011806
SETAR,1384,0.255607524396017
SETAR,1385,0.7739735273110311
SETAR,1386,-3.4635802233540174
SETAR,1387,-0.31558102198129334
SETAR,1388,0.21626771286001756
SETAR,1389,-0.42625904239366563
SETAR,1390,0.2689819137190619
SETAR,1391,-2.2781848149160115
SETAR,1392,-0.3148225207163661
SETAR,1393,0.06626821871567451
SETAR,1394,0.16114956185326262
SETAR,1395,0.11624402150040584
SETAR,1396,0.05909072162735293
SETAR,1397,-1.5177703346921105
SETAR,1398,-2.3410485873196607
SETAR,1399,-0.04813423565660785
SETAR,1400,-0.7322662203600246
SETAR,1401,-0.10120216592049795
SETAR,1402,0.4501365497634572
SETAR,1403,0.034125235220574576
SETAR,1404,-0.6195905317886328
SETAR,1405,0.7858315860698855
SETAR,1406,-0.395660668542067
SETAR,1407,0.6870491258009179
SETAR,1408,0.14861139338744
SETAR,1409,-0.248792996814613
SETAR,1410,0.3779807332219116
SETAR,1411,-2.0539921516666233
SETAR,1412,0.3477008215666063
SETAR,1413,-0.20773260231914364
SETAR,1414,-0.36395698983410985
SETAR,1415,-0.3036537918412781
SETAR,1416,-0.2249071450899944
SETAR,1417,-0.9204832841835621
SETAR,1418,0.7672034663610872
SETAR,1419,0.0004462307415438946
SETAR,1420,0.3129272939154969
SETAR,1421,-4.445601959263542
SETAR,1422,0.6259006226410219
SETAR,1423,1.864836983176074
SETAR,1424,0.8899452817933153
SETAR,1425,-0.5774508875667645
SETAR,1426,-0.8514966371506953
SETAR,1427,-1.913580825479951
SETAR,1428,-0.4989096495957369
SETAR,1429,-0.7575683714999687
SETAR,1430,-1.4256493675646176
SETAR,1431,1.0859725432521132
SETAR,1432,-0.2544590645352917
SETAR,1433,-0.9940428710835507
SETAR,1434,0.019855218821153712
SETAR,1435,-0.8467275215561888
SETAR,1436,0.8818437985364175
SETAR,1437,0.8470457988812576
SETAR,1438,-0.4844461042655839
SETAR,1439,-0.1250873249052696
SETAR,1440,-1.4168961183905662
SETAR,1441,0.5988854619166912
SETAR,1442,-0.0032702290399454735
SETAR,1443,0.33846299917715816
SETAR,1444,0.781177884698342
SETAR,1445,3.0340545180238676
SETAR,1446,0.6643803095869498
SETAR,1447,1.0805280210805113
SETAR,1448,-0.710709947870235
SETAR,1449,-1.443271162520756
SETAR,1450,0.692974217717661
SETAR,1451,-2.8647044936171886
SETAR,1452,2.9427739888007296
SETAR,1453,1.483721531237893
SETAR,1454,-1.946156675563461
SETAR,1455,-3.1666791153511995
SETAR,1456,-0.8884352464169556
SETAR,1457,-3.9063995681940495
SETAR,1458,2.722259907635749
SETAR,1459,0.37175675410456954
SETAR,1460,0.13865911184398932
SETAR,1461,-0.2364555995257808
SETAR,1462,0.36678337878862427
SETAR,1463,0.2828642593043028
SETAR,1464,-0.9013957142981238
SETAR,1465,-0.6128001009604116
SETAR,1466,2.105142384662141
SETAR,1467,-1.3549086448313294
SETAR,1468,0.6853826405950536
SETAR,1469,-0.557747475994997
SETAR,1470,-1.5594139961084572
SETAR,1471,-0.025585377482996233
SETAR,1472,3.504615957397193
SETAR,1473,1.194968547062194
SETAR,1474,0.05179184172253548
SETAR,1475,0.21556164023916988
SETAR,1476,-2.9133272111254436
SETAR,1477,-0.2268909853605298
SETAR,1478,2.435997280009036
SETAR,1479,-0.5477298371558639
SETAR,1480,-3.3893934692933287
SETAR,1481,0.4710065401843866
SETAR,1482,-0.49042917467488834
SETAR,1483,-0.3707374589492599
SETAR,1484,5.043825175723986
SETAR,1485,2.407908745962989
SETAR,1486,1.300307347425444
SETAR,1487,0.9690218221590621
SETAR,1488,-2.299518980262876
SETAR,1489,0.48430756137942915
SETAR,1490,0.158677246558041
SETAR,1491,0.5557399171667022
SETAR,1492,1.3517457504957286
SETAR,1493,-0.3009650335415048
SETAR,1494,-0.4951734539098979
SETAR,1495,-1.068888776165847
SETAR,1496,0.24166970075567695
SETAR,1497,-1.3059768252534925
SETAR,1498,0.9142241856665265
SETAR,1499,0.005639484038100634
SETAR,1500,-0.019561732559465358
SETAR,1501,0.035949584016644706
SETAR,1502,0.649890674915158
SETAR,1503,-2.092983071377047
SETAR,1504,-0.4463911812131537
SETAR,1505,-0.8471211605688943
SETAR,1506,-0.8734558343413631
SETAR,1507,-1.1326890526945446
SETAR,1508,-0.7624440219028601
SETAR,1509,-1.5351674465430993
SETAR,1510,-1.3235421205728992
SETAR,1511,-0.8585400546911894
SETAR,1512,-0.7171366992270546
SETAR,1513,-0.12362665655346425
SETAR,1514,-0.557854406552694
SETAR,1515,0.08768483333545608
SETAR,1516,-0.2336049248096906
SETAR,1517,-0.2274474192614854
SETAR,1518,0.6445083932516031
SETAR,1519,-0.8739831951447327
SETAR,1520,-0.11804326797030369
SETAR,1521,0.446994264690057
SETAR,1522,-0.020333136587289056
SETAR,1523,0.5301219308360894
SETAR,1524,-1.2952644025939302
SETAR,1525,-0.06542673633923349
SETAR,1526,0.8461102783691656
SETAR,1527,-1.2982988108841627
SETAR,1528,0.6522694107121842
SETAR,1529,3.0590478471237454
SETAR,1530,-2.02238807283392
SETAR,1531,-0.6743703785482011
SETAR,1532,0.04077171105159362
SETAR,1533,-0.30518461517632733
SETAR,1534,-1.3355277849173135
SETAR,1535,-1.9083769094687595
SETAR,1536,0.7562853709885082
SETAR,1537,2.826323153094509
SETAR,1538,-3.3632143845016294
SETAR,1539,2.7318505991708335
SETAR,1540,1.0190852301971804
SETAR,1541,-0.12528335843592175
SETAR,1542,0.36705149100782974
SETAR,1543,0.39455111142968163
SETAR,1544,-3.200452317587647
SETAR,1545,0.3124309569946605
SETAR,1546,-0.47839082942609734
SETAR,1547,-0.3496508702833217
SETAR,1548,0.13230901397251293
SETAR,1549,0.8518912585315178
SETAR,1550,0.07843045384850586
SETAR,1551,2.0940309957426724
SETAR,1552,-2.5641683472971413
SETAR,1553,-0.5972639267768879
SETAR,1554,-0.4870942799983431
SETAR,1555,2.6690409068597716
SETAR,1556,-2.5293057630227223
SETAR,1557,0.41326690266018384
SETAR,1558,0.42109572809111606
SETAR,1559,0.5412706419197175
SETAR,1560,0.6844706023895772
SETAR,1561,-0.31328738490758246
SETAR,1562,-0.4032564524686434
SETAR,1563,1.3940389383891698
SETAR,1564,1.8366378177951486
SETAR,1565,-0.25462049222742456
SETAR,1566,-1.6843110211902248
SETAR,1567,-0.01306963151095758
SETAR,1568,0.6201689521931687
SETAR,1569,-0.35315221934330904
SETAR,1570,2.5319928688340294
SETAR,1571,1.110099420669948
SETAR,1572,0.9288038443831053
SETAR,1573,2.006875436228509
SETAR,1574,-0.4405942624943049
SETAR,1575,-0.12255617414846126
SETAR,1576,3.1468011498918167
SETAR,1577,0.0603626177579836
SETAR,1578,-2.5932333106101293
SETAR,1579,-0.5746331263714687
SETAR,1580,0.45474157627388495
SETAR,1581,0.755258091490114
SETAR,1582,-0.3449061488380072
SETAR,1583,-1.2594767532363054
SETAR,1584,0.8047138313942473
SETAR,1585,-0.3959050469814545
SETAR,1586,-0.4900308119445253
SETAR,1587,-2.861178501180319
SETAR,1588,1.3044060140002318
SETAR,1589,-0.5819287572082329
SETAR,1590,0.8341761666280914
SETAR,1591,1.6855598403225673
SETAR,1592,1.7594237924801128
SETAR,1593,0.8865550308610836
SETAR,1594,-1.9231816852647288
SETAR,1595,-0.5159042606039106
SETAR,1596,1.8712701634518147
SETAR,1597,-0.8721974118309443
SETAR,1598,-0.8833721055656109
SETAR,1599,-0.3843587254315195
SETAR,1600,2.0024160232421773
SETAR,1601,1.963577292796233
SETAR,1602,-0.910544978112525
SETAR,1603,0.21654663756511394
SETAR,1604,0.28797305069051726
SETAR,1605,-3.9518383934114567
SETAR,1606,-0.29575706088782294
SETAR,1607,0.3340870925170142
SETAR,1608,0.5361328140909785
SETAR,1609,-0.9349806089640064
SETAR,1610,1.4555594735923483
SETAR,1611,-2.4723837620661255
SETAR,1612,-0.857018421487722
SETAR,1613,1.494359886946
SETAR,1614,-0.362667609568229
SETAR,1615,0.9632536470493371
SETAR,1616,0.8436969432008941
SETAR,1617,3.4619248322098666
SETAR,1618,1.5157712319013115
SETAR,1619,0.09013853428440115
SETAR,1620,-0.32581610787656073
SETAR,1621,0.4036030609371729
SETAR,1622,-0.19636819765570032
SETAR,1623,4.407094446916236
SETAR,1624,-0.09762341782751653
SETAR,1625,0.19297688708805844
SETAR,1626,-0.19672505136452392
SETAR,1627,0.16096482133249113
SETAR,1628,0.9330238506507449
SETAR,1629,0.4196969911559033
SETAR,1630,1.8016642782061187
SETAR,1631,1.3939314595503143
SETAR,1632,-1.5857094335269655
SETAR,1633,-0.6495591232393535
SETAR,1634,-0.24524464875144053
SETAR,1635,-0.2464171160851385
SETAR,1636,0.6457030520654928
SETAR,1637,-2.607563381239499
SETAR,1638,0.5740617627314689
SETAR,1639,1.8026755992009347
SETAR,1640,-2.7240551724325264
SETAR,1641,0.8017779198519539
SETAR,1642,0.260617217618888
SETAR,1643,0.5108403215667766
SETAR,1644,-2.0901670392599447
SETAR,1645,-2.3419847111313175
SETAR,1646,0.27435871312617044
SETAR,1647,-0.7789897176900058
SETAR,1648,-1.0349866615859666
SETAR,1649,0.3854053262417735
SETAR,1650,0.1974387544395386
SETAR,1651,-0.9125778063386069
SETAR,1652,-1.196780873615169
SETAR,1653,0.11167060714516439
SETAR,1654,-0.24548740440710176
SETAR,1655,0.34492606674966453
SETAR,1656,2.3542640008407982
SETAR,1657,0.24129939880124018
SETAR,1658,-0.5948971223846732
SETAR,1659,4.0137886106073175
SETAR,1660,1.8701417576734773
SETAR,1661,0.04395878727021564
SETAR,1662,0.6865277559672178
SETAR,1663,-0.3329942874374755
SETAR,1664,0.5776552344240846
SETAR,1665,-2.008953546589186
SETAR,1666,1.7469159016683249
SETAR,1667,0.1694564665036606
SETAR,1668,-1.2422806353166873
SETAR,1669,-0.0966048428178592
SETAR,1670,0.11034786973643426
SETAR,1671,2.652822530227459
SETAR,1672,-0.26576353521536256
SETAR,1673,0.19820475694529072
SETAR,1674,2.8553511557411775
SETAR,1675,2.441572439418865
SETAR,1676,5.116650339198977
SETAR,1677,2.8604872621743955
SETAR,1678,-2.4003047341807418
SETAR,1679,0.019615170716722696
SETAR,1680,-1.3606692438210608
SETAR,1681,2.4028093427165715
SETAR,1682,0.23286355464469308
SETAR,1683,-0.6486521419493871
SETAR,1684,0.9015972342248724
SETAR,1685,-0.1876426783396949
SETAR,1686,-1.0352787684132605
SETAR,1687,-0.10337609865479332
SETAR,1688,-0.7617340042727663
SETAR,1689,-2.4236411630860744
SETAR,1690,1.8033465672940903
SETAR,1691,-0.6053936667215708
SETAR,1692,-0.5210472877371022
SETAR,1693,0.4007352379169651
SETAR,1694,3.636129542396593
SETAR,1695,-1.187328225894544
SETAR,1696,0.9831691092836627
SETAR,1697,0.41146955102572497
SETAR,1698,0.6417923937270712
SETAR,1699,-1.0561687698164512
SETAR,1700,-0.148714495288371
SETAR,1701,-3.1547292686269
SETAR,1702,0.31467246870440174
SETAR,1703,0.6025561908128472
SETAR,1704,1.3662964889646483
SETAR,1705,-1.0642776586175198
SETAR,1706,-1.2718249330838929
SETAR,1707,0.676957103498539
SETAR,1708,-0.057854152203824456
SETAR,1709,-0.6020999666256156
SETAR,1710,0.30093569899233297
SETAR,1711,-2.1965924511576365
SETAR,1712,-2.0384095129234643
SETAR,1713,-0.3801649477451876
SETAR,1714,-1.4121864290498538
SETAR,1715,-0.026069331264684824
SETAR,1716,0.48462247844589357
SETAR,1717,1.1124422389529818
SETAR,1718,-1.47613908975368
SETAR,1719,0.2575132582651508
SETAR,1720,1.3132160758587856
SETAR,1721,2.6655497498811878
SETAR,1722,0.3854380754624547
SETAR,1723,2.6955869837775133
SETAR,1724,-0.9282256588413312
SETAR,1725,-1.4763086434964343
SETAR,1726,-2.622717945857568
SETAR,1727,-0.07834916100717473
SETAR,1728,-1.3406243427257123
SETAR,1729,0.5207906077790225
SETAR,1730,0.0690326520894351
SETAR,1731,-1.0724840975003191
SETAR,1732,1.8478461788461615
SETAR,1733,0.7190306655819843
SETAR,1734,2.716824777322059
SETAR,1735,0.026654677547408884
SETAR,1736,-1.2791794741338398
SETAR,1737,-1.1379857748595779
SETAR,1738,-1.5893293529321957
SETAR,1739,0.27605385603852517
SETAR,1740,-0.48965606289856206
SETAR,1741,0.37039748646183146
SETAR,1742,-1.9269385421028846
SETAR,1743,-5.46125642340306
SETAR,1744,-0.11282198698282347
SETAR,1745,-2.2745327149400727
SETAR,1746,0.9076908024729669
SETAR,1747,0.6696518649430251
SETAR,1748,-1.1487168896522097
SETAR,1749,0.12861264215947846
SETAR,1750,0.1548845840115318
SETAR,1751,-0.28408057653778324
SETAR,1752,0.09743445923100269
SETAR,1753,0.8850583598192727
SETAR,1754,0.26588775560431044
SETAR,1755,-0.7705556527433932
SETAR,1756,-0.011273923522370853
SETAR,1757,0.3232583140990707
SETAR,1758,1.2837401455590765
SETAR,1759,-1.160810922101163
SETAR,1760,0.03274578658001611
SETAR,1761,0.8322647137343532
SETAR,1762,0.6496118776757047
SETAR,1763,2.6290474357308833
SETAR,1764,0.6304306209644868
SETAR,1765,-0.9029157012204164
SETAR,1766,0.35911569191619125
SETAR,1767,-1.2317736890712523
SETAR,1768,1.10612971152491
SETAR,1769,0.5377877367804439
SETAR,1770,0.6374471414800723
SETAR,1771,-6.945146705900875
SETAR,1772,-2.205525578848037
SETAR,1773,1.1333513326076041
SETAR,1774,-0.7054894531164091
SETAR,1775,-2.0546624138734595
SETAR,1776,-0.5690959065537218
SETAR,1777,0.18583577141395616
SETAR,1778,0.25820490811221425
SETAR,1779,-1.7137214012044089
SETAR,1780,-0.18612203057199234
SETAR,1781,1.192094088436754
SETAR,1782,0.47582598393832787
SETAR,1783,-0.08996392981358686
SETAR,1784,-0.602821960265569
SETAR,1785,-0.05500929281298396
SETAR,1786,1.0097484681866944
SETAR,1787,0.33049842383687433
SETAR,1788,-0.13640212767833698
SETAR,1789,2.259079223576259
SETAR,1790,-0.6020907901270773
SETAR,1791,-0.9933971212956657
SETAR,1792,1.376036317957749
SETAR,1793,-0.8268602677251539
SETAR,1794,-0.47222670120027704
SETAR,1795,-5.284584799395709
SETAR,1796,0.27163014674472075
SETAR,1797,-0.8369312591484256
SETAR,1798,0.765939107129566
SETAR,1799,-1.1718298226546109
SETAR,1800,-0.8635777617953277
SETAR,1801,-0.37170604018799586
SETAR,1802,1.5527150706348454
SETAR,1803,0.13962735604082724
SETAR,1804,0.933168376407146
SETAR,1805,-1.41365977237201
SETAR,1806,1.8443364075800832
SETAR,1807,0.7075381110839196
SETAR,1808,0.9787553928475345
SETAR,1809,-0.7356591554334309
SETAR,1810,0.2749686543859413
SETAR,1811,1.3975206431020106
SETAR,1812,-0.41034994083324833
SETAR,1813,0.28684452273064037
SETAR,1814,0.1987295223409868
SETAR,1815,-0.09716684860810103
SETAR,1816,2.283921408215413
SETAR,1817,-0.8596485879883381
SETAR,1818,-0.277679579659961
SETAR,1819,0.4030219906628797
SETAR,1820,0.9669218056947027
SETAR,1821,-0.9518036489737711
SETAR,1822,-0.5690426887679924
SETAR,1823,-1.1148797209332437
SETAR,1824,2.0819097732734324
SETAR,1825,-0.2348950584357719
SETAR,1826,2.4878441174662367
SETAR,1827,-0.2434463775661524
SETAR,1828,-0.6767140805939548
SETAR,1829,0.10645000667722071
SETAR,1830,1.3849317555933354
SETAR,1831,-0.19181102885183754
SETAR,1832,0.3726129217847991
SETAR,1833,-0.7184980157598942
SETAR,1834,1.4319656140065657
SETAR,1835,-0.709801659933769
SETAR,1836,0.7655962771196847
SETAR,1837,0.08129662120255565
SETAR,1838,0.5866677620591204
SETAR,1839,-0.5993887161807372
SETAR,1840,0.37308732977936576
SETAR,1841,-0.5398356059504995
SETAR,1842,0.33437058896086713
SETAR,1843,0.8814043143381273
SETAR,1844,0.8300198533502239
SETAR,1845,-0.5071547767572431
SETAR,1846,0.25517862032331373
SETAR,1847,0.628871754945908
SETAR,1848,-3.4935127523581744
SETAR,1849,0.9701797801518524
SETAR,1850,-0.8459862175262005
SETAR,1851,-1.5476576759394756
SETAR,1852,-1.6182827268163336
SETAR,1853,-1.474498060258821
SETAR,1854,0.4588374491981993
SETAR,1855,-0.3639550735469994
SETAR,1856,-0.5900497023160107
SETAR,1857,2.3860850262125166
SETAR,1858,0.1276259475917042
SETAR,1859,0.2917794250694775
SETAR,1860,0.16821578890796468
SETAR,1861,0.642402321195969
SETAR,1862,-0.12094351105656488
SETAR,1863,0.2353089925526725
SETAR,1864,1.0780709913805562
SETAR,1865,1.8038459929662924
SETAR,1866,0.4222798308964195
SETAR,1867,0.22139181235463815
SETAR,1868,-0.7635851953956022
SETAR,1869,0.3382749309133326
SETAR,1870,0.27422289992553756
SETAR,1871,0.36104284226178474
SETAR,1872,-0.14427481005500992
SETAR,1873,-0.25591867474327584
SETAR,1874,-1.408299052651431
SETAR,1875,-0.19809646849484455
SETAR,1876,2.1155027259564143
SETAR,1877,0.6348134249733035
SETAR,1878,0.27311644478131764
SETAR,1879,-0.6031525026896555
SETAR,1880,-0.8497097324095108
SETAR,1881,-0.7164952668105312
SETAR,1882,-0.6718171398933583
SETAR,1883,-0.36527238831812764
SETAR,1884,-0.12532893763914713
SETAR,1885,-1.9367964484298146
SETAR,1886,-0.44623713098236384
SETAR,1887,-1.3488245428918268
SETAR,1888,-0.19003599911774544
SETAR,1889,-2.2670776095513427
SETAR,1890,0.02512068706366488
SETAR,1891,-2.187473551739981
SETAR,1892,-0.8468232871085447
SETAR,1893,0.18497161052282823
SETAR,1894,-0.8283432450676008
SETAR,1895,-0.28583119854339617
SETAR,1896,0.11875129455064612
SETAR,1897,0.7734731576023309
SETAR,1898,0.6257902149221863
SETAR,1899,1.0336362224665205
SETAR,1900,1.2671699734009108
SETAR,1901,0.25154753493384663
SETAR,1902,-1.9073238776190324
SETAR,1903,1.331602768349938
SETAR,1904,2.0873587914338265
SETAR,1905,-0.7779394611260382
SETAR,1906,0.9679369732661672
SETAR,1907,-0.2886926684923948
SETAR,1908,0.7970171383898342
SETAR,1909,0.40964671604671593
SETAR,1910,-0.12526440503441535
SETAR,1911,-0.34320178174292526
SETAR,1912,-0.18025406946882327
SETAR,1913,1.3457687070177629
SETAR,1914,0.10060797944667617
SETAR,1915,0.813869831696389
SETAR,1916,-0.656424621118362
SETAR,1917,-1.1222986565712099
SETAR,1918,-1.146085262405651
SETAR,1919,-1.4377049593683449
SETAR,1920,-0.6547358840492242
SETAR,1921,0.4215084398614869
SETAR,1922,-1.0186098783689033
SETAR,1923,-0.3715792165317154
SETAR,1924,-1.1330303643004602
SETAR,1925,-0.24647255835496099
SETAR,1926,0.23626595416267138
SETAR,1927,0.2673594731619996
SETAR,1928,0.8469613560370046
SETAR,1929,-0.5939471091946369
SETAR,1930,0.3864544151169283
SETAR,1931,0.7843914286830209
SETAR,1932,-1.0410798831186807
SETAR,1933,-0.03159892467215248
SETAR,1934,-2.773834776457696
SETAR,1935,-0.3531145765918138
SETAR,1936,0.08484150390358595
SETAR,1937,-0.22449235400610362
SETAR,1938,-3.1784609548316243
SETAR,1939,0.7925805421881256
SETAR,1940,1.1256804239802112
SETAR,1941,0.33175528782734337
SETAR,1942,-1.458405162183396
SETAR,1943,1.6869286169589208
SETAR,1944,1.1204507215535204
SETAR,1945,0.9974557979295156
SETAR,1946,-0.19422026988589758
SETAR,1947,0.25847778261205323
SETAR,1948,0.9347517419495392
SETAR,1949,-0.04489669292692143
SETAR,1950,0.03668992446784522
SETAR,1951,0.880792230874963
SETAR,1952,-0.3784185409937817
SETAR,1953,0.9080057364364121
SETAR,1954,0.5706613800350325
SETAR,1955,-0.7386170556957504
SETAR,1956,-0.7376082500891652
SETAR,1957,0.5430899707828103
SETAR,1958,-2.3153541448054575
SETAR,1959,0.1354474085589133
SETAR,1960,0.9820034516755557
SETAR,1961,2.9309185496092054
SETAR,1962,0.773646521951483
SETAR,1963,-0.06676584446080468
SETAR,1964,-0.1989706874549677
SETAR,1965,-2.7113916671249267
SETAR,1966,3.086136336255987
SETAR,1967,-0.6298447203325555
SETAR,1968,-0.050140994477663556
SETAR,1969,-0.14992257768910558
SETAR,1970,-0.22517184872575308
SETAR,1971,0.6025183207548214
SETAR,1972,-0.7261923384239739
SETAR,1973,0.3729368430745777
SETAR,1974,2.3131067102392575
SETAR,1975,-0.33827957297860156
SETAR,1976,0.19918842381454266
SETAR,1977,0.8302523034019871
SETAR,1978,0.7178366982619855
SETAR,1979,1.0460683290538302
SETAR,1980,-0.14269967936849867
SETAR,1981,-0.05414584958052969
SETAR,1982,1.4500187850693982
SETAR,1983,-0.6122859581735475
SETAR,1984,-1.1619127774176496
SETAR,1985,0.6777416265921505
SETAR,1986,-0.6630371759669225
SETAR,1987,0.048591158202253404
SETAR,1988,-1.0390760307783244
SETAR,1989,-2.1848519352108653
SETAR,1990,0.6623157502798109
SETAR,1991,-0.7554076476868217
SETAR,1992,-1.3775367266741712
SETAR,1993,0.19151995803917718
SETAR,1994,1.1811762853754704
SETAR,1995,-2.2744853263474174
SETAR,1996,-0.25796565953272454
SETAR,1997,0.7261453161556823
SETAR,1998,-1.331204818324921
SETAR,1999,-0.43279343017554867
SETAR,2000,0.31570389872542604
SETAR,2001,-0.3519270381242445
SETAR,2002,0.07149808073174098
SETAR,2003,1.1451755692310508
SETAR,2004,1.0117348493498477
SETAR,2005,0.788901446072599
SETAR,2006,0.2904531995530246
SETAR,2007,0.3241271099266878
SETAR,2008,0.7905540042524557
SETAR,2009,-1.000741177456502
SETAR,2010,-1.1157213359097309
SETAR,2011,-0.1456140193703634
SETAR,2012,1.5529250968032413
SETAR,2013,-1.3403710934951805
SETAR,2014,0.18071833011653898
SETAR,2015,-0.7479238470230821
SETAR,2016,-0.17453240718536742
SETAR,2017,-0.7962964081500581
SETAR,2018,0.2682883968347329
SETAR,2019,-0.07692181790125308
SETAR,2020,-0.7955738282013631
SETAR,2021,2.576243432325322
SETAR,2022,-0.24433211167038113
SETAR,2023,-1.6267776800562515
SETAR,2024,2.2050393868638962
SETAR,2025,-1.3421845093866247
SETAR,2026,0.6157757596269943
SETAR,2027,-0.26542253856698683
SETAR,2028,-0.7381682089983476
SETAR,2029,0.8757321810685312
SETAR,2030,-0.14129232497477284
SETAR,2031,-0.1960489664560888
SETAR,2032,0.4140513267434508
SETAR,2033,1.2763013963013996
SETAR,2034,-2.259773008614706
SETAR,2035,0.4152962844679599
SETAR,2036,1.0958870521778619
SETAR,2037,-0.33871032321079714
SETAR,2038,-0.36658121079277184
SETAR,2039,0.08706334764990076
SETAR,2040,-1.1751452833109746
SETAR,2041,-1.9347134172950227
SETAR,2042,-0.49724818778652985
SETAR,2043,0.15060794551912454
SETAR,2044,-0.8329931439452809
SETAR,2045,-1.4418991298543555
SETAR,2046,-0.8076561637942542
SETAR,2047,-1.4633188837684599
SETAR,2048,0.8601905471636024
SETAR,2049,-0.9573018278078527
SETAR,2050,0.14962225946793678
SETAR,2051,2.1176265228626208
SETAR,2052,-1.2362847072835967
SETAR,2053,0.9777593499309429
SETAR,2054,0.6119394877677776
SETAR,2055,-0.15911478292659526
SETAR,2056,0.23502096832616687
SETAR,2057,-0.32713929237450534
SETAR,2058,1.3017359433654925
SETAR,2059,1.274619116386104
SETAR,2060,0.7359166405084097
SETAR,2061,0.9952357136505953
SETAR,2062,0.4924406507271437
SETAR,2063,1.2208600508105474
SETAR,2064,-0.33182390776905624
SETAR,2065,0.565380916387381
SETAR,2066,-0.04863028049353992
SETAR,2067,-0.5844695558263813
SETAR,2068,-0.9482862358800253
SETAR,2069,0.07614252958156606
SETAR,2070,0.14799013376784095
SETAR,2071,1.4722461549526664
SETAR,2072,0.4575284410718974
SETAR,2073,-0.9511471085498819
SETAR,2074,-1.080052983947874
SETAR,2075,-0.4154919737010391
SETAR,2076,0.4881182360127995
SETAR,2077,-0.1260262685250548
SETAR,2078,0.16574552393574138
SETAR,2079,2.9225490780901584
SETAR,2080,-1.5839072783979333
SETAR,2081,0.6312454124159959
SETAR,2082,-1.3870065938979241
SETAR,2083,-0.43272694399398404
SETAR,2084,1.2076632863448016
SETAR,2085,-0.7076695242931236
SETAR,2086,-3.8053755947249126
SETAR,2087,1.0562716013033417
SETAR,2088,-0.3082498469191566
SETAR,2089,-1.638700074773545
SETAR,2090,0.21615193359584178
SETAR,2091,-0.5528325314432954
SETAR,2092,1.3737911305279897
SETAR,2093,0.06466858873708195
SETAR,2094,1.6673582589025098
SETAR,2095,-0.06801033998374131
SETAR,2096,-1.2286980158123961
SETAR,2097,-0.07533876395282602
SETAR,2098,-1.3149167748428454
SETAR,2099,0.36496738228254294
SETAR,2100,0.6575124285574468
SETAR,2101,-0.6024147168410161
SETAR,2102,0.797929651941923
SETAR,2103,-1.4520123889091623
SETAR,2104,-0.010624996575558751
SETAR,2105,0.3810421569397765
SETAR,2106,0.252777967411487
SETAR,2107,-0.5549272119208206
SETAR,2108,1.9621061994851599
SETAR,2109,-1.6633078757799131
SETAR,2110,0.08566855762594942
SETAR,2111,0.5695759297024612
SETAR,2112,-0.32049370943788386
SETAR,2113,0.30222347648677056
SETAR,2114,-0.3084366180018044
SETAR,2115,-0.8282133883649545
SETAR,2116,-0.4495002466325813
SETAR,2117,0.015545637760290613
SETAR,2118,-0.7928187889502993
SETAR,2119,2.2939604090973127
SETAR,2120,-1.239945818000634
SETAR,2121,1.049118209600695
SETAR,2122,0.8406862123406832
SETAR,2123,-1.117027993478326
SETAR,2124,-1.4230479490548171
SETAR,2125,0.5183766604325504
SETAR,2126,1.4563733768831142
SETAR,2127,-1.2146636569057
SETAR,2128,-0.605255896173198
SETAR,2129,0.5589116842159388
SETAR,2130,-0.1874753255837226
SETAR,2131,0.7297630278384598
SETAR,2132,0.4184849956423307
SETAR,2133,0.5870882665140232
SETAR,2134,-1.2617772418631037
SETAR,2135,1.1063128598269993
SETAR,2136,0.17578055731669714
SETAR,2137,0.6311182772525133
SETAR,2138,2.3864630620601726
SETAR,2139,0.24258745789451255
SETAR,2140,-0.7246981271790213
SETAR,2141,-2.9633740325979776
SETAR,2142,0.3278472001702827
SETAR,2143,-0.9625725344995354
SETAR,2144,-0.3209562381459181
SETAR,2145,0.03834474459775582
SETAR,2146,-1.2150097790972707
SETAR,2147,-1.0218081745632341
SETAR,2148,1.4679297035548038
SETAR,2149,0.23295400429474386
SETAR,2150,0.4056039204137936
SETAR,2151,-0.28173640452074017
SETAR,2152,-0.20623324975094995
SETAR,2153,0.26179330397726885
SETAR,2154,1.2621683667599064
SETAR,2155,-0.3121265388984166
SETAR,2156,-0.9658128202932978
SETAR,2157,-1.4537000276183114
SETAR,2158,0.45344702131639403
SETAR,2159,0.3316933687988435
SETAR,2160,-0.07328065226830709
SETAR,2161,0.4842568262005817
SETAR,2162,0.07735232115045253
SETAR,2163,-0.4248841181252943
SETAR,2164,1.1727797518419678
SETAR,2165,-1.0016510444040496
SETAR,2166,-0.07969279074357288
SETAR,2167,-0.66505806124501
SETAR,2168,0.7612095769277553
SETAR,2169,-0.5984945458233668
SETAR,2170,-0.13483177604893895
SETAR,2171,0.18618235522354223
SETAR,2172,0.37485213242722765
SETAR,2173,0.9877240502011152
SETAR,2174,0.1835959519006362
SETAR,2175,0.41033991600627395
SETAR,2176,0.9165665458951846
SETAR,2177,-0.40536651350726827
SETAR,2178,1.0818492145977034
SETAR,2179,0.5609772476237896
SETAR,2180,-3.4623418350705264
SETAR,2181,-0.38394326852523675
SETAR,2182,-0.9868167772930507
SETAR,2183,-0.032787301083683246
SETAR,2184,0.2143543547894678
SETAR,2185,0.7473185176348504
SETAR,2186,-0.8772221667518465
SETAR,2187,-0.2050520525786136
SETAR,2188,-1.4464787949917441
SETAR,2189,-0.1648679503423444
SETAR,2190,0.5144290184834639
SETAR,2191,-1.5682173276297562
SETAR,2192,1.149713606131088
SETAR,2193,0.3337225642241607
SETAR,2194,-0.2234742794946833
SETAR,2195,-0.21190411443107926
SETAR,2196,0.27797180898100443
SETAR,2197,-0.19580949101487588
SETAR,2198,-1.6016054714320067
SETAR,2199,0.9714983015634846
SETAR,2200,-0.8851000377020052
SETAR,2201,0.0042803294863911516
SETAR,2202,-1.5556662730713158
SETAR,2203,0.022134591060686437
SETAR,2204,-1.6100977424582412
SETAR,2205,1.402289728458685
SETAR,2206,-0.8698358657670565
SETAR,2207,0.322691069412082
SETAR,2208,0.9934932000408881
SETAR,2209,-1.508946919266051
SETAR,2210,0.818322604293879
SETAR,2211,0.0644229992082491
SETAR,2212,-0.002985324555670516
SETAR,2213,-0.810984293256127
SETAR,2214,-0.3968212236074367
SETAR,2215,0.6813200753903284
SETAR,2216,-0.7540304572035863
SETAR,2217,0.4540426168281541
SETAR,2218,0.17471203570010232
SETAR,2219,0.2527016515389166
SETAR,2220,-0.8101599988146313
SETAR,2221,-2.193868313505034
SETAR,2222,0.5233960141114736
SETAR,2223,-4.137097534621096
SETAR,2224,1.653696867251206
SETAR,2225,0.9663655660070918
SETAR,2226,-0.4869291842290987
SETAR,2227,0.11007545561101054
SETAR,2228,-0.2398698339547275
SETAR,2229,-1.9765701297785363
SETAR,2230,2.3031277758975217
SETAR,2231,0.4161030331182366
SETAR,2232,-1.2957684056946093
SETAR,2233,0.3676535564546827
SETAR,2234,-1.3853245309521414
SETAR,2235,-0.21305588598006087
SETAR,2236,-0.08583828674837642
SETAR,2237,-2.2215176097253644
SETAR,2238,0.1638674327928635
SETAR,2239,-0.24901886247508642
SETAR,2240,-0.007630248270798962
SETAR,2241,0.00920340857469961
SETAR,2242,-0.21738127970928192
SETAR,2243,0.7933276909276394
SETAR,2244,-0.757738167528706
SETAR,2245,-0.5606711571360017
SETAR,2246,0.8459882530051492
SETAR,2247,-0.23972266086405575
SETAR,2248,0.6342155146105186
SETAR,2249,0.4811403835916497
SETAR,2250,-0.1460531775014563
SETAR,2251,-0.20459899392056846
SETAR,2252,1.2892196905531932
SETAR,2253,-0.8908860362035231
SETAR,2254,-0.5616515235255863
SETAR,2255,2.709562418110857
SETAR,2256,-0.7048239872858238
SETAR,2257,1.2830652786373662
SETAR,2258,-0.3086549057195885
SETAR,2259,-0.6020582012298654
SETAR,2260,0.3550515084365722
SETAR,2261,-1.9134479035739673
SETAR,2262,0.20798436565882822
SETAR,2263,-0.6680294983678735
SETAR,2264,2.023544636296992
SETAR,2265,0.1310005338571152
SETAR,2266,0.5045731856392947
SETAR,2267,-0.29582264585639734
SETAR,2268,-0.4155626357790317
SETAR,2269,-0.3128859309671729
SETAR,2270,0.44097173239567156
SETAR,2271,-0.47764623877235773
SETAR,2272,1.2012398965814834
SETAR,2273,-0.44270048009073615
SETAR,2274,-0.21833207660257356
SETAR,2275,0.3573977757135316
SETAR,2276,-1.5894045717465006
SETAR,2277,0.15878764184560457
SETAR,2278,-1.5533861952837829
SETAR,2279,3.334127951197132
SETAR,2280,-0.18497964926219748
SETAR,2281,-0.6665658148444609
SETAR,2282,-0.7270527278293882
SETAR,2283,0.19548920239023906
SETAR,2284,-1.017611757556263
SETAR,2285,-1.8082364374486233
SETAR,2286,-1.1916916033130023
SETAR,2287,0.05250198495812129
SETAR,2288,0.945485999692801
SETAR,2289,0.9384142703361107
SETAR,2290,0.8796548530571936
SETAR,2291,0.0010528472858861368
SETAR,2292,-0.7898863014241922
SETAR,2293,1.2193334756663918
SETAR,2294,-0.17914072762939756
SETAR,2295,-1.4645730179830403
SETAR,2296,-0.3598063423356192
SETAR,2297,-0.4446402348077891
SETAR,2298,1.123770931679979
SETAR,2299,-0.09793563124069646
SETAR,2300,-1.0136315876640227
SETAR,2301,1.449222270946739
SETAR,2302,1.2112329439086065
SETAR,2303,-0.3546996151950273
SETAR,2304,-0.22032207009379623
SETAR,2305,1.0229767604668483
SETAR,2306,-0.6557754379059157
SETAR,2307,0.06030079340019847
SETAR,2308,1.3814577384502025
SETAR,2309,0.1545907597266691
SETAR,2310,-1.1995239057720353
SETAR,2311,0.5511408602015873
SETAR,2312,-0.028854775863093637
SETAR,2313,-0.3737740146922144
SETAR,2314,1.164585041549257
SETAR,2315,-0.9937429851070213
SETAR,2316,1.0147924970008066
SETAR,2317,1.7406704479056785
SETAR,2318,1.2450892980763721
SETAR,2319,0.820009847897364
SETAR,2320,0.793098542799895
SETAR,2321,0.16263383190241126
SETAR,2322,1.1538031026197841
SETAR,2323,-0.28343958607925723
SETAR,2324,-0.10442263708911817
SETAR,2325,-0.03276146161813556
SETAR,2326,0.48414259552317956
SETAR,2327,-1.1867260652900762
SETAR,2328,0.23580012624575536
SETAR,2329,0.33695215500761927
SETAR,2330,-0.4663817513765313
SETAR,2331,0.10498005579883671
SETAR,2332,-0.44220061686479745
SETAR,2333,-1.2085087222760111
SETAR,2334,-0.40921336446133433
SETAR,2335,0.4920477047951584
SETAR,2336,0.1476057398314985
SETAR,2337,-0.4057173658302095
SETAR,2338,2.6700994242598424
SETAR,2339,-0.046651654778453136
SETAR,2340,0.6012925625499814
SETAR,2341,1.371941821099134
SETAR,2342,0.06384463998396402
SETAR,2343,-0.9338810820904972
SETAR,2344,-0.3018455271268178
SETAR,2345,-0.1186426706196172
SETAR,2346,-1.147147167910963
SETAR,2347,0.404943657986755
SETAR,2348,0.5923014934394085
SETAR,2349,-0.7906685940856122
SETAR,2350,-0.06366948018669855
SETAR,2351,-0.8029078523270732
SETAR,2352,0.3036113510594278
SETAR,2353,1.1291815375154588
SETAR,2354,0.022318824998892692
SETAR,2355,1.0529190106766615
SETAR,2356,0.40469035936018766
SETAR,2357,-1.704260289783481
SETAR,2358,0.8715115389900285
SETAR,2359,-0.18601989567165222
SETAR,2360,0.24699764042363503
SETAR,2361,-1.0551604481217243
SETAR,2362,-0.7650183091325105
SETAR,2363,-3.0085671918260695
SETAR,2364,-0.3807705190230469
SETAR,2365,0.34796543690391124
SETAR,2366,-0.47302629419764863
SETAR,2367,-0.41243541741631173
SETAR,2368,2.1813704647349255
SETAR,2369,-0.2906531511152976
SETAR,2370,0.7619908403621001
SETAR,2371,0.04637900533472148
SETAR,2372,-1.8327498518509509
SETAR,2373,0.75407461962493
SETAR,2374,0.3931800586221366
SETAR,2375,0.010845216597053092
SETAR,2376,0.8525639996675656
SETAR,2377,-0.20846815715018774
SETAR,2378,-0.19407000580686024
SETAR,2379,0.6920729467074446
SETAR,2380,-0.7183286869848124
SETAR,2381,-0.8609842787232515
SETAR,2382,-1.8223476472209124
SETAR,2383,0.9370313909246758
SETAR,2384,-0.21513043948852348
SETAR,2385,0.010481276673343608
SETAR,2386,0.024068597722550926
SETAR,2387,-0.08302132500976725
SETAR,2388,-0.07727062776535357
SETAR,2389,0.8726292368723072
SETAR,2390,-0.17297305996664836
SETAR,2391,-0.008211191374944965
SETAR,2392,-1.5801795540271162
SETAR,2393,0.18157272109540246
SETAR,2394,0.07784820143293235
SETAR,2395,0.0033273306727997012
SETAR,2396,-0.09793502074022792
SETAR,2397,0.1372251546796777
SETAR,2398,-0.04818231497956824
SETAR,2399,-1.1629152530599678
SETAR,2400,0.7269438235623313
SETAR,2401,0.048845539783890994
SETAR,2402,0.6615107666666818
SETAR,2403,-1.0175559258764335
SETAR,2404,0.2584080143233261
SETAR,2405,-1.7454291328314466
SETAR,2406,-0.32150766259208646
SETAR,2407,2.0435931033575687
SETAR,2408,-0.2430490145105482
SETAR,2409,0.058313544643803256
SETAR,2410,-0.4614768813178778
SETAR,2411,-0.6710949976411609
SETAR,2412,0.0750029540444085
SETAR,2413,-0.11548989986827729
SETAR,2414,0.2536813358584991
SETAR,2415,-0.03816639713036535
SETAR,2416,-1.6287676930932948
SETAR,2417,-0.8196536352521101
SETAR,2418,0.2744610018385276
SETAR,2419,-0.02354929896702184
SETAR,2420,-0.20033812016425354
SETAR,2421,1.0157746279311872
SETAR,2422,-0.18093022409127377
SETAR,2423,0.1294704324715066
SETAR,2424,-1.585843972024072
SETAR,2425,0.44894832430156767
SETAR,2426,0.7950872984112618
SETAR,2427,0.3138660478842622
SETAR,2428,1.3612190495774172
SETAR,2429,0.013781652165882341
SETAR,2430,0.07532823912957846
SETAR,2431,0.5629175416126837
SETAR,2432,0.8243829177964987
SETAR,2433,-2.1997327343244266
SETAR,2434,0.44157505792407914
SETAR,2435,0.25227334911594246
SETAR,2436,0.8395806449618766
SETAR,2437,-0.43811828392436236
SETAR,2438,-0.11650366372733117
SETAR,2439,1.1653396553560087
SETAR,2440,0.9596722453981612
SETAR,2441,1.6568016412970705
SETAR,2442,-0.675882222598169
SETAR,2443,0.4375802854559772
SETAR,2444,-0.4485112485502609
SETAR,2445,-0.833610287943169
SETAR,2446,-0.038017579122009496
SETAR,2447,0.34988784208424717
SETAR,2448,-1.0891030231281194
SETAR,2449,1.142006825494992
SETAR,2450,-0.17208206860237266
SETAR,2451,-0.1325800542005266
SETAR,2452,-1.7355225432866301
SETAR,2453,-0.1752536378889698
SETAR,2454,0.5393917278388194
SETAR,2455,0.7797741174817052
SETAR,2456,-0.8963353177447718
SETAR,2457,0.7950739676242403
SETAR,2458,1.0419245534891048
SETAR,2459,1.0230433290389618
SETAR,2460,2.552774134612465
SETAR,2461,2.2475606607442264
SETAR,2462,-1.020479436791562
SETAR,2463,0.642160079930176
SETAR,2464,0.4043005777361973
SETAR,2465,1.0296138570568663
SETAR,2466,-1.2246679803520772
SETAR,2467,-0.2924853742913419
SETAR,2468,0.723004756670421
SETAR,2469,0.6549395116740707
SETAR,2470,-1.905506006606643
SETAR,2471,0.4183494190412241
SETAR,2472,-0.6186062707319296
SETAR,2473,1.097264170437995
SETAR,2474,0.23782616375900828
SETAR,2475,3.9060181600393094
SETAR,2476,-1.256304624538368
SETAR,2477,-0.18456141841748702
SETAR,2478,0.5857686495532294
SETAR,2479,-0.6108921388364824
SETAR,2480,1.4573156346992988
SETAR,2481,0.23980758056845078
SETAR,2482,-0.8960333674412831
SETAR,2483,-1.371792053194073
SETAR,2484,1.495085918226831
SETAR,2485,-0.3021124476980557
SETAR,2486,-0.48162075004055854
SETAR,2487,2.457182043888558
SETAR,2488,1.3055534283385766
SETAR,2489,2.8604700804958414
SETAR,2490,0.7394651599540286
SETAR,2491,-0.696435477989569
SETAR,2492,0.19217717775469725
SETAR,2493,0.7107834261011756
SETAR,2494,4.175788786226315
SETAR,2495,1.5299582746547433
SETAR,2496,-5.078810441534492
SETAR,2497,-2.9756024934405225
SETAR,2498,-0.18294469271408756
SETAR,2499,0.11677903567801526
SETAR,2500,0.4246643093913285
SETAR,2501,-0.23758782634438652
SETAR,2502,-3.723512220026352
SETAR,2503,2.4823657458324186
SETAR,2504,0.9196647272327878
SETAR,2505,-1.5785397283597966
SETAR,2506,0.15100457386609092
SETAR,2507,0.9484694781096323
SETAR,2508,3.734346904298837
SETAR,2509,-0.39302823776415863
SETAR,2510,-3.8513947022595967
SETAR,2511,-0.24345815970525791
SETAR,2512,-1.6800000600945808
SETAR,2513,-2.8616679514589243
SETAR,2514,1.502739087641569
SETAR,2515,1.759363614867502
SETAR,2516,-0.21158523925866954
SETAR,2517,-0.12678772230274463
SETAR,2518,-0.7463579873073269
SETAR,2519,1.5451749484735604
SETAR,2520,-0.07635122148152534
SETAR,2521,-1.2209248043841807
SETAR,2522,0.11628812441981617
SETAR,2523,0.7475752602370476
SETAR,2524,-1.4790768166490877
SETAR,2525,-0.031439619034458036
SETAR,2526,0.8778344252392128
SETAR,2527,0.01754932691126855
SETAR,2528,-0.046235593312140964
SETAR,2529,-0.220909074117936
SETAR,2530,0.20845893765303258
SETAR,2531,1.4172314365238892
SETAR,2532,1.4196730743399155
SETAR,2533,-1.3149850538806842
SETAR,2534,-0.049719003257160416
SETAR,2535,0.27732964008865585
SETAR,2536,1.2741570756890517
SETAR,2537,-0.12163247926566752
SETAR,2538,-0.32960246571777563
SETAR,2539,-2.654219940142957
SETAR,2540,0.030194576602841305
SETAR,2541,-3.044200568100259
SETAR,2542,-1.671655544316215
SETAR,2543,0.3409204774591471
SETAR,2544,-0.5774499838339701
SETAR,2545,1.1117878482813848
SETAR,2546,0.25296361064223866
SETAR,2547,-0.44192410034123414
SETAR,2548,0.4706760640439831
SETAR,2549,0.6383368127617711
SETAR,2550,-0.04208184371873498
SETAR,2551,-0.29702221788053124
SETAR,2552,-0.5524714877910947
SETAR,2553,-0.6006000747177583
SETAR,2554,1.1507825444794433
SETAR,2555,-0.76922318730141
SETAR,2556,-0.06671204864672005
SETAR,2557,0.41453141583111747
SETAR,2558,-0.6983561105640846
SETAR,2559,1.5300189431368052
SETAR,2560,-1.886346666445495
SETAR,2561,0.6645607244499315
SETAR,2562,-2.334981838618371
SETAR,2563,-0.10752566473081798
SETAR,2564,0.32818668994112365
SETAR,2565,1.098160687459797
SETAR,2566,0.2911500558273249
SETAR,2567,0.08146440898517536
SETAR,2568,0.5587635880142527
SETAR,2569,-0.20346426454566527
SETAR,2570,0.019195650046075097
SETAR,2571,0.2742013730969152
SETAR,2572,0.7002879737239684
SETAR,2573,1.5170906878801789
SETAR,2574,1.8071644011807215
SETAR,2575,0.5663902692863443
SETAR,2576,-0.8542353046777982
SETAR,2577,0.8059560100151337
SETAR,2578,-0.355126647603047
SETAR,2579,0.9472913856149832
SETAR,2580,-0.05237601604656288
SETAR,2581,0.7306093296653646
SETAR,2582,1.361857620296195
SETAR,2583,-1.723565604759902
SETAR,2584,-1.0374223866649817
SETAR,2585,1.106819026445768
SETAR,2586,-0.5876715693874044
SETAR,2587,-0.937548313442852
SETAR,2588,1.178065573919657
SETAR,2589,-0.39177330594841225
SETAR,2590,0.4180074404882326
SETAR,2591,0.2283492222050032
SETAR,2592,-1.6472337025547166
SETAR,2593,0.3321937966791183
SETAR,2594,-0.1920660471334507
SETAR,2595,1.77465496291331
SETAR,2596,-0.23596607944878656
SETAR,2597,-3.5530153507407354
SETAR,2598,0.7017097911673624
SETAR,2599,1.7898920403615592
SETAR,2600,0.9523179791234606
SETAR,2601,-2.1335146539677403
SETAR,2602,-0.39323218654248215
SETAR,2603,0.13107531882041573
SETAR,2604,1.1299992924804938
SETAR,2605,-0.7419291050622462
SETAR,2606,0.34083457776352377
SETAR,2607,-0.6697555893091748
SETAR,2608,-1.0925821091366459
SETAR,2609,0.9471048321457307
SETAR,2610,0.4146263631304197
SETAR,2611,0.25115877210235105
SETAR,2612,2.1034114317475154
SETAR,2613,1.3721012437712385
SETAR,2614,-0.446574865559537
SETAR,2615,0.7596417724112212
SETAR,2616,0.7761843726409529
SETAR,2617,-3.5691108615762195
SETAR,2618,-0.2877279870832652
SETAR,2619,-0.710346438460059
SETAR,2620,-6.715453362719637
SETAR,2621,0.8852377634830952
SETAR,2622,2.902450182887893
SETAR,2623,-0.25919445082021675
SETAR,2624,1.0533879314663375
SETAR,2625,-0.6383038412152653
SETAR,2626,-1.9896322963605089
SETAR,2627,-0.6736890027634874
SETAR,2628,-0.7586863427559458
SETAR,2629,-5.6543280570688035
SETAR,2630,-7.305181403426172
SETAR,2631,-13.329734700382108
SETAR,2632,-0.6198589638429095
SETAR,2633,-5.7450951262296535
SETAR,2634,1.2359868163529428
SETAR,2635,3.4986687355857233
SETAR,2636,4.8917622538432735
SETAR,2637,7.804059686003014
SETAR,2638,0.9742032765230111
SETAR,2639,-1.3784744239491746
SETAR,2640,0.622841869026501
SETAR,2641,-3.0098326238435655
SETAR,2642,-0.3614257489155832
SETAR,2643,-0.08503861878851866
SETAR,2644,3.7156834966712156
SETAR,2645,-0.8999241835017491
SETAR,2646,4.187734511985671
SETAR,2647,-0.16886081949764062
SETAR,2648,-0.6805304859146517
SETAR,2649,3.1431926797208107
SETAR,2650,0.13295945667627193
SETAR,2651,2.0845613134897554
SETAR,2652,-1.9933702147274521
SETAR,2653,-0.1314777182792587
SETAR,2654,-2.0565050146523256
SETAR,2655,0.6391802438148813
SETAR,2656,-2.8701875176038785
SETAR,2657,1.437254873676372
SETAR,2658,0.90601802569487
SETAR,2659,-0.07359103742888692
SETAR,2660,-0.24175401911621502
SETAR,2661,-0.39429935072600336
SETAR,2662,0.8306848493491547
SETAR,2663,-2.2136487018897575
SETAR,2664,0.012683248475986272
SETAR,2665,-1.04855068758051
SETAR,2666,1.1878642581427843
SETAR,2667,-0.8460917688471051
SETAR,2668,3.251968002804799
SETAR,2669,0.936612508091572
SETAR,2670,-0.3662197269782499
SETAR,2671,-0.24380996134397515
SETAR,2672,0.7077608359098867
SETAR,2673,1.9022214605693712
SETAR,2674,4.5089261950600354
SETAR,2675,1.8956690906683067
SETAR,2676,2.0377723622830364
SETAR,2677,1.1387006629997252
SETAR,2678,-2.6158569154442572
SETAR,2679,0.02602878109906359
SETAR,2680,0.18210607560857123
SETAR,2681,-0.4466713034272921
SETAR,2682,0.580486318645915
SETAR,2683,0.7347036475078041
SETAR,2684,2.7341961031629527
SETAR,2685,2.3443394680291654
SETAR,2686,-1.4424036518196988
SETAR,2687,-2.2580592333043623
SETAR,2688,0.1701178413642805
SETAR,2689,-1.6375801306017115
SETAR,2690,2.1153597273980083
SETAR,2691,-1.5634304222413606
SETAR,2692,3.3427832494017413
SETAR,2693,-2.8263046770048508
SETAR,2694,-1.3359244809489002
SETAR,2695,-0.620801951675592
SETAR,2696,0.3867263427792615
SETAR,2697,0.12654283135276073
SETAR,2698,-0.6789603890719534
SETAR,2699,1.5535759043547626
SETAR,2700,0.23002739400647534
SETAR,2701,1.3127555439211627
SETAR,2702,-2.605868739621668
SETAR,2703,1.2855386269503928
SETAR,2704,0.13818083979091567
SETAR,2705,-0.04336790024001694
SETAR,2706,1.824343451691033
SETAR,2707,-0.9749780014133487
SETAR,2708,-0.24205326401998017
SETAR,2709,0.5444660467181787
SETAR,2710,1.1993518830500711
SETAR,2711,-0.09908673000263202
SETAR,2712,2.3638406995587524
SETAR,2713,-0.46068258515527516
SETAR,2714,0.12624175002053517
SETAR,2715,1.9182153502762649
SETAR,2716,0.7456485657312207
SETAR,2717,0.9761685937606167
SETAR,2718,-1.265352748264484
SETAR,2719,0.5648528476780782
SETAR,2720,2.9111184254022806
SETAR,2721,6.661666087892138
SETAR,2722,7.294203935614931
SETAR,2723,-2.1451267708649335
SETAR,2724,-0.07820651058411765
SETAR,2725,8.037482974452107
SETAR,2726,-0.06632298113555923
SETAR,2727,-0.5425472810471272
SETAR,2728,-3.2379975771651885
SETAR,2729,3.177556500423048
SETAR,2730,-0.1161236339796066
SETAR,2731,6.579320707852794
SETAR,2732,3.208638819756339
SETAR,2733,6.798834545714163
SETAR,2734,-3.2005512181678015
SETAR,2735,2.8732986460735868
SETAR,2736,-15.55801921941462
SETAR,2737,1.0994900329967432
SETAR,2738,7.862409335453101
SETAR,2739,-4.062823075850975
SETAR,2740,3.3873555123417307
SETAR,2741,1.6469802751007458
SETAR,2742,-3.7431228980226745
SETAR,2743,2.0833350531523553
SETAR,2744,-1.528095648129682
SETAR,2745,-0.3643668912020751
SETAR,2746,-0.2959615420585046
SETAR,2747,3.509898194622445
SETAR,2748,-2.0293068226973396
SETAR,2749,1.8285772984822146
SETAR,2750,2.2355080270668646
SETAR,2751,-0.09345897329717603
SETAR,2752,-2.435033046649177
SETAR,2753,-3.5201160790170842
SETAR,2754,1.0730889533224173
SETAR,2755,-0.26673461319529335
SETAR,2756,-0.8448811375722453
SETAR,2757,1.1530841545551307
SETAR,2758,-0.3024706516143032
SETAR,2759,-0.4013047867324813
SETAR,2760,1.2577734833957663
SETAR,2761,0.1568259212708427
SETAR,2762,0.05627772362435167
SETAR,2763,-0.5369823135655598
SETAR,2764,-0.92702545649329
SETAR,2765,-8.02952148187806
SETAR,2766,-1.0340189705755112
SETAR,2767,-6.681857971658853
SETAR,2768,1.8027732263009257
SETAR,2769,-1.2973190049468277
SETAR,2770,3.284273425012925
SETAR,2771,1.7350715286582037
SETAR,2772,-4.168410024734195
SETAR,2773,2.5667382069141826
SETAR,2774,0.354294041945171
SETAR,2775,2.204477155294783
SETAR,2776,-5.650307664245169
SETAR,2777,2.4095422057768348
SETAR,2778,0.06043635782520246
SETAR,2779,5.033967742781753
SETAR,2780,-0.5733955122132183
SETAR,2781,-4.411879064077746
SETAR,2782,0.812322924060759
SETAR,2783,0.3896863591980712
SETAR,2784,-0.6445879785122884
SETAR,2785,0.9504354019895966
SETAR,2786,0.9103168690135552
SETAR,2787,1.6382776662852137
SETAR,2788,-1.432906433348408
SETAR,2789,-0.2783181582599549
SETAR,2790,-1.263494370822944
SETAR,2791,0.14466591086454378
SETAR,2792,-4.115867000862974
SETAR,2793,-0.3469774172923846
SETAR,2794,1.607364479244775
SETAR,2795,1.7687617558923785
SETAR,2796,0.3058412218023063
SETAR,2797,-1.4126000029261823
SETAR,2798,5.727206470960595
SETAR,2799,1.3858703950881757
SETAR,2800,-6.0676528537562096
SETAR,2801,0.8955686531946166
SETAR,2802,0.6516859138105491
SETAR,2803,-0.029493956418642255
SETAR,2804,1.2221425651772557
SETAR,2805,0.5167505215449113
SETAR,2806,-1.1751739011927116
SETAR,2807,-0.5475928633241472
SETAR,2808,-1.2614205548501596
SETAR,2809,0.6901995938083316
SETAR,2810,-2.5698766868837715
SETAR,2811,-1.3288435231767843
SETAR,2812,0.3525259518071911
SETAR,2813,-0.0453244805992699
SETAR,2814,-2.8662170164269796
SETAR,2815,-0.17546042538202988
SETAR,2816,5.945598178042768
SETAR,2817,0.03564894584111561
SETAR,2818,-0.2891509889521718
SETAR,2819,0.52701266892039
SETAR,2820,1.3569693495923696
SETAR,2821,0.18358555973500176
SETAR,2822,-2.4574316842089683
SETAR,2823,0.2686363670239301
SETAR,2824,-0.024086383574560694
SETAR,2825,-0.523941339083211
SETAR,2826,2.687036185446872
SETAR,2827,3.2849540944124165
SETAR,2828,2.5859666429136094
SETAR,2829,-1.288768357757507
SETAR,2830,1.170543267509486
SETAR,2831,-3.636459834978078
SETAR,2832,0.9308784243860594
SETAR,2833,0.8701822725438508
SETAR,2834,1.659905958056526
SETAR,2835,-0.37776825693201527
SETAR,2836,1.543688208937255
SETAR,2837,-1.1319296546128603
SETAR,2838,2.8603953935266913
SETAR,2839,1.1159538814239094
SETAR,2840,-1.2301408416918678
SETAR,2841,-0.5796728007955241
SETAR,2842,-6.9779288222868985
SETAR,2843,-2.2703328200352386
SETAR,2844,2.649042131680111
SETAR,2845,-1.5556967954583518
SETAR,2846,0.9993482738889017
SETAR,2847,-3.2423338195372753
SETAR,2848,0.6026618736931701
SETAR,2849,0.9495526242150675
SETAR,2850,2.3334449847715457
SETAR,2851,0.17045386817145466
SETAR,2852,-2.133886658523632
SETAR,2853,-0.28686771068351946
SETAR,2854,0.5822762282965915
SETAR,2855,-0.8651786540954315
SETAR,2856,4.6119813462362504
SETAR,2857,1.4275357663996218
SETAR,2858,7.491963613713891
SETAR,2859,-8.749350152767573
SETAR,2860,-0.6367983084700881
SETAR,2861,-1.3208984418982799
SETAR,2862,1.596493794498562
SETAR,2863,1.214927496215508
SETAR,2864,-0.09958573535396949
SETAR,2865,-0.9590436499628003
SETAR,2866,-0.31647384615556806
SETAR,2867,0.9979002202934159
SETAR,2868,1.15998103273455
SETAR,2869,-1.39421239787933
SETAR,2870,0.6115571131562619
SETAR,2871,-1.2971499807437672
SETAR,2872,0.33125047361909543
SETAR,2873,3.3889790262286503
SETAR,2874,-1.822978535635221
SETAR,2875,1.1246969875188817
SETAR,2876,-1.9232919229306409
SETAR,2877,-3.6523394887209166
SETAR,2878,0.2604857231359994
SETAR,2879,0.8283933568826052
SETAR,2880,-2.6704414931173996
SETAR,2881,-2.8182587301072077
SETAR,2882,-0.537778153170037
SETAR,2883,-0.14966876889567265
SETAR,2884,3.0396537114196485
SETAR,2885,0.833318369877388
SETAR,2886,-0.41537651385313523
SETAR,2887,-0.8466181720877458
SETAR,2888,1.225117577158924
SETAR,2889,-1.0137712292418966
SETAR,2890,1.6332511600919595
SETAR,2891,-1.3106988548717498
SETAR,2892,0.3641955364934781
SETAR,2893,-1.7633751427731714
SETAR,2894,-3.169587316353281
SETAR,2895,0.32851236560058183
SETAR,2896,-0.05509990686628984
SETAR,2897,-0.17323682119912226
SETAR,2898,-1.7756227364650126
SETAR,2899,-2.492768212546558
SETAR,2900,1.7729691014062607
SETAR,2901,2.1221600473921516
SETAR,2902,-0.5245000528712793
SETAR,2903,1.073167457709394
SETAR,2904,-0.005559506949824378
SETAR,2905,1.020336796785933
SETAR,2906,-0.8409541724051683
SETAR,2907,-1.9867662622492206
SETAR,2908,2.2059785978897293
SETAR,2909,0.5323798657934192
SETAR,2910,1.5813465018422654
SETAR,2911,0.3217187769779182
SETAR,2912,-0.6813285340082067
SETAR,2913,0.1274056431927326
SETAR,2914,2.6727179941395955
SETAR,2915,-1.645140990726391
SETAR,2916,-0.56562233568535
SETAR,2917,0.9240474191228006
SETAR,2918,0.21097529766069195
SETAR,2919,-0.29065442765489785
SETAR,2920,-0.3998840508423303
SETAR,2921,-0.8385929614919664
SETAR,2922,3.990527774596121
SETAR,2923,-1.674026153104582
SETAR,2924,-0.07097257623135463
SETAR,2925,3.0671958144567992
SETAR,2926,0.7461006575555258
SETAR,2927,-0.6317153701033574
SETAR,2928,1.2033093833849033
SETAR,2929,-2.108514844699835
SETAR,2930,0.3676654401939472
SETAR,2931,1.1705730496153197
SETAR,2932,2.745187556172728
SETAR,2933,-0.14574895455085868
SETAR,2934,-1.6558703426985435
SETAR,2935,-0.1265237825159799
SETAR,2936,-0.7839198688537097
SETAR,2937,0.8863632048849922
SETAR,2938,0.7308265404463643
SETAR,2939,-1.1930212716254658
SETAR,2940,0.6404169764430105
SETAR,2941,0.30738116284281775
SETAR,2942,0.3775533511503888
SETAR,2943,-0.5716299000952955
SETAR,2944,1.0396872098697516
SETAR,2945,-2.7012849099818115
SETAR,2946,1.3868477406172395
SETAR,2947,0.35603633345717006
SETAR,2948,-1.0495885485215894
SETAR,2949,0.564786881468835
SETAR,2950,0.8474638892412508
SETAR,2951,-0.34749886061376206
SETAR,2952,-0.20514816428057225
SETAR,2953,-0.6822901082388155
SETAR,2954,-2.4123880276495586
SETAR,2955,-3.970296719356721
SETAR,2956,-0.34868189615981626
SETAR,2957,0.7603422936692377
SETAR,2958,-0.8788454441808252
SETAR,2959,0.33503547000860956
SETAR,2960,0.18783159341751154
SETAR,2961,0.5186787283132012
SETAR,2962,0.06356689736141852
SETAR,2963,-1.2423988835379545
SETAR,2964,1.468784128771593
SETAR,2965,-0.4684635734459188
SETAR,2966,1.7202824909077614
SETAR,2967,-0.1066707892348062
SETAR,2968,-1.4566965217074572
SETAR,2969,0.022907989244964566
SETAR,2970,-0.8107717715445856
SETAR,2971,0.7594727063774396
SETAR,2972,0.2225362061772927
SETAR,2973,-0.8554899492187095
SETAR,2974,1.0343784694488318
SETAR,2975,0.3618711934621896
SETAR,2976,-2.667629517774047
SETAR,2977,-1.7929080826278192
SETAR,2978,-0.7893746884722876
SETAR,2979,1.3232030093488514
SETAR,2980,0.5033732850377017
SETAR,2981,-1.0699051968151656
SETAR,2982,0.04150112531053622
SETAR,2983,-2.02569619938552
SETAR,2984,1.2250490495072546
SETAR,2985,2.0981485515312706
SETAR,2986,-0.27297882253955996
SETAR,2987,-0.3517522844228736
SETAR,2988,0.36565132035676307
SETAR,2989,-0.539258044253579
SETAR,2990,-0.9601960275040072
SETAR,2991,-3.332312110847855
SETAR,2992,-3.434252986295033
SETAR,2993,-0.2722370818311225
SETAR,2994,0.8568793785986936
SETAR,2995,-1.740870722640465
SETAR,2996,2.253590321852681
SETAR,2997,0.4245294376451252
SETAR,2998,-0.8299577633663718
SETAR,2999,-0.589767608344225
SETAR,3000,-1.2230762746525445
SETAR,3001,-0.8205666297821546
SETAR,3002,2.5855904311128923
SETAR,3003,0.8204155120153097
SETAR,3004,-0.24176886774242784
SETAR,3005,-1.2001507279740682
SETAR,3006,2.002722789845739
SETAR,3007,-0.20607849818415477
SETAR,3008,-0.6423465161914416
SETAR,3009,1.0809657816322853
SETAR,3010,-0.9708408767047001
SETAR,3011,3.3685899215336232
SETAR,3012,-0.2153925230077685
SETAR,3013,-1.8823081226085476
SETAR,3014,-1.4873845275437565
SETAR,3015,0.34053785710208917
SETAR,3016,-1.2237002974333038
SETAR,3017,-0.05498456902656684
SETAR,3018,0.4529611874243762
SETAR,3019,-0.08216988996069158
SETAR,3020,-4.06036316759764
SETAR,3021,-2.067055594233376
SETAR,3022,-0.36912607861096397
SETAR,3023,0.9677875683564172
SETAR,3024,0.7242083869578342
SETAR,3025,-0.9414632749705033
SETAR,3026,-0.607062540051555
SETAR,3027,1.2176235517922196
SETAR,3028,-0.7905221227526894
SETAR,3029,-4.210113416016347
SETAR,3030,3.1391265923380804
SETAR,3031,1.9370809338619417
SETAR,3032,0.6165759670399453
SETAR,3033,-0.40168097671764713
SETAR,3034,-0.14766111571023363
SETAR,3035,-0.1944301839511336
SETAR,3036,0.2717250138801543
SETAR,3037,-0.3026559206614045
SETAR,3038,-0.08098818467835751
SETAR,3039,2.3230189944000528
SETAR,3040,1.7235582313546784
SETAR,3041,-0.960601913324573
SETAR,3042,-0.49439234150391836
SETAR,3043,1.9576730029854836
SETAR,3044,2.767276839019619
SETAR,3045,-0.779249469612302
SETAR,3046,0.7527482445245969
SETAR,3047,1.01721303231789
SETAR,3048,-1.7447115269975875
SETAR,3049,-0.310208660930647
SETAR,3050,0.11046835150426618
SETAR,3051,-0.8157580659860059
SETAR,3052,0.5477296711574411
SETAR,3053,-2.1212718668920023
SETAR,3054,0.39777259032983114
SETAR,3055,0.766757868164525
SETAR,3056,1.569281875173339
SETAR,3057,1.0658407913632268
SETAR,3058,-0.668873688125418
SETAR,3059,1.4111738201710216
SETAR,3060,2.55626643440925
SETAR,3061,0.22156797846945875
SETAR,3062,-0.9897825812391955
SETAR,3063,-1.1098427579067391
SETAR,3064,0.9263730027054947
SETAR,3065,-1.1655854743629095
SETAR,3066,-0.8846811148585331
SETAR,3067,-1.6085484753995931
SETAR,3068,-2.0931553996267
SETAR,3069,-0.3835283883756844
SETAR,3070,0.21353110000771167
SETAR,3071,-2.042621094756438
SETAR,3072,-1.0075365715678701
SETAR,3073,-0.23850866069847967
SETAR,3074,-2.227274973334762
SETAR,3075,0.2676952336747399
SETAR,3076,0.6903556755911483
SETAR,3077,-0.7793832801334892
SETAR,3078,0.4630684855637332
SETAR,3079,-0.3002171603504825
SETAR,3080,-2.103309321984424
SETAR,3081,1.0646657028128153
SETAR,3082,0.6946702501528845
SETAR,3083,-1.8259503057923487
SETAR,3084,0.6674842699157316
SETAR,3085,1.7826837898759404
SETAR,3086,-0.6219515519703093
SETAR,3087,-0.47547718767172076
SETAR,3088,1.1834559420581001
SETAR,3089,1.3013706197524804
SETAR,3090,0.2644391009059345
SETAR,3091,0.7449701223252213
SETAR,3092,-0.24084926768372883
SETAR,3093,-0.9766992325265191
SETAR,3094,0.9889645127898042
SETAR,3095,0.953893808257994
SETAR,3096,-1.6687657289661046
SETAR,3097,0.7112772856223908
SETAR,3098,-1.0803140840418473
SETAR,3099,-2.624823831299793
SETAR,3100,0.605731634507165
SETAR,3101,0.7308508691753998
SETAR,3102,1.2749127647267822
SETAR,3103,1.4308693757733815
SETAR,3104,-0.31046139839769216
SETAR,3105,-0.5889897527276808
SETAR,3106,0.22697679517034042
SETAR,3107,1.9468660118361767
SETAR,3108,2.67839227003366
SETAR,3109,1.1915768550215469
SETAR,3110,-1.0754032931842301
SETAR,3111,-1.280141144776461
SETAR,3112,-0.7876227453922133
SETAR,3113,-1.2916116748818756
SETAR,3114,-3.217897068418283
SETAR,3115,-1.5043938504422636
SETAR,3116,0.34750421176792945
SETAR,3117,0.6882723751178554
SETAR,3118,-0.09341681469857795
SETAR,3119,-1.0850241725789425
SETAR,3120,0.4259233350386341
SETAR,3121,2.242843002555521
SETAR,3122,0.6505150952184054
SETAR,3123,0.4460439162934188
SETAR,3124,-0.4987887362447848
SETAR,3125,1.6212463218609714
SETAR,3126,0.9588585092786075
SETAR,3127,-2.1233873535539303
SETAR,3128,1.0502808596763862
SETAR,3129,1.1932593913020484
SETAR,3130,0.32554480646484485
SETAR,3131,0.05206994942191827
SETAR,3132,0.645003553135913
SETAR,3133,1.8354618755566234
SETAR,3134,-1.4326636135963482
SETAR,3135,0.1589029661561281
SETAR,3136,0.8917712040690289
SETAR,3137,3.682079970686212
SETAR,3138,-0.5179186275334768
SETAR,3139,-0.4764403538406187
SETAR,3140,1.7001824675518151
SETAR,3141,0.460437717755014
SETAR,3142,2.7791016098463603
SETAR,3143,-2.5571171916617077
SETAR,3144,0.021967375715088222
SETAR,3145,-0.3254394019150997
SETAR,3146,-2.979514907188289
SETAR,3147,-0.7996434277393392
SETAR,3148,0.8062916164072224
SETAR,3149,1.0045126635032382
SETAR,3150,-1.5968799939170857
SETAR,3151,1.0689111461627445
SETAR,3152,-1.8002046362789135
SETAR,3153,1.1465654553079105
SETAR,3154,1.4847799038841745
SETAR,3155,-0.17718722512666774
SETAR,3156,-2.6252428553088585
SETAR,3157,-0.6980505933122685
SETAR,3158,0.426855033272229
SETAR,3159,-0.34915767004355747
SETAR,3160,-0.8350567778127732
SETAR,3161,-0.24457661160052738
SETAR,3162,-0.8167196442560583
SETAR,3163,0.5523459288577354
SETAR,3164,0.4948587757931756
SETAR,3165,0.4994966367229451
SETAR,3166,1.4145004278616178
SETAR,3167,1.0698426881345853
SETAR,3168,1.3795144468218457
SETAR,3169,-0.39932868258963344
SETAR,3170,0.6237971482577475
SETAR,3171,-2.6736126662965574
SETAR,3172,-0.3397558468024669
SETAR,3173,-2.1367118489757666
SETAR,3174,-1.8958547128382324
SETAR,3175,-2.2180695590599706
SETAR,3176,-0.3946353270517434
SETAR,3177,-0.9169932065646778
SETAR,3178,-0.6947892987678574
SETAR,3179,-1.721357787114028
SETAR,3180,-0.5025366639540289
SETAR,3181,-0.29062842043685677
SETAR,3182,1.7606823035231258
SETAR,3183,-2.1574283328299906
SETAR,3184,-0.5983166574496761
SETAR,3185,-2.536943545610736
SETAR,3186,-2.715895708383381
SETAR,3187,1.4871563497885534
SETAR,3188,-4.303986330794322
SETAR,3189,1.8000250672153888
SETAR,3190,2.614481229721295
SETAR,3191,0.0561317431978819
SETAR,3192,-1.1523834816904202
SETAR,3193,2.213446202691856
SETAR,3194,-0.5356713990116694
SETAR,3195,0.162786244610508
SETAR,3196,1.4266457721579107
SETAR,3197,-0.5075847710085168
SETAR,3198,0.09927605007026237
SETAR,3199,0.317582095292569
SETAR,3200,-0.5129953762851129
SETAR,3201,-1.9406310706563066
SETAR,3202,1.3759257562826275
SETAR,3203,2.108310005737969
SETAR,3204,-1.892911486006776
SETAR,3205,0.7430000476312177
SETAR,3206,0.7699149233754102
SETAR,3207,-0.904114933788204
SETAR,3208,-1.6458606915662786
SETAR,3209,0.9740980355647945
SETAR,3210,-3.6668407902729765
SETAR,3211,-0.14596872630889382
SETAR,3212,3.030424763877876
SETAR,3213,1.070263435162041
SETAR,3214,-1.5403456217799845
SETAR,3215,-0.18149808469906525
SETAR,3216,0.4306154241762365
SETAR,3217,-1.2800019569655992
SETAR,3218,-2.177586461697638
SETAR,3219,0.9986929605884798
SETAR,3220,0.0032671380613473813
SETAR,3221,-1.4619008967043836
SETAR,3222,-0.5242930282532532
SETAR,3223,-2.24109079140748
SETAR,3224,-1.9097233206181263
SETAR,3225,0.570182036365038
SETAR,3226,-3.840947330896215
SETAR,3227,-0.05191838786596524
SETAR,3228,0.1665737654296862
SETAR,3229,0.29326930487346636
SETAR,3230,-1.0771277098866654
SETAR,3231,-0.9122432514889454
SETAR,3232,1.5160116641394459
SETAR,3233,-4.2569756696128085
SETAR,3234,1.434064958604377
SETAR,3235,0.1554078315782086
SETAR,3236,0.10321518110076244
SETAR,3237,-0.520857004857896
SETAR,3238,0.8058086117366104
SETAR,3239,-1.5085438522190115
SETAR,3240,-0.7211235190255572
SETAR,3241,1.0839518560664914
SETAR,3242,2.420462269794066
SETAR,3243,4.548676640677275
SETAR,3244,1.0016774960251358
SETAR,3245,0.3918627690338689
SETAR,3246,-1.9379483296137956
SETAR,3247,0.13102897708113814
SETAR,3248,0.6789243734587593
SETAR,3249,-1.543384572275547
SETAR,3250,3.9131374655755615
SETAR,3251,-0.8247547444618225
SETAR,3252,0.28316306401436153
SETAR,3253,-1.3885039416536782
SETAR,3254,2.207595896324304
SETAR,3255,-2.722694110057989
SETAR,3256,-0.5698766087202779
SETAR,3257,-1.6577314655405972
SETAR,3258,-1.4799122423485307
SETAR,3259,-2.5383173186980237
SETAR,3260,-0.22234036881248387
SETAR,3261,0.6153411874738459
SETAR,3262,-0.0887826419020263
SETAR,3263,0.6183238639047787
SETAR,3264,-2.114409027111092
SETAR,3265,-0.2517146911828268
SETAR,3266,-1.84895275426383
SETAR,3267,-2.3293061265027584
SETAR,3268,-0.9399210292875023
SETAR,3269,0.9986961309621302
SETAR,3270,0.8067718583401001
SETAR,3271,-0.9352849875529772
SETAR,3272,2.4733178855949496
SETAR,3273,0.3661460527114889
SETAR,3274,1.3545440703982385
SETAR,3275,5.15004498630108
SETAR,3276,-2.0455008109976047
SETAR,3277,1.5744333961596397
SETAR,3278,-2.1303533558616983
SETAR,3279,1.5089779160917862
SETAR,3280,0.014652341188332446
SETAR,3281,-1.68140933267984
SETAR,3282,1.4917482902571706
SETAR,3283,0.542047200368466
SETAR,3284,-4.07744710647484
SETAR,3285,-2.5312001487353353
SETAR,3286,0.14128890433576166
SETAR,3287,2.690685277578415
SETAR,3288,-0.6822988759330529
SETAR,3289,0.9444096600799391
SETAR,3290,8.506802683401856
SETAR,3291,2.3336183377769886
SETAR,3292,-2.1719458175734214
SETAR,3293,0.25229324830885974
SETAR,3294,-2.564556694222231
SETAR,3295,-2.8025213803529874
SETAR,3296,-2.221666981176763
SETAR,3297,-0.611627856394459
SETAR,3298,-0.7711829517761238
SETAR,3299,-3.463612547425126
SETAR,3300,2.3533396871896617
SETAR,3301,0.23862009609927248
SETAR,3302,-1.613296599686104
SETAR,3303,1.1795935738257592
SETAR,3304,3.343568858975662
SETAR,3305,-0.4846316734367074
SETAR,3306,0.5946159264204138
SETAR,3307,1.249389815297321
SETAR,3308,0.08274826379134828
SETAR,3309,-1.7423001754156637
SETAR,3310,-0.5038495214899168
SETAR,3311,2.4704355237394595
SETAR,3312,-2.328932144537125
SETAR,3313,1.3132625980325465
SETAR,3314,6.942259073702234
SETAR,3315,0.17550534074693458
SETAR,3316,2.510539635854683
SETAR,3317,-1.1478788283992163
SETAR,3318,2.5606390164246844
SETAR,3319,-0.22309727950839348
SETAR,3320,1.2247972177297444
SETAR,3321,-2.021003614467885
SETAR,3322,-0.7889776690788382
SETAR,3323,-2.370878000220563
SETAR,3324,-0.5309735430590017
SETAR,3325,-0.288342839030655
SETAR,3326,1.104493325460267
SETAR,3327,1.9763860944266929
SETAR,3328,-0.2508429169430217
SETAR,3329,-0.2292025326369207
SETAR,3330,-2.572254652928049
SETAR,3331,1.246078508833354
SETAR,3332,4.244670700588867
SETAR,3333,2.2150699963417146
SETAR,3334,1.4715666296735912
SETAR,3335,-4.003684172549805
SETAR,3336,-0.7432770433469607
SETAR,3337,2.5499067040566517
SETAR,3338,1.6220935384535244
SETAR,3339,1.309755181622037
SETAR,3340,-0.5202020159215747
SETAR,3341,1.5573113687401705
SETAR,3342,0.9686138558919966
SETAR,3343,-3.7369552847733436
SETAR,3344,0.6611192970060126
SETAR,3345,-0.7136073412787398
SETAR,3346,4.943103461574333
SETAR,3347,-1.0647187609941522
SETAR,3348,-1.6871696239421705
SETAR,3349,0.8056563134356722
SETAR,3350,1.4561167967917907
SETAR,3351,-2.198962896547184
SETAR,3352,1.5508616063022678
SETAR,3353,0.10633982654276054
SETAR,3354,0.1085328633460588
SETAR,3355,-1.099830132632437
SETAR,3356,-2.4038445534397996
SETAR,3357,2.684472854790626
SETAR,3358,-0.9103192444658459
SETAR,3359,-0.24362031406495524
SETAR,3360,-0.8290838804685167
SETAR,3361,1.381306991037222
SETAR,3362,1.9943609254982748
SETAR,3363,-0.08290265703078756
SETAR,3364,-1.4999534357810325
SETAR,3365,-2.1514255469314545
SETAR,3366,1.395393870199948
SETAR,3367,0.34591176133234325
SETAR,3368,-2.1269466803507875
SETAR,3369,0.9560299640170579
SETAR,3370,1.1540775388490871
SETAR,3371,-0.05761446142388016
SETAR,3372,-1.5332652828180098
SETAR,3373,0.2822730935437444
SETAR,3374,0.5716232381181541
SETAR,3375,0.9413863277600018
SETAR,3376,-2.2240611876867384
SETAR,3377,-4.765997670015294
SETAR,3378,-0.05641203548733814
SETAR,3379,-0.35111386760991126
SETAR,3380,0.5354054110975642
SETAR,3381,-1.7153273252362153
SETAR,3382,0.2371943230796423
SETAR,3383,-0.12462150805709032
SETAR,3384,-0.6334469471609363
SETAR,3385,-1.0692186999137991
SETAR,3386,-0.12981383032208
SETAR,3387,0.8559571167931285
SETAR,3388,0.15938123154410488
SETAR,3389,0.039499571100689364
SETAR,3390,-1.47416736949665
SETAR,3391,-0.8473722403973297
SETAR,3392,-2.5511592814704067
SETAR,3393,-0.5341781616240132
SETAR,3394,1.2845983537063492
SETAR,3395,0.33592794914101787
SETAR,3396,-0.5644648326185511
SETAR,3397,1.7071642257108257
SETAR,3398,-0.8681961896613943
SETAR,3399,-4.718042828514713
SETAR,3400,0.0030197918963841552
SETAR,3401,0.4598247666283932
SETAR,3402,2.1518217567629847
SETAR,3403,5.660065100767046
SETAR,3404,-0.7053444219141454
SETAR,3405,0.47298883946127557
SETAR,3406,-0.3303938431006559
SETAR,3407,3.91012993967363
SETAR,3408,-0.4913737984857638
SETAR,3409,-0.71084566500892
SETAR,3410,2.3131153791447656
SETAR,3411,1.0430646547820257
SETAR,3412,0.5431051095337408
SETAR,3413,-0.6656845374930733
SETAR,3414,0.8985637141092089
SETAR,3415,0.04157493316954228
SETAR,3416,2.4151119680730186
SETAR,3417,0.5816911877394654
SETAR,3418,-0.6052906410694939
SETAR,3419,4.184183896554376
SETAR,3420,0.12237026878364698
SETAR,3421,0.09755766399939644
SETAR,3422,-0.38074053706879274
SETAR,3423,0.6325004257095147
SETAR,3424,1.7520102394595933
SETAR,3425,1.1495012737728068
SETAR,3426,-1.8212959228570205
SETAR,3427,-1.2475728661442729
SETAR,3428,0.5494616992502394
SETAR,3429,0.43337540756336357
SETAR,3430,-0.0819864462122829
SETAR,3431,-1.0461450534506829
SETAR,3432,0.5598826419607758
SETAR,3433,-0.5812866366971121
SETAR,3434,-0.5128820514106462
SETAR,3435,0.17210696402368958
SETAR,3436,0.44297264078654863
SETAR,3437,-0.20768899906151372
SETAR,3438,1.5095314125403652
SETAR,3439,0.7069493169542242
SETAR,3440,1.7922096974453074
SETAR,3441,-1.5833430864313427
SETAR,3442,-0.753257726067239
SETAR,3443,0.2677099506995839
SETAR,3444,-0.8692319149121489
SETAR,3445,-4.881310509553866
SETAR,3446,-0.6139513651709696
SETAR,3447,0.5435524169358018
SETAR,3448,-1.5361419021795288
SETAR,3449,-0.12135995779858956
SETAR,3450,-1.0483647830541016
SETAR,3451,1.4045956061115337
SETAR,3452,-0.8938755641584769
SETAR,3453,-0.7528261704548495
SETAR,3454,-1.6236108776048002
SETAR,3455,-1.6190588015427234
SETAR,3456,2.476986082162706
SETAR,3457,-0.6822984890809647
SETAR,3458,0.03355873057582322
SETAR,3459,1.382002564507217
SETAR,3460,1.5593952094021135
SETAR,3461,-1.1896167431565052
SETAR,3462,-0.12627334252986522
SETAR,3463,0.04857435724609237
SETAR,3464,-0.7059819343619819
SETAR,3465,3.453423711290217
SETAR,3466,-0.14899812156956194
SETAR,3467,-0.914595194131904
SETAR,3468,-1.5662266687805366
SETAR,3469,0.9140947243514218
SETAR,3470,-0.20865535027576937
SETAR,3471,1.0563375628361658
SETAR,3472,-0.8944886689996719
SETAR,3473,-3.645365832237294
SETAR,3474,-1.9757892028225141
SETAR,3475,-1.8543939042241884
SETAR,3476,0.7484599431466494
SETAR,3477,1.5264871081704807
SETAR,3478,0.13179289772516303
SETAR,3479,-0.8097333364672923
SETAR,3480,-0.4529161128959552
SETAR,3481,0.8097948862771939
SETAR,3482,0.5276148487379976
SETAR,3483,0.2325082671522793
SETAR,3484,0.6494068522676661
SETAR,3485,-1.784069435886865
SETAR,3486,1.7277393600357818
SETAR,3487,0.17717004611790704
SETAR,3488,-0.1223204840447202
SETAR,3489,4.212949167313337
SETAR,3490,3.3663791206944165
SETAR,3491,-0.09067578723695734
SETAR,3492,-0.23476938351828364
SETAR,3493,0.8138867487145804
SETAR,3494,0.4355413453175659
SETAR,3495,-1.6069888257354488
SETAR,3496,-0.5756736966004002
SETAR,3497,-0.971162186070086
SETAR,3498,1.4395666337333928
SETAR,3499,0.8886418326530546
SETAR,3500,-3.3681870230336295
SETAR,3501,0.9160089170793091
SETAR,3502,1.9935132312605306
SETAR,3503,-1.9810074708539995
SETAR,3504,-2.4358676173548486
SETAR,3505,-0.4090107446215374
SETAR,3506,0.15540671160171962
SETAR,3507,-2.0955178859005392
SETAR,3508,-1.5425797379547783
SETAR,3509,-0.3733178570063879
SETAR,3510,0.12204054023982833
SETAR,3511,-0.1569176686986191
SETAR,3512,-0.3939278377157298
SETAR,3513,-0.30571253856531494
SETAR,3514,-0.5035527192888604
SETAR,3515,1.2375188848522527
SETAR,3516,0.22868366392080408
SETAR,3517,2.3628771641913633
SETAR,3518,0.2915726206850782
SETAR,3519,3.5635742216813577
SETAR,3520,-0.9245554549625745
SETAR,3521,0.03690576979804544
SETAR,3522,0.0591289548026986
SETAR,3523,1.8919863991935075
SETAR,3524,-0.5506278753530113
SETAR,3525,-0.705866040100958
SETAR,3526,-1.0219035902577966
SETAR,3527,-0.9111071740946045
SETAR,3528,-1.823368714125484
SETAR,3529,-1.5270289914230244
SETAR,3530,-0.8263677440325999
SETAR,3531,-0.213336958930758
SETAR,3532,0.636298033215852
SETAR,3533,-0.12615716345307346
SETAR,3534,-1.063380170881487
SETAR,3535,-0.7688984890138678
SETAR,3536,1.6888627446712325
SETAR,3537,0.9132708215475439
SETAR,3538,-0.3115939670620449
SETAR,3539,0.1722440404061741
SETAR,3540,0.6273335435958629
SETAR,3541,0.616147126073157
SETAR,3542,-1.829096753786174
SETAR,3543,-1.1303783117517539
SETAR,3544,-1.2329430343483934
SETAR,3545,0.4024794403286073
SETAR,3546,-2.0345645236746273
SETAR,3547,-5.225042474541391
SETAR,3548,0.8006856608574388
SETAR,3549,-0.7188979864557725
SETAR,3550,-0.2693912635296204
SETAR,3551,2.5021339249496233
SETAR,3552,1.515472617908558
SETAR,3553,-0.35102854007270246
SETAR,3554,0.9421888304554138
SETAR,3555,-0.943907306726789
SETAR,3556,3.6197567722000454
SETAR,3557,-0.49996348679651803
SETAR,3558,0.8539317845878711
SETAR,3559,0.18910366684615232
SETAR,3560,0.7784426891903964
SETAR,3561,1.2301016822213444
SETAR,3562,-1.6418599256621271
SETAR,3563,-0.1931038983698447
SETAR,3564,-0.1741276019168563
SETAR,3565,-0.39394233231026615
SETAR,3566,1.3212479898378384
SETAR,3567,0.75086739764335
SETAR,3568,-2.0017442111793264
SETAR,3569,0.707601992619761
SETAR,3570,-1.0607548277446377
SETAR,3571,2.192913489695051
SETAR,3572,-0.9416428014788394
SETAR,3573,-1.7158690770922271
SETAR,3574,-0.29526364949050654
SETAR,3575,0.41215668999920574
SETAR,3576,-1.9754659983031038
SETAR,3577,0.49905901327429203
SETAR,3578,3.3964964510273123
SETAR,3579,1.3438214268657795
SETAR,3580,1.1242467908413931
SETAR,3581,-0.06763870545946173
SETAR,3582,-1.4142321647803464
SETAR,3583,1.1257054266971176
SETAR,3584,-0.33485904615980433
SETAR,3585,0.8182878832063496
SETAR,3586,2.0083483230597055
SETAR,3587,1.3246188329613175
SETAR,3588,1.4460569392038896
SETAR,3589,-0.0661132618611252
SETAR,3590,0.7983442978959456
SETAR,3591,0.7790265975313976
SETAR,3592,-3.9469270960641247
SETAR,3593,-1.2235156662815478
SETAR,3594,-0.9273585044163599
SETAR,3595,-0.37637635288215643
SETAR,3596,-3.408935593491461
SETAR,3597,-0.7841384292978449
SETAR,3598,-0.19164050257046972
SETAR,3599,4.413015056059403
SETAR,3600,1.22884588553049
SETAR,3601,-1.6040460614108312
SETAR,3602,0.001139636810413569
SETAR,3603,1.101078526857354
SETAR,3604,0.4143985212355008
SETAR,3605,0.9467433848998864
SETAR,3606,-1.0431632990689614
SETAR,3607,0.3661771128111403
SETAR,3608,0.19543144861697098
SETAR,3609,-1.2115960062747313
SETAR,3610,-0.729315873506316
SETAR,3611,-0.5184565567813677
SETAR,3612,-2.862384806460855
SETAR,3613,0.19681603563776623
SETAR,3614,0.7445349991334436
SETAR,3615,-0.4107132991829057
SETAR,3616,-0.6438869348817443
SETAR,3617,-0.2958215565976733
SETAR,3618,-0.6102465209023181
SETAR,3619,1.7899615238452649
SETAR,3620,0.18618235734892505
SETAR,3621,-1.3787621853874399
SETAR,3622,-1.5256487502467246
SETAR,3623,0.7071975037191875
SETAR,3624,-0.7574942801759024
SETAR,3625,-2.2010169444798873
SETAR,3626,1.6253896876635077
SETAR,3627,0.9678653345691485
SETAR,3628,0.946077309790054
SETAR,3629,-0.5641397211253651
SETAR,3630,1.5277764637416078
SETAR,3631,-0.22896324869184562
SETAR,3632,-1.2054640914517751
SETAR,3633,1.0910961406742283
SETAR,3634,-2.1647955816045954
SETAR,3635,-1.2753364819944146
SETAR,3636,0.38648342024007665
SETAR,3637,-0.9472855721463688
SETAR,3638,1.5993224223765576
SETAR,3639,0.016854203756976716
SETAR,3640,0.32919042997359416
SETAR,3641,-2.5691716469429235
SETAR,3642,0.7741304149050424
SETAR,3643,2.4266052629326564
SETAR,3644,1.8535492228162198
SETAR,3645,-1.913764652742541
SETAR,3646,-0.2992522229695271
SETAR,3647,-0.4581059882237443
SETAR,3648,-0.754250517861793
SETAR,3649,0.9131757438867345
SETAR,3650,-1.9701637836577208
SETAR,3651,-0.2264824135525924
SETAR,3652,0.049885853075924906
SETAR,3653,0.9278121695593508
SETAR,3654,2.028933581359192
SETAR,3655,2.983491125810211
SETAR,3656,-1.0776241059354603
SETAR,3657,2.1666878806651733
SETAR,3658,0.6895134296806334
SETAR,3659,-0.17582966843811412
SETAR,3660,0.7739445040460123
SETAR,3661,-1.4172241874561866
SETAR,3662,3.7066521302571593
SETAR,3663,-1.029678979896764
SETAR,3664,1.4696757001945593
SETAR,3665,-0.6523608194862945
SETAR,3666,-0.6842993739797683
SETAR,3667,2.8842628443732043
SETAR,3668,-3.3288213495209567
SETAR,3669,-0.18881289272719015
SETAR,3670,0.03082183547714807
SETAR,3671,-1.095637888437128
SETAR,3672,0.6461435157972264
SETAR,3673,1.5367271026413343
SETAR,3674,0.36001372875379933
SETAR,3675,4.058983437901567
SETAR,3676,3.746764516280968
SETAR,3677,-1.0392662635778043
SETAR,3678,1.8149418367143915
SETAR,3679,1.90488417471806
SETAR,3680,1.0447649389647402
SETAR,3681,-0.8792277009027538
SETAR,3682,1.6103936312012137
SETAR,3683,-1.3240628053177346
SETAR,3684,2.603078438652916
SETAR,3685,-2.8355232162619544
SETAR,3686,-0.12735684572370137
SETAR,3687,0.06456685917679918
SETAR,3688,1.4154039657786446
SETAR,3689,-5.437538962632719
SETAR,3690,0.6647225611235449
SETAR,3691,-0.4606901953856795
SETAR,3692,0.8234257131387085
SETAR,3693,-0.9805563410573928
SETAR,3694,-0.2781735693954289
SETAR,3695,-3.1498804118541703
SETAR,3696,1.5121802785016156
SETAR,3697,0.04827125821236623
SETAR,3698,-0.7259510174892307
SETAR,3699,3.4521124406678956
SETAR,3700,-0.4831121695276113
SETAR,3701,0.3474749804377342
SETAR,3702,3.5991652811524797
SETAR,3703,-0.20249689604149784
SETAR,3704,-0.05307951961287409
SETAR,3705,1.4979122705172931
SETAR,3706,3.7193052340898958
SETAR,3707,-0.5138962368018809
SETAR,3708,6.329224726487778
SETAR,3709,1.5162453060988215
SETAR,3710,0.03161213495104648
SETAR,3711,-3.719271062352893
SETAR,3712,-2.579378339687263
SETAR,3713,0.930367874007017
SETAR,3714,4.113425462879369
SETAR,3715,1.087318918907806
SETAR,3716,-0.553738708736509
SETAR,3717,-2.4891275560354438
SETAR,3718,-2.785594470433954
SETAR,3719,1.0144957044800713
SETAR,3720,-4.179176714366228
SETAR,3721,1.791219777047091
SETAR,3722,4.2057969188647295
SETAR,3723,-6.970127959500114
SETAR,3724,2.1558660581479865
SETAR,3725,-0.9335861265008153
SETAR,3726,1.1481516385745425
SETAR,3727,-2.8365299892886116
SETAR,3728,1.6671849665228369
SETAR,3729,-0.4875318634610239
SETAR,3730,-0.02940079194742684
SETAR,3731,0.6838616718861137
SETAR,3732,3.1958029574538003
SETAR,3733,-4.14288058015099
SETAR,3734,0.31278846719926173
SETAR,3735,-2.1859028919911463
SETAR,3736,-0.788346840501091
SETAR,3737,0.6522558407856565
SETAR,3738,0.4080504400800929
SETAR,3739,1.0475899944655274
SETAR,3740,0.18439097568975776
SETAR,3741,3.2482625315027946
SETAR,3742,-0.42424086236527214
SETAR,3743,2.2668771579258755
SETAR,3744,-1.5445102865912743
SETAR,3745,-0.2676209567732715
SETAR,3746,0.09343122718413435
SETAR,3747,1.9812555917521677
SETAR,3748,-2.2945159786626843
SETAR,3749,-0.2638307909637476
SETAR,3750,1.911266307164904
SETAR,3751,-2.968674930763724
SETAR,3752,-1.5241104198308737
SETAR,3753,-1.9405574128624767
SETAR,3754,-0.47419279002525894
SETAR,3755,0.2934662525192439
SETAR,3756,-1.2441913692025095
SETAR,3757,-3.695595715442248
SETAR,3758,0.35465286304804156
SETAR,3759,-0.1255884599544106
SETAR,3760,1.7891681249275502
SETAR,3761,1.964483392882122
SETAR,3762,-1.799897990792826
SETAR,3763,0.11515578104187922
SETAR,3764,-4.548942068763391
SETAR,3765,-1.542008586998063
SETAR,3766,-1.2858743095673795
SETAR,3767,3.453329777054224
SETAR,3768,-0.8025923978699702
SETAR,3769,1.945980796732188
SETAR,3770,-0.4491858044605921
SETAR,3771,-1.27952660457178
SETAR,3772,2.8902262584416776
SETAR,3773,2.3870403679872636
SETAR,3774,1.472823237696454
SETAR,3775,-0.11913142461199062
SETAR,3776,0.3846470346999561
SETAR,3777,-2.135133841455816
SETAR,3778,2.5673325866668972
SETAR,3779,0.15186481139408833
SETAR,3780,0.1535438183871506
SETAR,3781,-2.8552475783236853
SETAR,3782,0.6395151883023127
SETAR,3783,-1.9395684001980344
SETAR,3784,-1.0298571774460616
SETAR,3785,-1.7702804414549558
SETAR,3786,0.8808444247701428
SETAR,3787,1.8475758716437183
SETAR,3788,-3.342088731260994
SETAR,3789,1.6174008404768523
SETAR,3790,0.18335644897121672
SETAR,3791,0.7767752573325959
SETAR,3792,3.968686639161243
SETAR,3793,3.039834472627856
SETAR,3794,-0.1522120867376604
SETAR,3795,-0.048277043709315674
SETAR,3796,-2.07949549221236
SETAR,3797,2.067207454671473
SETAR,3798,1.0692920264881667
SETAR,3799,-1.5769076656592633
SETAR,3800,4.504837195702445
SETAR,3801,-0.44963861660782817
SETAR,3802,0.13457135607790782
SETAR,3803,-1.2122972336705047
SETAR,3804,-1.705339280058688
SETAR,3805,0.9633481098336264
SETAR,3806,1.2195002056451458
SETAR,3807,0.48058551327469246
SETAR,3808,0.44790765989620157
SETAR,3809,-1.5846059581145173
SETAR,3810,-3.53084337389957
SETAR,3811,-0.3573643601810393
SETAR,3812,2.1980499772832878
SETAR,3813,1.1008000596393115
SETAR,3814,-1.3899818677984301
SETAR,3815,1.0711980341964396
SETAR,3816,0.652628353379218
SETAR,3817,-0.07199868459300024
SETAR,3818,5.862602971680377
SETAR,3819,0.24895805805181628
SETAR,3820,3.0368334638218
SETAR,3821,-3.4427446964366193
SETAR,3822,-0.6171142038026202
SETAR,3823,-0.16809069164295448
SETAR,3824,0.11345457858587661
SETAR,3825,2.2231515564241744
SETAR,3826,-2.109123080587741
SETAR,3827,-3.2392215003304026
SETAR,3828,-0.4785221930664268
SETAR,3829,0.13199822632807154
SETAR,3830,0.5045268860194042
SETAR,3831,-4.766244963059592
SETAR,3832,2.9232336595854327
SETAR,3833,-2.553459564224238
SETAR,3834,-1.7681918691373446
SETAR,3835,0.0941865407188636
SETAR,3836,-1.256501320449402
SETAR,3837,0.39940882579513
SETAR,3838,-0.6948815050862246
SETAR,3839,3.011681324162637
SETAR,3840,-0.0413791328044022
SETAR,3841,-1.1796858762695386
SETAR,3842,-0.1371324145979484
SETAR,3843,1.4075475330792513
SETAR,3844,-3.074983475923638
SETAR,3845,0.5516260032013947
SETAR,3846,-1.1119197913266303
SETAR,3847,0.16277926196647047
SETAR,3848,1.249413485274856
SETAR,3849,-0.47594956947895134
SETAR,3850,1.6860899478944926
SETAR,3851,0.7952233178566397
SETAR,3852,-0.041450501121198594
SETAR,3853,-1.0825936614441531
SETAR,3854,2.470357155874964
SETAR,3855,0.1509822504815015
SETAR,3856,-0.021584519140633716
SETAR,3857,-3.0151801740296658
SETAR,3858,-1.9388887571706805
SETAR,3859,0.29714008246594403
SETAR,3860,-0.010663468178060551
SETAR,3861,-4.04898505301697
SETAR,3862,-0.923753836334871
SETAR,3863,1.784104025797403
SETAR,3864,0.25756125585447054
SETAR,3865,-0.2791740082740922
SETAR,3866,0.6144148009721108
SETAR,3867,-1.4474507010386688
SETAR,3868,-1.3817961439935356
SETAR,3869,-0.10482661735005717
SETAR,3870,2.290468360355008
SETAR,3871,-0.008052075957619503
SETAR,3872,1.0507869393017264
SETAR,3873,0.30695751701755514
SETAR,3874,0.07349270325464297
SETAR,3875,0.004824744214570667
SETAR,3876,0.613995684314896
SETAR,3877,-2.3859542938868885
SETAR,3878,1.0712379253758735
SETAR,3879,2.5390620368079073
SETAR,3880,0.31177521734231495
SETAR,3881,-1.7610373855335348
SETAR,3882,0.8233024876239561
SETAR,3883,1.153690595901742
SETAR,3884,-0.1112721334063656
SETAR,3885,-1.2955360746455038
SETAR,3886,0.7488639788538141
SETAR,3887,-1.3970514024252303
SETAR,3888,0.6831597282537226
SETAR,3889,1.3451709932991087
SETAR,3890,2.5035159577460777
SETAR,3891,-1.1487099982305196
SETAR,3892,0.8762234612446604
SETAR,3893,1.7796029948086303
SETAR,3894,0.5548123402552098
SETAR,3895,-0.3538572308617744
SETAR,3896,-1.0769704096404777
SETAR,3897,0.42946248576066115
SETAR,3898,-0.68900180204188
SETAR,3899,1.2756568774772346
SETAR,3900,0.2607289585325181
SETAR,3901,-0.534990691587876
SETAR,3902,0.7043657316922589
SETAR,3903,1.4893380505297127
SETAR,3904,-0.6274325312960168
SETAR,3905,0.7561069763115864
SETAR,3906,-1.2507652973830299
SETAR,3907,-0.8203331803595639
SETAR,3908,-1.8573194177132017
SETAR,3909,0.430676635489549
SETAR,3910,-1.9146577986894207
SETAR,3911,-0.4607279640121426
SETAR,3912,1.84692982854086
SETAR,3913,0.8275974176813186
SETAR,3914,1.959133305075048
SETAR,3915,-0.16758891268093482
SETAR,3916,-0.6855930707743707
SETAR,3917,-1.3056687380721115
SETAR,3918,2.5808978603980584
SETAR,3919,0.8429466007237043
SETAR,3920,1.7250206647705477
SETAR,3921,-0.3101088692516118
SETAR,3922,-0.14151666615220818
SETAR,3923,0.5474729619659806
SETAR,3924,-0.47638186695465573
SETAR,3925,-0.9316378347015055
SETAR,3926,-1.4388868242987585
SETAR,3927,-0.18810946607134937
SETAR,3928,2.350452156171068
SETAR,3929,-0.43720129525643026
SETAR,3930,2.2881771179322343
SETAR,3931,-0.9781123527133769
SETAR,3932,-0.4476908705741447
SETAR,3933,-1.1286132917630423
SETAR,3934,0.40276646349569023
SETAR,3935,-6.225718016710704
SETAR,3936,-6.598640662121032
SETAR,3937,1.5198887952990978
SETAR,3938,-0.9733628408479877
SETAR,3939,3.7875858277902736
SETAR,3940,0.23268781521116477
SETAR,3941,2.4453974857980367
SETAR,3942,0.665118895295781
SETAR,3943,-0.2871155604674192
SETAR,3944,1.4171328879564133
SETAR,3945,-0.5622468797204785
SETAR,3946,0.44294166547309155
SETAR,3947,-0.560822245152083
SETAR,3948,3.0832754683360077
SETAR,3949,-0.15449186931924808
SETAR,3950,-1.6747118075027287
SETAR,3951,0.4836497486206985
SETAR,3952,-0.5971657383115143
SETAR,3953,-0.9544496568864244
SETAR,3954,-0.6139334422535576
SETAR,3955,-1.1714304076848485
SETAR,3956,1.4664869772307152
SETAR,3957,2.143957084315998
SETAR,3958,-2.474118253153888
SETAR,3959,0.06581349495027933
SETAR,3960,1.0052499006284117
SETAR,3961,-0.4806292617247525
SETAR,3962,0.8798214000641867
SETAR,3963,-2.1204879819241604
SETAR,3964,1.3809583875854823
SETAR,3965,-1.2576604929899278
SETAR,3966,0.3970916197365163
SETAR,3967,2.1793967374741725
SETAR,3968,0.994169335339919
SETAR,3969,-1.113806109333789
SETAR,3970,1.3666314235398758
SETAR,3971,0.1353514887205153
SETAR,3972,-0.6712518094359191
SETAR,3973,-0.856948472129552
SETAR,3974,0.9257953250755544
SETAR,3975,-1.046062796154001
SETAR,3976,5.204486788646094
SETAR,3977,-0.9163372168279231
SETAR,3978,-0.06629019003343127
SETAR,3979,3.3188295907018297
SETAR,3980,1.1162922197576817
SETAR,3981,2.120321418228874
SETAR,3982,-0.7019680907408399
SETAR,3983,-1.0479714808932354
SETAR,3984,0.39758982619090266
SETAR,3985,-0.249364492430273
SETAR,3986,0.13385609891917577
SETAR,3987,2.181396552058596
SETAR,3988,-1.15042566469012
SETAR,3989,-0.9013362260055678
SETAR,3990,-0.9879374446543853
SETAR,3991,0.14634213804220428
SETAR,3992,-0.5690480930128188
SETAR,3993,0.936465698962265
SETAR,3994,0.9895572094682212
SETAR,3995,-2.0727392604175017
SETAR,3996,0.6105937161008255
SETAR,3997,-0.18304909143346554
SETAR,3998,1.2727222950478407
SETAR,3999,0.6728850664920042
SETAR,4000,0.17963530584851006
SETAR,4001,-0.42310295065388775
SETAR,4002,-0.18002314550467036
SETAR,4003,-1.0058437529868205
SETAR,4004,1.822099077156616
SETAR,4005,3.8243998020852725
SETAR,4006,-1.189135969111068
SETAR,4007,-1.1409386781318358
SETAR,4008,0.4421208497712477
SETAR,4009,0.6935259523493821
SETAR,4010,-0.14476207021996196
SETAR,4011,2.085416927944029
SETAR,4012,0.847699250140084
SETAR,4013,-0.12595150771581842
SETAR,4014,-0.5026235622079935
SETAR,4015,-2.4244100687196357
SETAR,4016,0.13699112625914212
SETAR,4017,0.10880317575203934
SETAR,4018,-2.9081827089992798
SETAR,4019,-1.0509156351489182
SETAR,4020,0.8034368097156471
SETAR,4021,1.1117274022406194
SETAR,4022,0.8882376409190695
SETAR,4023,-0.03152097509727268
SETAR,4024,1.1665862100158424
SETAR,4025,0.34178991482377247
SETAR,4026,-2.022130963576087
SETAR,4027,0.8743485087596574
SETAR,4028,1.6805552077483732
SETAR,4029,-1.37444012257779
SETAR,4030,-0.08082176168495556
SETAR,4031,0.155631064000894
SETAR,4032,-1.7722666509385423
SETAR,4033,1.417635505481206
SETAR,4034,0.5754589234246761
SETAR,4035,1.9454292882114819
SETAR,4036,-1.0541303786645644
SETAR,4037,-0.19670381180486507
SETAR,4038,0.005561841319752417
SETAR,4039,1.0843844704786731
SETAR,4040,1.8825625995339839
SETAR,4041,2.099308135159444
SETAR,4042,0.3060676931238505
SETAR,4043,0.590586409821724
SETAR,4044,-1.3573580086393757
SETAR,4045,0.5215409276470389
SETAR,4046,0.8725793918506003
SETAR,4047,-1.206773572765258
SETAR,4048,0.7364980152135171
SETAR,4049,0.9625791791095685
SETAR,4050,1.5089303078251743
SETAR,4051,1.0018272806827384
SETAR,4052,-0.3293970684076174
SETAR,4053,-2.0601036535480204
SETAR,4054,0.10378739301770534
SETAR,4055,2.848908682957135
SETAR,4056,2.3116509002087713
SETAR,4057,-0.28341519781267216
SETAR,4058,-0.2665976094405639
SETAR,4059,2.7937832010420656
SETAR,4060,2.2208773988458965
SETAR,4061,1.6427950429837015
SETAR,4062,-0.6837519353882272
SETAR,4063,1.187449219969131
SETAR,4064,-0.6046573212008592
SETAR,4065,1.8336136625308272
SETAR,4066,1.0366830805893172
SETAR,4067,-1.5825283398646148
SETAR,4068,2.202868340990107
SETAR,4069,0.8542482766728999
SETAR,4070,1.462215991696382
SETAR,4071,4.596958624752577
SETAR,4072,-1.506663258523972
SETAR,4073,2.927487846092303
SETAR,4074,2.4847522745143285
SETAR,4075,-4.552562233534435
SETAR,4076,1.460277032971393
SETAR,4077,-6.967199345296582
SETAR,4078,-1.3047274548698338
SETAR,4079,0.8394702817100869
SETAR,4080,-0.8412900192903707
SETAR,4081,-3.5558943263397134
SETAR,4082,0.1733744302524825
SETAR,4083,1.9003049898268243
SETAR,4084,2.407267896486102
SETAR,4085,-0.9452306903211678
SETAR,4086,-1.203298887006191
SETAR,4087,-2.0668720182197173
SETAR,4088,1.6409687351109652
SETAR,4089,-0.07443857897859088
SETAR,4090,0.694847124595794
SETAR,4091,4.1899433938367405
SETAR,4092,1.6368879976047475
SETAR,4093,3.8157231093293795
SETAR,4094,-1.9767595279740777
SETAR,4095,-3.6294549480078695
SETAR,4096,-1.1334685690512254
SETAR,4097,1.0674159127602638
SETAR,4098,1.1683456005374726
SETAR,4099,-1.5543395043849684
SETAR,4100,-1.3595897631103522
SETAR,4101,2.887263085969237
SETAR,4102,0.4984964217093902
SETAR,4103,3.454058501070837
SETAR,4104,-0.09903360846670207
SETAR,4105,5.200452154119896
SETAR,4106,2.562370705975925
SETAR,4107,0.5597446484592583
SETAR,4108,0.09766334106970542
SETAR,4109,-2.412242569642562
SETAR,4110,1.8669647290261255
SETAR,4111,-0.44772990407493324
SETAR,4112,4.192808100990964
SETAR,4113,1.649277137525355
SETAR,4114,2.567948187470244
SETAR,4115,-2.838687577783029
SETAR,4116,3.057872244593717
SETAR,4117,-0.08359128658020637
SETAR,4118,3.421686560810198
SETAR,4119,-1.3209817722921675
SETAR,4120,2.1384115193209876
SETAR,4121,2.6408501361058936
SETAR,4122,3.462981454794986
SETAR,4123,0.2921502272405611
SETAR,4124,8.511506748601859
SETAR,4125,-7.6584402262662445
SETAR,4126,4.0853854179365845
SETAR,4127,-6.29077281284303
