p,d,threshold,train_rss,train_bic,n_low,n_high
1,1,-1.4442685856155595,12563.495204406972,4604.84546187529,579,3281
1,1,-1.3546758380244805,12560.073360084478,4603.793993479581,618,3242
1,1,-1.2708894551910253,12563.229842280234,4604.763931329042,657,3203
1,1,-1.2027402632556472,12567.040756358696,4605.934641242244,695,3165
1,1,-1.1178160561435215,12567.529580634584,4606.084781998967,734,3126
1,1,-1.049391728269892,12568.580145671958,4606.407439808054,772,3088
1,1,-1.0090440484433723,12568.566775638436,4606.403333667484,811,3049
1,1,-0.9523998743995448,12567.842385417996,4606.180855887643,849,3011
1,1,-0.8962798603058176,12563.979611382223,4604.994287886532,888,2972
1,1,-0.8568231210541897,12565.316363090424,4605.4049529209815,927,2933
1,1,-0.8066849746872924,12564.228703372508,4605.070815036458,965,2895
1,1,-0.7765502791103138,12568.872957893058,4606.497365797679,1004,2856
1,1,-0.7285176570261738,12570.775029262102,4607.081462719185,1042,2818
1,1,-0.690286345950179,12570.236107008745,4606.915976940828,1081,2779
1,1,-0.6477688511172324,12570.366858684016,4606.956127248062,1120,2740
1,1,-0.5951559511027569,12570.752690177804,4607.074603242199,1158,2702
1,1,-0.5610140914008871,12570.808528411833,4607.091749001882,1197,2663
1,1,-0.526445862655498,12570.809602709984,4607.092078876502,1235,2625
1,1,-0.4849365765606378,12570.805108784543,4607.090698968934,1274,2586
1,1,-0.4423351679452795,12570.562848798421,4607.016309735378,1313,2547
1,1,-0.40304543229539014,12570.1892438422,4606.9015864267185,1351,2509
1,1,-0.3700741532666932,12570.642133698424,4607.040655403314,1390,2470
1,1,-0.3329175395041652,12568.934225525394,4606.516181524849,1428,2432
1,1,-0.2960872221517585,12569.775336129042,4606.77448332219,1467,2393
1,1,-0.27344611057695556,12567.145977953935,4605.966960199838,1506,2354
1,1,-0.24320783857895012,12565.503911436042,4605.462566369822,1544,2316
1,1,-0.21522892568011676,12567.124236151487,4605.960282197515,1583,2277
1,1,-0.19060114202093786,12568.911923116422,4606.509332306494,1621,2239
1,1,-0.14991537927850718,12567.899590623369,4606.198425457934,1660,2200
1,1,-0.12288377199306484,12567.826107941179,4606.175856532997,1698,2162
1,1,-0.09698507446101522,12569.699651327228,4606.751241521385,1737,2123
1,1,-0.0638138180391755,12569.264501935015,4606.617610187662,1776,2084
1,1,-0.03493310106013494,12570.901047440844,4607.120157845831,1814,2046
1,1,0.0,12570.624908829717,4607.0353662511725,1880,1980
1,1,0.014259833943413326,12570.471189571053,4606.988164145415,1891,1969
1,1,0.046274606026509846,12570.801250544293,4607.089514254867,1930,1930
1,1,0.06359654759323252,12569.724728277733,4606.758942336446,1969,1891
1,1,0.09839192907732416,12571.344876640364,4607.256436897074,2007,1853
1,1,0.12090254948730463,12571.406926786338,4607.275489192171,2046,1814
1,1,0.1568294067747396,12571.529850110399,4607.313232120541,2084,1776
1,1,0.18070855616057635,12570.600383971574,4607.027835516188,2123,1737
1,1,0.21130921972226868,12571.094554521304,4607.1795753513,2162,1698
1,1,0.23912208228362167,12567.33715613632,4606.0256801488495,2200,1660
1,1,0.2709054936220265,12566.461578833532,4605.756741225149,2239,1621
1,1,0.30091878387089754,12568.577221662057,4606.40654180053,2277,1583
1,1,0.33170526859083266,12566.833402572207,4605.87095144967,2316,1544
1,1,0.3585435160218024,12569.768468947444,4606.772374507394,2354,1506
1,1,0.38968290523578314,12570.810963860935,4607.09249683227,2393,1467
1,1,0.415900206963487,12570.825216630801,4607.096873292998,2432,1428
1,1,0.4569099888233425,12572.976579862583,4607.757414778503,2470,1390
1,1,0.4959772314817739,12572.44993530095,4607.595727482645,2509,1351
1,1,0.5332941303284421,12571.962093910073,4607.445947263737,2547,1313
1,1,0.5686975279580176,12573.09420532174,4607.793526525441,2586,1274
1,1,0.6146783594549794,12574.916010965198,4608.3527890464575,2625,1235
1,1,0.6571693960172094,12574.991518164818,4608.375966689571,2663,1197
1,1,0.6913157900963302,12574.887389513155,4608.344003386933,2702,1158
1,1,0.7367728459018735,12574.976055359504,4608.371220247785,2740,1120
1,1,0.7768813383868994,12574.604436726775,4608.257146939652,2779,1081
1,1,0.8068590147782929,12574.50986349237,4608.228115882698,2818,1042
1,1,0.8561211739231992,12575.139735465495,4608.421462975443,2856,1004
1,1,0.8964178505773426,12575.20340383331,4608.441006239597,2895,965
1,1,0.9308580614154667,12574.508711689552,4608.227762313522,2933,927
1,1,0.9895422223572032,12572.277300070764,4607.542724562209,2972,888
1,1,1.0300054798181086,12572.672899555026,4607.664181474809,3011,849
1,1,1.0710763770754794,12567.215309210285,4605.988255242624,3049,811
1,1,1.1384611329739254,12565.857927141169,4605.571315002758,3088,772
1,1,1.1968104955701255,12569.397460273784,4606.658441254042,3126,734
1,1,1.2680463170022065,12569.172401571439,4606.589326217201,3165,695
1,1,1.3257097216463023,12568.46138628052,4606.370966840432,3203,657
1,1,1.3913031325727445,12564.04418744324,4605.014127377097,3242,618
1,1,1.462688386223113,12572.84843554728,4607.7180732928455,3281,579
1,2,-1.4442685856155595,12576.966305306018,4608.982096712068,579,3281
1,2,-1.3546758380244805,12577.116182649745,4609.028095332537,618,3242
1,2,-1.2708894551910253,12576.052099816416,4608.701507469491,657,3203
1,2,-1.2027402632556472,12575.56583136744,4608.552252958833,695,3165
1,2,-1.1178160561435215,12577.599223400033,4609.176340881432,734,3126
1,2,-1.049391728269892,12577.744045426025,4609.220785754584,772,3088
1,2,-1.0090440484433723,12577.855458142978,4609.254977194734,811,3049
1,2,-0.9523998743995448,12577.574409901546,4609.168725739867,849,3011
1,2,-0.8962798603058176,12576.622267288014,4608.876506470283,888,2972
1,2,-0.8568231210541897,12575.529970992626,4608.541245800507,927,2933
1,2,-0.8066849746872924,12575.992816130758,4608.683311332564,965,2895
1,2,-0.7765502791103138,12575.12443925603,4608.416767727065,1004,2856
1,2,-0.7285176570261738,12575.125110461864,4608.41697375719,1042,2818
1,2,-0.690286345950179,12573.151766164414,4607.811197938739,1081,2779
1,2,-0.6477688511172324,12575.416674493386,4608.5064698142805,1120,2740
1,2,-0.5951559511027569,12574.946273403159,4608.362078402336,1158,2702
1,2,-0.5610140914008871,12575.135477694841,4608.420156031914,1197,2663
1,2,-0.526445862655498,12574.440633822851,4608.20686437764,1235,2625
1,2,-0.4849365765606378,12574.614908627218,4608.26036147567,1274,2586
1,2,-0.4423351679452795,12575.688532770608,4608.589915288463,1313,2547
1,2,-0.40304543229539014,12575.945237056336,4608.668707668474,1351,2509
1,2,-0.3700741532666932,12576.052988659962,4608.701780284516,1390,2470
1,2,-0.3329175395041652,12575.774086059966,4608.616175049331,1428,2432
1,2,-0.2960872221517585,12563.697766421077,4604.907696393518,1467,2393
1,2,-0.27344611057695556,12562.353993748286,4604.494821137871,1506,2354
1,2,-0.24320783857895012,12564.291283992508,4605.090041094604,1544,2316
1,2,-0.21522892568011676,12563.089888868311,4604.720930987106,1583,2277
1,2,-0.19060114202093786,12564.232360922277,4605.071938713874,1621,2239
1,2,-0.14991537927850718,12565.863280446614,4605.572959439193,1660,2200
1,2,-0.12288377199306484,12566.177179987377,4605.669382348373,1698,2162
1,2,-0.09698507446101522,12568.519491796049,4606.388812045552,1737,2123
1,2,-0.0638138180391755,12568.532878392747,4606.39292328839,1776,2084
1,2,-0.03493310106013494,12568.326355488762,4606.3294962387345,1814,2046
1,2,0.0,12556.75768220157,4602.774874731614,1880,1980
1,2,0.014259833943413326,12557.264985910082,4602.930818870153,1891,1969
1,2,0.046274606026509846,12546.197255116163,4599.527189265407,1930,1930
1,2,0.06359654759323252,12542.061620865676,4598.254598095938,1969,1891
1,2,0.09839192907732416,12541.839592029235,4598.186264920694,2007,1853
1,2,0.12090254948730463,12543.587593461993,4598.724209560144,2046,1814
1,2,0.1568294067747396,12551.155040419912,4601.052214797666,2084,1776
1,2,0.18070855616057635,12551.24827714622,4601.080888846044,2123,1737
1,2,0.21130921972226868,12547.117632220683,4599.8103448103,2162,1698
1,2,0.23912208228362167,12546.894367977027,4599.741659103086,2200,1660
1,2,0.2709054936220265,12544.9219093492,4599.134792686168,2239,1621
1,2,0.30091878387089754,12547.39724057052,4599.896362670051,2277,1583
1,2,0.33170526859083266,12545.856106859948,4599.422229161101,2316,1544
1,2,0.3585435160218024,12545.099841879926,4599.189541109698,2354,1506
1,2,0.38968290523578314,12540.816478190867,4597.871368491286,2393,1467
1,2,0.415900206963487,12540.553792388353,4597.790514280628,2432,1428
1,2,0.4569099888233425,12546.926105449718,4599.751422992544,2470,1390
1,2,0.4959772314817739,12543.663450418924,4598.747552719842,2509,1351
1,2,0.5332941303284421,12545.40048108507,4599.282043635911,2547,1313
1,2,0.5686975279580176,12551.051628335617,4601.0204111677585,2586,1274
1,2,0.6146783594549794,12558.120264149456,4603.19371541523,2625,1235
1,2,0.6571693960172094,12554.794539654366,4602.171349295933,2663,1197
1,2,0.6913157900963302,12549.183838207882,4600.445940867194,2702,1158
1,2,0.7367728459018735,12547.79908568009,4600.019981716732,2740,1120
1,2,0.7768813383868994,12547.907237838295,4600.053251737133,2779,1081
1,2,0.8068590147782929,12547.544278493897,4599.941596199191,2818,1042
1,2,0.8561211739231992,12545.016170009141,4599.163796037728,2856,1004
1,2,0.8964178505773426,12550.544139877282,4600.86433300703,2895,965
1,2,0.9308580614154667,12553.090373149904,4601.6473638833695,2933,927
1,2,0.9895422223572032,12547.556372421566,4599.945316651358,2972,888
1,2,1.0300054798181086,12551.47503223641,4601.150624279716,3011,849
1,2,1.0710763770754794,12537.590775479588,4596.878385770474,3049,811
1,2,1.1384611329739254,12534.187530559317,4595.830472430416,3088,772
1,2,1.1968104955701255,12538.69039767166,4597.21691616378,3126,734
1,2,1.2680463170022065,12531.860063121101,4595.113644274422,3165,695
1,2,1.3257097216463023,12534.340851572158,4595.877688533456,3203,657
1,2,1.3913031325727445,12530.201847674429,4594.60285536517,3242,618
1,2,1.462688386223113,12539.58223503832,4597.49145598454,3281,579
1,3,-1.4442685856155595,12555.902766010387,4602.512060960365,579,3281
1,3,-1.3518565947943195,12557.345403935145,4602.955538630637,618,3242
1,3,-1.2684936314160526,12551.197509069116,4601.065275644103,657,3203
1,3,-1.1990151371735376,12554.849903374048,4602.188370959339,695,3165
1,3,-1.1152880721871403,12573.647754781696,4607.96346511384,734,3126
1,3,-1.048332791565912,12573.669723601852,4607.970209343786,772,3088
1,3,-1.0088733897528053,12573.36281619385,4607.875990465828,811,3049
1,3,-0.9512599635671165,12570.92968484273,4607.128951188883,849,3011
1,3,-0.8952803984472915,12569.601511143821,4606.721103761746,888,2972
1,3,-0.8561001435860882,12571.106979663411,4607.183390534189,927,2933
1,3,-0.8054367913997035,12571.44187908305,4607.286221139561,965,2895
1,3,-0.7762357880665067,12574.041923964181,4608.084469712192,1004,2856
1,3,-0.7250910713002773,12574.674771892187,4608.278737517755,1042,2818
1,3,-0.689063831548832,12572.102806482673,4607.489150344257,1081,2779
1,3,-0.646198881103964,12572.938627412128,4607.74576306827,1120,2740
1,3,-0.5946228984850169,12572.623675502333,4607.64906891944,1158,2702
1,3,-0.5596505265950628,12573.035431265602,4607.775482567188,1197,2663
1,3,-0.5262703259779633,12570.271929209957,4606.926977012623,1235,2625
1,3,-0.4804383281752421,12572.106777861929,4607.490369672619,1274,2586
1,3,-0.44138517836454405,12570.629738012245,4607.036849124229,1313,2547
1,3,-0.4018554218056432,12573.399785364523,4607.887339918722,1351,2509
1,3,-0.36886352052040994,12573.334214820503,4607.867209885144,1390,2470
1,3,-0.3324118346759487,12573.019823395734,4607.7706908511855,1428,2432
1,3,-0.2950223052985865,12572.31057585099,4607.552941036012,1467,2393
1,3,-0.2732219759759777,12572.372389287906,4607.571919192693,1506,2354
1,3,-0.24232682708194422,12573.92937464167,4608.049918982057,1544,2316
1,3,-0.21371575929727418,12575.171322653685,4608.431158803549,1583,2277
1,3,-0.18996034725579386,12575.769415248196,4608.614741393108,1621,2239
1,3,-0.14971714095093272,12574.76209903734,4608.305543905669,1660,2200
1,3,-0.12207299677806258,12575.716803959533,4608.5985928782675,1698,2162
1,3,-0.0959338188545707,12576.767751302132,4608.921157970068,1737,2123
1,3,-0.06364570075428265,12576.108162060114,4608.718714759713,1776,2084
1,3,-0.03383440826637684,12575.749459421726,4608.608616157447,1814,2046
1,3,0.0,12574.874832073558,4608.3401487408,1879,1981
1,3,0.014776657915577507,12575.467884623904,4608.5221886335,1891,1969
1,3,0.046433358847117995,12573.893887008273,4608.039024817302,1930,1930
1,3,0.06408187883135064,12575.01325966404,4608.382640420868,1969,1891
1,3,0.0996364565717821,12574.778029089206,4608.310433855933,2007,1853
1,3,0.12116469809412912,12574.421415974546,4608.20096503362,2046,1814
1,3,0.15702307204106905,12574.206191447818,4608.134896484183,2084,1776
1,3,0.18197055918707805,12573.048815044807,4607.779591468377,2123,1737
1,3,0.21153908311425407,12572.7288252074,4607.6813514544765,2162,1698
1,3,0.23912208228362167,12575.333306976212,4608.48088023015,2200,1660
1,3,0.2709054936220265,12569.52899887617,4606.698835899059,2239,1621
1,3,0.30091878387089754,12572.718262634493,4607.678108598521,2277,1583
1,3,0.33170526859083266,12573.208015713293,4607.828466701339,2316,1544
1,3,0.3585435160218024,12575.186661231506,4608.435867039546,2354,1506
1,3,0.38968290523578314,12574.567138682549,4608.2456976201165,2393,1467
1,3,0.415900206963487,12575.338459511608,4608.482461801156,2432,1428
1,3,0.4569099888233425,12575.670307113498,4608.584321074894,2470,1390
1,3,0.4959772314817739,12575.824299858663,4608.631587609598,2509,1351
1,3,0.5332941303284421,12576.489922498771,4608.835887171754,2547,1313
1,3,0.5686975279580176,12575.342355550561,4608.483657690084,2586,1274
1,3,0.6146783594549794,12574.93232985605,4608.35779829485,2625,1235
1,3,0.6571693960172094,12574.181006617551,4608.127165296965,2663,1197
1,3,0.6913157900963302,12575.343011426256,4608.483859011054,2702,1158
1,3,0.7367728459018735,12572.800821522791,4607.703455246388,2740,1120
1,3,0.7768813383868994,12571.836091783769,4607.407260331561,2779,1081
1,3,0.8068590147782929,12572.577679300819,4607.634947311477,2818,1042
1,3,0.8561211739231992,12567.702146802103,4606.137783730868,2856,1004
1,3,0.8964178505773426,12566.905933766004,4605.893229902097,2895,965
1,3,0.9308580614154667,12566.605671122099,4605.801001340984,2933,927
1,3,0.9895422223572032,12567.377340348414,4606.03802252566,2972,888
1,3,1.0300054798181086,12563.254853649814,4604.771615960438,3011,849
1,3,1.0710763770754794,12565.680182024396,4605.516714592089,3049,811
1,3,1.1384611329739254,12564.06003577594,4605.018996392576,3088,772
1,3,1.1968104955701255,12565.135034841544,4605.349249421701,3126,734
1,3,1.2680463170022065,12563.033039600841,4604.703464052548,3165,695
1,3,1.3257097216463023,12559.953944352026,4603.757294098512,3203,657
1,3,1.3913031325727445,12538.471537418747,4597.149540072463,3242,618
1,3,1.462688386223113,12535.718163407151,4596.301813876379,3281,579
1,4,-1.4442685856155595,12574.396366952267,4608.193275668114,579,3281
1,4,-1.3518565947943195,12575.227423041146,4608.448379007315,618,3242
1,4,-1.2684936314160526,12577.378822728315,4609.108700465185,657,3203
1,4,-1.1990151371735376,12570.47684082738,4606.989899469747,695,3165
1,4,-1.1152880721871403,12569.880037844652,4606.806635602422,734,3126
1,4,-1.048332791565912,12570.927788576302,4607.128368925744,772,3088
1,4,-1.0088733897528053,12572.423174030266,4607.587511214909,811,3049
1,4,-0.9512599635671165,12573.669291813141,4607.970076788654,849,3011
1,4,-0.8952803984472915,12575.082417396196,4608.4038688765795,888,2972
1,4,-0.8561001435860882,12576.829391259014,4608.940076157571,927,2933
1,4,-0.8054367913997035,12577.03337152773,4609.0026799687375,965,2895
1,4,-0.7762357880665067,12576.710309167855,4608.903528071111,1004,2856
1,4,-0.7250910713002773,12577.143783425785,4609.0365661836495,1042,2818
1,4,-0.689063831548832,12576.852007588834,4608.94701741056,1081,2779
1,4,-0.646198881103964,12577.641383561579,4609.189279594769,1120,2740
1,4,-0.5946228984850169,12577.544196614237,4609.159453409186,1158,2702
1,4,-0.5596505265950628,12577.678101278614,4609.200548017565,1197,2663
1,4,-0.5262703259779633,12577.4338887242,4609.125600193008,1235,2625
1,4,-0.4804383281752421,12576.918346639084,4608.967377677062,1274,2586
1,4,-0.44138517836454405,12576.52866853962,4608.847779161349,1313,2547
1,4,-0.4018554218056432,12576.32694206668,4608.7858645861115,1351,2509
1,4,-0.36886352052040994,12577.094478996043,4609.021434332164,1390,2470
1,4,-0.3324118346759487,12575.705043758879,4608.594983191721,1428,2432
1,4,-0.2950223052985865,12575.619991297113,4608.568877012268,1467,2393
1,4,-0.2732219759759777,12575.082304050156,4608.403834084306,1506,2354
1,4,-0.24232682708194422,12574.211154147684,4608.13641992172,1544,2316
1,4,-0.21371575929727418,12574.004477612594,4608.072974352685,1583,2277
1,4,-0.18996034725579386,12572.313932402898,4607.5539715775785,1621,2239
1,4,-0.14971714095093272,12570.522165601627,4607.003817264227,1660,2200
1,4,-0.12207299677806258,12569.991670156638,4606.840915866797,1698,2162
1,4,-0.0959338188545707,12569.080120562458,4606.560986562775,1737,2123
1,4,-0.06364570075428265,12569.495668578009,4606.688600422338,1776,2084
1,4,-0.03383440826637684,12569.769614606874,4606.772726323357,1814,2046
1,4,0.0,12567.477697514902,4606.068846547685,1879,1981
1,4,0.014776657915577507,12566.746605677778,4605.844291020684,1891,1969
1,4,0.046433358847117995,12572.86052891736,4607.721786086036,1930,1930
1,4,0.06408187883135064,12572.596778372741,4607.640811054259,1969,1891
1,4,0.0996364565717821,12572.429438527135,4607.589434547551,2007,1853
1,4,0.12116469809412912,12572.11644342982,4607.493337280066,2046,1814
1,4,0.15702307204106905,12572.402784652832,4607.581251239435,2084,1776
1,4,0.18197055918707805,12570.64418711135,4607.041285933813,2123,1737
1,4,0.21153908311425407,12568.153541941358,4606.276421162534,2162,1698
1,4,0.23912208228362167,12567.05160424597,4605.93797319824,2200,1660
1,4,0.2709054936220265,12567.244232228251,4605.997138890922,2239,1621
1,4,0.30091878387089754,12566.254113899115,4605.693014355626,2277,1583
1,4,0.33170526859083266,12568.772388744366,4606.46648009549,2316,1544
1,4,0.3585435160218024,12569.311046800049,4606.6319040110075,2354,1506
1,4,0.38968290523578314,12571.409728200166,4607.276349354939,2393,1467
1,4,0.415900206963487,12570.483170773812,4606.9918431976885,2432,1428
1,4,0.4569099888233425,12573.494706046058,4607.916480203289,2470,1390
1,4,0.4959772314817739,12572.635143825197,4607.65258987952,2509,1351
1,4,0.5332941303284421,12569.777595893942,4606.775177263928,2547,1313
1,4,0.5686975279580176,12569.079797709872,4606.560887413833,2586,1274
1,4,0.6146783594549794,12567.399200566422,4606.044736764108,2625,1235
1,4,0.6578851968977814,12568.215075801894,4606.2953197317975,2663,1197
1,4,0.6916210914940838,12569.757197114897,4606.768913083801,2702,1158
1,4,0.7376728753458554,12565.416307346974,4605.435655155998,2740,1120
1,4,0.7770723058554525,12561.644766639965,4604.276892720906,2779,1081
1,4,0.8073521063973877,12562.56354112527,4604.559207647722,2818,1042
1,4,0.8575298749670094,12565.003783820146,4605.308928996393,2856,1004
1,4,0.8976121566053823,12562.59994545724,4604.570393304006,2895,965
1,4,0.9316025270031019,12563.037159124644,4604.704729778685,2933,927
1,4,0.9898754586020173,12557.98122810762,4603.150979553404,2972,888
1,4,1.030273649108347,12559.343593119542,4603.569712757565,3011,849
1,4,1.0726674269262,12545.742568629481,4599.387296546781,3049,811
1,4,1.1392275017854465,12544.661071581355,4599.054533577462,3088,772
1,4,1.1998969720980641,12550.087435955971,4600.723868243733,3126,734
1,4,1.2704071513054331,12553.144729767479,4601.664078181071,3165,695
1,4,1.3317083659910738,12557.499317183388,4603.002849704612,3203,657
1,4,1.391422701120686,12545.94754248458,4599.450361177118,3242,618
1,4,1.4642760127042185,12549.2336318653,4600.461256854177,3281,579
1,5,-1.446499984133564,12567.06185863015,4605.9411228556155,579,3281
1,5,-1.3546758380244805,12567.141728773378,4605.965655063433,618,3242
1,5,-1.2708894551910253,12572.966970788635,4607.7544647181585,657,3203
1,5,-1.2027402632556472,12569.566852850738,4606.710460528895,695,3165
1,5,-1.1178160561435215,12571.981381931371,4607.451869307134,734,3126
1,5,-1.049391728269892,12569.587199984551,4606.716708944125,772,3088
1,5,-1.0090440484433723,12568.699908308565,4606.4442205398045,811,3049
1,5,-0.9523998743995448,12569.37146892754,4606.650459431481,849,3011
1,5,-0.8962798603058176,12569.35993188008,4606.646916452125,888,2972
1,5,-0.8568231210541897,12570.982545323957,4607.145182369365,927,2933
1,5,-0.8066849746872924,12573.512495360832,4607.921941430104,965,2895
1,5,-0.7765502791103138,12574.317867816415,4608.169178478766,1004,2856
1,5,-0.7285176570261738,12574.48058837837,4608.219129284189,1042,2818
1,5,-0.690286345950179,12575.017759394868,4608.384021648667,1081,2779
1,5,-0.6477688511172324,12575.09496599371,4608.407720744953,1120,2740
1,5,-0.5951559511027569,12573.099139148531,4607.795041233545,1158,2702
1,5,-0.5610140914008871,12573.452142476777,4607.903413378245,1197,2663
1,5,-0.526445862655498,12574.406243802056,4608.196307592995,1235,2625
1,5,-0.4849365765606378,12575.573715510083,4608.554672951816,1274,2586
1,5,-0.4423351679452795,12575.299729669587,4608.470573658274,1313,2547
1,5,-0.40304543229539014,12574.095264893072,4608.100844363243,1351,2509
1,5,-0.3700741532666932,12574.801818606127,4608.317736366422,1390,2470
1,5,-0.3329175395041652,12574.844753463552,4608.33091576035,1428,2432
1,5,-0.2960872221517585,12574.300623005845,4608.163884751096,1467,2393
1,5,-0.27344611057695556,12574.216409596644,4608.138033226005,1506,2354
1,5,-0.24320783857895012,12574.045932332627,4608.085700207511,1544,2316
1,5,-0.21522892568011676,12575.414527178706,4608.505810700107,1583,2277
1,5,-0.19060114202093786,12576.449129172848,4608.823366786941,1621,2239
1,5,-0.14991537927850718,12576.05381423613,4608.7020336807045,1660,2200
1,5,-0.12288377199306484,12576.291869500245,4608.775099893381,1698,2162
1,5,-0.0959338188545707,12575.724241392636,4608.600875728917,1737,2123
1,5,-0.06364570075428265,12568.218965688784,4606.296514409082,1776,2084
1,5,-0.03383440826637684,12565.164161992427,4605.358197250099,1814,2046
1,5,0.0,12569.106196774721,4606.568994632894,1879,1981
1,5,0.014776657915577507,12568.3278938196,4606.329968692783,1891,1969
1,5,0.046433358847117995,12569.3689956669,4606.649699903685,1930,1930
1,5,0.06408187883135064,12571.912375687232,4607.430682127062,1969,1891
1,5,0.0996364565717821,12572.218978191837,4607.524818261747,2007,1853
1,5,0.12116469809412912,12570.815117088425,4607.0937721243345,2046,1814
1,5,0.15702307204106905,12569.147706182863,4606.58174224186,2084,1776
1,5,0.18197055918707805,12568.384843978602,4606.34745925458,2123,1737
1,5,0.21153908311425407,12566.870654802418,4605.882393743118,2162,1698
1,5,0.23912208228362167,12565.077159942895,4605.331470255567,2200,1660
1,5,0.2709054936220265,12564.93882868005,4605.2889745663615,2239,1621
1,5,0.30091878387089754,12564.354471339455,4605.109453454632,2277,1583
1,5,0.33170526859083266,12563.788757510163,4604.935651883896,2316,1544
1,5,0.3585435160218024,12565.410353964624,4605.433826321938,2354,1506
1,5,0.38968290523578314,12562.444825484274,4604.522730654954,2393,1467
1,5,0.415900206963487,12562.43955884033,4604.5211123991,2432,1428
1,5,0.4569099888233425,12563.806909560586,4604.941228773588,2470,1390
1,5,0.4959772314817739,12562.714383184124,4604.605555421382,2509,1351
1,5,0.5332941303284421,12562.288911822088,4604.474823541404,2547,1313
1,5,0.5686975279580176,12572.103174863703,4607.48926344791,2586,1274
1,5,0.6146783594549794,12570.885774526347,4607.115468167221,2625,1235
1,5,0.6578851968977814,12569.287510199514,4606.624675980546,2663,1197
1,5,0.6916210914940838,12570.314359864486,4606.940006329012,2702,1158
1,5,0.7376728753458554,12571.069886276802,4607.172000870272,2740,1120
1,5,0.7770723058554525,12566.177868581679,4605.669593866473,2779,1081
1,5,0.8073521063973877,12564.930093925375,4605.286291213485,2818,1042
1,5,0.8575298749670094,12563.33629447277,4604.796638182892,2856,1004
1,5,0.8976121566053823,12562.325737711608,4604.486138973343,2895,965
1,5,0.9316025270031019,12561.511006178513,4604.235789972042,2933,927
1,5,0.9898754586020173,12561.856968362014,4604.342098491644,2972,888
1,5,1.030273649108347,12560.620608441157,4603.962171847565,3011,849
1,5,1.0726674269262,12559.512170507187,4603.621523136385,3049,811
1,5,1.1392275017854465,12564.333717472027,4605.103077480871,3088,772
1,5,1.1998969720980641,12564.71370956859,4605.219816445777,3126,734
1,5,1.2704071513054331,12564.502301563025,4605.1548693418845,3165,695
1,5,1.3317083659910738,12569.351295550767,4606.644264269135,3203,657
1,5,1.391422701120686,12562.996085372008,4604.692109825218,3242,618
1,5,1.4642760127042185,12562.238694043102,4604.459393151632,3281,579
2,1,-1.4442685856155595,12509.603723954735,4604.769109806069,579,3281
2,1,-1.3546758380244805,12484.367367894609,4596.974240624397,618,3242
2,1,-1.2708894551910253,12505.117953224697,4603.3847190119595,657,3203
2,1,-1.2027402632556472,12480.102478700195,4595.655368439107,695,3165
2,1,-1.1178160561435215,12480.849577796886,4595.886433544922,734,3126
2,1,-1.049391728269892,12484.345275073681,4596.967409812572,772,3088
2,1,-1.0090440484433723,12482.47888663998,4596.3903032233775,811,3049
2,1,-0.9523998743995448,12485.101326560789,4597.20116419149,849,3011
2,1,-0.8962798603058176,12480.79537358515,4595.869669565007,888,2972
2,1,-0.8568231210541897,12482.976274332259,4596.544109070703,927,2933
2,1,-0.8066849746872924,12487.087456625486,4597.815164200256,965,2895
2,1,-0.7765502791103138,12490.324016130506,4598.815517641438,1004,2856
2,1,-0.7285176570261738,12496.695117743144,4600.783935933029,1042,2818
2,1,-0.690286345950179,12490.834272303153,4598.9732035905,1081,2779
2,1,-0.6477688511172324,12488.452133403494,4598.236989110133,1120,2740
2,1,-0.5951559511027569,12480.858330483527,4595.889140520787,1158,2702
2,1,-0.5610140914008871,12483.82982124586,4596.808034786724,1197,2663
2,1,-0.526445862655498,12501.463932495464,4602.256654394437,1235,2625
2,1,-0.4849365765606378,12497.112627219492,4600.912894801186,1274,2586
2,1,-0.4423351679452795,12490.90314263579,4598.994486296308,1313,2547
2,1,-0.40304543229539014,12512.030423741617,4605.517826788457,1351,2509
2,1,-0.3700741532666932,12512.103903895408,4605.54049557611,1390,2470
2,1,-0.3329175395041652,12522.491174951569,4608.7436525236335,1428,2432
2,1,-0.2960872221517585,12519.228610472343,4607.737851079565,1467,2393
2,1,-0.27344611057695556,12514.900319758053,4606.403097042771,1506,2354
2,1,-0.24320783857895012,12523.78327057969,4609.141914479904,1544,2316
2,1,-0.21522892568011676,12528.297770589717,4610.533093935111,1583,2277
2,1,-0.19060114202093786,12537.676219321587,4613.42153655528,1621,2239
2,1,-0.14991537927850718,12541.338810733329,4614.548981387773,1660,2200
2,1,-0.12288377199306484,12542.461760984112,4614.894589937684,1698,2162
2,1,-0.09698507446101522,12545.469019586792,4615.819976599778,1737,2123
2,1,-0.0638138180391755,12545.445938702896,4615.812875048322,1776,2084
2,1,-0.03493310106013494,12549.551922788081,4617.076003166341,1814,2046
2,1,0.0,12547.837580500018,4616.548668541252,1880,1980
2,1,0.014259833943413326,12547.140834349471,4616.334327640268,1891,1969
2,1,0.046274606026509846,12539.880197832308,4614.100020290439,1930,1930
2,1,0.06359654759323252,12541.5608395139,4614.617317274371,1969,1891
2,1,0.09839192907732416,12544.900582601422,4615.64507548842,2007,1853
2,1,0.12090254948730463,12544.918850071836,4615.650696288999,2046,1814
2,1,0.1568294067747396,12543.363248092875,4615.17201675064,2084,1776
2,1,0.18070855616057635,12542.957174516694,4615.0470527082625,2123,1737
2,1,0.21130921972226868,12541.18479911585,4614.501579072702,2162,1698
2,1,0.23912208228362167,12535.682932943404,4612.807810616982,2200,1660
2,1,0.2709054936220265,12534.790368437581,4612.532961478515,2239,1621
2,1,0.30091878387089754,12533.293720641073,4612.072051862858,2277,1583
2,1,0.33170526859083266,12524.783825172555,4609.45028666868,2316,1544
2,1,0.3585435160218024,12525.914039732761,4609.798590594492,2354,1506
2,1,0.38968290523578314,12528.964160063138,4610.738404744819,2393,1467
2,1,0.415900206963487,12526.076152970225,4609.848547271931,2432,1428
2,1,0.4569099888233425,12537.157727244225,4613.261904039015,2470,1390
2,1,0.4959772314817739,12535.908861092805,4612.877378011336,2509,1351
2,1,0.5332941303284421,12527.252047466904,4610.210890568135,2547,1313
2,1,0.5686975279580176,12532.125991406981,4611.712398212638,2586,1274
2,1,0.6146783594549794,12532.482901063044,4611.822327817237,2625,1235
2,1,0.6571693960172094,12535.829495386564,4612.85294000694,2663,1197
2,1,0.6913157900963302,12545.984506750636,4615.978578846605,2702,1158
2,1,0.7367728459018735,12542.24606582489,4614.828208194643,2740,1120
2,1,0.7768813383868994,12545.525815403667,4615.837451542847,2779,1081
2,1,0.8068590147782929,12546.631015576582,4616.177483904269,2818,1042
2,1,0.8561211739231992,12555.11075120513,4618.785412953608,2856,1004
2,1,0.8964178505773426,12553.340288223062,4618.241055429412,2895,965
2,1,0.9308580614154667,12552.25840912852,4617.908376383765,2933,927
2,1,0.9895422223572032,12556.597533256141,4619.242488884772,2972,888
2,1,1.0300054798181086,12561.901416770243,4620.872601473063,3011,849
2,1,1.0710763770754794,12554.90956171238,4618.723557850956,3049,811
2,1,1.1384611329739254,12553.858783288935,4618.400483085907,3088,772
2,1,1.1968104955701255,12554.193056035096,4618.503262290643,3126,734
2,1,1.2680463170022065,12553.737511835494,4618.363194943722,3165,695
2,1,1.3257097216463023,12554.777989332943,4618.6831057837135,3203,657
2,1,1.3913031325727445,12555.13705366886,4618.793499493478,3242,618
2,1,1.462688386223113,12563.519111997608,4621.369652145636,3281,579
2,2,-1.4442685856155595,12563.439363730693,4621.345150309443,579,3281
2,2,-1.3546758380244805,12562.785638335628,4621.14429403077,618,3242
2,2,-1.2708894551910253,12563.320021692172,4621.30848340293,657,3203
2,2,-1.2027402632556472,12562.79087242083,4621.145902238157,695,3165
2,2,-1.1178160561435215,12565.208043678369,4621.888522541033,734,3126
2,2,-1.049391728269892,12565.42258198078,4621.954427600056,772,3088
2,2,-1.0090440484433723,12565.352066727428,4621.932765802379,811,3049
2,2,-0.9523998743995448,12565.318992671051,4621.922605639342,849,3011
2,2,-0.8962798603058176,12564.638650735862,4621.713602511861,888,2972
2,2,-0.8568231210541897,12563.704623809805,4621.426648143492,927,2933
2,2,-0.8066849746872924,12564.385864723918,4621.635942990653,965,2895
2,2,-0.7765502791103138,12563.754464857499,4621.441960988569,1004,2856
2,2,-0.7285176570261738,12564.106898889866,4621.5502388356435,1042,2818
2,2,-0.690286345950179,12562.301074327172,4620.995405623396,1081,2779
2,2,-0.6477688511172324,12564.974444252122,4621.816760723485,1120,2740
2,2,-0.5951559511027569,12564.737661340083,4621.7440195765375,1158,2702
2,2,-0.5610140914008871,12565.188205590126,4621.8824283258955,1197,2663
2,2,-0.526445862655498,12564.68758269443,4621.728634937188,1235,2625
2,2,-0.4849365765606378,12564.619725495333,4621.70778845819,1274,2586
2,2,-0.4423351679452795,12565.81443341455,4622.07479943321,1313,2547
2,2,-0.40304543229539014,12566.429610187102,4622.263766430219,1351,2509
2,2,-0.3700741532666932,12566.508712635281,4622.288064062756,1390,2470
2,2,-0.3329175395041652,12566.129641301199,4622.171624608286,1428,2432
2,2,-0.2960872221517585,12554.26565895202,4618.52558522671,1467,2393
2,2,-0.27344611057695556,12552.886980084264,4618.101666153815,1506,2354
2,2,-0.24320783857895012,12554.52433866781,4618.6051194219535,1544,2316
2,2,-0.21522892568011676,12552.655360627708,4618.030442749023,1583,2277
2,2,-0.19060114202093786,12554.574759479223,4618.62062171706,1621,2239
2,2,-0.14991537927850718,12555.435729746818,4618.88532453235,1660,2200
2,2,-0.12288377199306484,12555.751965368205,4618.982545700336,1698,2162
2,2,-0.09698507446101522,12557.464422405741,4619.508968447073,1737,2123
2,2,-0.0638138180391755,12557.17955651204,4619.421403411259,1776,2084
2,2,-0.03493310106013494,12556.649629550946,4619.2585036754235,1814,2046
2,2,0.0,12544.996729821654,4615.674659369572,1880,1980
2,2,0.014259833943413326,12545.592251601222,4615.85789253889,1891,1969
2,2,0.046274606026509846,12536.206854594824,4612.96913372361,1930,1930
2,2,0.06359654759323252,12533.123852232722,4612.019735487424,1969,1891
2,2,0.09839192907732416,12532.608125130826,4611.8608965901285,2007,1853
2,2,0.12090254948730463,12534.095594911829,4612.31900495775,2046,1814
2,2,0.1568294067747396,12542.663638208305,4614.956718077208,2084,1776
2,2,0.18070855616057635,12542.478356800604,4614.899697372772,2123,1737
2,2,0.21130921972226868,12539.321337815767,4613.927989321977,2162,1698
2,2,0.23912208228362167,12538.959713109203,4613.816668186003,2200,1660
2,2,0.2709054936220265,12537.35590032804,4613.32291803234,2239,1621
2,2,0.30091878387089754,12540.3883498578,4614.256435427297,2277,1583
2,2,0.33170526859083266,12538.985071458854,4613.824474505899,2316,1544
2,2,0.3585435160218024,12538.65133712369,4613.721736391923,2354,1506
2,2,0.38968290523578314,12534.57143256348,4612.465541136445,2393,1467
2,2,0.415900206963487,12534.59826881766,4612.473805306528,2432,1428
2,2,0.4569099888233425,12540.622026793768,4614.328361793844,2470,1390
2,2,0.4959772314817739,12536.897223691023,4613.181698127577,2509,1351
2,2,0.5332941303284421,12537.105963071095,4613.245966605258,2547,1313
2,2,0.5686975279580176,12540.237129196768,4614.209888601575,2586,1274
2,2,0.6146783594549794,12547.16858060013,4616.342863482062,2625,1235
2,2,0.6571693960172094,12545.273929987803,4615.759950808304,2663,1197
2,2,0.6913157900963302,12542.327458903917,4614.8532576366615,2702,1158
2,2,0.7367728459018735,12540.323019412805,4614.236326307267,2740,1120
2,2,0.7768813383868994,12538.158138076054,4613.56990301567,2779,1081
2,2,0.8068590147782929,12539.098443696092,4613.859374847106,2818,1042
2,2,0.8561211739231992,12535.364780972763,4612.709843701459,2856,1004
2,2,0.8964178505773426,12541.959950140244,4614.7401522647815,2895,965
2,2,0.9308580614154667,12543.98467910723,4615.3632465069995,2933,927
2,2,0.9895422223572032,12539.076645598972,4613.852664577751,2972,888
2,2,1.0300054798181086,12542.597640010452,4614.936407103296,3011,849
2,2,1.0710763770754794,12523.343281892716,4609.006301612029,3049,811
2,2,1.1384611329739254,12520.873831645893,4608.245081731176,3088,772
2,2,1.1968104955701255,12520.33317375194,4608.078401309537,3126,734
2,2,1.2680463170022065,12515.984712328242,4606.737544292094,3165,695
2,2,1.3257097216463023,12519.933476459508,4607.955173264848,3203,657
2,2,1.3913031325727445,12518.623068765817,4607.5511424899005,3242,618
2,2,1.462688386223113,12528.739115684133,4610.669071071782,3281,579
2,3,-1.4442685856155595,12553.646652468273,4618.335257572376,579,3281
2,3,-1.3518565947943195,12554.983201174495,4618.746198196452,618,3242
2,3,-1.2684936314160526,12549.214509281857,4616.972219887778,657,3203
2,3,-1.1990151371735376,12552.682707271522,4618.03885196023,695,3165
2,3,-1.1152880721871403,12571.291754458045,4623.756970754322,734,3126
2,3,-1.048332791565912,12571.519885154048,4623.827017374343,772,3088
2,3,-1.0088733897528053,12571.183345073092,4623.723683639647,811,3049
2,3,-0.9512599635671165,12568.792470964756,4622.989492473074,849,3011
2,3,-0.8952803984472915,12567.440718441127,4622.5743336299065,888,2972
2,3,-0.8561001435860882,12568.968961616152,4623.043694110418,927,2933
2,3,-0.8054367913997035,12568.741100740346,4622.9737161388,965,2895
2,3,-0.7762357880665067,12567.60329015186,4622.624266051209,1004,2856
2,3,-0.7250910713002773,12570.44073924254,4623.495658711969,1042,2818
2,3,-0.689063831548832,12560.852345223191,4620.550231066351,1081,2779
2,3,-0.646198881103964,12560.581259322727,4620.466924389488,1120,2740
2,3,-0.5946228984850169,12562.056672513572,4620.920307902689,1158,2702
2,3,-0.5596505265950628,12563.282116575265,4621.296837279791,1197,2663
2,3,-0.5262703259779633,12560.980073719931,4620.589482343025,1235,2625
2,3,-0.4804383281752421,12560.708498268114,4620.506026070487,1274,2586
2,3,-0.44138517836454405,12559.836677465464,4620.238099695797,1313,2547
2,3,-0.4018554218056432,12562.427142161578,4621.034142109349,1351,2509
2,3,-0.36886352052040994,12563.98928532466,4621.51410491142,1390,2470
2,3,-0.3324118346759487,12562.690616364422,4621.115097783491,1428,2432
2,3,-0.2950223052985865,12559.627639661881,4620.173855816098,1467,2393
2,3,-0.2732219759759777,12561.3170017985,4620.69301924329,1506,2354
2,3,-0.24232682708194422,12562.124478956008,4620.9411430388645,1544,2316
2,3,-0.21371575929727418,12563.36043573022,4621.3209003385555,1583,2277
2,3,-0.18996034725579386,12567.29981941956,4622.531057255327,1621,2239
2,3,-0.14971714095093272,12566.460651929476,4622.273301435888,1660,2200
2,3,-0.12207299677806258,12566.803786643311,4622.378699602427,1698,2162
2,3,-0.0959338188545707,12568.441784143364,4622.881791592625,1737,2123
2,3,-0.06364570075428265,12569.841064189446,4623.311512350884,1776,2084
2,3,-0.03383440826637684,12570.003148882548,4623.361285683613,1814,2046
2,3,0.0,12571.304424410358,4623.760861045967,1879,1981
2,3,0.014776657915577507,12572.135763771563,4624.016114098963,1891,1969
2,3,0.046433358847117995,12568.359838496608,4622.856624492911,1930,1930
2,3,0.06408187883135064,12568.57090627166,4622.921447173132,1969,1891
2,3,0.0996364565717821,12568.56478067334,4622.919565907915,2007,1853
2,3,0.12116469809412912,12568.166217045084,4622.797158932614,2046,1814
2,3,0.15702307204106905,12570.656102038396,4623.561789509466,2084,1776
2,3,0.18197055918707805,12569.133873001354,4623.094338978177,2123,1737
2,3,0.21153908311425407,12569.002909005416,4623.054119527649,2162,1698
2,3,0.23912208228362167,12571.469734501068,4623.811618925438,2200,1660
2,3,0.2709054936220265,12565.476420966674,4621.970966481974,2239,1621
2,3,0.30091878387089754,12568.079219736768,4622.77043977832,2277,1583
2,3,0.33170526859083266,12568.976185141879,4623.045912494549,2316,1544
2,3,0.3585435160218024,12571.433654734457,4623.800540817475,2354,1506
2,3,0.38968290523578314,12570.868810962764,4623.627104278631,2393,1467
2,3,0.415900206963487,12571.98128175589,4623.968683474978,2432,1428
2,3,0.4569099888233425,12572.603869356206,4624.1598330305,2470,1390
2,3,0.4959772314817739,12572.667181590867,4624.179270898185,2509,1351
2,3,0.5332941303284421,12574.259973335333,4624.6682512100915,2547,1313
2,3,0.5686975279580176,12573.395983540591,4624.403017693717,2586,1274
2,3,0.6146783594549794,12572.847228458057,4624.234547628343,2625,1235
2,3,0.6571693960172094,12571.93951390532,4623.955859388829,2663,1197
2,3,0.6913157900963302,12573.107721929518,4624.314521111303,2702,1158
2,3,0.7367728459018735,12570.867645190112,4623.626746317482,2740,1120
2,3,0.7768813383868994,12569.988046024755,4623.356647891131,2779,1081
2,3,0.8068590147782929,12570.559881434005,4623.532243481684,2818,1042
2,3,0.8561211739231992,12565.931407673399,4622.110731727131,2856,1004
2,3,0.8964178505773426,12565.169467881069,4621.876672135881,2895,965
2,3,0.9308580614154667,12564.736236680408,4621.743581908295,2933,927
2,3,0.9895422223572032,12564.045760517634,4621.531455591207,2972,888
2,3,1.0300054798181086,12559.37860461956,4620.097318133513,3011,849
2,3,1.0710763770754794,12563.458875622171,4621.351145152133,3049,811
2,3,1.1384611329739254,12561.94213742546,4620.8851140274255,3088,772
2,3,1.1968104955701255,12563.32707568099,4621.310650695425,3126,734
2,3,1.2680463170022065,12560.392020947249,4620.40876898912,3165,695
2,3,1.3257097216463023,12555.059407775432,4618.769627665227,3203,657
2,3,1.3913031325727445,12530.267849799964,4611.140032566988,3242,618
2,3,1.462688386223113,12526.505493869612,4609.980849474966,3281,579
2,4,-1.4442685856155595,12550.41280756532,4617.340785629356,579,3281
2,4,-1.3518565947943195,12555.500785484519,4618.905324992896,618,3242
2,4,-1.2684936314160526,12556.342030818681,4619.163944562542,657,3203
2,4,-1.1990151371735376,12550.044155237914,4617.227401400057,695,3165
2,4,-1.1152880721871403,12557.576764352301,4619.543500734757,734,3126
2,4,-1.048332791565912,12560.311097117206,4620.383899782037,772,3088
2,4,-1.0088733897528053,12561.647794672179,4620.794668113383,811,3049
2,4,-0.9512599635671165,12561.675568054705,4620.8032024346585,849,3011
2,4,-0.8952803984472915,12567.293009790712,4622.52896570226,888,2972
2,4,-0.8561001435860882,12566.562132385763,4622.304472741038,927,2933
2,4,-0.8054367913997035,12563.01482610658,4621.214712865557,965,2895
2,4,-0.7762357880665067,12572.310530414024,4624.069772010695,1004,2856
2,4,-0.7250910713002773,12572.348612903277,4624.081464227931,1042,2818
2,4,-0.689063831548832,12573.04965127166,4624.2966931198525,1081,2779
2,4,-0.646198881103964,12574.701935179979,4624.8039206446165,1120,2740
2,4,-0.5946228984850169,12574.384990793467,4624.706628418016,1158,2702
2,4,-0.5596505265950628,12574.815593985888,4624.838809822138,1197,2663
2,4,-0.5262703259779633,12575.22463008391,4624.964366626376,1235,2625
2,4,-0.4804383281752421,12574.660837409894,4624.791305025369,1274,2586
2,4,-0.44138517836454405,12574.016466650242,4624.593499701238,1313,2547
2,4,-0.4018554218056432,12573.003648608472,4624.282570006552,1351,2509
2,4,-0.36886352052040994,12574.236078679081,4624.66091610958,1390,2470
2,4,-0.3324118346759487,12571.91334633801,4623.947825074408,1428,2432
2,4,-0.2950223052985865,12573.425231247307,4624.41199665348,1467,2393
2,4,-0.2732219759759777,12572.734749670362,4624.200015270262,1506,2354
2,4,-0.24232682708194422,12572.020518496689,4623.980730389442,1544,2316
2,4,-0.21371575929727418,12571.843882257508,4623.92649720775,1583,2277
2,4,-0.18996034725579386,12570.189819340521,4623.418608073198,1621,2239
2,4,-0.14971714095093272,12568.349737894852,4622.853522390572,1660,2200
2,4,-0.12207299677806258,12567.857310005595,4622.702284644228,1698,2162
2,4,-0.0959338188545707,12566.916856343694,4622.413429760344,1737,2123
2,4,-0.06364570075428265,12567.33173073836,4622.540858687294,1776,2084
2,4,-0.03383440826637684,12567.509146702707,4622.59535082637,1814,2046
2,4,0.0,12565.14667965145,4621.8696716217755,1879,1981
2,4,0.014776657915577507,12564.38339070384,4621.63518292816,1891,1969
2,4,0.046433358847117995,12570.026509485997,4623.368459257434,1930,1930
2,4,0.06408187883135064,12569.373949492026,4623.168066127025,1969,1891
2,4,0.0996364565717821,12568.934181792216,4623.033013019029,2007,1853
2,4,0.12116469809412912,12568.465020494908,4622.888927897633,2046,1814
2,4,0.15702307204106905,12569.15311375484,4623.100247838116,2084,1776
2,4,0.18197055918707805,12568.100756570924,4622.777054321971,2123,1737
2,4,0.21153908311425407,12565.775463121365,4622.0628284172635,2162,1698
2,4,0.23912208228362167,12564.585541405875,4621.697286686734,2200,1660
2,4,0.2709054936220265,12564.933944546123,4621.8043190653025,2239,1621
2,4,0.30091878387089754,12564.119287073292,4621.554044785787,2277,1583
2,4,0.33170526859083266,12566.742522129596,4622.359881643351,2316,1544
2,4,0.3585435160218024,12567.028444557864,4622.447704562931,2354,1506
2,4,0.38968290523578314,12569.386842701566,4623.172025573494,2393,1467
2,4,0.415900206963487,12568.428504672669,4622.877713220394,2432,1428
2,4,0.4569099888233425,12571.196822921562,4623.727822030265,2470,1390
2,4,0.4959772314817739,12569.866215516147,4623.319235919022,2509,1351
2,4,0.5332941303284421,12565.790475202048,4622.067439879325,2547,1313
2,4,0.5686975279580176,12565.957735948614,4622.118819232352,2586,1274
2,4,0.6146783594549794,12563.97536130028,4621.509827069194,2625,1235
2,4,0.6578851968977814,12563.883439427544,4621.481586029512,2663,1197
2,4,0.6916210914940838,12565.09735635302,4621.854519526025,2702,1158
2,4,0.7376728753458554,12560.430943989155,4620.420730614897,2740,1120
2,4,0.7770723058554525,12555.399849646448,4618.874293661872,2779,1081
2,4,0.8073521063973877,12557.049300889375,4619.38136342386,2818,1042
2,4,0.8575298749670094,12559.125925133543,4620.01965882741,2856,1004
2,4,0.8976121566053823,12555.942401651992,4619.041090858196,2895,965
2,4,0.9316025270031019,12557.848618934231,4619.627063618545,2933,927
2,4,0.9898754586020173,12551.962074173585,4617.817248047248,2972,888
2,4,1.030273649108347,12553.07194193872,4618.158541317233,3011,849
2,4,1.0726674269262,12540.880105687691,4614.407797588823,3049,811
2,4,1.1392275017854465,12541.249220324858,4614.521406962338,3088,772
2,4,1.1998969720980641,12545.251108588087,4615.752928986101,3126,734
2,4,1.2704071513054331,12548.15876415213,4616.647470667311,3165,695
2,4,1.3317083659910738,12551.463294520308,4617.6638594611395,3203,657
2,4,1.391422701120686,12544.101723361571,4615.399262870664,3242,618
2,4,1.4642760127042185,12547.474073564135,4616.436843927001,3281,579
2,5,-1.446499984133564,12556.858124016331,4619.322595768355,579,3281
2,5,-1.3546758380244805,12556.746966622148,4619.288425641049,618,3242
2,5,-1.2708894551910253,12564.750358047013,4621.747920116709,657,3203
2,5,-1.2027402632556472,12560.91446862133,4620.569321787048,695,3165
2,5,-1.1178160561435215,12561.767521844879,4620.831458245681,734,3126
2,5,-1.049391728269892,12558.980388217053,4619.974928345689,772,3088
2,5,-1.0090440484433723,12557.269051896585,4619.448913645685,811,3049
2,5,-0.9523998743995448,12559.92635902228,4620.2656613259605,849,3011
2,5,-0.8962798603058176,12560.847237907929,4620.548661567692,888,2972
2,5,-0.8568231210541897,12561.238762807745,4620.668976904036,927,2933
2,5,-0.8066849746872924,12565.239772429477,4621.898269520488,965,2895
2,5,-0.7765502791103138,12567.038428800066,4622.4507712512695,1004,2856
2,5,-0.7285176570261738,12569.69683080187,4623.267220297595,1042,2818
2,5,-0.690286345950179,12572.83170581597,4624.229782006495,1081,2779
2,5,-0.6477688511172324,12573.026743236627,4624.2896602123055,1120,2740
2,5,-0.5951559511027569,12571.002318445084,4623.668098751883,1158,2702
2,5,-0.5610140914008871,12571.385190196735,4623.785659978794,1197,2663
2,5,-0.526445862655498,12572.08567214526,4624.000734527316,1235,2625
2,5,-0.4849365765606378,12573.476199926115,4624.427643837745,1274,2586
2,5,-0.4423351679452795,12572.064645673436,4623.994278776757,1313,2547
2,5,-0.40304543229539014,12569.220323031905,4623.120887821854,1351,2509
2,5,-0.3700741532666932,12570.256005950723,4623.438932320203,1390,2470
2,5,-0.3329175395041652,12569.68180940446,4623.262607407608,1428,2432
2,5,-0.2960872221517585,12569.682148497217,4623.262711538965,1467,2393
2,5,-0.27344611057695556,12569.226544084231,4623.122798302808,1506,2354
2,5,-0.24320783857895012,12568.235510084935,4622.818440509565,1544,2316
2,5,-0.21522892568011676,12568.427230256144,4622.877321823169,1583,2277
2,5,-0.19060114202093786,12571.695201345061,4623.8808466475675,1621,2239
2,5,-0.14991537927850718,12571.164700877442,4623.717958908203,1660,2200
2,5,-0.12288377199306484,12571.58055338816,4623.845645099611,1698,2162
2,5,-0.0959338188545707,12568.981110920982,4623.047425227435,1737,2123
2,5,-0.06364570075428265,12563.256100502364,4621.288843974822,1776,2084
2,5,-0.03383440826637684,12560.269257824635,4620.371041825171,1814,2046
2,5,0.0,12565.057305527864,4621.8422158862595,1879,1981
2,5,0.014776657915577507,12564.551562735578,4621.686847994246,1891,1969
2,5,0.046433358847117995,12562.088487813418,4620.930083921465,1930,1930
2,5,0.06408187883135064,12565.74080420742,4622.052181753019,1969,1891
2,5,0.0996364565717821,12561.480041417635,4620.743119789721,2007,1853
2,5,0.12116469809412912,12561.455000929276,4620.735425124675,2046,1814
2,5,0.15702307204106905,12557.955363366611,4619.659874314892,2084,1776
2,5,0.18197055918707805,12556.853819118285,4619.321272434991,2123,1737
2,5,0.21153908311425407,12555.659497139404,4618.95411819727,2162,1698
2,5,0.23912208228362167,12555.583778804386,4618.930839957323,2200,1660
2,5,0.2709054936220265,12559.143972062557,4620.025205479013,2239,1621
2,5,0.30091878387089754,12559.276161520185,4620.065833138216,2277,1583
2,5,0.33170526859083266,12557.968239597454,4619.66383214275,2316,1544
2,5,0.3585435160218024,12560.222150791362,4620.356564946875,2354,1506
2,5,0.38968290523578314,12557.509068589437,4619.522692074464,2393,1467
2,5,0.415900206963487,12557.726520073866,4619.589532994746,2432,1428
2,5,0.4569099888233425,12559.102126409238,4620.012344372296,2470,1390
2,5,0.4959772314817739,12556.681100595517,4619.268178077703,2509,1351
2,5,0.5332941303284421,12557.557758750285,4619.537658709606,2547,1313
2,5,0.5686975279580176,12566.663624621377,4622.335647412627,2586,1274
2,5,0.6146783594549794,12568.014592298661,4622.750590877933,2625,1235
2,5,0.6578851968977814,12566.734826428969,4622.3575178316105,2663,1197
2,5,0.6916210914940838,12567.59677678263,4622.622265541552,2702,1158
2,5,0.7376728753458554,12568.125141301229,4622.784543517792,2740,1120
2,5,0.7770723058554525,12563.833624331219,4621.466281314697,2779,1081
2,5,0.8073521063973877,12562.230515164923,4620.973724951237,2818,1042
2,5,0.8575298749670094,12559.333806608094,4620.083549886046,2856,1004
2,5,0.8976121566053823,12558.115675485511,4619.709149918389,2895,965
2,5,0.9316025270031019,12557.818865142312,4619.617917961804,2933,927
2,5,0.9898754586020173,12559.02463826109,4619.9885285635255,2972,888
2,5,1.030273649108347,12558.453869542282,4619.813099548682,3011,849
2,5,1.0726674269262,12557.336893028258,4619.469767388629,3049,811
2,5,1.1392275017854465,12562.523017549349,4621.063601192408,3088,772
2,5,1.1998969720980641,12562.948214431724,4621.194246301586,3126,734
2,5,1.2704071513054331,12562.775562084345,4621.141198033857,3165,695
2,5,1.3317083659910738,12567.45684646576,4622.579287234745,3203,657
2,5,1.391422701120686,12556.89993188937,4619.335447559758,3242,618
2,5,1.4642760127042185,12555.949727201945,4619.043342908553,3281,579
3,1,-1.4442685856155595,12507.508673728458,4620.63944575235,579,3281
3,1,-1.3546758380244805,12482.817579406197,4613.011881859706,618,3242
3,1,-1.2708894551910253,12503.801553608711,4619.49520471604,657,3203
3,1,-1.2027402632556472,12478.31432734134,4611.619112235005,695,3165
3,1,-1.1178160561435215,12479.281018758687,4611.918133740969,734,3126
3,1,-1.049391728269892,12482.848211887806,4613.02135417901,772,3088
3,1,-1.0090440484433723,12481.001843205773,4612.45036988693,811,3049
3,1,-0.9523998743995448,12483.498222624647,4613.222348061022,849,3011
3,1,-0.8962798603058176,12478.71627258442,4611.7434466290515,888,2972
3,1,-0.8568231210541897,12480.922813055447,4612.4259281514105,927,2933
3,1,-0.8066849746872924,12485.359904279729,4613.797952373035,965,2895
3,1,-0.7765502791103138,12488.818136233054,4614.866958560426,1004,2856
3,1,-0.7285176570261738,12494.994333930306,4616.775404168997,1042,2818
3,1,-0.690286345950179,12488.714504212792,4614.83492820707,1081,2779
3,1,-0.6477688511172324,12485.486234280774,4613.837008622978,1120,2740
3,1,-0.5951559511027569,12478.03271508421,4611.531998258691,1158,2702
3,1,-0.5610140914008871,12480.764598065653,4612.376996374439,1197,2663
3,1,-0.526445862655498,12497.908882310156,4617.675672273097,1235,2625
3,1,-0.4849365765606378,12493.64260845165,4616.357801531068,1274,2586
3,1,-0.4423351679452795,12489.207152356905,4614.987192423658,1313,2547
3,1,-0.40304543229539014,12510.47493561166,4621.554768993552,1351,2509
3,1,-0.3700741532666932,12510.365569717907,4621.5210249352895,1390,2470
3,1,-0.3329175395041652,12520.621346062497,4624.684088304587,1428,2432
3,1,-0.2960872221517585,12515.726139830958,4623.174643182436,1467,2393
3,1,-0.27344611057695556,12511.049643039205,4621.732085980271,1506,2354
3,1,-0.24320783857895012,12520.439736949475,4624.628099369137,1544,2316
3,1,-0.21522892568011676,12525.531355242993,4626.197505227778,1583,2277
3,1,-0.19060114202093786,12535.148442836216,4629.160071305891,1621,2239
3,1,-0.14991537927850718,12539.042932118025,4630.359131209668,1660,2200
3,1,-0.12288377199306484,12540.469297330304,4630.79819634578,1698,2162
3,1,-0.09698507446101522,12544.17673357774,4631.939189445835,1737,2123
3,1,-0.0638138180391755,12543.31399458527,4631.673704742855,1776,2084
3,1,-0.03493310106013494,12547.317360660396,4632.9054787036075,1814,2046
3,1,0.0,12546.04806065433,4632.514977234767,1880,1980
3,1,0.014259833943413326,12545.438523296874,4632.327438390277,1891,1969
3,1,0.046274606026509846,12538.750415283132,4630.269082219543,1930,1930
3,1,0.06359654759323252,12540.454543947573,4630.793655200669,1969,1891
3,1,0.09839192907732416,12543.858912258514,4631.841390613787,2007,1853
3,1,0.12090254948730463,12543.838419949674,4631.835084709257,2046,1814
3,1,0.1568294067747396,12542.226890375805,4631.33915168136,2084,1776
3,1,0.18070855616057635,12541.722098036877,4631.183793493586,2123,1737
3,1,0.21130921972226868,12539.698473464092,4630.560926790671,2162,1698
3,1,0.23912208228362167,12532.88404498945,4628.462722942669,2200,1660
3,1,0.2709054936220265,12531.984326835904,4628.185609013908,2239,1621
3,1,0.30091878387089754,12529.589512332654,4627.447907218323,2277,1583
3,1,0.33170526859083266,12521.105484593661,4624.833341169068,2316,1544
3,1,0.3585435160218024,12523.699057636422,4625.632803745346,2354,1506
3,1,0.38968290523578314,12526.686327406536,4626.553417236121,2393,1467
3,1,0.415900206963487,12524.303811049165,4625.81919370912,2432,1428
3,1,0.4569099888233425,12535.961216632371,4629.41034398204,2470,1390
3,1,0.4959772314817739,12534.409870438649,4628.932632958568,2509,1351
3,1,0.5332941303284421,12526.316012395828,4626.439305887545,2547,1313
3,1,0.5686975279580176,12531.227796036677,4627.952581509567,2586,1274
3,1,0.6146783594549794,12531.497374896753,4628.03561911963,2625,1235
3,1,0.6571693960172094,12534.618126788993,4628.996765442081,2663,1197
3,1,0.6913157900963302,12545.019642549414,4632.1985543599685,2702,1158
3,1,0.7367728459018735,12541.504246012226,4631.1167439997425,2740,1120
3,1,0.7768813383868994,12544.489979480339,4632.0355779225865,2779,1081
3,1,0.8068590147782929,12545.456297131144,4632.332907067323,2818,1042
3,1,0.8561211739231992,12554.117754541976,4634.996954422397,2856,1004
3,1,0.8964178505773426,12552.653658926285,4634.5467643927905,2895,965
3,1,0.9308580614154667,12551.557136802952,4634.209563957915,2933,927
3,1,0.9895422223572032,12555.886625882005,4635.540788925996,2972,888
3,1,1.0300054798181086,12561.043682874544,4637.125874366472,3011,849
3,1,1.0710763770754794,12554.28000647051,4635.046841511977,3049,811
3,1,1.1384611329739254,12553.102701769369,4634.684844707885,3088,772
3,1,1.1968104955701255,12553.39939459469,4634.776074804487,3126,734
3,1,1.2680463170022065,12552.914149443832,4634.626865620171,3165,695
3,1,1.3257097216463023,12554.163894977975,4635.011141142575,3203,657
3,1,1.3913031325727445,12554.495192899176,4635.11300321107,3242,618
3,1,1.462688386223113,12562.902161364738,4637.696941270509,3281,579
3,2,-1.4442685856155595,12562.256406305492,4637.498525445788,579,3281
3,2,-1.3546758380244805,12561.685238584232,4637.323018955954,618,3242
3,2,-1.2708894551910253,12561.949979581485,4637.40436866833,657,3203
3,2,-1.2027402632556472,12561.732515733218,4637.337546421672,695,3165
3,2,-1.1178160561435215,12564.891950389694,4638.3082631890375,734,3126
3,2,-1.049391728269892,12565.112177635641,4638.375917548746,772,3088
3,2,-1.0090440484433723,12564.818915538986,4638.2858264387505,811,3049
3,2,-0.9523998743995448,12564.95547860819,4638.3277793380375,849,3011
3,2,-0.8962798603058176,12564.280110699297,4638.120298285167,888,2972
3,2,-0.8568231210541897,12563.063870208316,4637.746626614781,927,2933
3,2,-0.8066849746872924,12563.77586303879,4637.9653801353625,965,2895
3,2,-0.7765502791103138,12562.225616635456,4637.489064703374,1004,2856
3,2,-0.7285176570261738,12563.020922305539,4637.733430853796,1042,2818
3,2,-0.690286345950179,12561.329775343325,4637.2137893822555,1081,2779
3,2,-0.6477688511172324,12564.039937186222,4638.046511437599,1120,2740
3,2,-0.5951559511027569,12563.944940485842,4638.017325868979,1158,2702
3,2,-0.5610140914008871,12564.331607678818,4638.136119162435,1197,2663
3,2,-0.526445862655498,12564.087945727098,4638.061260882418,1235,2625
3,2,-0.4849365765606378,12563.813477725253,4637.976936571419,1274,2586
3,2,-0.4423351679452795,12565.3267291692,4638.441827175126,1313,2547
3,2,-0.40304543229539014,12563.095817340636,4637.756442355211,1351,2509
3,2,-0.3700741532666932,12560.835386358496,4637.061864461023,1390,2470
3,2,-0.3329175395041652,12560.543158560753,4636.972060527904,1428,2432
3,2,-0.2960872221517585,12546.54660961636,4632.668361053297,1467,2393
3,2,-0.27344611057695556,12546.167879562998,4632.551841335455,1506,2354
3,2,-0.24320783857895012,12549.439237682833,4633.558188171784,1544,2316
3,2,-0.21522892568011676,12547.559037405694,4632.979826329161,1583,2277
3,2,-0.19060114202093786,12548.85831774693,4633.379502669468,1621,2239
3,2,-0.14991537927850718,12548.897957655694,4633.391695795111,1660,2200
3,2,-0.12288377199306484,12548.600351883837,4633.300152146797,1698,2162
3,2,-0.09698507446101522,12551.01693018209,4634.043429795634,1737,2123
3,2,-0.0638138180391755,12548.625808296962,4633.307982634041,1776,2084
3,2,-0.03493310106013494,12546.855129019037,4632.763277231407,1814,2046
3,2,0.0,12534.327799634984,4628.907358985358,1880,1980
3,2,0.014259833943413326,12536.079969249744,4629.44690942158,1891,1969
3,2,0.046274606026509846,12522.275937760081,4625.194151009359,1930,1930
3,2,0.06359654759323252,12517.853744044653,4623.830766063998,1969,1891
3,2,0.09839192907732416,12516.557703761267,4623.431098949095,2007,1853
3,2,0.12090254948730463,12518.676448054492,4624.084446382698,2046,1814
3,2,0.1568294067747396,12529.280082000856,4627.352579607769,2084,1776
3,2,0.18070855616057635,12532.369598001056,4628.3042752841075,2123,1737
3,2,0.21130921972226868,12527.517772762656,4626.809612089724,2162,1698
3,2,0.23912208228362167,12528.612012262192,4627.146756294128,2200,1660
3,2,0.2709054936220265,12528.87090148258,4627.2265178882335,2239,1621
3,2,0.30091878387089754,12534.620134613962,4628.997383746019,2277,1583
3,2,0.33170526859083266,12531.408692983478,4628.008302879101,2316,1544
3,2,0.3585435160218024,12532.187340274575,4628.248139057486,2354,1506
3,2,0.38968290523578314,12527.879713399025,4626.921132240803,2393,1467
3,2,0.415900206963487,12528.912725441158,4627.239403343908,2432,1428
3,2,0.4569099888233425,12534.540360704352,4628.972817523217,2470,1390
3,2,0.4959772314817739,12531.165431526508,4627.933371292324,2509,1351
3,2,0.5332941303284421,12533.266631178289,4628.580553774224,2547,1313
3,2,0.5686975279580176,12533.444539375716,4628.6353456164725,2586,1274
3,2,0.6146783594549794,12540.67817837754,4630.862490122063,2625,1235
3,2,0.6571693960172094,12539.316437843127,4630.443325879929,2663,1197
3,2,0.6913157900963302,12535.832809522428,4629.370805411815,2702,1158
3,2,0.7367728459018735,12532.712849567766,4628.409996145018,2740,1120
3,2,0.7768813383868994,12530.25585503416,4627.6531824537215,2779,1081
3,2,0.8068590147782929,12525.411728144583,4626.16063950194,2818,1042
3,2,0.8561211739231992,12521.171071266788,4624.853560142188,2856,1004
3,2,0.8964178505773426,12525.898945636623,4626.310784102674,2895,965
3,2,0.9308580614154667,12524.752680405712,4625.957533108613,2933,927
3,2,0.9895422223572032,12519.97767097372,4624.485643703358,2972,888
3,2,1.0300054798181086,12525.973086166534,4626.333631293104,3011,849
3,2,1.0710763770754794,12503.75353445626,4619.480380881578,3049,811
3,2,1.1384611329739254,12505.267384264229,4619.947689080877,3088,772
3,2,1.1968104955701255,12496.441901516439,4617.222566215714,3126,734
3,2,1.2680463170022065,12492.618224357766,4616.041297782782,3165,695
3,2,1.3257097216463023,12497.692202256856,4617.608749697167,3203,657
3,2,1.3913031325727445,12507.785612257036,4620.724912084118,3242,618
3,2,1.462688386223113,12521.290997622262,4624.890530607062,3281,579
3,3,-1.4442685856155595,12551.85480379709,4634.3011048687795,579,3281
3,3,-1.3518565947943195,12553.622186239114,4634.844579604607,618,3242
3,3,-1.2684936314160526,12548.181332359261,4633.171257901681,657,3203
3,3,-1.1990151371735376,12551.209063237227,4634.1025188655085,695,3165
3,3,-1.1152880721871403,12569.982903519678,4639.871913651964,734,3126
3,3,-1.048332791565912,12569.859728472406,4639.834088778561,772,3088
3,3,-1.0088733897528053,12567.71785961653,4639.176299556451,811,3049
3,3,-0.9512599635671165,12565.792518849668,4638.584912578452,849,3011
3,3,-0.8952803984472915,12563.164224949902,4637.777460475006,888,2972
3,3,-0.8561001435860882,12563.57646532471,4637.904118195282,927,2933
3,3,-0.8054367913997035,12561.894603241079,4637.387352747597,965,2895
3,3,-0.7762357880665067,12560.416435234638,4636.933116789551,1004,2856
3,3,-0.7250910713002773,12564.638527491072,4638.230409574576,1042,2818
3,3,-0.689063831548832,12550.165011808598,4633.781417836953,1081,2779
3,3,-0.646198881103964,12550.844553234174,4633.990415797498,1120,2740
3,3,-0.5946228984850169,12551.139954266222,4634.081265027638,1158,2702
3,3,-0.5596505265950628,12552.80499835454,4634.593301697769,1197,2663
3,3,-0.5262703259779633,12547.670237738996,4633.014034686602,1235,2625
3,3,-0.4804383281752421,12548.852405346439,4633.377684028226,1274,2586
3,3,-0.44138517836454405,12545.892678205188,4632.467170948283,1313,2547
3,3,-0.4018554218056432,12551.277146594222,4634.123457170646,1351,2509
3,3,-0.36886352052040994,12552.14337988021,4634.38984799828,1390,2470
3,3,-0.3324118346759487,12550.12454398275,4633.768971302627,1428,2432
3,3,-0.2950223052985865,12546.322586958173,4632.599438886299,1467,2393
3,3,-0.2732219759759777,12547.8873354949,4633.080819202974,1506,2354
3,3,-0.24232682708194422,12550.918116680004,4634.013040097205,1544,2316
3,3,-0.21371575929727418,12554.747875461075,4635.190692107251,1583,2277
3,3,-0.18996034725579386,12558.859309571148,4636.454559594684,1621,2239
3,3,-0.14971714095093272,12555.486305007722,4635.417718110305,1660,2200
3,3,-0.12207299677806258,12556.123788836847,4635.61369818261,1698,2162
3,3,-0.0959338188545707,12558.909787140943,4636.470073983614,1737,2123
3,3,-0.06364570075428265,12558.903488941005,4636.4681382218105,1776,2084
3,3,-0.03383440826637684,12557.843607823055,4636.142368240375,1814,2046
3,3,0.0,12558.210983427549,4636.255289625245,1879,1981
3,3,0.014776657915577507,12559.961051688222,4636.793168216703,1891,1969
3,3,0.046433358847117995,12555.54066839025,4635.434431298243,1930,1930
3,3,0.06408187883135064,12555.230935561809,4635.33920772354,1969,1891
3,3,0.0996364565717821,12554.114561484768,4634.995972656682,2007,1853
3,3,0.12116469809412912,12552.969774941244,4634.6439703292235,2046,1814
3,3,0.15702307204106905,12556.41389787528,4635.7028823903065,2084,1776
3,3,0.18197055918707805,12551.129029672873,4634.077905257224,2123,1737
3,3,0.21153908311425407,12549.312346475333,4633.519158337227,2162,1698
3,3,0.23912208228362167,12553.931167900613,4634.939584418228,2200,1660
3,3,0.2709054936220265,12543.807027466199,4631.825424577025,2239,1621
3,3,0.30091878387089754,12550.186187571198,4633.78793076922,2277,1583
3,3,0.33170526859083266,12551.603946856801,4634.223959500155,2316,1544
3,3,0.3585435160218024,12557.59372603611,4636.065559408833,2354,1506
3,3,0.38968290523578314,12557.833334393035,4636.139210416681,2393,1467
3,3,0.415900206963487,12558.014353393242,4636.194851249472,2432,1428
3,3,0.4569099888233425,12558.08213706814,4636.215686094187,2470,1390
3,3,0.4959772314817739,12558.341308611198,4636.295347289452,2509,1351
3,3,0.5332941303284421,12557.31024641802,4635.978421402884,2547,1313
3,3,0.5686975279580176,12556.602274893783,4635.760791427312,2586,1274
3,3,0.6146783594549794,12554.614722331902,4635.149753507029,2625,1235
3,3,0.6571693960172094,12550.084170970717,4633.756553889829,2663,1197
3,3,0.6913157900963302,12551.273945998162,4634.122472864251,2702,1158
3,3,0.7367728459018735,12540.83184222339,4630.90978730987,2740,1120
3,3,0.7768813383868994,12543.080063154383,4631.601715494725,2779,1081
3,3,0.8068590147782929,12543.065840917727,4631.597338749592,2818,1042
3,3,0.8561211739231992,12540.673965804086,4630.861193498703,2856,1004
3,3,0.8964178505773426,12538.82564684615,4630.292241860851,2895,965
3,3,0.9308580614154667,12542.451053628149,4631.408139623401,2933,927
3,3,0.9895422223572032,12542.57823332625,4631.447279592429,2972,888
3,3,1.0300054798181086,12540.20704126049,4630.717472172647,3011,849
3,3,1.0710763770754794,12542.458948057718,4631.410569171535,3049,811
3,3,1.1384611329739254,12538.628456051829,4630.231537415897,3088,772
3,3,1.1968104955701255,12546.325001483401,4632.60018173875,3126,734
3,3,1.2680463170022065,12540.766626647044,4630.88971425711,3165,695
3,3,1.3257097216463023,12537.53695683122,4629.895506214568,3203,657
3,3,1.3913031325727445,12514.60384182257,4622.8284975009,3242,618
3,3,1.462688386223113,12511.274998864375,4621.801613771763,3281,579
3,4,-1.4442685856155595,12549.147460292654,4633.468441227887,579,3281
3,4,-1.3518565947943195,12554.661057582207,4635.16399956237,618,3242
3,4,-1.2684936314160526,12555.699280548655,4635.483193759412,657,3203
3,4,-1.1990151371735376,12549.317855037189,4633.520852696529,695,3165
3,4,-1.1152880721871403,12549.433912693621,4633.556550292806,734,3126
3,4,-1.048332791565912,12553.740594407562,4634.880987692084,772,3088
3,4,-1.0088733897528053,12555.717138654205,4635.488683874845,811,3049
3,4,-0.9512599635671165,12555.865404769349,4635.534265008848,849,3011
3,4,-0.8952803984472915,12560.725125130873,4637.027980551747,888,2972
3,4,-0.8561001435860882,12557.713226639484,4636.102291775265,927,2933
3,4,-0.8054367913997035,12557.569917949286,4636.058241183363,965,2895
3,4,-0.7762357880665067,12565.266336816021,4638.423274928256,1004,2856
3,4,-0.7250910713002773,12565.134585657619,4638.382801282571,1042,2818
3,4,-0.689063831548832,12565.415224592205,4638.469012391816,1081,2779
3,4,-0.646198881103964,12563.89829958964,4638.002996437072,1120,2740
3,4,-0.5946228984850169,12558.716333865465,4636.410615367598,1158,2702
3,4,-0.5596505265950628,12556.762027081582,4635.809900215565,1197,2663
3,4,-0.5262703259779633,12555.783418891471,4635.509060332657,1235,2625
3,4,-0.4804383281752421,12555.890597643418,4635.542009946629,1274,2586
3,4,-0.44138517836454405,12559.345282096718,4636.603921699136,1313,2547
3,4,-0.4018554218056432,12562.201217220783,4637.481567478363,1351,2509
3,4,-0.36886352052040994,12563.015885177212,4637.731883191067,1390,2470
3,4,-0.3324118346759487,12557.725363672751,4636.106022464518,1428,2432
3,4,-0.2950223052985865,12567.598170779685,4639.139538617407,1467,2393
3,4,-0.2732219759759777,12567.999726060794,4639.262869949454,1506,2354
3,4,-0.24232682708194422,12566.174774037561,4638.702333153466,1544,2316
3,4,-0.21371575929727418,12568.259555773104,4639.342670422413,1583,2277
3,4,-0.18996034725579386,12566.449475590922,4638.786713358691,1621,2239
3,4,-0.14971714095093272,12564.829726665914,4638.289147690913,1660,2200
3,4,-0.12207299677806258,12565.287022460154,4638.429629470888,1698,2162
3,4,-0.0959338188545707,12564.2629387279,4638.115022705961,1737,2123
3,4,-0.06364570075428265,12565.785469988561,4638.582747286333,1776,2084
3,4,-0.03383440826637684,12565.58555126528,4638.521335095869,1814,2046
3,4,0.0,12561.201242352687,4637.174291981017,1879,1981
3,4,0.014776657915577507,12560.591139550825,4636.986805612221,1891,1969
3,4,0.046433358847117995,12568.172955925087,4639.316073536544,1930,1930
3,4,0.06408187883135064,12568.18328381435,4639.319245488132,1969,1891
3,4,0.0996364565717821,12567.123019565679,4638.993598372246,2007,1853
3,4,0.12116469809412912,12566.516331779025,4638.807249326316,2046,1814
3,4,0.15702307204106905,12567.272230520091,4639.039428341761,2084,1776
3,4,0.18197055918707805,12565.504814278309,4638.496533563968,2123,1737
3,4,0.21153908311425407,12562.827597640586,4637.674031211539,2162,1698
3,4,0.23912208228362167,12561.414599313128,4637.239855047579,2200,1660
3,4,0.2709054936220265,12562.338807085212,4637.523844620645,2239,1621
3,4,0.30091878387089754,12562.078059287347,4637.44372443277,2277,1583
3,4,0.33170526859083266,12564.040893173478,4638.046805141749,2316,1544
3,4,0.3585435160218024,12564.785305502373,4638.275501187291,2354,1506
3,4,0.38968290523578314,12567.044528912578,4638.969489841867,2393,1467
3,4,0.415900206963487,12565.956854606588,4638.63539342738,2432,1428
3,4,0.4569099888233425,12567.740328352102,4639.183200510367,2470,1390
3,4,0.4959772314817739,12567.44892599869,4639.093699446911,2509,1351
3,4,0.5332941303284421,12564.225353794684,4638.103475824149,2547,1313
3,4,0.5686975279580176,12564.732478646496,4638.259272331216,2586,1274
3,4,0.6146783594549794,12562.260910808825,4637.4999095426565,2625,1235
3,4,0.6578851968977814,12562.432703888931,4637.552695960623,2663,1197
3,4,0.6916210914940838,12563.934646608703,4638.014163296855,2702,1158
3,4,0.7376728753458554,12559.76614873918,4636.733269048426,2740,1120
3,4,0.7770723058554525,12554.360973823876,4635.071736048024,2779,1081
3,4,0.8073521063973877,12556.561967609774,4635.7484006258355,2818,1042
3,4,0.8575298749670094,12558.729191493265,4636.4145672378845,2856,1004
3,4,0.8976121566053823,12555.512754697687,4635.425849670744,2895,965
3,4,0.9316025270031019,12557.385502632034,4636.001554391554,2933,927
3,4,0.9898754586020173,12551.352434989709,4634.146611175739,2972,888
3,4,1.030273649108347,12552.611412607846,4634.5337734294435,3011,849
3,4,1.0726674269262,12540.456092025634,4630.794131705003,3049,811
3,4,1.1392275017854465,12540.721334629641,4630.875773522218,3088,772
3,4,1.1998969720980641,12544.848877225899,4632.146010908156,3126,734
3,4,1.2704071513054331,12547.697917524496,4633.022549721836,3165,695
3,4,1.3317083659910738,12550.911287218683,4634.010939714776,3203,657
3,4,1.391422701120686,12543.28641975681,4631.665219030475,3242,618
3,4,1.4642760127042185,12546.59636012664,4632.683666985274,3281,579
3,5,-1.446499984133564,12555.694622030165,4635.4817615902975,579,3281
3,5,-1.3546758380244805,12556.076480802205,4635.599154732673,618,3242
3,5,-1.2708894551910253,12563.885394144716,4637.999031501843,657,3203
3,5,-1.2027402632556472,12560.415009289292,4636.93267857563,695,3165
3,5,-1.1178160561435215,12560.772453119567,4637.042524751255,734,3126
3,5,-1.049391728269892,12557.78052143663,4636.122976848758,772,3088
3,5,-1.0090440484433723,12556.661484032169,4635.778992747249,811,3049
3,5,-0.9523998743995448,12559.377240847505,4636.613743916641,849,3011
3,5,-0.8962798603058176,12560.34011037365,4636.909660970227,888,2972
3,5,-0.8568231210541897,12560.722036407558,4637.027031365028,927,2933
3,5,-0.8066849746872924,12564.657494784653,4638.236236538702,965,2895
3,5,-0.7765502791103138,12566.404786420284,4638.772986290776,1004,2856
3,5,-0.7285176570261738,12569.203345995364,4639.632519105542,1042,2818
3,5,-0.690286345950179,12572.18712236275,4640.548727526605,1081,2779
3,5,-0.6477688511172324,12572.46806648191,4640.634983972905,1120,2740
3,5,-0.5951559511027569,12570.440523956113,4640.012437528973,1158,2702
3,5,-0.5610140914008871,12570.880333112069,4640.147487183031,1197,2663
3,5,-0.526445862655498,12571.296473571607,4640.275264677106,1235,2625
3,5,-0.4849365765606378,12572.922903153223,4640.774625432732,1274,2586
3,5,-0.4423351679452795,12571.282350845024,4640.270928310101,1313,2547
3,5,-0.40304543229539014,12568.45580457559,4639.402942448153,1351,2509
3,5,-0.3700741532666932,12569.442704613484,4639.706025392565,1390,2470
3,5,-0.3329175395041652,12569.093575866833,4639.59880857237,1428,2432
3,5,-0.2960872221517585,12564.83472407623,4638.2906829285885,1467,2393
3,5,-0.27344611057695556,12565.00372123644,4638.3425996203605,1506,2354
3,5,-0.24320783857895012,12562.97877074016,4637.720479723941,1544,2316
3,5,-0.21522892568011676,12563.034979463968,4637.737749926534,1583,2277
3,5,-0.19060114202093786,12566.604821585961,4638.834430244491,1621,2239
3,5,-0.14991537927850718,12566.39259966491,4638.7692429051895,1660,2200
3,5,-0.12288377199306484,12567.254699893369,4639.034043858548,1698,2162
3,5,-0.0959338188545707,12565.425705787966,4638.472232134104,1737,2123
3,5,-0.06364570075428265,12558.827970652419,4636.444927479677,1776,2084
3,5,-0.03383440826637684,12554.778508754229,4635.200110406087,1814,2046
3,5,0.0,12558.396583017122,4636.3123366937125,1879,1981
3,5,0.014776657915577507,12557.17338993255,4635.9363527669875,1891,1969
3,5,0.046433358847117995,12556.634709296432,4635.770762009304,1930,1930
3,5,0.06408187883135064,12560.833466375692,4637.061274441812,1969,1891
3,5,0.0996364565717821,12557.5741070584,4636.059528849575,2007,1853
3,5,0.12116469809412912,12556.033425609763,4635.585918645109,2046,1814
3,5,0.15702307204106905,12552.8987678125,4634.622135791494,2084,1776
3,5,0.18197055918707805,12553.02776946203,4634.66180342666,2123,1737
3,5,0.21153908311425407,12551.578865713136,4634.21624627787,2162,1698
3,5,0.23912208228362167,12551.157713158169,4634.086726625124,2200,1660
3,5,0.2709054936220265,12556.730241597805,4635.800129215493,2239,1621
3,5,0.30091878387089754,12556.812634704744,4635.825457174543,2277,1583
3,5,0.33170526859083266,12555.059042726738,4635.286360357463,2316,1544
3,5,0.3585435160218024,12557.738458139589,4636.110047446286,2354,1506
3,5,0.38968290523578314,12555.681319455613,4635.477671974668,2393,1467
3,5,0.415900206963487,12556.333214041255,4635.678079082412,2432,1428
3,5,0.4569099888233425,12558.278399631185,4636.276011195211,2470,1390
3,5,0.4959772314817739,12555.813412176438,4635.5182810987235,2509,1351
3,5,0.5332941303284421,12556.795001700008,4635.820036734814,2547,1313
3,5,0.5686975279580176,12565.748069371419,4638.571258422596,2586,1274
3,5,0.6146783594549794,12567.119479332141,4638.992510987062,2625,1235
3,5,0.6578851968977814,12565.957847568108,4638.635698444448,2663,1197
3,5,0.6916210914940838,12566.247574183155,4638.72469538804,2702,1158
3,5,0.7376728753458554,12567.219451353223,4639.023217344802,2740,1120
3,5,0.7770723058554525,12560.232562895057,4636.87660971198,2779,1081
3,5,0.8073521063973877,12557.144799813184,4635.927564325278,2818,1042
3,5,0.8575298749670094,12554.181671862007,4635.016606956495,2856,1004
3,5,0.8976121566053823,12553.954570860418,4634.94678019933,2895,965
3,5,0.9316025270031019,12554.527925414963,4635.123067123978,2933,927
3,5,0.9898754586020173,12555.241044302411,4635.342315569443,2972,888
3,5,1.030273649108347,12551.78740233416,4634.280377227366,3011,849
3,5,1.0726674269262,12547.536285020075,4632.972827016557,3049,811
3,5,1.1392275017854465,12549.246882910196,4633.499022570937,3088,772
3,5,1.1998969720980641,12546.895330249912,4632.775644992171,3126,734
3,5,1.2704071513054331,12551.104087617976,4634.070234518812,3165,695
3,5,1.3317083659910738,12557.567702395765,4636.057560156906,3203,657
3,5,1.391422701120686,12555.658890796618,4635.470776713563,3242,618
3,5,1.4642760127042185,12555.027485227989,4635.276658125252,3281,579
4,1,-1.4442685856155595,12505.461649958057,4636.5244975180285,579,3281
4,1,-1.3546758380244805,12481.929225554364,4629.254015737377,618,3242
4,1,-1.2708894551910253,12502.235212309159,4635.52848021484,657,3203
4,1,-1.2027402632556472,12476.104709330768,4627.452380793704,695,3165
4,1,-1.1178160561435215,12474.416861014777,4626.930139646054,734,3126
4,1,-1.049391728269892,12477.151717288098,4627.776302501441,772,3088
4,1,-1.0090440484433723,12476.805829452422,4627.669295262745,811,3049
4,1,-0.9523998743995448,12478.636411296651,4628.2355882471165,849,3011
4,1,-0.8962798603058176,12471.984264030034,4626.177339725633,888,2972
4,1,-0.8568231210541897,12474.341821846821,4626.906919958696,927,2933
4,1,-0.8066849746872924,12478.529822417073,4628.202617109982,965,2895
4,1,-0.7765502791103138,12481.584900580643,4629.1475327805365,1004,2856
4,1,-0.7285176570261738,12485.163927846845,4630.254208338263,1042,2818
4,1,-0.690286345950179,12478.328633145757,4628.140382467056,1081,2779
4,1,-0.6477688511172324,12475.49408137736,4627.263453108517,1120,2740
4,1,-0.5951559511027569,12470.594133739949,4625.747079241755,1158,2702
4,1,-0.5610140914008871,12472.80277888689,4626.4306565684,1197,2663
4,1,-0.526445862655498,12489.595892440295,4631.624182154499,1235,2625
4,1,-0.4849365765606378,12487.5407608271,4630.988976593915,1274,2586
4,1,-0.4423351679452795,12482.369114155865,4629.390047600067,1313,2547
4,1,-0.40304543229539014,12501.684622467883,4635.358484725995,1351,2509
4,1,-0.3700741532666932,12500.727675109803,4635.063007892799,1390,2470
4,1,-0.3329175395041652,12515.548042099499,4639.6365602408405,1428,2432
4,1,-0.2960872221517585,12512.724392755401,4638.765602283769,1467,2393
4,1,-0.27344611057695556,12509.34992552791,4637.724486074825,1506,2354
4,1,-0.24320783857895012,12518.564464448189,4640.566762205801,1544,2316
4,1,-0.21522892568011676,12523.327734205066,4642.035199282154,1583,2277
4,1,-0.19060114202093786,12531.11516786242,4644.434733369015,1621,2239
4,1,-0.14991537927850718,12535.3226215585,4645.730551431065,1660,2200
4,1,-0.12288377199306484,12536.904361304058,4646.217585584842,1698,2162
4,1,-0.09698507446101522,12540.729793537641,4647.395222075189,1737,2123
4,1,-0.0638138180391755,12540.276482818259,4647.255691838027,1776,2084
4,1,-0.03493310106013494,12544.11873944151,4648.438188808779,1814,2046
4,1,0.0,12542.988533956952,4648.090393176082,1880,1980
4,1,0.014259833943413326,12542.12150855032,4647.823564123688,1891,1969
4,1,0.046274606026509846,12536.305985415866,4646.033346638418,1930,1930
4,1,0.06359654759323252,12537.456085471324,4646.387452751784,1969,1891
4,1,0.09839192907732416,12541.649316004228,4647.678238028908,2007,1853
4,1,0.12090254948730463,12541.28175027049,4647.565109006739,2046,1814
4,1,0.1568294067747396,12539.71227501384,4647.082020139331,2084,1776
4,1,0.18070855616057635,12539.530663499798,4647.026115705059,2123,1737
4,1,0.21130921972226868,12537.779893543742,4646.487144667795,2162,1698
4,1,0.23912208228362167,12531.071220863603,4644.421196208863,2200,1660
4,1,0.2709054936220265,12530.490916255974,4644.242438334666,2239,1621
4,1,0.30091878387089754,12527.96053281855,4643.462878582421,2277,1583
4,1,0.33170526859083266,12518.611402911252,4640.58123528123,2316,1544
4,1,0.3585435160218024,12519.593648522623,4640.88408990312,2354,1506
4,1,0.38968290523578314,12524.089645972486,4642.27003222948,2393,1467
4,1,0.415900206963487,12521.857086724944,4641.581882660985,2432,1428
4,1,0.4569099888233425,12533.187467101754,4645.073017641156,2470,1390
4,1,0.4959772314817739,12532.202269882666,4644.769582401765,2509,1351
4,1,0.5332941303284421,12523.46336182336,4642.077002849295,2547,1313
4,1,0.5686975279580176,12529.285367149729,4643.871052772316,2586,1274
4,1,0.6146783594549794,12528.876272946118,4643.745017698493,2625,1235
4,1,0.6571693960172094,12530.049336987355,4644.106408068774,2663,1197
4,1,0.6913157900963302,12535.027418089194,4645.639648401009,2702,1158
4,1,0.7367728459018735,12532.86185071652,4644.9727322526505,2740,1120
4,1,0.7768813383868994,12535.60036449843,4645.8160758251015,2779,1081
4,1,0.8068590147782929,12535.334003062793,4645.73405613437,2818,1042
4,1,0.8561211739231992,12543.012699636376,4648.097829955001,2856,1004
4,1,0.8964178505773426,12545.085891320325,4648.73578343635,2895,965
4,1,0.9308580614154667,12543.67377384274,4648.3012642698395,2933,927
4,1,0.9895422223572032,12551.226231485336,4650.624643711431,2972,888
4,1,1.0300054798181086,12558.945392569001,4652.997862275417,3011,849
4,1,1.0710763770754794,12551.681837627357,4650.764758131923,3049,811
4,1,1.1384611329739254,12549.837259583623,4650.197456110556,3088,772
4,1,1.1968104955701255,12551.699083576314,4650.770061749248,3126,734
4,1,1.2680463170022065,12550.835592726868,4650.50450492615,3165,695
4,1,1.3257097216463023,12550.868001124536,4650.514472091489,3203,657
4,1,1.3913031325727445,12552.489515990306,4651.013134263376,3242,618
4,1,1.462688386223113,12561.516380379697,4653.787976173295,3281,579
4,2,-1.4442685856155595,12561.526591423903,4653.791113900732,579,3281
4,2,-1.3546758380244805,12561.183970683329,4653.6858293968635,618,3242
4,2,-1.2708894551910253,12560.708944267757,4653.539852979358,657,3203
4,2,-1.2027402632556472,12559.938356122104,4653.303038202446,695,3165
4,2,-1.1178160561435215,12561.40996687799,4653.755276470169,734,3126
4,2,-1.049391728269892,12562.786141190814,4654.178138386225,772,3088
4,2,-1.0090440484433723,12560.09220996349,4653.350321252217,811,3049
4,2,-0.9523998743995448,12561.241135237597,4653.703395788527,849,3011
4,2,-0.8962798603058176,12561.527241928814,4653.79131379275,888,2972
4,2,-0.8568231210541897,12559.022070222081,4653.021429129809,927,2933
4,2,-0.8066849746872924,12558.767781541916,4652.943273025208,965,2895
4,2,-0.7765502791103138,12554.97304744387,4651.776766304472,1004,2856
4,2,-0.7285176570261738,12552.244152382078,4650.9376820765265,1042,2818
4,2,-0.690286345950179,12554.032291704949,4651.487522098667,1081,2779
4,2,-0.6477688511172324,12551.966478933462,4650.85229245584,1120,2740
4,2,-0.5951559511027569,12552.74960305851,4651.093112476572,1158,2702
4,2,-0.5610140914008871,12556.366638317293,4652.205199103697,1197,2663
4,2,-0.526445862655498,12554.647300366909,4651.676614753016,1235,2625
4,2,-0.4849365765606378,12552.701957897418,4651.078461449773,1274,2586
4,2,-0.4423351679452795,12559.443507382744,4653.150955150042,1313,2547
4,2,-0.40304543229539014,12561.182529429545,4653.685386505496,1351,2509
4,2,-0.3700741532666932,12557.924648423505,4652.684123151286,1390,2470
4,2,-0.3329175395041652,12557.907174722664,4652.678752157746,1428,2432
4,2,-0.2960872221517585,12545.414071619354,4648.836759977765,1467,2393
4,2,-0.27344611057695556,12545.152647271047,4648.7563235336,1506,2354
4,2,-0.24320783857895012,12548.318209524698,4649.730207970204,1544,2316
4,2,-0.21522892568011676,12546.118568774218,4649.053515092526,1583,2277
4,2,-0.19060114202093786,12547.083836924818,4649.350482773487,1621,2239
4,2,-0.14991537927850718,12546.947165037887,4649.308436640404,1660,2200
4,2,-0.12288377199306484,12547.248583081899,4649.401165147157,1698,2162
4,2,-0.09698507446101522,12550.228548148903,4650.317804309934,1737,2123
4,2,-0.0638138180391755,12547.6590070102,4649.527424736492,1776,2084
4,2,-0.03493310106013494,12545.988301259247,4649.013436145757,1814,2046
4,2,0.0,12533.011599448706,4645.018853135483,1880,1980
4,2,0.014259833943413326,12534.647578548382,4645.522679941878,1891,1969
4,2,0.046274606026509846,12521.107972270947,4641.350952993793,1930,1930
4,2,0.06359654759323252,12516.82016644495,4640.028884285995,1969,1891
4,2,0.09839192907732416,12515.494354706023,4639.62000213387,2007,1853
4,2,0.12090254948730463,12517.752458198378,4640.31637840254,2046,1814
4,2,0.1568294067747396,12528.51049761321,4643.63232495858,2084,1776
4,2,0.18070855616057635,12531.456701922742,4644.53993577839,2123,1737
4,2,0.21130921972226868,12526.527222052271,4643.021234784472,2162,1698
4,2,0.23912208228362167,12527.604625264517,4643.353218061895,2200,1660
4,2,0.2709054936220265,12528.102470222844,4643.50661078253,2239,1621
4,2,0.30091878387089754,12533.953851738994,4645.309043334157,2277,1583
4,2,0.33170526859083266,12530.751084386693,4644.3225819272775,2316,1544
4,2,0.3585435160218024,12531.537563922593,4644.564843202947,2354,1506
4,2,0.38968290523578314,12526.8842223995,4643.13124146707,2393,1467
4,2,0.415900206963487,12528.020307689389,4643.481295822034,2432,1428
4,2,0.4569099888233425,12533.886665995615,4645.288352523614,2470,1390
4,2,0.4959772314817739,12530.133965989702,4644.132478743924,2509,1351
4,2,0.5332941303284421,12531.907232003132,4644.678707741728,2547,1313
4,2,0.5686975279580176,12532.334476883629,4644.810302805168,2586,1274
4,2,0.6146783594549794,12539.517238761418,4647.021983212444,2625,1235
4,2,0.6571693960172094,12537.982096809006,4646.549396383556,2663,1197
4,2,0.6913157900963302,12533.425007866226,4645.146175300717,2702,1158
4,2,0.7367728459018735,12530.611000545741,4644.279429952996,2740,1120
4,2,0.7768813383868994,12526.153263357315,4642.9059991661925,2779,1081
4,2,0.8068590147782929,12522.502088033452,4641.7807062790325,2818,1042
4,2,0.8561211739231992,12518.003295121562,4640.393726219243,2856,1004
4,2,0.8964178505773426,12523.165883320158,4641.985312505563,2895,965
4,2,0.9308580614154667,12520.517468718259,4641.1689086038095,2933,927
4,2,0.9895422223572032,12515.789511736733,4639.711032713418,2972,888
4,2,1.0300054798181086,12522.149286570566,4641.671955422295,3011,849
4,2,1.0710763770754794,12501.103774726385,4635.17913894688,3049,811
4,2,1.1384611329739254,12502.141742041218,4635.499621648605,3088,772
4,2,1.1968104955701255,12493.16473047632,4632.726999823106,3126,734
4,2,1.2680463170022065,12489.066643596685,4631.4606105034,3165,695
4,2,1.3257097216463023,12494.401510087315,4633.109107408645,3203,657
4,2,1.3913031325727445,12504.76684382823,4636.310029132625,3242,618
4,2,1.462688386223113,12517.760953454097,4640.318998016248,3281,579
4,3,-1.4442685856155595,12550.804954795103,4650.495082241892,579,3281
4,3,-1.3518565947943195,12551.619469723955,4650.7455781759345,618,3242
4,3,-1.2684936314160526,12547.506062137061,4649.480374461375,657,3203
4,3,-1.1990151371735376,12549.807435203102,4650.188282904304,695,3165
4,3,-1.1152880721871403,12565.894398726385,4655.133053160156,734,3126
4,3,-1.048332791565912,12566.341812865663,4655.270487693499,772,3088
4,3,-1.0088733897528053,12564.916755256367,4654.8327282901755,811,3049
4,3,-0.9512599635671165,12563.894044475186,4654.518534065148,849,3011
4,3,-0.8952803984472915,12559.582060420385,4653.193537592091,888,2972
4,3,-0.8561001435860882,12560.962049525804,4653.617633338501,927,2933
4,3,-0.8054367913997035,12558.674060991436,4652.914467438468,965,2895
4,3,-0.7762357880665067,12558.974356664876,4653.006764398777,1004,2856
4,3,-0.7250910713002773,12563.998495444876,4654.550624360214,1042,2818
4,3,-0.689063831548832,12549.389989655885,4650.059885188224,1081,2779
4,3,-0.646198881103964,12550.012422850976,4650.2513313504915,1120,2740
4,3,-0.5946228984850169,12550.39588082677,4650.369269494666,1158,2702
4,3,-0.5596505265950628,12551.966077089419,4650.852168880141,1197,2663
4,3,-0.5262703259779633,12546.653478398775,4649.218084487029,1235,2625
4,3,-0.4804383281752421,12547.138020583945,4649.36715186372,1274,2586
4,3,-0.44138517836454405,12543.870975141703,4648.361947530928,1313,2547
4,3,-0.4018554218056432,12550.136142540425,4650.289383555644,1351,2509
4,3,-0.36886352052040994,12550.327783911593,4650.348325549297,1390,2470
4,3,-0.3324118346759487,12547.452364892193,4649.463855496755,1428,2432
4,3,-0.2950223052985865,12543.350496993848,4648.20178267144,1467,2393
4,3,-0.2732219759759777,12543.764682797178,4648.32923911189,1506,2354
4,3,-0.24232682708194422,12548.451431289914,4649.771188225519,1544,2316
4,3,-0.21371575929727418,12551.114771999506,4650.590365345501,1583,2277
4,3,-0.18996034725579386,12554.861615275673,4651.7425065672,1621,2239
4,3,-0.14971714095093272,12552.249933067076,4650.939459721916,1660,2200
4,3,-0.12207299677806258,12554.234949556803,4651.549832994171,1698,2162
4,3,-0.0959338188545707,12555.445555695042,4651.922035236748,1737,2123
4,3,-0.06364570075428265,12556.029075140847,4652.101426140254,1776,2084
4,3,-0.03383440826637684,12554.936177109563,4651.765430581259,1814,2046
4,3,0.0,12556.291340094911,4652.182051323909,1879,1981
4,3,0.014776657915577507,12557.966946488315,4652.697124523709,1891,1969
4,3,0.046433358847117995,12553.589800728401,4651.351466588243,1930,1930
4,3,0.06408187883135064,12553.31229355926,4651.266137249808,1969,1891
4,3,0.0996364565717821,12552.190206705334,4650.921092950537,2007,1853
4,3,0.12116469809412912,12549.757708115854,4650.172988092967,2046,1814
4,3,0.15702307204106905,12553.680857652242,4651.37946483073,2084,1776
4,3,0.18197055918707805,12548.958973015257,4649.927308799597,2123,1737
4,3,0.21153908311425407,12546.82640052888,4649.271283917753,2162,1698
4,3,0.23912208228362167,12551.09169698349,4650.583268793098,2200,1660
4,3,0.2709054936220265,12536.765362179623,4646.174788768401,2239,1621
4,3,0.30091878387089754,12542.97587795619,4648.086498395547,2277,1583
4,3,0.33170526859083266,12541.53734412845,4647.643775785624,2316,1544
4,3,0.3585435160218024,12544.628432009516,4648.595025122631,2354,1506
4,3,0.38968290523578314,12545.212420450049,4648.774715013382,2393,1467
4,3,0.415900206963487,12545.40061509852,4648.832619644256,2432,1428
4,3,0.4569099888233425,12544.116913564792,4648.437626961049,2470,1390
4,3,0.4959772314817739,12545.86429936158,4648.975284532751,2509,1351
4,3,0.5332941303284421,12548.632622524286,4649.826923637904,2547,1313
4,3,0.5686975279580176,12548.121862178967,4649.669808905446,2586,1274
4,3,0.6146783594549794,12547.755887612138,4649.557227720428,2625,1235
4,3,0.6571693960172094,12544.434176385937,4648.535251928333,2663,1197
4,3,0.6913157900963302,12548.409699669148,4649.758351237235,2702,1158
4,3,0.7367728459018735,12539.299401137087,4646.954926361874,2740,1120
4,3,0.7768813383868994,12541.213031850493,4647.543958550736,2779,1081
4,3,0.8068590147782929,12541.004249631349,4647.479697934788,2818,1042
4,3,0.8561211739231992,12539.087093035701,4646.88957054071,2856,1004
4,3,0.8964178505773426,12536.796034355808,4646.184232548501,2895,965
4,3,0.9308580614154667,12539.817680907587,4647.114466261772,2933,927
4,3,0.9895422223572032,12539.685869032055,4647.073891787199,2972,888
4,3,1.0300054798181086,12538.70672633279,4646.772477666918,3011,849
4,3,1.0710763770754794,12541.415959633294,4647.606416217504,3049,811
4,3,1.1384611329739254,12537.624160193409,4646.439198821658,3088,772
4,3,1.1968104955701255,12545.681155936723,4648.918936180577,3126,734
4,3,1.2680463170022065,12539.851420932002,4647.124852084147,3165,695
4,3,1.3257097216463023,12536.639448890859,4646.136020575705,3203,657
4,3,1.3913031325727445,12510.525913289213,4638.087342612662,3242,618
4,3,1.462688386223113,12504.538270390258,4636.239471916695,3281,579
4,4,-1.4442685856155595,12542.91720762659,4648.068443031007,579,3281
4,4,-1.3518565947943195,12548.280392947716,4649.718575159761,618,3242
4,4,-1.2684936314160526,12550.573438829138,4650.423878851017,657,3203
4,4,-1.1990151371735376,12545.148664016997,4648.7550979316875,695,3165
4,4,-1.1152880721871403,12544.314479022545,4648.498420133408,734,3126
4,4,-1.048332791565912,12548.525906192437,4649.794097209327,772,3088
4,4,-1.0088733897528053,12551.45382414707,4650.694636849405,811,3049
4,4,-0.9512599635671165,12551.394242181548,4650.676313320035,849,3011
4,4,-0.8952803984472915,12556.556782342346,4652.263651552616,888,2972
4,4,-0.8561001435860882,12553.830044791013,4651.425336550783,927,2933
4,4,-0.8054367913997035,12552.693371172974,4651.075821000904,965,2895
4,4,-0.7762357880665067,12561.3301056538,4653.73073580904,1004,2856
4,4,-0.7250910713002773,12561.050970859078,4653.644958883326,1042,2818
4,4,-0.689063831548832,12561.689331545487,4653.841121580581,1081,2779
4,4,-0.646198881103964,12559.636749780588,4653.210345513704,1120,2740
4,4,-0.5946228984850169,12554.36156546583,4651.588762880878,1158,2702
4,4,-0.5596505265950628,12551.740686452245,4650.78285578087,1197,2663
4,4,-0.5262703259779633,12550.095575256044,4650.276906402487,1235,2625
4,4,-0.4804383281752421,12551.356231525793,4650.6646236742035,1274,2586
4,4,-0.44138517836454405,12555.683786906833,4651.995275469395,1313,2547
4,4,-0.4018554218056432,12558.534698124009,4652.871633007824,1351,2509
4,4,-0.36886352052040994,12559.091334939809,4653.042717496981,1390,2470
4,4,-0.3324118346759487,12554.157170023402,4651.5259183605685,1428,2432
4,4,-0.2950223052985865,12563.87895900872,4654.513899360707,1467,2393
4,4,-0.2732219759759777,12564.285044710166,4654.638659037339,1506,2354
4,4,-0.24232682708194422,12562.184903766447,4653.993399748768,1544,2316
4,4,-0.21371575929727418,12564.258671597818,4654.630556680528,1583,2277
4,4,-0.18996034725579386,12562.845791483953,4654.196466293928,1621,2239
4,4,-0.14971714095093272,12561.10876221519,4653.662718075766,1660,2200
4,4,-0.12207299677806258,12561.79671968759,4653.87412004486,1698,2162
4,4,-0.0959338188545707,12560.704339224107,4653.53843781467,1737,2123
4,4,-0.06364570075428265,12562.226836102254,4654.006284334317,1776,2084
4,4,-0.03383440826637684,12561.96834819562,4653.926857844248,1814,2046
4,4,0.0,12557.179901197534,4652.455199215301,1879,1981
4,4,0.014776657915577507,12556.553774365346,4652.262726872959,1891,1969
4,4,0.046433358847117995,12564.074723867498,4654.574043721401,1930,1930
4,4,0.06408187883135064,12564.188407180378,4654.608969938579,1969,1891
4,4,0.0996364565717821,12563.042997544202,4654.257058410605,2007,1853
4,4,0.12116469809412912,12562.403251075626,4654.0604910466045,2046,1814
4,4,0.15702307204106905,12563.095063953515,4654.273055802601,2084,1776
4,4,0.18197055918707805,12561.303727166702,4653.722629894599,2123,1737
4,4,0.21153908311425407,12558.649877208736,4652.9070343694475,2162,1698
4,4,0.23912208228362167,12557.130399003596,4652.4399825148375,2200,1660
4,4,0.2709054936220265,12558.013112935436,4652.7113148905955,2239,1621
4,4,0.30091878387089754,12557.714750380092,4652.61960506877,2277,1583
4,4,0.33170526859083266,12559.65227043994,4653.2151155328775,2316,1544
4,4,0.3585435160218024,12560.216106495138,4653.388397266743,2354,1506
4,4,0.38968290523578314,12562.4405982895,4654.071966560356,2393,1467
4,4,0.415900206963487,12561.397025984443,4653.75129985648,2432,1428
4,4,0.4569099888233425,12562.850528451545,4654.197921751693,2470,1390
4,4,0.4959772314817739,12562.604161367763,4654.122223464425,2509,1351
4,4,0.5332941303284421,12559.128743006375,4653.054214739739,2547,1313
4,4,0.5686975279580176,12560.350247425737,4653.429621177447,2586,1274
4,4,0.6146783594549794,12557.820239966724,4652.652030402696,2625,1235
4,4,0.6578851968977814,12558.322853395068,4652.806519714726,2663,1197
4,4,0.6916210914940838,12559.799997842134,4653.260516823189,2702,1158
4,4,0.7376728753458554,12556.003213262029,4652.093475620672,2740,1120
4,4,0.7770723058554525,12550.39231014119,4650.3681712943835,2779,1081
4,4,0.8073521063973877,12552.573937861685,4651.039094637794,2818,1042
4,4,0.8575298749670094,12554.836245550738,4651.734706621633,2856,1004
4,4,0.8976121566053823,12551.29456809716,4650.645659873415,2895,965
4,4,0.9316025270031019,12553.430046543885,4651.302344776417,2933,927
4,4,0.9898754586020173,12547.22239295936,4649.393108083663,2972,888
4,4,1.030273649108347,12548.84458463998,4649.892123319916,3011,849
4,4,1.0726674269262,12535.293590506568,4645.721611893279,3049,811
4,4,1.1392275017854465,12535.639635937609,4645.828168386557,3088,772
4,4,1.1998969720980641,12539.84523313848,4647.122947365495,3126,734
4,4,1.2704071513054331,12543.874219863445,4648.36294599658,3165,695
4,4,1.3317083659910738,12546.621663489119,4649.208296561732,3203,657
4,4,1.391422701120686,12536.56695523698,4646.113699896054,3242,618
4,4,1.4642760127042185,12541.372270370302,4647.592969502282,3281,579
4,5,-1.446499984133564,12555.133347479528,4651.8260498979325,579,3281
4,5,-1.3546758380244805,12555.453487130322,4651.9244736472665,618,3242
4,5,-1.2708894551910253,12563.29387578371,4654.33414008068,657,3203
4,5,-1.2027402632556472,12559.340717489671,4653.119363733536,695,3165
4,5,-1.1178160561435215,12558.445901746767,4652.844340394782,734,3126
4,5,-1.049391728269892,12553.554006253486,4651.340460424082,772,3088
4,5,-1.0090440484433723,12553.911726360186,4651.450451581824,811,3049
4,5,-0.9523998743995448,12556.019153600257,4652.098376038859,849,3011
4,5,-0.8962798603058176,12557.498573198995,4652.553155788941,888,2972
4,5,-0.8568231210541897,12557.798105551581,4652.6452267603345,927,2933
4,5,-0.8066849746872924,12562.109065839682,4653.970096853358,965,2895
4,5,-0.7765502791103138,12562.616843679747,4654.126120244018,1004,2856
4,5,-0.7285176570261738,12565.005518328027,4654.859996616187,1042,2818
4,5,-0.690286345950179,12569.62198287083,4656.2779251957745,1081,2779
4,5,-0.6477688511172324,12570.63463553358,4656.5888877559155,1120,2740
4,5,-0.5951559511027569,12569.316795144441,4656.184204085721,1158,2702
4,5,-0.5610140914008871,12569.639161332572,4656.2832005188575,1197,2663
4,5,-0.526445862655498,12570.526762197127,4656.555763504244,1235,2625
4,5,-0.4849365765606378,12572.223069024163,4657.076609028798,1274,2586
4,5,-0.4423351679452795,12570.601452611816,4656.578698433674,1313,2547
4,5,-0.40304543229539014,12567.755532314255,4655.704715109934,1351,2509
4,5,-0.3700741532666932,12568.706817507396,4655.996877212634,1390,2470
4,5,-0.3329175395041652,12567.971722557202,4655.771114170469,1428,2432
4,5,-0.2960872221517585,12563.908881792993,4654.523092525504,1467,2393
4,5,-0.27344611057695556,12564.245701445387,4654.626571979517,1506,2354
4,5,-0.24320783857895012,12562.199819647058,4653.997982969395,1544,2316
4,5,-0.21522892568011676,12562.063075147209,4653.9559651182335,1583,2277
4,5,-0.19060114202093786,12565.798669420015,4655.1036468546135,1621,2239
4,5,-0.14991537927850718,12565.66024541231,4655.0611251155005,1660,2200
4,5,-0.12288377199306484,12566.456285734926,4655.305650135311,1698,2162
4,5,-0.0959338188545707,12564.69479674241,4654.764541015404,1737,2123
4,5,-0.06364570075428265,12557.605259370352,4652.585949491422,1776,2084
4,5,-0.03383440826637684,12553.21012915513,4651.234722735819,1814,2046
4,5,0.0,12556.031753623873,4652.1022495648685,1879,1981
4,5,0.014776657915577507,12554.76209932725,4651.711910205799,1891,1969
4,5,0.046433358847117995,12555.615823706039,4651.9743814528265,1930,1930
4,5,0.06408187883135064,12560.017428071056,4653.327339019341,1969,1891
4,5,0.0996364565717821,12556.510095439702,4652.24929954654,2007,1853
4,5,0.12116469809412912,12555.087795400988,4651.812045160803,2046,1814
4,5,0.15702307204106905,12551.725902725784,4650.778309382153,2084,1776
4,5,0.18197055918707805,12551.490199565917,4650.705823514731,2123,1737
4,5,0.21153908311425407,12550.314941057602,4650.344375577422,2162,1698
4,5,0.23912208228362167,12549.843104014986,4650.199253703571,2200,1660
4,5,0.2709054936220265,12554.604615317823,4651.6634909618315,2239,1621
4,5,0.30091878387089754,12555.345838605419,4651.891378459755,2277,1583
4,5,0.33170526859083266,12553.772545026863,4651.407656719437,2316,1544
4,5,0.3585435160218024,12557.004006855295,4652.401129995807,2354,1506
4,5,0.38968290523578314,12554.913430686025,4651.758437214416,2393,1467
4,5,0.415900206963487,12555.604017069145,4651.970751711324,2432,1428
4,5,0.4569099888233425,12557.267926518056,4652.482257563512,2470,1390
4,5,0.4959772314817739,12554.78562607468,4651.719143569462,2509,1351
4,5,0.5332941303284421,12556.13748563212,4652.134753770135,2547,1313
4,5,0.5686975279580176,12565.20023990217,4654.919815089894,2586,1274
4,5,0.6146783594549794,12566.514905194812,4655.323656053788,2625,1235
4,5,0.6578851968977814,12564.594577095191,4654.733752413904,2663,1197
4,5,0.6916210914940838,12563.98388793221,4654.546136534807,2702,1158
4,5,0.7376728753458554,12565.416183055826,4654.986151749459,2740,1120
4,5,0.7770723058554525,12558.826466320596,4652.961310042883,2779,1081
4,5,0.8073521063973877,12556.130181549734,4652.132508353005,2818,1042
4,5,0.8575298749670094,12553.153624917855,4651.217348148402,2856,1004
4,5,0.8976121566053823,12553.506842674069,4651.325958414656,2895,965
4,5,0.9316025270031019,12554.064194742843,4651.497331342975,2933,927
4,5,0.9898754586020173,12552.617606151798,4651.052522904178,2972,888
4,5,1.030273649108347,12550.866516629168,4650.514015537212,3011,849
4,5,1.0726674269262,12545.483854189437,4648.8582307693905,3049,811
4,5,1.1392275017854465,12547.693062724216,4649.537901182946,3088,772
4,5,1.1998969720980641,12545.082967584156,4648.7348838312755,3126,734
4,5,1.2704071513054331,12548.492938093996,4649.783956016005,3165,695
4,5,1.3317083659910738,12555.499461080066,4651.938607674469,3203,657
4,5,1.391422701120686,12555.15700597992,4651.833323554287,3242,618
4,5,1.4642760127042185,12554.406065264007,4651.602444892156,3281,579
5,1,-1.4442685856155595,12490.833244955054,4648.523420887355,579,3281
5,1,-1.3546758380244805,12466.965577170102,4641.140620313305,618,3242
5,1,-1.2708894551910253,12491.421255368761,4648.705127482114,657,3203
5,1,-1.2027402632556472,12464.821955358484,4640.476858823885,695,3165
5,1,-1.1178160561435215,12465.815927030395,4640.784651241689,734,3126
5,1,-1.049391728269892,12470.94205060739,4642.371612730721,772,3088
5,1,-1.0090440484433723,12471.554581579436,4642.561198367431,811,3049
5,1,-0.9523998743995448,12472.428851531617,4642.8317792091675,849,3011
5,1,-0.8962798603058176,12465.296443832936,4640.623791580663,888,2972
5,1,-0.8568231210541897,12466.757451767233,4641.076180353482,927,2933
5,1,-0.8066849746872924,12471.159286238235,4642.438850813332,965,2895
5,1,-0.7765502791103138,12477.287192671067,4644.335058605381,1004,2856
5,1,-0.7285176570261738,12481.787394107416,4645.726999454161,1042,2818
5,1,-0.690286345950179,12476.032679218897,4643.946940154264,1081,2779
5,1,-0.6477688511172324,12473.595952507654,4643.19295978252,1120,2740
5,1,-0.5951559511027569,12468.709270049341,4641.680461690454,1158,2702
5,1,-0.5610140914008871,12470.747814104097,4642.311492273223,1197,2663
5,1,-0.526445862655498,12487.499529947514,4647.4930766989355,1235,2625
5,1,-0.4849365765606378,12485.707208745402,4646.939014105019,1274,2586
5,1,-0.4423351679452795,12480.83283995562,4645.431791740132,1313,2547
5,1,-0.40304543229539014,12500.48285320415,4651.5042554737565,1351,2509
5,1,-0.3700741532666932,12499.490081408714,4651.19768721127,1390,2470
5,1,-0.3329175395041652,12513.6101279016,4655.555674409652,1428,2432
5,1,-0.2960872221517585,12509.968571702675,4654.4322214299,1467,2393
5,1,-0.27344611057695556,12505.154742507832,4652.946609651131,1506,2354
5,1,-0.24320783857895012,12515.751832090671,4656.216256825074,1544,2316
5,1,-0.21522892568011676,12519.782870639267,4657.45927472877,1583,2277
5,1,-0.19060114202093786,12524.355841894036,4658.868919471774,1621,2239
5,1,-0.14991537927850718,12528.799630759895,4660.238249991501,1660,2200
5,1,-0.12288377199306484,12530.022253004166,4660.61490950794,1698,2162
5,1,-0.09698507446101522,12532.153191732692,4661.271310906938,1737,2123
5,1,-0.0638138180391755,12531.605561216726,4661.102632791832,1776,2084
5,1,-0.03493310106013494,12534.658195357393,4662.042794273866,1814,2046
5,1,0.0,12532.56538832936,4661.398268555252,1880,1980
5,1,0.014259833943413326,12531.003602347919,4660.9172122540995,1891,1969
5,1,0.046274606026509846,12524.830445618925,4659.015189323199,1930,1930
5,1,0.06359654759323252,12523.816905483087,4658.702815974519,1969,1891
5,1,0.09839192907732416,12525.07377480351,4659.090179681984,2007,1853
5,1,0.12090254948730463,12525.404840010393,4659.192206610754,2046,1814
5,1,0.1568294067747396,12520.08689080585,4657.5530066734045,2084,1776
5,1,0.18070855616057635,12519.89875028501,4657.495001655281,2123,1737
5,1,0.21130921972226868,12518.80921082339,4657.159071995409,2162,1698
5,1,0.23912208228362167,12510.359919892708,4654.552971564269,2200,1660
5,1,0.2709054936220265,12511.105322577483,4654.78295444786,2239,1621
5,1,0.30091878387089754,12509.752820941692,4654.365650110072,2277,1583
5,1,0.33170526859083266,12501.398364015104,4651.78694394037,2316,1544
5,1,0.3585435160218024,12501.943665043966,4651.9553103906865,2354,1506
5,1,0.38968290523578314,12506.852963427156,4653.470768514006,2393,1467
5,1,0.415900206963487,12505.465327560307,4653.042477590372,2432,1428
5,1,0.4569099888233425,12519.38557369179,4657.336781346387,2470,1390
5,1,0.4959772314817739,12519.942299752372,4657.508428333484,2509,1351
5,1,0.5332941303284421,12513.333113928311,4655.470224586507,2547,1313
5,1,0.5686975279580176,12520.053809797559,4657.542807633908,2586,1274
5,1,0.6146783594549794,12518.592085890252,4657.092123973766,2625,1235
5,1,0.6571693960172094,12521.665590983064,4658.0396964685015,2663,1197
5,1,0.6913157900963302,12525.104199472666,4659.099556000433,2702,1158
5,1,0.7367728459018735,12524.573230298389,4658.935917884233,2740,1120
5,1,0.7768813383868994,12530.145280454093,4660.652809171307,2779,1081
5,1,0.8068590147782929,12528.817025951977,4660.243609275455,2818,1042
5,1,0.8561211739231992,12536.421585464555,4662.585785312496,2856,1004
5,1,0.8964178505773426,12535.897264840667,4662.4243421192605,2895,965
5,1,0.9308580614154667,12534.605294607869,4662.026503656215,2933,927
5,1,0.9895422223572032,12540.602256455597,4663.872811259167,2972,888
5,1,1.0300054798181086,12551.165456134586,4667.1227977596545,3011,849
5,1,1.0710763770754794,12544.97976285018,4665.219973532828,3049,811
5,1,1.1384611329739254,12540.708640120201,4663.905556034515,3088,772
5,1,1.1968104955701255,12542.223819867806,4664.371896550498,3126,734
5,1,1.2680463170022065,12540.319554637277,4663.785794599494,3165,695
5,1,1.3257097216463023,12541.053919368369,4664.011830694827,3203,657
5,1,1.3913031325727445,12546.354166182537,4665.6428443840305,3242,618
5,1,1.462688386223113,12556.267108459188,4668.691447058488,3281,579
5,2,-1.4442685856155595,12558.838617832003,4669.481889776263,579,3281
5,2,-1.3546758380244805,12558.99310845303,4669.529372680335,618,3242
5,2,-1.2708894551910253,12557.049560704452,4668.931978065004,657,3203
5,2,-1.2027402632556472,12556.964204340165,4668.905739681189,695,3165
5,2,-1.1178160561435215,12557.827884985554,4669.171225238916,734,3126
5,2,-1.049391728269892,12558.942786929032,4669.5139063551205,772,3088
5,2,-1.0090440484433723,12555.738172538908,4668.528840159538,811,3049
5,2,-0.9523998743995448,12557.010375713913,4668.919932695688,849,3011
5,2,-0.8962798603058176,12557.650001310687,4669.11654732372,888,2972
5,2,-0.8568231210541897,12553.841091918646,4667.945578199548,927,2933
5,2,-0.8066849746872924,12552.299474426203,4667.471539307543,965,2895
5,2,-0.7765502791103138,12549.95665457668,4666.751023621706,1004,2856
5,2,-0.7285176570261738,12546.79231699865,4665.777643114951,1042,2818
5,2,-0.690286345950179,12549.471852173476,4666.601909686613,1081,2779
5,2,-0.6477688511172324,12547.95616391356,4666.135682096548,1120,2740
5,2,-0.5951559511027569,12549.690518528843,4666.669167081046,1158,2702
5,2,-0.5610140914008871,12551.464993114298,4667.214916611029,1197,2663
5,2,-0.526445862655498,12549.83875515147,4666.7147610327975,1235,2625
5,2,-0.4849365765606378,12548.153989911683,4666.196536814518,1274,2586
5,2,-0.4423351679452795,12554.782192190352,4668.234932737978,1313,2547
5,2,-0.40304543229539014,12557.369586866193,4669.030351909697,1351,2509
5,2,-0.3700741532666932,12551.882699862665,4667.343373426317,1390,2470
5,2,-0.3329175395041652,12551.628292009871,4667.265136217814,1428,2432
5,2,-0.2960872221517585,12537.224029527759,4662.832852223513,1467,2393
5,2,-0.27344611057695556,12538.586327126004,4663.252257910477,1506,2354
5,2,-0.24320783857895012,12542.551879856255,4664.4728591080775,1544,2316
5,2,-0.21522892568011676,12541.256869921213,4664.07429616227,1583,2277
5,2,-0.19060114202093786,12540.872581834137,4663.9560165704925,1621,2239
5,2,-0.14991537927850718,12540.592458734423,4663.86979551736,1660,2200
5,2,-0.12288377199306484,12538.492538057757,4663.223384866261,1698,2162
5,2,-0.09698507446101522,12542.827827207137,4664.557781623654,1737,2123
5,2,-0.0638138180391755,12541.767406791125,4664.231428117044,1776,2084
5,2,-0.03493310106013494,12539.94859134678,4663.671607758022,1814,2046
5,2,0.0,12528.900085105208,4660.269198863689,1880,1980
5,2,0.014259833943413326,12530.69164917462,4660.821118255915,1891,1969
5,2,0.046274606026509846,12516.984333095192,4656.596355416766,1930,1930
5,2,0.06359654759323252,12511.252655911892,4654.828410329462,1969,1891
5,2,0.09839192907732416,12509.444829163527,4654.270615226827,2007,1853
5,2,0.12090254948730463,12511.579781513467,4654.929334541403,2046,1814
5,2,0.1568294067747396,12521.367819579753,4657.947902667168,2084,1776
5,2,0.18070855616057635,12527.96692350554,4659.9816925465475,2123,1737
5,2,0.21130921972226868,12522.621295941193,4658.334296283368,2162,1698
5,2,0.23912208228362167,12524.59433964342,4658.94242365506,2200,1660
5,2,0.2709054936220265,12525.99793291124,4659.374977900525,2239,1621
5,2,0.30091878387089754,12530.120431138545,4660.645154156064,2277,1583
5,2,0.33170526859083266,12527.951817177138,4659.9770381231165,2316,1544
5,2,0.3585435160218024,12529.387328588411,4660.419309668498,2354,1506
5,2,0.38968290523578314,12525.41951091661,4659.1967277951435,2393,1467
5,2,0.415900206963487,12526.435992143524,4659.50996747015,2432,1428
5,2,0.4569099888233425,12532.061963123786,4661.243211688335,2470,1390
5,2,0.4959772314817739,12528.977025347041,4660.292903132983,2509,1351
5,2,0.5332941303284421,12530.639633624916,4660.805095162841,2547,1313
5,2,0.5686975279580176,12530.99610634679,4660.91490321534,2586,1274
5,2,0.6146783594549794,12538.666028384247,4663.276793840686,2625,1235
5,2,0.6571693960172094,12537.122239573615,4662.801512684785,2663,1197
5,2,0.6913157900963302,12532.474452068323,4661.370260303931,2702,1158
5,2,0.7367728459018735,12529.65576983244,4660.5020090116395,2740,1120
5,2,0.7768813383868994,12525.037907829112,4659.0791261168,2779,1081
5,2,0.8068590147782929,12520.976324447385,4657.82721338965,2818,1042
5,2,0.8561211739231992,12516.129277857523,4656.332663630759,2856,1004
5,2,0.8964178505773426,12521.903224586782,4658.112950062439,2895,965
5,2,0.9308580614154667,12518.739375463228,4657.137539177266,2933,927
5,2,0.9895422223572032,12514.47336948257,4655.821944298373,2972,888
5,2,1.0300054798181086,12520.249241350215,4657.603059763583,3011,849
5,2,1.0710763770754794,12498.506083138656,4650.893804188056,3049,811
5,2,1.1384611329739254,12498.362044339812,4650.849319434149,3088,772
5,2,1.1968104955701255,12490.750358179048,4648.497806581996,3126,734
5,2,1.2680463170022065,12487.50460666155,4647.494645957229,3165,695
5,2,1.3257097216463023,12492.342128903503,4648.989678035291,3203,657
5,2,1.3913031325727445,12503.624114364324,4652.474117597431,3242,618
5,2,1.462688386223113,12516.793106585952,4656.537384346382,3281,579
5,3,-1.4442685856155595,12530.028914172328,4660.616961547573,579,3281
5,3,-1.3518565947943195,12529.849468966835,4660.561681271858,618,3242
5,3,-1.2684936314160526,12527.261156638964,4659.764232134932,657,3203
5,3,-1.1990151371735376,12528.655604702013,4660.193876723889,695,3165
5,3,-1.1152880721871403,12538.775757662432,4663.310573603185,734,3126
5,3,-1.048332791565912,12536.944622396943,4662.746826517939,772,3088
5,3,-1.0088733897528053,12543.156869590915,4664.659041639301,811,3049
5,3,-0.9512599635671165,12541.957841466607,4664.290038059555,849,3011
5,3,-0.8952803984472915,12541.562642893947,4664.168407087415,888,2972
5,3,-0.8561001435860882,12544.221611885476,4664.986688887298,927,2933
5,3,-0.8054367913997035,12544.885531049666,4665.190978977,965,2895
5,3,-0.7762357880665067,12547.636685084868,4666.037402826062,1004,2856
5,3,-0.7250910713002773,12551.646002242593,4667.270582638667,1042,2818
5,3,-0.689063831548832,12539.461347214361,4663.521623180556,1081,2779
5,3,-0.646198881103964,12538.763380381672,4663.306763316738,1120,2740
5,3,-0.5946228984850169,12540.906794337785,4663.96654694492,1158,2702
5,3,-0.5596505265950628,12542.538779440787,4664.468827422134,1197,2663
5,3,-0.5262703259779633,12539.085576391957,4663.405948585931,1235,2625
5,3,-0.4804383281752421,12540.43281947355,4663.820658168297,1274,2586
5,3,-0.44138517836454405,12536.219301463996,4662.523500988663,1313,2547
5,3,-0.4018554218056432,12541.149629756605,4664.04128919897,1351,2509
5,3,-0.36886352052040994,12540.560487674396,4663.859954798159,1390,2470
5,3,-0.3324118346759487,12535.617442883062,4662.338179574317,1428,2432
5,3,-0.2950223052985865,12532.419846786612,4661.35344184981,1467,2393
5,3,-0.2732219759759777,12532.292380160738,4661.314181780002,1506,2354
5,3,-0.24232682708194422,12536.973224773928,4662.755632894017,1544,2316
5,3,-0.21371575929727418,12545.374027827576,4665.34128412299,1583,2277
5,3,-0.18996034725579386,12550.59303515429,4666.946750732105,1621,2239
5,3,-0.14971714095093272,12548.128062882992,4666.188561264153,1660,2200
5,3,-0.12207299677806258,12548.824429517921,4666.40276856381,1698,2162
5,3,-0.0959338188545707,12549.638238775762,4666.653086981944,1737,2123
5,3,-0.06364570075428265,12551.514048457904,4667.2300027588535,1776,2084
5,3,-0.03383440826637684,12550.966430591909,4667.061588727831,1814,2046
5,3,0.0,12554.006046479997,4667.996297371393,1879,1981
5,3,0.014776657915577507,12556.139824546248,4668.652317722517,1891,1969
5,3,0.046433358847117995,12550.48497133068,4666.913514999438,1930,1930
5,3,0.06408187883135064,12549.600839391902,4666.641583715152,1969,1891
5,3,0.0996364565717821,12547.57907958168,4666.019681739748,2007,1853
5,3,0.12116469809412912,12545.468257830893,4665.370276996858,2046,1814
5,3,0.15702307204106905,12551.423080707098,4667.202027106738,2084,1776
5,3,0.18197055918707805,12546.142383356764,4665.57768692105,2123,1737
5,3,0.21153908311425407,12544.394411385278,4665.039860897156,2162,1698
5,3,0.23912208228362167,12549.857993592414,4666.720678266203,2200,1660
5,3,0.2709054936220265,12534.053189189279,4661.856480444364,2239,1621
5,3,0.30091878387089754,12539.787786186916,4663.622108998727,2277,1583
5,3,0.33170526859083266,12537.158134542951,4662.812564214844,2316,1544
5,3,0.3585435160218024,12539.535369294112,4663.544409197961,2354,1506
5,3,0.38968290523578314,12540.584280828978,4663.867278353565,2393,1467
5,3,0.415900206963487,12540.869671303948,4663.955120727898,2432,1428
5,3,0.4569099888233425,12538.021984437344,4663.078521275002,2470,1390
5,3,0.4959772314817739,12539.982298209281,4663.681983264226,2509,1351
5,3,0.5332941303284421,12540.631105065788,4663.88169085721,2547,1313
5,3,0.5686975279580176,12539.765445510053,4663.6152320809515,2586,1274
5,3,0.6146783594549794,12541.539878818965,4664.161400830565,2625,1235
5,3,0.6571693960172094,12539.235087641478,4663.451973471798,2663,1197
5,3,0.6913157900963302,12541.887714277122,4664.268455168622,2702,1158
5,3,0.7367728459018735,12534.0346460937,4661.850769889223,2740,1120
5,3,0.7768813383868994,12537.83908690589,4663.022213380376,2779,1081
5,3,0.8068590147782929,12536.61905622495,4662.646586644575,2818,1042
5,3,0.8561211739231992,12535.224253643106,4662.2171058198155,2856,1004
5,3,0.8964178505773426,12533.443575245823,4661.668738537438,2895,965
5,3,0.9308580614154667,12536.43552333601,4662.590076820526,2933,927
5,3,0.9895422223572032,12535.753483201122,4662.380069236376,2972,888
5,3,1.0300054798181086,12535.201326546843,4662.210045820671,3011,849
5,3,1.0710763770754794,12537.692712960503,4662.977149257013,3049,811
5,3,1.1384611329739254,12533.584912636175,4661.712266818186,3088,772
5,3,1.1968104955701255,12540.408666415988,4663.813223744517,3126,734
5,3,1.2680463170022065,12533.933028865848,4661.8194755693485,3165,695
5,3,1.3257097216463023,12531.29278304919,4661.006289287568,3203,657
5,3,1.3913031325727445,12505.90269784132,4653.177476146481,3242,618
5,3,1.462688386223113,12499.408043076688,4651.172352657719,3281,579
5,4,-1.4442685856155595,12540.719643184262,4663.908942749722,579,3281
5,4,-1.3518565947943195,12546.956792038922,4665.828243258652,618,3242
5,4,-1.2684936314160526,12549.847856993969,4666.7175605189095,657,3203
5,4,-1.1990151371735376,12543.22352882794,4664.6795551331425,695,3165
5,4,-1.1152880721871403,12540.47158066597,4663.8325890142,734,3126
5,4,-1.048332791565912,12545.109747211525,4665.259968578249,772,3088
5,4,-1.0088733897528053,12546.151945796946,4665.580628941308,811,3049
5,4,-0.9512599635671165,12546.608126392923,4665.7209767624,849,3011
5,4,-0.8952803984472915,12552.183417962877,4667.435850227599,888,2972
5,4,-0.8561001435860882,12550.264462204956,4666.8456950940945,927,2933
5,4,-0.8054367913997035,12550.784425377999,4667.005613339521,965,2895
5,4,-0.7762357880665067,12560.080058918262,4669.863431884705,1004,2856
5,4,-0.7250910713002773,12559.823429788627,4669.784563075287,1042,2818
5,4,-0.689063831548832,12560.41050261108,4669.964983456815,1081,2779
5,4,-0.646198881103964,12558.288631977326,4669.312846129012,1120,2740
5,4,-0.5946228984850169,12552.63453167829,4667.574572519486,1158,2702
5,4,-0.5596505265950628,12549.931896937225,4666.7434088876325,1197,2663
5,4,-0.5262703259779633,12548.26241420522,4666.229889606113,1235,2625
5,4,-0.4804383281752421,12549.053425677732,4666.473206804206,1274,2586
5,4,-0.44138517836454405,12552.17813350408,4667.434225170462,1313,2547
5,4,-0.4018554218056432,12556.322909552411,4668.708601180758,1351,2509
5,4,-0.36886352052040994,12556.5156955112,4668.767865990495,1390,2470
5,4,-0.3324118346759487,12550.913125100276,4667.045194800257,1428,2432
5,4,-0.2950223052985865,12560.548047478296,4670.007252798282,1467,2393
5,4,-0.2732219759759777,12560.33041989664,4669.940372775252,1506,2354
5,4,-0.24232682708194422,12557.571413901092,4669.092390865289,1544,2316
5,4,-0.21371575929727418,12561.009182994936,4670.148962412706,1583,2277
5,4,-0.18996034725579386,12560.374284255344,4669.953853004138,1621,2239
5,4,-0.14971714095093272,12558.40969908092,4669.350057948313,1660,2200
5,4,-0.12207299677806258,12560.316046016464,4669.935955438497,1698,2162
5,4,-0.0959338188545707,12559.240776206098,4669.605492484877,1737,2123
5,4,-0.06364570075428265,12560.476676421356,4669.985319594298,1776,2084
5,4,-0.03383440826637684,12560.1439318313,4669.8830614425015,1814,2046
5,4,0.0,12554.795898727594,4668.239146845723,1879,1981
5,4,0.014776657915577507,12554.26561656433,4668.076106968724,1891,1969
5,4,0.046433358847117995,12561.33935019701,4670.250421509844,1930,1930
5,4,0.06408187883135064,12562.169056519855,4670.505375265147,1969,1891
5,4,0.0996364565717821,12561.132142687915,4670.186747759803,2007,1853
5,4,0.12116469809412912,12560.517786644497,4669.99795328693,2046,1814
5,4,0.15702307204106905,12560.882769493037,4670.110115329194,2084,1776
5,4,0.18197055918707805,12559.035663072033,4669.542451798194,2123,1737
5,4,0.21153908311425407,12556.744182560296,4668.838104582681,2162,1698
5,4,0.23912208228362167,12554.919797184732,4668.27723951474,2200,1660
5,4,0.2709054936220265,12556.100382554148,4668.640192472977,2239,1621
5,4,0.30091878387089754,12554.486948368927,4668.144158200147,2277,1583
5,4,0.33170526859083266,12555.453470947134,4668.441313596888,2316,1544
5,4,0.3585435160218024,12555.213510788188,4668.367540469776,2354,1506
5,4,0.38968290523578314,12557.996315505465,4669.222996727813,2393,1467
5,4,0.415900206963487,12557.09895975997,4668.947163159107,2432,1428
5,4,0.4569099888233425,12559.274764803627,4669.615938642513,2470,1390
5,4,0.4959772314817739,12559.957447449659,4669.825750390903,2509,1351
5,4,0.5332941303284421,12555.442397096274,4668.437909093557,2547,1313
5,4,0.5686975279580176,12554.925093192272,4668.278867767658,2586,1274
5,4,0.6146783594549794,12553.873324568547,4667.95548894065,2625,1235
5,4,0.6578851968977814,12554.440721565774,4668.129945290499,2663,1197
5,4,0.6916210914940838,12556.713806290276,4668.8287667684845,2702,1158
5,4,0.7376728753458554,12551.59786560816,4667.255779180606,2740,1120
5,4,0.7770723058554525,12545.942398103578,4665.516158109552,2779,1081
5,4,0.8073521063973877,12548.046168401577,4666.163369161535,2818,1042
5,4,0.8575298749670094,12552.24908742767,4667.45604460037,2856,1004
5,4,0.8976121566053823,12549.947083544106,4666.748079850598,2895,965
5,4,0.9316025270031019,12551.736670909486,4667.298465817501,2933,927
5,4,0.9898754586020173,12545.59605262616,4665.409596804389,2972,888
5,4,1.030273649108347,12547.492217874275,4665.9929604615645,3011,849
5,4,1.0726674269262,12534.513842259334,4661.998341034032,3049,811
5,4,1.1392275017854465,12534.806096019576,4662.0883394478205,3088,772
5,4,1.1998969720980641,12539.050862585316,4663.395262361781,3126,734
5,4,1.2704071513054331,12543.197033817976,4664.671401659179,3165,695
5,4,1.3317083659910738,12545.987919174106,4665.5301635152755,3203,657
5,4,1.391422701120686,12535.99122295056,4662.453273191155,3242,618
5,4,1.4642760127042185,12540.715662499792,4663.907717505483,3281,579
5,5,-1.446499984133564,12539.775630128817,4663.618367116662,579,3281
5,5,-1.3546758380244805,12541.895597255898,4664.270881301689,618,3242
5,5,-1.2708894551910253,12545.752898849278,4665.457854586179,657,3203
5,5,-1.2027402632556472,12545.605867809045,4665.412616715995,695,3165
5,5,-1.1178160561435215,12544.765017031772,4665.1538972242515,734,3126
5,5,-1.049391728269892,12539.817545050777,4663.63126936732,772,3088
5,5,-1.0090440484433723,12539.053715475242,4663.396140590442,811,3049
5,5,-0.9523998743995448,12545.083552501988,4665.251908729717,849,3011
5,5,-0.8962798603058176,12545.475959363986,4665.372646610172,888,2972
5,5,-0.8568231210541897,12546.959933163162,4665.829209607565,927,2933
5,5,-0.8066849746872924,12553.161847326373,4667.7367214010565,965,2895
5,5,-0.7765502791103138,12554.156672552788,4668.042610329253,1004,2856
5,5,-0.7285176570261738,12559.129871328198,4669.571406450022,1042,2818
5,5,-0.690286345950179,12561.570671832453,4670.321504160066,1081,2779
5,5,-0.6477688511172324,12561.416589287073,4670.274156396921,1120,2740
5,5,-0.5951559511027569,12560.800526613304,4670.084841742863,1158,2702
5,5,-0.5610140914008871,12560.48322375387,4669.987331675333,1197,2663
5,5,-0.526445862655498,12559.82457221683,4669.784914176773,1235,2625
5,5,-0.4849365765606378,12563.050168888381,4670.776106733271,1274,2586
5,5,-0.4423351679452795,12562.053177357368,4670.46976870483,1313,2547
5,5,-0.40304543229539014,12561.029880432841,4670.155322733229,1351,2509
5,5,-0.3700741532666932,12562.885797474122,4670.725603248752,1390,2470
5,5,-0.3329175395041652,12562.089638141559,4670.48097216184,1428,2432
5,5,-0.2960872221517585,12556.206850434532,4668.672922720698,1467,2393
5,5,-0.27344611057695556,12554.96300420814,4668.290523456499,1506,2354
5,5,-0.24320783857895012,12552.94836274389,4667.671075987927,1544,2316
5,5,-0.21522892568011676,12554.870031995546,4668.261939217003,1583,2277
5,5,-0.19060114202093786,12559.461391464036,4669.67329653701,1621,2239
5,5,-0.14991537927850718,12559.298729493743,4669.6233040053485,1660,2200
5,5,-0.12288377199306484,12561.862055265152,4670.411041291595,1698,2162
5,5,-0.0959338188545707,12561.466722987676,4670.289561960201,1737,2123
5,5,-0.06364570075428265,12553.219117850595,4667.7543316033225,1776,2084
5,5,-0.03383440826637684,12548.884530687214,4666.421255551116,1814,2046
5,5,0.0,12551.728934232417,4667.296086578399,1879,1981
5,5,0.014776657915577507,12549.83828478542,4666.71461636058,1891,1969
5,5,0.046433358847117995,12551.149211891958,4667.11780198318,1930,1930
5,5,0.06408187883135064,12556.162393377796,4668.65925581119,1969,1891
5,5,0.0996364565717821,12551.659606447503,4667.274766329197,2007,1853
5,5,0.12116469809412912,12550.710844879446,4666.982983554215,2046,1814
5,5,0.15702307204106905,12547.935372597558,4666.12928627039,2084,1776
5,5,0.18197055918707805,12548.028007606472,4666.157782577066,2123,1737
5,5,0.21153908311425407,12545.793464085076,4665.470335427966,2162,1698
5,5,0.23912208228362167,12542.734215686738,4664.528972983199,2200,1660
5,5,0.2709054936220265,12548.246924149016,4666.225124671186,2239,1621
5,5,0.30091878387089754,12548.269295141927,4666.232006266375,2277,1583
5,5,0.33170526859083266,12547.195779163198,4665.90176558997,2316,1544
5,5,0.3585435160218024,12551.306989365636,4667.166324808477,2354,1506
5,5,0.38968290523578314,12550.54225480714,4666.931132941297,2393,1467
5,5,0.415900206963487,12551.563148371213,4667.2451025543005,2432,1428
5,5,0.4569099888233425,12551.072735992264,4667.094282394082,2470,1390
5,5,0.4959772314817739,12549.164348756309,4666.507325807169,2509,1351
5,5,0.5332941303284421,12552.730234819848,4667.604001617995,2547,1313
5,5,0.5686975279580176,12560.007533670463,4669.841143152194,2586,1274
5,5,0.6146783594549794,12560.496172707748,4669.991311055371,2625,1235
5,5,0.6578851968977814,12559.305502176267,4669.625385534585,2663,1197
5,5,0.6916210914940838,12561.2581890731,4670.225481259315,2702,1158
5,5,0.7376728753458554,12562.720530568957,4670.674823956453,2740,1120
5,5,0.7770723058554525,12553.364055642774,4667.7988983907635,2779,1081
5,5,0.8073521063973877,12550.137296239252,4666.806583319522,2818,1042
5,5,0.8575298749670094,12546.508257931548,4665.690251821344,2856,1004
5,5,0.8976121566053823,12545.95434628783,4665.519834196034,2895,965
5,5,0.9316025270031019,12547.679496749814,4666.05057285552,2933,927
5,5,0.9898754586020173,12545.050759636893,4665.241818671395,2972,888
5,5,1.030273649108347,12544.980745850324,4665.220275994886,3011,849
5,5,1.0726674269262,12539.482012380353,4663.527984496468,3049,811
5,5,1.1392275017854465,12544.509674601128,4665.075328051214,3088,772
5,5,1.1998969720980641,12541.937377225862,4664.2837398376405,3126,734
5,5,1.2704071513054331,12542.559158012169,4664.47509897712,3165,695
5,5,1.3317083659910738,12552.430827914493,4667.5119320509575,3203,657
5,5,1.391422701120686,12552.188563159596,4667.4374324587225,3242,618
5,5,1.4642760127042185,12548.801588690169,4666.39574275228,3281,579
6,1,-1.4442685856155595,12490.512003421503,4664.940992349835,579,3281
6,1,-1.3546758380244805,12464.99588045145,4657.047563015909,618,3242
6,1,-1.2708894551910253,12486.270957623157,4663.630140030345,657,3203
6,1,-1.2027402632556472,12458.47257062428,4655.026979359402,695,3165
6,1,-1.1178160561435215,12457.438744371635,4654.706656390914,734,3126
6,1,-1.049391728269892,12465.452705190488,4657.189024047934,772,3088
6,1,-1.0090440484433723,12465.608523971165,4657.237273938935,811,3049
6,1,-0.9523998743995448,12466.264248619213,4657.440315015321,849,3011
6,1,-0.8962798603058176,12459.915262516784,4655.473941718971,888,2972
6,1,-0.8568231210541897,12462.788650092627,4656.3639957139785,927,2933
6,1,-0.8066849746872924,12468.506364237952,4658.134491548648,965,2895
6,1,-0.7765502791103138,12474.913337943046,4660.117452934122,1004,2856
6,1,-0.7285176570261738,12479.443572970016,4661.518948268876,1042,2818
6,1,-0.690286345950179,12474.51719724731,4659.994876742774,1081,2779
6,1,-0.6477688511172324,12472.34714492302,4659.323337275688,1120,2740
6,1,-0.5951559511027569,12467.334051516624,4657.771549932708,1158,2702
6,1,-0.5610140914008871,12469.959670305547,4658.584379799152,1197,2663
6,1,-0.526445862655498,12486.460992518172,4663.688886882411,1235,2625
6,1,-0.4849365765606378,12484.154284085023,4662.97573708785,1274,2586
6,1,-0.4423351679452795,12476.504575933617,4660.609783965018,1313,2547
6,1,-0.40304543229539014,12495.579495750102,4666.5067050710295,1351,2509
6,1,-0.3700741532666932,12495.95520111463,4666.622762185951,1390,2470
6,1,-0.3329175395041652,12508.330156028725,4670.443493647471,1428,2432
6,1,-0.2960872221517585,12508.898099846969,4670.618753921421,1467,2393
6,1,-0.27344611057695556,12503.666262532077,4669.003974082184,1506,2354
6,1,-0.24320783857895012,12514.040176568315,4672.205171647791,1544,2316
6,1,-0.21522892568011676,12517.606298341152,4673.304997833821,1583,2277
6,1,-0.19060114202093786,12522.045924495016,4674.6737833889065,1621,2239
6,1,-0.14991537927850718,12526.973017616489,4676.192292336353,1660,2200
6,1,-0.12288377199306484,12529.03011944873,4676.826105562416,1698,2162
6,1,-0.09698507446101522,12531.772695911084,4677.670958400129,1737,2123
6,1,-0.0638138180391755,12531.388051039901,4677.552479392802,1776,2084
6,1,-0.03493310106013494,12534.561798000117,4678.529953887539,1814,2046
6,1,0.0,12532.441319861944,4677.87690050143,1880,1980
6,1,0.014259833943413326,12530.826024478301,4677.379356417984,1891,1969
6,1,0.046274606026509846,12523.473980119965,4675.113965484488,1930,1930
6,1,0.06359654759323252,12520.979834715745,4674.345140469314,1969,1891
6,1,0.09839192907732416,12521.713462258642,4674.571298437453,2007,1853
6,1,0.12090254948730463,12522.704045510023,4674.876648030922,2046,1814
6,1,0.1568294067747396,12516.869254043915,4673.077711986974,2084,1776
6,1,0.18070855616057635,12516.894080626558,4673.085368095863,2123,1737
6,1,0.21130921972226868,12517.073388820643,4673.140663336622,2162,1698
6,1,0.23912208228362167,12508.806854618364,4670.590597335271,2200,1660
6,1,0.2709054936220265,12510.006725656833,4670.960838889466,2239,1621
6,1,0.30091878387089754,12507.422078492378,4670.163255878966,2277,1583
6,1,0.33170526859083266,12498.95266765241,4667.54856843033,2316,1544
6,1,0.3585435160218024,12498.981973390939,4667.557618790078,2354,1506
6,1,0.38968290523578314,12502.927552853123,4668.775920682938,2393,1467
6,1,0.415900206963487,12501.831048681826,4668.43738463295,2432,1428
6,1,0.4569099888233425,12510.579548604082,4671.137581077082,2470,1390
6,1,0.4959772314817739,12512.798203203776,4671.822061554673,2509,1351
6,1,0.5332941303284421,12507.895691308557,4670.309417961535,2547,1313
6,1,0.5686975279580176,12515.51778831341,4672.660919316263,2586,1274
6,1,0.6146783594549794,12515.86256128516,4672.7672517400015,2625,1235
6,1,0.6571693960172094,12518.102440865368,4673.457988121709,2663,1197
6,1,0.6913157900963302,12520.119146517758,4674.079796168889,2702,1158
6,1,0.7367728459018735,12519.929640987139,4674.02137045619,2740,1120
6,1,0.7768813383868994,12524.002866783976,4675.276976117126,2779,1081
6,1,0.8068590147782929,12522.956513905003,4674.954468138908,2818,1042
6,1,0.8561211739231992,12531.432912502463,4677.566297888792,2856,1004
6,1,0.8964178505773426,12531.095909708813,4677.462491062849,2895,965
6,1,0.9308580614154667,12530.532278205188,4677.288869653415,2933,927
6,1,0.9895422223572032,12535.127906821897,4678.704282335811,2972,888
6,1,1.0300054798181086,12531.90627155521,4677.712101760367,3011,849
6,1,1.0710763770754794,12532.420799895914,4677.870580333499,3049,811
6,1,1.1384611329739254,12530.004465739696,4677.1262748823665,3088,772
6,1,1.1968104955701255,12532.995880946302,4678.047701893707,3126,734
6,1,1.2680463170022065,12531.557410148725,4677.604646139212,3165,695
6,1,1.3257097216463023,12535.229851546597,4678.735674519451,3203,657
6,1,1.3913031325727445,12541.4507062892,4680.650800386581,3242,618
6,1,1.462688386223113,12551.206824710329,4683.652365203431,3281,579
6,2,-1.4442685856155595,12558.537551755046,4685.906199951591,579,3281
6,2,-1.3546758380244805,12558.856828293836,4686.004331741946,618,3242
6,2,-1.2708894551910253,12556.82832326773,4685.380814655269,657,3203
6,2,-1.2027402632556472,12556.717816243814,4685.346844374056,695,3165
6,2,-1.1178160561435215,12557.583761015489,4685.613031097164,734,3126
6,2,-1.049391728269892,12558.763288886481,4685.975582034712,772,3088
6,2,-1.0090440484433723,12555.355968893098,4684.9281827514515,811,3049
6,2,-0.9523998743995448,12556.816582632242,4685.377205553273,849,3011
6,2,-0.8962798603058176,12557.434486635611,4685.567146272342,888,2972
6,2,-0.8568231210541897,12553.462187238485,4684.345917417002,927,2933
6,2,-0.8066849746872924,12551.714947316372,4683.808630141623,965,2895
6,2,-0.7765502791103138,12549.409054317051,4683.099439031152,1004,2856
6,2,-0.7285176570261738,12545.961193340814,4682.038785745651,1042,2818
6,2,-0.690286345950179,12547.526960723488,4682.520493355837,1081,2779
6,2,-0.6477688511172324,12547.210314635131,4682.423082182513,1120,2740
6,2,-0.5951559511027569,12548.326874773738,4682.7665633445495,1158,2702
6,2,-0.5610140914008871,12550.531288813232,4683.444605202778,1197,2663
6,2,-0.526445862655498,12549.326733280654,4683.074118297614,1235,2625
6,2,-0.4849365765606378,12547.952945180707,4682.651536875323,1274,2586
6,2,-0.4423351679452795,12554.606970614477,4684.697904963842,1313,2547
6,2,-0.40304543229539014,12557.075973672181,4685.456942249762,1351,2509
6,2,-0.3700741532666932,12551.111987953063,4683.623198982908,1390,2470
6,2,-0.3329175395041652,12550.61683593211,4683.470915702777,1428,2432
6,2,-0.2960872221517585,12537.018779600825,4679.286503637543,1467,2393
6,2,-0.27344611057695556,12538.100761317439,4679.619618653956,1506,2354
6,2,-0.24320783857895012,12542.147438121294,4680.8652341258785,1544,2316
6,2,-0.21522892568011676,12540.939068025928,4680.493325463794,1583,2277
6,2,-0.19060114202093786,12540.742950215863,4680.432961510028,1621,2239
6,2,-0.14991537927850718,12540.439645471797,4680.339604164721,1660,2200
6,2,-0.12288377199306484,12538.371292015292,4679.702903774091,1698,2162
6,2,-0.09698507446101522,12542.175370535828,4680.87383066013,1737,2123
6,2,-0.0638138180391755,12540.723915630953,4680.427102722091,1776,2084
6,2,-0.03493310106013494,12538.940748975092,4679.87820995217,1814,2046
6,2,0.0,12526.663112365663,4676.096798471745,1880,1980
6,2,0.014259833943413326,12528.604570182102,4676.69499820215,1891,1969
6,2,0.046274606026509846,12515.656475644295,4672.703692626982,1930,1930
6,2,0.06359654759323252,12510.732237447206,4671.184691231778,1969,1891
6,2,0.09839192907732416,12509.30444002177,4670.744140473263,2007,1853
6,2,0.12090254948730463,12511.43892708572,4671.402723630921,2046,1814
6,2,0.1568294067747396,12520.396056220206,4674.165167531485,2084,1776
6,2,0.18070855616057635,12527.44524366195,4676.3377990104,2123,1737
6,2,0.21130921972226868,12522.17903406144,4674.7148150381,2162,1698
6,2,0.23912208228362167,12523.614763646814,4675.157357706172,2200,1660
6,2,0.2709054936220265,12525.241639532022,4675.658757117359,2239,1621
6,2,0.30091878387089754,12529.008838982321,4676.819549374961,2277,1583
6,2,0.33170526859083266,12526.625535280375,4676.08521934924,2316,1544
6,2,0.3585435160218024,12528.006233218275,4676.510649193505,2354,1506
6,2,0.38968290523578314,12524.199247892491,4675.337501904598,2393,1467
6,2,0.415900206963487,12525.39625751835,4675.70640663668,2432,1428
6,2,0.4569099888233425,12531.123206931701,4677.470899518609,2470,1390
6,2,0.4959772314817739,12528.816021607632,4676.760144772171,2509,1351
6,2,0.5332941303284421,12530.316898266887,4677.222521816913,2547,1313
6,2,0.5686975279580176,12530.72067651568,4677.346904858583,2586,1274
6,2,0.6146783594549794,12538.576974572241,4679.76622365348,2625,1235
6,2,0.6571693960172094,12536.95516274337,4679.266916708854,2663,1197
6,2,0.6913157900963302,12532.169383866709,4677.793143131003,2702,1158
6,2,0.7367728459018735,12529.510768837907,4676.974183349605,2740,1120
6,2,0.7768813383868994,12524.90504640642,4675.5550252325775,2779,1081
6,2,0.8068590147782929,12520.619982507249,4674.234202706949,2818,1042
6,2,0.8561211739231992,12515.873564463342,4672.770645213595,2856,1004
6,2,0.8964178505773426,12521.013545264244,4674.355532830276,2895,965
6,2,0.9308580614154667,12518.048911714382,4673.4414821883565,2933,927
6,2,0.9895422223572032,12513.571167092054,4672.060501303209,2972,888
6,2,1.0300054798181086,12519.266605570108,4673.816945626803,3011,849
6,2,1.0710763770754794,12498.13191691712,4667.295091043506,3049,811
6,2,1.1384611329739254,12498.100115267407,4667.285269213741,3088,772
6,2,1.1968104955701255,12489.75208874989,4664.706145302382,3126,734
6,2,1.2680463170022065,12487.039086586445,4663.867591757326,3165,695
6,2,1.3257097216463023,12492.238199547468,4665.47440976807,3203,657
6,2,1.3913031325727445,12502.468178980016,4668.634096640686,3242,618
6,2,1.462688386223113,12516.504975330236,4672.96537268968,3281,579
6,3,-1.4442685856155595,12530.021566680081,4677.131543003781,579,3281
6,3,-1.3518565947943195,12529.714541717523,4677.036959696885,618,3242
6,3,-1.2684936314160526,12527.241824575349,4676.275120305041,657,3203
6,3,-1.1990151371735376,12528.615599519666,4676.698396284037,695,3165
6,3,-1.1152880721871403,12538.620882704796,4679.779740745192,734,3126
6,3,-1.048332791565912,12536.8862592838,4679.245701981565,772,3088
6,3,-1.0088733897528053,12543.10422834899,4681.159686844934,811,3049
6,3,-0.9512599635671165,12541.89092242045,4680.786287459392,849,3011
6,3,-0.8952803984472915,12541.449816778975,4680.65052661366,888,2972
6,3,-0.8561001435860882,12543.823968387238,4681.381172435088,927,2933
6,3,-0.8054367913997035,12544.728229312408,4681.659422622278,965,2895
6,3,-0.7762357880665067,12547.569284292991,4682.533513348005,1004,2856
6,3,-0.7250910713002773,12551.424792612055,4683.719398502051,1042,2818
6,3,-0.689063831548832,12539.385283458676,4680.015053464341,1081,2779
6,3,-0.646198881103964,12538.711662275859,4679.807687030442,1120,2740
6,3,-0.5946228984850169,12540.828333565443,4680.459242138593,1158,2702
6,3,-0.5596505265950628,12542.464949925006,4680.962951048384,1197,2663
6,3,-0.5262703259779633,12539.004070634763,4679.897702905687,1235,2625
6,3,-0.4804383281752421,12540.334304779357,4680.307179720911,1274,2586
6,3,-0.44138517836454405,12536.083472167133,4678.99852278384,1313,2547
6,3,-0.4018554218056432,12541.083690277888,4680.537838771031,1351,2509
6,3,-0.36886352052040994,12540.248297622373,4680.280706043547,1390,2470
6,3,-0.3324118346759487,12535.471006523763,4678.809933170388,1428,2432
6,3,-0.2950223052985865,12532.1426342237,4677.784904036155,1467,2393
6,3,-0.2732219759759777,12530.612925721569,4677.3137128447925,1506,2354
6,3,-0.24232682708194422,12534.41555854912,4678.484919399469,1544,2316
6,3,-0.21371575929727418,12541.866541462743,4680.778783759287,1583,2277
6,3,-0.18996034725579386,12550.154540908505,4683.328732120885,1621,2239
6,3,-0.14971714095093272,12547.676166004967,4682.566393154585,1660,2200
6,3,-0.12207299677806258,12546.891883563352,4682.32511940804,1698,2162
6,3,-0.0959338188545707,12546.974775851444,4682.350620797394,1737,2123
6,3,-0.06364570075428265,12547.799732902506,4682.604405442251,1776,2084
6,3,-0.03383440826637684,12546.044012395025,4682.064266495127,1814,2046
6,3,0.0,12548.487922423836,4682.816103011986,1879,1981
6,3,0.014776657915577507,12550.510951840568,4683.438350425487,1891,1969
6,3,0.046433358847117995,12547.896056002312,4682.634036592419,1930,1930
6,3,0.06408187883135064,12547.095522554626,4682.387767602892,1969,1891
6,3,0.0996364565717821,12544.84748527655,4681.69611738562,2007,1853
6,3,0.12116469809412912,12542.1909329998,4680.87862018602,2046,1814
6,3,0.15702307204106905,12548.502806847922,4682.820681559078,2084,1776
6,3,0.18197055918707805,12543.955617683514,4681.421683496012,2123,1737
6,3,0.21153908311425407,12540.239959665963,4680.278139545526,2162,1698
6,3,0.23912208228362167,12546.147231163923,4682.096023342832,2200,1660
6,3,0.2709054936220265,12522.822220857797,4674.913074244335,2239,1621
6,3,0.30091878387089754,12524.921271340501,4675.560025526373,2277,1583
6,3,0.33170526859083266,12523.935509690204,4675.256216054716,2316,1544
6,3,0.3585435160218024,12529.196509718935,4676.877367485497,2354,1506
6,3,0.38968290523578314,12529.313930288807,4676.913542293317,2393,1467
6,3,0.415900206963487,12527.73447161202,4676.426915903594,2432,1428
6,3,0.4569099888233425,12523.43214965655,4675.101072427921,2470,1390
6,3,0.4959772314817739,12528.340927426925,4676.613770341785,2509,1351
6,3,0.5332941303284421,12531.086116821625,4677.459474522269,2547,1313
6,3,0.5686975279580176,12526.689747569813,4676.105005907181,2586,1274
6,3,0.6146783594549794,12525.341839268707,4675.6896363169535,2625,1235
6,3,0.6571693960172094,12521.554071221242,4674.522163522966,2663,1197
6,3,0.6913157900963302,12525.073384327905,4675.606904269418,2702,1158
6,3,0.7367728459018735,12520.374503696445,4674.158522948283,2740,1120
6,3,0.7768813383868994,12520.722336716592,4674.265757504852,2779,1081
6,3,0.8068590147782929,12521.900801046115,4674.629047907004,2818,1042
6,3,0.8561211739231992,12518.836293089182,4673.684267349758,2856,1004
6,3,0.8964178505773426,12521.112683659852,4674.386095267631,2895,965
6,3,0.9308580614154667,12521.516882491514,4674.510699394064,2933,927
6,3,0.9895422223572032,12522.10545230785,4674.692133170784,2972,888
6,3,1.0300054798181086,12518.787025891508,4673.669076500323,3011,849
6,3,1.0710763770754794,12515.481723112345,4672.649796174653,3049,811
6,3,1.1384611329739254,12508.969704169987,4670.640849544359,3088,772
6,3,1.1968104955701255,12518.944882317865,4673.717749104374,3126,734
6,3,1.2680463170022065,12513.562372563092,4672.057788496987,3165,695
6,3,1.3257097216463023,12513.377612557026,4672.00079602217,3203,657
6,3,1.3913031325727445,12503.379338673058,4668.915396957679,3242,618
6,3,1.462688386223113,12494.261111345786,4666.099422456835,3281,579
6,4,-1.4442685856155595,12533.8313297065,4678.305000688521,579,3281
6,4,-1.3518565947943195,12541.734946171684,4680.73828257179,618,3242
6,4,-1.2684936314160526,12541.774278076295,4680.750387827911,657,3203
6,4,-1.1990151371735376,12534.483859882554,4678.505952883441,695,3165
6,4,-1.1152880721871403,12527.204500071293,4676.263619545153,734,3126
6,4,-1.048332791565912,12532.669919736354,4677.947308767869,772,3088
6,4,-1.0088733897528053,12531.121547215589,4677.470388271173,811,3049
6,4,-0.9512599635671165,12529.95500489766,4677.111037918358,849,3011
6,4,-0.8952803984472915,12536.511899087702,4679.130437959678,888,2972
6,4,-0.8561001435860882,12535.433621535578,4678.798421335731,927,2933
6,4,-0.8054367913997035,12533.3342177046,4678.151903815725,965,2895
6,4,-0.7762357880665067,12544.473600023957,4681.581072656413,1004,2856
6,4,-0.7250910713002773,12545.013322041072,4681.74714436548,1042,2818
6,4,-0.689063831548832,12545.998908006894,4682.050389351784,1081,2779
6,4,-0.646198881103964,12542.788592702334,4681.062552283701,1120,2740
6,4,-0.5946228984850169,12537.425964483018,4679.411869017431,1158,2702
6,4,-0.5596505265950628,12533.964318541288,4678.345956575468,1197,2663
6,4,-0.5262703259779633,12534.834683695572,4678.613987724195,1235,2625
6,4,-0.4804383281752421,12536.247432543638,4679.049007683368,1274,2586
6,4,-0.44138517836454405,12545.966085662412,4682.0402909597515,1313,2547
6,4,-0.4018554218056432,12551.84908183564,4683.849880001108,1351,2509
6,4,-0.36886352052040994,12550.640817282183,4683.478291270374,1390,2470
6,4,-0.3324118346759487,12544.176052939447,4681.4895147796715,1428,2432
6,4,-0.2950223052985865,12552.942577710095,4684.186142029115,1467,2393
6,4,-0.2732219759759777,12552.693204825448,4684.109459698255,1506,2354
6,4,-0.24232682708194422,12550.982654247518,4683.583423170529,1544,2316
6,4,-0.21371575929727418,12556.78989284817,4685.369001031425,1583,2277
6,4,-0.18996034725579386,12557.721329728185,4685.655317283144,1621,2239
6,4,-0.14971714095093272,12557.993588994923,4685.739003594527,1660,2200
6,4,-0.12207299677806258,12559.909093198476,4686.327734774323,1698,2162
6,4,-0.0959338188545707,12558.88264236736,4686.012265761959,1737,2123
6,4,-0.06364570075428265,12559.848973469645,4686.309258310284,1776,2084
6,4,-0.03383440826637684,12559.301200694412,4686.140908433949,1814,2046
6,4,0.0,12554.517903987566,4684.670520721533,1879,1981
6,4,0.014776657915577507,12554.086125705662,4684.537764303346,1891,1969
6,4,0.046433358847117995,12560.990671843378,4686.660118853791,1930,1930
6,4,0.06408187883135064,12561.788483585518,4686.905279097142,1969,1891
6,4,0.0996364565717821,12560.975702846143,4686.655518869183,2007,1853
6,4,0.12116469809412912,12560.33155169143,4686.457565519658,2046,1814
6,4,0.15702307204106905,12560.65487943916,4686.556928266398,2084,1776
6,4,0.18197055918707805,12558.81526299065,4685.991556507864,2123,1737
6,4,0.21153908311425407,12556.522296017525,4685.286739977321,2162,1698
6,4,0.23912208228362167,12554.382278661928,4684.628821264117,2200,1660
6,4,0.2709054936220265,12555.400441252626,4684.94185524343,2239,1621
6,4,0.30091878387089754,12553.823218844169,4684.456927586002,2277,1583
6,4,0.33170526859083266,12554.65469892686,4684.712579332864,2316,1544
6,4,0.3585435160218024,12554.179957502649,4684.566614621817,2354,1506
6,4,0.38968290523578314,12557.206641403644,4685.497108831557,2393,1467
6,4,0.415900206963487,12556.269216014538,4685.208939880021,2432,1428
6,4,0.4569099888233425,12558.2592588874,4685.820662733031,2470,1390
6,4,0.4959772314817739,12558.6041071414,4685.926656402791,2509,1351
6,4,0.5332941303284421,12554.302116201798,4684.604174246277,2547,1313
6,4,0.5686975279580176,12554.667390268789,4684.7164813561585,2586,1274
6,4,0.6146783594549794,12553.507637076487,4684.35989253036,2625,1235
6,4,0.6578851968977814,12553.596793322566,4684.387306532705,2663,1197
6,4,0.6916210914940838,12556.311999069989,4685.222092060008,2702,1158
6,4,0.7376728753458554,12550.846542538562,4683.541562380827,2740,1120
6,4,0.7770723058554525,12545.43847243326,4681.877957515235,2779,1081
6,4,0.8073521063973877,12546.940513878175,4682.340080296615,2818,1042
6,4,0.8575298749670094,12551.329249111692,4683.690015438281,2856,1004
6,4,0.8976121566053823,12549.302605464676,4683.066696906716,2895,965
6,4,0.9316025270031019,12551.039986179894,4683.601055316126,2933,927
6,4,0.9898754586020173,12545.162001199002,4681.792891479019,2972,888
6,4,1.030273649108347,12546.95802341507,4682.345467009431,3011,849
6,4,1.0726674269262,12533.010894469226,4678.052325861059,3049,811
6,4,1.1392275017854465,12533.90151471833,4678.32661525952,3088,772
6,4,1.1998969720980641,12537.262056948042,4679.361405132538,3126,734
6,4,1.2704071513054331,12540.271902133774,4680.287971715335,3165,695
6,4,1.3317083659910738,12543.412784334416,4681.2546403295655,3203,657
6,4,1.391422701120686,12532.208173820121,4677.805090702399,3242,618
6,4,1.4642760127042185,12537.844343206525,4679.540676551951,3281,579
6,5,-1.446499984133564,12533.658771993112,4678.251858329954,579,3281
6,5,-1.3546758380244805,12532.353984707874,4677.850001123987,618,3242
6,5,-1.2708894551910253,12541.43065589341,4680.644629283139,657,3203
6,5,-1.2027402632556472,12528.19270491874,4676.568102502011,695,3165
6,5,-1.1178160561435215,12530.37797782588,4677.241337504099,734,3126
6,5,-1.049391728269892,12526.692452539835,4676.10583942213,772,3088
6,5,-1.0090440484433723,12524.203904004546,4675.338936933604,811,3049
6,5,-0.9523998743995448,12532.610911660653,4677.929134531264,849,3011
6,5,-0.8962798603058176,12535.11066098426,4678.69897174149,888,2972
6,5,-0.8568231210541897,12533.583709174825,4678.228741110035,927,2933
6,5,-0.8066849746872924,12539.575573114716,4680.073629900305,965,2895
6,5,-0.7765502791103138,12538.792508890085,4679.832575307106,1004,2856
6,5,-0.7285176570261738,12551.03155541418,4683.598462481857,1042,2818
6,5,-0.690286345950179,12554.832044134466,4684.767104740601,1081,2779
6,5,-0.6477688511172324,12553.73081921702,4684.42851680889,1120,2740
6,5,-0.5951559511027569,12552.611136006717,4684.084223147763,1158,2702
6,5,-0.5610140914008871,12554.70601777611,4684.728357572728,1197,2663
6,5,-0.526445862655498,12553.281080969398,4684.290229573205,1235,2625
6,5,-0.4849365765606378,12554.510225324388,4684.668159846415,1274,2586
6,5,-0.4423351679452795,12557.223974283977,4685.502436837524,1313,2547
6,5,-0.40304543229539014,12549.095201278531,4683.002901586815,1351,2509
6,5,-0.3700741532666932,12551.82846404432,4683.843539521763,1390,2470
6,5,-0.3329175395041652,12550.881217694081,4683.552226674662,1428,2432
6,5,-0.2960872221517585,12542.137997189466,4680.862328561999,1467,2393
6,5,-0.27344611057695556,12542.246374365637,4680.895682850773,1506,2354
6,5,-0.24320783857895012,12539.694364995328,4680.110196886528,1544,2316
6,5,-0.21522892568011676,12539.470394193042,4680.041253019765,1583,2277
6,5,-0.19060114202093786,12547.367155548094,4682.471332122148,1621,2239
6,5,-0.14991537927850718,12548.561477537718,4682.83872899762,1660,2200
6,5,-0.12288377199306484,12549.954796382302,4683.26729702028,1698,2162
6,5,-0.0959338188545707,12550.753318634455,4683.512891358117,1737,2123
6,5,-0.06364570075428265,12540.761810563234,4680.438766659404,1776,2084
6,5,-0.03383440826637684,12540.661157471754,4680.407785886614,1814,2046
6,5,0.0,12539.235067143014,4679.968812086597,1879,1981
6,5,0.014776657915577507,12536.787273805206,4679.215225079417,1891,1969
6,5,0.046433358847117995,12540.711931005884,4680.42341388601,1930,1930
6,5,0.06408187883135064,12546.465794866523,4682.194032736339,1969,1891
6,5,0.0996364565717821,12538.363620032804,4679.700541915379,2007,1853
6,5,0.12116469809412912,12536.45414452247,4679.11265525129,2046,1814
6,5,0.15702307204106905,12533.927935704105,4678.334751983546,2084,1776
6,5,0.18197055918707805,12534.7641208249,4678.592258403122,2123,1737
6,5,0.21153908311425407,12529.935852934232,4677.105137926275,2162,1698
6,5,0.23912208228362167,12527.58695834516,4676.381464384508,2200,1660
6,5,0.2709054936220265,12530.722426810395,4677.34744402447,2239,1621
6,5,0.30091878387089754,12530.346749394814,4677.231717531395,2277,1583
6,5,0.33170526859083266,12528.80957894284,4676.758159852571,2316,1544
6,5,0.3585435160218024,12527.369816854489,4676.314558170178,2354,1506
6,5,0.38968290523578314,12529.899708122362,4677.094003058811,2393,1467
6,5,0.415900206963487,12534.916675230286,4678.639236265312,2432,1428
6,5,0.4569099888233425,12535.758752726591,4678.898536749362,2470,1390
6,5,0.4959772314817739,12533.383300620695,4678.167020278899,2509,1351
6,5,0.5332941303284421,12538.634136552113,4679.78382092467,2547,1313
6,5,0.5686975279580176,12546.781733079373,4682.291231913155,2586,1274
6,5,0.6146783594549794,12549.84248373204,4683.232752770765,2625,1235
6,5,0.6578851968977814,12549.080347185134,4682.998332585343,2663,1197
6,5,0.6916210914940838,12553.37697722421,4684.319716535803,2702,1158
6,5,0.7376728753458554,12555.12441934105,4684.856994844481,2740,1120
6,5,0.7770723058554525,12543.608439047326,4681.314848927877,2779,1081
6,5,0.8073521063973877,12539.782567356626,4680.1373474619195,2818,1042
6,5,0.8575298749670094,12538.383222358469,4679.706576587862,2856,1004
6,5,0.8976121566053823,12538.845965996148,4679.849031755316,2895,965
6,5,0.9316025270031019,12541.512894061834,4680.669940453616,2933,927
6,5,0.9898754586020173,12539.344519278111,4680.002505002897,2972,888
6,5,1.030273649108347,12537.998640806687,4679.5881795401465,3011,849
6,5,1.0726674269262,12532.462215903368,4677.883336490283,3049,811
6,5,1.1392275017854465,12539.255244049611,4679.975023214819,3088,772
6,5,1.1998969720980641,12535.895833209002,4678.940746222239,3126,734
6,5,1.2704071513054331,12535.969670317343,4678.963481765245,3165,695
6,5,1.3317083659910738,12548.250955210508,4682.743209601576,3203,657
6,5,1.391422701120686,12542.02968874733,4680.82899513895,3242,618
6,5,1.4642760127042185,12537.151806444472,4679.32746081415,3281,579
7,1,-1.4442685856155595,12484.900587290631,4679.7233260588955,579,3281
7,1,-1.3546758380244805,12457.481300692049,4671.236687583057,618,3242
7,1,-1.2708894551910253,12479.764519397864,4678.135063427607,657,3203
7,1,-1.2027402632556472,12453.29385865543,4669.938973938242,695,3165
7,1,-1.1178160561435215,12453.800097845717,4670.0958837148855,734,3126
7,1,-1.049391728269892,12461.059380430059,4672.345210594928,772,3088
7,1,-1.0090440484433723,12461.897085928686,4672.604693712854,811,3049
7,1,-0.9523998743995448,12462.223982583544,4672.7059467186755,849,3011
7,1,-0.8962798603058176,12454.385227281124,4670.277237722944,888,2972
7,1,-0.8568231210541897,12457.952141265614,4671.382576645626,927,2933
7,1,-0.8066849746872924,12463.618349789365,4673.137808346324,965,2895
7,1,-0.7765502791103138,12469.881868917604,4675.077141703575,1004,2856
7,1,-0.7285176570261738,12474.591232810197,4676.534630484136,1042,2818
7,1,-0.690286345950179,12470.233508786905,4675.185988825975,1081,2779
7,1,-0.6477688511172324,12468.11833389265,4674.531208176242,1120,2740
7,1,-0.5951559511027569,12462.666223393197,4672.842922208745,1158,2702
7,1,-0.5610140914008871,12464.552087607864,4673.426977420336,1197,2663
7,1,-0.526445862655498,12481.064331493051,4678.537075293633,1235,2625
7,1,-0.4849365765606378,12478.012060251203,4677.592988511948,1274,2586
7,1,-0.4423351679452795,12471.326858421962,4675.524406273151,1313,2547
7,1,-0.40304543229539014,12491.113243541213,4681.64363678456,1351,2509
7,1,-0.3700741532666932,12491.505807991267,4681.764945024836,1390,2470
7,1,-0.3329175395041652,12503.861879450738,4685.581207327111,1428,2432
7,1,-0.2960872221517585,12504.720028906155,4685.846112943219,1467,2393
7,1,-0.27344611057695556,12499.505574333816,4684.236161468584,1506,2354
7,1,-0.24320783857895012,12509.733193823044,4687.393283826065,1544,2316
7,1,-0.21522892568011676,12513.3427850176,4688.506897685481,1583,2277
7,1,-0.19060114202093786,12516.009818082344,4689.329511664527,1621,2239
7,1,-0.14991537927850718,12521.06258802288,4690.887496713169,1660,2200
7,1,-0.12288377199306484,12524.099470294694,4691.823594918432,1698,2162
7,1,-0.09698507446101522,12527.060214355437,4692.736005543053,1737,2123
7,1,-0.0638138180391755,12525.94782822788,4692.393227506348,1776,2084
7,1,-0.03493310106013494,12529.353130748028,4693.442463979718,1814,2046
7,1,0.0,12527.147797741354,4692.762992775655,1880,1980
7,1,0.014259833943413326,12525.623351214723,4692.293235273376,1891,1969
7,1,0.046274606026509846,12518.33913780564,4690.047818673325,1930,1930
7,1,0.06359654759323252,12515.456067193096,4689.158728343833,1969,1891
7,1,0.09839192907732416,12516.423203698101,4689.45699974973,2007,1853
7,1,0.12090254948730463,12517.793626787507,4689.879607987583,2046,1814
7,1,0.1568294067747396,12510.510323431967,4687.633067286953,2084,1776
7,1,0.18070855616057635,12509.590373361716,4687.349214930337,2123,1737
7,1,0.21130921972226868,12510.303019831368,4687.569105185693,2162,1698
7,1,0.23912208228362167,12502.284843258527,4685.094338256277,2200,1660
7,1,0.2709054936220265,12503.691079883938,4685.528480350671,2239,1621
7,1,0.30091878387089754,12501.741142783798,4684.926470582971,2277,1583
7,1,0.33170526859083266,12493.166147524198,4682.277972421632,2316,1544
7,1,0.3585435160218024,12493.256219970772,4682.305801907474,2354,1506
7,1,0.38968290523578314,12496.641544523925,4683.351612736975,2393,1467
7,1,0.415900206963487,12495.310728912336,4682.940524542713,2432,1428
7,1,0.4569099888233425,12501.188145431257,4684.7557250069995,2470,1390
7,1,0.4959772314817739,12503.617060727902,4685.505629915055,2509,1351
7,1,0.5332941303284421,12498.798051076517,4684.017663460494,2547,1313
7,1,0.5686975279580176,12507.429666734826,4686.682442661925,2586,1274
7,1,0.6146783594549794,12507.580392748041,4686.72895892633,2625,1235
7,1,0.6571693960172094,12511.483792423225,4687.9334102804605,2663,1197
7,1,0.6913157900963302,12510.304399909011,4687.56953100267,2702,1158
7,1,0.7367728459018735,12512.524518414742,4688.254478134953,2740,1120
7,1,0.7768813383868994,12514.139701517199,4688.752715273498,2779,1081
7,1,0.8068590147782929,12512.952706240949,4688.386567924449,2818,1042
7,1,0.8561211739231992,12521.253878918684,4690.946467524339,2856,1004
7,1,0.8964178505773426,12521.457625803516,4691.009277254453,2895,965
7,1,0.9308580614154667,12520.597345352024,4690.74406878431,2933,927
7,1,0.9895422223572032,12522.59913108277,4691.361153983032,2972,888
7,1,1.0300054798181086,12516.975027389468,4689.627175562806,3011,849
7,1,1.0710763770754794,12518.412403514852,4690.070409913814,3049,811
7,1,1.1384611329739254,12514.62807746802,4688.903352427277,3088,772
7,1,1.1968104955701255,12516.04378946398,4689.33998859424,3126,734
7,1,1.2680463170022065,12512.814634250459,4688.34397519384,3165,695
7,1,1.3257097216463023,12515.938416531197,4689.307491006378,3203,657
7,1,1.3913031325727445,12521.495692414088,4691.021012061841,3242,618
7,1,1.462688386223113,12536.654294860244,4695.691126384676,3281,579
7,2,-1.4442685856155595,12552.121040317195,4700.450357891947,579,3281
7,2,-1.3546758380244805,12552.59356477816,4700.595664815226,618,3242
7,2,-1.2708894551910253,12547.3762965147,4698.990989120532,657,3203
7,2,-1.2027402632556472,12549.007462313555,4699.4927586227,695,3165
7,2,-1.1178160561435215,12551.854270982087,4700.368320714903,734,3126
7,2,-1.049391728269892,12553.5984142846,4700.904649873586,772,3088
7,2,-1.0090440484433723,12550.421699818547,4699.927745150862,811,3049
7,2,-0.9523998743995448,12553.388979905578,4700.840252127226,849,3011
7,2,-0.8962798603058176,12553.898418168184,4700.996894432925,888,2972
7,2,-0.8568231210541897,12549.677192994825,4699.698758296852,927,2933
7,2,-0.8066849746872924,12547.904363406082,4699.153437050775,965,2895
7,2,-0.7765502791103138,12545.631559891623,4698.454211432144,1004,2856
7,2,-0.7285176570261738,12542.600000820028,4697.521358269895,1042,2818
7,2,-0.690286345950179,12544.084253420697,4697.978111740159,1081,2779
7,2,-0.6477688511172324,12543.812720060701,4697.89455601042,1120,2740
7,2,-0.5951559511027569,12544.900663563056,4698.229325024478,1158,2702
7,2,-0.5610140914008871,12547.044725367181,4698.888985202738,1197,2663
7,2,-0.526445862655498,12545.860212891184,4698.524562018416,1235,2625
7,2,-0.4849365765606378,12544.31599919797,4698.04942267998,1274,2586
7,2,-0.4423351679452795,12550.986805465605,4700.101544784262,1313,2547
7,2,-0.40304543229539014,12553.542937218983,4700.887591661321,1351,2509
7,2,-0.3700741532666932,12547.836593912105,4699.132589668966,1390,2470
7,2,-0.3329175395041652,12547.277466307267,4698.960585465291,1428,2432
7,2,-0.2960872221517585,12533.532881007572,4694.729932321859,1467,2393
7,2,-0.27344611057695556,12534.641497111803,4695.0713419594795,1506,2354
7,2,-0.24320783857895012,12537.939444997693,4696.086800156013,1544,2316
7,2,-0.21522892568011676,12536.668949438686,4695.695638484825,1583,2277
7,2,-0.19060114202093786,12536.574378265184,4695.666520215207,1621,2239
7,2,-0.14991537927850718,12536.97390707239,4695.789532816247,1660,2200
7,2,-0.12288377199306484,12535.100034194806,4695.212544304017,1698,2162
7,2,-0.09698507446101522,12538.931794270547,4696.392298250945,1737,2123
7,2,-0.0638138180391755,12537.360370602599,4695.90851896441,1776,2084
7,2,-0.03493310106013494,12535.461916637767,4695.323979080204,1814,2046
7,2,0.0,12522.974488317941,4691.476853383643,1880,1980
7,2,0.014259833943413326,12524.922380724489,4692.077212347411,1891,1969
7,2,0.046274606026509846,12512.53503459255,4688.257722278789,1930,1930
7,2,0.06359654759323252,12508.04522196688,4686.872408529595,1969,1891
7,2,0.09839192907732416,12506.539685057593,4686.407769799953,2007,1853
7,2,0.12090254948730463,12508.02378969664,4686.865794495784,2046,1814
7,2,0.1568294067747396,12516.748953197664,4689.557457898661,2084,1776
7,2,0.18070855616057635,12523.385571550243,4691.603560919033,2123,1737
7,2,0.21130921972226868,12518.984110565076,4690.246689361479,2162,1698
7,2,0.23912208228362167,12519.866577453235,4690.518772312263,2200,1660
7,2,0.2709054936220265,12521.658565763557,4691.071220683525,2239,1621
7,2,0.30091878387089754,12525.950346076159,4692.394003407183,2277,1583
7,2,0.33170526859083266,12523.792407607194,4691.728955259367,2316,1544
7,2,0.3585435160218024,12525.185995567903,4692.158453776017,2354,1506
7,2,0.38968290523578314,12521.401854387244,4690.992084515982,2393,1467
7,2,0.415900206963487,12522.52175595759,4691.337303590411,2432,1428
7,2,0.4569099888233425,12528.385833011305,4693.144450717547,2470,1390
7,2,0.4959772314817739,12525.966264395047,4692.398908797207,2509,1351
7,2,0.5332941303284421,12527.033486631299,4692.727769841821,2547,1313
7,2,0.5686975279580176,12527.292405434946,4692.807550601952,2586,1274
7,2,0.6146783594549794,12533.79146541251,4694.809568727349,2625,1235
7,2,0.6571693960172094,12531.094046146649,4693.978761947751,2663,1197
7,2,0.6913157900963302,12526.559558648616,4692.581733941097,2702,1158
7,2,0.7367728459018735,12523.057030069294,4691.502295431018,2740,1120
7,2,0.7768813383868994,12516.42910091329,4689.45881841988,2779,1081
7,2,0.8068590147782929,12513.278691198233,4688.487126567515,2818,1042
7,2,0.8561211739231992,12507.855395359658,4686.813827332372,2856,1004
7,2,0.8964178505773426,12514.316279459203,4688.807180547477,2895,965
7,2,0.9308580614154667,12512.812922705398,4688.343447209963,2933,927
7,2,0.9895422223572032,12507.506616460672,4686.706190549059,2972,888
7,2,1.0300054798181086,12514.75220365485,4688.941637600605,3011,849
7,2,1.0710763770754794,12493.805858145448,4682.475618058566,3049,811
7,2,1.1384611329739254,12494.334878471294,4682.639057065861,3088,772
7,2,1.1968104955701255,12484.082569143357,4679.470408266462,3126,734
7,2,1.2680463170022065,12481.94561620187,4678.809619268465,3165,695
7,2,1.3257097216463023,12484.71470897229,4679.665856986961,3203,657
7,2,1.3913031325727445,12498.650210360056,4683.972005586972,3242,618
7,2,1.462688386223113,12512.09492271323,4688.121949493557,3281,579
7,3,-1.4442685856155595,12525.078206444694,4692.125235282811,579,3281
7,3,-1.3518565947943195,12524.756796214182,4692.026181257928,618,3242
7,3,-1.2684936314160526,12522.633080768319,4691.3716187122145,657,3203
7,3,-1.1990151371735376,12524.126804091866,4691.832019343852,695,3165
7,3,-1.1152880721871403,12534.55739898358,4695.0454441415,734,3126
7,3,-1.048332791565912,12532.844951991163,4694.5180623802435,772,3088
7,3,-1.0088733897528053,12538.244808042542,4696.180809782141,811,3049
7,3,-0.9512599635671165,12536.387842320793,4695.609085538042,849,3011
7,3,-0.8952803984472915,12534.215422782047,4694.940131596098,888,2972
7,3,-0.8561001435860882,12537.154188258271,4695.845039063553,927,2933
7,3,-0.8054367913997035,12538.78512198826,4696.347146213258,965,2895
7,3,-0.7762357880665067,12542.084211582322,4697.362620257412,1004,2856
7,3,-0.7250910713002773,12543.761065520901,4697.878660768788,1042,2818
7,3,-0.689063831548832,12533.40599363567,4694.690854135409,1081,2779
7,3,-0.646198881103964,12532.290073238084,4694.347161087664,1120,2740
7,3,-0.5946228984850169,12534.300789372737,4694.966420749974,1158,2702
7,3,-0.5596505265950628,12536.422711440371,4695.619821853484,1197,2663
7,3,-0.5262703259779633,12534.22034272938,4694.941646728265,1235,2625
7,3,-0.4804383281752421,12534.523215203457,4695.034917278286,1274,2586
7,3,-0.44138517836454405,12526.603475268663,4692.595266615846,1313,2547
7,3,-0.4018554218056432,12532.460322631432,4694.399598287154,1351,2509
7,3,-0.36886352052040994,12532.94773055856,4694.54971709591,1390,2470
7,3,-0.3324118346759487,12529.205663241986,4693.397032430521,1428,2432
7,3,-0.2950223052985865,12525.797860972027,4692.347013273234,1467,2393
7,3,-0.2732219759759777,12525.048400191361,4692.116049529808,1506,2354
7,3,-0.24232682708194422,12529.564949733804,4693.507719892403,1544,2316
7,3,-0.21371575929727418,12537.269910366376,4695.880667984522,1583,2277
7,3,-0.18996034725579386,12546.368981341588,4698.681092249639,1621,2239
7,3,-0.14971714095093272,12543.927203773012,4697.929784941432,1660,2200
7,3,-0.12207299677806258,12543.033235085051,4697.654684325286,1698,2162
7,3,-0.0959338188545707,12542.575182832226,4697.51372049721,1737,2123
7,3,-0.06364570075428265,12543.087012426146,4697.671233758564,1776,2084
7,3,-0.03383440826637684,12541.323478247828,4697.128486944399,1814,2046
7,3,0.0,12544.070629401549,4697.9739194259655,1879,1981
7,3,0.014776657915577507,12546.15785420098,4698.616136594267,1891,1969
7,3,0.046433358847117995,12544.17321205539,4698.005485528904,1930,1930
7,3,0.06408187883135064,12543.64990966054,4697.844455435969,1969,1891
7,3,0.0996364565717821,12540.714172179089,4696.940948638414,2007,1853
7,3,0.12116469809412912,12538.039991560814,4696.117754857873,2046,1814
7,3,0.15702307204106905,12543.975202692058,4697.944555074424,2084,1776
7,3,0.18197055918707805,12539.525875942356,4696.575176742418,2123,1737
7,3,0.21153908311425407,12536.15136177076,4695.536271618739,2162,1698
7,3,0.23912208228362167,12542.048884662601,4697.351747893627,2200,1660
7,3,0.2709054936220265,12519.125370851842,4690.2902441440265,2239,1621
7,3,0.30091878387089754,12521.267086710426,4690.950539165225,2277,1583
7,3,0.33170526859083266,12520.184844283367,4690.6168959098295,2316,1544
7,3,0.3585435160218024,12525.211383380924,4692.166277760346,2354,1506
7,3,0.38968290523578314,12525.312454718864,4692.197425641082,2393,1467
7,3,0.415900206963487,12523.617801145936,4691.6751388420325,2432,1428
7,3,0.4569099888233425,12519.674144725213,4690.459442922925,2470,1390
7,3,0.4959772314817739,12524.591033347402,4691.97509452544,2509,1351
7,3,0.5332941303284421,12527.452490514645,4692.856876860129,2547,1313
7,3,0.5686975279580176,12523.089746506685,4691.512379652711,2586,1274
7,3,0.6146783594549794,12521.873419355954,4691.137452145379,2625,1235
7,3,0.6571693960172094,12518.164950974302,4689.994108205874,2663,1197
7,3,0.6913157900963302,12521.587617016301,4691.049349544103,2702,1158
7,3,0.7367728459018735,12516.052434581889,4689.342654783665,2740,1120
7,3,0.7768813383868994,12517.198758546494,4689.696169432828,2779,1081
7,3,0.8068590147782929,12518.452980926868,4690.082921768471,2818,1042
7,3,0.8561211739231992,12515.458339740067,4689.159429239627,2856,1004
7,3,0.8964178505773426,12517.5137495239,4689.793303775589,2895,965
7,3,0.9308580614154667,12517.937783577003,4689.924060070755,2933,927
7,3,0.9895422223572032,12518.501119627133,4690.097765058296,2972,888
7,3,1.0300054798181086,12515.289817017809,4689.107453349505,3011,849
7,3,1.0710763770754794,12510.430519583733,4687.608444483509,3049,811
7,3,1.1384611329739254,12503.524070535164,4685.4769227436045,3088,772
7,3,1.1968104955701255,12513.799145987072,4688.647669120527,3126,734
7,3,1.2680463170022065,12509.57050033076,4687.343082838228,3165,695
7,3,1.3257097216463023,12509.760767281226,4687.401791875729,3203,657
7,3,1.3913031325727445,12494.376334539887,4682.65186448305,3242,618
7,3,1.462688386223113,12486.395584084277,4680.185511729256,3281,579
7,4,-1.4442685856155595,12516.129701504746,4689.366484134267,579,3281
7,4,-1.3518565947943195,12524.659438995088,4691.996176657249,618,3242
7,4,-1.2684936314160526,12525.725325563755,4692.324660406796,657,3203
7,4,-1.1990151371735376,12520.694789905376,4690.774110043676,695,3165
7,4,-1.1152880721871403,12511.37162529283,4687.898804707588,734,3126
7,4,-1.048332791565912,12516.572493734913,4689.503039748223,772,3088
7,4,-1.0088733897528053,12520.613402113213,4690.749018952161,811,3049
7,4,-0.9512599635671165,12518.64496881398,4690.142119783014,849,3011
7,4,-0.8952803984472915,12524.371156368066,4691.907329231707,888,2972
7,4,-0.8561001435860882,12525.250072309793,4692.178200835352,927,2933
7,4,-0.8054367913997035,12523.228927292928,4691.555279197503,965,2895
7,4,-0.7762357880665067,12536.62631631695,4695.682511861607,1004,2856
7,4,-0.7250910713002773,12538.4920664661,4696.25692953566,1042,2818
7,4,-0.689063831548832,12537.92050792618,4696.080970079103,1081,2779
7,4,-0.646198881103964,12536.248808523567,4695.566276282297,1120,2740
7,4,-0.5946228984850169,12531.27525528985,4694.034580077661,1158,2702
7,4,-0.5596505265950628,12525.049796844061,4692.116479953624,1197,2663
7,4,-0.5262703259779633,12527.833588299984,4692.974300181251,1235,2625
7,4,-0.4804383281752421,12530.294054479975,4693.732329641447,1274,2586
7,4,-0.44138517836454405,12540.039830574311,4696.733382422918,1313,2547
7,4,-0.4018554218056432,12547.43835491447,4699.010080349252,1351,2509
7,4,-0.36886352052040994,12546.311987313187,4698.663557499175,1390,2470
7,4,-0.3324118346759487,12540.117770496061,4696.757373348553,1428,2432
7,4,-0.2950223052985865,12548.985432157055,4699.485982271743,1467,2393
7,4,-0.2732219759759777,12548.760097743514,4699.416670003415,1506,2354
7,4,-0.24232682708194422,12546.998272374978,4698.874694277205,1544,2316
7,4,-0.21371575929727418,12552.861488765886,4700.678052215929,1583,2277
7,4,-0.18996034725579386,12553.577338920339,4700.898169582306,1621,2239
7,4,-0.14971714095093272,12554.056627311678,4701.045539357833,1660,2200
7,4,-0.12207299677806258,12555.750598847339,4701.566350217006,1698,2162
7,4,-0.0959338188545707,12554.67938343051,4701.2370136413765,1737,2123
7,4,-0.06364570075428265,12555.503409421279,4701.4903563073185,1776,2084
7,4,-0.03383440826637684,12555.412565656032,4701.462427661928,1814,2046
7,4,0.0,12550.617230600175,4699.987882009675,1879,1981
7,4,0.014776657915577507,12550.225077729978,4699.867271708196,1891,1969
7,4,0.046433358847117995,12556.971550254184,4701.941687658017,1930,1930
7,4,0.06408187883135064,12557.744767380718,4702.179366481191,1969,1891
7,4,0.0996364565717821,12556.954132297979,4701.936333392674,2007,1853
7,4,0.12116469809412912,12556.321698996122,4701.7419188876065,2046,1814
7,4,0.15702307204106905,12556.52336981349,4701.8039149977985,2084,1776
7,4,0.18197055918707805,12554.9009433731,4701.305132770991,2123,1737
7,4,0.21153908311425407,12552.429900613532,4700.545336746316,2162,1698
7,4,0.23912208228362167,12550.112795117579,4699.832737441282,2200,1660
7,4,0.2709054936220265,12550.63933926624,4699.994681625524,2239,1621
7,4,0.30091878387089754,12549.013118864783,4699.494498543796,2277,1583
7,4,0.33170526859083266,12549.659855646463,4699.693425712605,2316,1544
7,4,0.3585435160218024,12548.076585879477,4699.2064159519505,2354,1506
7,4,0.38968290523578314,12553.061530612344,4700.7395645153765,2393,1467
7,4,0.415900206963487,12552.194727080103,4700.473017812851,2432,1428
7,4,0.4569099888233425,12554.483614912131,4701.176823145899,2470,1390
7,4,0.4959772314817739,12554.767548234067,4701.264120263252,2509,1351
7,4,0.5332941303284421,12550.492545639998,4699.949534386754,2547,1313
7,4,0.5686975279580176,12551.110699484956,4700.13964764914,2586,1274
7,4,0.6146783594549794,12550.017176635563,4699.803328243721,2625,1235
7,4,0.6578851968977814,12550.09317196982,4699.826702004724,2663,1197
7,4,0.6916210914940838,12552.649710228892,4700.612929849262,2702,1158
7,4,0.7376728753458554,12547.349998036894,4698.982898805209,2740,1120
7,4,0.7770723058554525,12542.10012419018,4697.367517579605,2779,1081
7,4,0.8073521063973877,12543.510719947362,4697.801622984676,2818,1042
7,4,0.8575298749670094,12547.75907751152,4699.108743786989,2856,1004
7,4,0.8976121566053823,12545.526357208382,4698.4218428695885,2895,965
7,4,0.9316025270031019,12547.365759312172,4698.987747517038,2933,927
7,4,0.9898754586020173,12541.556801567174,4697.20029911291,2972,888
7,4,1.030273649108347,12543.299979625801,4697.73677156526,3011,849
7,4,1.0726674269262,12529.009260566556,4693.3365241836655,3049,811
7,4,1.1392275017854465,12529.947936793327,4693.625705429997,3088,772
7,4,1.1998969720980641,12533.528561664016,4694.728602076895,3126,734
7,4,1.2704071513054331,12536.703009348641,4695.706125407179,3165,695
7,4,1.3317083659910738,12539.686996413264,4696.6247735954685,3203,657
7,4,1.391422701120686,12527.954898078267,4693.011677232421,3242,618
7,4,1.4642760127042185,12533.879095193004,4694.836555754475,3281,579
7,5,-1.446499984133564,12526.802226865939,4692.6565102786535,579,3281
7,5,-1.3546758380244805,12525.36700825875,4692.214237693169,618,3242
7,5,-1.2708894551910253,12534.900690739185,4695.15115892576,657,3203
7,5,-1.2027402632556472,12522.995075200097,4691.483198944746,695,3165
7,5,-1.1178160561435215,12525.258548347707,4692.18081295847,734,3126
7,5,-1.049391728269892,12521.757800043544,4691.101811104189,772,3088
7,5,-1.0090440484433723,12518.98585741653,4690.247227971169,811,3049
7,5,-0.9523998743995448,12527.380460849176,4692.834682778112,849,3011
7,5,-0.8962798603058176,12529.83577484006,4693.591152447049,888,2972
7,5,-0.8568231210541897,12528.37214488301,4693.14023339819,927,2933
7,5,-0.8066849746872924,12534.551024912898,4695.043481254555,965,2895
7,5,-0.7765502791103138,12533.598980382096,4694.750289145055,1004,2856
7,5,-0.7285176570261738,12546.139386714618,4698.610454810995,1042,2818
7,5,-0.690286345950179,12549.73559059659,4699.716720051158,1081,2779
7,5,-0.6477688511172324,12548.385206258225,4699.301351618332,1120,2740
7,5,-0.5951559511027569,12547.102074025383,4698.90662802777,1158,2702
7,5,-0.5610140914008871,12549.374308684413,4699.605596733501,1197,2663
7,5,-0.526445862655498,12548.225304718393,4699.252164104067,1235,2625
7,5,-0.4849365765606378,12549.642150172413,4699.687979893449,1274,2586
7,5,-0.4423351679452795,12551.706985640634,4700.323026629955,1313,2547
7,5,-0.40304543229539014,12543.249829633578,4697.721338676205,1351,2509
7,5,-0.3700741532666932,12545.86641657231,4698.526470712026,1390,2470
7,5,-0.3329175395041652,12544.95374728353,4698.245658571711,1428,2432
7,5,-0.2960872221517585,12535.60131014762,4695.366901787004,1467,2393
7,5,-0.27344611057695556,12536.021830015927,4695.496387355829,1506,2354
7,5,-0.24320783857895012,12533.51273460046,4694.723727750914,1544,2316
7,5,-0.21522892568011676,12533.331870960348,4694.668025993327,1583,2277
7,5,-0.19060114202093786,12541.824207072023,4697.282599441433,1621,2239
7,5,-0.14991537927850718,12543.266282537263,4697.726401811154,1660,2200
7,5,-0.12288377199306484,12544.431771291955,4698.085046640719,1698,2162
7,5,-0.0959338188545707,12545.469940346826,4698.404484524545,1737,2123
7,5,-0.06364570075428265,12535.427686726209,4695.313438771447,1776,2084
7,5,-0.03383440826637684,12535.109477866383,4695.215452342921,1814,2046
7,5,0.0,12533.722416062094,4694.78830371528,1879,1981
7,5,0.014776657915577507,12531.136059318114,4693.99170340118,1891,1969
7,5,0.046433358847117995,12534.032466698927,4694.8837885693365,1930,1930
7,5,0.06408187883135064,12538.887270822257,4696.378592074187,1969,1891
7,5,0.0996364565717821,12529.326575086912,4693.434282794348,2007,1853
7,5,0.12116469809412912,12526.178742303855,4692.464385404324,2046,1814
7,5,0.15702307204106905,12524.94214801372,4692.083304335361,2084,1776
7,5,0.18197055918707805,12526.815398048586,4692.6605688354475,2123,1737
7,5,0.21153908311425407,12521.596523183616,4691.05209502612,2162,1698
7,5,0.23912208228362167,12519.688607435452,4690.463901987005,2200,1660
7,5,0.2709054936220265,12523.320803762384,4691.58359792211,2239,1621
7,5,0.30091878387089754,12522.178860922664,4691.23160659246,2277,1583
7,5,0.33170526859083266,12522.042681292864,4691.189628576081,2316,1544
7,5,0.3585435160218024,12521.790869726196,4691.112005264507,2354,1506
7,5,0.38968290523578314,12524.346206335524,4691.899639646311,2393,1467
7,5,0.415900206963487,12529.592670175582,4693.5162597569015,2432,1428
7,5,0.4569099888233425,12531.066935783438,4693.970411031638,2470,1390
7,5,0.4959772314817739,12528.71098523785,4693.244628930821,2509,1351
7,5,0.5332941303284421,12533.826159565902,4694.8202533830745,2547,1313
7,5,0.5686975279580176,12541.921722379917,4697.312611632558,2586,1274
7,5,0.6146783594549794,12545.335089117687,4698.362993169934,2625,1235
7,5,0.6578851968977814,12544.391160137136,4698.072550314523,2663,1197
7,5,0.6916210914940838,12548.570923059153,4699.358479410875,2702,1158
7,5,0.7376728753458554,12550.688913150781,4700.009928244541,2740,1120
7,5,0.7770723058554525,12538.656182126095,4696.307452541012,2779,1081
7,5,0.8073521063973877,12534.863804526325,4695.139800160769,2818,1042
7,5,0.8575298749670094,12533.527152704624,4694.728168154115,2856,1004
7,5,0.8976121566053823,12534.150386898538,4694.920103285337,2895,965
7,5,0.9316025270031019,12536.394943644904,4695.611272061277,2933,927
7,5,0.9898754586020173,12534.218179234977,4694.940980465115,2972,888
7,5,1.030273649108347,12533.180430992805,4694.62138541823,3011,849
7,5,1.0726674269262,12527.758228971212,4692.951080852713,3049,811
7,5,1.1392275017854465,12534.080970775387,4694.898725930745,3088,772
7,5,1.1998969720980641,12531.51092573281,4694.107172797663,3126,734
7,5,1.2704071513054331,12531.422301596423,4694.079874383439,3165,695
7,5,1.3317083659910738,12543.981751864114,4697.946570368391,3203,657
7,5,1.391422701120686,12537.460811120214,4695.939442446989,3242,618
7,5,1.4642760127042185,12532.939709607037,4694.5472467367035,3281,579
8,1,-1.4442685856155595,12473.432940408868,4692.693049536022,579,3281
8,1,-1.3546758380244805,12444.452472175986,4683.71438573972,618,3242
8,1,-1.2708894551910253,12462.581066546956,4689.33339183454,657,3203
8,1,-1.2027402632556472,12440.270623687848,4682.417048794962,695,3165
8,1,-1.1178160561435215,12441.89623261179,4682.921414069223,734,3126
8,1,-1.049391728269892,12450.361235091272,4685.546721225293,772,3088
8,1,-1.0090440484433723,12448.011124728124,4684.818044997178,811,3049
8,1,-0.9523998743995448,12449.095482393886,4685.154278492783,849,3011
8,1,-0.8962798603058176,12443.133928303714,4683.305380280545,888,2972
8,1,-0.8568231210541897,12446.679369497468,4684.405059328894,927,2933
8,1,-0.8066849746872924,12450.47473157195,4685.581908511054,965,2895
8,1,-0.7765502791103138,12454.522625543545,4686.836666393089,1004,2856
8,1,-0.7285176570261738,12462.451727915626,4689.293331938045,1042,2818
8,1,-0.690286345950179,12456.110914752835,4687.32888963151,1081,2779
8,1,-0.6477688511172324,12453.853891779736,4686.629401794601,1120,2740
8,1,-0.5951559511027569,12447.364855316438,4684.6176383086695,1158,2702
8,1,-0.5610140914008871,12450.527185104613,4685.598170558402,1197,2663
8,1,-0.526445862655498,12467.910459391771,4690.983696777219,1235,2625
8,1,-0.4849365765606378,12466.701955291592,4690.609532081754,1274,2586
8,1,-0.4423351679452795,12460.286760692949,4688.622717550756,1313,2547
8,1,-0.40304543229539014,12478.919688113063,4694.39059259297,1351,2509
8,1,-0.3700741532666932,12477.2797636929,4693.883295135025,1390,2470
8,1,-0.3329175395041652,12484.584678390853,4696.1424990982905,1428,2432
8,1,-0.2960872221517585,12489.520252984654,4697.668184862201,1467,2393
8,1,-0.27344611057695556,12486.763251380824,4696.816014343544,1506,2354
8,1,-0.24320783857895012,12493.123590934276,4698.781668660704,1544,2316
8,1,-0.21522892568011676,12499.270426415918,4700.680389161116,1583,2277
8,1,-0.19060114202093786,12500.964022017888,4701.203366579355,1621,2239
8,1,-0.14991537927850718,12505.82085922778,4702.702751002818,1660,2200
8,1,-0.12288377199306484,12510.581445939193,4704.171856328492,1698,2162
8,1,-0.09698507446101522,12510.924745499688,4704.27777611553,1737,2123
8,1,-0.0638138180391755,12507.107736729506,4703.099933375284,1776,2084
8,1,-0.03493310106013494,12512.418738791752,4704.738690870415,1814,2046
8,1,0.0,12513.023136710946,4704.925139204086,1880,1980
8,1,0.014259833943413326,12511.354969942386,4704.410511131513,1891,1969
8,1,0.046274606026509846,12500.56467681197,4701.080056319926,1930,1930
8,1,0.06359654759323252,12495.98017266427,4699.66416573864,1969,1891
8,1,0.09839192907732416,12498.138331204158,4700.330761920728,2007,1853
8,1,0.12090254948730463,12499.127811547645,4700.636346867982,2046,1814
8,1,0.1568294067747396,12494.5792283584,4699.231390710314,2084,1776
8,1,0.18070855616057635,12494.30788424546,4699.147562385247,2123,1737
8,1,0.21130921972226868,12492.83673407631,4698.693037488847,2162,1698
8,1,0.23912208228362167,12487.041027341933,4696.901881534459,2200,1660
8,1,0.2709054936220265,12485.610091383658,4696.45952459136,2239,1621
8,1,0.30091878387089754,12482.822313059947,4695.597570248377,2277,1583
8,1,0.33170526859083266,12476.382678644484,4693.605760861539,2316,1544
8,1,0.3585435160218024,12474.99675180978,4693.176952698658,2354,1506
8,1,0.38968290523578314,12479.160400716213,4694.465049493892,2393,1467
8,1,0.415900206963487,12477.215062515676,4693.863278977949,2432,1428
8,1,0.4569099888233425,12485.295441845577,4696.362247605113,2470,1390
8,1,0.4959772314817739,12488.47304979651,4697.344523608904,2509,1351
8,1,0.5332941303284421,12483.908186484701,4695.933334790896,2547,1313
8,1,0.5686975279580176,12492.720537488514,4698.657135241478,2586,1274
8,1,0.6146783594549794,12492.158148058763,4698.4833642797275,2625,1235
8,1,0.6571693960172094,12496.556381281309,4699.842152095276,2663,1197
8,1,0.6913157900963302,12492.313079775231,4698.531236929913,2702,1158
8,1,0.7367728459018735,12500.866110157884,4701.173133610198,2740,1120
8,1,0.7768813383868994,12503.00703240975,4701.834147995072,2779,1081
8,1,0.8068590147782929,12501.080146230166,4701.23922280426,2818,1042
8,1,0.8561211739231992,12514.615007796585,4705.416166153044,2856,1004
8,1,0.8964178505773426,12513.194675806159,4704.97805498325,2895,965
8,1,0.9308580614154667,12513.145881010703,4704.963003009509,2933,927
8,1,0.9895422223572032,12507.05671598094,4703.084187089627,2972,888
8,1,1.0300054798181086,12502.623884904953,4701.7158586886735,3011,849
8,1,1.0710763770754794,12502.667780704487,4701.7294108430315,3049,811
8,1,1.1384611329739254,12497.631259259413,4700.174151603138,3088,772
8,1,1.1968104955701255,12499.003235451202,4700.597874893308,3126,734
8,1,1.2680463170022065,12499.207053124064,4700.66081829671,3165,695
8,1,1.3257097216463023,12505.592788729777,4702.632354972052,3203,657
8,1,1.3913031325727445,12511.475538126226,4704.447708617184,3242,618
8,1,1.462688386223113,12524.176375467528,4708.364142390301,3281,579
8,2,-1.4442685856155595,12550.960110878132,4716.61017989916,579,3281
8,2,-1.3546758380244805,12551.307838672326,4716.7171207770425,618,3242
8,2,-1.2708894551910253,12546.186515845526,4715.141799662784,657,3203
8,2,-1.2027402632556472,12547.694250632856,4715.605646314503,695,3165
8,2,-1.1178160561435215,12550.203542687801,4716.377493219302,734,3126
8,2,-1.049391728269892,12551.970555168491,4716.920925685361,772,3088
8,2,-1.0090440484433723,12549.228350121493,4716.077546724583,811,3049
8,2,-0.9523998743995448,12552.22524371001,4716.999247076588,849,3011
8,2,-0.8962798603058176,12552.707471672798,4717.147536654394,888,2972
8,2,-0.8568231210541897,12548.452880743804,4715.839013788309,927,2933
8,2,-0.8066849746872924,12546.57027181561,4715.259865450228,965,2895
8,2,-0.7765502791103138,12544.387388271623,4714.588234608936,1004,2856
8,2,-0.7285176570261738,12541.29902974292,4713.637807039812,1042,2818
8,2,-0.690286345950179,12541.94436634504,4713.836425635135,1081,2779
8,2,-0.6477688511172324,12541.265391334897,4713.627453692141,1120,2740
8,2,-0.5951559511027569,12541.891507517666,4713.820157383765,1158,2702
8,2,-0.5610140914008871,12543.10882163591,4714.194790227173,1197,2663
8,2,-0.526445862655498,12540.907324262707,4713.517244826711,1235,2625
8,2,-0.4849365765606378,12541.240218694495,4713.619705950072,1274,2586
8,2,-0.4423351679452795,12548.525490494678,4715.861349037934,1313,2547
8,2,-0.40304543229539014,12550.635355567361,4716.51030134751,1351,2509
8,2,-0.3700741532666932,12544.884352711531,4714.741151182848,1390,2470
8,2,-0.3329175395041652,12544.134708068294,4714.5104822741305,1428,2432
8,2,-0.2960872221517585,12528.787971139374,4709.785192550123,1467,2393
8,2,-0.27344611057695556,12531.100078306701,4710.497464981156,1506,2354
8,2,-0.24320783857895012,12534.10321744252,4711.422421941046,1544,2316
8,2,-0.21522892568011676,12532.9643830251,4711.071690780598,1583,2277
8,2,-0.19060114202093786,12533.19938210993,4711.144066950799,1621,2239
8,2,-0.14991537927850718,12531.558460910648,4710.63865964721,1660,2200
8,2,-0.12288377199306484,12529.049788280172,4709.865855069627,1698,2162
8,2,-0.09698507446101522,12533.438459179193,4711.217697686059,1737,2123
8,2,-0.0638138180391755,12531.733449870877,4710.692559780433,1776,2084
8,2,-0.03493310106013494,12530.21492157827,4710.224797327987,1814,2046
8,2,0.0,12518.556763328204,4706.631767325513,1880,1980
8,2,0.014259833943413326,12521.024000207239,4707.392445746915,1891,1969
8,2,0.046274606026509846,12508.724308474217,4703.598814798216,1930,1930
8,2,0.06359654759323252,12504.218425510251,4702.20811810059,1969,1891
8,2,0.09839192907732416,12501.68601431365,4701.426294169699,2007,1853
8,2,0.12090254948730463,12504.264727498005,4702.222411304349,2046,1814
8,2,0.1568294067747396,12513.79462010404,4705.163117993658,2084,1776
8,2,0.18070855616057635,12520.116747267206,4707.112746320649,2123,1737
8,2,0.21130921972226868,12515.170461189171,4705.587486046967,2162,1698
8,2,0.23912208228362167,12514.985341469855,4705.530389948788,2200,1660
8,2,0.2709054936220265,12519.27884485892,4706.854409150706,2239,1621
8,2,0.30091878387089754,12522.64462631048,4707.8920224551475,2277,1583
8,2,0.33170526859083266,12521.935017444459,4707.673285286264,2316,1544
8,2,0.3585435160218024,12523.05571794587,4708.018735918212,2354,1506
8,2,0.38968290523578314,12519.456365559487,4706.90914273836,2393,1467
8,2,0.415900206963487,12520.936146841621,4707.36536208499,2432,1428
8,2,0.4569099888233425,12525.67960467458,4708.827415692214,2470,1390
8,2,0.4959772314817739,12521.860137533862,4707.650202805904,2509,1351
8,2,0.5332941303284421,12524.37292686083,4708.424719820874,2547,1313
8,2,0.5686975279580176,12522.96539369983,4707.990895041758,2586,1274
8,2,0.6146783594549794,12527.649438299286,4709.434405509335,2625,1235
8,2,0.6571693960172094,12526.911745884074,4709.207102169028,2663,1197
8,2,0.6913157900963302,12521.686265578624,4707.596604506652,2702,1158
8,2,0.7367728459018735,12516.64722146575,4706.04292997409,2740,1120
8,2,0.7768813383868994,12510.21122945795,4704.057628483176,2779,1081
8,2,0.8068590147782929,12505.457421105237,4702.5905719180555,2818,1042
8,2,0.8561211739231992,12499.730681677673,4700.822521664962,2856,1004
8,2,0.8964178505773426,12507.321312356331,4703.165847485731,2895,965
8,2,0.9308580614154667,12507.280365591545,4703.153210505611,2933,927
8,2,0.9895422223572032,12501.486586618314,4701.364718711552,2972,888
8,2,1.0300054798181086,12510.624883481312,4704.185258473087,3011,849
8,2,1.0710763770754794,12487.767086382035,4697.126314721919,3049,811
8,2,1.1384611329739254,12489.266358407083,4697.589715632714,3088,772
8,2,1.1968104955701255,12480.077567046748,4694.748732997535,3126,734
8,2,1.2680463170022065,12478.675997882536,4694.315213193312,3165,695
8,2,1.3257097216463023,12480.732311134594,4694.951235415685,3203,657
8,2,1.3913031325727445,12493.649683241912,4698.944211961953,3242,618
8,2,1.462688386223113,12507.753548176312,4703.299241471127,3281,579
8,3,-1.4442685856155595,12519.5761009298,4706.946059382805,579,3281
8,3,-1.3518565947943195,12516.57941586882,4706.022019397285,618,3242
8,3,-1.2684936314160526,12517.349999186281,4706.259653015006,657,3203
8,3,-1.1990151371735376,12518.41618974158,4706.588422305698,695,3165
8,3,-1.1152880721871403,12530.77863930311,4710.3984496943995,734,3126
8,3,-1.048332791565912,12529.966328588787,4710.148216162844,772,3088
8,3,-1.0088733897528053,12535.50863345061,4711.85520931958,811,3049
8,3,-0.9512599635671165,12534.139312661457,4711.433537801676,849,3011
8,3,-0.8952803984472915,12532.390450332448,4710.894922471611,888,2972
8,3,-0.8561001435860882,12534.412419269793,4711.51764250142,927,2933
8,3,-0.8054367913997035,12533.797245854317,4711.328193839873,965,2895
8,3,-0.7762357880665067,12538.088251986184,4712.649457358898,1004,2856
8,3,-0.7250910713002773,12537.848444405552,4712.575629029175,1042,2818
8,3,-0.689063831548832,12527.085295287416,4709.260578721756,1081,2779
8,3,-0.646198881103964,12527.554647540073,4709.405198616482,1120,2740
8,3,-0.5946228984850169,12526.650873621153,4709.126717039759,1158,2702
8,3,-0.5596505265950628,12527.13857280928,4709.27699521388,1197,2663
8,3,-0.5262703259779633,12527.59938224649,4709.41898228483,1235,2625
8,3,-0.4804383281752421,12527.656568377046,4709.436602417259,1274,2586
8,3,-0.44138517836454405,12517.786675638868,4706.394309448405,1313,2547
8,3,-0.4018554218056432,12526.996155620724,4709.233111810698,1351,2509
8,3,-0.36886352052040994,12527.572118529391,4709.410581787711,1390,2470
8,3,-0.3324118346759487,12521.459721917065,4707.526768349958,1428,2432
8,3,-0.2950223052985865,12516.787167751794,4706.086087669174,1467,2393
8,3,-0.2732219759759777,12514.007701899107,4705.228844557932,1506,2354
8,3,-0.24232682708194422,12517.870958960299,4706.420299068927,1544,2316
8,3,-0.21371575929727418,12524.025840855847,4708.317746757108,1583,2277
8,3,-0.18996034725579386,12534.813036071582,4711.641011359209,1621,2239
8,3,-0.14971714095093272,12533.232734503468,4711.154338874498,1660,2200
8,3,-0.12207299677806258,12534.430222302843,4711.523124980891,1698,2162
8,3,-0.0959338188545707,12534.829318088778,4711.646025278872,1737,2123
8,3,-0.06364570075428265,12535.020134947757,4711.704785350571,1776,2084
8,3,-0.03383440826637684,12532.779965522392,4711.0148920236525,1814,2046
8,3,0.0,12537.03842545388,4712.326242208746,1879,1981
8,3,0.014776657915577507,12539.055842928738,4712.947330276642,1891,1969
8,3,0.046433358847117995,12530.744655300108,4710.387981196533,1930,1930
8,3,0.06408187883135064,12530.230794862862,4710.229687175456,1969,1891
8,3,0.0996364565717821,12531.63956293888,4710.66364080314,2007,1853
8,3,0.12116469809412912,12531.102911638716,4710.498337742548,2046,1814
8,3,0.15702307204106905,12539.043898130756,4712.943653210142,2084,1776
8,3,0.18197055918707805,12535.527596762578,4711.861048598303,2123,1737
8,3,0.21153908311425407,12532.420807988206,4710.90427267577,2162,1698
8,3,0.23912208228362167,12537.960112086323,4712.610007760916,2200,1660
8,3,0.2709054936220265,12517.325624580348,4706.252136562201,2239,1621
8,3,0.30091878387089754,12519.032525170911,4706.778462016597,2277,1583
8,3,0.33170526859083266,12517.78965490459,4706.395228138316,2316,1544
8,3,0.3585435160218024,12522.829017091393,4707.948858945802,2354,1506
8,3,0.38968290523578314,12522.818708223767,4707.945681369444,2393,1467
8,3,0.415900206963487,12520.873948493503,4707.34618730307,2432,1428
8,3,0.4569099888233425,12516.603547247669,4706.029461289311,2470,1390
8,3,0.4959772314817739,12521.589700822664,4707.566836838994,2509,1351
8,3,0.5332941303284421,12522.905128951857,4707.972319370614,2547,1313
8,3,0.5686975279580176,12518.068170687086,4706.481110629578,2586,1274
8,3,0.6146783594549794,12516.271991982758,4705.927211484201,2625,1235
8,3,0.6571693960172094,12513.760683780154,4705.152649994797,2663,1197
8,3,0.6913157900963302,12516.325378950507,4705.943675911959,2702,1158
8,3,0.7367728459018735,12510.649658969607,4704.192902638827,2740,1120
8,3,0.7768813383868994,12512.556338074059,4704.781139122856,2779,1081
8,3,0.8068590147782929,12516.770131102183,4706.080833803996,2818,1042
8,3,0.8561211739231992,12513.715676721575,4705.138767073194,2856,1004
8,3,0.8964178505773426,12515.829578134984,4705.790769288342,2895,965
8,3,0.9308580614154667,12515.787041420652,4705.777650541772,2933,927
8,3,0.9895422223572032,12516.207831933625,4705.90742456805,2972,888
8,3,1.0300054798181086,12512.280228073807,4704.695960976083,3011,849
8,3,1.0710763770754794,12507.87018880044,4703.335237600096,3049,811
8,3,1.1384611329739254,12500.525615935592,4701.067994847323,3088,772
8,3,1.1968104955701255,12512.242410576968,4704.684294376891,3126,734
8,3,1.2680463170022065,12508.103418515846,4703.407212947977,3165,695
8,3,1.3257097216463023,12507.830710087937,4703.323054225272,3203,657
8,3,1.3913031325727445,12493.440466503973,4698.879572453821,3242,618
8,3,1.462688386223113,12485.374557338753,4696.386707165363,3281,579
8,4,-1.4442685856155595,12512.449834665,4704.748283733641,579,3281
8,4,-1.3518565947943195,12521.28600256654,4707.473215380934,618,3242
8,4,-1.2684936314160526,12524.343439915705,4708.415631961319,657,3203
8,4,-1.1990151371735376,12518.067625079999,4706.48094238929,695,3165
8,4,-1.1152880721871403,12504.990259070339,4702.44637254362,734,3126
8,4,-1.048332791565912,12510.759625510273,4704.226831251092,772,3088
8,4,-1.0088733897528053,12514.785101378693,4705.468629354246,811,3049
8,4,-0.9512599635671165,12511.364363130102,4704.4134091142705,849,3011
8,4,-0.8952803984472915,12516.696068172172,4706.057993746005,888,2972
8,4,-0.8561001435860882,12518.946983827274,4706.752086918213,927,2933
8,4,-0.8054367913997035,12517.809324853704,4706.401293581658,965,2895
8,4,-0.7762357880665067,12528.322105783862,4709.641661211755,1004,2856
8,4,-0.7250910713002773,12531.436445244228,4710.601075912772,1042,2818
8,4,-0.689063831548832,12531.52122830409,4710.62719115546,1081,2779
8,4,-0.646198881103964,12529.68475771934,4710.061474048807,1120,2740
8,4,-0.5946228984850169,12522.754671719396,4707.925942878884,1158,2702
8,4,-0.5596505265950628,12515.235152739751,4705.607438531086,1197,2663
8,4,-0.5262703259779633,12518.295849741757,4706.551315803967,1235,2625
8,4,-0.4804383281752421,12519.296791740111,4706.85994260935,1274,2586
8,4,-0.44138517836454405,12526.087905449867,4708.953238430439,1313,2547
8,4,-0.4018554218056432,12530.883206932513,4710.430660730682,1351,2509
8,4,-0.36886352052040994,12532.984786675985,4711.077974850823,1390,2470
8,4,-0.3324118346759487,12527.941188071864,4709.5242979520235,1428,2432
8,4,-0.2950223052985865,12535.37636627038,4711.814480696264,1467,2393
8,4,-0.2732219759759777,12536.091630252315,4712.034724598328,1506,2354
8,4,-0.24232682708194422,12532.257737142623,4710.854046341302,1544,2316
8,4,-0.21371575929727418,12536.224713969528,4712.075702315854,1583,2277
8,4,-0.18996034725579386,12525.136889216497,4708.6601651222345,1621,2239
8,4,-0.14971714095093272,12525.530984787754,4708.7816156889685,1660,2200
8,4,-0.12207299677806258,12528.586172501045,4709.723019814903,1698,2162
8,4,-0.0959338188545707,12525.121029175478,4708.655277367503,1737,2123
8,4,-0.06364570075428265,12526.546722073725,4709.094623334231,1776,2084
8,4,-0.03383440826637684,12530.752775787958,4710.390482649862,1814,2046
8,4,0.0,12525.322462182561,4708.717354624349,1879,1981
8,4,0.014776657915577507,12525.228244321612,4708.688318860023,1891,1969
8,4,0.046433358847117995,12533.621930290386,4711.274201997152,1930,1930
8,4,0.06408187883135064,12530.758549317688,4710.392261139951,1969,1891
8,4,0.0996364565717821,12528.927244146635,4709.828100995957,2007,1853
8,4,0.12116469809412912,12526.976770141078,4709.227138470529,2046,1814
8,4,0.15702307204106905,12532.41151071123,4710.901409102723,2084,1776
8,4,0.18197055918707805,12533.68966459887,4711.295062186309,2123,1737
8,4,0.21153908311425407,12532.20928275675,4710.839122111769,2162,1698
8,4,0.23912208228362167,12530.461010087256,4710.300605470378,2200,1660
8,4,0.2709054936220265,12531.789567755168,4710.709845062571,2239,1621
8,4,0.30091878387089754,12529.866289317972,4710.117397793763,2277,1583
8,4,0.33170526859083266,12529.857279382579,4710.114622156552,2316,1544
8,4,0.3585435160218024,12527.602325377042,4709.419889121187,2354,1506
8,4,0.38968290523578314,12533.357311402,4711.1927060259495,2393,1467
8,4,0.415900206963487,12535.6105191573,4711.8865823767965,2432,1428
8,4,0.4569099888233425,12540.640854103409,4713.4352263797155,2470,1390
8,4,0.4959772314817739,12543.721517947593,4714.383335988559,2509,1351
8,4,0.5332941303284421,12541.218655503075,4713.61306912716,2547,1313
8,4,0.5686975279580176,12546.277626501103,4715.16983095764,2586,1274
8,4,0.6146783594549794,12545.04965138235,4714.792012446113,2625,1235
8,4,0.6578851968977814,12544.734379695856,4714.695004938323,2663,1197
8,4,0.6916210914940838,12548.315399508101,4715.796723277922,2702,1158
8,4,0.7376728753458554,12543.802272391633,4714.408185962323,2740,1120
8,4,0.7770723058554525,12539.283652836128,4713.017458224522,2779,1081
8,4,0.8073521063973877,12539.671734748954,4713.136920631187,2818,1042
8,4,0.8575298749670094,12544.242051437344,4714.543513140058,2856,1004
8,4,0.8976121566053823,12542.416815117673,4713.981827166343,2895,965
8,4,0.9316025270031019,12544.759849009803,4714.702841808285,2933,927
8,4,0.9898754586020173,12539.349864337324,4713.037840227747,2972,888
8,4,1.030273649108347,12541.113433988838,4713.580683379016,3011,849
8,4,1.0726674269262,12526.310955090685,4709.0219720968935,3049,811
8,4,1.1392275017854465,12526.046612838016,4708.940513807582,3088,772
8,4,1.1998969720980641,12527.24344907536,4709.309310709566,3126,734
8,4,1.2704071513054331,12531.036857441002,4710.477990780514,3165,695
8,4,1.3317083659910738,12533.41218454203,4711.209605716239,3203,657
8,4,1.391422701120686,12518.346587800697,4706.566960785757,3242,618
8,4,1.4642760127042185,12523.740992211702,4708.229953240521,3281,579
8,5,-1.446499984133564,12525.316678716976,4708.71557230039,579,3281
8,5,-1.3546758380244805,12523.643677833312,4708.199959410384,618,3242
8,5,-1.2708894551910253,12533.960011247975,4711.378319937161,657,3203
8,5,-1.2027402632556472,12521.408752992467,4707.511056088469,695,3165
8,5,-1.1178160561435215,12523.874024775454,4708.27095560308,734,3126
8,5,-1.049391728269892,12519.477580171131,4706.915683623936,772,3088
8,5,-1.0090440484433723,12516.32401918475,4705.943256563952,811,3049
8,5,-0.9523998743995448,12524.465215601296,4708.4531630194115,849,3011
8,5,-0.8962798603058176,12526.312570099442,4709.022469764037,888,2972
8,5,-0.8568231210541897,12525.047397260558,4708.63258536905,927,2933
8,5,-0.8066849746872924,12531.65243735399,4710.667606382946,965,2895
8,5,-0.7765502791103138,12531.20867733849,4710.530916988056,1004,2856
8,5,-0.7285176570261738,12543.365666690272,4714.273830580996,1042,2818
8,5,-0.690286345950179,12548.192512762726,4715.758921776708,1081,2779
8,5,-0.6477688511172324,12547.205818530514,4715.455388858999,1120,2740
8,5,-0.5951559511027569,12545.725963413672,4715.000102023067,1158,2702
8,5,-0.5610140914008871,12547.991557706195,4715.697104688019,1197,2663
8,5,-0.526445862655498,12546.92431188206,4715.3687856846755,1235,2625
8,5,-0.4849365765606378,12546.992444024647,4715.389746148755,1274,2586
8,5,-0.4423351679452795,12549.001654255626,4716.007817023156,1313,2547
8,5,-0.40304543229539014,12540.185378212489,4713.2950286906225,1351,2509
8,5,-0.3700741532666932,12541.48793070643,4713.695947127699,1390,2470
8,5,-0.3329175395041652,12541.568908097746,4713.720870145056,1428,2432
8,5,-0.2960872221517585,12532.070687372827,4710.7964336178175,1467,2393
8,5,-0.27344611057695556,12532.033699581072,4710.785041000394,1506,2354
8,5,-0.24320783857895012,12528.69871255087,4709.757692732924,1544,2316
8,5,-0.21522892568011676,12529.446919306884,4709.988202852986,1583,2277
8,5,-0.19060114202093786,12539.264385704788,4713.011527169275,1621,2239
8,5,-0.14991537927850718,12540.939777611202,4713.527233718253,1660,2200
8,5,-0.12288377199306484,12538.300760442326,4712.714880067113,1698,2162
8,5,-0.0959338188545707,12542.565899560559,4714.027708477571,1737,2123
8,5,-0.06364570075428265,12533.89629953625,4711.358699016711,1776,2084
8,5,-0.03383440826637684,12533.819237241529,4711.334966462607,1814,2046
8,5,0.0,12532.660066799072,4710.977963960835,1879,1981
8,5,0.014776657915577507,12530.083106707534,4710.184190835561,1891,1969
8,5,0.046433358847117995,12532.80218417838,4711.0217351930305,1930,1930
8,5,0.06408187883135064,12537.740366498341,4712.542355176665,1969,1891
8,5,0.0996364565717821,12527.662628257756,4709.438469576832,2007,1853
8,5,0.12116469809412912,12524.442002551645,4708.446008825347,2046,1814
8,5,0.15702307204106905,12523.141948813434,4708.045314894648,2084,1776
8,5,0.18197055918707805,12525.188210531898,4708.675981306388,2123,1737
8,5,0.21153908311425407,12520.168857985329,4707.128812221425,2162,1698
8,5,0.23912208228362167,12518.033963471205,4706.470562673463,2200,1660
8,5,0.2709054936220265,12521.908106817675,4707.664989832657,2239,1621
8,5,0.30091878387089754,12520.78047652611,4707.317371172313,2277,1583
8,5,0.33170526859083266,12520.660067390298,4707.280250363434,2316,1544
8,5,0.3585435160218024,12520.302183453441,4707.169916584523,2354,1506
8,5,0.38968290523578314,12522.906413202742,4707.972715221905,2393,1467
8,5,0.415900206963487,12528.179586747747,4709.597750574414,2432,1428
8,5,0.4569099888233425,12529.560729434565,4710.023264663813,2470,1390
8,5,0.4959772314817739,12527.36603103168,4709.347081511923,2509,1351
8,5,0.5332941303284421,12532.613027226325,4710.9634759678165,2547,1313
8,5,0.5686975279580176,12540.478163014712,4713.385149857853,2586,1274
8,5,0.6146783594549794,12543.195336456061,4714.22141409362,2625,1235
8,5,0.6578851968977814,12542.62748190629,4714.046660522381,2663,1197
8,5,0.6916210914940838,12546.972807839651,4715.383705200398,2702,1158
8,5,0.7376728753458554,12547.22335474088,4715.4607836636815,2740,1120
8,5,0.7770723058554525,12534.044366512455,4711.40429817747,2779,1081
8,5,0.8073521063973877,12530.199956497141,4710.2201872516225,2818,1042
8,5,0.8575298749670094,12528.665765460679,4709.747541963217,2856,1004
8,5,0.8976121566053823,12529.346135620946,4709.9571538693535,2895,965
8,5,0.9316025270031019,12531.659280279731,4710.669714140586,2933,927
8,5,0.9898754586020173,12529.769757924365,4710.0876598375835,2972,888
8,5,1.030273649108347,12529.581630934159,4710.029703813828,3011,849
8,5,1.0726674269262,12523.967659106831,4708.2998146579785,3049,811
8,5,1.1392275017854465,12528.166396523098,4709.593686592605,3088,772
8,5,1.1998969720980641,12523.242118487897,4708.076190005593,3126,734
8,5,1.2704071513054331,12521.32100838988,4707.484006787597,3165,695
8,5,1.3317083659910738,12531.785620451476,4710.708629227069,3203,657
8,5,1.391422701120686,12528.065211067087,4709.562510646731,3242,618
8,5,1.4642760127042185,12524.309591733869,4708.405199944737,3281,579
9,1,-1.4442685856155595,12471.372673661841,4708.572276370453,579,3281
9,1,-1.3546758380244805,12440.890855104233,4699.126335963365,618,3242
9,1,-1.2708894551910253,12455.647875347691,4703.7022415080955,657,3203
9,1,-1.2027402632556472,12433.930414353063,4696.966135356518,695,3165
9,1,-1.1178160561435215,12437.751095659754,4698.152048737878,734,3126
9,1,-1.049391728269892,12445.609465932914,4700.590088422088,772,3088
9,1,-1.0090440484433723,12441.799677067982,4699.408303283345,811,3049
9,1,-0.9523998743995448,12444.81522708676,4700.34374775213,849,3011
9,1,-0.8962798603058176,12438.361865197669,4698.34159365758,888,2972
9,1,-0.8568231210541897,12441.825543475868,4699.416328185952,927,2933
9,1,-0.8066849746872924,12445.944131940709,4700.693883533557,965,2895
9,1,-0.7765502791103138,12446.890917291177,4700.98750950644,1004,2856
9,1,-0.7285176570261738,12453.561261330673,4703.055546538349,1042,2818
9,1,-0.690286345950179,12445.029316034997,4700.410151006581,1081,2779
9,1,-0.6477688511172324,12443.590215610242,4699.963768061261,1120,2740
9,1,-0.5951559511027569,12431.295245878842,4696.147984700049,1158,2702
9,1,-0.5610140914008871,12431.309318777323,4696.152354426318,1197,2663
9,1,-0.526445862655498,12452.082261749341,4702.597101175525,1235,2625
9,1,-0.4849365765606378,12448.360121882175,4701.443108826881,1274,2586
9,1,-0.4423351679452795,12445.569356077547,4700.577648349014,1313,2547
9,1,-0.40304543229539014,12470.47142385389,4708.293321514781,1351,2509
9,1,-0.3700741532666932,12470.212569850888,4708.213197292696,1390,2470
9,1,-0.3329175395041652,12477.185990018315,4710.37112991102,1428,2432
9,1,-0.2960872221517585,12479.440708399641,4711.068597007096,1467,2393
9,1,-0.27344611057695556,12475.59389317377,4709.878560036477,1506,2354
9,1,-0.24320783857895012,12481.48263255957,4711.700130317562,1544,2316
9,1,-0.21522892568011676,12485.724213165147,4713.011650776876,1583,2277
9,1,-0.19060114202093786,12483.254015261731,4712.247905953113,1621,2239
9,1,-0.14991537927850718,12490.11959375584,4714.37025706753,1660,2200
9,1,-0.12288377199306484,12492.564308444213,4715.125708224353,1698,2162
9,1,-0.09698507446101522,12499.860974383897,4717.379601634751,1737,2123
9,1,-0.0638138180391755,12493.549400808028,4715.430073806816,1776,2084
9,1,-0.03493310106013494,12500.765128340507,4717.658797384466,1814,2046
9,1,0.0,12500.123361731072,4717.460626898329,1880,1980
9,1,0.014259833943413326,12498.908522318097,4717.08546995949,1891,1969
9,1,0.046274606026509846,12488.571273653222,4713.891727937601,1930,1930
9,1,0.06359654759323252,12484.49937709184,4712.632970367415,1969,1891
9,1,0.09839192907732416,12485.713200756498,4713.008246255407,2007,1853
9,1,0.12090254948730463,12484.516232018721,4712.638181627543,2046,1814
9,1,0.1568294067747396,12479.177571168671,4710.987205505355,2084,1776
9,1,0.18070855616057635,12480.693027890848,4711.455930928555,2123,1737
9,1,0.21130921972226868,12479.307623371553,4711.027432426116,2162,1698
9,1,0.23912208228362167,12477.089188583715,4710.341182855064,2200,1660
9,1,0.2709054936220265,12473.762890596723,4709.311998740221,2239,1621
9,1,0.30091878387089754,12470.561729435569,4708.3212738087495,2277,1583
9,1,0.33170526859083266,12463.691183627867,4706.1940548717,2316,1544
9,1,0.3585435160218024,12466.864281210139,4707.17663680823,2354,1506
9,1,0.38968290523578314,12471.990628137391,4708.763534000569,2393,1467
9,1,0.415900206963487,12470.778452452323,4708.388355275791,2432,1428
9,1,0.4569099888233425,12479.201889492137,4710.994727526464,2470,1390
9,1,0.4959772314817739,12483.03012244909,4712.178674484622,2509,1351
9,1,0.5332941303284421,12477.929370664355,4710.601098737297,2547,1313
9,1,0.5686975279580176,12487.567780486006,4713.581553204897,2586,1274
9,1,0.6146783594549794,12487.71731555165,4713.627775328183,2625,1235
9,1,0.6571693960172094,12491.851936481833,4714.905590551914,2663,1197
9,1,0.6913157900963302,12485.745207923235,4713.018141365384,2702,1158
9,1,0.7367728459018735,12492.037844683704,4714.9630360230185,2740,1120
9,1,0.7768813383868994,12496.988258379735,4716.4923951135115,2779,1081
9,1,0.8068590147782929,12494.238572499951,4715.642994032834,2818,1042
9,1,0.8561211739231992,12507.583853326252,4719.763716754913,2856,1004
9,1,0.8964178505773426,12510.257012475462,4720.588599638338,2895,965
9,1,0.9308580614154667,12510.182773595936,4720.5656934002845,2933,927
9,1,0.9895422223572032,12505.432072346906,4719.099592554502,2972,888
9,1,1.0300054798181086,12501.875561237299,4718.001662847169,3011,849
9,1,1.0710763770754794,12502.05671530066,4718.057594424399,3049,811
9,1,1.1384611329739254,12496.911051170388,4716.468547707839,3088,772
9,1,1.1968104955701255,12498.281554470332,4716.891840524706,3126,734
9,1,1.2680463170022065,12497.841244623874,4716.755851753875,3165,695
9,1,1.3257097216463023,12503.635201651563,4718.544920057525,3203,657
9,1,1.3913031325727445,12510.111551257905,4720.543717781515,3242,618
9,1,1.462688386223113,12523.370702586571,4724.63266780418,3281,579
9,2,-1.4442685856155595,12538.42517681568,4729.270027217158,579,3281
9,2,-1.3546758380244805,12540.242166383174,4729.829353567862,618,3242
9,2,-1.2708894551910253,12537.467792251544,4728.9752816283235,657,3203
9,2,-1.2027402632556472,12537.77958079732,4729.0712730073,695,3165
9,2,-1.1178160561435215,12540.702319541693,4729.970990274812,734,3126
9,2,-1.049391728269892,12540.587606859652,4729.935681807506,772,3088
9,2,-1.0090440484433723,12536.86277123812,4728.789004981268,811,3049
9,2,-0.9523998743995448,12543.985687303426,4730.981471220734,849,3011
9,2,-0.8962798603058176,12544.451005639217,4731.124655014794,888,2972
9,2,-0.8568231210541897,12542.880505460076,4730.641372789522,927,2933
9,2,-0.8066849746872924,12539.874249992394,4729.716103912642,965,2895
9,2,-0.7765502791103138,12534.48289593673,4728.056190810627,1004,2856
9,2,-0.7285176570261738,12529.11122445728,4726.401627452431,1042,2818
9,2,-0.690286345950179,12521.229782113574,4723.9727289043,1081,2779
9,2,-0.6477688511172324,12524.24079144134,4724.900840518497,1120,2740
9,2,-0.5951559511027569,12525.770355396755,4725.372226885604,1158,2702
9,2,-0.5610140914008871,12530.659049490541,4726.878455816832,1197,2663
9,2,-0.526445862655498,12528.024333988324,4726.066760986709,1235,2625
9,2,-0.4849365765606378,12532.10453768043,4727.323704753546,1274,2586
9,2,-0.4423351679452795,12539.716267822923,4729.667473838421,1313,2547
9,2,-0.40304543229539014,12546.303553259473,4731.69465252606,1351,2509
9,2,-0.3700741532666932,12539.344222924206,4729.552948550707,1390,2470
9,2,-0.3329175395041652,12538.61290945352,4729.327820962942,1428,2432
9,2,-0.2960872221517585,12526.643486149642,4725.641285566242,1467,2393
9,2,-0.27344611057695556,12529.391705351441,4726.488037742347,1506,2354
9,2,-0.24320783857895012,12532.391352186703,4727.412045169339,1544,2316
9,2,-0.21522892568011676,12531.511355424811,4727.1409950027355,1583,2277
9,2,-0.19060114202093786,12532.062401476116,4727.31072640489,1621,2239
9,2,-0.14991537927850718,12530.207926119052,4726.739487263523,1660,2200
9,2,-0.12288377199306484,12528.120354622572,4726.096345717544,1698,2162
9,2,-0.09698507446101522,12532.507453295862,4727.44780436269,1737,2123
9,2,-0.0638138180391755,12530.457095187772,4726.816244412981,1776,2084
9,2,-0.03493310106013494,12529.220264220352,4726.4352205498535,1814,2046
9,2,0.0,12516.608232969025,4722.547751245302,1880,1980
9,2,0.014259833943413326,12518.79436619253,4723.221874557739,1891,1969
9,2,0.046274606026509846,12506.199998503631,4719.336617867963,1930,1930
9,2,0.06359654759323252,12502.265307927366,4718.121996693604,1969,1891
9,2,0.09839192907732416,12499.662978127333,4717.318459226456,2007,1853
9,2,0.12090254948730463,12502.057052039188,4718.057698392149,2046,1814
9,2,0.1568294067747396,12511.094087950027,4720.846867972454,2084,1776
9,2,0.18070855616057635,12516.757235600062,4722.59370193112,2123,1737
9,2,0.21130921972226868,12512.76467171698,4721.362252383144,2162,1698
9,2,0.23912208228362167,12513.86586614222,4721.70193937998,2200,1660
9,2,0.2709054936220265,12518.322553471984,4723.076394780067,2239,1621
9,2,0.30091878387089754,12521.640957463482,4724.099482491562,2277,1583
9,2,0.33170526859083266,12520.170097262315,4723.646039218579,2316,1544
9,2,0.3585435160218024,12521.781629792118,4724.142846787049,2354,1506
9,2,0.38968290523578314,12517.628501788848,4722.862379383433,2393,1467
9,2,0.415900206963487,12519.103296185824,4723.317127744748,2432,1428
9,2,0.4569099888233425,12523.430757494363,4724.651178107338,2470,1390
9,2,0.4959772314817739,12519.112769027382,4723.3200484934405,2509,1351
9,2,0.5332941303284421,12521.553312431199,4724.072464386685,2547,1313
9,2,0.5686975279580176,12521.090194138145,4723.929696981885,2586,1274
9,2,0.6146783594549794,12525.910088277458,4725.41528738374,2625,1235
9,2,0.6571693960172094,12525.540117794371,4725.301275136698,2663,1197
9,2,0.6913157900963302,12520.649865584037,4723.793950167567,2702,1158
9,2,0.7367728459018735,12515.423333819625,4722.18232259778,2740,1120
9,2,0.7768813383868994,12508.726550534731,4720.1163515884755,2779,1081
9,2,0.8068590147782929,12504.280701277778,4718.744187246954,2818,1042
9,2,0.8561211739231992,12497.834142192929,4716.753658143738,2856,1004
9,2,0.8964178505773426,12505.209888619102,4719.031011412867,2895,965
9,2,0.9308580614154667,12505.564199579265,4719.140375505437,2933,927
9,2,0.9895422223572032,12498.97494068569,4717.105981687957,2972,888
9,2,1.0300054798181086,12509.10523065615,4720.23320466204,3011,849
9,2,1.0710763770754794,12484.97903879745,4712.781270956881,3049,811
9,2,1.1384611329739254,12486.703914684844,4713.314516629456,3088,772
9,2,1.1968104955701255,12476.149021655126,4710.050315247782,3126,734
9,2,1.2680463170022065,12475.735104199612,4709.922251060696,3165,695
9,2,1.3257097216463023,12477.528739220863,4710.47716293414,3203,657
9,2,1.3913031325727445,12490.54250628185,4714.500953551395,3242,618
9,2,1.462688386223113,12505.181435402232,4719.022228710054,3281,579
9,3,-1.4442685856155595,12518.313387243068,4723.073568390475,579,3281
9,3,-1.3518565947943195,12514.438694778399,4721.8786288181855,618,3242
9,3,-1.2684936314160526,12516.144758042323,4722.404817448294,657,3203
9,3,-1.1990151371735376,12517.513654102173,4722.826964200423,695,3165
9,3,-1.1152880721871403,12529.614351900484,4726.55662910446,734,3126
9,3,-1.048332791565912,12528.71246345416,4726.278774207764,772,3088
9,3,-1.0088733897528053,12534.326410989823,4728.008000895608,811,3049
9,3,-0.9512599635671165,12532.985581271565,4727.595064501071,849,3011
9,3,-0.8952803984472915,12530.469913880901,4726.820193201904,888,2972
9,3,-0.8561001435860882,12529.42635581697,4726.498712690912,927,2933
9,3,-0.8054367913997035,12527.416788415407,4725.879566045661,965,2895
9,3,-0.7762357880665067,12528.080044079514,4726.08392574215,1004,2856
9,3,-0.7250910713002773,12526.98629145329,4725.74691724388,1042,2818
9,3,-0.689063831548832,12519.214352004372,4723.351369299283,1081,2779
9,3,-0.646198881103964,12520.107869354468,4723.6268541500585,1120,2740
9,3,-0.5946228984850169,12516.633720544665,4722.55561135724,1158,2702
9,3,-0.5596505265950628,12518.522454233564,4723.1380332923845,1197,2663
9,3,-0.5262703259779633,12515.528498533024,4722.214757304732,1235,2625
9,3,-0.4804383281752421,12514.989425852105,4722.04849462052,1274,2586
9,3,-0.44138517836454405,12503.189422838512,4718.407301127941,1313,2547
9,3,-0.4018554218056432,12512.290110378079,4721.215854560296,1351,2509
9,3,-0.36886352052040994,12515.83861246225,4722.310400484073,1390,2470
9,3,-0.3324118346759487,12511.323048984294,4720.917507798132,1428,2432
9,3,-0.2950223052985865,12505.035956088155,4718.977323050614,1467,2393
9,3,-0.2732219759759777,12502.033487024173,4718.050422705972,1506,2354
9,3,-0.24232682708194422,12505.994448167801,4719.273174870348,1544,2316
9,3,-0.21371575929727418,12513.828556756474,4721.690430990391,1583,2277
9,3,-0.18996034725579386,12528.608330265668,4726.246691439548,1621,2239
9,3,-0.14971714095093272,12525.686789740332,4725.3464748160195,1660,2200
9,3,-0.12207299677806258,12524.17819226973,4724.881547260702,1698,2162
9,3,-0.0959338188545707,12524.30051895772,4724.919248633394,1737,2123
9,3,-0.06364570075428265,12524.379332692724,4724.943539016674,1776,2084
9,3,-0.03383440826637684,12524.16410430918,4724.877205294509,1814,2046
9,3,0.0,12529.149778725758,4726.413505329855,1879,1981
9,3,0.014776657915577507,12532.438212255893,4727.426478131399,1891,1969
9,3,0.046433358847117995,12523.736906397367,4724.745538857544,1930,1930
9,3,0.06408187883135064,12523.171231548222,4724.57118560755,1969,1891
9,3,0.0996364565717821,12523.43038471151,4724.651063207366,2007,1853
9,3,0.12116469809412912,12522.91129703074,4724.491065514009,2046,1814
9,3,0.15702307204106905,12528.88721900939,4726.332614675466,2084,1776
9,3,0.18197055918707805,12527.842638411048,4726.010778495336,2123,1737
9,3,0.21153908311425407,12526.39046241171,4725.563317234705,2162,1698
9,3,0.23912208228362167,12531.279000540495,4727.069423574276,2200,1660
9,3,0.2709054936220265,12504.56108460225,4718.830739006671,2239,1621
9,3,0.30091878387089754,12503.560070681317,4718.521726289332,2277,1583
9,3,0.33170526859083266,12503.624953754112,4718.54175642553,2316,1544
9,3,0.3585435160218024,12510.335602141724,4720.612848153666,2354,1506
9,3,0.38968290523578314,12510.856235313284,4720.773483510732,2393,1467
9,3,0.415900206963487,12509.442869870332,4720.337390353519,2432,1428
9,3,0.4569099888233425,12505.320588957216,4719.065181284274,2470,1390
9,3,0.4959772314817739,12506.58045239395,4719.4540419999685,2509,1351
9,3,0.5332941303284421,12506.012684979101,4719.278803694236,2547,1313
9,3,0.5686975279580176,12500.18449957736,4717.479506032777,2586,1274
9,3,0.6146783594549794,12497.094715744857,4716.525276930363,2625,1235
9,3,0.6571693960172094,12494.976199821172,4715.870871658177,2663,1197
9,3,0.6913157900963302,12497.757317962958,4716.729930637377,2702,1158
9,3,0.7367728459018735,12493.83535289589,4715.518420392109,2740,1120
9,3,0.7768813383868994,12497.19364452354,4716.555833118259,2779,1081
9,3,0.8068590147782929,12506.141244078139,4719.3184834534195,2818,1042
9,3,0.8561211739231992,12504.516572154313,4718.8169985519935,2856,1004
9,3,0.8964178505773426,12503.358410318444,4718.459470797813,2895,965
9,3,0.9308580614154667,12502.414954228643,4718.168198821916,2933,927
9,3,0.9895422223572032,12502.419803852048,4718.169696096065,2972,888
9,3,1.0300054798181086,12500.544018172268,4717.590522139803,3011,849
9,3,1.0710763770754794,12496.05589812139,4716.204402136238,3049,811
9,3,1.1384611329739254,12489.866840914605,4714.29214445768,3088,772
9,3,1.1968104955701255,12503.31967149308,4718.4475114431625,3126,734
9,3,1.2680463170022065,12501.651926410696,4717.93261415545,3165,695
9,3,1.3257097216463023,12502.691115387926,4718.253459973931,3203,657
9,3,1.3913031325727445,12489.116734355352,4714.060316664459,3242,618
9,3,1.462688386223113,12479.065275254421,4710.952470509652,3281,579
9,4,-1.4442685856155595,12510.062881576281,4720.528700702271,579,3281
9,4,-1.3518565947943195,12518.589629392776,4723.158746233534,618,3242
9,4,-1.2684936314160526,12514.059829138563,4721.76176832266,657,3203
9,4,-1.1990151371735376,12505.112485999714,4719.0009458979,695,3165
9,4,-1.1152880721871403,12483.493688732095,4712.322015693526,734,3126
9,4,-1.048332791565912,12487.25455962773,4713.484733095706,772,3088
9,4,-1.0088733897528053,12492.4326768973,4715.085035994423,811,3049
9,4,-0.9512599635671165,12487.192814546119,4713.46564670621,849,3011
9,4,-0.8952803984472915,12494.517314802544,4715.729108387059,888,2972
9,4,-0.8561001435860882,12498.084175970616,4716.830881182285,927,2933
9,4,-0.8054367913997035,12498.950439704611,4717.098415157092,965,2895
9,4,-0.7762357880665067,12499.75516765368,4717.346928014779,1004,2856
9,4,-0.7250910713002773,12502.373360516656,4718.155357143254,1042,2818
9,4,-0.689063831548832,12504.623191599956,4718.849910604473,1081,2779
9,4,-0.646198881103964,12504.25304507113,4718.735649924556,1120,2740
9,4,-0.5946228984850169,12504.91839069781,4718.941033307703,1158,2702
9,4,-0.5596505265950628,12496.037600481195,4716.1987500374125,1197,2663
9,4,-0.5262703259779633,12507.464017705379,4719.726733775792,1235,2625
9,4,-0.4804383281752421,12511.168102981152,4720.8697034793295,1274,2586
9,4,-0.44138517836454405,12522.789713835427,4724.453589131638,1313,2547
9,4,-0.4018554218056432,12527.634304080964,4725.946587299456,1351,2509
9,4,-0.36886352052040994,12529.824974264491,4726.621515019465,1390,2470
9,4,-0.3324118346759487,12524.444972079482,4724.963768950806,1428,2432
9,4,-0.2950223052985865,12531.812248994018,4727.233676180661,1467,2393
9,4,-0.2732219759759777,12533.203594783725,4727.662209303262,1506,2354
9,4,-0.24232682708194422,12528.40140382595,4726.182937937769,1544,2316
9,4,-0.21371575929727418,12532.314767621443,4727.388456907781,1583,2277
9,4,-0.18996034725579386,12518.717025204365,4723.198027442134,1621,2239
9,4,-0.14971714095093272,12520.330004623731,4723.695338746349,1660,2200
9,4,-0.12207299677806258,12522.840589940497,4724.469271050056,1698,2162
9,4,-0.0959338188545707,12520.663360252081,4723.798110446079,1737,2123
9,4,-0.06364570075428265,12522.408497698747,4724.336082033051,1776,2084
9,4,-0.03383440826637684,12526.340585584545,4725.547947688568,1814,2046
9,4,0.0,12522.427386178948,4724.341904353781,1879,1981
9,4,0.014776657915577507,12522.633261788276,4724.405364359984,1891,1969
9,4,0.046433358847117995,12528.936670793868,4726.347850147544,1930,1930
9,4,0.06408187883135064,12527.047063700473,4725.765643240672,1969,1891
9,4,0.0996364565717821,12525.259562119227,4725.214815229634,2007,1853
9,4,0.12116469809412912,12523.556125173043,4724.689819021869,2046,1814
9,4,0.15702307204106905,12527.912963187575,4726.032446461908,2084,1776
9,4,0.18197055918707805,12528.532160570128,4726.2232238754905,2123,1737
9,4,0.21153908311425407,12525.042170362714,4725.147819455362,2162,1698
9,4,0.23912208228362167,12523.51202418156,4724.676226227208,2200,1660
9,4,0.2709054936220265,12522.323089050546,4724.3097549485765,2239,1621
9,4,0.30091878387089754,12515.799152806589,4722.298230743341,2277,1583
9,4,0.33170526859083266,12513.646121931217,4721.634156960785,2316,1544
9,4,0.3585435160218024,12513.999641229204,4721.743203133425,2354,1506
9,4,0.38968290523578314,12516.278255326044,4722.445988014556,2393,1467
9,4,0.415900206963487,12520.01019285267,4723.596739971203,2432,1428
9,4,0.4569099888233425,12523.78546710117,4724.760505952005,2470,1390
9,4,0.4959772314817739,12528.71077371288,4726.278253611431,2509,1351
9,4,0.5332941303284421,12525.776886713847,4725.3742396063135,2547,1313
9,4,0.5686975279580176,12528.735933279539,4726.286005073775,2586,1274
9,4,0.6146783594549794,12528.821075716021,4726.312236665683,2625,1235
9,4,0.6578851968977814,12526.62565054161,4725.635789641009,2663,1197
9,4,0.6916210914940838,12533.70440258062,4727.81644596432,2702,1158
9,4,0.7376728753458554,12534.068048190598,4727.928436134756,2740,1120
9,4,0.7770723058554525,12523.290631711574,4724.607987981719,2779,1081
9,4,0.8073521063973877,12528.398989314479,4726.182194026805,2818,1042
9,4,0.8575298749670094,12534.096772737686,4727.937282155401,2856,1004
9,4,0.8976121566053823,12533.460155379937,4727.7412245173555,2895,965
9,4,0.9316025270031019,12535.75013482718,4728.446417907066,2933,927
9,4,0.9898754586020173,12529.867829267374,4726.634717121535,2972,888
9,4,1.030273649108347,12531.43873124292,4727.118624983155,3011,849
9,4,1.0726674269262,12524.43783222869,4724.961568467514,3049,811
9,4,1.1392275017854465,12525.146059357237,4725.179836102517,3088,772
9,4,1.1998969720980641,12524.384791983426,4724.945221563725,3126,734
9,4,1.2704071513054331,12526.662589341517,4725.647172080414,3165,695
9,4,1.3317083659910738,12528.631732734524,4726.253901613499,3203,657
9,4,1.391422701120686,12511.84998400785,4721.080074646752,3242,618
9,4,1.4642760127042185,12519.164961339211,4723.336140840193,3281,579
9,5,-1.446499984133564,12518.91936020133,4723.260414568161,579,3281
9,5,-1.3546758380244805,12515.317397204502,4722.149649546768,618,3242
9,5,-1.2708894551910253,12522.615296489359,4724.399826698525,657,3203
9,5,-1.2027402632556472,12507.956263305949,4719.878645516397,695,3165
9,5,-1.1178160561435215,12510.056052315647,4720.526593522356,734,3126
9,5,-1.049391728269892,12511.756267039302,4721.051162147493,772,3088
9,5,-1.0090440484433723,12509.151943691017,4720.247619120517,811,3049
9,5,-0.9523998743995448,12518.75952199848,4723.211130809397,849,3011
9,5,-0.8962798603058176,12519.936670375584,4723.574072450133,888,2972
9,5,-0.8568231210541897,12517.896013089576,4722.944869656024,927,2933
9,5,-0.8066849746872924,12525.763988453707,4725.370264818144,965,2895
9,5,-0.7765502791103138,12524.817402350718,4725.07854924458,1004,2856
9,5,-0.7285176570261738,12540.712454093231,4729.974109665746,1042,2818
9,5,-0.690286345950179,12545.691531981163,4731.506353259564,1081,2779
9,5,-0.6477688511172324,12544.920622100153,4731.269156006394,1120,2740
9,5,-0.5951559511027569,12543.396870797946,4730.800278008864,1158,2702
9,5,-0.5610140914008871,12546.318975292015,4731.699397270899,1197,2663
9,5,-0.526445862655498,12545.032294529316,4731.3035168183105,1235,2625
9,5,-0.4849365765606378,12544.589159458164,4731.16716550843,1274,2586
9,5,-0.4423351679452795,12547.447785222455,4732.046671267348,1313,2547
9,5,-0.40304543229539014,12538.740643469424,4729.367143557358,1351,2509
9,5,-0.3700741532666932,12539.213180005198,4729.512609255327,1390,2470
9,5,-0.3329175395041652,12538.62324747543,4729.331003511794,1428,2432
9,5,-0.2960872221517585,12530.313158749515,4726.771904622461,1467,2393
9,5,-0.27344611057695556,12530.37661990244,4726.7914539686635,1506,2354
9,5,-0.24320783857895012,12527.302912921325,4725.844478093179,1544,2316
9,5,-0.21522892568011676,12528.506029662705,4726.215173019528,1583,2277
9,5,-0.19060114202093786,12538.354624952346,4729.248307507161,1621,2239
9,5,-0.14991537927850718,12540.056053700013,4729.77206597497,1660,2200
9,5,-0.12288377199306484,12537.0973374517,4728.861225370908,1698,2162
9,5,-0.0959338188545707,12541.315212549813,4730.1596327561265,1737,2123
9,5,-0.06364570075428265,12532.769395545249,4727.528481475395,1776,2084
9,5,-0.03383440826637684,12532.669343814136,4727.497666161439,1814,2046
9,5,0.0,12530.888302846597,4726.9490753952605,1879,1981
9,5,0.014776657915577507,12528.148255145334,4726.104942050823,1891,1969
9,5,0.046433358847117995,12531.685970845287,4727.194780281148,1930,1930
9,5,0.06408187883135064,12536.695104405913,4728.737381356448,1969,1891
9,5,0.0996364565717821,12526.587505090472,4725.624035345025,2007,1853
9,5,0.12116469809412912,12523.21638170921,4724.585102155046,2046,1814
9,5,0.15702307204106905,12521.579103322412,4724.080414896905,2084,1776
9,5,0.18197055918707805,12523.951967140947,4724.811823174187,2123,1737
9,5,0.21153908311425407,12519.055248711757,4723.302313296668,2162,1698
9,5,0.23912208228362167,12516.530531002098,4722.523788641558,2200,1660
9,5,0.2709054936220265,12520.906607108576,4723.873100382199,2239,1621
9,5,0.30091878387089754,12519.785993515578,4723.5276172487365,2277,1583
9,5,0.33170526859083266,12519.62670458997,4723.478506252383,2316,1544
9,5,0.3585435160218024,12519.369161488252,4723.399100801942,2354,1506
9,5,0.38968290523578314,12521.731315102297,4724.127336606578,2393,1467
9,5,0.415900206963487,12527.167191317734,4725.802658378958,2432,1428
9,5,0.4569099888233425,12528.49536276773,4726.211886575635,2470,1390
9,5,0.4959772314817739,12526.18226441514,4725.499160608913,2509,1351
9,5,0.5332941303284421,12531.229590241699,4727.0542037288515,2547,1313
9,5,0.5686975279580176,12538.202042422054,4729.201333867619,2586,1274
9,5,0.6146783594549794,12542.141574607936,4730.4139643319195,2625,1235
9,5,0.6578851968977814,12541.259138535723,4730.14237410545,2663,1197
9,5,0.6916210914940838,12545.928800058906,4731.579354107495,2702,1158
9,5,0.7376728753458554,12546.367197847543,4731.714233391914,2740,1120
9,5,0.7770723058554525,12533.230613060708,4727.670530434883,2779,1081
9,5,0.8073521063973877,12529.407338633642,4726.492853972302,2818,1042
9,5,0.8575298749670094,12527.629513791077,4725.945111320668,2856,1004
9,5,0.8976121566053823,12527.874929062598,4726.0207276747715,2895,965
9,5,0.9316025270031019,12529.601956321394,4726.552810394832,2933,927
9,5,0.9898754586020173,12527.13421991521,4725.79249887687,2972,888
9,5,1.030273649108347,12528.056234989732,4726.07658996735,3011,849
9,5,1.0726674269262,12522.966877857303,4724.508197434003,3049,811
9,5,1.1392275017854465,12527.050867925636,4725.766815448842,3088,772
9,5,1.1998969720980641,12521.965761427524,4724.1996073110695,3126,734
9,5,1.2704071513054331,12518.148272888915,4723.022655332896,3165,695
9,5,1.3317083659910738,12529.052698299827,4726.383596524988,3203,657
9,5,1.391422701120686,12526.519940450922,4725.603215611647,3242,618
9,5,1.4642760127042185,12522.540566482912,4724.376791679181,3281,579
10,1,-1.4442685856155595,12450.088265856115,4718.4957811773675,579,3281
10,1,-1.3546758380244805,12420.035520927959,4709.167025689048,618,3242
10,1,-1.2708894551910253,12439.817400148186,4715.310108687088,657,3203
10,1,-1.2027402632556472,12419.092718294094,4708.874002670414,695,3165
10,1,-1.1178160561435215,12421.094050953938,4709.495990271029,734,3126
10,1,-1.049391728269892,12428.476834613102,4711.789594928757,772,3088
10,1,-1.0090440484433723,12428.18255680872,4711.698197906569,811,3049
10,1,-0.9523998743995448,12431.301585452768,4712.6667981044075,849,3011
10,1,-0.8962798603058176,12425.021947681074,4710.716437080009,888,2972
10,1,-0.8568231210541897,12429.865018182412,4712.220708847363,927,2933
10,1,-0.8066849746872924,12433.279773584629,4713.280989519484,965,2895
10,1,-0.7765502791103138,12433.842523978841,4713.455695422004,1004,2856
10,1,-0.7285176570261738,12442.603537640683,4716.174533478621,1042,2818
10,1,-0.690286345950179,12434.397659339735,4713.628029489682,1081,2779
10,1,-0.6477688511172324,12429.480519952507,4712.101304000983,1120,2740
10,1,-0.5951559511027569,12417.399776619026,4708.347780630227,1158,2702
10,1,-0.5610140914008871,12416.664143542474,4708.119099276626,1197,2663
10,1,-0.526445862655498,12435.58356017029,4713.996150170516,1235,2625
10,1,-0.4849365765606378,12431.669188749565,4712.780939631471,1274,2586
10,1,-0.4423351679452795,12430.25730933334,4712.34252995691,1313,2547
10,1,-0.40304543229539014,12455.137878257074,4720.061035314952,1351,2509
10,1,-0.3700741532666932,12456.804304771173,4720.577446785946,1390,2470
10,1,-0.3329175395041652,12463.874875632742,4722.767788715267,1428,2432
10,1,-0.2960872221517585,12466.89809118166,4723.703949988048,1467,2393
10,1,-0.27344611057695556,12460.10782253939,4721.600974789327,1506,2354
10,1,-0.24320783857895012,12464.994111722499,4723.114394998252,1544,2316
10,1,-0.21522892568011676,12470.510167243385,4724.822158708961,1583,2277
10,1,-0.19060114202093786,12463.194361704438,4722.55703118586,1621,2239
10,1,-0.14991537927850718,12471.889123304829,4725.248963712008,1660,2200
10,1,-0.12288377199306484,12474.432986374395,4726.036198915609,1698,2162
10,1,-0.09698507446101522,12482.698914693934,4728.593102057091,1737,2123
10,1,-0.0638138180391755,12479.503923349972,4727.604994818715,1776,2084
10,1,-0.03493310106013494,12487.463849337737,4730.066272105852,1814,2046
10,1,0.0,12487.181407271886,4729.978965450399,1880,1980
10,1,0.014259833943413326,12486.020212694179,4729.620003780895,1891,1969
10,1,0.046274606026509846,12480.746162205236,4727.989209076892,1930,1930
10,1,0.06359654759323252,12476.926410242682,4726.807669199905,1969,1891
10,1,0.09839192907732416,12478.858133014844,4727.405242071437,2007,1853
10,1,0.12090254948730463,12477.410723217366,4726.957498712307,2046,1814
10,1,0.1568294067747396,12472.453397883353,4725.423600495609,2084,1776
10,1,0.18070855616057635,12472.858078013243,4725.548839685588,2123,1737
10,1,0.21130921972226868,12471.86836258275,4725.24253834588,2162,1698
10,1,0.23912208228362167,12470.357402969017,4724.774873256889,2200,1660
10,1,0.2709054936220265,12466.54769189379,4723.595457863611,2239,1621
10,1,0.30091878387089754,12462.571151644404,4722.364010768417,2277,1583
10,1,0.33170526859083266,12455.740732312323,4720.247862659752,2316,1544
10,1,0.3585435160218024,12459.318144973666,4721.356333888794,2354,1506
10,1,0.38968290523578314,12464.90702638865,4723.087427431328,2393,1467
10,1,0.415900206963487,12463.372787024718,4722.6122912409,2432,1428
10,1,0.4569099888233425,12470.874564414273,4724.934949004678,2470,1390
10,1,0.4959772314817739,12474.402741669359,4726.026840197414,2509,1351
10,1,0.5332941303284421,12468.6062566294,4724.232795809382,2547,1313
10,1,0.5686975279580176,12477.17517015049,4726.884627550104,2586,1274
10,1,0.6146783594549794,12479.008964237422,4727.451897381917,2625,1235
10,1,0.6571693960172094,12483.147688461198,4728.731872976367,2663,1197
10,1,0.6913157900963302,12477.929925525168,4727.118115306294,2702,1158
10,1,0.7367728459018735,12486.255203796325,4729.692649596239,2740,1120
10,1,0.7768813383868994,12490.829728365316,4731.106558791944,2779,1081
10,1,0.8068590147782929,12488.181635926441,4730.288140744626,2818,1042
10,1,0.8561211739231992,12501.732388148364,4734.474302301869,2856,1004
10,1,0.8964178505773426,12503.726607362496,4735.089982756624,2895,965
10,1,0.9308580614154667,12503.83584971433,4735.123706593468,2933,927
10,1,0.9895422223572032,12498.900374057364,4733.599798480946,2972,888
10,1,1.0300054798181086,12494.78031930208,4732.327203884371,3011,849
10,1,1.0710763770754794,12494.74495093865,4732.316277555729,3049,811
10,1,1.1384611329739254,12489.320340828595,4730.640089544746,3088,772
10,1,1.1968104955701255,12490.171045848136,4730.903002934443,3126,734
10,1,1.2680463170022065,12490.277174843044,4730.935801218664,3165,695
10,1,1.3257097216463023,12496.254650295783,4732.78264061592,3203,657
10,1,1.3913031325727445,12502.256248942587,4734.636044709878,3242,618
10,1,1.462688386223113,12515.975167960922,4738.869360153812,3281,579
10,2,-1.4442685856155595,12532.16808681623,4743.860123329601,579,3281
10,2,-1.3546758380244805,12533.74307996102,4744.345202328441,618,3242
10,2,-1.2708894551910253,12530.673394383917,4743.399719604039,657,3203
10,2,-1.2027402632556472,12531.679937972078,4743.709766964786,695,3165
10,2,-1.1178160561435215,12534.24968379584,4744.501217277153,734,3126
10,2,-1.049391728269892,12533.735480784879,4744.3428620196755,772,3088
10,2,-1.0090440484433723,12529.221946514564,4742.952583755644,811,3049
10,2,-0.9523998743995448,12536.428877650531,4745.172255221313,849,3011
10,2,-0.8962798603058176,12537.12739429825,4745.387324374779,888,2972
10,2,-0.8568231210541897,12535.515101121546,4744.890890728283,927,2933
10,2,-0.8066849746872924,12532.923060136376,4744.092653664286,965,2895
10,2,-0.7765502791103138,12526.521227008383,4742.120456984387,1004,2856
10,2,-0.7285176570261738,12520.984440662836,4740.4139401019875,1042,2818
10,2,-0.690286345950179,12514.124673507105,4738.298614639412,1081,2779
10,2,-0.6477688511172324,12517.198974869087,4739.246770916212,1120,2740
10,2,-0.5951559511027569,12517.888962304432,4739.459540410595,1158,2702
10,2,-0.5610140914008871,12521.872533314137,4740.687713788355,1197,2663
10,2,-0.526445862655498,12518.700625478526,4739.709815700056,1235,2625
10,2,-0.4849365765606378,12521.780026228917,4740.659197392985,1274,2586
10,2,-0.4423351679452795,12529.28614886759,4742.972363152066,1313,2547
10,2,-0.40304543229539014,12533.53848784283,4744.282193854699,1351,2509
10,2,-0.3700741532666932,12528.457304261821,4742.717005746446,1390,2470
10,2,-0.3329175395041652,12527.226757313994,4742.337857349559,1428,2432
10,2,-0.2960872221517585,12513.09508008085,4737.981021980961,1467,2393
10,2,-0.27344611057695556,12516.451586225197,4739.01628753871,1506,2354
10,2,-0.24320783857895012,12520.172228779818,4740.16354129566,1544,2316
10,2,-0.21522892568011676,12519.93421137454,4740.090159244623,1583,2277
10,2,-0.19060114202093786,12520.147490809924,4740.15591451095,1621,2239
10,2,-0.14991537927850718,12518.664680687194,4739.698732513559,1660,2200
10,2,-0.12288377199306484,12515.948786057266,4738.861223811731,1698,2162
10,2,-0.09698507446101522,12518.753903408715,4739.726243313358,1737,2123
10,2,-0.0638138180391755,12515.156289529034,4738.616804990367,1776,2084
10,2,-0.03493310106013494,12515.054090029036,4738.585283875363,1814,2046
10,2,0.0,12500.936615797997,4734.228594031846,1880,1980
10,2,0.014259833943413326,12503.717420445286,4735.087146681063,1891,1969
10,2,0.046274606026509846,12484.538145275354,4729.161801752621,1930,1930
10,2,0.06359654759323252,12485.563534009638,4729.478820927585,1969,1891
10,2,0.09839192907732416,12484.091707990927,4729.023768714509,2007,1853
10,2,0.12090254948730463,12490.334662764993,4730.953567267003,2046,1814
10,2,0.1568294067747396,12495.960620894031,4732.691816054872,2084,1776
10,2,0.18070855616057635,12498.5400356332,4733.488514581908,2123,1737
10,2,0.21130921972226868,12495.80094247657,4732.64249110514,2162,1698
10,2,0.23912208228362167,12495.405145286646,4732.520225925311,2200,1660
10,2,0.2709054936220265,12496.493470351452,4732.856409647677,2239,1621
10,2,0.30091878387089754,12501.518746919224,4734.408338468601,2277,1583
10,2,0.33170526859083266,12501.851012247249,4734.510928173798,2316,1544
10,2,0.3585435160218024,12504.974133480251,4735.4750847951855,2354,1506
10,2,0.38968290523578314,12501.898947777005,4734.52572844537,2393,1467
10,2,0.415900206963487,12504.410078787954,4735.300970063358,2432,1428
10,2,0.4569099888233425,12509.527318563454,4736.880293261879,2470,1390
10,2,0.4959772314817739,12501.859573070109,4734.513571363586,2509,1351
10,2,0.5332941303284421,12505.189454742234,4735.541548980303,2547,1313
10,2,0.5686975279580176,12506.012547838063,4735.795606290361,2586,1274
10,2,0.6146783594549794,12510.19081417325,4737.085019233677,2625,1235
10,2,0.6571693960172094,12509.578221156753,4736.895999979277,2663,1197
10,2,0.6913157900963302,12506.235892061257,4735.864541212675,2702,1158
10,2,0.7367728459018735,12503.71807623436,4735.0873491285165,2740,1120
10,2,0.7768813383868994,12494.187218255596,4732.143973421854,2779,1081
10,2,0.8068590147782929,12492.512928105218,4731.6266774242,2818,1042
10,2,0.8561211739231992,12486.021958010771,4729.620543338053,2856,1004
10,2,0.8964178505773426,12488.946565689454,4730.524567355589,2895,965
10,2,0.9308580614154667,12488.859912478798,4730.497785068407,2933,927
10,2,0.9895422223572032,12480.98431013004,4728.062861902427,2972,888
10,2,1.0300054798181086,12488.74777036739,4730.463124539222,3011,849
10,2,1.0710763770754794,12465.05861086478,4723.134368216277,3049,811
10,2,1.1384611329739254,12469.872670057377,4724.624829008404,3088,772
10,2,1.1968104955701255,12455.121457917008,4720.055946446804,3126,734
10,2,1.2680463170022065,12455.945493301238,4720.311317008854,3165,695
10,2,1.3257097216463023,12455.028615348107,4720.027173250744,3203,657
10,2,1.3913031325727445,12471.853032609124,4725.237793769298,3242,618
10,2,1.462688386223113,12489.277310159667,4730.6267902887685,3281,579
10,3,-1.4442685856155595,12511.762155765598,4737.569823802027,579,3281
10,3,-1.3518565947943195,12508.075025260081,4736.432140630762,618,3242
10,3,-1.2684936314160526,12508.623252890618,4736.601320322717,657,3203
10,3,-1.1990151371735376,12508.71710595736,4736.630282061449,695,3165
10,3,-1.1152880721871403,12521.49352303252,4740.570878081537,734,3126
10,3,-1.048332791565912,12519.702920278656,4740.018849614578,772,3088
10,3,-1.0088733897528053,12522.547950563145,4740.8959127030375,811,3049
10,3,-0.9512599635671165,12519.85362201435,4740.065312793654,849,3011
10,3,-0.8952803984472915,12517.678939606423,4739.394777540625,888,2972
10,3,-0.8561001435860882,12518.196038896349,4739.554228988686,927,2933
10,3,-0.8054367913997035,12518.325864867731,4739.594260767178,965,2895
10,3,-0.7762357880665067,12521.902559074193,4740.696969536211,1004,2856
10,3,-0.7250910713002773,12520.576303180338,4740.288116420414,1042,2818
10,3,-0.689063831548832,12512.773301459772,4737.881759453205,1081,2779
10,3,-0.646198881103964,12513.15566983485,4737.999712471421,1120,2740
10,3,-0.5946228984850169,12509.601999048868,4736.9033369633635,1158,2702
10,3,-0.5596505265950628,12511.096288046467,4737.364391684651,1197,2663
10,3,-0.5262703259779633,12506.807119261608,4736.040844191304,1235,2625
10,3,-0.4804383281752421,12507.171191048514,4736.153206733569,1274,2586
10,3,-0.44138517836454405,12495.441798113545,4732.53154846369,1313,2547
10,3,-0.4018554218056432,12504.991995399148,4735.480598357785,1351,2509
10,3,-0.36886352052040994,12507.236517464866,4736.173367911883,1390,2470
10,3,-0.3324118346759487,12503.311472070547,4734.961825057821,1428,2432
10,3,-0.2950223052985865,12497.098822763455,4733.0433903972535,1467,2393
10,3,-0.2732219759759777,12494.387458345149,4732.205835833432,1506,2354
10,3,-0.24232682708194422,12497.703401013463,4733.230122984662,1544,2316
10,3,-0.21371575929727418,12505.155699203802,4735.531129581646,1583,2277
10,3,-0.18996034725579386,12517.985905847527,4739.489433680019,1621,2239
10,3,-0.14971714095093272,12512.295634724782,4737.734403727472,1660,2200
10,3,-0.12207299677806258,12510.673886070712,4737.234067441784,1698,2162
10,3,-0.0959338188545707,12512.027340937331,4737.651635133046,1737,2123
10,3,-0.06364570075428265,12511.271512443593,4737.418452609525,1776,2084
10,3,-0.03383440826637684,12509.919169257357,4737.001202705605,1814,2046
10,3,0.0,12518.160973875289,4739.5434166343775,1879,1981
10,3,0.014776657915577507,12520.67038510521,4740.3171210649925,1891,1969
10,3,0.046433358847117995,12513.73562481131,4738.178610136591,1930,1930
10,3,0.06408187883135064,12514.329233754146,4738.361711030147,1969,1891
10,3,0.0996364565717821,12514.572904812041,4738.436869762902,2007,1853
10,3,0.12116469809412912,12513.839519771896,4738.210657551936,2046,1814
10,3,0.15702307204106905,12520.524678572077,4740.272200907111,2084,1776
10,3,0.18197055918707805,12519.362496299162,4739.913890700253,2123,1737
10,3,0.21153908311425407,12518.389982249977,4739.614031179319,2162,1698
10,3,0.23912208228362167,12523.661541928912,4741.239155274412,2200,1660
10,3,0.2709054936220265,12495.389060239482,4732.515257033043,2239,1621
10,3,0.30091878387089754,12495.23634773399,4732.468081721374,2277,1583
10,3,0.33170526859083266,12496.073944373868,4732.726821498789,2316,1544
10,3,0.3585435160218024,12503.110679339237,4734.899836186468,2354,1506
10,3,0.38968290523578314,12503.243196068337,4734.940746954738,2393,1467
10,3,0.415900206963487,12501.852846842065,4734.511494612756,2432,1428
10,3,0.4569099888233425,12497.859578969805,4733.278359298599,2470,1390
10,3,0.4959772314817739,12499.710872848045,4733.850094411566,2509,1351
10,3,0.5332941303284421,12499.051845798002,4733.646576786122,2547,1313
10,3,0.5686975279580176,12493.965436900093,4732.0754548687555,2586,1274
10,3,0.6146783594549794,12491.215357035215,4731.225726511067,2625,1235
10,3,0.6571693960172094,12488.958678900195,4730.52831122386,2663,1197
10,3,0.6913157900963302,12490.269748770757,4730.933506261783,2702,1158
10,3,0.7367728459018735,12485.893022485605,4729.580683269049,2740,1120
10,3,0.7768813383868994,12488.111494670618,4730.266460566061,2779,1081
10,3,0.8068590147782929,12496.249964925339,4732.781193339611,2818,1042
10,3,0.8561211739231992,12492.801505716809,4731.715842568289,2856,1004
10,3,0.8964178505773426,12491.018527878896,4731.164902443299,2895,965
10,3,0.9308580614154667,12488.43607907871,4730.366786346604,2933,927
10,3,0.9895422223572032,12491.698329340621,4731.374970360082,2972,888
10,3,1.0300054798181086,12488.63825406579,4730.42927528664,3011,849
10,3,1.0710763770754794,12479.980121473214,4727.752283500856,3049,811
10,3,1.1384611329739254,12473.403134345164,4725.7175156586045,3088,772
10,3,1.1968104955701255,12488.32453073383,4730.332308167631,3126,734
10,3,1.2680463170022065,12486.026610265613,4729.621981562365,3165,695
10,3,1.3257097216463023,12486.354274667698,4729.723276236506,3203,657
10,3,1.3913031325727445,12476.513725530398,4726.679994379847,3242,618
10,3,1.462688386223113,12469.176300235926,4724.409264452218,3281,579
10,4,-1.4442685856155595,12502.482841737186,4734.706003303247,579,3281
10,4,-1.3518565947943195,12511.615597596388,4737.524608920269,618,3242
10,4,-1.2684936314160526,12507.155236801565,4736.148282883759,657,3203
10,4,-1.1990151371735376,12497.474780843499,4733.159511457137,695,3165
10,4,-1.1152880721871403,12475.111634010489,4726.246189111088,734,3126
10,4,-1.048332791565912,12478.359786865505,4727.251088980906,772,3088
10,4,-1.0088733897528053,12483.24869744115,4728.76310653179,811,3049
10,4,-0.9512599635671165,12478.384903042072,4727.2588582988,849,3011
10,4,-0.8952803984472915,12485.604798612454,4729.491578149413,888,2972
10,4,-0.8561001435860882,12489.296052892472,4730.6325830094,927,2933
10,4,-0.8054367913997035,12488.036861890385,4730.243391954553,965,2895
10,4,-0.7762357880665067,12485.427780801321,4729.436851637899,1004,2856
10,4,-0.7250910713002773,12487.833173172909,4730.180432109841,1042,2818
10,4,-0.689063831548832,12490.435772919975,4730.984814117395,1081,2779
10,4,-0.646198881103964,12489.17683650687,4730.595737262226,1120,2740
10,4,-0.5946228984850169,12490.586729872217,4731.031465036955,1158,2702
10,4,-0.5596505265950628,12481.675332529536,4728.276568815146,1197,2663
10,4,-0.5262703259779633,12492.733801369573,4731.694923362267,1235,2625
10,4,-0.4804383281752421,12499.01026558017,4733.633735819481,1274,2586
10,4,-0.44138517836454405,12515.237107939174,4738.641731411474,1313,2547
10,4,-0.4018554218056432,12520.620026576604,4740.301595992823,1351,2509
10,4,-0.36886352052040994,12523.418571463846,4741.164267024689,1390,2470
10,4,-0.3324118346759487,12518.078143164044,4739.517875534223,1428,2432
10,4,-0.2950223052985865,12525.410163832616,4741.778071896836,1467,2393
10,4,-0.2732219759759777,12526.632006391426,4742.154593080115,1506,2354
10,4,-0.24232682708194422,12521.657098814885,4740.62130324804,1544,2316
10,4,-0.21371575929727418,12525.548233457279,4741.820621067432,1583,2277
10,4,-0.18996034725579386,12511.789369636022,4737.578219535921,1621,2239
10,4,-0.14971714095093272,12513.309398974481,4738.04713382936,1660,2200
10,4,-0.12207299677806258,12515.670510802714,4738.775400959452,1698,2162
10,4,-0.0959338188545707,12513.373213024628,4738.066818598402,1737,2123
10,4,-0.06364570075428265,12515.193384164406,4738.628245924626,1776,2084
10,4,-0.03383440826637684,12519.177763334774,4739.856932967481,1814,2046
10,4,0.0,12515.218417658401,4738.635966875251,1879,1981
10,4,0.014776657915577507,12515.436477202442,4738.7032211954875,1891,1969
10,4,0.046433358847117995,12522.028321137881,4740.735736738386,1930,1930
10,4,0.06408187883135064,12520.08466338523,4740.136544573976,1969,1891
10,4,0.0996364565717821,12518.058049947016,4739.511679704552,2007,1853
10,4,0.12116469809412912,12516.261968332958,4738.95781005384,2046,1814
10,4,0.15702307204106905,12520.901485183058,4740.388366297132,2084,1776
10,4,0.18197055918707805,12521.611795903653,4740.607337879693,2123,1737
10,4,0.21153908311425407,12518.332646267234,4739.596351797183,2162,1698
10,4,0.23912208228362167,12516.786337987134,4739.1195216313245,2200,1660
10,4,0.2709054936220265,12515.338665991476,4738.67305422925,2239,1621
10,4,0.30091878387089754,12508.71871159146,4736.630777535698,2277,1583
10,4,0.33170526859083266,12506.707659339594,4736.010147561712,2316,1544
10,4,0.3585435160218024,12507.231096543814,4736.171694899643,2354,1506
10,4,0.38968290523578314,12509.399029699565,4736.840707629168,2393,1467
10,4,0.415900206963487,12513.146147440264,4737.9967750463575,2432,1428
10,4,0.4569099888233425,12516.882789310159,4739.149265741546,2470,1390
10,4,0.4959772314817739,12521.693356748998,4740.632480316852,2509,1351
10,4,0.5332941303284421,12518.10921711912,4739.527457301994,2547,1313
10,4,0.5686975279580176,12521.56691963677,4740.593503981678,2586,1274
10,4,0.6146783594549794,12521.15687884116,4740.467099403331,2625,1235
10,4,0.6578851968977814,12518.970919675321,4739.793156964262,2663,1197
10,4,0.6916210914940838,12525.624457292673,4741.8441109062705,2702,1158
10,4,0.7376728753458554,12526.317115095399,4742.057560160211,2740,1120
10,4,0.7770723058554525,12514.757123256339,4738.493689757221,2779,1081
10,4,0.8073521063973877,12519.923983117718,4740.08700578656,2818,1042
10,4,0.8575298749670094,12524.508766386667,4741.500275058247,2856,1004
10,4,0.8976121566053823,12522.598808662793,4740.911589374174,2895,965
10,4,0.9316025270031019,12525.62385773682,4741.843926142177,2933,927
10,4,0.9898754586020173,12519.123607047159,4739.840235087932,2972,888
10,4,1.030273649108347,12521.421301092754,4740.54861416462,3011,849
10,4,1.0726674269262,12515.514668259022,4738.727336737614,3049,811
10,4,1.1392275017854465,12516.995156433484,4739.183917751671,3088,772
10,4,1.1998969720980641,12516.667301717534,4739.082812353629,3126,734
10,4,1.2704071513054331,12518.783709105774,4739.735433513482,3165,695
10,4,1.3317083659910738,12520.232706171657,4740.1821865798,3203,657
10,4,1.391422701120686,12503.346328123502,4734.972585741275,3242,618
10,4,1.4642760127042185,12510.181288345766,4737.082080053241,3281,579
10,5,-1.446499984133564,12505.16781847374,4735.534870467439,579,3281
10,5,-1.3546758380244805,12500.681681301186,4734.149875354836,618,3242
10,5,-1.2708894551910253,12515.017197431542,4738.573905128199,657,3203
10,5,-1.2027402632556472,12499.005775286048,4733.63234910661,695,3165
10,5,-1.1178160561435215,12500.788885636652,4734.182978106436,734,3126
10,5,-1.049391728269892,12501.875660334232,4734.518538368629,772,3088
10,5,-1.0090440484433723,12500.035092842314,4733.9502145631595,811,3049
10,5,-0.9523998743995448,12510.189882406543,4737.084731738491,849,3011
10,5,-0.8962798603058176,12511.511673446568,4737.492546803174,888,2972
10,5,-0.8568231210541897,12509.121576067915,4736.755093372827,927,2933
10,5,-0.8066849746872924,12518.46136909265,4739.636042989738,965,2895
10,5,-0.7765502791103138,12517.85176422173,4739.44807004103,1004,2856
10,5,-0.7285176570261738,12534.544221462189,4744.591920914229,1042,2818
10,5,-0.690286345950179,12539.31657664288,4746.061283081327,1081,2779
10,5,-0.6477688511172324,12538.415599400683,4745.783923698751,1120,2740
10,5,-0.5951559511027569,12536.963581551166,4745.336888472289,1158,2702
10,5,-0.5610140914008871,12539.551227105288,4746.13351527235,1197,2663
10,5,-0.526445862655498,12538.348288970134,4745.7632018653385,1235,2625
10,5,-0.4849365765606378,12537.615423237832,4745.53757849469,1274,2586
10,5,-0.4423351679452795,12539.236614037356,4746.036667972555,1313,2547
10,5,-0.40304543229539014,12530.840496820168,4743.451194180294,1351,2509
10,5,-0.3700741532666932,12531.256654894416,4743.579385381296,1390,2470
10,5,-0.3329175395041652,12530.19793303413,4743.253253762016,1428,2432
10,5,-0.2960872221517585,12523.188131281688,4741.093239510766,1467,2393
10,5,-0.27344611057695556,12523.106977612993,4741.0682255787815,1506,2354
10,5,-0.24320783857895012,12520.06153775423,4740.129414828412,1544,2316
10,5,-0.21522892568011676,12521.572204005677,4740.595132983847,1583,2277
10,5,-0.19060114202093786,12530.6199367765,4743.383252268383,1621,2239
10,5,-0.14991537927850718,12532.587647864413,4743.989349057017,1660,2200
10,5,-0.12288377199306484,12529.895536366494,4743.160097594138,1698,2162
10,5,-0.0959338188545707,12534.085035505595,4744.450512481045,1737,2123
10,5,-0.06364570075428265,12525.1179417159,4741.688015721907,1776,2084
10,5,-0.03383440826637684,12525.561097604332,4741.824585411442,1814,2046
10,5,0.0,12522.738866412132,4740.954760915277,1879,1981
10,5,0.014776657915577507,12519.979826980001,4740.104222890113,1891,1969
10,5,0.046433358847117995,12520.86881401874,4740.3782942700545,1930,1930
10,5,0.06408187883135064,12526.671334863668,4742.166711873457,1969,1891
10,5,0.0996364565717821,12517.828401954896,4739.44086605461,2007,1853
10,5,0.12116469809412912,12513.948638038353,4738.244315860522,2046,1814
10,5,0.15702307204106905,12513.264147370524,4738.0331749715115,2084,1776
10,5,0.18197055918707805,12514.778380080703,4738.500246118767,2123,1737
10,5,0.21153908311425407,12509.338515445812,4736.8220348229115,2162,1698
10,5,0.23912208228362167,12506.950182426077,4736.084997799113,2200,1660
10,5,0.2709054936220265,12508.813311449063,4736.659969499959,2239,1621
10,5,0.30091878387089754,12509.346761485696,4736.824579298259,2277,1583
10,5,0.33170526859083266,12508.991003803705,4736.714801848976,2316,1544
10,5,0.3585435160218024,12508.70115961827,4736.6253612604105,2354,1506
10,5,0.38968290523578314,12511.575564425988,4737.512258134411,2393,1467
10,5,0.415900206963487,12515.602531030258,4738.75443503245,2432,1428
10,5,0.4569099888233425,12518.628717030742,4739.687643478359,2470,1390
10,5,0.4959772314817739,12516.35339296866,4738.986005197554,2509,1351
10,5,0.5332941303284421,12521.742959006519,4740.647770927264,2547,1313
10,5,0.5686975279580176,12523.391736476598,4741.1559958676435,2586,1274
10,5,0.6146783594549794,12530.77233511748,4743.430197592874,2625,1235
10,5,0.6578851968977814,12529.912656843338,4743.165371779807,2663,1197
10,5,0.6916210914940838,12534.696554368038,4744.638831390844,2702,1158
10,5,0.7376728753458554,12535.675636546046,4744.940323301715,2740,1120
10,5,0.7770723058554525,12527.19702962474,4742.328697379927,2779,1081
10,5,0.8073521063973877,12523.804210394059,4741.283127808872,2818,1042
10,5,0.8575298749670094,12522.004020457283,4740.728245881815,2856,1004
10,5,0.8976121566053823,12522.09228650727,4740.755454446163,2895,965
10,5,0.9316025270031019,12523.974627120826,4741.335652112093,2933,927
10,5,0.9898754586020173,12520.933048503932,4740.39809676783,2972,888
10,5,1.030273649108347,12521.840661101027,4740.677888828162,3011,849
10,5,1.0726674269262,12516.759291952865,4739.111181007601,3049,811
10,5,1.1392275017854465,12520.464848584274,4740.2537556493735,3088,772
10,5,1.1998969720980641,12515.556277224983,4738.740169637089,3126,734
10,5,1.2704071513054331,12511.704919202759,4737.552165726757,3165,695
10,5,1.3317083659910738,12522.35035011267,4740.835003073485,3203,657
10,5,1.391422701120686,12520.27873310053,4740.196376700947,3242,618
10,5,1.4642760127042185,12515.987123791714,4738.873047400246,3281,579
