Date,Close,log_price,simple_return,log_return,squared_return,abs_return
2010-01-05,17.76,2.876948737564024,1.9517795637198576,1.9329766139667224,3.736398590142256,1.9329766139667224
2010-01-06,18.2,2.9014215940827497,2.4774774774774637,2.4472856518725523,5.989207061861263,2.4472856518725523
2010-01-07,18.23,2.903068588690572,0.1648351648351642,0.1646994607821997,0.0271259123819473,0.1646994607821997
2010-01-08,18.48,2.916689066213538,1.371365880416886,1.362047752296634,1.8551740795363123,1.362047752296634
2010-01-11,18.55,2.920469789053444,0.3787878787878895,0.3780722839906152,0.1429386519218804,0.3780722839906152
2010-01-12,18.25,2.9041650800285006,-1.6172506738544534,-1.6304709024943698,2.6584353638808045,1.6304709024943698
2010-01-13,18.62,2.924236271848921,2.0273972602739887,2.007119182042066,4.028527410921213,2.007119182042066
2010-01-14,18.66,2.926382195419198,0.2148227712137407,0.2145923570276676,0.0460498796946899,0.2145923570276676
2010-01-15,18.39,2.91180703861623,-1.4469453376205754,-1.457515680296801,2.124351958311047,1.457515680296801
2010-01-18,18.64,2.925309809257445,1.3594344752583032,1.350277064121551,1.8232481498927149,1.350277064121551
2010-01-19,18.76,2.9317269435780786,0.6437768240343367,0.6417134320633509,0.4117961288905248,0.6417134320633509
2010-01-20,17.89,2.884241897520628,-4.637526652452029,-4.748504605745085,22.54829599078228,4.748504605745085
2010-01-21,17.39,2.855895328366192,-2.794857462269429,-2.8346569154436176,8.035279828272325,2.8346569154436176
2010-01-22,17.04,2.8355635214011694,-2.012650948821171,-2.033180696502209,4.133823744629206,2.033180696502209
2010-01-25,17.14,2.8414149131696336,0.5868544600938996,0.5851391768464087,0.3423878562804928,0.5851391768464087
2010-01-26,16.78,2.8201877010390604,-2.100350058343059,-2.122721213057363,4.505945348363723,2.122721213057363
2010-01-27,16.6,2.8094026953624978,-1.0727056019070311,-1.0785005676562562,1.163163474434867,1.0785005676562562
2010-01-28,16.23,2.7868613815265,-2.22891566265061,-2.2541313835997783,5.081108294529451,2.2541313835997783
2010-01-29,16.2,2.785011242238338,-0.1848428835489857,-0.1850139288161477,0.0342301538559865,0.1850139288161477
2010-02-01,16.68,2.8142103969306005,2.9629629629629672,2.919915469226235,8.525906347426663,2.919915469226235
2010-02-02,16.71,2.8160073426073025,0.1798561151079125,0.1796945676701634,0.0322901376501669,0.1796945676701634
2010-02-03,16.38,2.796061078424924,-1.9748653500897828,-1.9946264182379143,3.978534548332612,1.9946264182379143
2010-02-04,15.27,2.725890119230541,-6.776556776556775,-7.017095919438228,49.23963514259663,7.017095919438228
2010-02-05,15.15,2.7180005319553784,-0.7858546168958647,-0.7889587275162822,0.6224558737241112,0.7889587275162822
2010-02-08,15.0,2.70805020110221,-0.990099009900991,-0.9950330853168092,0.9900908408750886,0.9950330853168092
2010-02-09,15.46,2.738256043159276,3.066666666666662,3.0205842057065797,9.123928943764046,3.0205842057065797
2010-02-10,15.19,2.7206373166076814,-1.7464424320828065,-1.761872655159454,3.104195252998624,1.761872655159454
2010-02-11,15.6,2.747270914255491,2.699144173798551,2.663359764780987,7.093485236654233,2.663359764780987
2010-02-12,15.52,2.7421295147550726,-0.512820512820511,-0.5141399500418652,0.2643398882290516,0.5141399500418652
2010-02-15,15.54,2.7434173449395014,0.1288659793814428,0.1287830184428685,0.0165850658392562,0.1287830184428685
2010-02-16,16.12,2.7800607370784824,3.7323037323037545,3.664339213898107,13.427381874511395,3.664339213898107
2010-02-17,15.91,2.766947842349696,-1.302729528535984,-1.3112894728786777,1.7194800816824398,1.3112894728786777
2010-02-18,15.84,2.76253838638628,-0.439974858579506,-0.4409455963415666,0.1944330189330197,0.4409455963415666
2010-02-19,16.31,2.7917784166329223,2.9671717171717127,2.924003024664266,8.549793688245776,2.924003024664266
2010-02-22,16.22,2.7862450486872667,-0.5518087063151378,-0.5533367945655576,0.3061816082200861,0.5533367945655576
2010-02-23,15.83,2.761906873892921,-2.404438964241673,-2.433817479434604,5.923467523201409,2.433817479434604
2010-02-24,15.93,2.768204123921957,0.6317119393556503,0.6297250029036342,0.3965535792819821,0.6297250029036342
2010-02-25,16.13,2.7806808921371173,1.2554927809165006,1.2476768215160243,1.5566974509483298,1.2476768215160243
2010-02-26,16.46,2.800933195248924,2.04587724736518,2.025230311180647,4.1015578133248605,2.025230311180647
2010-03-01,16.43,2.799108932049177,-0.1822600243013394,-0.182426319974707,0.0332793622195141,0.182426319974707
2010-03-02,16.91,2.827905162910489,2.921485088253206,2.8796230861312324,8.292229118179963,2.8796230861312324
2010-03-03,17.16,2.8425810940598164,1.4784151389710232,1.4675931149327293,2.1538295509979517,1.4675931149327293
2010-03-04,17.12,2.840247370713596,-0.2331002331002252,-0.23337233462201,0.0544626465669274,0.23337233462201
2010-03-05,17.34,2.853015971352396,1.2850467289719614,1.276860063879974,1.630371622731571,1.276860063879974
2010-03-08,17.23,2.8466520505398383,-0.6343713956170616,-0.6363920812557451,0.4049948810850188,0.6363920812557451
2010-03-09,17.26,2.848391685655282,0.1741149158444699,0.1739635115443758,0.0302633033488501,0.1739635115443758
2010-03-10,17.02,2.834389123145228,-1.3904982618771822,-1.4002562510053906,1.960717568479672,1.4002562510053906
2010-03-11,17.15,2.8419981736119486,0.763807285546414,0.7609050466720825,0.578976490051044,0.7609050466720825
2010-03-12,17.05,2.8361502037295256,-0.5830903790087327,-0.5847969882422989,0.3419875174572634,0.5847969882422989
2010-03-15,17.13,2.8408313123360287,0.4692082111436901,0.4681108606502695,0.219127777858736,0.4681108606502695
2010-03-16,17.44,2.8587664184808337,1.8096906012843084,1.7935106144805146,3.216680324254273,1.7935106144805146
2010-03-17,17.46,2.859912550411456,0.1146788990825653,0.1146131930622541,0.0131361840239255,0.1146131930622541
2010-03-18,17.41,2.8570447537800976,-0.286368843069873,-0.2867796631358462,0.0822425751883094,0.2867796631358462
2010-03-19,16.98,2.8320361808832013,-2.4698449167145253,-2.500857289689635,6.254287183393786,2.500857289689635
2010-03-22,16.96,2.830857630363757,-0.1177856301531221,-0.1178550519444252,0.0138898132688231,0.1178550519444252
2010-03-23,17.02,2.834389123145228,0.3537735849056478,0.3531492781470938,0.1247144126558134,0.3531492781470938
2010-03-24,16.56,2.8069901489571136,-2.7027027027027084,-2.7398974188114504,7.507037865609648,2.7398974188114504
2010-03-25,16.61,2.810004923625204,0.3019323671497709,0.3014774668089995,0.0908886629935714,0.3014774668089995
2010-03-26,16.91,2.827905162910489,1.80614087898856,1.7900239285285418,3.2041856647047537,1.7900239285285418
2010-03-29,17.39,2.855895328366192,2.8385570668243654,2.7990165455702742,7.834493622376151,2.7990165455702742
2010-03-30,17.27,2.848970892158587,-0.6900517538815487,-0.6924436207604506,0.4794781679318428,0.6924436207604506
2010-03-31,17.5,2.862200880929469,1.3317892298783995,1.3229988770881114,1.7503260287764035,1.3229988770881114
2010-04-01,17.93,2.8864752876170416,2.457142857142846,2.427440668757304,5.892468200336907,2.427440668757304
2010-04-02,17.82,2.8803214220426634,-0.6134969325153339,-0.6153865574378223,0.3787006150751742,0.6153865574378223
2010-04-05,18.07,2.8942531046041373,1.4029180695847463,1.3931682561473977,1.9409177899367804,1.3931682561473977
2010-04-06,17.91,2.8853592160726205,-0.8854454897620379,-0.8893888531516729,0.7910125321104481,0.8893888531516729
2010-04-07,18.14,2.8981194446869907,1.2841987716359693,1.276022861437025,1.6282343429099333,1.276022861437025
2010-04-08,18.07,2.8942531046041373,-0.3858875413450979,-0.3866340082853461,0.1494858563627931,0.3866340082853461
2010-04-09,18.4,2.91235066461494,1.8262313226341973,1.809756001080278,3.275216783446079,1.809756001080278
2010-04-12,18.21,2.901970893739517,-1.0326086956521596,-1.0379770875423204,1.077396434262838,1.0379770875423204
2010-04-13,18.21,2.901970893739517,0.0,0.0,0.0,0.0
2010-04-14,18.43,2.913979771681732,1.208127402526071,1.2008877942215197,1.442131494310227,1.2008877942215197
2010-04-15,18.39,2.91180703861623,-0.2170374389582119,-0.2172733065502107,0.0472076897392618,0.2172733065502107
2010-04-16,17.73,2.8752581200861167,-3.588907014681897,-3.654891853011325,13.35823445720856,3.654891853011325
2010-04-19,17.68,2.8724340572094973,-0.2820078962211036,-0.282406287661924,0.0797533113109893,0.282406287661924
2010-04-20,17.84,2.8814431271518632,0.9049773755656076,0.900906994236591,0.8116334122644091,0.900906994236591
2010-04-21,18.05,2.89314568477889,1.1771300448430555,1.1702557627026668,1.3694985501388004,1.1702557627026668
2010-04-22,17.98,2.8892600290434745,-0.3878116343490334,-0.3885655735415741,0.1509832049416924,0.3885655735415741
2010-04-23,18.32,2.9079933592459843,1.890989988876535,1.8733330202510048,3.5093766047627506,1.8733330202510048
2010-04-26,18.29,2.906354462402774,-0.1637554585152911,-0.1638896843209953,0.0268598286268355,0.1638896843209953
2010-04-27,18.16,2.8992213731731478,-0.710770913067249,-0.7133089229627085,0.5088096195782192,0.7133089229627085
2010-04-28,18.1,2.89591193827178,-0.3303964757709221,-0.3309434901367142,0.1095235936638694,0.3309434901367142
2010-04-29,18.45,2.915064370486536,1.933701657458542,1.915243221475592,3.668156597408203,1.915243221475592
2010-04-30,18.65,2.9258461460898246,1.084010840108407,1.0781775603288413,1.162466851596652,1.0781775603288413
2010-05-03,18.8,2.933856869835904,0.8042895442359255,0.8010723746078979,0.6417169493599364,0.8010723746078979
2010-05-04,17.87,2.8831233291713367,-4.9468085106383,-5.073354066456688,25.738921483632616,5.073354066456688
2010-05-05,17.48,2.8610573702273894,-2.182428651371016,-2.20659589439473,4.869065441159678,2.20659589439473
2010-05-06,17.66,2.8713021951758138,1.0297482837528626,1.0244824948424576,1.049564382238626,1.0244824948424576
2010-05-07,18.36,2.9101743851923443,3.963759909399767,3.887219001653038,15.110471566812445,3.887219001653038
2010-05-10,18.5,2.917770732084279,0.7625272331154731,0.7596346891934777,0.5770448610260714,0.7596346891934777
2010-05-11,19.29,2.9595868269176377,4.270270270270271,4.181609483335858,17.485857871124384,4.181609483335858
2010-05-12,19.5,2.970414465569701,1.0886469673405896,1.0827638652063394,1.172377587796572,1.0827638652063394
2010-05-13,19.42,2.966303462863179,-0.4102564102564043,-0.4111002706522206,0.169003432530329,0.4111002706522206
2010-05-14,19.32,2.961140828784372,-0.5149330587023715,-0.5162634078806942,0.266527906316588,0.5162634078806942
2010-05-17,18.91,2.9396908826703663,-2.122153209109734,-2.1449946114005844,4.6010018829375445,2.1449946114005844
2010-05-18,18.95,2.9418039315284354,0.2115282919090466,0.2113048858069266,0.0446497547658782,0.2113048858069266
2010-05-19,18.2,2.9014215940827497,-3.95778364116095,-4.038233744568569,16.30733177577229,4.038233744568569
2010-05-20,17.66,2.8713021951758138,-2.967032967032968,-3.011939890693572,9.071781905151203,3.011939890693572
2010-05-21,17.66,2.8713021951758138,0.0,0.0,0.0,0.0
2010-05-24,17.88,2.883682769745368,1.245753114382775,1.238057456955402,1.5327862667228769,1.238057456955402
2010-05-25,17.95,2.887590114934288,0.3914988814317732,0.3907345188919855,0.1526734642537514,0.3907345188919855
2010-05-26,18.07,2.8942531046041373,0.6685236768802394,0.666298966984941,0.4439543134051994,0.666298966984941
2010-05-27,18.49,2.9172300453990334,2.3242944106253383,2.297694079489628,5.279398082921688,2.297694079489628
2010-05-28,18.41,2.9128939952449864,-0.4326663061114066,-0.4336050154046941,0.188013309384105,0.4336050154046941
2010-05-31,18.57,2.9215473753646144,0.869092884302014,0.865338011962798,0.7488098749477275,0.865338011962798
2010-06-01,18.41,2.9128939952449864,-0.8616047388260606,-0.8653380119627907,0.7488098749477149,0.8653380119627907
2010-06-02,18.34,2.9090844668283187,-0.3802281368821325,-0.380952841666773,0.1451250675739894,0.380952841666773
2010-06-03,17.98,2.8892600290434745,-1.9629225736095932,-1.9824437784844544,3.93008333485172,1.9824437784844544
2010-06-04,17.46,2.859912550411456,-2.8921023359288034,-2.9347478632018005,8.612745020567534,2.9347478632018005
2010-06-07,18.11,2.896464271895322,3.7227949599083487,3.655172148386574,13.360283434340923,3.655172148386574
2010-06-08,18.27,2.905260370389916,0.8834897846493606,0.8796098494593289,0.7737134872658632,0.8796098494593289
2010-06-09,18.11,2.896464271895322,-0.8757525998905336,-0.879609849459336,0.7737134872658756,0.879609849459336
2010-06-10,18.23,2.903068588690572,0.662617338487026,0.6604316795249678,0.4361700033201698,0.6604316795249678
2010-06-11,18.23,2.903068588690572,0.0,0.0,0.0,0.0
2010-06-14,18.23,2.903068588690572,0.0,0.0,0.0,0.0
2010-06-15,18.55,2.920469789053444,1.7553483269336256,1.740120036287247,3.028017740688331,1.740120036287247
2010-06-16,18.46,2.9156062290747062,-0.4851752021563293,-0.4863559978737998,0.2365421566678196,0.4863559978737998
2010-06-17,18.71,2.9290581402859983,1.3542795232936111,1.3451911211292182,1.8095391523648832,1.3451911211292182
2010-06-18,19.16,2.9528247725427144,2.4051309460181747,2.376663225671626,5.648528088259859,2.376663225671626
2010-06-21,18.73,2.930126516455997,-2.24425887265135,-2.2698256086717272,5.152108293781977,2.2698256086717272
2010-06-22,18.8,2.933856869835904,0.3737319807795014,0.3730353379906409,0.1391553633897917,0.3730353379906409
2010-06-23,18.52,2.918851229218033,-1.4893617021276673,-1.5005640617870275,2.2516925035267823,1.5005640617870275
2010-06-24,18.68,2.9274534328006965,0.8639308855291628,0.8602203582663288,0.7399790647758511,0.8602203582663288
2010-06-25,19.06,2.947591898226056,2.0342612419700146,2.0138465425359424,4.055577896883969,2.0138465425359424
2010-06-28,18.73,2.930126516455997,-1.7313746065057645,-1.746538177005884,3.050395603739036,1.746538177005884
2010-06-29,18.53,2.9193910402972683,-1.0678056593699914,-1.0735476158728698,1.152504483546323,1.0735476158728698
2010-06-30,18.61,2.9236990706541595,0.4317323259579009,0.4308030356890925,0.1855912555589375,0.4308030356890925
2010-07-01,17.96,2.888147062874053,-3.492745835572264,-3.555200778010575,12.639452571967,3.555200778010575
2010-07-02,17.91,2.8853592160726205,-0.2783964365256186,-0.2787846801433195,0.0777208978826129,0.2787846801433195
2010-07-05,17.91,2.8853592160726205,0.0,0.0,0.0,0.0
2010-07-06,17.91,2.8853592160726205,0.0,0.0,0.0,0.0
2010-07-07,18.05,2.89314568477889,0.7816862088218857,0.77864687062695,0.6062909491371423,0.77864687062695
2010-07-08,18.07,2.8942531046041373,0.1108033240997174,0.1107419825247143,0.0122637866935041,0.1107419825247143
2010-07-09,18.11,2.896464271895322,0.2213613724405094,0.2211167291184892,0.0488926078960593,0.2211167291184892
2010-07-12,17.91,2.8853592160726205,-1.1043622308117065,-1.1105055822701604,1.233222648253188,1.1105055822701604
2010-07-13,18.23,2.903068588690572,1.7867113344500307,1.770937261795129,3.136218785214429,1.770937261795129
2010-07-14,18.27,2.905260370389916,0.2194185408666893,0.2191781699343538,0.0480390701757725,0.2191781699343538
2010-07-15,18.34,2.9090844668283187,0.3831417624521105,0.3824096438403476,0.1462371357021015,0.3824096438403476
2010-07-16,17.88,2.883682769745368,-2.508178844056708,-2.540169708295072,6.452462146939869,2.540169708295072
2010-07-19,17.61,2.8684669225081145,-1.5100671140939603,-1.5215847237253315,2.315220071474294,1.5215847237253315
2010-07-20,17.68,2.8724340572094973,0.3975014196479387,0.3967134701382718,0.1573815773891494,0.3967134701382718
2010-07-21,17.66,2.8713021951758138,-0.1131221719457009,-0.1131862033683417,0.0128111166329396,0.1131862033683417
2010-07-22,18.08,2.89480635496403,2.378255945639851,2.350415978821636,5.524455273500068,2.350415978821636
2010-07-23,18.11,2.896464271895322,0.1659292035398385,0.165791693129173,0.0274868855106378,0.165791693129173
2010-07-26,18.18,2.900322088749333,0.3865267807841022,0.3857816854010811,0.1488275087908987,0.3857816854010811
2010-07-27,17.67,2.871868286331605,-2.8052805280527893,-2.8453802417727583,8.096188720270801,2.8453802417727583
2010-07-28,17.51,2.8627721462977607,-0.9054895302773036,-0.909614003384452,0.8273976351530898,0.909614003384452
2010-07-29,17.61,2.8684669225081145,0.571102227298681,0.5694776210354234,0.3243047608601653,0.5694776210354234
2010-07-30,17.98,2.8892600290434745,2.1010789324247714,2.079310653535957,4.323532793908128,2.079310653535957
2010-08-02,18.34,2.9090844668283187,2.00222469410456,1.9824437784844564,3.930083334851728,1.9824437784844564
2010-08-03,18.36,2.9101743851923443,0.1090512540894206,0.10899183640256,0.0118792204024024,0.10899183640256
2010-08-04,18.29,2.906354462402774,-0.3812636165577365,-0.38199227895701,0.1459181011827701,0.38199227895701
2010-08-05,18.34,2.9090844668283187,0.2733734281027855,0.2730004425544433,0.0745292416349219,0.2730004425544433
2010-08-06,18.47,2.9161477942111484,0.7088331515812341,0.7063327382829712,0.4989059371703202,0.7063327382829712
2010-08-09,18.34,2.9090844668283187,-0.7038440714672412,-0.7063327382829773,0.4989059371703289,0.7063327382829773
2010-08-10,18.29,2.906354462402774,-0.2726281352235626,-0.2730004425544538,0.0745292416349276,0.2730004425544538
2010-08-11,17.89,2.884241897520628,-2.186987424822296,-2.2112564882146417,4.88965525667135,2.2112564882146417
2010-08-12,18.06,2.8936995479888394,0.950251537171587,0.9457650468211398,0.8944715237885928,0.9457650468211398
2010-08-13,18.16,2.8992213731731478,0.5537098560354448,0.5521825184307947,0.3049055336605749,0.5521825184307947
2010-08-16,18.38,2.911263116927541,1.2114537444933848,1.2041743754393683,1.4500359264647928,1.2041743754393683
2010-08-17,18.5,2.917770732084279,0.6528835690968515,0.6507615156738215,0.4234905502820894,0.6507615156738215
2010-08-18,18.36,2.9101743851923443,-0.7567567567567601,-0.7596346891934763,0.5770448610260693,0.7596346891934763
2010-08-19,18.3,2.9069010598473755,-0.3267973856209027,-0.3273325344969026,0.1071465881401659,0.3273325344969026
2010-08-20,18.02,2.891482252180192,-1.5300546448087535,-1.5418807667183507,2.377396298775969,1.5418807667183507
2010-08-23,18.0,2.8903717578961645,-0.1109877913429535,-0.1110494284027176,0.0123319755485703,0.1110494284027176
2010-08-24,18.34,2.9090844668283187,1.8888888888888955,1.8712708932154165,3.5016547557952227,1.8712708932154165
2010-08-25,18.91,2.9396908826703663,3.107960741548532,3.060641584204738,9.367526906963288,3.060641584204738
2010-08-26,18.93,2.9407479652212314,0.1057641459545122,0.1057082550865262,0.011174235193438,0.1057082550865262
2010-08-27,19.08,2.9486406660201405,0.7923930269413626,0.7892700798908983,0.6229472590109849,0.7892700798908983
2010-08-30,19.03,2.946016681308058,-0.2620545073375058,-0.262398471208214,0.0688529576924079,0.262398471208214
2010-08-31,19.36,2.963209081848431,1.734104046242768,1.719240054037277,2.9557863634060992,1.719240054037277
2010-09-01,19.36,2.963209081848431,0.0,0.0,0.0,0.0
2010-09-02,19.63,2.9770590082883697,1.394628099173545,1.3849926439938651,1.918204623917117,1.3849926439938651
2010-09-03,19.81,2.98618686071046,0.9169638308711204,0.912785242208991,0.8331768983945265,0.912785242208991
2010-09-06,19.95,2.9932291433358724,0.7067137809187329,0.7042282625412951,0.4959374457619313,0.7042282625412951
2010-09-07,19.79,2.9851767596144745,-0.8020050125313261,-0.8052383721398082,0.6484088359663682,0.8052383721398082
2010-09-08,19.91,2.991222118076105,0.606366851945439,0.6045358461630684,0.3654635892960971,0.6045358461630684
2010-09-09,19.7,2.9806186357439426,-1.0547463586137673,-1.0603482332162155,1.1243383756847498,1.0603482332162155
2010-09-10,19.89,2.9902170928658807,0.9644670050761528,0.9598457121938112,0.9213037912168448,0.9598457121938112
2010-09-13,20.05,2.998229153752578,0.8044243338360957,0.8012060886697333,0.6419311965214526,0.8012060886697333
2010-09-14,20.45,3.017982882488811,1.995012468827917,1.975372873623243,3.9020979898465487,1.975372873623243
2010-09-15,20.56,3.0233474405869645,0.5378973105134355,0.5364558098153487,0.2877848358846415,0.5364558098153487
2010-09-16,20.75,3.0325462466767075,0.9241245136186738,0.9198806089742914,0.8461803347669131,0.9198806089742914
2010-09-17,20.73,3.0315819264476884,-0.0963855421686754,-0.0964320229019092,0.0092991350409543,0.0964320229019092
2010-09-20,20.73,3.0315819264476884,0.0,0.0,0.0,0.0
2010-09-21,20.92,3.040705639196722,0.9165460684997572,0.9123712749033918,0.8324213432688404,0.9123712749033918
2010-09-22,21.11,3.0497468618602293,0.9082217973231276,0.9041222663507008,0.8174370725111277,0.9041222663507008
2010-09-23,21.11,3.0497468618602293,0.0,0.0,0.0,0.0
2010-09-24,21.43,3.064791809485486,1.5158692562766474,1.5044947625256422,2.2635044904670885,1.5044947625256422
2010-09-27,21.43,3.064791809485486,0.0,0.0,0.0,0.0
2010-09-28,21.73,3.078693794268338,1.3999066728884737,1.3901984782852614,1.9326518090266565,1.3901984782852614
2010-09-29,21.9,3.086486636822455,0.7823285780027556,0.7792842554116811,0.6072839507325383,0.7792842554116811
2010-09-30,21.73,3.078693794268338,-0.776255707762552,-0.7792842554116816,0.6072839507325389,0.7792842554116816
2010-10-01,22.08,3.0946722214088944,1.610676484123319,1.5978427140556164,2.5531013388606185,1.5978427140556164
2010-10-04,21.86,3.0846584827483925,-0.9963768115942018,-1.0013738660502047,1.0027496196083334,1.0013738660502047
2010-10-05,22.84,3.128513384787809,4.483074107959739,4.385490203941692,19.232524328868543,4.385490203941692
2010-10-06,23.16,3.1424266527047946,1.401050788091074,1.391326791698508,1.935790241298064,1.391326791698508
2010-10-07,22.5,3.1135153092103742,-2.849740932642486,-2.8911343494420034,8.358657826523437,2.8911343494420034
2010-10-08,23.2,3.1441522786722644,3.111111111111109,3.0636969461889803,9.386238978087682,3.0636969461889803
2010-10-11,23.27,3.1471649773142003,0.3017241379310365,0.3012698641936112,0.0907635310712369,0.3012698641936112
2010-10-12,23.29,3.148024083896249,0.085947571981082,0.0859106582049168,0.007380641193202,0.0859106582049168
2010-10-13,24.0,3.1780538303479458,3.04851867754401,3.002974645169599,9.01785671953148,3.002974645169599
2010-10-14,24.62,3.2035591207563074,2.583333333333337,2.550529040836188,6.505198388148762,2.550529040836188
2010-10-15,24.3,3.190476350346503,-1.299756295694554,-1.3082770409804647,1.7115888159566006,1.3082770409804647
2010-10-18,24.34,3.1921210875593813,0.1646090534979327,0.1644737212878245,0.0270516049942649,0.1644737212878245
2010-10-19,23.34,3.15016862685841,-4.108463434675436,-4.195246070097123,17.60008958866535,4.195246070097123
2010-10-20,23.91,3.1742967814702334,2.4421593830334265,2.412815461182351,5.8216784497206016,2.412815461182351
2010-10-21,23.14,3.1415627217655304,-3.2204098703471296,-3.273405970470279,10.71518664751047,3.273405970470279
2010-10-22,23.26,3.1467351470905185,0.5185825410544576,0.5172425324987914,0.2675398374257632,0.5172425324987914
2010-10-25,23.61,3.1616703510974213,1.5047291487532144,1.493520400690309,2.23060318727814,1.493520400690309
2010-10-26,23.82,3.170525563927154,0.8894536213468918,0.8855212829732544,0.7841479425985984,0.8855212829732544
2010-10-27,23.54,3.1587011018321305,-1.1754827875734677,-1.1824462095023387,1.3981790383664487,1.1824462095023387
2010-10-28,24.0,3.1780538303479458,1.954120645709434,1.9352728515814992,3.7452810100683873,1.9352728515814992
2010-10-29,24.73,3.208017081533325,3.041666666666676,2.9963251185379307,8.977964215981345,2.9963251185379307
2010-11-01,24.61,3.2031528644029645,-0.48524059846341,-0.4864217130360394,0.2366060829129151,0.4864217130360394
2010-11-02,24.89,3.2144661163795005,1.137748882568057,1.1313251976536094,1.2798967028459785,1.1313251976536094
2010-11-03,24.82,3.211649779776461,-0.2812374447569321,-0.2816336603039502,0.0793175186162008,0.2816336603039502
2010-11-04,26.3,3.269568939183719,5.962933118452862,5.791915940725773,33.54629026443332,5.791915940725773
2010-11-05,26.7,3.284663565406204,1.520912547528508,1.5094626222484888,2.278477407965284,1.5094626222484888
2010-11-08,27.7,3.3214324131932926,3.7453183520599342,3.676884778708906,13.519481675901242,3.676884778708906
2010-11-09,26.91,3.2924979647388146,-2.851985559566783,-2.8934448454478336,8.372023073648638,2.8934448454478336
2010-11-10,27.12,3.3002714630721948,0.7803790412486133,0.7773498333380446,0.6042727633906858,0.7773498333380446
2010-11-11,27.66,3.319987326236612,1.9911504424778623,1.97158631644172,3.887152603180229,1.97158631644172
2010-11-12,26.05,3.260017768199376,-5.820679681851049,-5.996955803723623,35.96347891181444,5.996955803723623
2010-11-15,25.52,3.239462458476589,-2.0345489443378217,-2.055530972278689,4.225207577996973,2.055530972278689
2010-11-16,25.39,3.234355395716587,-0.5094043887147293,-0.5107062760002021,0.2608209003459946,0.5107062760002021
2010-11-17,25.64,3.2441536320524693,0.9846396218983866,0.9798236335882236,0.9600543529380297,0.9798236335882236
2010-11-18,26.96,3.2943542860441064,5.148205928237126,5.0200653991636965,25.201056611880563,5.0200653991636965
2010-11-19,27.29,3.306520334720247,1.2240356083085937,1.2166048676140702,1.4801274039022492,1.2166048676140702
2010-11-22,27.86,3.32719196835166,2.088677171124953,2.067163363141253,4.273164369913456,2.067163363141253
2010-11-23,27.5,3.3141860046725258,-1.2921751615218913,-1.3005963679133992,1.691550912229526,1.3005963679133992
2010-11-24,27.54,3.315639493300509,0.1454545454545375,0.1453488627983098,0.0211262919167619,0.1453488627983098
2010-11-25,27.52,3.314913013065143,-0.0726216412490932,-0.0726480235365885,0.0052777353237727,0.0726480235365885
2010-11-26,26.66,3.2831643147505627,-3.125,-3.1748698314580297,10.079798446702338,3.1748698314580297
2010-11-29,27.14,3.301008654406723,1.8004501125281402,1.7844339656160553,3.184204577644241,1.7844339656160553
2010-11-30,28.07,3.334701390373791,3.426676492262337,3.3692735967067984,11.352004569465564,3.3692735967067984
2010-12-01,28.4,3.3463891451671604,1.1756323477021713,1.1687754793369216,1.3660361210992509,1.1687754793369216
2010-12-02,28.55,3.351656936102019,0.528169014084523,0.5267790934859026,0.2774962133338293,0.5267790934859026
2010-12-03,29.38,3.380314170745731,2.907180385288965,2.865723464371201,8.212370974247678,2.865723464371201
2010-12-06,30.07,3.4035279970004377,2.3485364193328806,2.321382625470646,5.388817293836991,2.321382625470646
2010-12-07,28.61,3.3537563070620187,-4.855337545726646,-4.9771689938418895,24.77221119326109,4.9771689938418895
2010-12-08,28.34,3.3442742342625342,-0.9437259699405788,-0.94820727994845,0.899097045747238,0.94820727994845
2010-12-09,28.72,3.3575937441800234,1.3408609738885024,1.3319509917489112,1.774093444420908,1.3319509917489112
2010-12-10,28.64,3.3548043420924447,-0.278551532033422,-0.2789402087578525,0.0778076400618743,0.2789402087578525
2010-12-13,29.5,3.3843902633457743,3.00279329608939,2.958592125332932,8.753267364082035,2.958592125332932
2010-12-14,29.46,3.3830334110344844,-0.1355932203389809,-0.1356852311289908,0.0184104819465276,0.1356852311289908
2010-12-15,28.76,3.358985532852846,-2.3761031907671426,-2.404787818163828,5.783004450389145,2.404787818163828
2010-12-16,28.85,3.3621099929541085,0.3129346314325376,0.3124460101262553,0.097622509243816,0.3124460101262553
2010-12-17,29.11,3.371081757757532,0.90121317157712,0.8971764803423259,0.8049256368794439,0.8971764803423259
2010-12-20,29.3,3.3775875160230218,0.6526966678117585,0.6505758265489864,0.4232489060898968,0.6505758265489864
2010-12-21,29.32,3.3782698770184507,0.0682593856655255,0.0682360995429087,0.0046561652808297,0.0682360995429087
2010-12-22,29.2,3.374168709274236,-0.4092769440654842,-0.4101167744214677,0.168195768661869,0.4101167744214677
2010-12-23,29.22,3.3748534063225533,0.068493150684934,0.0684697048317384,0.0046881004797453,0.0684697048317384
2010-12-27,29.21,3.374511116399649,-0.0342231348391397,-0.0342289922903712,0.0011716239132142,0.0342289922903712
2010-12-28,30.26,3.40982670836021,3.594659363231778,3.531559196056034,12.471910355247942,3.531559196056034
2010-12-29,30.5,3.417726683613366,0.7931262392597338,0.7899975253155931,0.6240960900047612,0.7899975253155931
2010-12-30,30.39,3.414113606928702,-0.360655737704918,-0.3613076684664235,0.130543231292643,0.3613076684664235
2010-12-31,30.86,3.4294608469350147,1.5465613688713464,1.5347240006313148,2.355377758113788,1.5347240006313148
2011-01-03,30.68,3.4236109764990554,-0.5832793259883284,-0.5849870435959283,0.3422098411751045,0.5849870435959283
2011-01-04,29.75,3.392829131991639,-3.031290743155146,-3.078184450741664,9.475219512787756,3.078184450741664
2011-01-05,29.22,3.3748534063225533,-1.7815126050420238,-1.7975725669085414,3.2312671333021625,1.7975725669085414
2011-01-06,29.03,3.3683297780365384,-0.6502395619438661,-0.652362828601482,0.4255772601409265,0.652362828601482
2011-01-07,28.49,3.3495531485098167,-1.8601446779194064,-1.8776629526721729,3.5256181638375823,1.8776629526721729
2011-01-10,29.05,3.3690184832979204,1.9656019656019816,1.9465334788103468,3.788992584129511,1.9465334788103468
2011-01-11,29.43,3.382014562245381,1.3080895008605875,1.2996078947461194,1.6889806800864404,1.2996078947461194
2011-01-12,29.62,3.3884498088396526,0.6455997281685333,0.6435246594271294,0.4141239872908029,0.6435246594271294
2011-01-13,28.65,3.3551534431607486,-3.2748143146522746,-3.3296365678904283,11.08647967423315,3.3296365678904283
2011-01-14,28.42,3.347093122668954,-0.8027923211169186,-0.8060320491793893,0.6496876643043255,0.8060320491793893
2011-01-17,28.27,3.341801171705499,-0.5277973258268953,-0.5291950963455734,0.2800474499962007,0.5291950963455734
2011-01-18,28.86,3.3624565533457247,2.087018040325428,2.0655381640225787,4.266447907033766,2.0655381640225787
2011-01-19,28.8,3.3603753871419,-0.2079002079002023,-0.2081166203824511,0.0433125276794132,0.2081166203824511
2011-01-20,27.47,3.3130945001071823,-4.618055555555567,-4.728088703471787,22.354822787897525,4.728088703471787
2011-01-21,27.49,3.3138223021771545,0.0728066982162323,0.0727802069971813,0.0052969585305525,0.0727802069971813
2011-01-24,26.95,3.2939832973550063,-1.9643506729719815,-1.98390048221481,3.935861123332156,1.98390048221481
2011-01-25,26.86,3.290638191095092,-0.333951762523188,-0.3345106259914614,0.1118973589011993,0.3345106259914614
2011-01-26,27.59,3.3174533882291946,2.717795979151161,2.6815197134103266,7.1905479734082,2.6815197134103266
2011-01-27,26.91,3.2924979647388146,-2.464661109097499,-2.495542349038028,6.227731615842237,2.495542349038028
2011-01-28,27.96,3.3307749173656096,3.901895206243045,3.827695262679518,14.651251023939224,3.827695262679518
2011-01-31,28.05,3.333988631968705,0.3218884120171683,0.3213714603095824,0.1032796155015135,0.3213714603095824
2011-02-01,28.58,3.352707172501721,1.8894830659536452,1.871854053301594,3.5038375968616067,1.871854053301594
2011-02-02,28.32,3.343568268825519,-0.9097270818754332,-0.9138903676202296,0.8351956040290381,0.9138903676202296
2011-02-03,28.91,3.364187556028255,2.083333333333326,2.0619287202735608,4.251550047488964,2.0619287202735608
2011-02-04,29.12,3.3714252233284854,0.7263922518159882,0.7237667300230602,0.5238382794882733,0.7237667300230602
2011-02-07,29.41,3.381334752565904,0.9958791208791284,0.9909529237418514,0.9819876970725236,0.9909529237418514
2011-02-08,30.33,3.41213732170049,3.128187691261464,3.080256913458596,9.487982652909478,3.080256913458596
2011-02-09,30.19,3.4075107437187477,-0.4615891856247889,-0.4626577981742255,0.2140522382114223,0.4626577981742255
2011-02-10,30.18,3.407179453339703,-0.0331235508446603,-0.0331290379044692,0.0010975331524757,0.0331290379044692
2011-02-11,29.91,3.398192872641857,-0.8946322067594381,-0.8986580697846133,0.8075863263890068,0.8986580697846133
2011-02-14,30.57,3.420019135902743,2.206619859578729,2.1826263260886414,4.7638576793352,2.1826263260886414
2011-02-15,30.75,3.4258899942525267,0.5888125613346507,0.5870858349783827,0.3446697776322648,0.5870858349783827
2011-02-16,30.68,3.4236109764990554,-0.2276422764227681,-0.2279017753471478,0.0519392192063818,0.2279017753471478
2011-02-17,31.75,3.457892725338701,3.4876140808344225,3.428174883964524,11.752383035045176,3.428174883964524
2011-02-18,32.65,3.48584485572244,2.8346456692913247,2.795213038373928,7.813215929895606,2.795213038373928
2011-02-21,33.88,3.522824869783854,3.767228177641657,3.698001406141361,13.675214399823483,3.698001406141361
2011-02-22,33.05,3.498021566297695,-2.4498229043683706,-2.480330348615847,6.152038638264808,2.480330348615847
2011-02-23,33.52,3.5121422756138823,1.4220877458396508,1.4120709316187137,1.9939443159225416,1.4120709316187137
2011-02-24,32.13,3.4697901731277674,-4.146778042959431,-4.235210248611524,17.937005849944086,4.235210248611524
2011-02-25,33.37,3.5076572927632825,3.859321506380309,3.7867119635515354,14.339187494904316,3.7867119635515354
2011-02-28,33.95,3.5248888540047054,1.738088103086621,1.7231561241422657,2.9692670281689946,1.7231561241422657
2011-03-01,34.7,3.5467396869528134,2.2091310751104487,2.1850832948108296,4.774589005261351,2.1850832948108296
2011-03-02,34.67,3.545874759696932,-0.0864553314121052,-0.0864927255881458,0.0074809915796663,0.0864927255881458
2011-03-03,34.19,3.5319332036512097,-1.3844822613210406,-1.3941556045722283,1.943669849760156,1.3941556045722283
2011-03-04,35.62,3.5729072778615154,4.1825095057034245,4.09740742103057,16.788747573916385,4.09740742103057
2011-03-07,35.92,3.581294243433999,0.8422234699607012,0.838696557248331,0.703411915140203,0.838696557248331
2011-03-08,36.0,3.58351893845611,0.222717149220486,0.2224695022111108,0.0494926794140594,0.2224695022111108
2011-03-09,36.13,3.587123545159549,0.3611111111111231,0.3604606703438974,0.1299318948647719,0.3604606703438974
2011-03-10,35.28,3.5633162311385904,-2.352615554940496,-2.380731402095833,5.667882008925193,2.380731402095833
2011-03-11,35.91,3.5810158082379915,1.7857142857142794,1.7699577099400856,3.1327502949763524,1.7699577099400856
2011-03-14,35.84,3.57906458810673,-0.1949317738791256,-0.1951220131261582,0.0380726000064046,0.1951220131261582
2011-03-15,34.17,3.5313480661272005,-4.659598214285721,-4.771652197952933,22.768664698229053,4.771652197952933
2011-03-16,33.9,3.5234150143864045,-0.7901668129938644,-0.7933051740795989,0.6293330992214627,0.7933051740795989
2011-03-17,34.52,3.541538866215227,1.828908554572295,1.812385182882285,3.2847400511312537,1.812385182882285
2011-03-18,35.27,3.563032744247961,2.1726535341830777,2.1493878032733384,4.619867928860187,2.1493878032733384
2011-03-21,36.08,3.585738695194423,2.2965693223702788,2.270595094646221,5.15560208383148,2.270595094646221
2011-03-22,36.37,3.593744258998897,0.8037694013303787,0.8005563804474776,0.6408905182751664,0.8005563804474776
2011-03-23,37.37,3.6208682434973927,2.7495188342040238,2.712398449849495,7.357105350745942,2.712398449849495
2011-03-24,37.42,3.622205320845944,0.1337971635001489,0.133707734855118,0.0178777583600865,0.133707734855118
2011-03-25,37.33,3.619797292926493,-0.2405130946018241,-0.2408027919451152,0.0579859846085624,0.2408027919451152
2011-03-28,37.14,3.61469455592456,-0.5089740155371003,-0.5102737001932726,0.2603792491089338,0.5102737001932726
2011-03-29,37.12,3.614155907918,-0.0538502961766385,-0.0538648006560005,0.0029014167497106,0.0538648006560005
2011-03-30,37.46,3.6232736970159434,0.9159482758620774,0.9117789097942712,0.8313407803456297,0.9117789097942712
2011-03-31,37.66,3.628598523229006,0.5339028296849957,0.5324826213063882,0.2835377419933225,0.5324826213063882
2011-04-01,37.8,3.632309102625542,0.3717472118959231,0.3710579396535775,0.1376839945799579,0.3710579396535775
2011-04-04,38.58,3.652734007477583,2.063492063492056,2.042490485204094,4.171767382149256,2.042490485204094
2011-04-05,39.28,3.670715483486265,1.8144116122343237,1.798147600868217,3.2333347945081243,1.798147600868217
2011-04-06,39.49,3.676047475298558,0.534623217922614,0.5331991812292981,0.2843013668635938,0.5331991812292981
2011-04-07,39.63,3.679586407202344,0.3545201316789148,0.3538931903785681,0.1252403901963214,0.3538931903785681
2011-04-08,40.93,3.711863290504312,3.280343174362854,3.227688330196797,10.41797195688859,3.227688330196797
2011-04-11,40.22,3.6943643843445058,-1.7346689469826535,-1.749890615980565,3.062117167896841,1.749890615980565
2011-04-12,40.08,3.6908774567766094,-0.348085529587272,-0.3486927567896649,0.1215866386375764,0.3486927567896649
2011-04-13,40.63,3.7045067099996354,1.3722554890219565,1.362925322302602,1.857565434173652,1.362925322302602
2011-04-14,42.14,3.740997408376043,3.7164656657642015,3.649069837640748,13.315710679979473,3.649069837640748
2011-04-15,42.97,3.760502197786904,1.9696250593260525,1.950478941086073,3.8043680996202487,1.950478941086073
2011-04-18,43.36,3.769537357131391,0.9076099604375054,0.903515934448694,0.8163410438026968,0.903515934448694
2011-04-19,43.93,3.782597457987688,1.314575645756455,1.30601008562974,1.705662343766601,1.30601008562974
2011-04-20,45.24,3.81198165124792,2.9820168449806506,2.9384193260231504,8.634308135546345,2.9384193260231504
2011-04-21,46.59,3.8413859258287055,2.984084880636617,2.9404274580785805,8.646113636222463,2.9404274580785805
2011-04-25,46.95,3.849083205654272,0.7726980038634812,0.7697279825566434,0.5924811671307204,0.7697279825566434
2011-04-26,45.59,3.8196883942253503,-2.896698615548454,-2.939481142892185,8.640549389418748,2.939481142892185
2011-04-27,47.8,3.86702563949741,4.847554288221079,4.733724527206004,22.408147899471704,4.733724527206004
2011-04-28,48.46,3.88073871538838,1.3807531380753302,1.3713075890969544,1.8804845039149012,1.3713075890969544
2011-04-29,47.91,3.869324250895031,-1.134956665290976,-1.141446449334906,1.3028999966992645,1.141446449334906
2011-05-02,43.98,3.783734985126615,-8.202880400751411,-8.558926576841566,73.25522414776489,8.558926576841566
2011-05-03,41.65,3.729301368612852,-5.297862664847653,-5.443361651376337,29.63018606767453,5.443361651376337
2011-05-04,39.44,3.6747805297344343,-5.306122448979589,-5.4520838878417,29.725218720063065,5.4520838878417
2011-05-05,34.73,3.5476038667559826,-11.9421906693712,-12.717666297845206,161.73903606334778,12.717666297845206
2011-05-06,35.62,3.5729072778615154,2.562625971782317,2.530341110553291,6.402626135756061,2.530341110553291
2011-05-09,37.74,3.630720539940404,5.951712521055597,5.781326207888866,33.423732722022656,5.781326207888866
2011-05-10,38.5,3.6506582412937383,2.013778484366724,1.9937701353334425,3.975119352547533,1.9937701353334425
2011-05-11,35.12,3.558770768766916,-8.779220779220786,-9.18874725268227,84.43307607367598,9.18874725268227
2011-05-12,34.65,3.5452977256359124,-1.3382687927107062,-1.3473043131003672,1.8152289120988525,1.3473043131003672
2011-05-13,35.35,3.565298392342582,2.020202020202033,2.000066670666965,4.000266687112838,2.000066670666965
2011-05-16,33.62,3.515121127980469,-4.893917963224903,-5.017726436211231,25.177578588653063,5.017726436211231
2011-05-17,33.96,3.5251833614431467,1.0113027959548049,1.0062233462677177,1.0124854225742033,1.0062233462677177
2011-05-18,35.06,3.5570608794930885,3.239104829210837,3.1877518049941886,10.161761570243709,3.1877518049941886
2011-05-19,34.99,3.5550623063795967,-0.199657729606395,-0.1998573113491841,0.0399429448997247,0.1998573113491841
2011-05-20,35.07,3.5573460641520867,0.2286367533580913,0.2283757772489967,0.0521554956340833,0.2283757772489967
2011-05-23,35.08,3.5576311675039825,0.0285143997718728,0.0285103351895435,0.0008128392126201,0.0285103351895435
2011-05-24,36.68,3.602231647388264,4.561003420752563,4.460047988428179,19.892028059082243,4.460047988428179
2011-05-25,37.92,3.635478677386821,3.380588876772084,3.3247029998556963,11.053650037249469,3.3247029998556963
2011-05-26,37.25,3.617651944825568,-1.7668776371308037,-1.7826732561252552,3.1779239381042195,1.7826732561252552
2011-05-27,38.01,3.637849283001157,2.0402684563758378,2.019733817558884,4.079324693790984,2.019733817558884
2011-05-30,38.12,3.640739078786001,0.2893975269665949,0.288979578484406,0.0835091967810249,0.288979578484406
2011-05-31,38.49,3.650398467295655,0.970619097586578,0.965938850965348,0.9330378638042568,0.965938850965348
2011-06-01,36.83,3.606312730456974,-4.312808521693956,-4.408573683868092,19.435521926094275,4.408573683868092
2011-06-02,36.19,3.588782837575651,-1.7377138202552267,-1.7529892881322864,3.0729714443065403,1.7529892881322864
2011-06-03,36.24,3.5901634811747787,0.1381597126278055,0.1380643599127591,0.0190617674781198,0.1380643599127591
2011-06-06,36.78,3.604954219176175,1.490066225165565,1.4790738001396473,2.1876593062595373,1.4790738001396473
2011-06-07,37.13,3.614425268188989,0.9516041326808056,0.9471049012813688,0.8970076940311914,0.9471049012813688
2011-06-08,36.81,3.60576954739093,-0.8618367896579548,-0.8655720798058917,0.7492150253394969,0.8655720798058917
2011-06-09,37.56,3.6259396543400624,2.037489812550941,2.017010694913244,4.068332143394406,2.017010694913244
2011-06-10,36.19,3.588782837575651,-3.647497337593197,-3.715681676441122,13.806290320640308,3.715681676441122
2011-06-13,34.76,3.548467300397191,-3.951367781155013,-4.031553717845975,16.253425379877704,4.031553717845975
2011-06-14,35.38,3.566146688731639,1.783659378596103,1.767938833444808,3.125607718802189,1.767938833444808
2011-06-15,35.82,3.578506396632566,1.2436404748445318,1.235970790092637,1.527623793962218,1.235970790092637
2011-06-16,35.56,3.571221410645704,-0.7258514796203208,-0.728498598686186,0.5307102082877367,0.728498598686186
2011-06-17,35.87,3.579901291544191,0.8717660292463236,0.8679880898487174,0.7534033241192252,0.8679880898487174
2011-06-20,36.05,3.584906863730958,0.5018120992472896,0.5005572186766952,0.2505575291693488,0.5005572186766952
2011-06-21,36.36,3.5934692693092782,0.8599167822468834,0.8562405578320041,0.7331478928764616,0.8562405578320041
2011-06-22,36.29,3.591542221224979,-0.1925192519251939,-0.1927048084299133,0.0371351431920096,0.1927048084299133
2011-06-23,35.29,3.5635996376871786,-2.755580049600437,-2.7942583537800223,7.80787974766944,2.7942583537800223
2011-06-24,34.32,3.5357282746197614,-2.7486540096344547,-2.787136306741714,7.768128792357842,2.787136306741714
2011-06-27,33.59,3.5142284036242013,-2.127039627039617,-2.149987099556005,4.622444528257245,2.149987099556005
2011-06-28,33.93,3.524299578796138,1.0122060136945388,1.007117517193727,1.014285693438457,1.007117517193727
2011-06-29,34.85,3.551053137206533,2.711464780430295,2.6753558410394085,7.15752887618368,2.6753558410394085
2011-06-30,34.71,3.547027829873695,-0.4017216642754673,-0.4025307332838003,0.162030991237994,0.4025307332838003
2011-07-01,33.89,3.52311998561896,-2.362431575914725,-2.3907844254734965,5.715850169086637,2.3907844254734965
2011-07-04,34.15,3.530762586016799,0.7671879610504417,0.7642600397838947,0.5840934084104803,0.7642600397838947
2011-07-05,35.47,3.5686872687855304,3.865300146412887,3.792468276873141,14.382815631089134,3.792468276873141
2011-07-06,35.89,3.580458705159516,1.1840992387933458,1.1771436373985429,1.3856671430678722,1.1771436373985429
2011-07-07,36.43,3.5953926110204724,1.5045973808860411,1.4933905860956536,2.23021544263912,1.4933905860956536
2011-07-08,36.71,3.603049197508743,0.7685973099094134,0.7656586488270478,0.5862331665236605,0.7656586488270478
2011-07-11,35.75,3.5765502691400166,-2.6150912557886152,-2.6498928368726284,7.021932046908867,2.6498928368726284
2011-07-12,36.1,3.586292865338835,0.9790209790209836,0.974259619881862,0.9491818069323504,0.974259619881862
2011-07-13,38.21,3.643097261458808,5.844875346260392,5.680439611997339,32.26739418554848,5.680439611997339
2011-07-14,38.16,3.6417878465800855,-0.1308557969118107,-0.130941487872288,0.0171456732462085,0.130941487872288
2011-07-15,39.29,3.670970033570368,2.961215932914052,2.9182186990282672,8.516000375358233,2.9182186990282672
2011-07-18,40.56,3.702782359282928,3.232374650038184,3.181232571255938,10.120240672419667,3.181232571255938
2011-07-19,39.02,3.664074335194965,-3.796844181459569,-3.87080240879626,14.983111287942933,3.87080240879626
2011-07-20,40.13,3.692124184278825,2.844695028190669,2.804984908386018,7.8679403362733185,2.804984908386018
2011-07-21,39.34,3.672241812960913,-1.96860204335908,-1.9882371317912315,3.953086892233422,1.9882371317912315
2011-07-22,40.09,3.691126926654416,1.9064565327910452,1.8885113693502509,3.566475192165159,1.8885113693502509
2011-07-25,40.37,3.6980869348648495,0.6984285357944486,0.6960008210433722,0.4844171428930482,0.6960008210433722
2011-07-26,40.89,3.710885534376551,1.2880852117909347,1.2798599511701498,1.6380414946092583,1.2798599511701498
2011-07-27,40.25,3.695110003864572,-1.5651748593788262,-1.5775530511978613,2.488673629343682,1.5775530511978613
2011-07-28,39.72,3.681854839176972,-1.316770186335403,-1.325516468760053,1.7569939089541202,1.325516468760053
2011-07-29,39.89,3.686125665917315,0.4279959718026305,0.4270826740343535,0.1823996104603338,0.4270826740343535
2011-08-01,39.25,3.669951444228417,-1.6044121333667616,-1.6174221688897847,2.616054472416135,1.6174221688897847
2011-08-02,40.85,3.709906821306012,4.076433121019107,3.995537707759445,15.964321574127595,3.995537707759445
2011-08-03,41.73,3.731220294603461,2.154222766217861,2.131347329744925,4.542641440010824,2.131347329744925
2011-08-04,38.87,3.660222744864132,-6.853582554517135,-7.099754973932945,50.40652068988559,7.099754973932945
2011-08-05,38.35,3.646754527813265,-1.3377926421404562,-1.346821705086648,1.813928705292506,1.346821705086648
2011-08-08,39.02,3.664074335194965,1.747066492829208,1.731980738169999,2.9997572773918946,1.731980738169999
2011-08-09,37.69,3.629394807279044,-3.408508457201453,-3.467952791592128,12.026696564711632,3.467952791592128
2011-08-10,39.3,3.6712245188752153,4.271690103475723,4.182971159617148,17.497247722188828,4.182971159617148
2011-08-11,38.64,3.654288009344317,-1.6793893129770865,-1.6936509530898176,2.868453550902048,1.6936509530898176
2011-08-12,39.09,3.665866679804864,1.164596273291929,1.157867046054623,1.3406560963392584,1.157867046054623
2011-08-15,39.89,3.686125665917315,2.046559222307498,2.025898611245184,4.1042651830451655,2.025898611245184
2011-08-16,39.92,3.686877451443263,0.0752068187515719,0.075178552594802,0.0056518147702494,0.075178552594802
2011-08-17,40.22,3.6943643843445058,0.7515030060120109,0.7486932901242632,0.5605416426770942,0.7486932901242632
2011-08-18,40.64,3.7047528032702255,1.044256588761816,1.0388418925720522,1.0791924777626831,1.0388418925720522
2011-08-19,42.91,3.759104899003433,5.585629921259838,5.435209573320685,29.54150310591682,5.435209573320685
2011-08-22,43.72,3.777805663308338,1.8876718713586536,1.870076430490444,3.497185855875879,1.870076430490444
2011-08-23,41.9,3.735285826928092,-4.162854528819759,-4.251983638024574,18.07936485802869,4.251983638024574
2011-08-24,39.7,3.681351187693145,-5.2505966587112045,-5.393463923494718,29.089453094039037,5.393463923494718
2011-08-25,41.12,3.716494621146909,3.576826196473548,3.5143433453764903,12.35060914919202,3.5143433453764903
2011-08-26,41.35,3.7220724214697,0.5593385214007984,0.5577800322790853,0.3111185644092575,0.5577800322790853
2011-08-29,40.89,3.710885534376551,-1.1124546553809012,-1.118688709314945,1.2514644283487368,1.118688709314945
2011-08-30,41.32,3.721346644251438,1.051601858645146,1.0461109874886865,1.0943481981445546,1.0461109874886865
2011-08-31,41.52,3.726175238857633,0.4840271055179146,0.4828594606195457,0.2331532587097986,0.4828594606195457
2011-09-01,41.49,3.725452434344777,-0.0722543352601134,-0.0722804512856644,0.0052244636380593,0.0722804512856644
2011-09-02,43.27,3.7674595542367935,4.290190407327077,4.200711989201698,17.64598121622289,4.200711989201698
2011-09-05,42.89,3.758638698528789,-0.8782066096602814,-0.8820855708004418,0.7780749542143413,0.8820855708004418
2011-09-06,41.96,3.736716783528097,-2.168337607833992,-2.192191500069265,4.805703572975934,2.192191500069265
2011-09-07,41.56,3.727138166231027,-0.9532888465204948,-0.9578617297069772,0.9174990932372424,0.9578617297069772
2011-09-08,42.33,3.745496054532832,1.8527430221366488,1.835788830180548,3.3701206290156644,1.835788830180548
2011-09-09,41.79,3.732657076459824,-1.275690999291279,-1.2838978073008265,1.64839357959187,1.2838978073008265
2011-09-12,40.28,3.6958550678503617,-3.613304618329738,-3.6802008609462415,13.543878376909458,3.6802008609462415
2011-09-13,41.1,3.716008121502189,2.0357497517378365,2.0153053651827397,4.061455714934334,2.0153053651827397
2011-09-14,40.74,3.70721041079866,-0.8759124087591275,-0.8797710703529197,0.773997136229922,0.8797710703529197
2011-09-15,39.9,3.686376323895818,-2.061855670103097,-2.0834086902842026,4.340591770751736,2.0834086902842026
2011-09-16,40.67,3.705490719919133,1.9298245614035148,1.9114396023315448,3.653601353361376,1.9114396023315448
2011-09-19,39.64,3.6798387094617873,-2.5325792967789584,-2.565201045734599,6.580256405037879,2.565201045734599
2011-09-20,39.74,3.682358237123671,0.252270433905144,0.2519527661883526,0.0634801963899627,0.2519527661883526
2011-09-21,39.61,3.6790816116338254,-0.3271263210870678,-0.3276625489845531,0.1073627460070547,0.3276625489845531
2011-09-22,35.83,3.5787855313168624,-9.54304468568543,-10.02960803169628,100.59303726946656,10.02960803169628
2011-09-23,30.85,3.4291367503513968,-13.898967345799608,-14.96487809654656,223.947576444499,14.96487809654656
2011-09-26,30.72,3.4249139082794717,-0.4213938411669504,-0.422284207192554,0.1783239516442439,0.422284207192554
2011-09-27,31.9,3.462606009790799,3.841145833333326,3.7692101511327394,14.206945163402088,3.7692101511327394
2011-09-28,29.9,3.3978584803966405,-6.269592476489027,-6.474752939415813,41.92242562647371,6.474752939415813
2011-09-29,30.65,3.4226326623822203,2.508361204013388,2.4774181985579755,6.1376009305462444,2.4774181985579755
2011-09-30,29.93,3.3988613218646075,-2.349102773246325,-2.37713405176128,5.650766300043,2.37713405176128
2011-10-03,30.45,3.416085994155906,1.7373872368860566,1.7224672291298355,2.966893355426214,1.7224672291298355
2011-10-04,30.21,3.4081729953985804,-0.7881773399014746,-0.791299875732538,0.6261554933343301,0.791299875732538
2011-10-05,30.48,3.4170707308184456,0.893743793445867,0.889773541986479,0.7916969560191645,0.889773541986479
2011-10-06,31.94,3.4638591427868666,4.790026246719159,4.678841196842084,21.891554945266662,4.678841196842084
2011-10-07,31.16,3.439135221002548,-2.4420788979336305,-2.472392178431891,6.112723083971193,2.472392178431891
2011-10-10,32.07,3.467921013705064,2.920410783055205,2.8785792702516093,8.286218615122287,2.8785792702516093
2011-10-11,32.12,3.469478889078561,0.1559089491736776,0.1557875373497325,0.0242697567934943,0.1557875373497325
2011-10-12,32.57,3.4833916192881422,1.4009962640099791,1.3912730209581363,1.9356406188459796,1.3912730209581363
2011-10-13,31.83,3.460409241294001,-2.2720294749769776,-2.298237799414072,5.281896982655635,2.298237799414072
2011-10-14,32.19,3.4716558453107167,1.1310084825636224,1.1246604016715367,1.2648610190879823,1.1246604016715367
2011-10-17,31.81,3.459780705761053,-1.1804908356632504,-1.1875139549664064,1.4101893932399563,1.1875139549664064
2011-10-18,32.04,3.466985122200158,0.7230430682175326,0.7204416439105642,0.5190361622805562,0.7204416439105642
2011-10-19,31.26,3.4423393249933305,-2.434456928838946,-2.464579720682787,6.074153199600843,2.464579720682787
2011-10-20,30.58,3.420346200500916,-2.1753039027511245,-2.199312449241436,4.836975249388364,2.199312449241436
2011-10-21,31.37,3.445852022202587,2.583387835186413,2.5505821701670697,6.505469406774159,2.5505821701670697
2011-10-24,31.74,3.457577715098263,1.1794708320050915,1.1725692895676147,1.3749187388371007,1.1725692895676147
2011-10-25,33.22,3.503152104185149,4.662885948330176,4.557438908688573,20.770249406428487,4.557438908688573
2011-10-26,33.39,3.508256453955563,0.5117399157134273,0.5104349770414356,0.2605438657872909,0.5104349770414356
2011-10-27,35.1,3.55820113047182,5.121293800539095,4.994467651625708,24.94470712313562,4.994467651625708
2011-10-28,35.3,3.563882963939251,0.5698005698005604,0.5681833467430863,0.3228323155161743,0.5681833467430863
2011-10-31,34.14,3.5304697173662944,-3.286118980169961,-3.341324657295642,11.16445046545184,3.341324657295642
2011-11-01,33.4,3.5085558999826545,-2.1675454012888173,-2.191381738363989,4.802153923235178,2.191381738363989
2011-11-02,34.25,3.5336865647082343,2.5449101796407136,2.513066472557952,6.315503095494866,2.513066472557952
2011-11-03,34.43,3.538928277350432,0.5255474452554809,0.5241712642198161,0.2747555142338002,0.5241712642198161
2011-11-04,34.12,3.5298837226234783,-0.9003775776938783,-0.904455472695409,0.8180397020886758,0.904455472695409
2011-11-07,34.96,3.5542045507873348,2.461899179366944,2.432082816385638,5.915026825758297,2.432082816385638
2011-11-08,34.92,3.5530597309714014,-0.1144164759725341,-0.1144819815933196,0.0131061241095331,0.1144819815933196
2011-11-09,34.07,3.5284172316728752,-2.4341351660939314,-2.4642499298526284,6.072527716778684,2.4642499298526284
2011-11-10,34.05,3.527830032595521,-0.0587026709715332,-0.0587199077353864,0.0034480275644523,0.0587199077353864
2011-11-11,34.68,3.546163151912341,1.8502202643171817,1.833311931681974,3.3610326388474907,1.833311931681974
2011-11-14,34.22,3.5328102684640474,-1.3264129181084217,-1.3352883448293702,1.7829949638371592,1.3352883448293702
2011-11-15,34.58,3.5432754802551445,1.0520163646990044,1.0465211791097002,1.0952065783251572,1.0465211791097002
2011-11-16,33.71,3.5177945292459696,-2.515905147484088,-2.548095100917501,6.49278864331977,2.548095100917501
2011-11-17,31.67,3.4553698605505483,-6.051616730940368,-6.242466869542087,38.96839261733058,6.242466869542087
2011-11-18,32.37,3.4772320679381528,2.210293653299633,2.1862207387604364,4.779561118586228,2.1862207387604364
2011-11-21,31.62,3.453789831781326,-2.3169601482854407,-2.3442236156826937,5.495384360324441,2.3442236156826937
2011-11-22,32.78,3.4898185733156835,3.668564199873492,3.602874153435761,12.980702165495453,3.602874153435761
2011-11-23,31.75,3.457892725338701,-3.1421598535692485,-3.192584797698296,10.192597690494267,3.192584797698296
2011-11-24,31.84,3.460723360976182,0.2834645669291369,0.2830635637481641,0.0801249811218109,0.2830635637481641
2011-11-25,31.0,3.4339872044851463,-2.638190954773867,-2.673615649103599,7.14822063913166,2.673615649103599
2011-11-28,32.07,3.467921013705064,3.451612903225798,3.3933809219917217,11.515034081737388,3.3933809219917217
2011-11-29,31.92,3.463232772581608,-0.4677268475210439,-0.4688241123455493,0.2197960483165922,0.4688241123455493
2011-11-30,32.825,3.49119042018886,2.835213032581452,2.7957647607251848,7.816300597312749,2.7957647607251848
2011-12-01,32.74,3.488597571942989,-0.2589489718202609,-0.2592848245871059,0.0672286202611662,0.2592848245871059
2011-12-02,32.59,3.4840054928494704,-0.4581551618814905,-0.459207909351867,0.2108719040113125,0.459207909351867
2011-12-05,32.06,3.467609147181407,-1.6262657256827295,-1.6396345668063326,2.6884015126661898,1.6396345668063326
2011-12-06,32.75,3.488902962081261,2.1522145976294427,2.1293814899854007,4.534265529892445,2.1293814899854007
2011-12-07,32.53,3.48216274048526,-0.6717557251908368,-0.6740221596000808,0.4543058716319568,0.6740221596000808
2011-12-08,31.68,3.455685566946225,-2.6129726406394105,-2.647717353903499,7.010407186161747,2.647717353903499
2011-12-09,32.19,3.4716558453107167,1.6098484848484862,1.59702783644917,2.550497910393517,1.59702783644917
2011-12-12,31.31,3.443937535338314,-2.7337682510096277,-2.771830997240244,7.683047077261844,2.771830997240244
2011-12-13,30.81,3.4278393126085764,-1.5969338869370795,-1.6098222729737766,2.5915277505624563,1.6098222729737766
2011-12-14,28.94,3.365224721203338,-6.069457968192138,-6.261459140523868,39.20587056844989,6.261459140523868
2011-12-15,29.28,3.3769046890931107,1.1748445058742174,1.1679967889772955,1.364216499061273,1.1679967889772955
2011-12-16,29.75,3.392829131991639,1.605191256830607,1.5924442898528015,2.535878816284794,1.5924442898528015
2011-12-19,28.8,3.3603753871419,-3.193277310924369,-3.245374484973852,10.532455547719293,3.245374484973852
2011-12-20,29.53,3.3854066957558318,2.5347222222222188,2.5031308613931023,6.265664109258574,2.5031308613931023
2011-12-21,29.37,3.379973745210529,-0.541821876058246,-0.5432950545302597,0.2951695162770379,0.5432950545302597
2011-12-22,29.11,3.371081757757532,-0.8852570650323521,-0.8891987452996911,0.7906744086425449,0.8891987452996911
2011-12-23,29.12,3.3714252233284854,0.0343524562006258,0.0343465570953438,0.0011796859843037,0.0343465570953438
2011-12-27,28.73,3.3579418729911983,-1.3392857142857206,-1.34833503372871,1.8180073631802016,1.34833503372871
2011-12-28,27.08,3.298795448044074,-5.743125652627922,-5.914642494712402,34.98299584025775,5.914642494712402
2011-12-29,27.77,3.323956301318708,2.548005908419504,2.5160853274634,6.330685375076604,2.5160853274634
2011-12-30,27.835,3.326294221635471,0.2340655383507472,0.2337920316762999,0.054658714075332,0.2337920316762999
2012-01-03,29.71,3.391483689474516,6.736123585414044,6.518946783904517,42.496667171379045,6.518946783904517
2012-01-04,29.16,3.372797907140457,-1.8512285425782535,-1.8685782334058847,3.4915846143582567,1.8685782334058847
2012-01-05,29.34,3.3789517727148355,0.6172839506172867,0.6153865574378286,0.3787006150751819,0.6153865574378286
2012-01-06,28.75,3.3586377672433594,-2.010906612133601,-2.031400547147616,4.126588182951632,2.031400547147616
2012-01-09,29.02,3.367985247456042,0.939130434782598,0.9347480212682234,0.873753863264859,0.9347480212682234
2012-01-10,29.92,3.3985271531062766,3.1013094417642995,3.054190565023469,9.32808000747838,3.054190565023469
2012-01-11,29.99,3.4008639927609177,0.2339572192513239,0.2336839654641097,0.0546081957150312,0.2336839654641097
2012-01-12,30.24,3.4091655513113324,0.8336112037345744,0.8301558550414491,0.6891587436595994,0.8301558550414491
2012-01-13,29.75,3.392829131991639,-1.620370370370361,-1.6336419319693387,2.668785961888513,1.6336419319693387
2012-01-16,29.97,3.400196881328572,0.739495798319334,0.7367749336933137,0.5428373029187868,0.7367749336933137
2012-01-17,30.06,3.4031953843248286,0.3003003003003046,0.2998502996256633,0.0899102021856,0.2998502996256633
2012-01-18,30.53,3.4187098067467865,1.5635395874916913,1.5514422421958125,2.4069730308695703,1.5514422421958125
2012-01-19,30.63,3.421979920844684,0.3275466754012468,0.3270114097897424,0.1069364621326748,0.3270114097897424
2012-01-20,32.16,3.470723444310765,4.995102840352583,4.874352346608162,23.75931079888449,4.874352346608162
2012-01-23,32.34,3.4763048541489607,0.5597014925373456,0.5581409838195486,0.3115213578190536,0.5581409838195486
2012-01-24,32.01,3.466048353981772,-1.0204081632653184,-1.025650016718922,1.0519579567955248,1.025650016718922
2012-01-25,33.26,3.504355473764781,3.9050296782255463,3.830711978300985,14.674354260698648,3.830711978300985
2012-01-26,33.46,3.510350695558678,0.6013229104028905,0.5995221793896338,0.3594268435800962,0.5995221793896338
2012-01-27,33.91,3.523709956137547,1.3448894202032102,1.335926057886916,1.784698432141275,1.335926057886916
2012-01-30,33.5,3.5115454388310208,-1.209082866411082,-1.2164517306526432,1.4797548130078109,1.2164517306526432
2012-01-31,33.145,3.500891875693355,-1.0597014925373016,-1.0653563137665758,1.1349840752823066,1.0653563137665758
2012-02-01,33.7,3.517497837358316,1.6744607029717915,1.660596166496118,2.7575796281816025,1.660596166496118
2012-02-02,34.33,3.5360196074696004,1.8694362017803945,1.852177011128444,3.430559680552696,1.852177011128444
2012-02-03,33.65,3.516013056090737,-1.9807748325080143,-2.000655137886392,4.002620980751217,2.000655137886392
2012-02-06,33.68,3.516904189374126,0.0891530460624068,0.0891133283389163,0.0079411852876395,0.0891133283389163
2012-02-07,34.15,3.530762586016799,1.395486935866974,1.3858396642673,1.920551575056503,1.3858396642673
2012-02-08,33.96,3.5251833614431467,-0.5563689604685118,-0.5579224573652408,0.3112774684324689,0.5579224573652408
2012-02-09,33.91,3.523709956137547,-0.1472320376914138,-0.1473405305599443,0.0217092319456858,0.1473405305599443
2012-02-10,33.57,3.513632810991944,-1.0026540843408926,-1.007714514560359,1.01548854285562,1.007714514560359
2012-02-13,33.69,3.5172010574184616,0.3574620196604039,0.3568246426517876,0.1273238256035759,0.3568246426517876
2012-02-14,33.57,3.513632810991944,-0.3561887800534236,-0.35682464265179,0.1273238256035776,0.35682464265179
2012-02-15,33.45,3.5100517865742376,-0.3574620196604039,-0.3581024417706027,0.1282373588020679,0.3581024417706027
2012-02-16,33.5,3.5115454388310208,0.1494768310911665,0.149365225678315,0.0223099706419339,0.149365225678315
2012-02-17,33.28,3.504956615953008,-0.6567164179104412,-0.6588822878012841,0.4341258691782542,0.6588822878012841
2012-02-20,33.59,3.5142284036242013,0.9314903846153966,0.9271787671193652,0.8596604661969862,0.9271787671193652
2012-02-21,34.32,3.5357282746197614,2.1732658529324045,2.149987099556,4.622444528257223,2.149987099556
2012-02-22,34.31,3.5354368568703585,-0.0291375291375239,-0.0291417749403132,0.0008492430466718,0.0291417749403132
2012-02-23,35.38,3.566146688731639,3.118624307781981,3.0709831861280805,9.430937729481377,3.0709831861280805
2012-02-24,35.39,3.566429294357372,0.0282645562464711,0.0282605625732837,0.0007986593969584,0.0282605625732837
2012-02-27,35.44,3.56784112573688,0.141282848262203,0.1411831379508007,0.0199326784416348,0.1411831379508007
2012-02-28,36.9,3.6082115510464816,4.1196388261851125,4.037042530960141,16.297712396781062,4.037042530960141
2012-02-29,34.63,3.5447203584143305,-6.151761517615162,-6.349119263215075,40.31131541852873,6.349119263215075
2012-03-01,35.47,3.5686872687855304,2.4256425064972387,2.396691037119969,5.744127927411195,2.396691037119969
2012-03-02,34.78,3.549042508926137,-1.9453058923033504,-1.9644759859393448,3.85916589933236,1.9644759859393448
2012-03-05,33.97,3.5254777821724925,-2.3289246693502075,-2.356472675364449,5.552963469739283,2.356472675364449
2012-03-06,32.94,3.494687724749494,-3.032087135707984,-3.079005742299835,9.480276361115358,3.079005742299835
2012-03-07,33.46,3.510350695558678,1.578627808136024,1.5662970809183836,2.4532865456934494,1.5662970809183836
2012-03-08,33.87,3.5225296668296804,1.2253436939629214,1.2178971271002237,1.483273412198978,1.2178971271002237
2012-03-09,34.29,3.534853766474829,1.240035429583708,1.2324099645148694,1.5188343206355417,1.2324099645148694
2012-03-12,33.7,3.517497837358316,-1.7206182560513206,-1.7355929116512874,3.0122827549741933,1.7355929116512874
2012-03-13,33.35,3.507057772361633,-1.0385756676557945,-1.0440064996683398,1.0899495713497391,1.0440064996683398
2012-03-14,32.21,3.4722769633431074,-3.418290854572714,-3.478080901852528,12.097046759831292,3.478080901852528
2012-03-15,32.53,3.48216274048526,0.9934802856255808,0.9885777142152616,0.9772858970430718,0.9885777142152616
2012-03-16,32.54,3.482470101790892,0.0307408545957565,0.030736130563164,0.0009447097219958,0.030736130563164
2012-03-19,32.95,3.4949912609485163,1.2599877074370047,1.2521159157624526,1.5677942665056457,1.2521159157624526
2012-03-20,32.13,3.4697901731277674,-2.48861911987861,-2.52010878207492,6.350948273491136,2.52010878207492
2012-03-21,32.17,3.471034341250935,0.1244942421412931,0.1244168123167809,0.0154795431870691,0.1244168123167809
2012-03-22,31.57,3.4522073025699003,-1.8650917003419365,-1.882703868103473,3.5445738549717785,1.882703868103473
2012-03-23,32.22,3.472587377748828,2.05891669306304,2.038007517892809,4.153474642987608,2.038007517892809
2012-03-26,32.84,3.491647284584228,1.9242706393544529,1.9059906835399296,3.632800485741008,1.9059906835399296
2012-03-27,32.59,3.4840054928494704,-0.7612667478684498,-0.7641791734757266,0.5839698091740446,0.7641791734757266
2012-03-28,32.06,3.467609147181407,-1.6262657256827295,-1.6396345668063326,2.6884015126661898,1.6396345668063326
2012-03-29,32.25,3.4735180432417816,0.5926388022457818,0.5908896060374528,0.3491505265230961,0.5908896060374528
2012-03-30,32.255,3.473673069984205,0.0155038759690029,0.0155026742423604,0.0002403329086647,0.0155026742423604
2012-04-02,33.0,3.49650756146648,2.3097194233452134,2.28344914822752,5.214140012540985,2.28344914822752
2012-04-03,32.66,3.4861510875423187,-1.030303030303037,-1.035647392416125,1.072565521418319,1.035647392416125
2012-04-04,31.37,3.445852022202587,-3.949785670544992,-4.029906533973209,16.240146672559963,4.029906533973209
2012-04-05,31.73,3.4572626055951043,1.147593241950906,1.1410583392517393,1.3020141335759372,1.1410583392517393
2012-04-09,31.58,3.452524008827496,-0.4727387330602073,-0.4738596767608287,0.2245429932598771,0.4738596767608287
2012-04-10,31.78,3.45883716110857,0.633312222925908,0.6313152281073945,0.3985589172402915,0.6313152281073945
2012-04-11,31.6,3.4531571205928664,-0.5663939584644395,-0.5680040515703457,0.3226286026003279,0.5680040515703457
2012-04-12,32.36,3.4769230921902907,2.405063291139231,2.376597159742442,5.6482140596958414,2.376597159742442
2012-04-13,31.52,3.4506222649896783,-2.595797280593326,-2.630082720061257,6.917335114364823,2.630082720061257
2012-04-16,31.5,3.449987545831587,-0.0634517766497477,-0.0634719158091013,0.0040286840964776,0.0634719158091013
2012-04-17,31.705,3.456474397151995,0.6507936507936352,0.6486851320407411,0.4207924005307137,0.6486851320407411
2012-04-18,31.63,3.4541060373175574,-0.2365557483046787,-0.236835983443742,0.0560912830537644,0.236835983443742
2012-04-19,31.79,3.459151774922711,0.5058488776477965,0.5045737605153802,0.2545946798006322,0.5045737605153802
2012-04-20,31.69,3.4560011737028296,-0.3145643284051536,-0.3150601219881906,0.0992628804672135,0.3150601219881906
2012-04-23,30.83,3.428488241898059,-2.713789839065961,-2.7512931804770484,7.569614164939512,2.7512931804770484
2012-04-24,30.89,3.43043250693049,0.194615634122619,0.1944265032431459,0.037801665163357,0.1944265032431459
2012-04-25,30.69,3.4239368686316447,-0.6474587245063113,-0.6495638298845519,0.421933169094287,0.6495638298845519
2012-04-26,30.99,3.433664571799657,0.9775171065493636,0.9727703168012056,0.946282089249518,0.9727703168012056
2012-04-27,31.23,3.441379171294987,0.7744433688286589,0.7714599495330382,0.5951504537335178,0.7714599495330382
2012-04-30,30.95,3.432372999130605,-0.8965738072366336,-0.900617216438212,0.8111113705449132,0.900617216438212
2012-05-01,30.89,3.43043250693049,-0.1938610662358564,-0.1940492200114691,0.0376550997870595,0.1940492200114691
2012-05-02,30.58,3.420346200500916,-1.003561022984789,-1.008630642957414,1.017335773912686,1.008630642957414
2012-05-03,30.05,3.4028626609812167,-1.733158927403522,-1.7483539519699558,3.0567415413689627,1.7483539519699558
2012-05-04,30.34,3.4124669739203863,0.9650582362728866,0.9604312939169684,0.922428270335022,0.9604312939169684
2012-05-07,30.02,3.401863826205316,-1.054713249835204,-1.0603147715070325,1.1242674146760103,1.0603147715070325
2012-05-08,29.45,3.382693910097596,-1.898734177215189,-1.916991610772017,3.6748568357702927,1.916991610772017
2012-05-09,29.235,3.375366621627634,-0.730050933786075,-0.7327288469961857,0.5368915632203597,0.7327288469961857
2012-05-10,29.029,3.3682953303195577,-0.7046348554814452,-0.7071291308076282,0.5000316076367517,0.7071291308076282
2012-05-11,28.879,3.363114687386349,-0.516724654655687,-0.5180642933208341,0.2683906120140152,0.5180642933208341
2012-05-14,28.13,3.3368366225017656,-2.593580110114624,-2.62780648845838,6.90536694078396,2.62780648845838
2012-05-15,27.7,3.3214324131932926,-1.5286171347316024,-1.5404209308472658,2.372896644192357,1.5404209308472658
2012-05-16,27.18,3.302481408722997,-1.877256317689524,-1.8951004470295092,3.5914057043314465,1.8951004470295092
2012-05-17,28.01,3.332561589272017,3.053715967623249,3.0080180549019477,9.048172618616094,3.0080180549019477
2012-05-18,28.696,3.3567577402299813,2.449125312388434,2.41961509579643,5.854537211805971,2.41961509579643
2012-05-21,28.47,3.3488509012899463,-0.7875662113186577,-0.7906838940035333,0.6251810202365907,0.7906838940035333
2012-05-22,28.16,3.3379025312898416,-1.088865472427114,-1.0948370000104517,1.1986680565918852,1.0948370000104517
2012-05-23,27.743,3.32298355611924,-1.4808238636363713,-1.4918975170601232,2.2257582014101605,1.4918975170601232
2012-05-24,28.3,3.342861804649192,2.0077136574991883,1.9878248529951437,3.951447646185164,1.9878248529951437
2012-05-25,28.493,3.34965844307145,0.6819787985865577,0.6796638422258018,0.4619429384291396,0.6796638422258018
2012-05-28,28.368,3.345261749331852,-0.4387042431474364,-0.4396693739597996,0.1933091583982021,0.4396693739597996
2012-05-29,27.82,3.325755186495297,-1.9317540891144904,-1.9506562836555172,3.805059936964754,1.9506562836555172
2012-05-30,27.903,3.3287342099284394,0.2983465132997853,0.2979023433142764,0.088745806152137,0.2979023433142764
2012-05-31,27.65,3.319625727968344,-0.9067125398702692,-0.910848196009584,0.8296444361739137,0.910848196009584
2012-06-01,28.49,3.3495531485098167,3.037974683544298,2.992742054147306,8.956505002661837,2.992742054147306
2012-06-04,28.21,3.339676525013905,-0.9828009828009798,-0.9876623495911976,0.975476916800005,0.9876623495911976
2012-06-05,28.47,3.3488509012899463,0.9216589861751112,0.917437627604123,0.8416918005438814,0.917437627604123
2012-06-06,29.396,3.3808586106666247,3.2525465402177822,3.20077093766787,10.244934595419256,3.20077093766787
2012-06-07,28.585,3.3528821047159347,-2.7588787590148267,-2.7976505950690136,7.826848852090006,2.7976505950690136
2012-06-08,28.485,3.349377632932359,-0.3498338289312674,-0.3504471783575815,0.1228132248187905,0.3504471783575815
2012-06-11,28.58,3.352707172501721,0.3335088643145578,0.3329539569362518,0.1108583374395074,0.3329539569362518
2012-06-12,28.94,3.365224721203338,1.2596221133660102,1.2517548701616652,1.5668902549734474,1.2517548701616652
2012-06-13,28.87,3.362802993674844,-0.2418797512093951,-0.242172752849404,0.0586476422226585,0.242172752849404
2012-06-14,28.631,3.354490046896828,-0.8278489781780474,-0.8312946778015782,0.6910508413412296,0.8312946778015782
2012-06-15,28.649,3.355118538537628,0.0628689183053365,0.0628491640799704,0.003950017425551,0.0628491640799704
2012-06-18,28.763,3.359089838956586,0.3979196481552538,0.3971300418958265,0.1577122701761809,0.3971300418958265
2012-06-19,28.405,3.3465651860090904,-1.2446545909675644,-1.2524652947495816,1.5686693145521562,1.2524652947495816
2012-06-20,28.06,3.334345074674314,-1.2145748987854366,-1.2220111334775443,1.4933112103430726,1.2220111334775443
2012-06-21,26.877,3.291270902283551,-4.215965787598009,-4.307417239076388,18.55384327149245,4.307417239076388
2012-06-22,26.89,3.291754470280773,0.0483684935074668,0.0483567997222325,0.0023383800793761,0.0483567997222325
2012-06-25,27.505,3.3143678063274216,2.287095574563036,2.261333604664812,5.113629671586351,2.261333604664812
2012-06-26,27.065,3.298241380248941,-1.5997091437920274,-1.6126426078480085,2.600616180646825,1.6126426078480085
2012-06-27,26.91,3.2924979647388146,-0.5726953630149634,-0.5743415510126768,0.3298682172196472,0.5743415510126768
2012-06-28,26.305,3.2697590351827706,-2.248234856930509,-2.273892955604389,5.170589173547263,2.273892955604389
2012-06-29,27.47,3.3130945001071823,4.428815814483933,4.333546492441189,18.779625202149333,4.333546492441189
2012-07-02,27.48,3.3134584673541485,0.0364033491081272,0.0363967246966188,0.0013247215686414,0.0363967246966188
2012-07-03,28.225,3.340208110035726,2.711062590975266,2.674964268157724,7.1554338359205865,2.674964268157724
2012-07-04,28.131,3.3368721711055978,-0.333038086802484,-0.3335938930127944,0.1112848854554317,0.3335938930127944
2012-07-05,27.663,3.320095780225114,-1.6636450890476715,-1.677639088048395,2.8144729097478502,1.677639088048395
2012-07-06,27.081,3.298832374984128,-2.103893287062142,-2.1263405240986337,4.521324024424052,2.1263405240986337
2012-07-09,27.353,3.3088262120664624,1.0043942247332185,0.9993837082334788,0.9987677962824992,0.9993837082334788
2012-07-10,26.75,3.2865344733420154,-2.2045113881475564,-2.2291738724446724,4.969216153589977,2.2291738724446724
2012-07-11,27.115,3.300087080293024,1.3644859813084054,1.355260695100836,1.8367315516852012,1.355260695100836
2012-07-12,27.178,3.3024078224983056,0.2323437211875445,0.2320742205281829,0.0538584438337636,0.2320742205281829
2012-07-13,27.3,3.3068867021909143,0.4488924865700294,0.447887969260844,0.2006036330086027,0.447887969260844
2012-07-16,27.248,3.3049801239203327,-0.1904761904761853,-0.1906578270581531,0.0363504070185366,0.1906578270581531
2012-07-17,27.285,3.306337100638195,0.1357897827363396,0.1356976717862722,0.0184138581282148,0.1356976717862722
2012-07-18,27.195,3.303033132874924,-0.3298515667949364,-0.330396776327114,0.109162029807349,0.330396776327114
2012-07-19,27.25,3.305053521109253,0.2022430593859203,0.2020388234329051,0.0408196861741526,0.2020388234329051
2012-07-20,27.28,3.3061538329752613,0.1100917431192671,0.1100311866008279,0.0121068620247862,0.1100311866008279
2012-07-23,27.02,3.2965773325320527,-0.9530791788856408,-0.9576500443208656,0.9170936073877556,0.9576500443208656
2012-07-24,26.945,3.29379775138546,-0.2775721687638732,-0.2779581146592728,0.0772607135049374,0.2779581146592728
2012-07-25,27.325,3.307802034062602,1.4102802004082315,1.4004282677142166,1.9611993330130413,1.4004282677142166
2012-07-26,27.52,3.314913013065143,0.7136322049405397,0.7110979002540744,0.5056602237457535,0.7110979002540744
2012-07-27,27.72,3.3221541743217022,0.7267441860465018,0.7241161256559474,0.5243441634349798,0.7241161256559474
2012-07-30,28.183,3.3387189592854245,1.6702741702741664,1.656478496372201,2.743921008943508,1.656478496372201
2012-07-31,27.97,3.3311325072138684,-0.755774757832739,-0.7586452071556203,0.5755425503401941,0.7586452071556203
2012-08-01,27.378,3.3097397711733203,-2.116553450125125,-2.139273604054777,4.576491553005515,2.139273604054777
2012-08-02,27.11,3.299902663510574,-0.978888158375335,-0.9837107662746308,0.9676868716846214,0.9837107662746308
2012-08-03,27.76,3.323596135638604,2.3976392475101527,2.369347212802968,5.613806214817193,2.369347212802968
2012-08-06,27.853,3.326940680500105,0.3350144092219009,0.3344544861501127,0.1118598033059359,0.3344544861501127
2012-08-07,28.075,3.3348795006245067,0.7970416113165513,0.7938820124401952,0.6302486496760942,0.7938820124401952
2012-08-08,28.018,3.3328471607739223,-0.2030276046304457,-0.2032339850584612,0.0413040526827428,0.2032339850584612
2012-08-09,28.149,3.3375118299760222,0.4675565707759288,0.466466920210011,0.2175913876502128,0.466466920210011
2012-08-10,28.082,3.3351288016924507,-0.2380191125794906,-0.2383028283571838,0.0567882380030334,0.2383028283571838
2012-08-13,27.791,3.3247122272739644,-1.0362509792749774,-1.0416574418486182,1.0850502261586077,1.0416574418486182
2012-08-14,27.786,3.32453229672667,-0.0179914360764255,-0.0179930547294348,0.0003237500184964,0.0179930547294348
2012-08-15,27.81,3.3253956682458736,0.0863744331677685,0.0863371519203428,0.0074541038017163,0.0863371519203428
2012-08-16,28.181,3.338647992001313,1.3340524991010572,1.3252323755439377,1.7562408491898278,1.3252323755439377
2012-08-17,28.06,3.334345074674314,-0.4293673042120693,-0.4302917326997944,0.1851509752297913,0.4302917326997944
2012-08-20,28.778,3.3596112063412256,2.558802565930152,2.5266131666910963,6.383774094096809,2.5266131666910963
2012-08-21,29.29,3.377246160839642,1.7791368406421482,1.7634954498416195,3.109916201612096,1.7634954498416195
2012-08-22,29.83,3.395514598526657,1.8436326391259692,1.826843768701492,3.3373581552434706,1.826843768701492
2012-08-23,30.49,3.4173987610001637,2.212537713711038,2.1884162473506352,4.789165671668236,2.1884162473506352
2012-08-24,30.773,3.426637682143933,0.9281731715316432,0.9238921143769472,0.8535766390079063,0.9238921143769472
2012-08-27,30.725,3.4250766554520986,-0.1559808923406791,-0.156102669183434,0.0243680433261926,0.156102669183434
2012-08-28,30.845,3.428974662661602,0.3905614320585782,0.3898007209503386,0.1519446020534037,0.3898007209503386
2012-08-29,30.668,3.423219765696648,-0.5738369265683274,-0.5754896964953988,0.3311883907723663,0.5754896964953988
2012-08-30,30.42,3.415100286831146,-0.8086604930220398,-0.8119478865501172,0.6592593704732019,0.8119478865501172
2012-08-31,31.71,3.456632088550256,4.240631163708075,4.153180171910905,17.248905540353896,4.153180171910905
2012-09-03,32.075,3.4680769105017,1.1510564490696984,1.144482195144421,1.309839495002593,1.144482195144421
2012-09-04,32.32,3.4756862336528944,0.7638347622759056,0.7609323151194404,0.5790179881930313,0.7609323151194404
2012-09-05,32.225,3.4727425488252512,-0.2939356435643581,-0.2943684827643562,0.086652803644989,0.2943684827643562
2012-09-06,32.66,3.4861510875423187,1.3498836307214823,1.3408538717067895,1.797889105271088,1.3408538717067895
2012-09-07,33.63,3.515418525752178,2.9699938763013023,2.926743820985934,8.565829393679344,2.926743820985934
2012-09-10,33.338,3.5066978875208963,-0.8682723758548949,-0.8720638231282022,0.7604953116089763,0.8720638231282022
2012-09-11,33.443,3.509842497111198,0.3149559061731199,0.3144609590301535,0.0988856947541638,0.3144609590301535
2012-09-12,33.255,3.5042051317363847,-0.5621505247734859,-0.5637365374813366,0.3177988836914464,0.5637365374813366
2012-09-13,34.65,3.5452977256359124,4.194857916102834,4.1092593899527685,16.886012733915,4.1092593899527685
2012-09-14,34.62,3.544431549748063,-0.0865800865800903,-0.0866175887849081,0.0075026066869114,0.0866175887849081
2012-09-17,34.2,3.53222564406856,-1.21317157712304,-1.2205905679503624,1.4898413345693882,1.2205905679503624
2012-09-18,34.773,3.5488412235747178,1.6754385964912188,1.661557950615809,2.7607748232546063,1.661557950615809
2012-09-19,34.555,3.542552257543357,-0.6269231875305703,-0.6288966031360141,0.3955109374360173,0.6288966031360141
2012-09-20,34.631,3.5447492346939127,0.2199392273187772,0.2196977150555183,0.0482670860006157,0.2196977150555183
2012-09-21,34.5,3.5409593240373143,-0.378273800929807,-0.3789910656598708,0.1436342278500045,0.3789910656598708
2012-09-24,33.945,3.5247415677536105,-1.6086956521739082,-1.6217756283703633,2.6301561887760867,1.6217756283703633
2012-09-25,33.735,3.518535874079389,-0.6186478126380957,-0.6205693674221738,0.385106339782757,0.6205693674221738
2012-09-26,33.943,3.5246826471785284,0.6165703275529788,0.6146773099139756,0.3778281953230816,0.6146773099139756
2012-09-27,34.61,3.544142657647253,1.9650590696167256,1.946001046872451,3.786920074428674,1.946001046872451
2012-09-28,34.46,3.539799231099784,-0.4334007512279636,-0.4343426547469269,0.1886535417326082,0.4343426547469269
2012-10-01,34.63,3.5447203584143305,0.4933255948926351,0.4921127314547091,0.2421749404598146,0.4921127314547091
2012-10-02,34.595,3.5437091629507744,-0.1010684377707349,-0.1011195463556361,0.0102251626551696,0.1011195463556361
2012-10-03,34.595,3.5437091629507744,0.0,0.0,0.0,0.0
2012-10-04,34.966,3.5543761607754574,1.0724093077034258,1.066699782468277,1.1378484259178687,1.066699782468277
2012-10-05,34.47,3.540089380528774,-1.4185208488245782,-1.4286780246683208,2.041120898170175,1.4286780246683208
2012-10-08,33.965,3.525330582643265,-1.4650420655642482,-1.4758797885508643,2.1782211502529445,1.4758797885508643
2012-10-09,33.87,3.5225296668296804,-0.2796996908582594,-0.2800915813585142,0.0784512939479132,0.2800915813585142
2012-10-10,33.955,3.5250361185657546,0.2509595512252716,0.2506451736074367,0.0628230030527021,0.2506451736074367
2012-10-11,33.975,3.525624960037208,0.0589014872625526,0.0588841471452677,0.0034673427850255,0.0588841471452677
2012-10-12,33.42,3.509154523167248,-1.6335540838852136,-1.6470436869959793,2.7127529068733094,1.6470436869959793
2012-10-15,32.665,3.4863041682927136,-2.259126271693601,-2.285035487453404,5.221387178921414,2.285035487453404
2012-10-16,32.935,3.4945359220926564,0.8265727843257409,0.8231753799942695,0.67761770622871,0.8231753799942695
2012-10-17,33.2,3.502549875922443,0.8046151510550992,0.8013953829786502,0.6422345598594974,0.8013953829786502
2012-10-18,32.775,3.489666029649764,-1.2801204819277268,-1.288384627267948,1.659934947780369,1.288384627267948
2012-10-19,32.03,3.466672963621067,-2.273073989321117,-2.299306602869664,5.286810854000035,2.299306602869664
2012-10-22,32.405,3.47831273187968,1.1707773961910697,1.1639768258612524,1.3548420511420365,1.1639768258612524
2012-10-23,31.658,3.4549908812635466,-2.305199814843384,-2.332185061613265,5.439087161612069,2.332185061613265
2012-10-24,31.725,3.4571050136004517,0.2116368690378456,0.2114132336904776,0.0446955553794645,0.2114132336904776
2012-10-25,32.088,3.468482128467752,1.1442080378250674,1.137711486730047,1.294387427037494,1.137711486730047
2012-10-26,32.06,3.467609147181407,-0.0872600349040131,-0.0872981286344842,0.0076209632630829,0.0872981286344842
2012-10-29,31.775,3.458679817075517,-0.8889582033686949,-0.892933010588926,0.7973293613994031,0.892933010588926
2012-10-30,31.785,3.458994480388372,0.0314712824547758,0.0314663312854494,0.0009901300045656,0.0314663312854494
2012-10-31,32.227,3.47280461051459,1.3905930470347494,1.3810130126217952,1.9071969410307268,1.3810130126217952
2012-11-01,32.275,3.4742929367327062,0.1489434325255167,0.1488326218115956,0.0221511493153134,0.1488326218115956
2012-11-02,30.902,3.4308209067282265,-4.254066615027108,-4.347203000447973,18.89817392710385,4.347203000447973
2012-11-05,31.16,3.439135221002548,0.8348974176428658,0.8314314274321031,0.6912782185217845,0.8314314274321031
2012-11-06,31.97,3.4647979630717503,2.5994865211810048,2.56627420692026,6.5857633051042095,2.56627420692026
2012-11-07,31.79,3.459151774922711,-0.5630278385986842,-0.5646188149038723,0.3187944061434532,0.5646188149038723
2012-11-08,32.31,3.475376779836407,1.635734507706843,1.6225004913695718,2.632507844494502,1.6225004913695718
2012-11-09,32.58,3.4836986031738992,0.8356545961002659,0.8321823337492058,0.6925274366042745,0.8321823337492058
2012-11-12,32.37,3.4772320679381528,-0.6445672191528584,-0.6466535235746127,0.4181607795514622,0.6466535235746127
2012-11-13,32.45,3.479700443150099,0.2471424158171364,0.2468375211946236,0.0609287618695062,0.2468375211946236
2012-11-14,32.67,3.4864572256129787,0.6779661016949046,0.6756782462879687,0.4565410925067849,0.6756782462879687
2012-11-15,32.57,3.4833916192881422,-0.3060912151821249,-0.3065606324836677,0.0939794213887864,0.3065606324836677
2012-11-16,32.3,3.475067230228611,-0.8289837273564693,-0.832438905953133,0.6929545321444489,0.832438905953133
2012-11-19,33.063,3.498414832377515,2.3622291021671904,2.3347602148903803,5.451105261034975,2.3347602148903803
2012-11-20,33.13,3.5004392163118045,0.2026434382844888,0.2024383934289927,0.0409813031341116,0.2024383934289927
2012-11-21,33.34,3.506757877322648,0.6338665861756798,0.6318661010843531,0.399254769699542,0.6318661010843531
2012-11-22,33.33,3.506457892319648,-0.0299940011997734,-0.0299985002999759,0.0008999100202476,0.0299985002999759
2012-11-23,34.04,3.527536303705173,2.130213021302141,2.107841138552517,4.442994265374372,2.107841138552517
2012-11-26,34.15,3.530762586016799,0.3231492361927213,0.3226282311625752,0.104088975543092,0.3226282311625752
2012-11-27,34.025,3.5270955485375297,-0.3660322108345548,-0.3667037479269315,0.1344716387436585,0.3667037479269315
2012-11-28,33.706,3.5176758630538285,-0.9375459221160788,-0.9419685483701437,0.8873047461185555,0.9419685483701437
2012-11-29,34.19,3.5319332036512097,1.4359461223520942,1.425734059738162,2.032717609097461,1.425734059738162
2012-11-30,33.39,3.508256453955563,-2.339865457736168,-2.367674969564664,5.605884761503031,2.367674969564664
2012-12-03,33.607,3.5147343786041167,0.6498951781970685,0.6477924648553487,0.4196350775233681,0.6477924648553487
2012-12-04,32.898,3.4934118656499664,-2.109679531050068,-2.132251295415009,4.546495586798982,2.132251295415009
2012-12-05,32.853,3.492043064961732,-0.1367864307860733,-0.1368800688234693,0.0187361532411176,0.1368800688234693
2012-12-06,32.996,3.4963863419984853,0.4352722734605629,0.4343277036753435,0.188640554179897,0.4343277036753435
2012-12-07,33.04,3.497718948652777,0.1333494969087079,0.1332606654291968,0.0177584049506323,0.1332606654291968
2012-12-10,33.225,3.503302604599309,0.5599273607748145,0.5583655946531673,0.311772137292385,0.5583655946531673
2012-12-11,32.96,3.495294705041271,-0.7975921745673409,-0.8007899558038047,0.6412645533162595,0.8007899558038047
2012-12-12,33.43,3.509453700432007,1.4259708737863974,1.415899539073619,2.004771504748887,1.415899539073619
2012-12-13,32.51,3.481547734315814,-2.7520191444810105,-2.7905966116193324,7.787429448781299,2.7905966116193324
2012-12-14,32.25,3.4735180432417816,-0.7997539218701832,-0.8029691074032371,0.6447593874439513,0.8029691074032371
2012-12-17,32.258,3.473766074494991,0.0248062015503869,0.02480312532093,0.0006151950256857,0.02480312532093
2012-12-18,31.603,3.453252052795523,-2.0305040610081204,-2.0514021699467744,4.208250862862335,2.0514021699467744
2012-12-19,30.955,3.4325345369711955,-2.050438249533282,-2.071751582432769,4.292154619312683,2.071751582432769
2012-12-20,29.913,3.398293168514765,-3.3661767081246907,-3.4241368456429826,11.724713137689877,3.4241368456429826
2012-12-21,29.96,3.3998631586490187,0.1571223213987282,0.156999013425322,0.0246486902165244,0.156999013425322
2012-12-24,29.88,3.3971893602646164,-0.2670226969292422,-0.2673798384402204,0.0714919780043183,0.2673798384402204
2012-12-26,30.005,3.401364034441476,0.4183400267737669,0.4174674176859664,0.1742790448293892,0.4174674176859664
2012-12-27,30.137,3.405753652743367,0.4399266788868594,0.4389618301891234,0.1926874883629848,0.4389618301891234
2012-12-28,29.995,3.401030701105056,-0.4711816040083638,-0.4722951638310936,0.2230627217782395,0.4722951638310936
2012-12-31,30.27,3.410157123033627,0.916819469911645,0.9126421928570794,0.8329157721829784,0.9126421928570794
2013-01-02,31.07,3.436242723404956,2.6428807400066034,2.608560037132872,6.804585467326649,2.608560037132872
2013-01-03,30.143,3.405952723746016,-2.983585452204696,-3.028999965894054,9.17484079338618,3.028999965894054
2013-01-04,30.32,3.411807560774171,0.5872010085260282,0.5854837028155468,0.3427911662626036,0.5854837028155468
2013-01-07,30.11,3.4048573424936426,-0.6926121372031635,-0.6950218280528419,0.4830553414699141,0.6950218280528419
2013-01-08,30.383,3.413883241469338,0.9066755230820344,0.9025898975695514,0.8146685231946134,0.9025898975695514
2013-01-09,30.323,3.411906500470507,-0.1974788533061211,-0.1976740998831166,0.0390750497646003,0.1976740998831166
2013-01-10,30.826,3.4283584897245283,1.6588068462882966,1.6451989254021304,2.706679504144325,1.6451989254021304
2013-01-11,30.44,3.415757532993485,-1.2521897099850745,-1.2600956731042927,1.5878411053761603,1.2600956731042927
2013-01-14,31.025,3.434793331090671,1.9218134034165504,1.9035798097185752,3.623616091968207,1.9035798097185752
2013-01-15,31.34,3.444895236927875,1.0153102336825093,1.0101905837203815,1.020485015437325,1.0101905837203815
2013-01-16,31.468,3.448971156466996,0.4084237396298595,0.4075919539121234,0.1661312008939025,0.4075919539121234
2013-01-17,31.715,3.4567897550858606,0.7849243676115503,0.7818598618864476,0.611304843629095,0.7818598618864476
2013-01-18,31.825,3.46025214444347,0.3468390351568651,0.3462389357609748,0.1198814006368924,0.3462389357609748
2013-01-21,31.983,3.465204511636448,0.496465043205041,0.4952367192977673,0.2452594081408155,0.4952367192977673
2013-01-22,32.206,3.4721527705958044,0.6972454116249249,0.69482589593565,0.4827830256627787,0.69482589593565
2013-01-23,32.203,3.4720596159123853,-0.0093150344656289,-0.0093154683419084,8.67779504290992e-05,0.0093154683419084
2013-01-24,31.625,3.453947947047684,-1.794863832562188,-1.811166886470093,3.2803254906457706,1.811166886470093
2013-01-25,31.17,3.439456093779245,-1.438735177865602,-1.4491853268438484,2.100138111539512,1.4491853268438484
2013-01-28,30.825,3.428326049050408,-1.1068334937439972,-1.113004472883785,1.238778956659312,1.113004472883785
2013-01-29,31.368,3.4457882649900307,1.7615571776155692,1.7462215939622494,3.049289855220059,1.7462215939622494
2013-01-30,31.985,3.465267042902101,1.9669727110431132,1.947877791207055,3.794227889477676,1.947877791207055
2013-01-31,31.43,3.447762850809476,-1.735188369548224,-1.7504192092624695,3.0639674081550496,1.7504192092624695
2013-02-01,31.8,3.459466289786131,1.1772192173083118,1.1703438976654996,1.3697048388028734,1.1703438976654996
2013-02-04,31.71,3.456632088550256,-0.2830188679245227,-0.2834201235875137,0.0803269664543615,0.2834201235875137
2013-02-05,31.795,3.459309044719371,0.2680542415641751,0.2676956169115148,0.0716609433136364,0.2676956169115148
2013-02-06,31.825,3.46025214444347,0.094354458248147,0.0943099724099058,0.0088943708959571,0.0943099724099058
2013-02-07,31.42,3.4474446328274757,-1.2725844461900948,-1.2807511615995044,1.64032353793848,1.2807511615995044
2013-02-08,31.39,3.4464893708538624,-0.0954805856142604,-0.0955261973612933,0.0091252543823087,0.0955261973612933
2013-02-11,30.92,3.4314032237192214,-1.497292131251993,-1.5086147134640988,2.275918353680365,1.5086147134640988
2013-02-12,31.09,3.4368862240706624,0.5498059508408648,0.5483000351441083,0.3006329285390304,0.5483000351441083
2013-02-13,30.755,3.4260525826603314,-1.0775168864586735,-1.0833641410330903,1.1736778620763657,1.0833641410330903
2013-02-14,30.373,3.413554055871527,-1.242074459437481,-1.2498526788804551,1.5621317189046502,1.2498526788804551
2013-02-15,29.77,3.393501175027685,-1.9853159055740368,-2.0052880843842007,4.021180301373257,2.0052880843842007
2013-02-18,29.95,3.3995293245614584,0.6046355391333469,0.6028149533773252,0.3633858680153067,0.6028149533773252
2013-02-19,29.447,3.382592037336586,-1.6794657762938203,-1.6937287224872328,2.8687169853782337,1.6937287224872328
2013-02-20,28.536,3.3511664480565906,-3.0936937548816434,-3.142558927999552,9.875676615949692,3.142558927999552
2013-02-21,28.655,3.355327948003701,0.4170171012054968,0.4161499947110406,0.1731808180979991,0.4161499947110406
2013-02-22,28.71,3.357245494132973,0.1919385796545158,0.1917546129271854,0.0367698315788547,0.1917546129271854
2013-02-25,28.978,3.366536921398531,0.93347265761059,0.9291427265557956,0.8633062063115379,0.9291427265557956
2013-02-26,29.385,3.380484340064614,1.4045137690661846,1.3947418666083204,1.9453048744700616,1.3947418666083204
2013-02-27,28.955,3.3657429006777533,-1.4633316317849363,-1.4741439386860768,2.1731003519649,1.4741439386860768
2013-02-28,28.505,3.350079510483545,-1.5541357278535672,-1.566339019420795,2.453417923760097,1.566339019420795
2013-03-01,28.57,3.3523572162426816,0.2280301701455878,0.2277705759136509,0.0518794352520362,0.2277705759136509
2013-03-04,28.555,3.3518320521168263,-0.0525026251312565,-0.0525164125855464,0.0027579735908553,0.0525164125855464
2013-03-05,28.673,3.3559559134164663,0.4132376116266822,0.4123861299640032,0.1700623201866878,0.4123861299640032
2013-03-06,29.043,3.3687774904060444,1.290412583266498,1.2821576989577954,1.6439283649967489,1.2821576989577954
2013-03-07,28.875,3.362976168841957,-0.5784526391901634,-0.5801321564086512,0.3365533188993518,0.5801321564086512
2013-03-08,28.951,3.3656047457367677,0.2632034632034541,0.2628576894809605,0.069094164919269,0.2628576894809605
2013-03-11,28.956,3.365777436430895,0.0172705606023892,0.0172690694127604,0.0002982207583827,0.0172690694127604
2013-03-12,29.125,3.371596911885865,0.5836441497444333,0.5819475454969582,0.3386629457099341,0.5819475454969582
2013-03-13,28.895,3.3636685697697413,-0.7896995708154497,-0.7928342116123331,0.6285860871029498,0.7928342116123331
2013-03-14,28.785,3.3598544181277727,-0.3806887004672021,-0.3814151641968304,0.1454775274792951,0.3814151641968304
2013-03-15,28.753,3.3587421096255907,-0.1111690116380015,-0.1112308502182182,0.0123723020402677,0.1112308502182182
2013-03-18,28.86,3.3624565533457247,0.3721350815567126,0.3714443720134169,0.1379709215004416,0.3714443720134169
2013-03-19,28.879,3.363114687386349,0.0658350658350626,0.0658134040624351,0.0043314041542853,0.0658134040624351
2013-03-20,28.795,3.360201760958636,-0.2908687973960266,-0.291292642771345,0.0848514037327144,0.291292642771345
2013-03-21,29.14,3.3721118007670587,1.1981246744226404,1.1910039808423054,1.4184904823822186,1.1910039808423054
2013-03-22,28.708,3.3571758295678253,-1.482498284145517,-1.4935971199233442,2.2308323566433086,1.4935971199233442
2013-03-25,28.82,3.361069590571376,0.3901351539640663,0.3893761003550714,0.1516137475277226,0.3893761003550714
2013-03-26,28.735,3.358115891959705,-0.294934073560027,-0.2953698611671173,0.0872433548858821,0.2953698611671173
2013-03-27,28.652,3.3552232487522047,-0.2888463546197983,-0.2892643207500026,0.0836738472589604,0.2892643207500026
2013-03-28,28.314,3.3433563819723053,-1.1796733212341204,-1.1866866779899332,1.4082252717187835,1.1866866779899332
2013-04-01,28.01,3.332561589272017,-1.0736738009465174,-1.07947927002882,1.165275494421954,1.07947927002882
2013-04-02,27.245,3.3048700180350616,-2.731167440199933,-2.7691571236955537,7.668231175713831,2.7691571236955537
2013-04-03,26.94,3.293612170982218,-1.1194714626536983,-1.1257847052843744,1.2673912026522256,1.1257847052843744
2013-04-04,26.885,3.2915685102616417,-0.2041573867854529,-0.2043660720576557,0.0417654914082749,0.2043660720576557
2013-04-05,27.3,3.3068867021909143,1.543611679375112,1.53181919292726,2.346470039820322,1.53181919292726
2013-04-08,27.275,3.3059705317191344,-0.0915750915751023,-0.091617047177964,0.0083936833336092,0.091617047177964
2013-04-09,27.935,3.329880382911112,2.419798350137481,2.3909851191977505,5.716809840225081,2.3909851191977505
2013-04-10,27.61,3.3181780259420632,-1.163415070699836,-1.1702356969049004,1.369451586310498,1.1702356969049004
2013-04-11,27.61,3.3181780259420632,0.0,0.0,0.0,0.0
2013-04-12,25.98,3.2573270112424533,-5.903658094893149,-6.085101469960953,37.02845989972095,6.085101469960953
2013-04-15,22.645,3.119939077008177,-12.836797536566593,-13.73879342342763,188.7544447316183,13.73879342342763
2013-04-16,23.325,3.149525746733408,3.002870390814749,2.958666972523033,8.753710254298609,2.958666972523033
2013-04-17,23.285,3.1478093764343407,-0.1714898177920698,-0.1716370299067002,0.0294592700351935,0.1716370299067002
2013-04-18,23.255,3.1465201626760604,-0.1288383079235622,-0.1289213758280259,0.0166207211453911,0.1289213758280259
2013-04-19,23.21,3.144583220286345,-0.1935067727370398,-0.1936942389714605,0.0375174582107332,0.1936942389714605
2013-04-22,23.395,3.15252232431818,0.7970702283498499,0.7939104031833945,0.6302937282828199,0.7939104031833945
2013-04-23,22.915,3.1317917179610872,-2.051720453088268,-2.0730606357092247,4.297580399327135,2.0730606357092247
2013-04-24,23.135,3.141346622358963,0.9600698232598904,0.95549043978757,0.912961980525444,0.95549043978757
2013-04-25,24.375,3.193558016883911,5.359844391614432,5.221139452494791,27.260297182397604,5.221139452494791
2013-04-26,23.96,3.1763857732472487,-1.702564102564097,-1.7172243636662217,2.94885951516886,1.7172243636662217
2013-04-29,24.633,3.204087007394761,2.8088480801335525,2.7701234147512777,7.673583732953279,2.7701234147512777
2013-04-30,24.325,3.1915046280720687,-1.2503552145495922,-1.258237932269269,1.5831626942012451,1.258237932269269
2013-05-01,23.625,3.1623054733798064,-2.877697841726612,-2.919915469226224,8.525906347426599,2.919915469226224
2013-05-02,23.803,3.1698116231539104,0.7534391534391505,0.7506149774103915,0.5634228443128025,0.7506149774103915
2013-05-03,24.08,3.18138162044062,1.1637188589673553,1.1569997286709877,1.338648372144739,1.1569997286709877
2013-05-06,24.0,3.1780538303479458,-0.3322259136212535,-0.3327790092674579,0.1107418690090308,0.3327790092674579
2013-05-07,23.95,3.175968323856924,-0.2083333333333326,-0.208550649102137,0.0434933732409227,0.208550649102137
2013-05-08,23.96,3.1763857732472487,0.041753653444676,0.0417449390324354,0.0017426399348217,0.0417449390324354
2013-05-09,23.725,3.1665293444959914,-0.9808013355592672,-0.9856428751257054,0.9714918772860668,0.9856428751257054
2013-05-10,23.797,3.1695595223122397,0.303477344573233,0.3030177816247494,0.0918197759807843,0.3030177816247494
2013-05-13,23.656,3.163616782550176,-0.5925116611337655,-0.5942739762063074,0.3531615587960548,0.5942739762063074
2013-05-14,23.41,3.1531632815028194,-1.0399053094352295,-1.0453501047356606,1.0927568414708566,1.0453501047356606
2013-05-15,22.595,3.117728642863243,-3.48141819735156,-3.54346386395764,12.55613615517361,3.54346386395764
2013-05-16,22.675,3.1212629960012004,0.3540606328833906,0.3534353137957387,0.1249165210378923,0.3534353137957387
2013-05-17,22.185,3.0994163848308727,-2.160970231532533,-2.184661117032757,4.772744196274814,2.184661117032757
2013-05-20,22.9,3.131136910560194,3.222898354744186,3.1720525729321047,10.061917525445184,3.1720525729321047
2013-05-21,22.43,3.110399348532117,-2.0524017467248856,-2.0737562028076963,4.300464788683396,2.0737562028076963
2013-05-22,22.28,3.1036894150590832,-0.6687472135532668,-0.6709933473033576,0.4502320721253642,0.6709933473033576
2013-05-23,22.595,3.117728642863243,1.4138240574506078,1.403922780415953,1.9709991733708605,1.403922780415953
2013-05-24,22.363,3.10740780744458,-1.026775835361804,-1.0320835418662864,1.0651964373912586,1.0320835418662864
2013-05-27,22.66,3.12060125559986,1.3280865715691093,1.3193448155280127,1.740670742260646,1.3193448155280127
2013-05-28,22.345,3.106602582385414,-1.3901147396293112,-1.3998673214445514,1.959628517648343,1.3998673214445514
2013-05-29,22.48,3.1126260250254902,0.6041620049228147,0.6023442640075629,0.3628186123828126,0.6023442640075629
2013-05-30,22.77,3.125443880075648,1.2900355871886091,1.2817855050157896,1.6429740808685829,1.2817855050157896
2013-05-31,22.193,3.099776923840592,-2.5340360122968697,-2.566695623505613,6.587926423722868,2.566695623505613
2013-06-03,22.725,3.1234656400635425,2.3971522552156177,2.3688716222950625,5.611552762914841,2.3688716222950625
2013-06-04,22.535,3.1150696561426114,-0.8360836083608381,-0.8395983920930954,0.7049254600053112,0.8395983920930954
2013-06-05,22.545,3.115513311873048,0.0443754160195375,0.044365573043603,0.0019683040714872,0.044365573043603
2013-06-06,22.645,3.119939077008177,0.4435573297848716,0.4425765135129657,0.1958739703132923,0.4425765135129657
2013-06-07,21.63,3.0740812399649675,-4.482225656877903,-4.585783704320985,21.029412182815893,4.585783704320985
2013-06-10,21.908,3.086851866921475,1.2852519648636207,1.2770626956507545,1.630889128622771,1.2770626956507545
2013-06-11,21.663,3.0756057361371543,-1.1183129450429097,-1.1246130784320638,1.2647545761804433,1.1246130784320638
2013-06-12,21.78,3.0809921175048145,0.540091400083087,0.538638136766009,0.2901310423787578,0.538638136766009
2013-06-13,21.833,3.0834225866809795,0.2433425160697666,0.2430469176164879,0.0590718041628758,0.2430469176164879
2013-06-14,22.063,3.0939019973262343,1.0534511977282168,1.04794106452551,1.0981804747188593,1.04794106452551
2013-06-17,21.865,3.084887184864884,-0.8974300865702833,-0.9014812461350696,0.8126684371332382,0.9014812461350696
2013-06-18,21.67,3.075928815548268,-0.891836268008217,-0.8958369316616082,0.8025238081288848,0.8958369316616082
2013-06-19,21.385,3.062689741678872,-1.3151822796492851,-1.3239073869395737,1.75273076919317,1.3239073869395737
2013-06-20,19.675,2.979348794303467,-7.996259060088851,-8.334094737540507,69.45713509430037,8.334094737540507
2013-06-21,20.065,2.9989770037188803,1.9822109275730693,1.9628209415413191,3.852666048553151,1.9628209415413191
2013-06-24,19.673,2.9792471372941285,-1.953650635434856,-1.9729866424751648,3.892676291385426,1.9729866424751648
2013-06-25,19.635,2.977313688029973,-0.1931581355156697,-0.1933449264155531,0.0373822605706356,0.1933449264155531
2013-06-26,18.515,2.918581214365576,-5.704099821746889,-5.873247366439702,34.49503462739089,5.873247366439702
2013-06-27,18.449,2.915010168475628,-0.3564677288684814,-0.3571045889947654,0.1275236874811203,0.3571045889947654
2013-06-28,19.628,2.976957118227657,6.390590275895702,6.194694975202855,38.37424583580349,6.194694975202855
2013-07-01,19.62,2.976549454137217,-0.0407581006724999,-0.040766409043985,0.0016619001063415,0.040766409043985
2013-07-02,19.39,2.9647574692545606,-1.1722731906218198,-1.179198488265664,1.3905090747280275,1.179198488265664
2013-07-03,19.783,2.984822983045955,2.026817947395565,2.0065513791394545,4.026248437126447,2.0065513791394545
2013-07-04,19.575,2.9742532418768666,-1.0514077743517314,-1.0569741169088331,1.1171942838152076,1.0569741169088331
2013-07-05,18.89,2.9386326815134183,-3.4993614303959086,-3.562056036344857,12.68824320606083,3.562056036344857
2013-07-08,19.09,2.949164637737656,1.0587612493382803,1.0531956224238124,1.1092210190926814,1.0531956224238124
2013-07-09,19.295,2.9598459949895823,1.0738606600314338,1.0681357251925867,1.1409139274326932,1.0681357251925867
2013-07-10,19.37,2.963725477418905,0.3887017362010914,0.3879482429322461,0.150503839194217,0.3879482429322461
2013-07-11,20.15,3.003204288392692,4.026845637583887,3.947881097378742,15.58576515904038,3.947881097378742
2013-07-12,19.905,2.9909709564522804,-1.2158808933002363,-1.2233331940411345,1.496544103642884,1.2233331940411345
2013-07-15,19.97,2.994231147427724,0.3265511178095925,0.3260190975443294,0.106288451963619,0.3260190975443294
2013-07-16,20.0,2.995732273553991,0.1502253380070151,0.1501126126267191,0.0225337964696194,0.1501126126267191
2013-07-17,19.335,2.9619169250592603,-3.325,-3.3815348494730597,11.434777938200783,3.3815348494730597
2013-07-18,19.385,2.9644995711228925,0.2585983966899352,0.2582646063631995,0.0667006068999384,0.2582646063631995
2013-07-19,19.528,2.971849333090659,0.7376837761155386,0.7349761967766351,0.5401900098282469,0.7349761967766351
2013-07-22,20.535,3.022130747408522,5.156698074559607,5.028141431786296,25.282206258045942,5.028141431786296
2013-07-23,20.48,3.019448800171307,-0.2678354029705398,-0.2681947237214885,0.0719284098320455,0.2681947237214885
2013-07-24,20.165,3.0039484283253315,-1.538085937500011,-1.550037184597568,2.402615273635155,1.550037184597568
2013-07-25,20.23,3.007166651179654,0.322340689313183,0.3218222854322796,0.1035695834008556,0.3218222854322796
2013-07-26,20.035,2.997480744088108,-0.9639149777558088,-0.9685907091546224,0.9381679618606544,0.9685907091546224
2013-07-29,19.865,2.988959389266562,-0.8485150985774959,-0.8521354821545679,0.7261348799467979,0.8521354821545679
2013-07-30,19.73,2.982140320034524,-0.6795872136924119,-0.6819069232038167,0.464997051913296,0.6819069232038167
2013-07-31,19.835,2.9874480539662933,0.5321844906234219,0.530773393176954,0.2817203949045774,0.530773393176954
2013-08-01,19.615,2.976294579661516,-1.109150491555344,-1.1153474304777702,1.2439998906733645,1.1153474304777702
2013-08-02,19.811,2.986237338992189,0.999235279123134,0.9942759330673824,0.9885846310770136,0.9942759330673824
2013-08-05,19.7,2.9806186357439426,-0.5602947857251017,-0.5618703248246742,0.3156982619185849,0.5618703248246742
2013-08-06,19.515,2.971183400632578,-0.939086294416236,-0.9435235111364456,0.8902366160672464,0.9435235111364456
2013-08-07,19.58,2.9745086371023644,0.3330771201639715,0.3325236469785986,0.1105719757999476,0.3325236469785986
2013-08-08,20.25,3.0081547935525483,3.421859039836584,3.364615645018397,11.320638438702565,3.364615645018397
2013-08-09,20.46,3.0184717605234805,1.0370370370370363,1.0316966970932269,1.0643980747930737,1.0316966970932269
2013-08-12,21.385,3.062689741678872,4.521016617790807,4.421798115539149,19.552298574585567,4.421798115539149
2013-08-13,21.45,3.065724645374026,0.3039513677811412,0.3034903695153889,0.0921064043885873,0.3034903695153889
2013-08-14,21.865,3.084887184864884,1.9347319347319256,1.9162539490857853,3.672029197386868,1.9162539490857853
2013-08-15,22.978,3.134537236431173,5.090327006631612,4.965005156628924,24.6512762053518,4.965005156628924
2013-08-16,23.167,3.1427288522883323,0.8225258943337144,0.8191615857159039,0.6710257035125942,0.8191615857159039
2013-08-19,23.16,3.1424266527047946,-0.0302153925842874,-0.0302199583537657,0.0009132458829033,0.0302199583537657
2013-08-20,23.0,3.1354942159291497,-0.6908462867012077,-0.693243677564479,0.4805867964831233,0.693243677564479
2013-08-21,22.87,3.12982600803469,-0.5652173913043401,-0.5668207894459842,0.3212858073481688,0.5668207894459842
2013-08-22,23.105,3.1400490443222298,1.0275470048097812,1.0223036287539802,1.0451047093635557,1.0223036287539802
2013-08-23,23.95,3.175968323856924,3.657217052586015,3.5919279534694484,12.90194642291522,3.5919279534694484
2013-08-26,24.305,3.1906820904974187,1.4822546972860229,1.4713766640494674,2.1649492875093395,1.4713766640494674
2013-08-27,24.455,3.1968346939913204,0.6171569635877283,0.615260349390159,0.3785452975317004,0.615260349390159
2013-08-28,24.335,3.1919156432854177,-0.4906971989368069,-0.4919050705902727,0.2419705984724212,0.4919050705902727
2013-08-29,23.865,3.17241295045786,-1.931374563386079,-1.9502692827557844,3.8035502752607617,1.9502692827557844
2013-08-30,23.442,3.1545292853009888,-1.7724701445631652,-1.7883665156871322,3.198254794430934,1.7883665156871322
2013-09-02,24.18,3.1855258451866466,3.148195546455068,3.099655988565796,9.607867247451804,3.099655988565796
2013-09-03,24.265,3.18903498285718,0.3515301902398793,0.3509137670533011,0.1231404719075384,0.3509137670533011
2013-09-04,23.475,3.1559360250943267,-3.2557181125077217,-3.309895776285285,10.955410049871167,3.309895776285285
2013-09-05,23.17,3.142858338444285,-1.2992545260915866,-1.3077686650041764,1.7102588811668058,1.3077686650041764
2013-09-06,23.821,3.170567544574082,2.809667673716021,2.770920612979723,7.678001043435922,2.770920612979723
2013-09-09,23.695,3.165264055419552,-0.5289450484866398,-0.5303489154530464,0.2812699721222225,0.5303489154530464
2013-09-10,22.975,3.13440666824175,-3.038615741717654,-3.085738717780079,9.521783434407046,3.085738717780079
2013-09-11,23.175,3.1430741114519187,0.8705114254624613,0.8667443210168124,0.7512457180148951,0.8667443210168124
2013-09-12,21.775,3.080762522738566,-6.040992448759452,-6.23115887133525,38.82734087981999,6.23115887133525
2013-09-13,22.205,3.1003174887440657,1.9747416762342151,1.9554966005499117,3.82396695476226,1.9554966005499117
2013-09-16,21.805,3.08213930129473,-1.8013960819635133,-1.8178187449335736,3.3044649894318727,1.8178187449335736
2013-09-17,21.745,3.079383846049602,-0.2751662462737836,-0.2755455245127979,0.0759253360790329,0.2755455245127979
2013-09-18,22.94,3.1328821117012247,5.495516210623141,5.3498265651623,28.620644277316256,5.3498265651623
2013-09-19,23.045,3.137448826172472,0.4577157802964304,0.4566714471247016,0.2085488106189691,0.4566714471247016
2013-09-20,21.77,3.080532875246456,-5.532653504013895,-5.691595092601563,32.3942546981262,5.691595092601563
2013-09-23,21.65,3.075005454448499,-0.5512172714745134,-0.5527420797957291,0.3055238067769081,0.5527420797957291
2013-09-24,21.7,3.077312260546414,0.2309468822170979,0.2306806097915092,0.0532135437337825,0.2306806097915092
2013-09-25,21.757,3.079935544836065,0.2626728110599163,0.2623284289651623,0.0688162046433302,0.2623284289651623
2013-09-26,21.725,3.078463671151456,-0.1470791009789973,-0.1471873684609691,0.021664121434465,0.1471873684609691
2013-09-27,21.73,3.078693794268338,0.0230149597238105,0.0230123116882434,0.0005295664892368,0.0230123116882434
2013-09-30,21.69,3.076851324838783,-0.1840773124712313,-0.1842469429555194,0.0339469359884544,0.1842469429555194
2013-10-01,21.17,3.0525850851467737,-2.3974181650530224,-2.4266239692009246,5.88850388790045,2.4266239692009246
2013-10-02,21.7,3.077312260546414,2.5035427491733486,2.4727175399639982,6.114332032445607,2.4727175399639982
2013-10-03,21.65,3.075005454448499,-0.2304147465437833,-0.2306806097915059,0.053213543733781,0.2306806097915059
2013-10-04,21.708,3.0776808562011584,0.2678983833718229,0.2675401752659523,0.0715777453813364,0.2675401752659523
2013-10-07,22.36,3.1072736482868986,3.00350101345126,2.9592792085739994,8.757333434298356,2.9592792085739994
2013-10-08,22.295,3.10436243807944,-0.290697674418594,-0.291121020745833,0.0847514487200957,0.291121020745833
2013-10-09,21.845,3.083972062403399,-2.0183897734918244,-2.0390375676040877,4.157674202100793,2.0390375676040877
2013-10-10,21.68,3.076390176571445,-0.7553215838864702,-0.7581885831953713,0.5748499276878045,0.7581885831953713
2013-10-11,21.299,3.0586601232564634,-1.7573800738007406,-1.7730053314982168,3.143547905521101,1.7730053314982168
2013-10-14,21.239,3.0558391142861097,-0.2817033663552237,-0.2821008970353654,0.0795809161081578,0.2821008970353654
2013-10-15,21.35,3.061051739674633,0.5226234756815273,0.5212625388523919,0.2717146344108414,0.5212625388523919
2013-10-16,21.39,3.062923523094314,0.1873536299765721,0.1871783419680613,0.0350357317019124,0.1871783419680613
2013-10-17,21.86,3.0846584827483925,2.1972884525479186,2.173495965407823,4.7240847116440845,2.173495965407823
2013-10-18,21.895,3.0862583002533617,0.1601097895699954,0.1599817504969222,0.0255941604920594,0.1599817504969222
2013-10-21,22.217,3.1008577615949906,1.4706554007764217,1.4599461341628783,2.1314427146571333,1.4599461341628783
2013-10-22,22.68,3.121483478859551,2.083989737588343,2.0625717264560843,4.254202126776033,2.0625717264560843
2013-10-23,22.53,3.114847754444153,-0.6613756613756516,-0.6635724415398156,0.440328385171112,0.6635724415398156
2013-10-24,22.685,3.121703913115927,0.6879715934309694,0.685615867177404,0.4700691173254236,0.685615867177404
2013-10-25,22.533,3.1149809013719847,-0.6700462860921186,-0.6723011743942677,0.4519888690919116,0.6723011743942677
2013-10-28,22.49,3.113070765971224,-0.1908312253139921,-0.1910135400760182,0.0364861724923726,0.1910135400760182
2013-10-29,22.473,3.1123145886338555,-0.075589150733657,-0.0756177337368741,0.0057180416555007,0.0756177337368741
2013-10-30,22.646,3.119983235891848,0.7698126640858005,0.7668647257992325,0.588081507675132,0.7668647257992325
2013-10-31,21.909,3.0868975113060824,-3.2544378698224907,-3.3085724585765446,10.94665171365124,3.3085724585765446
2013-11-01,21.87,3.0851158346886765,-0.1780090373818876,-0.1781676617405825,0.0317437156901066,0.1781676617405825
2013-11-04,21.645,3.074774480893944,-1.028806584362152,-1.0341353794732708,1.0694359830783258,1.0341353794732708
2013-11-05,21.695,3.077081819250314,0.2310002310002445,0.2307338356370274,0.0532381029077747,0.2307338356370274
2013-11-06,21.8,3.0819099697950434,0.4839824844434126,0.4828150544729226,0.2331103768256912,0.4828150544729226
2013-11-07,21.65,3.075005454448499,-0.6880733944954254,-0.6904515346544599,0.4767233217066988,0.6904515346544599
2013-11-08,21.475,3.066889467870319,-0.8083140877597983,-0.8115986578179614,0.6586923813719163,0.8115986578179614
2013-11-11,21.355,3.0612859042934297,-0.5587892898719526,-0.5603563576889335,0.313999247602408,0.5603563576889335
2013-11-12,20.725,3.031340701021359,-2.950128775462413,-2.9945203272071064,8.967151990056555,2.9945203272071064
2013-11-13,20.609,3.025727873589372,-0.5597104945717746,-0.5612827431987272,0.3150383178126883,0.5612827431987272
2013-11-14,20.774,3.03370220480562,0.8006210878742204,0.7974331216248154,0.6358995834642976,0.7974331216248154
2013-11-15,20.76,3.033028058297688,-0.067391932222971,-0.0674146507931771,0.004544735141566,0.0674146507931771
2013-11-18,20.405,3.015779968857769,-1.7100192678227375,-1.72480894399189,2.974965893274419,1.72480894399189
2013-11-19,20.365,3.013817741100376,-0.1960303847096445,-0.1962227757393249,0.0385033777188454,0.1962227757393249
2013-11-20,19.857,2.988556589804896,-2.4944758163515823,-2.526115129548045,6.381257647731538,2.526115129548045
2013-11-21,19.956,2.993529849998791,0.4985647378758173,0.4973260193895552,0.2473331695618602,0.4973260193895552
2013-11-22,19.862,2.9888083584811667,-0.4710362798155953,-0.4721491517624132,0.2229248215099663,0.4721491517624132
2013-11-25,20.231,3.007216081495277,1.8578189507602705,1.840772301411016,3.388442665642008,1.840772301411016
2013-11-26,19.845,2.987952086235029,-1.907963027037729,-1.926399526024818,3.711015133868643,1.926399526024818
2013-11-27,19.643,2.9777210407521397,-1.0178886369362483,-1.0231045482889367,1.0467429167295093,1.0231045482889367
2013-11-28,19.707,2.9809739025784454,0.3258158122486421,0.3252861826306369,0.105811100610412,0.3252861826306369
2013-11-29,19.97,2.994231147427724,1.3345511747094865,1.3257244849278187,1.7575454099371302,1.3257244849278187
2013-12-02,19.147,2.952146045391068,-4.121181772658988,-4.208510203665578,17.711558134357286,4.208510203665578
2013-12-03,19.112,2.9503164100235084,-0.1827962605107869,-0.1829635367559672,0.0334756557822521,0.1829635367559672
2013-12-04,19.676,2.979399618933093,2.951025533696105,2.908320890958495,8.458330404785615,2.908320890958495
2013-12-05,19.386,2.9645511560704163,-1.4738768042285022,-1.4848462862677176,2.2047684938430328,1.4848462862677176
2013-12-06,19.483,2.96954229046375,0.5003610853193008,0.4991134393333926,0.2491142253232081,0.4991134393333926
2013-12-09,19.851,2.988254383698032,1.888826156136103,1.8712093234281812,3.501424332084553,1.8712093234281812
2013-12-10,20.39,3.015044584586364,2.7152284519671666,2.67902008883318,7.177148636371739,2.67902008883318
2013-12-11,20.282,3.0097337931898047,-0.5296714075527231,-0.5310791396559217,0.282045052577674,0.5310791396559217
2013-12-12,19.495,2.9701580224345605,-3.880287940045357,-3.957577075524392,15.662416308716198,3.957577075524392
2013-12-13,19.68,2.9796028916241077,0.9489612721210516,0.9444869189546664,0.8920555400764788,0.9444869189546664
2013-12-16,19.98,2.9947317732204075,1.5243902439024517,1.512888159630022,2.2888305835487146,1.512888159630022
2013-12-17,19.892,2.990317640852492,-0.4404404404404483,-0.4414132367915426,0.1948456456147865,0.4414132367915426
2013-12-18,19.721,2.981684057827932,-0.8596420671626803,-0.8633583024560197,0.74538755841974,0.8633583024560197
2013-12-19,19.205,2.955170661797868,-2.6165001774758,-2.6513396030063943,7.029601690470105,2.6513396030063943
2013-12-20,19.355,2.962950784029612,0.7810466024472884,0.7780122231743396,0.6053030194086784,0.7780122231743396
2013-12-23,19.419,2.9662519682314827,0.330663911134077,0.3301184201871431,0.1089781713468551,0.3301184201871431
2013-12-24,19.495,2.9701580224345605,0.3913692775117106,0.3906054203077775,0.1525725943738155,0.3906054203077775
2013-12-26,19.75,2.9831534913471307,1.308027699410097,1.2995468912570145,1.6888221225757707,1.2995468912570145
2013-12-27,20.026,2.997031429285611,1.3974683544303756,1.387793793848013,1.925971614243061,1.387793793848013
2013-12-30,19.54,2.972463646614637,-2.4268451013682246,-2.45677826709744,6.0357594536822985,2.45677826709744
2013-12-31,19.437,2.96717846613593,-0.5271238485158536,-0.5285180478706679,0.2793313269250216,0.5285180478706679
2014-01-02,19.95,2.9932291433358724,2.639296187683282,2.605067719994255,6.786377825756066,2.605067719994255
2014-01-03,20.176,3.0044937792225634,1.1328320802004963,1.1264635886691234,1.26892021659732,1.1264635886691234
2014-01-06,20.13,3.0022112396517,-0.2279936558287065,-0.2282539570863619,0.0520998689255827,0.2282539570863619
2014-01-07,19.825,2.986943767520912,-1.5151515151515138,-1.526747213078842,2.330957052644011,1.526747213078842
2014-01-08,19.525,2.971695695725749,-1.5132408575031508,-1.5248071795162002,2.325036934704149,1.5248071795162002
2014-01-09,19.57,2.9739977814079848,0.2304737516005239,0.2302085682235317,0.0529959848835284,0.2302085682235317
2014-01-10,20.135,3.0024595943034176,2.887072049054673,2.84618128954326,8.100747932946135,2.84618128954326
2014-01-13,20.385,3.0147993362712167,1.24161907126894,1.233974196779929,1.5226923183186707,1.233974196779929
2014-01-14,20.24,3.0076608444192647,-0.7113073338239073,-0.7138491851952103,0.5095806592038657,0.7138491851952103
2014-01-15,20.175,3.0044442141560124,-0.3211462450592783,-0.3216630263252198,0.103467102504699,0.3216630263252198
2014-01-16,20.1,3.0007198150650303,-0.371747211895912,-0.372439909098244,0.1387114858891082,0.372439909098244
2014-01-17,20.282,3.0097337931898047,0.9054726368159072,0.9013978124774404,0.8125180163391149,0.9013978124774404
2014-01-20,20.301,3.010670145918198,0.0936791243467016,0.093635272839345,0.0087675643196985,0.093635272839345
2014-01-21,19.885,2.989965678659654,-2.049160139894568,-2.070446725854401,4.286749644601211,2.070446725854401
2014-01-22,19.78,2.984671326194566,-0.5280362081971357,-0.5294352465087915,0.2803016802458248,0.5294352465087915
2014-01-23,20.02,2.9967317738870745,1.213346814964611,1.2060447692508474,1.4545439854373297,1.2060447692508474
2014-01-24,19.903,2.9908704741370835,-0.5844155844155874,-0.5861299749991118,0.3435483475924594,0.5861299749991118
2014-01-27,19.687,2.9799585194379503,-1.0852635281113243,-1.091195469913311,1.1907075535593317,1.091195469913311
2014-01-28,19.575,2.9742532418768666,-0.568903337227622,-0.5705277561083469,0.3255019204900254,0.5705277561083469
2014-01-29,19.745,2.982900294738613,0.8684546615581157,0.8647052861746,0.7477152319382968,0.8647052861746
2014-01-30,19.155,2.952563778152612,-2.9880982527222044,-3.0336516586000397,9.20304238572677,3.0336516586000397
2014-01-31,19.167,2.953190050288316,0.0626468285043202,0.0626272135703738,0.0039221678795892,0.0626272135703738
2014-02-03,19.325,2.9613995944734857,0.8243334898523358,0.8209544185169603,0.6739661572825204,0.8209544185169603
2014-02-04,19.48,2.969388298214389,0.8020698576972851,0.7988703740903401,0.6381938745992399,0.7988703740903401
2014-02-05,19.875,2.989462660540396,2.027720739219707,2.0074362326006505,4.029800227957893,2.0074362326006505
2014-02-06,19.955,2.9934797385006973,0.4025157232704357,0.401707796030157,0.1613691533914062,0.401707796030157
2014-02-07,20.023,2.996881612810512,0.3407667251315471,0.3401874309815277,0.1157274881978116,0.3401874309815277
2014-02-10,20.065,2.9989770037188803,0.2097587774059883,0.2095390908367622,0.0439066305886969,0.2095390908367622
2014-02-11,20.22,3.006672213592325,0.7724894094193857,0.7695209873445297,0.5921625499636998,0.7695209873445297
2014-02-12,20.23,3.007166651179654,0.049455984174096,0.0494437587328849,0.0024446852776357,0.0494437587328849
2014-02-13,20.48,3.019448800171307,1.235788433020257,1.2282148991652844,1.5085118385315897,1.2282148991652844
2014-02-14,21.44,3.0652583362026014,4.6875,4.58095360312942,20.98513591402442,4.58095360312942
2014-02-17,21.795,3.081680585690356,1.655783582089554,1.6422249487754694,2.6969027823805933,1.6422249487754694
2014-02-18,21.92,3.087399462079815,0.5735260380821394,0.5718876389458971,0.3270554715791128,0.5718876389458971
2014-02-19,21.515,3.068750366290563,-1.8476277372262877,-1.8649095789251928,3.477887737566939,1.8649095789251928
2014-02-20,21.813,3.0825061223360293,1.3850801766209564,1.3755756045466452,1.8922082438238683,1.3755756045466452
2014-02-21,21.795,3.081680585690356,-0.0825195984046067,-0.0825536645673408,0.006815107533497,0.0825536645673408
2014-02-24,21.966,3.0894958033661544,0.7845836200963463,0.7815217675798177,0.6107762732010826,0.7815217675798177
2014-02-25,21.848,3.084109384171404,-0.5371938450332459,-0.5386419194750397,0.2901351174157551,0.5386419194750397
2014-02-26,21.231,3.0554623777617573,-2.8240571219333432,-2.8647006409646374,8.206509762343204,2.8647006409646374
2014-02-27,21.256,3.056639208457512,0.1177523432716265,0.1176830695754975,0.0138493048647113,0.1176830695754975
2014-02-28,21.137,3.0510250593027,-0.5598419269853161,-0.5614149154812635,0.3151867073248343,0.5614149154812635
2014-03-03,21.414,3.0640449137360783,1.3104981785494685,1.301985443337866,1.6951660946637,1.301985443337866
2014-03-04,21.165,3.052348873972887,-1.1627906976744318,-1.169603976319141,1.3679734614215455,1.169603976319141
2014-03-05,21.157,3.0519708200011806,-0.037798251830845,-0.0378053971706514,0.0014292480552307,0.0378053971706514
2014-03-06,21.459,3.0661441377943564,1.4274235477619746,1.4173317793176083,2.0088293726636177,1.4173317793176083
2014-03-07,20.873,3.038456457763769,-2.730788946362828,-2.76876800305871,7.666076254761716,2.76876800305871
2014-03-10,20.827,3.0362502218568794,-0.2203803957265382,-0.2206235906890176,0.0486747687685151,0.2206235906890176
2014-03-11,20.852,3.03744986690586,0.1200364910932894,0.1199645048980293,0.0143914824354293,0.1199645048980293
2014-03-12,21.3,3.05870707271538,2.148474966430069,2.125720580951985,4.518687988282845,2.125720580951985
2014-03-13,21.2,3.054001181677967,-0.4694835680751241,-0.4705891037412728,0.2214541045600143,0.4705891037412728
2014-03-14,21.415,3.0640916110673344,1.0141509433962304,1.009042938936757,1.018167652618128,1.009042938936757
2014-03-17,21.18,3.0530573401732606,-1.097361662386176,-1.103427089407388,1.21755134163806,1.103427089407388
2014-03-18,20.85,3.03735394824481,-1.5580736543909235,-1.5703391928449828,2.465965180585032,1.5703391928449828
2014-03-19,20.603,3.0254366962603223,-1.184652278177456,-1.1917251984488428,1.420208948617934,1.1917251984488428
2014-03-20,20.31,3.011113375592293,-1.4221229917973257,-1.4323320668028836,2.0515751495918204,1.4323320668028836
2014-03-21,20.292,3.0102267197044434,-0.0886262924667535,-0.0886655887849644,0.0078615866345844,0.0886655887849644
2014-03-24,19.913,2.991372784776538,-1.8677311255667293,-1.8853934927905496,3.554708622656949,1.8853934927905496
2014-03-25,19.973,2.994381361483035,0.3013107015517491,0.3008576706496613,0.0905153379887401,0.3008576706496613
2014-03-26,19.77,2.9841656371825254,-1.016372102338159,-1.02157243005092,1.0436102298401415,1.02157243005092
2014-03-27,19.713,2.981278316583841,-0.2883156297420308,-0.288732059868501,0.0833662023959076,0.288732059868501
2014-03-28,19.8,2.9856819377004897,0.4413331304215395,0.4403621116648949,0.1939187893899653,0.4403621116648949
2014-03-31,19.761,2.983710298326665,-0.1969696969697065,-0.1971639373824069,0.0388736182041336,0.1971639373824069
2014-04-01,19.75,2.9831534913471307,-0.0556651991295953,-0.055680697953467,0.0031003401245852,0.055680697953467
2014-04-02,19.97,2.994231147427724,1.1139240506329084,1.1077656080592944,1.2271446423989782,1.1077656080592944
2014-04-03,19.84,2.987700101856727,-0.6509764646970395,-0.6531045570997053,0.4265455625044022,0.6531045570997053
2014-04-04,19.915,2.9914732166336075,0.3780241935483763,0.3773114776880707,0.1423639511951555,0.3773114776880707
2014-04-07,19.864,2.9889090482058656,-0.256088375596275,-0.2564168427741972,0.0657495972582873,0.2564168427741972
2014-04-08,20.027,2.9970813631232867,0.820579943616595,0.8172314917421049,0.667867311095026,0.8172314917421049
2014-04-09,19.874,2.989412344809172,-0.7639686423328573,-0.7669018314114961,0.5881384190223069,0.7669018314114961
2014-04-10,20.035,2.997480744088108,0.8101036530139938,0.8068399278936316,0.6509906692434005,0.8068399278936316
2014-04-11,19.949,2.9931790167662737,-0.4292488145744899,-0.4301727321834074,0.1850485795141375,0.4301727321834074
2014-04-14,19.979,2.994681721917812,0.1503834778685542,0.1502705151537998,0.0225812277245883,0.1502705151537998
2014-04-15,19.605,2.975784635744295,-1.8719655638420265,-1.889708617351682,3.5709986584932056,1.889708617351682
2014-04-16,19.654,2.978280879940235,0.249936240754911,0.2496244195940172,0.0623123508576499,0.2496244195940172
2014-04-17,19.631,2.977109949425896,-0.1170245242698708,-0.1170930514338825,0.0137107826940978,0.1170930514338825
2014-04-21,19.436,2.9671270165436567,-0.9933268809535932,-0.998293288223975,0.9965894893130364,0.998293288223975
2014-04-22,19.41,2.9657883971809187,-0.1337723811483782,-0.1338619362737608,0.0179190179829604,0.1338619362737608
2014-04-23,19.439,2.967281357379976,0.1494075218959389,0.1492960199057003,0.0222893015596832,0.1492960199057003
2014-04-24,19.652,2.978179114306402,1.0957353773342282,1.089775692642604,1.187611060274667,1.089775692642604
2014-04-25,19.709,2.981075384210357,0.2900468145735635,0.2896269903955341,0.0838837935655748,0.2896269903955341
2014-04-28,19.585,2.9747639671177946,-0.6291541935156464,-0.6311417092562623,0.3983398571629163,0.6311417092562623
2014-04-29,19.45,2.9678470700644555,-0.6893030380393239,-0.691689705333941,0.4784346484649541,0.691689705333941
2014-04-30,19.188,2.9542850836398173,-1.3470437017994883,-1.3561986424637835,1.83927475782061,1.3561986424637835
2014-05-01,19.025,2.9457539037477494,-0.8494892641234153,-0.8531179892068005,0.7278103035082546,0.8531179892068005
2014-05-02,19.448,2.967744237013822,2.223390275952708,2.1990333266072843,4.835747571529499,2.1990333266072843
2014-05-05,19.596,2.975325463776328,0.7610037021801741,0.7581226762506147,0.5747499922453944,0.7581226762506147
2014-05-06,19.575,2.9742532418768666,-0.1071647274954123,-0.1072221899461623,0.0114965980168509,0.1072221899461623
2014-05-07,19.307,2.96046772445368,-1.3690932311621995,-1.3785517423187164,1.9004049062499688,1.3785517423187164
2014-05-08,19.174,2.953555194654805,-0.688869322007557,-0.6912529798874771,0.4778306822033168,0.6912529798874771
2014-05-09,19.149,2.95225049494203,-0.13038489621362,-0.1304699712774862,0.017022413405148,0.1304699712774862
2014-05-12,19.526,2.97174691080348,1.968771215207044,1.9496415861449616,3.801102314425843,1.9496415861449616
2014-05-13,19.526,2.97174691080348,0.0,0.0,0.0,0.0
2014-05-14,19.775,2.9844185136537176,1.2752227798832338,1.2671602850237846,1.605695187941559,1.2671602850237846
2014-05-15,19.488,2.9697988915274864,-1.4513274336283133,-1.4619622126230998,2.1373335111378298,1.4619622126230998
2014-05-16,19.36,2.963209081848431,-0.6568144499178974,-0.6589809679055553,0.4342559160617424,0.6589809679055553
2014-05-19,19.346,2.962485679760355,-0.0723140495867746,-0.0723402088075677,0.0052331058103225,0.0723402088075677
2014-05-20,19.4,2.9652730660692823,0.2791274682104827,0.2787386308927188,0.0776952243519473,0.2787386308927188
2014-05-21,19.391,2.964809040900481,-0.0463917525773238,-0.0464025168801544,0.002153193572813,0.0464025168801544
2014-05-22,19.492,2.97000412498126,0.520860192872985,0.519508408077883,0.2698889860636162,0.519508408077883
2014-05-23,19.429,2.966766795260976,-0.3232095218551278,-0.3237329720283982,0.1048030371783396,0.3237329720283982
2014-05-26,19.438,2.9672299130812787,0.0463225075917561,0.046311782030313,0.0021447811548232,0.046311782030313
2014-05-27,19.057,2.947434488146239,-1.960078197345405,-1.979542493503991,3.918588483587998,1.979542493503991
2014-05-28,19.014,2.9451755499368386,-0.2256388728551162,-0.2258938209400217,0.0510280183388826,0.2258938209400217
2014-05-29,19.023,2.9456487733860044,0.0473335437046307,0.0473223449165486,0.0022394043284008,0.0473223449165486
2014-05-30,18.801,2.933910059910648,-1.167008358303112,-1.17387134753562,1.377973940565092,1.17387134753562
2014-06-02,18.75,2.93119375241642,-0.2712621669060056,-0.2716307494228194,0.0737832640320025,0.2716307494228194
2014-06-03,18.807,2.9342291409599413,0.3039999999999931,0.3035388543521268,0.0921358361014016,0.3035388543521268
2014-06-04,18.8,2.933856869835904,-0.0372201839740404,-0.0372271124037519,0.0013858578979215,0.0372271124037519
2014-06-05,19.03,2.946016681308058,1.223404255319149,1.2159811472154605,1.4786101503834272,1.2159811472154605
2014-06-06,19.019,2.945438479499524,-0.0578034682081063,-0.0578201808534268,0.0033431733139229,0.0578201808534268
2014-06-09,19.06,2.947591898226056,0.215573899784438,0.215341872653218,0.0463721221177947,0.215341872653218
2014-06-10,19.187,2.954232966375962,0.6663168940189035,0.6641068149906147,0.4410378617169786,0.6641068149906147
2014-06-11,19.189,2.954337198187605,0.0104237243967242,0.0104231811643224,0.0001086427055842,0.0104231811643224
2014-06-12,19.525,2.971695695725749,1.7510031789045757,1.7358497538144315,3.0131743678176224,1.7358497538144315
2014-06-13,19.695,2.980364796422869,0.8706786171575054,0.8669100697119687,0.7515330689680104,0.8669100697119687
2014-06-16,19.65,2.9780773383152703,-0.2284843869002406,-0.228745810759908,0.0523246459402076,0.228745810759908
2014-06-17,19.73,2.982140320034524,0.4071246819338459,0.4062981719253772,0.1650782045099033,0.4062981719253772
2014-06-18,19.88,2.989714201228428,0.7602635580334471,0.7573881193903955,0.57363676339372,0.7573881193903955
2014-06-19,20.792,3.034568297339189,4.587525150905436,4.485409611076118,20.11889937913401,4.485409611076118
2014-06-20,20.844,3.0370661370469683,0.2500961908426191,0.2497839707778931,0.0623920320575713,0.2497839707778931
2014-06-23,20.866,3.0381210400457777,0.105545960468234,0.1054902998809364,0.0111282033689698,0.1054902998809364
2014-06-24,20.914,3.040418791176397,0.2300392983801469,0.2297751130619465,0.0527966025826303,0.2297751130619465
2014-06-25,21.019,3.0454267905778427,0.5020560390169182,0.5007999401445835,0.2508005800488184,0.5007999401445835
2014-06-26,21.093,3.048941231885134,0.3520624197155042,0.3514441307291127,0.1235129770239416,0.3514441307291127
2014-06-27,20.993,3.044189048822185,-0.4740909306405028,-0.475218306294869,0.2258324386377639,0.475218306294869
2014-06-30,21.017,3.045331634045275,0.1143238222264697,0.1142585223089965,0.0130550099202354,0.1142585223089965
2014-07-01,21.02,3.045474365448805,0.0142741590141381,0.0142731403529961,0.0002037225355363,0.0142731403529961
2014-07-02,21.15,3.0516399054922867,0.6184586108468171,0.6165540043481954,0.3801388402777945,0.6165540043481954
2014-07-03,21.131,3.05074115658479,-0.089834515366427,-0.0898748907496803,0.0080774959872669,0.0898748907496803
2014-07-04,21.141,3.051214283012995,0.0473238370166884,0.0473126428204813,0.0022384861706584,0.0473126428204813
2014-07-07,21.037,3.046282792151892,-0.4919351024076368,-0.4931490861102852,0.2431960211314095,0.4931490861102852
2014-07-08,21.026,3.045759767153639,-0.0522888244521513,-0.0523024998252999,0.0027355514879755,0.0523024998252999
2014-07-09,21.113,3.049888964505946,0.4137734233805812,0.4129197352306841,0.1705027077429782,0.4129197352306841
2014-07-10,21.39,3.062923523094314,1.3119878747690938,1.3034558588368252,1.6989971759360456,1.3034558588368252
2014-07-11,21.419,3.0642783785890053,0.1355773726040121,0.1354855494690936,0.0183563341149422,0.1354855494690936
2014-07-14,20.905,3.0399883648085284,-2.3997385498856105,-2.4290013780476896,5.900047694557575,2.4290013780476896
2014-07-15,20.675,3.028925240909755,-1.1002152595072978,-1.1063123898773353,1.223927103996101,1.1063123898773353
2014-07-16,20.757,3.032883539184784,0.3966142684401541,0.3958298275028786,0.1566812523409586,0.3958298275028786
2014-07-17,21.139,3.051119675633549,1.8403430168135948,1.823613644876516,3.3255667257798107,1.823613644876516
2014-07-18,20.848,3.037258020382489,-1.376602488291789,-1.3861655251059728,1.9214548629923172,1.3861655251059728
2014-07-21,20.913,3.0403709751723715,0.3117805065234069,0.3112954789882051,0.096904875238496,0.3112954789882051
2014-07-22,20.934,3.041374631432692,0.1004160091808925,0.1003656260320708,0.0100732588888094,0.1003656260320708
2014-07-23,20.902,3.039844848172312,-0.1528613738415951,-0.1529783260380094,0.0234023682373915,0.1529783260380094
2014-07-24,20.369,3.0140141372320035,-2.54999521576883,-2.5830710940308594,6.672256276817781,2.5830710940308594
2014-07-25,20.707,3.030471807357888,1.659384358584126,1.6457670125884356,2.708549059724264,1.6457670125884356
2014-07-28,20.572,3.02393092791267,-0.6519534456946974,-0.6540879445217997,0.427831039168753,0.6540879445217997
2014-07-29,20.564,3.0235419741932583,-0.0388878086719723,-0.0388953719411455,0.00151284995844,0.0388953719411455
2014-07-30,20.596,3.025096882183895,0.1556117486870345,0.155490799063679,0.0241773885934614,0.155490799063679
2014-07-31,20.381,3.0146030943042423,-1.0438920178675426,-1.0493787879652448,1.1011958406314062,1.0493787879652448
2014-08-01,20.325,3.0118516554338743,-0.2747657131642267,-0.2751438870368197,0.0757041585737302,0.2751438870368197
2014-08-04,20.153,3.003353160685352,-0.8462484624846223,-0.8498494748522137,0.7222441299065835,0.8498494748522137
2014-08-05,19.765,2.9839126967486487,-1.925271671711404,-1.9440463936703247,3.7793163807425967,1.9440463936703247
2014-08-06,20.024,2.996931554129473,1.310397166708821,1.301885738082418,1.6949064750224023,1.301885738082418
2014-08-07,19.95,2.9932291433358724,-0.3695565321614191,-0.3702410793600756,0.1370784568457138,0.3702410793600756
2014-08-08,19.97,2.994231147427724,0.1002506265664227,0.1002004091851451,0.0100401220008705,0.1002004091851451
2014-08-11,20.005,2.995982242309198,0.1752628943415102,0.1751094881474482,0.0306633328392613,0.1751094881474482
2014-08-12,19.91,2.991222118076105,-0.4748812796800727,-0.4760124233093354,0.2265878271448259,0.4760124233093354
2014-08-13,19.814,2.9863887585508384,-0.4821697639377231,-0.4833359525266454,0.2336136430048396,0.4833359525266454
2014-08-14,19.874,2.989412344809172,0.3028161905723081,0.3023586258332971,0.0914207386157997,0.3023586258332971
2014-08-15,19.616,2.976345559753801,-1.29817852470564,-1.3066785055370669,1.707408716832582,1.3066785055370669
2014-08-18,19.62,2.976549454137217,0.0203915171288704,0.020389438341609,0.0004157291958862,0.020389438341609
2014-08-19,19.423,2.966457930849996,-1.0040774719673906,-1.0091523287221342,1.0183884225653064,1.0091523287221342
2014-08-20,19.465,2.968617981062419,0.2162384801523975,0.2160050212423273,0.0466581692018982,0.2160050212423273
2014-08-21,19.43,2.9668182633893485,-0.179809915232465,-0.1799717673070297,0.0323898370276156,0.1799717673070297
2014-08-22,19.47,2.968874819384108,0.2058672156459051,0.2056555994759567,0.0422942255958151,0.2056555994759567
2014-08-25,19.349,2.962640738553792,-0.6214689265536699,-0.6234080830316633,0.3886376379892132,0.6234080830316633
2014-08-26,19.356,2.963002448931072,0.036177580236707,0.0361710377280481,0.0013083439703238,0.0361710377280481
2014-08-27,19.45,2.9678470700644555,0.4856375284149505,0.4844621133383068,0.2347035392602184,0.4844621133383068
2014-08-28,19.493,2.970055426764008,0.2210796915167012,0.2208356699552568,0.0487683931245871,0.2208356699552568
2014-08-29,19.47,2.968874819384108,-0.1179910737187706,-0.118060737989963,0.0139383378547346,0.118060737989963
2014-09-01,19.476,2.969182938320454,0.0308166409861421,0.0308118936346249,0.0009493727893514,0.0308118936346249
2014-09-02,19.159,2.9527725791138555,-1.6276442801396618,-1.6410359206599172,2.692998892896142,1.6410359206599172
2014-09-03,19.17,2.953346557057553,0.0574142700558555,0.0573977943697869,0.0032945067985163,0.0573977943697869
2014-09-04,19.039,2.9464895069755395,-0.6833594157537815,-0.6857050082013685,0.4701913582724388,0.6857050082013685
2014-09-05,19.191,2.9544414191361104,0.7983612584694377,0.7951912160570631,0.6323290700943108,0.7951912160570631
2014-09-08,19.017,2.945333315970139,-0.9066750039080752,-0.9108103165971164,0.8295754328197397,0.9108103165971164
2014-09-09,19.052,2.947172082938614,0.1840458537098355,0.1838766968474897,0.0338106396435436,0.1838766968474897
2014-09-10,18.959,2.942278752819901,-0.4881377283224908,-0.4893330118712698,0.2394467965070082,0.4893330118712698
2014-09-11,18.694,2.928202616760392,-1.397753046046735,-1.407613605950965,1.9813760636582785,1.407613605950965
2014-09-12,18.644,2.9255243785104943,-0.2674654969508916,-0.2678238249897153,0.0717296012321216,0.2678238249897153
2014-09-15,18.667,2.92675725905046,0.1233640849603201,0.1232880539965407,0.0151999442582539,0.1232880539965407
2014-09-16,18.702,2.928630470013255,0.1874966518454979,0.1873210962795177,0.0350891931113603,0.1873210962795177
2014-09-17,18.53,2.9193910402972683,-0.9196877339322064,-0.9239429715986686,0.853670614766578,0.9239429715986686
2014-09-18,18.522,2.918959214748077,-0.0431732325958056,-0.0431825549191316,0.0018647330493438,0.0431825549191316
2014-09-19,17.895,2.884521344217989,-3.385163589245221,-3.4437870530088115,11.859669266471114,3.4437870530088115
2014-09-22,17.736,2.8755964723140104,-0.8885163453478562,-0.892487190397872,0.7965333850242875,0.892487190397872
2014-09-23,17.788,2.87852407264845,0.2931889941362176,0.2927600334439648,0.0857084371821113,0.2927600334439648
2014-09-24,17.687,2.872829906452657,-0.5677985158533794,-0.5694166195793352,0.3242352866531574,0.5694166195793352
2014-09-25,17.516,2.863114748939152,-0.9668117826652556,-0.9715157513504904,0.943842855122108,0.9715157513504904
2014-09-26,17.624,2.869261609500042,0.616579127654715,0.6146860560890071,0.3778389475502579,0.6146860560890071
2014-09-29,17.486,2.861400560758699,-0.783023150249651,-0.7861048741342676,0.6179608731376526,0.7861048741342676
2014-09-30,16.962,2.8309755479395085,-2.9966830607343065,-3.0425012819190997,9.256814050479363,3.0425012819190997
2014-10-01,17.165,2.8428724269096555,1.196792831034066,1.1896878970146985,1.4153572923032558,1.1896878970146985
2014-10-02,17.099,2.839019982266456,-0.384503349839782,-0.3852444643199387,0.1484132972891565,0.3852444643199387
2014-10-03,16.808,2.8218549635426995,-1.7018539095853602,-1.716501872375666,2.946378677869167,1.716501872375666
2014-10-06,17.323,2.852035098296804,3.064017134697772,3.0180134754104637,9.108405337759145,3.0180134754104637
2014-10-07,17.175,2.8434548381084133,-0.8543554811522247,-0.8580260188390799,0.7362086490048412,0.8580260188390799
2014-10-08,17.365,2.854456686196037,1.1062590975254638,1.1001848087624213,1.2104066134316056,1.1001848087624213
2014-10-09,17.36,2.854168709232204,-0.0287935502447433,-0.0287976963833213,0.0008293073169859,0.0287976963833213
2014-10-10,17.347,2.853419580779272,-0.0748847926267171,-0.0749128452932125,0.0056119343899247,0.0749128452932125
2014-10-13,17.475,2.860771288119874,0.7378797486597088,0.7351707340602062,0.5404760082186224,0.7351707340602062
2014-10-14,17.375,2.855032391450856,-0.5722460658083017,-0.5738896669018166,0.329349349776678,0.5738896669018166
2014-10-15,17.455,2.859626140557,0.460431654676241,0.4593749106143348,0.211025308501928,0.4593749106143348
2014-10-16,17.38,2.8553201198372458,-0.4296763105127388,-0.4306020719753293,0.1854181443894467,0.4306020719753293
2014-10-17,17.275,2.849260369653733,-0.6041426927502869,-0.6059750183512378,0.3672057228657829,0.6059750183512378
2014-10-20,17.427,2.858020727678505,0.879884225759775,0.8760358024771613,0.767438727221804,0.8760358024771613
2014-10-21,17.5,2.862200880929469,0.4188902278074335,0.4180153250963311,0.1747368120153914,0.4180153250963311
2014-10-22,17.15,2.8419981736119486,-2.000000000000013,-2.020270731751958,4.081493829573592,2.020270731751958
2014-10-23,17.18,2.8437459165561094,0.1749271137026387,0.1747742944160538,0.0305460539886294,0.1747742944160538
2014-10-24,17.188,2.8442114659127484,0.0465657741559821,0.046554935663923,0.002167362034672,0.046554935663923
2014-10-27,17.118,2.840130541459418,-0.407260879683502,-0.4080924453330748,0.1665394439379287,0.4080924453330748
2014-10-28,17.202,2.845025656129288,0.490711531721022,0.4895114669870103,0.2396214763117748,0.4895114669870103
2014-10-29,17.105,2.839370818429568,-0.5638879200093094,-0.5654837699719866,0.3197718941017306,0.5654837699719866
2014-10-30,16.511,2.804026825449696,-3.472668810289392,-3.5343992979872585,12.491978397612826,3.5343992979872585
2014-10-31,16.154,2.7821676970201046,-2.162194900369452,-2.185912842959089,4.778214957013486,2.185912842959089
2014-11-03,16.14,2.7813006628418027,-0.0866658412776999,-0.0867034178301807,0.0075174826634349,0.0867034178301807
2014-11-04,16.016,2.7735882225728647,-0.7682775712515633,-0.7712440268938112,0.5948173490193818,0.7712440268938112
2014-11-05,15.323,2.729354967596039,-4.3269230769230616,-4.423325497682542,19.565808458448505,4.423325497682542
2014-11-06,15.405,2.734692132048631,0.5351432487110896,0.5337164452592069,0.284853243940124,0.5337164452592069
2014-11-07,15.732,2.755696854569563,2.122687439143145,2.100472252093195,4.411983681813459,2.100472252093195
2014-11-10,15.6,2.747270914255491,-0.8390541571319576,-0.8425940314071712,0.7099647017629889,0.8425940314071712
2014-11-11,15.705,2.75397913299061,0.6730769230769207,0.6708218735118483,0.4500019859819462,0.6708218735118483
2014-11-12,15.678,2.7522584557665306,-0.1719197707736319,-0.1720677224079362,0.0296073010946546,0.1720677224079362
2014-11-13,15.645,2.750151377120845,-0.2104860313815626,-0.2107078645685064,0.04439780419102,0.2107078645685064
2014-11-14,16.296,2.7909196789245048,4.161073825503348,4.076830180365915,16.620544319542383,4.076830180365915
2014-11-17,16.138,2.7811767394263147,-0.9695630829651304,-0.9742939498189728,0.9492487006538548,0.9742939498189728
2014-11-18,16.185,2.784084887378208,0.2912380716321605,0.2908147951892732,0.0845732451009789,0.2908147951892732
2014-11-19,16.13,2.7806808921371173,-0.3398208217485265,-0.340399524109012,0.1158718360136418,0.340399524109012
2014-11-20,16.26,2.7887081041196646,0.8059516429014479,0.8027211982547258,0.6443613221275027,0.8027211982547258
2014-11-21,16.45,2.800325477211381,1.1685116851168464,1.161737309171632,1.3496335755213438,1.161737309171632
2014-11-24,16.46,2.800933195248924,0.0607902735562326,0.0607718037542871,0.0036932121315495,0.0607718037542871
2014-11-25,16.66,2.8130106367386967,1.2150668286755817,1.2077441489772922,1.4586459293888838,1.2077441489772922
2014-11-26,16.5,2.803360380906535,-0.9603841536614643,-0.9650255832161704,0.9312743762617098,0.9650255832161704
2014-11-27,16.215,2.7859367397592814,-1.7272727272727328,-1.7423641147253692,3.03583270828272,1.7423641147253692
2014-11-28,15.53,2.7427736371605955,-4.224483502929388,-4.316310259868561,18.630534259446605,4.316310259868561
2014-12-01,16.42,2.7985001040242823,5.730843528654228,5.572646686368656,31.05439109109556,5.572646686368656
2014-12-02,16.428,2.798987196094312,0.0487210718635777,0.0487092070029951,0.0023725868468606,0.0487092070029951
2014-12-03,16.395,2.796976410296612,-0.2008765522279132,-0.2010785797700669,0.0404325952423471,0.2010785797700669
2014-12-04,16.435,2.799413207116183,0.2439768222018745,0.2436796819570992,0.059379787398713,0.2436796819570992
2014-12-05,16.27,2.7893229212309465,-1.003954974140553,-1.0090285885236292,1.0181386924579874,1.0090285885236292
2014-12-08,16.338,2.793493682919677,0.4179471419791136,0.4170761688731226,0.1739525306418815,0.4170761688731226
2014-12-09,17.045,2.8358569055898664,4.327335047129388,4.236322267018884,17.946426350040014,4.236322267018884
2014-12-10,17.04,2.8355635214011694,-0.0293341155764292,-0.0293384188696884,0.0008607428217732,0.0293384188696884
2014-12-11,17.05,2.8361502037295256,0.0586854460093988,0.0586682328356215,0.0034419615440547,0.0586682328356215
2014-12-12,16.99,2.8326249356838407,-0.3519061583577842,-0.3525268045685271,0.1242751479392965,0.3525268045685271
2014-12-15,16.16,2.782539053092949,-4.885226603884629,-5.008588259089124,25.08595634908542,5.008588259089124
2014-12-16,15.74,2.756205242989257,-2.5990099009901013,-2.633381010369217,6.9346955457732005,2.633381010369217
2014-12-17,15.733,2.755760417258286,-0.0444726810673423,-0.0444825730970915,0.001978699309338,0.0444825730970915
2014-12-18,15.84,2.76253838638628,0.6800991546431101,0.6777969127993596,0.4594086550003426,0.6777969127993596
2014-12-19,16.02,2.773837941640213,1.1363636363636245,1.1299555253933249,1.2767994893669043,1.1299555253933249
2014-12-22,15.66,2.751109690562657,-2.247191011235949,-2.2728251077556063,5.165733970444284,2.2728251077556063
2014-12-23,15.747,2.7566498709382725,0.5555555555555536,0.5540180375615351,0.3069359859435345,0.5540180375615351
2014-12-24,15.75,2.7568403652716422,0.0190512478567272,0.0190494333369582,0.0003628809104592,0.0190494333369582
2014-12-26,16.026,2.774212403355879,1.7523809523809497,1.737203808423672,3.0178770720017103,1.737203808423672
2014-12-29,15.79,2.7593768282675506,-1.4726070136029,-1.4835575088328143,2.200942882014226,1.4835575088328143
2014-12-30,16.287,2.790367243591424,3.147561747941729,3.0990415323872944,9.60405841946139,3.0990415323872944
2014-12-31,15.67,2.751748056367929,-3.788297415116349,-3.861918722349425,14.914416218033011,3.861918722349425
2015-01-02,15.778,2.7586165646728977,0.6892150606254033,0.6868508304968448,0.4717640633542054,0.6868508304968448
2015-01-05,16.182,2.783899513385648,2.5605273165166587,2.528294871274995,6.392274956115444,2.528294871274995
2015-01-06,16.525,2.80487438573775,2.1196391051785834,2.097487235210197,4.399452701869717,2.097487235210197
2015-01-07,16.52,2.804571768092832,-0.0302571860816835,-0.0302617644917868,0.0009157743901563,0.0302617644917868
2015-01-08,16.355,2.7945336609903477,-0.9987893462469644,-1.0038107102484684,1.0076359420095344,1.0038107102484684
2015-01-09,16.453,2.800507831404513,0.599205136044012,0.5974170414165686,0.356907121374926,0.5974170414165686
2015-01-12,16.565,2.807292035751859,0.6807269191029031,0.6784204347346193,0.4602542862655099,0.6784204347346193
2015-01-13,17.036,2.835328752060968,2.843344400845149,2.803671630910781,7.8605746139739185,2.803671630910781
2015-01-14,16.805,2.821676461177069,-1.3559521014322673,-1.3652290883898133,1.8638504637856803,1.3652290883898133
2015-01-15,16.925,2.8287918187983387,0.7140731925022292,0.7115357621269683,0.5062831407856057,0.7115357621269683
2015-01-16,17.68,2.8724340572094973,4.460856720827167,4.364223841115857,19.04644973536405,4.364223841115857
2015-01-19,17.66,2.8713021951758138,-0.1131221719457009,-0.1131862033683417,0.0128111166329396,0.1131862033683417
2015-01-20,17.965,2.8884254205654822,1.7270668176670334,1.712322538966799,2.932048477453705,1.712322538966799
2015-01-21,18.095,2.895635657015706,0.7236292791539034,0.7210236450223636,0.5198750966813354,0.7210236450223636
2015-01-22,18.29,2.906354462402774,1.0776457584968258,1.0718805387068604,1.1489278892585093,1.0718805387068604
2015-01-23,18.29,2.906354462402774,0.0,0.0,0.0,0.0
2015-01-26,17.89,2.884241897520628,-2.186987424822296,-2.2112564882146417,4.88965525667135,2.2112564882146417
2015-01-27,18.03,2.8920370372152258,0.7825600894354467,0.779513969459819,0.6076420285830036,0.779513969459819
2015-01-28,17.955,2.887868627678046,-0.4159733777038377,-0.4168409537179849,0.1737563806965192,0.4168409537179849
2015-01-29,16.915,2.828200802232672,-5.792258423837371,-5.966782544537437,35.60249393379665,5.966782544537437
2015-01-30,17.23,2.8466520505398383,1.8622524386639137,1.8451248307166517,3.404485640927152,1.8451248307166517
2015-02-02,17.2,2.8449093838194077,-0.1741149158444588,-0.174266672043091,0.0303688729849742,0.174266672043091
2015-02-03,17.278,2.8494340159366924,0.4534883720930249,0.4524632117285084,0.204722957967677,0.4524632117285084
2015-02-04,17.35,2.8535925063928684,0.4167148975576129,0.4158490456176025,0.1729304287410708,0.4158490456176025
2015-02-05,17.225,2.8463618168997225,-0.7204610951008661,-0.7230689493145948,0.522828705462912,0.7230689493145948
2015-02-06,16.725,2.816904606014292,-2.902757619738749,-2.9457210885430096,8.677272731487014,2.9457210885430096
2015-02-09,16.977,2.8318594868284963,1.506726457399088,1.4954880814204174,2.2364846016705213,1.4954880814204174
2015-02-10,16.89,2.826721730819709,-0.5124580314543214,-0.5137756008787775,0.2639653680583488,0.5137756008787775
2015-02-11,16.79,2.8207834710894493,-0.5920663114268865,-0.5938259730259321,0.352629286240195,0.5938259730259321
2015-02-12,16.83,2.8231630082027146,0.2382370458606342,0.2379537113265216,0.0566219687340655,0.2379537113265216
2015-02-13,17.26,2.848391685655282,2.5549613784908054,2.52286774525674,6.3648616600568255,2.52286774525674
2015-02-16,17.275,2.849260369653733,0.0869061413673044,0.0868683998451518,0.0075461188916571,0.0868683998451518
2015-02-17,16.49,2.802754136571508,-4.544138929088282,-4.6506233082226105,21.628297154983414,4.6506233082226105
2015-02-18,16.475,2.801844080388571,-0.0909642207398198,-0.0910056182936392,0.0082820225610075,0.0910056182936392
2015-02-19,16.355,2.7945336609903477,-0.7283763277693533,-0.7310419398223742,0.5344223177792597,0.7310419398223742
2015-02-20,16.21,2.785628335747585,-0.8865790278202335,-0.8905325242762447,0.7930481767938204,0.8905325242762447
2015-02-23,16.295,2.790858312289525,0.5243676742751502,0.5229976541940243,0.2735265462924522,0.5229976541940243
2015-02-24,16.275,2.789630188094633,-0.1227370359005997,-0.1228124194892092,0.0150828903807935,0.1228124194892092
2015-02-25,16.53,2.805176911832933,1.5668202764977046,1.5546723738299957,2.417006189950194,1.5546723738299957
2015-02-26,16.531,2.805237406070875,0.0060496067755488,0.0060494237942179,3.659552824205e-05,0.0060494237942179
2015-02-27,16.55,2.806386101823072,0.1149355755852843,0.1148695752197013,0.0131950193111546,0.1148695752197013
2015-03-02,16.36,2.794839331174601,-1.148036253776441,-1.1546770648470972,1.3332791240839077,1.1546770648470972
2015-03-03,16.26,2.7887081041196646,-0.6112469437652646,-0.6131227054936297,0.3759194519918281,0.6131227054936297
2015-03-04,16.217,2.7860600747372373,-0.2644526445264583,-0.2648029382427325,0.0701205961019844,0.2648029382427325
2015-03-05,16.18,2.7837759116303458,-0.2281556391441008,-0.2284163106891635,0.0521740109888484,0.2284163106891635
2015-03-06,15.85,2.763169500323289,-2.0395550061804717,-2.0606411307056023,4.246241869555663,2.0606411307056023
2015-03-09,15.73,2.7555697170701863,-0.7570977917981003,-0.7599783253103095,0.5775670549414627,0.7599783253103095
2015-03-10,15.62,2.74855214441154,-0.6993006993007089,-0.7017572658646647,0.4924632601938497,0.7017572658646647
2015-03-11,15.495,2.7405173912397114,-0.8002560819462268,-0.8034753171828387,0.6455725853220633,0.8034753171828387
2015-03-12,15.57,2.745345985845907,0.4840271055179146,0.4828594606195457,0.2331532587097986,0.4828594606195457
2015-03-13,15.61,2.7479117345273405,0.2569043031470652,0.2565748681433609,0.065830662962783,0.2565748681433609
2015-03-16,15.62,2.74855214441154,0.0640614990390808,0.0640409884199244,0.0041012481978008,0.0640409884199244
2015-03-17,15.55,2.744060638625243,-0.4481434058898781,-0.4491505786296699,0.2017362422833673,0.4491505786296699
2015-03-18,15.9,2.766319109226186,2.2508038585209,2.22584706009427,4.954395134930304,2.22584706009427
2015-03-19,16.144,2.781548463611253,1.534591194968549,1.5229354385067253,2.319332349859672,1.5229354385067253
2015-03-20,16.74,2.817801065061329,3.6917740336967375,3.625260145007619,13.142511118980664,3.625260145007619
2015-03-23,17.01,2.8338014064077703,1.6129032258064724,1.6000341346441338,2.5601092320264023,1.6000341346441338
2015-03-24,16.98,2.8320361808832013,-0.1763668430335152,-0.1765225524569192,0.0311602115259057,0.1765225524569192
2015-03-25,16.98,2.8320361808832013,0.0,0.0,0.0,0.0
2015-03-26,17.094,2.838727524743826,0.6713780918727874,0.6691343860624944,0.4477408266112313,0.6691343860624944
2015-03-27,16.95,2.830267833826459,-0.8424008424008589,-0.8459690917367141,0.715663704173841,0.8459690917367141
2015-03-30,16.705,2.81570807580872,-1.4454277286135797,-1.4559758017739517,2.119865535351301,1.4559758017739517
2015-03-31,16.655,2.812710471645643,-0.2993115833582638,-0.2997604163076759,0.0898563071849512,0.2997604163076759
2015-04-01,16.96,2.830857630363757,1.8312818973281295,1.814715871811404,3.2931936954042227,1.814715871811404
2015-04-02,16.78,2.8201877010390604,-1.0613207547169767,-1.0669929324696852,1.138473917940258,1.0669929324696852
2015-04-06,16.995,2.83291918314808,1.2812872467222958,1.2731482109019283,1.620906366922781,1.2731482109019283
2015-04-07,16.85,2.8243506567983707,-0.8531921153280386,-0.8568526349708607,0.7341964380565071,0.8568526349708607
2015-04-08,16.545,2.806083941373576,-1.8100890207715103,-1.8266715424795212,3.336728924104514,1.8266715424795212
2015-04-09,16.18,2.7837759116303458,-2.2061045633121945,-2.230802974323001,4.976481910248348,2.230802974323001
2015-04-10,16.5,2.803360380906535,1.977750309023496,1.9584469276189396,3.835514368300063,1.9584469276189396
2015-04-13,16.277,2.789753068409361,-1.351515151515148,-1.3607312497173725,1.8515895339574024,1.3607312497173725
2015-04-14,16.145,2.7816104042102383,-0.810960250660453,-0.8142664199122747,0.6630298025967528,0.8142664199122747
2015-04-15,16.34,2.7936160894318567,1.2078042737689645,1.2005685221618243,1.4413647764058268,1.2005685221618243
2015-04-16,16.306,2.791533138240719,-0.2080783353733073,-0.2082951191137673,0.0433868566466185,0.2082951191137673
2015-04-17,16.27,2.7893229212309465,-0.2207776278670525,-0.2210217009772721,0.0488505923028867,0.2210217009772721
2015-04-20,15.975,2.7710250002635983,-1.8131530424093436,-1.829792096734794,3.3481391172731136,1.829792096734794
2015-04-21,16.025,2.7741500028067336,0.3129890453833939,0.3125002543135059,0.0976564089460058,0.3125002543135059
2015-04-22,15.81,2.7606426512213806,-1.341653666146636,-1.350735158535299,1.8244854685033784,1.350735158535299
2015-04-23,15.89,2.7656899805486246,0.5060088551549713,0.5047329327244023,0.2547553333765761,0.5047329327244023
2015-04-24,15.74,2.756205242989257,-0.9439899307740696,-0.9484737559367422,0.8996024657007509,0.9484737559367422
2015-04-27,16.41,2.797890905102,4.256670902160109,4.168566211274243,17.376944257777296,4.168566211274243
2015-04-28,16.64,2.8118094353930627,1.4015843997562394,1.3918530291062938,1.9372548546323656,1.3918530291062938
2015-04-29,16.57,2.807593831438472,-0.4206730769230837,-0.4215603954591059,0.1777131670196377,0.4215603954591059
2015-04-30,16.15,2.7819200496686656,-2.5347012673506475,-2.567378176980614,6.5914307036363,2.567378176980614
2015-05-01,16.16,2.782539053092949,0.0619195046439813,0.0619003424283958,0.0038316523927526,0.0619003424283958
2015-05-04,16.42,2.7985001040242823,1.6089108910891214,1.5961050931332967,2.54755146832605,1.5961050931332967
2015-05-05,16.57,2.807593831438472,0.9135200974421442,0.9093727414189384,0.8269587828357956,0.9093727414189384
2015-05-06,16.54,2.805781689595545,-0.1810500905250478,-0.1812141842926314,0.0328385805888437,0.1812141842926314
2015-05-07,16.337,2.7934324740443714,-1.2273276904473995,-1.234921555117373,1.5250312472935106,1.234921555117373
2015-05-08,16.486,2.802511535891036,0.9120401542510814,0.9079061846664204,0.8242936401555364,0.9079061846664204
2015-05-11,16.34,2.7936160894318567,-0.8855999029479644,-0.8895446459179036,0.7912896770812085,0.8895446459179036
2015-05-12,16.546,2.806144380767991,1.260709914320679,1.2528291336134263,1.5695808380305682,1.2528291336134263
2015-05-13,17.12,2.840247370713596,3.469116402755956,3.410298994560492,11.630139232300303,3.410298994560492
2015-05-14,17.47,2.860485124145965,2.04439252336448,2.0237753432369097,4.095666639893672,2.0237753432369097
2015-05-15,17.54,2.864483986944037,0.400686891814539,0.3998862798071783,0.1599090367780248,0.3998862798071783
2015-05-18,17.71,2.8741294517947424,0.9692132269099264,0.9645464850705252,0.9303499218619048,0.9645464850705252
2015-05-19,17.105,2.839370818429568,-3.4161490683229823,-3.475863336517418,12.081625934145997,3.475863336517418
2015-05-20,17.13,2.8408313123360287,0.1461560947091378,0.1460493906460424,0.0213304245080802,0.1460493906460424
2015-05-21,17.158,2.8424645371507737,0.1634559252773115,0.1633224814745151,0.0266742329549933,0.1633224814745151
2015-05-22,17.09,2.8384934971274998,-0.3963165870148111,-0.3971040023274043,0.1576915886644431,0.3971040023274043
2015-05-25,17.15,2.8419981736119486,0.3510825043885335,0.3504676484449422,0.1228275726065276,0.3504676484449422
2015-05-26,16.765,2.819293379918192,-2.244897959183667,-2.2704793693756997,5.155076566760673,2.2704793693756997
2015-05-27,16.695,2.815109273395618,-0.4175365344467607,-0.4184106522573985,0.1750674739224616,0.4184106522573985
2015-05-28,16.7,2.815408719422709,0.0299490865528495,0.0299446027091472,0.0008966792314086,0.0299446027091472
2015-05-29,16.73,2.8172035149987327,0.1796407185628901,0.1794795576023339,0.0322129115971294,0.1794795576023339
2015-06-01,16.763,2.819174076649141,0.197250448296482,0.1970561650408271,0.0388311321805976,0.1970561650408271
2015-06-02,16.777,2.820008900788264,0.0835172701783681,0.0834824139122624,0.0069693134326183,0.0834824139122624
2015-06-03,16.525,2.80487438573775,-1.50205638671993,-1.5134515050513595,2.290535458142226,1.5134515050513595
2015-06-04,16.13,2.7806808921371173,-2.390317700453859,-2.4193493600632503,5.853251326038459,2.4193493600632503
2015-06-05,16.1,2.778819271990417,-0.1859888406695486,-0.1861620146700069,0.0346562957059959,0.1861620146700069
2015-06-08,15.98,2.7713379403381286,-0.7453416149068359,-0.7481331652288741,0.5597032329153738,0.7481331652288741
2015-06-09,15.97,2.770711962226921,-0.0625782227784754,-0.0625978111207566,0.0039184859571099,0.0625978111207566
2015-06-10,16.052,2.77583345240467,0.5134627426424565,0.5121490177749245,0.2622966164078199,0.5121490177749245
2015-06-11,16.064,2.7765807435093186,0.0747570396212315,0.0747291104648404,0.0055844399508663,0.0747291104648404
2015-06-12,15.97,2.770711962226921,-0.585159362549792,-0.5868781282397536,0.3444259374061967,0.5868781282397536
2015-06-15,16.091,2.778260109477013,0.757670632435814,0.7548147250092031,0.5697452690907189,0.7548147250092031
2015-06-16,16.03,2.7744619666214616,-0.3790939034242768,-0.3798142855551567,0.1442588915117741,0.3798142855551567
2015-06-17,16.14,2.7813006628418027,0.6862133499688117,0.6838696220341185,0.467677659941088,0.6838696220341185
2015-06-18,16.17,2.783157673589016,0.1858736059479726,0.185701074721291,0.0344848891526425,0.185701074721291
2015-06-19,16.13,2.7806808921371173,-0.2473716759431199,-0.2476781451898138,0.0613444636046665,0.2476781451898138
2015-06-22,16.19,2.784393767689544,0.3719776813391418,0.3712875552426489,0.137854448678063,0.3712875552426489
2015-06-23,15.86,2.7638002162067017,-2.0382952439777724,-2.059355148284192,4.240943626764607,2.059355148284192
2015-06-24,15.9,2.766319109226186,0.2522068095838659,0.2518893019483986,0.0634482204360515,0.2518893019483986
2015-06-25,15.866,2.764178454879811,-0.213836477987428,-0.2140654346374718,0.0458240103065297,0.2140654346374718
2015-06-26,15.81,2.7606426512213806,-0.3529560065548942,-0.3535803658430509,0.1250190751097057,0.3535803658430509
2015-06-29,15.768,2.757982569850419,-0.2656546489563594,-0.2660081370961596,0.0707603290013692,0.2660081370961596
2015-06-30,15.7295,2.7555379301695657,-0.244165398274998,-0.2444639680853662,0.0597626316920429,0.2444639680853662
2015-07-01,15.585,2.7463089132193006,-0.9186560284815126,-0.9229016950265088,0.8517475386828027,0.9229016950265088
2015-07-02,15.7,2.7536607123542622,0.7378889958293167,0.7351799134961903,0.5404895052082658,0.7351799134961903
2015-07-03,15.706,2.754042804952683,0.0382165605095519,0.0382092598420494,0.0014599475376772,0.0382092598420494
2015-07-06,15.76,2.757475084429733,0.3438176493059997,0.3432279477050196,0.1178054240857996,0.3432279477050196
2015-07-07,15.08,2.71336936257981,-4.314720812182737,-4.410572184992302,19.45314699902777,4.410572184992302
2015-07-08,15.14,2.717340248009303,0.3978779840848823,0.397088542949272,0.1576793109415758,0.397088542949272
2015-07-09,15.42,2.7356653681351832,1.8494055482166427,1.8325120125880696,3.3581002762795773,1.8325120125880696
2015-07-10,15.58,2.7459880404426023,1.037613488975353,1.032267230741874,1.0655756356634971,1.032267230741874
2015-07-13,15.52,2.7421295147550726,-0.3851091142490381,-0.3858525687529522,0.1488822048132517,0.3858525687529522
2015-07-14,15.382,2.733197994634862,-0.8891752577319556,-0.8931520120210593,0.7977205165772665,0.8931520120210593
2015-07-15,15.11,2.715356776284648,-1.76830061110389,-1.7841218350213892,3.183090722200089,1.7841218350213892
2015-07-16,15.017,2.709182892698144,-0.6154864328259402,-0.6173883586504503,0.381168385397097,0.6173883586504503
2015-07-17,14.9,2.7013612129514133,-0.7791170007324988,-0.7821679746730169,0.6117867406040892,0.7821679746730169
2015-07-20,14.69,2.6871669901857858,-1.4093959731543704,-1.41942227656276,2.014759599202608,1.41942227656276
2015-07-21,14.848,2.697865176043845,1.0755616065350582,1.0698185858058826,1.1445118065356987,1.0698185858058826
2015-07-22,14.82,2.695977619867941,-0.188577586206895,-0.1887556175903915,0.0356286831719301,0.1887556175903915
2015-07-23,14.68,2.6864860231863696,-0.9446693657220062,-0.9491596681571396,0.9009040756561714,0.9491596681571396
2015-07-24,14.68,2.6864860231863696,0.0,0.0,0.0,0.0
2015-07-27,14.56,2.67827804276854,-0.8174386920980825,-0.8207980417829509,0.6737094253947268,0.8207980417829509
2015-07-28,14.686,2.6868946590294187,0.8653846153846123,0.8616616260878797,0.742460757872409,0.8616616260878797
2015-07-29,14.82,2.695977619867941,0.912433610241048,0.9082960838522112,0.825001775941263,0.9082960838522112
2015-07-30,14.758,2.6917853086361747,-0.4183535762483203,-0.4192311231766,0.1757547346399136,0.4192311231766
2015-07-31,14.74,2.6905648867611904,-0.1219677463070834,-0.1220421874984313,0.0148942955294022,0.1220421874984313
2015-08-03,14.526,2.6759401471839763,-1.4518317503392164,-1.4624739577214143,2.138830077013337,1.4624739577214143
2015-08-04,14.6,2.681021528714291,0.5094313644499415,0.5081381530314215,0.2582043825661843,0.5081381530314215
2015-08-05,14.603,2.6812269870583343,0.0205479452054735,0.0205458344043585,0.0004221313113713,0.0205458344043585
2015-08-06,14.657,2.6849180370451635,0.3697870300623185,0.3691049986829219,0.1362385000527197,0.3691049986829219
2015-08-07,14.78,2.6932749155200555,0.8391894657842514,0.8356878474891968,0.698374178441127,0.8356878474891968
2015-08-10,15.24,2.7239235502585,3.11231393775373,3.0648634738444582,9.39338811330592,3.0648634738444582
2015-08-11,15.365,2.732092195582448,0.820209973753272,0.8168645323947674,0.667267664284522,0.8168645323947674
2015-08-12,15.54,2.7434173449395014,1.1389521640090994,1.1325149357053284,1.282590079595644,1.1325149357053284
2015-08-13,15.43,2.7363136663750693,-0.707850707850699,-0.7103678564431822,0.5046224914676816,0.7103678564431822
2015-08-14,15.24,2.7239235502585,-1.2313674659753748,-1.239011611656928,1.5351497738206978,1.239011611656928
2015-08-17,15.33,2.7298116928837226,0.5905511811023612,0.5888142625222531,0.3467022357496248,0.5888142625222531
2015-08-18,14.89,2.700689846695917,-2.8701891715590344,-2.912184618780514,8.480819253861807,2.912184618780514
2015-08-19,15.32,2.729159164312445,2.887844190732025,2.846931761652753,8.105020455507248,2.846931761652753
2015-08-20,15.57,2.745345985845907,1.6318537859007831,1.618682153346172,2.6201319135614,1.618682153346172
2015-08-21,15.29,2.727199019940971,-1.7983301220295569,-1.814696590493616,3.293123715549154,1.814696590493616
2015-08-24,14.81,2.6953026282797072,-3.139306736429026,-3.1896391661263386,10.173798010087124,3.1896391661263386
2015-08-25,14.71,2.688527534613346,-0.6752194463200523,-0.6775093666361247,0.4590189418796828,0.6775093666361247
2015-08-26,14.135,2.6486539911455536,-3.9089055064581935,-3.9873543467792505,15.898994686779384,3.9873543467792505
2015-08-27,14.51,2.6748380668960965,2.652989034311992,2.618407575054282,6.856058229101645,2.618407575054282
2015-08-28,14.591,2.6804049002818853,0.5582356995175619,0.5566833385788758,0.3098963394513232,0.5566833385788758
2015-08-31,14.63,2.683074215032033,0.267288054280046,0.2669314750147686,0.07125241235356,0.2669314750147686
2015-09-01,14.61,2.681706225762608,-0.1367053998633016,-0.1367989269424897,0.0187139464126166,0.1367989269424897
2015-09-02,14.678,2.686349774122871,0.465434633812456,0.464354836026293,0.2156254137410055,0.464354836026293
2015-09-03,14.72,2.6892071133007303,0.2861425262297379,0.2857339177859185,0.08164387177329,0.2857339177859185
2015-09-04,14.59,2.6803363625346943,-0.8831521739130488,-0.8870750766035955,0.7869021915312748,0.8870750766035955
2015-09-07,14.495,2.673803762373619,-0.6511309115832753,-0.6532600161075451,0.4267486486448301,0.6532600161075451
2015-09-08,14.795,2.694289285852173,2.0696791997240505,2.048552347855423,4.196566721903967,2.048552347855423
2015-09-09,14.61,2.681706225762608,-1.250422440013521,-1.2583060089564888,1.583334012176007,1.2583060089564888
2015-09-10,14.71,2.688527534613346,0.6844626967830392,0.6821308850738174,0.4653025443715894,0.6821308850738174
2015-09-11,14.63,2.683074215032033,-0.5438477226376581,-0.5453319581313175,0.297386944559337,0.5453319581313175
2015-09-14,14.43,2.6693093727857797,-1.36705399863295,-1.3764842246253477,1.8947088206424447,1.3764842246253477
2015-09-15,14.42,2.668616131856803,-0.0693000693000711,-0.0693240928976505,0.004805829856082,0.0693240928976505
2015-09-16,14.93,2.703372611551099,3.5367545076282925,3.4756479694295983,12.08012880740009,3.4756479694295983
2015-09-17,15.14,2.717340248009303,1.406563965170804,1.396763645820377,1.9509486822854316,1.396763645820377
2015-09-18,15.17,2.719319793360441,0.1981505944517847,0.1979545351138176,0.0391859979721276,0.1979545351138176
2015-09-21,15.2,2.7212954278522306,0.1977587343440889,0.1975634491789711,0.0390313164514919,0.1975634491789711
2015-09-22,14.77,2.6925980965432883,-2.828947368421053,-2.8697331308942275,8.235368242551985,2.8697331308942275
2015-09-23,14.79,2.6939512767227085,0.1354096140826044,0.1353180179420043,0.0183109659797526,0.1353180179420043
2015-09-24,15.15,2.7180005319553784,2.4340770791075217,2.4049255232669884,5.783666772460998,2.4049255232669884
2015-09-25,15.09,2.714032272779757,-0.3960396039603964,-0.3968259175620622,0.1574708088489725,0.3968259175620622
2015-09-28,14.6,2.681021528714291,-3.2471835652750136,-3.3010744065466744,10.897092237557478,3.3010744065466744
2015-09-29,14.64,2.6837575085331657,0.273972602739736,0.2735979818874845,0.0748558556929043,0.2735979818874845
2015-09-30,14.54,2.6769034721053733,-0.6830601092896238,-0.6854036427792256,0.4697781535350323,0.6854036427792256
2015-10-01,14.49,2.673458756332591,-0.3438789546079679,-0.3444715772782195,0.1186606675525443,0.3444715772782195
2015-10-02,15.25,2.724579503053421,5.244996549344383,5.112074672082969,26.13330745295219,5.112074672082969
2015-10-05,15.66,2.751109690562657,2.688524590163932,2.653018750923639,7.038508492752427,2.653018750923639
2015-10-06,15.898,2.766193315150921,1.5197956577266858,1.508362458826379,2.27515730719676,1.508362458826379
2015-10-07,16.06,2.776331708518616,1.0189961001383807,1.0138393367694705,1.0278702007811598,1.0138393367694705
2015-10-08,15.7,2.7536607123542622,-2.241594022415938,-2.267099616435322,5.139740670841183,2.267099616435322
2015-10-09,15.83,2.761906873892921,0.8280254777070173,0.8246161538658515,0.6799918012165097,0.8246161538658515
2015-10-12,15.83,2.761906873892921,0.0,0.0,0.0,0.0
2015-10-13,15.92,2.767576180416237,0.5685407454200986,0.5669306523316276,0.3214103645531648,0.5669306523316276
2015-10-14,16.15,2.7819200496686656,1.4447236180904488,1.4343869252428558,2.0574658513076542,1.4343869252428558
2015-10-15,16.11,2.779440197188883,-0.2476780185758476,-0.2479852479782497,0.061496683214834,0.2479852479782497
2015-10-16,16.03,2.7744619666214616,-0.496585971446295,-0.4978230567421309,0.2478277958240788,0.4978230567421309
2015-10-19,15.85,2.763169500323289,-1.1228945726762365,-1.1292466298172008,1.275197950953506,1.1292466298172008
2015-10-20,15.913,2.767136385228047,0.3974763406940029,0.3966884904757171,0.157361758475903,0.3966884904757171
2015-10-21,15.71,2.75429745226753,-1.2756865455916475,-1.2838932960516964,1.6483819956464891,1.2838932960516964
2015-10-22,15.85,2.763169500323289,0.8911521323997418,0.8872048055759797,0.787132367037112,0.8872048055759797
2015-10-23,15.86,2.7638002162067017,0.0630914826498463,0.0630715883412346,0.0039780252558861,0.0630715883412346
2015-10-26,15.86,2.7638002162067017,0.0,0.0,0.0,0.0
2015-10-27,15.87,2.7644305345383176,0.0630517023959553,0.0630318331615685,0.0039730119917078,0.0630318331615685
2015-10-28,15.97,2.770711962226921,0.6301197227473354,0.6281427688603495,0.3945633380715464,0.6281427688603495
2015-10-29,15.644,2.750087456893268,-2.0413274890419557,-2.06245053336534,4.253702202578974,2.06245053336534
2015-10-30,15.56,2.7447035187502458,-0.5369470723600056,-0.5383938143022097,0.2898678992788822,0.5383938143022097
2015-11-02,15.42,2.7356653681351832,-0.899742930591263,-0.9038150615062148,0.8168816654054827,0.9038150615062148
2015-11-03,15.28,2.7265447837383743,-0.907911802853445,-0.9120584396809078,0.8318505973931721,0.9120584396809078
2015-11-04,15.11,2.715356776284648,-1.1125654450261813,-1.1188007453726263,1.2517151078463449,1.1188007453726263
2015-11-05,14.99,2.7073833121145063,-0.794176042356054,-0.797346417014185,0.6357613087253585,0.797346417014185
2015-11-06,14.76,2.6919208191723265,-1.534356237491663,-1.546249294217992,2.390886879869638,1.546249294217992
2015-11-09,14.56,2.67827804276854,-1.3550135501354976,-1.364277640378649,1.8612534800371343,1.364277640378649
2015-11-10,14.43,2.6693093727857797,-0.8928571428571508,-0.8968669982760488,0.8043704125966901,0.8968669982760488
2015-11-11,14.325,2.662006262600803,-0.7276507276507305,-0.7303110184976271,0.5333541837390415,0.7303110184976271
2015-11-12,14.31,2.66095859356836,-0.1047120418848135,-0.1047669032443688,0.0109761040154149,0.1047669032443688
2015-11-13,14.236,2.655773967647946,-0.5171208944793837,-0.5184625920413285,0.268803459346213,0.5184625920413285
2015-11-16,14.25,2.6567569067146595,0.0983422309637438,0.098293906671319,0.0096616920887099,0.098293906671319
2015-11-17,14.22,2.6546494243750947,-0.2105263157894721,-0.2107482339564698,0.0444148181157709,0.2107482339564698
2015-11-18,14.188,2.652396536911376,-0.2250351617440249,-0.2252887463719445,0.0507550192418423,0.2252887463719445
2015-11-19,14.28,2.658859956911438,0.6484352974344354,0.6463420000062768,0.417757980972114,0.6463420000062768
2015-11-20,14.16,2.6504210882655737,-0.8403361344537785,-0.8438868645864595,0.7121450402215653,0.8438868645864595
2015-11-23,14.14,2.6490076604684267,-0.1412429378531032,-0.1413427797146964,0.0199777813774771,0.1413427797146964
2015-11-24,14.201,2.653312384662876,0.4314002828854413,0.4304724194449392,0.1853065039027797,0.4304724194449392
2015-11-25,14.2,2.653241964607215,-0.0070417576227166,-0.0070420055661085,4.958984239310319e-05,0.0070420055661085
2015-11-26,14.28,2.658859956911438,0.5633802816901401,0.5617992304223274,0.3156183753031193,0.5617992304223274
2015-11-27,14.1,2.6461747973841225,-1.2605042016806678,-1.2685159527315688,1.6091327223344798,1.2685159527315688
2015-11-30,14.0815,2.644861879146452,-0.1312056737588607,-0.1312918237670374,0.0172375429880748,0.1312918237670374
2015-12-01,14.1975,2.6530658927694506,0.8237758761495462,0.8204013622998262,0.6730583952634107,0.8204013622998262
2015-12-02,14.02,2.640484881606444,-1.2502201091741494,-1.258101116300651,1.5828184188369443,1.258101116300651
2015-12-03,14.11,2.646883765864722,0.6419400855920188,0.6398884258278676,0.4094571975084665,0.6398884258278676
2015-12-04,14.55,2.677590993617501,3.118355776045356,3.0707227752778867,9.429338362610329,3.0707227752778867
2015-12-07,14.28,2.658859956911438,-1.855670103092788,-1.873103670606324,3.5085173608388835,1.873103670606324
2015-12-08,14.18,2.651832521103981,-0.7002801120448154,-0.7027435807456862,0.4938485402792688,0.7027435807456862
2015-12-09,14.17,2.6511270537025893,-0.0705218617771508,-0.0705467401392371,0.004976842544273,0.0705467401392371
2015-12-10,14.13,2.6483001966964363,-0.2822865208186198,-0.2826857006152884,0.0799112053323565,0.2826857006152884
2015-12-11,13.9495,2.6354436653311173,-1.2774239207360203,-1.285653136531859,1.652903987474207,1.285653136531859
2015-12-14,13.68,2.615934912194404,-1.9319688877737609,-1.950875313671311,3.805914489492136,1.950875313671311
2015-12-15,13.77,2.6224923127405635,0.6578947368421018,0.655740054615904,0.4299950192276687,0.655740054615904
2015-12-16,14.17,2.6511270537025893,2.904865649963684,2.863474096202554,8.199483899623033,2.863474096202554
2015-12-17,13.73,2.61958321977988,-3.10515172900494,-3.154383392270939,9.950134585434716,3.154383392270939
2015-12-18,14.1,2.6461747973841225,2.694828841951935,2.6591577604242964,7.07111999482476,2.6591577604242964
2015-12-21,14.25,2.6567569067146595,1.0638297872340496,1.0582109330537008,1.119810378834384,1.0582109330537008
2015-12-22,14.2575,2.657283084048557,0.0526315789473708,0.0526177333897357,0.0027686258670733,0.0526177333897357
2015-12-23,14.32,2.6616571615325,0.4383657724004841,0.4374077483942623,0.1913255383553382,0.4374077483942623
2015-12-24,14.3805,2.665873122203024,0.4224860335195535,0.4215960670524363,0.1777432437540823,0.4215960670524363
2015-12-28,13.94,2.6347624053323777,-3.063175828378706,-3.111071687064608,9.678767042055023,3.111071687064608
2015-12-29,13.9625,2.6363751643953197,0.1614060258249727,0.1612759062941357,0.0260099179509948,0.1612759062941357
2015-12-30,13.89,2.6311691567662523,-0.5192479856759191,-0.5206007629066713,0.2710251543390082,0.5206007629066713
2015-12-31,13.8425,2.627743569714985,-0.3419726421886371,-0.3425587051267328,0.1173464664581038,0.3425587051267328
2016-01-04,13.87,2.6297282343267403,0.1986635362109412,0.1984664611754996,0.0393889362115261,0.1984664611754996
2016-01-05,13.99,2.63834278867739,0.8651766402307137,0.8614554350649586,0.7421054666029571,0.8614554350649586
2016-01-06,14.01,2.639771360348916,0.142959256611852,0.1428571671525692,0.0204081702068571,0.1428571671525692
2016-01-07,14.31,2.66095859356836,2.1413276231263545,2.1187233219444064,4.48898851495114,2.1187233219444064
2016-01-08,13.96,2.6361960973342264,-2.4458420684835724,-2.476249623413307,6.131812197454544,2.476249623413307
2016-01-11,13.86,2.6290069937617573,-0.7163323782235054,-0.7189103572469338,0.516832101756914,0.7189103572469338
2016-01-12,13.78,2.6232182655855123,-0.5772005772005762,-0.5788728176244652,0.3350937389844873,0.5788728176244652
2016-01-13,14.165,2.65077413328248,2.7939042089985437,2.7555867696967318,7.593258445327667,2.7555867696967318
2016-01-14,13.84,2.627562950189524,-2.294387575008816,-2.321118309295628,5.387590205747395,2.321118309295628
2016-01-15,13.89,2.6311691567662523,0.3612716763005785,0.3606206576728895,0.1300472587404273,0.3606206576728895
2016-01-18,13.945,2.635121021079452,0.3959683225341903,0.3951864313199809,0.156172315499422,0.3951864313199809
2016-01-19,14.03,2.6411978941143697,0.6095374686267307,0.6076873034917125,0.3692838588250287,0.6076873034917125
2016-01-20,14.14,2.6490076604684267,0.7840342124020072,0.780976635405724,0.6099245050496452,0.780976635405724
2016-01-21,14.1,2.6461747973841225,-0.2828854314002926,-0.2832863084304201,0.0802511325441351,0.2832863084304201
2016-01-22,14.04,2.641910398597665,-0.4255319148936176,-0.4264398786457539,0.1818509700994053,0.4264398786457539
2016-01-25,14.23,2.655352412101761,1.353276353276356,1.3442013504095969,1.8068772704429832,1.3442013504095969
2016-01-26,14.5,2.6741486494265287,1.8973998594518535,1.8796237324767635,3.532985375689879,1.8796237324767635
2016-01-27,14.4805,2.67280291674815,-0.1344827586206909,-0.1345732678378172,0.0181099644165489,0.1345732678378172
2016-01-28,14.24,2.65605490598383,-1.660854252270283,-1.674801076432073,2.8049586456180315,1.674801076432073
2016-01-29,14.27,2.658159431488745,0.2106741573033588,0.2104525504915221,0.0442902760083866,0.2104525504915221
2016-02-01,14.35,2.66374994220563,0.5606166783461708,0.5590510716884967,0.3125381007560566,0.5590510716884967
2016-02-02,14.3075,2.6607838753011204,-0.2961672473867582,-0.2966066904509816,0.0879755288202844,0.2966066904509816
2016-02-03,14.68,2.6864860231863696,2.6035296173335665,2.570214788524924,6.606004059152218,2.570214788524924
2016-02-04,14.86,2.698673039289613,1.2261580381471404,1.2187016103243598,1.4852336150071876,1.2187016103243598
2016-02-05,15.01,2.7087166456453704,1.0094212651413192,1.0043606355757482,1.0087402862941208,1.0043606355757482
2016-02-08,15.32,2.729159164312445,2.0652898067954784,2.044251866707474,4.178965694536991,2.044251866707474
2016-02-09,15.2455,2.724284377540957,-0.4862924281984315,-0.4874786771487883,0.2376354606747325,0.4874786771487883
2016-02-10,15.27,2.725890119230541,0.1607031583090057,0.1605741689583693,0.0257840637366709,0.1605741689583693
2016-02-11,15.75,2.7568403652716422,3.143418467583503,3.095024604110106,9.579177300046918,3.095024604110106
2016-02-12,15.73,2.7555697170701863,-0.1269841269841198,-0.1270648201455541,0.016145468518622,0.1270648201455541
2016-02-15,15.3335,2.7300399773271296,-2.520661157024795,-2.552973974305707,6.517676113482277,2.552973974305707
2016-02-16,15.22,2.72261035243354,-0.7402093455505909,-0.7429624893589617,0.5519932605944653,0.7429624893589617
2016-02-17,15.28,2.7265447837383743,0.3942181340341522,0.3934431304834522,0.1547974969246188,0.3934431304834522
2016-02-18,15.4035,2.7345947563243223,0.8082460732984353,0.8049972585947979,0.6480205863451399,0.8049972585947979
2016-02-19,15.37,2.7324175575505043,-0.2174830395689331,-0.2177198773817898,0.0474019450071416,0.2177198773817898
2016-02-22,15.18,2.719978771967484,-1.2361743656473578,-1.2438785583020553,1.5472338678035995,1.2438785583020553
2016-02-23,15.29,2.727199019940971,0.7246376811594235,0.7220247973487097,0.5213198079864454,0.7220247973487097
2016-02-24,15.23,2.7232671669070703,-0.3924133420536213,-0.3931853033900405,0.1545946828019181,0.3931853033900405
2016-02-25,15.1575,2.7184954589637487,-0.4760341431385373,-0.4771707943321677,0.2276919669635918,0.4771707943321677
2016-02-26,14.73,2.689886230474539,-2.8203859475507187,-2.860922848920983,8.184879547478152,2.860922848920983
2016-02-29,14.9,2.7013612129514133,1.15410726408689,1.147498247687448,1.3167522284457638,1.147498247687448
2016-03-01,14.82,2.695977619867941,-0.5369127516778538,-0.5383593083472643,0.2898307448841448,0.5383593083472643
2016-03-02,14.95,2.704711299836696,0.8771929824561431,0.8733679968754632,0.7627716579662591,0.8733679968754632
2016-03-03,15.22,2.72261035243354,1.8060200668896356,1.7899052596844374,3.203760838646013,1.7899052596844374
2016-03-04,15.49,2.740194654428777,1.7739816031537403,1.7584301995237437,3.092076766597113,1.7584301995237437
2016-03-07,15.645,2.750151377120845,1.0006455777921142,0.99567226920681,0.9913632676674384,0.99567226920681
2016-03-08,15.35,2.731115474033206,-1.8855864493448335,-1.903590308763925,3.623656063619935,1.903590308763925
2016-03-09,15.32,2.729159164312445,-0.195439739413672,-0.1956309720760831,0.0382714772354332,0.1956309720760831
2016-03-10,15.6025,2.747431157826061,1.84399477806787,1.8271993513615608,3.33865746961611,1.8271993513615608
2016-03-11,15.48,2.739548868161581,-0.7851305880467785,-0.7882289664479856,0.6213049035476595,0.7882289664479856
2016-03-14,15.35,2.731115474033206,-0.8397932816537557,-0.8433394128374986,0.7112213652450968,0.8433394128374986
2016-03-15,15.281,2.72661022662312,-0.4495114006514589,-0.4505247410085943,0.2029725422608609,0.4505247410085943
2016-03-16,15.6,2.747270914255491,2.0875597146783558,2.066068763237118,4.268640134424154,2.066068763237118
2016-03-17,15.93,2.768204123921957,2.115384615384608,2.093320966646572,4.3819926694021385,2.093320966646572
2016-03-18,15.81,2.7606426512213806,-0.7532956685499026,-0.7561472700576475,0.5717586940156328,0.7561472700576475
2016-03-21,15.84,2.76253838638628,0.189753320683117,0.1895735164899197,0.0359381181543538,0.1895735164899197
2016-03-22,15.885,2.76537526772148,0.2840909090909171,0.2836881335199757,0.0804789571000475,0.2836881335199757
2016-03-23,15.28,2.7265447837383743,-3.808624488511181,-3.883048398310511,15.078064863621824,3.883048398310511
2016-03-24,15.21,2.7219531062712017,-0.4581151832460661,-0.4591677467172875,0.210835019625431,0.4591677467172875
2016-03-28,15.25,2.724579503053421,0.2629848783694877,0.2626396782219082,0.0689796005765075,0.2626396782219082
2016-03-29,15.34,2.73046379593911,0.5901639344262355,0.5884292885689557,0.3462490276457673,0.5884292885689557
2016-03-30,15.22,2.72261035243354,-0.782268578878742,-0.7853443505570287,0.6167657489518411,0.7853443505570287
2016-03-31,15.44,2.73696154459663,1.4454664914586024,1.4351192163090287,2.0595671650194407,1.4351192163090287
2016-04-01,15.07,2.712706012638404,-2.396373056994816,-2.4255531958226,5.883308305765227,2.4255531958226
2016-04-04,14.9255,2.703071159555046,-0.9588586595885906,-0.9634853083357936,0.9283039393789192,0.9634853083357936
2016-04-05,15.14,2.717340248009303,1.4371377843288349,1.4269088454256535,2.036068853153972,1.4269088454256535
2016-04-06,15.07,2.712706012638404,-0.4623513870541607,-0.4634235370898621,0.2147613747288788,0.4634235370898621
2016-04-07,15.2275,2.7231030037285024,1.0451227604512114,1.0396991090098384,1.080974237275852,1.0396991090098384
2016-04-08,15.365,2.732092195582448,0.902971597438862,0.8989191853945517,0.8080557018704044,0.8989191853945517
2016-04-11,15.92,2.767576180416237,3.612105434428892,3.548398483378893,12.591131796845628,3.548398483378893
2016-04-12,16.1925,2.784548172074935,1.71168341708543,1.697199165869813,2.8804850086291887,1.697199165869813
2016-04-13,16.22,2.7862450486872667,0.1698317122124537,0.1696876612331901,0.0287939023747899,0.1696876612331901
2016-04-14,16.16,2.782539053092949,-0.3699136868064001,-0.3705995594317424,0.1373440334510016,0.3705995594317424
2016-04-15,16.24,2.787477334733532,0.4950495049504955,0.4938281640582577,0.2438662556171494,0.4938281640582577
2016-04-18,16.21,2.785628335747585,-0.1847290640393906,-0.1848998985946975,0.0341879725003294,0.1848998985946975
2016-04-19,16.94,2.8296776892239084,4.503392967304132,4.404935347632359,19.403455416821007,4.404935347632359
2016-04-20,16.96,2.830857630363757,0.1180637544273777,0.1179941139848547,0.0139226109350709,0.1179941139848547
2016-04-21,17.0,2.833213344056216,0.2358490566037652,0.2355713692458983,0.0554938700083873,0.2355713692458983
2016-04-22,16.96,2.830857630363757,-0.2352941176470557,-0.2355713692459036,0.0554938700083898,0.2355713692459036
2016-04-25,17.0,2.833213344056216,0.2358490566037652,0.2355713692458983,0.0554938700083873,0.2355713692458983
2016-04-26,17.16,2.8425810940598164,0.9411764705882452,0.936775000360024,0.8775474012995232,0.936775000360024
2016-04-27,17.24,2.847232265235547,0.4662004662004504,0.4651171175730659,0.2163339330594772,0.4651171175730659
2016-04-28,17.56,2.8656235882069705,1.8561484918793612,1.839132297142367,3.3824076063921598,1.839132297142367
2016-04-29,17.82,2.8803214220426634,1.4806378132118605,1.46978338356928,2.1602631946163613,1.46978338356928
2016-05-02,17.55,2.865053949911875,-1.5151515151515138,-1.526747213078842,2.330957052644011,1.526747213078842
2016-05-03,17.42,2.857618971424357,-0.7407407407407307,-0.7434978487517978,0.5527890510985513,0.7434978487517978
2016-05-04,17.3825,2.855463952991036,-0.2152698048220491,-0.2155018433320953,0.0464410444795309,0.2155018433320953
2016-05-05,17.35,2.8535925063928684,-0.1869696533870257,-0.1871446598167626,0.0350231236979318,0.1871446598167626
2016-05-06,17.47,2.860485124145965,0.6916426512968199,0.6892617753096898,0.4750817949030653,0.6892617753096898
2016-05-09,17.03,2.834976494674597,-2.5186033199770863,-2.5508629471368107,6.506901775075495,2.5508629471368107
2016-05-10,17.11,2.839663087904102,0.4697592483851931,0.4686593229505103,0.2196415609884307,0.4686593229505103
2016-05-11,17.42,2.857618971424357,1.811805961426072,1.7955883520254678,3.224137529929536,1.7955883520254678
2016-05-12,16.97,2.831447079246135,-2.5832376578645344,-2.6171892178221903,6.849679401884728,2.6171892178221903
2016-05-13,17.1,2.8390784635086144,0.7660577489687848,0.7631384262479374,0.5823802576161785,0.7631384262479374
2016-05-16,17.14,2.8414149131696336,0.233918128654964,0.2336449661019505,0.0545899701847816,0.2336449661019505
2016-05-17,17.25,2.847812143477369,0.6417736289381581,0.639723030773505,0.4092455561020388,0.639723030773505
2016-05-18,16.91,2.827905162910489,-1.97101449275362,-1.99069805668798,3.9628787529013008,1.99069805668798
2016-05-19,16.5,2.803360380906535,-2.424600827912482,-2.4544782003954047,6.024463236216264,2.4544782003954047
2016-05-20,16.52,2.804571768092832,0.1212121212121219,0.1211387186297088,0.0146745891512477,0.1211387186297088
2016-05-23,16.39,2.7966713927557385,-0.7869249394673039,-0.7900375337093604,0.6241593046695687,0.7900375337093604
2016-05-24,16.23,2.7868613815265,-0.9762050030506452,-0.981001122923852,0.9623632031778584,0.981001122923852
2016-05-25,16.295,2.790858312289525,0.400492914356132,0.3996930763025033,0.1597545552441587,0.3996930763025033
2016-05-26,16.33,2.7930039069823738,0.2147898128259884,0.2145594692848561,0.0460357658597991,0.2145594692848561
2016-05-27,16.19,2.784393767689544,-0.8573178199632436,-0.8610139292829839,0.7413449864193232,0.8610139292829839
2016-05-30,15.995,2.7722761734014814,-1.2044471896232367,-1.2117594288062563,1.4683609133008646,1.2117594288062563
2016-05-31,16.0,2.772588722239781,0.0312597686777271,0.0312548838300064,0.0009768677632272,0.0312548838300064
2016-06-01,15.96,2.7700855920216627,-0.2499999999999946,-0.2503130218118476,0.0626566088885785,0.2503130218118476
2016-06-02,16.02,2.773837941640213,0.3759398496240518,0.3752349618550372,0.1408012765983512,0.3752349618550372
2016-06-03,16.41,2.797890905102,2.434456928838946,2.405296346178632,5.785450512940277,2.405296346178632
2016-06-06,16.47,2.8015405441895487,0.3656307129798808,0.3649639087549331,0.1331986546936791,0.3649639087549331
2016-06-07,16.38,2.796061078424924,-0.5464480874316946,-0.5479465764625596,0.3002454506570396,0.5479465764625596
2016-06-08,17.04,2.8355635214011694,4.029304029304037,3.950244297624638,15.60443001091597,3.950244297624638
2016-06-09,17.305,2.850995477087308,1.5551643192488251,1.543195568613789,2.381452562989236,1.543195568613789
2016-06-10,17.3325,2.8525833518345083,0.1589136087835951,0.1587874747200922,0.0252134621279839,0.1587874747200922
2016-06-13,17.45,2.859339648648436,0.6779172075580542,0.6756296813927724,0.4564754663788991,0.6756296813927724
2016-06-14,17.39,2.855895328366192,-0.343839541547275,-0.3444320282244477,0.1186334220668067,0.3444320282244477
2016-06-15,17.52,2.8633430855082453,0.7475560667050019,0.7447757142053707,0.5546908644701201,0.7447757142053707
2016-06-16,17.175,2.8434548381084133,-1.9691780821917693,-1.9888247399832224,3.955423846369332,1.9888247399832224
2016-06-17,17.46,2.859912550411456,1.6593886462882068,1.6457712303043084,2.7085629424973567,1.6457712303043084
2016-06-20,17.5,2.862200880929469,0.2290950744558983,0.2288330518012216,0.0523645655966605,0.2288330518012216
2016-06-21,17.29,2.850128299695199,-1.200000000000001,-1.2072581234269248,1.4574721765803,1.2072581234269248
2016-06-22,17.27,2.848970892158587,-0.1156737998843193,-0.1157407536611831,0.0133959220580586,0.1157407536611831
2016-06-23,17.29,2.850128299695199,0.1158077591198569,0.1157407536611859,0.0133959220580593,0.1157407536611859
2016-06-24,17.7575,2.876807961889828,2.7038750722961247,2.667966219462884,7.118043748195075,2.667966219462884
2016-06-27,17.74,2.8758219768814333,-0.0985499084893759,-0.0985985008394598,0.0097216643677889,0.0985985008394598
2016-06-28,17.78,2.8780742300857587,0.2254791431792746,0.2252253204325274,0.0507264449639346,0.2252253204325274
2016-06-29,18.29,2.906354462402774,2.868391451068608,2.828023231701573,7.997715399043809,2.828023231701573
2016-06-30,18.71,2.9290581402859983,2.296336796063425,2.2703677883223943,5.15456989425192,2.2703677883223943
2016-07-01,19.72,2.9816333491744893,5.3981827899518775,5.2575208888490925,27.641525896684552,5.2575208888490925
2016-07-04,20.34,3.012589390620414,3.144016227180524,3.09560414459245,9.582765020017954,3.09560414459245
2016-07-05,19.89,2.9902170928658807,-2.212389380530966,-2.2372297754532986,5.005197068174817,2.2372297754532986
2016-07-06,19.99,2.995232148512309,0.5027652086475598,0.5015055646427847,0.2515078313676783,0.5015055646427847
2016-07-07,19.68,2.9796028916241077,-1.5507753876938368,-1.5629256888201228,2.442736708773856,1.5629256888201228
2016-07-08,20.2085,3.006103307978208,2.685467479674797,2.650041635410082,7.022720669406943,2.650041635410082
2016-07-11,20.29,3.010128153837724,0.4032956429225187,0.4024845859515051,0.1619938419285545,0.4024845859515051
2016-07-12,20.17,3.004196351966121,-0.5914243469689384,-0.5931801871602852,0.351862734439511,0.5931801871602852
2016-07-13,20.35,3.013080911888604,0.8924144769459685,0.8884559922483681,0.7893540501620324,0.8884559922483681
2016-07-14,20.3,3.0106208860477417,-0.2457002457002532,-0.2460025840862423,0.0605172713771087,0.2460025840862423
2016-07-15,20.09,3.000222178826843,-1.0344827586206915,-1.0398707220898622,1.0813311186596914,1.0398707220898622
2016-07-18,20.06,2.998727782533789,-0.1493280238924921,-0.1494396293053657,0.0223322028069251,0.1494396293053657
2016-07-19,19.9,2.990719731730447,-0.7976071784646099,-0.80080508033428,0.6412887766891926,0.80080508033428
2016-07-20,19.42,2.966303462863179,-2.412060301507524,-2.4416268867267714,5.961541853987066,2.4416268867267714
2016-07-21,19.755,2.983406623863354,1.7250257466529195,1.710316100017505,2.925181161979088,1.710316100017505
2016-07-22,19.65,2.9780773383152703,-0.5315110098709219,-0.5329285548083845,0.2840128445301533,0.5329285548083845
2016-07-25,19.5575,2.973358844577098,-0.4707379134859968,-0.4718493738171516,0.222641831571638,0.4718493738171516
2016-07-26,19.64,2.97756830292632,0.4218330563722228,0.4209458349221057,0.1771953959382687,0.4209458349221057
2016-07-27,20.37,3.0140632302387145,3.716904276985744,3.649492731239463,13.318797195369672,3.649492731239463
2016-07-28,20.1705,3.0042211409498973,-0.9793814432989768,-0.9842089288817244,0.9686672156905112,0.9842089288817244
2016-07-29,20.37,3.0140632302387145,0.9890681936491452,0.9842089288817208,0.9686672156905044,0.9842089288817208
2016-08-01,20.4495,3.017958432312157,0.3902798232695126,0.3895202073442543,0.1517259919295109,0.3895202073442543
2016-08-02,20.6,3.025291075795536,0.7359593144086629,0.7332643483378365,0.537676604543312,0.7332643483378365
2016-08-03,20.395,3.015289772769522,-0.9951456310679728,-1.000130302601374,1.0002606221815158,1.000130302601374
2016-08-04,20.35,3.013080911888604,-0.2206423142927072,-0.2208860880917663,0.0487906639124835,0.2208860880917663
2016-08-05,19.71,2.9811261211646287,-3.144963144963142,-3.195479072397513,10.211086502130474,3.195479072397513
2016-08-08,19.74,2.9826470340053355,0.1522070015220533,0.1520912840706523,0.0231317586902598,0.1520912840706523
2016-08-09,19.8605,2.988732834533746,0.6104356636271513,0.6085800528410389,0.3703696807160017,0.6085800528410389
2016-08-10,20.15,3.003204288392692,1.457667228921733,1.4471453858946095,2.094229767916058,1.4471453858946095
2016-08-11,19.97,2.994231147427724,-0.8933002481389618,-0.8973140964968181,0.805172587771901,0.8973140964968181
2016-08-12,19.71,2.9811261211646287,-1.301952929394079,-1.310502626309489,1.7174171335640682,1.310502626309489
2016-08-15,19.8225,2.986817656164417,0.5707762557077611,0.5691534999788055,0.3239357065381241,0.5691534999788055
2016-08-16,19.8,2.9856819377004897,-0.1135073779795714,-0.1135718463927379,0.0128985642930556,0.1135718463927379
2016-08-17,19.69,2.9801108926510342,-0.5555555555555536,-0.557104504945536,0.3103654294306107,0.557104504945536
2016-08-18,19.75,2.9831534913471307,0.3047232097511454,0.304259869609673,0.0925740682548952,0.304259869609673
2016-08-19,19.32,2.961140828784372,-2.177215189873416,-2.201266256275892,4.845573131018881,2.201266256275892
2016-08-22,18.913,2.9398495163063174,-2.1066252587991774,-2.1291312478054665,4.533199870381663,2.1291312478054665
2016-08-23,18.82,2.9349201341572337,-0.4917252683339534,-0.4929382149083786,0.2429880837170588,0.4929382149083786
2016-08-24,18.5515,2.9205506483179384,-1.4266737513283667,-1.4369485839295075,2.064821232857017,1.4369485839295075
2016-08-25,18.55,2.920469789053444,-0.0080855995472028,-0.0080859264494245,6.538220654550331e-05,0.0080859264494245
2016-08-26,18.65,2.9258461460898246,0.5390835579514697,0.5376357036380275,0.2890521498263569,0.5376357036380275
2016-08-29,18.87,2.9375733593804587,1.1796246648793751,1.1727213290634484,1.3752753156403408,1.1727213290634484
2016-08-30,18.613,2.923860261316196,-1.36195018547961,-1.3713098064262912,1.880490585200912,1.3713098064262912
2016-08-31,18.65,2.9258461460898246,0.1987857948745341,0.1985884773628324,0.0394373833412881,0.1985884773628324
2016-09-01,18.89,2.9386326815134183,1.286863270777494,1.2786535423593777,1.634954881388185,1.2786535423593777
2016-09-02,19.4,2.9652730660692823,2.6998411858125904,2.6640384555864176,7.097100892843265,2.6640384555864176
2016-09-05,19.51,2.97092715463502,0.5670103092783707,0.5654088565737596,0.3196871750920462,0.5654088565737596
2016-09-06,20.05,2.998229153752578,2.767811378780105,2.7301999117558275,7.453991558151529,2.7301999117558275
2016-09-07,19.84,2.987700101856727,-1.0473815461346625,-1.052905189585145,1.10860933825533,1.052905189585145
2016-09-08,19.62,2.976549454137217,-1.1088709677419262,-1.1150647719509617,1.24336944564605,1.1150647719509617
2016-09-09,19.09,2.949164637737656,-2.701325178389402,-2.7384816399560816,7.499281692376551,2.7384816399560816
2016-09-12,19.12,2.9507349076232554,0.1571503404924179,0.1570269885599116,0.0246574751361946,0.1570269885599116
2016-09-13,18.87,2.9375733593804587,-1.3075313807531352,-1.316154824279635,1.732263521474557,1.316154824279635
2016-09-14,18.97,2.9428587839469227,0.5299417064122736,0.5285424566463779,0.2793571284777882,0.5285424566463779
2016-09-15,19.0,2.9444389791664403,0.1581444385872599,0.1580195219517791,0.0249701693178688,0.1580195219517791
2016-09-16,18.8025,2.933989839718421,-1.0394736842105343,-1.0449139448019449,1.0918451520415615,1.0449139448019449
2016-09-19,19.15,2.952302715626655,1.848158489562568,1.8312875908234,3.353614240303772,1.8312875908234
2016-09-20,19.3,2.96010509591084,0.783289817232391,0.780238028418502,0.6087713809903911,0.780238028418502
2016-09-21,19.845,2.987952086235029,2.823834196891184,2.7846990324188754,7.754548701154621,2.7846990324188754
2016-09-22,19.88,2.989714201228428,0.1763668430335041,0.1762114993399223,0.0310504924996234,0.1762114993399223
2016-09-23,19.68,2.9796028916241077,-1.0060362173038184,-1.0111309604320566,1.0223858191442532,1.0111309604320566
2016-09-26,19.437,2.96717846613593,-1.2347560975609628,-1.2424425488177346,1.5436634871127088,1.2424425488177346
2016-09-27,19.15,2.952302715626655,-1.476565313577216,-1.4875750509275076,2.2128795321419767,1.4875750509275076
2016-09-28,19.1885,2.954311141253202,0.2010443864229882,0.2008425626547275,0.0403377349737181,0.2008425626547275
2016-09-29,19.1025,2.9498192165395847,-0.4481851108737111,-0.449192471361755,0.201773876328081,0.449192471361755
2016-09-30,19.1805,2.9538941379371955,0.4083235178641509,0.4074921397610853,0.1660498439670678,0.4074921397610853
2016-10-03,18.825,2.935185773685957,-1.853444904981616,-1.8708364251238256,3.5000289295700955,1.8708364251238256
2016-10-04,17.8095,2.87973202279182,-5.394422310756974,-5.545375089413773,30.75118488229081,5.545375089413773
2016-10-05,17.74,2.8758219768814333,-0.390241163424021,-0.3910045910386192,0.1528845902132778,0.3910045910386192
2016-10-06,17.33,2.8524391037275145,-2.3111612175873764,-2.338287315391875,5.467587569322542,2.338287315391875
2016-10-07,17.49,2.8616292890305104,0.9232544720138458,0.919018530299596,0.8445950590340294,0.919018530299596
2016-10-10,17.64,2.870169050578645,0.8576329331046351,0.8539761548134581,0.7292752729899794,0.8539761548134581
2016-10-11,17.455,2.859626140557,-1.048752834467137,-1.054291002164606,1.111529517245249,1.054291002164606
2016-10-12,17.48,2.8610573702273894,0.1432254368376018,0.143122967039024,0.0204841836940535,0.143122967039024
2016-10-13,17.5,2.862200880929469,0.1144164759725452,0.114351070207902,0.0130761672576925,0.114351070207902
2016-10-14,17.45,2.859339648648436,-0.2857142857142891,-0.2861232281032235,0.0818665016602092,0.2861232281032235
2016-10-17,17.47,2.860485124145965,0.1146131805157546,0.114547549752898,0.0131211411543926,0.114547549752898
2016-10-18,17.625,2.869318348698332,0.887235260446495,0.8833224552367305,0.7802585599254457,0.8833224552367305
2016-10-19,17.68,2.8724340572094973,0.3120567375886507,0.3115708511165009,0.0970763952654607,0.3115708511165009
2016-10-20,17.55,2.865053949911875,-0.7352941176470562,-0.7380107297622533,0.5446598372442137,0.7380107297622533
2016-10-21,17.54,2.864483986944037,-0.0569800569800604,-0.056996296783787,0.0032485778470655,0.056996296783787
2016-10-24,17.59,2.867330558749466,0.2850627137970463,0.2846571805429929,0.081029710434686,0.2846571805429929
2016-10-25,17.82,2.8803214220426634,1.3075611142694843,1.2990863293196575,1.6876252910252223,1.2990863293196575
2016-10-26,17.63,2.869601996409779,-1.0662177328844114,-1.0719425632884512,1.1490608589894151,1.0719425632884512
2016-10-27,17.629,2.8695452733036064,-0.0056721497447398,-0.0056723106172367,3.21751077384172e-05,0.0056723106172367
2016-10-28,17.77,2.87751164216656,0.7998184809121289,0.7966368862953565,0.6346303286063607,0.7966368862953565
2016-10-31,17.89,2.884241897520628,0.6752954417557744,0.6730255354067889,0.4529633713095948,0.6730255354067889
2016-11-01,18.38,2.911263116927541,2.7389603130240303,2.7021219406913146,7.301462982365396,2.7021219406913146
2016-11-02,18.52,2.918851229218033,0.7616974972796564,0.7588112290492379,0.575794481331215,0.7588112290492379
2016-11-03,18.36,2.9101743851923443,-0.8639308855291628,-0.8676844025688971,0.7528762224613439,0.8676844025688971
2016-11-04,18.41,2.9128939952449864,0.2723311546841023,0.2719610052642147,0.0739627883843222,0.2719610052642147
2016-11-07,18.18,2.900322088749333,-1.2493210211841466,-1.2571906495653788,1.5805283293546193,1.2571906495653788
2016-11-08,18.37,2.9107188992270343,1.045104510451056,1.0396810477701617,1.0809366810924608,1.0396810477701617
2016-11-09,18.48,2.916689066213538,0.5988023952095745,0.5970166986503754,0.3564289384673932,0.5970166986503754
2016-11-10,18.6075,2.923564725251929,0.6899350649350655,0.6875659038390616,0.4727468721220256,0.6875659038390616
2016-11-11,17.37,2.854744580253014,-6.650544135429271,-6.882014499891523,47.36212357671717,6.882014499891523
2016-11-14,16.93,2.829087196145044,-2.533103051237773,-2.5657384107969685,6.583013592638953,2.5657384107969685
2016-11-15,17.085,2.838200885567255,0.9155345540460712,0.91136894222112,0.8305933488452432,0.91136894222112
2016-11-16,16.98,2.8320361808832013,-0.6145741878841093,-0.6164704684053901,0.380035838415961,0.6164704684053901
2016-11-17,16.67,2.813610696762703,-1.8256772673733712,-1.842548412049853,3.3949846507474346,1.842548412049853
2016-11-18,16.57,2.807593831438472,-0.599880023995214,-0.6016865324231222,0.3620266832993609,0.6016865324231222
2016-11-21,16.59,2.808800104202353,0.1207000603500318,0.1206272763881596,0.0145509398088254,0.1206272763881596
2016-11-22,16.64,2.8118094353930627,0.3013863773357439,0.3009331190709406,0.0905607421537649,0.3009331190709406
2016-11-23,16.37,2.7954503913830435,-1.6225961538461564,-1.6359044010019024,2.676183209217393,1.6359044010019024
2016-11-24,16.33,2.7930039069823738,-0.2443494196701423,-0.2446484400669932,0.0598528592272131,0.2446484400669932
2016-11-25,16.52,2.804571768092832,1.1635027556644362,1.1567861110458408,1.3381541067085605,1.1567861110458408
2016-11-28,16.61,2.810004923625204,0.5447941888619745,0.543315553237139,0.2951917903893784,0.543315553237139
2016-11-29,16.61,2.810004923625204,0.0,0.0,0.0,0.0
2016-11-30,16.51,2.803966257932037,-0.6020469596628386,-0.6038665693166712,0.364654833538286,0.6038665693166712
2016-12-01,16.525,2.80487438573775,0.0908540278618863,0.0908127805713186,0.0082469611150944,0.0908127805713186
2016-12-02,16.69,2.814809737673744,0.998487140695925,0.9935351935993822,0.987112180920562,0.9935351935993822
2016-12-05,16.755,2.8186967211892737,0.3894547633313205,0.3886983515529859,0.1510864085000086,0.3886983515529859
2016-12-06,16.74,2.817801065061329,-0.0895255147717155,-0.0895656127944517,0.0080219989952456,0.0895656127944517
2016-12-07,17.12,2.840247370713596,2.2700119474313274,2.2446305652267027,5.0383663743499465,2.2446305652267027
2016-12-08,17.03,2.834976494674597,-0.5257009345794428,-0.5270876038999167,0.2778213421849555,0.5270876038999167
2016-12-09,16.86,2.824943952573709,-0.9982384028185632,-1.0032542100887591,1.00651901006082,1.0032542100887591
2016-12-12,17.08,2.837908188360424,1.3048635824436383,1.2964235786714255,1.680714095335226,1.2964235786714255
2016-12-13,16.92,2.828496354178077,-0.9367681498828828,-0.941183418234637,0.8858262267598357,0.941183418234637
2016-12-14,16.84,2.823757008814181,-0.4728132387706973,-0.473934536389667,0.2246139447828886,0.473934536389667
2016-12-15,15.97,2.770711962226921,-5.166270783847981,-5.3045046587259606,28.13776967444542,5.3045046587259606
2016-12-16,16.1,2.778819271990417,0.8140262993112213,0.8107309763496372,0.657284716012836,0.8107309763496372
2016-12-19,15.9685,2.770618031704129,-0.8167701863354138,-0.8201240286288769,0.6726034223344589,0.8201240286288769
2016-12-20,16.1,2.778819271990417,0.8234962582584604,0.8201240286288807,0.6726034223344651,0.8201240286288807
2016-12-21,15.94,2.768831673362069,-0.9937888198757848,-0.9987598628348416,0.997521263609872,0.9987598628348416
2016-12-22,15.795,2.7596934342540487,-0.9096612296110362,-0.9138239108020412,0.8350741399535371,0.9138239108020412
2016-12-23,15.73,2.7555697170701863,-0.4115226337448541,-0.412371718386204,0.1700504341247908,0.412371718386204
2016-12-27,15.97,2.770711962226921,1.5257469802924415,1.5142245156734675,2.292875883866548,1.5142245156734675
2016-12-28,16.01,2.773213527008624,0.250469630557304,0.2501564781702342,0.0625782635705348,0.2501564781702342
2016-12-29,16.17,2.783157673589016,0.9993753903810187,0.9944146580392228,0.9888605121232644,0.9944146580392228
2016-12-30,15.95,2.769458829230853,-1.3605442176870874,-1.3698844358162028,1.8765833674914765,1.3698844358162028
2017-01-03,16.293,2.7907355677208177,2.150470219435729,2.127673848996426,4.526996007703269,2.127673848996426
2017-01-04,16.42,2.7985001040242823,0.7794758485239139,0.7764536303464328,0.6028802400781549,0.7764536303464328
2017-01-05,16.59,2.808800104202353,1.0353227771010776,1.0300000178070776,1.0609000366825805,1.0300000178070776
2017-01-06,16.48,2.8021475244813256,-0.6630500301386344,-0.6652579721027448,0.4425681694462564,0.6652579721027448
2017-01-09,16.56,2.8069901489571136,0.4854368932038833,0.4842624475787991,0.2345101181350091,0.4842624475787991
2017-01-10,16.79,2.8207834710894493,1.388888888888884,1.379332213233577,1.902557354463838,1.379332213233577
2017-01-11,16.73,2.8172035149987327,-0.3573555687909402,-0.3579956090716779,0.1281608561146016,0.3579956090716779
2017-01-12,16.78,2.8201877010390604,0.2988643156007109,0.2984186040327451,0.0890536632328523,0.2984186040327451
2017-01-13,16.81,2.821973947420524,0.1787842669844996,0.1786246381464064,0.0319067613529346,0.1786246381464064
2017-01-16,16.81,2.821973947420524,0.0,0.0,0.0,0.0
2017-01-17,17.2,2.8449093838194077,2.3200475907198204,2.2935436398883224,5.260342428072175,2.2935436398883224
2017-01-18,17.07,2.837322536806349,-0.7558139534883712,-0.7586847013058104,0.5756024759954869,0.7586847013058104
2017-01-19,17.02,2.834389123145228,-0.2929115407147131,-0.2933413661121258,0.0860491570725282,0.2933413661121258
2017-01-20,17.08,2.837908188360424,0.3525264394829586,0.3519065215195702,0.1238381998880037,0.3519065215195702
2017-01-23,17.25,2.847812143477369,0.995316159250592,0.9903955116945024,0.9808832695846152,0.9903955116945024
2017-01-24,17.1,2.8390784635086144,-0.8695652173912993,-0.8733679968754553,0.7627716579662452,0.8733679968754553
2017-01-25,16.9985,2.833125104869136,-0.5935672514620016,-0.5953358639478423,0.3544247909025238,0.5953358639478423
2017-01-26,16.8,2.8213788864092133,-1.1677500955966649,-1.174621845992257,1.3797364810822577,1.174621845992257
2017-01-27,17.14,2.8414149131696336,2.0238095238095166,2.003602676042042,4.014423683442831,2.003602676042042
2017-01-30,17.12,2.840247370713596,-0.1166861143523934,-0.1167542456037701,0.0136315538665054,0.1167542456037701
2017-01-31,17.56,2.8656235882069705,2.5700934579439227,2.537621749337453,6.439524142710478,2.537621749337453
2017-02-01,17.54,2.864483986944037,-0.1138952164009055,-0.1139601262933562,0.0129869103847977,0.1139601262933562
2017-02-02,17.47,2.860485124145965,-0.3990877993158559,-0.3998862798071849,0.1599090367780302,0.3998862798071849
2017-02-03,17.48,2.8610573702273894,0.0572409845449373,0.0572246081424236,0.0032746557770539,0.0572246081424236
2017-02-06,17.73,2.8752581200861167,1.4302059496567487,1.4200749858727102,2.0166129655013783,1.4200749858727102
2017-02-07,17.71,2.8741294517947424,-0.1128031584884392,-0.1128668291374365,0.0127389211195392,0.1128668291374365
2017-02-08,17.78,2.8780742300857587,0.3952569169960451,0.3944778291016325,0.1556127576527368,0.3944778291016325
2017-02-09,17.6525,2.870877416408365,-0.7170978627671576,-0.7196813677393697,0.5179412710712099,0.7196813677393697
2017-02-10,17.94,2.88703285663065,1.6286644951140072,1.615544022228521,2.609982487758307,1.615544022228521
2017-02-13,17.8255,2.880630016397836,-0.638238573021177,-0.6402840232814451,0.4099636304694741,0.6402840232814451
2017-02-14,17.96,2.888147062874053,0.7545370396342177,0.7517046476217841,0.5650598772561907,0.7517046476217841
2017-02-15,17.98,2.8892600290434745,0.111358574610243,0.111296616942065,0.0123869369427487,0.111296616942065
2017-02-16,18.11,2.896464271895322,0.7230255839822064,0.7204242851847839,0.5190111506840068,0.7204242851847839
2017-02-17,18.01,2.8909271591878647,-0.5521811154058365,-0.5537112707457137,0.306596171350833,0.5537112707457137
2017-02-20,18.07,2.8942531046041373,0.3331482509716821,0.3325945416272411,0.1106191291202346,0.3325945416272411
2017-02-21,17.9725,2.888842811875889,-0.5395683453237377,-0.5410292728247543,0.2927126740532824,0.5410292728247543
2017-02-22,18.0265,2.891842897461728,0.3004590346362468,0.300008558583873,0.0900051352235731,0.300008558583873
2017-02-23,18.19,2.900871992530031,0.9069980306770642,0.902909506830263,0.8152455775244688,0.902909506830263
2017-02-24,18.35,2.90962957450058,0.8796041781198527,0.8757581970548458,0.7669524197087542,0.8757581970548458
2017-02-27,18.269,2.905205634354433,-0.4414168937329821,-0.4423940146146669,0.1957124641668821,0.4423940146146669
2017-02-28,18.31,2.907447358686419,0.2244238874596238,0.224172433198654,0.050253279806205,0.224172433198654
2017-03-01,18.42,2.913437030827161,0.6007646095030239,0.5989672140741643,0.3587617235357658,0.5989672140741643
2017-03-02,17.79,2.8786365016777435,-3.4201954397394263,-3.480052914941714,12.11076829079432,3.480052914941714
2017-03-03,17.9365,2.8868377428368794,0.8234963462619538,0.8201241159135878,0.672603565503044,0.8201241159135878
2017-03-06,17.7835,2.878271061106963,-0.8530092269952272,-0.8566681729916666,0.7338803586168801,0.8566681729916666
2017-03-07,17.51,2.8627721462977607,-1.5379424747659298,-1.5498914809202304,2.402163602629105,1.5498914809202304
2017-03-08,17.23,2.8466520505398383,-1.5990862364363312,-1.6120095757922324,2.598574872445853,1.6120095757922324
2017-03-09,16.96,2.830857630363757,-1.5670342426001185,-1.5794420176081263,2.4946370869860286,1.5794420176081263
2017-03-10,17.03,2.834976494674597,0.4127358490566113,0.4118864310839974,0.1696504321111125,0.4118864310839974
2017-03-13,16.98,2.8320361808832013,-0.2935995302407512,-0.2940313791395651,0.0864544519187146,0.2940313791395651
2017-03-14,16.89,2.826721730819709,-0.5300353356890497,-0.531445006349259,0.2824337947735639,0.531445006349259
2017-03-15,17.3,2.8507065015037334,2.427471876850218,2.398477068402466,5.752692247652488,2.398477068402466
2017-03-16,17.34,2.853015971352396,0.2312138728323587,0.2309469848662418,0.0533365098188081,0.2309469848662418
2017-03-17,17.4,2.856470206220483,0.3460207612456578,0.3454234868087382,0.1193173852391065,0.3454234868087382
2017-03-20,17.43,2.858192859531929,0.1724137931034652,0.1722653311446377,0.0296753443143717,0.1722653311446377
2017-03-21,17.5565,2.86542425171207,0.7257601835915173,0.7231392180140479,0.5229303286299687,0.7231392180140479
2017-03-22,17.54,2.864483986944037,-0.0939822857631167,-0.0940264768033057,0.0088409783400425,0.0940264768033057
2017-03-23,17.58,2.866761892257031,0.2280501710376192,0.2277905312993867,0.0518885261496568,0.2277905312993867
2017-03-24,17.77,2.87751164216656,1.0807736063708884,1.074974990952915,1.1555712311742194,1.074974990952915
2017-03-27,18.1,2.89591193827178,1.857062464828374,1.840029610522021,3.3857089675978207,1.840029610522021
2017-03-28,18.195,2.901146831064123,0.5248618784530423,0.5234892792343118,0.2740410254732592,0.5234892792343118
2017-03-29,18.24,2.903616984646185,0.2473206924979321,0.2470153582062117,0.061016587189743,0.2470153582062117
2017-03-30,18.12,2.8970163006148333,-0.6578947368420907,-0.6600684031351912,0.4356902968174413,0.6600684031351912
2017-03-31,18.21,2.901970893739517,0.4966887417218624,0.4954593124683394,0.2454799303115996,0.4954593124683394
2017-04-03,18.26,2.9047128751668225,0.2745744096650293,0.2741981427305924,0.0751846214769063,0.2741981427305924
2017-04-04,18.33,2.9085390618516134,0.3833515881708438,0.3826186684791023,0.1463970454687212,0.3826186684791023
2017-04-05,18.31,2.907447358686419,-0.1091107474086139,-0.1091703165194244,0.0119181580089513,0.1091703165194244
2017-04-06,18.26,2.9047128751668225,-0.2730748225013513,-0.2734483519596793,0.0747740011894646,0.2734483519596793
2017-04-07,18.0,2.8903717578961645,-1.423877327491796,-1.4341117270657824,2.056676445707601,1.4341117270657824
2017-04-10,17.95,2.887590114934288,-0.2777777777777768,-0.2781642961876802,0.0773753756735875,0.2781642961876802
2017-04-11,18.33,2.9085390618516134,2.116991643454025,2.094894691732563,4.388583769449269,2.094894691732563
2017-04-12,18.47,2.9161477942111484,0.7637752318603308,0.7608732359534873,0.5789280811903312,0.7608732359534873
2017-04-13,18.54,2.919930560137709,0.3789929615592768,0.3782765926560417,0.1430931805514649,0.3782765926560417
2017-04-17,18.43,2.913979771681732,-0.5933117583603043,-0.5950788455977203,0.3541188324779154,0.5950788455977203
2017-04-18,18.3025,2.9070376625386607,-0.6918068366793317,-0.6942109143071269,0.481928793543137,0.6942109143071269
2017-04-19,18.16,2.8992213731731478,-0.778582160906971,-0.7816289365513365,0.6109437944543732,0.7816289365513365
2017-04-20,18.03,2.8920370372152258,-0.7158590308369961,-0.7184335957921248,0.5161468315628023,0.7184335957921248
2017-04-21,17.9615,2.8882305783175,-0.3799223516361638,-0.3806458897726427,0.1448912934008068,0.3806458897726427
2017-04-24,17.94,2.88703285663065,-0.1197004704506787,-0.119772168684936,0.0143453723914927,0.119772168684936
2017-04-25,17.6,2.8678989020441064,-1.8952062430323324,-1.9133954586543984,3.661082181199276,1.9133954586543984
2017-04-26,17.51,2.8627721462977607,-0.5113636363636376,-0.5126755746345627,0.262836244826879,0.5126755746345627
2017-04-27,17.27,2.848970892158587,-1.3706453455168632,-1.380125413917341,1.904746158140512,1.380125413917341
2017-04-28,17.23,2.8466520505398383,-0.2316155182397139,-0.2318841618748898,0.0537702645284201,0.2318841618748898
2017-05-01,16.85,2.8243506567983707,-2.2054556006964487,-2.230139374146741,4.9735216281196175,2.230139374146741
2017-05-02,16.8415,2.8238460784815644,-0.050445103857577,-0.0504578316806487,0.0025459927779126,0.0504578316806487
2017-05-03,16.48,2.8021475244813256,-2.1464833892468005,-2.16985540002387,4.708272457012749,2.16985540002387
2017-05-04,16.33,2.7930039069823738,-0.910194174757295,-0.9143617498952032,0.8360574096714182,0.9143617498952032
2017-05-05,16.36,2.794839331174601,0.1837109614207133,0.1835424192227404,0.0336878196541361,0.1835424192227404
2017-05-08,16.23,2.7868613815265,-0.7946210268948595,-0.797794964810109,0.6364768058763631,0.797794964810109
2017-05-09,16.19,2.784393767689544,-0.2464571780653068,-0.2467613836956039,0.060891180483369,0.2467613836956039
2017-05-10,16.21,2.785628335747585,0.1235330450895633,0.123456805804099,0.015241582899351,0.123456805804099
2017-05-11,16.3375,2.79346307895034,0.786551511412692,0.7834743202755439,0.6138320105312255,0.7834743202755439
2017-05-12,16.451,2.8003862656372838,0.6947207345065154,0.6923186686943112,0.4793051390226635,0.6923186686943112
2017-05-15,16.63,2.811208293204836,1.0880797519907448,1.0822027567552823,1.1711628067287327,1.0822027567552823
2017-05-16,16.85,2.8243506567983707,1.322910402886368,1.3142363593534605,1.7272172082466375,1.3142363593534605
2017-05-17,16.9,2.827313621929028,0.2967359050444873,0.2962965130656827,0.0877916236548822,0.2962965130656827
2017-05-18,16.58,2.8081971497071487,-1.8934911242603605,-1.9116472221878924,3.654395102098685,1.9116472221878924
2017-05-19,16.85,2.8243506567983707,1.628468033775654,1.615350709122202,2.609357913461601,1.615350709122202
2017-05-22,17.1715,2.8432510327709197,1.9080118694362105,1.8900375972548624,3.572242119036933,1.8900375972548624
2017-05-23,17.06,2.836736542063533,-0.6493317415485089,-0.6514490707386339,0.4243858917662296,0.6514490707386339
2017-05-24,17.23,2.8466520505398383,0.9964830011723436,0.99155084763053,0.9831730834368224,0.99155084763053
2017-05-25,17.17,2.843163674909384,-0.3482298316889065,-0.3488375630454008,0.121687645391454,0.3488375630454008
2017-05-26,17.34,2.853015971352396,0.9900990099009688,0.985229644301142,0.9706774520097546,0.985229644301142
2017-05-29,17.42,2.857618971424357,0.4613610149942326,0.460300007196094,0.2118760966247241,0.460300007196094
2017-05-30,17.4,2.856470206220483,-0.1148105625717765,-0.1148765203873593,0.0131966149363073,0.1148765203873593
2017-05-31,17.34,2.853015971352396,-0.3448275862068861,-0.3454234868087446,0.1193173852391109,0.3454234868087446
2017-06-01,17.3,2.8507065015037334,-0.2306805074971163,-0.2309469848662529,0.0533365098188132,0.2309469848662529
2017-06-02,17.53,2.863913698933143,1.3294797687861235,1.3207197429409834,1.7443006393940972,1.3207197429409834
2017-06-05,17.56,2.8656235882069705,0.1711351968054719,0.1709889273827426,0.0292372132875008,0.1709889273827426
2017-06-06,17.71,2.8741294517947424,0.8542141230068356,0.850586358777159,0.7234971537377859,0.850586358777159
2017-06-07,17.6,2.8678989020441064,-0.6211180124223614,-0.6230549750636086,0.388197501951514,0.6230549750636086
2017-06-08,17.44,2.8587664184808337,-0.909090909090915,-0.9132483563272586,0.8340225603344396,0.9132483563272586
2017-06-09,17.23,2.8466520505398383,-1.2041284403669803,-1.2114367940995396,1.4675791060981704,1.2114367940995396
2017-06-12,16.97,2.831447079246135,-1.5089959373186357,-1.5204971293703362,2.311911520423433,1.5204971293703362
2017-06-13,16.85,2.8243506567983707,-0.7071302298173099,-0.7096422447764067,0.5035921155712975,0.7096422447764067
2017-06-14,16.92,2.828496354178077,0.4154302670623222,0.4145697379706566,0.1718680676410588,0.4145697379706566
2017-06-15,16.76,2.818995095053937,-0.9456264775413724,-0.9501259124140252,0.9027392494405836,0.9501259124140252
2017-06-16,16.7,2.815408719422709,-0.3579952267303232,-0.3586375631227689,0.128620901682638,0.3586375631227689
2017-06-19,16.51,2.803966257932037,-1.1377245508981892,-1.1442461490672635,1.309299249655263,1.1442461490672635
2017-06-20,16.46,2.800933195248924,-0.3028467595396766,-0.3033062683112925,0.0919946923969217,0.3033062683112925
2017-06-21,16.5,2.803360380906535,0.2430133657351119,0.2427185657611137,0.0589123021651321,0.2427185657611137
2017-06-22,16.55,2.806386101823072,0.3030303030303161,0.3025720916537111,0.0915498706477017,0.3025720916537111
2017-06-23,16.7,2.815408719422709,0.9063444108761144,0.9022617599637331,0.8140762834928532,0.9022617599637331
2017-06-26,16.61,2.810004923625204,-0.5389221556886259,-0.5403795797505949,0.2920100902114296,0.5403795797505949
2017-06-27,16.67,2.813610696762703,0.3612281757977342,0.3605773137499349,0.130015999191119,0.3605773137499349
2017-06-28,16.8,2.8213788864092133,0.7798440311937549,0.7768189646510544,0.6034477038415361,0.7768189646510544
2017-06-29,16.63,2.811208293204836,-1.0119047619047694,-1.017059320437701,1.0344096612891982,1.017059320437701
2017-06-30,16.62,2.810606789427302,-0.0601322910402712,-0.0601503777534001,0.0036180679438767,0.0601503777534001
2017-07-03,16.16,2.782539053092949,-2.767749699157651,-2.806773633435291,7.877978229347546,2.806773633435291
2017-07-04,16.08,2.77757626375082,-0.4950495049505066,-0.4962789342129124,0.2462927805435043,0.4962789342129124
2017-07-05,16.09,2.778197961004292,0.0621890547263692,0.0621697253471541,0.0038650747497405,0.0621697253471541
2017-07-06,16.06,2.776331708518616,-0.1864512119328809,-0.186625248567626,0.0348289834029282,0.186625248567626
2017-07-07,15.57,2.745345985845907,-3.0510585305105757,-3.098572267270855,9.601150095500047,3.098572267270855
2017-07-10,15.6725,2.7519075841659864,0.6583172768143797,0.6561598320079502,0.4305457251407015,0.6561598320079502
2017-07-11,15.85,2.763169500323289,1.132557026639014,1.1261916157303054,1.2683075553412355,1.1261916157303054
2017-07-12,15.92,2.767576180416237,0.441640378548902,0.4406680092947396,0.1941882944157887,0.4406680092947396
2017-07-13,15.7075,2.754138305294965,-1.3347989949748729,-1.3437875121271907,1.8057648777489848,1.3437875121271907
2017-07-14,15.96,2.7700855920216627,1.6075123348718856,1.5947286726697767,2.543159539435108,1.5947286726697767
2017-07-17,16.1155,2.7797815417795584,0.9743107769423665,0.9695949757895694,0.9401144170763758,0.9695949757895694
2017-07-18,16.2885,2.790459337342928,1.073500667059646,1.0677795563369314,1.140153180931094,1.0677795563369314
2017-07-19,16.27,2.7893229212309465,-0.1135770635724564,-0.1136416111981323,0.0129144157957074,0.1136416111981323
2017-07-20,16.34,2.7936160894318567,0.4302397049784856,0.429316820091037,0.1843129320130798,0.429316820091037
2017-07-21,16.49,2.802754136571508,0.9179926560587416,0.913804713965061,0.835039055264767,0.913804713965061
2017-07-24,16.49,2.802754136571508,0.0,0.0,0.0,0.0
2017-07-25,16.4975,2.8032088542754394,0.045482110369921,0.0454717703932101,0.0020676819026928,0.0454717703932101
2017-07-26,16.64,2.8118094353930627,0.8637672374602223,0.8600581117622907,0.739699955608117,0.8600581117622907
2017-07-27,16.58,2.8081971497071487,-0.3605769230769384,-0.3612285685913772,0.1304860787665753,0.3612285685913772
2017-07-28,16.73,2.8172035149987327,0.9047044632086942,0.9006365291583779,0.8111461576544496,0.9006365291583779
2017-07-31,16.8305,2.823192716614653,0.6007172743574429,0.5989201615921073,0.3587053599615158,0.5989201615921073
2017-08-01,16.71,2.8160073426073025,-0.7159620926294519,-0.7185374007351313,0.5162959962551986,0.7185374007351313
2017-08-02,16.5825,2.808347922417574,-0.763016157989238,-0.7659420189728446,0.5866671764281975,0.7659420189728446
2017-08-03,16.66,2.8130106367386967,0.4673601688527151,0.4662714321122721,0.2174090484040292,0.4662714321122721
2017-08-04,16.28,2.7899373605743945,-2.280912364945975,-2.307327616430236,5.3237607295416325,2.307327616430236
2017-08-07,16.29,2.790551422613954,0.0614250614250577,0.0614062039559485,0.0037707218842795,0.0614062039559485
2017-08-08,16.45,2.800325477211381,0.9821976672805376,0.9774054597427112,0.9553214327348608,0.9774054597427112
2017-08-09,16.9505,2.8302973319164604,3.0425531914893837,2.997185470507939,8.983120744623895,2.997185470507939
2017-08-10,17.12,2.840247370713596,0.99997050234506,0.9950038797135928,0.9900327206451022,0.9950038797135928
2017-08-11,17.12,2.840247370713596,0.0,0.0,0.0,0.0
2017-08-14,17.0765,2.837703249329068,-0.2540887850467355,-0.2544121384527975,0.0647255361921254,0.2544121384527975
2017-08-15,16.633,2.811388673808398,-2.597136415541823,-2.631457552067022,6.924568848330564,2.631457552067022
2017-08-16,17.1275,2.840685358894917,2.9730054710515263,2.929668508651922,8.582957570586776,2.929668508651922
2017-08-17,17.04,2.8355635214011694,-0.5108743249160885,-0.5121837493747583,0.2623321931235852,0.5121837493747583
2017-08-18,17.04,2.8355635214011694,0.0,0.0,0.0,0.0
2017-08-21,17.02,2.834389123145228,-0.1173708920187754,-0.1174398255941557,0.0137921126355857,0.1174398255941557
2017-08-22,16.9945,2.8328897622975204,-0.1498237367802635,-0.1499360847707709,0.0224808295163878,0.1499360847707709
2017-08-23,17.0985,2.838990740362806,0.6119626938127176,0.6100978065285615,0.372219333530962,0.6100978065285615
2017-08-24,16.98,2.8320361808832013,-0.6930432494078431,-0.6954559479604643,0.483658975553588,0.6954559479604643
2017-08-25,17.04,2.8355635214011694,0.3533568904593664,0.3527340517968441,0.1244213112970186,0.3527340517968441
2017-08-28,17.44,2.8587664184808337,2.3474178403755985,2.3202897079664013,5.383744328894808,2.3202897079664013
2017-08-29,17.4,2.856470206220483,-0.2293577981651529,-0.2296212260350379,0.0527259074458339,0.2296212260350379
2017-08-30,17.44,2.8587664184808337,0.2298850574712796,0.2296212260350378,0.0527259074458339,0.2296212260350378
2017-08-31,17.58,2.866761892257031,0.8027522935779574,0.7995473776197128,0.6392760090585596,0.7995473776197128
2017-09-01,17.71,2.8741294517947424,0.7394766780432382,0.7367559537711306,0.5428093354172083,0.7367559537711306
2017-09-04,17.905,2.8850800034503963,1.1010728402032657,1.0950551655653755,1.1991458156314123,1.0950551655653755
2017-09-05,17.8875,2.884102144882569,-0.0977380619938683,-0.0977858567826846,0.0095620737867237,0.0977858567826846
2017-09-06,17.8735,2.8833191689750035,-0.0782669461914742,-0.0782975907565584,0.0061305127182815,0.0782975907565584
2017-09-07,18.1275,2.8974301222636107,1.4210982739810474,1.4110953288607146,1.9911900271325285,1.4110953288607146
2017-09-08,18.01,2.8909271591878647,-0.6481864570404117,-0.650296307574604,0.422885287645164,0.650296307574604
2017-09-11,17.8,2.87919845729804,-1.1660188784008985,-1.1728701889825348,1.375624480203927,1.1728701889825348
2017-09-12,17.907,2.8851916978546224,0.6011235955056149,0.5993240556583005,0.3591893236907136,0.5993240556583005
2017-09-13,17.78,2.8780742300857587,-0.7092198581560183,-0.7117467768863879,0.5065834744081616,0.7117467768863879
2017-09-14,17.79,2.8786365016777435,0.0562429696287836,0.0562271591985128,0.0031614934315349,0.0562271591985128
2017-09-15,17.61,2.8684669225081145,-1.0118043844856597,-1.0169579169628935,1.0342034048735078,1.0169579169628935
2017-09-18,17.22,2.846071498999585,-2.2146507666098825,-2.239542350853005,5.015549941264204,2.239542350853005
2017-09-19,17.3175,2.851717550914623,0.5662020905923271,0.5646051915038246,0.3187790222730704,0.5646051915038246
2017-09-20,17.19,2.844327819394758,-0.7362494586400925,-0.7389731519865059,0.5460813193568715,0.7389731519865059
2017-09-21,16.96,2.830857630363757,-1.3379872018615455,-1.3470189031000857,1.814459925308958,1.3470189031000857
2017-09-22,16.99,2.8326249356838407,0.1768867924528239,0.1767305320083579,0.0312336809439572,0.1767305320083579
2017-09-25,17.19,2.844327819394758,1.1771630370806418,1.1702883710917291,1.369574871512533,1.1702883710917291
2017-09-26,16.82,2.822568654544802,-2.1524141942990127,-2.1759164849955908,4.734612549675567,2.1759164849955908
2017-09-27,16.7675,2.819442488991755,-0.3121284185493622,-0.3126165553046918,0.0977291106505714,0.3126165553046918
2017-09-28,16.88,2.826129489167811,0.6709408081109425,0.668700017605595,0.4471597135457231,0.668700017605595
2017-09-29,16.66,2.8130106367386967,-1.3033175355450122,-1.3118852429114307,1.7210428905687836,1.3118852429114307
2017-10-02,16.59,2.808800104202353,-0.4201680672268892,-0.4210532536343494,0.1772858423960717,0.4210532536343494
2017-10-03,16.637,2.811629130677606,0.2833031946956055,0.2829026475252699,0.0800339079768071,0.2829026475252699
2017-10-04,16.58,2.8081971497071487,-0.3426098455250437,-0.3431980970456941,0.1177849338157856,0.3431980970456941
2017-10-05,16.597,2.8092219561385816,0.1025331724969991,0.1024806431432965,0.0105022822190636,0.1024806431432965
2017-10-06,16.79,2.8207834710894493,1.162860757968298,1.1561514950867626,1.3366862795913566,1.1561514950867626
2017-10-09,16.97,2.831447079246135,1.0720667063728315,1.0663608156685405,1.1371253891932749,1.0663608156685405
2017-10-10,17.117,2.8400721217135274,0.8662345315262332,0.8625042467392381,0.7439135756432205,0.8625042467392381
2017-10-11,17.173,2.8433383830017247,0.3271601332008877,0.3266261288197542,0.1066846280277786,0.3266261288197542
2017-10-12,17.25,2.847812143477369,0.4483782682117354,0.4473760475643837,0.2001453279343297,0.4473760475643837
2017-10-13,17.4,2.856470206220483,0.8695652173912993,0.8658062743114531,0.7496205046370791,0.8658062743114531
2017-10-16,17.23,2.8466520505398383,-0.9770114942528664,-0.9818155680645017,0.96396180969382,0.9818155680645017
2017-10-17,17.03,2.834976494674597,-1.160766105629707,-1.1675555865241254,1.3631860476236946,1.1675555865241254
2017-10-18,16.99,2.8326249356838407,-0.2348796241926187,-0.2351558990756432,0.055298296870074,0.2351558990756432
2017-10-19,17.25,2.847812143477369,1.5303119482048322,1.5187207793528164,2.3065128056380257,1.5187207793528164
2017-10-20,17.04,2.8355635214011694,-1.2173913043478255,-1.2248622076199085,1.5002874276555158,1.2248622076199085
2017-10-23,17.07,2.837322536806349,0.1760563380281743,0.1759015405179624,0.0309413519565923,0.1759015405179624
2017-10-24,16.94,2.8296776892239084,-0.7615700058582253,-0.7644847582440853,0.5844369455875176,0.7644847582440853
2017-10-25,16.94,2.8296776892239084,0.0,0.0,0.0,0.0
2017-10-26,16.81,2.821973947420524,-0.767414403778055,-0.7703741803384244,0.5934763777320993,0.7703741803384244
2017-10-27,16.85,2.8243506567983707,0.2379535990481907,0.2376709377846542,0.0564874746674369,0.2376709377846542
2017-10-30,16.8415,2.8238460784815644,-0.050445103857577,-0.0504578316806487,0.0025459927779126,0.0504578316806487
2017-10-31,16.71,2.8160073426073025,-0.7808093103345848,-0.7838735874261947,0.6144578010644122,0.7838735874261947
2017-11-01,17.143,2.841589927025344,2.5912627169359714,2.5582584418041696,6.544686255062298,2.5582584418041696
2017-11-02,17.12,2.840247370713596,-0.134165548620424,-0.1342556311747909,0.0180245745021414,0.1342556311747909
2017-11-03,16.8495,2.8243209827675964,-1.580023364485994,-1.5926387945999587,2.5364983300648096,1.5926387945999587
2017-11-06,17.21,2.845490610223448,2.139529362889125,2.116962745585165,4.481531266195481,2.116962745585165
2017-11-07,16.94,2.8296776892239084,-1.568855316676343,-1.5812920999539637,2.500484705376816,1.5812920999539637
2017-11-08,17.04,2.8355635214011694,0.590318772136933,0.588583217726113,0.3464302041888249,0.588583217726113
2017-11-09,17.0,2.833213344056216,-0.2347417840375509,-0.2350177344953515,0.0552333355273275,0.2350177344953515
2017-11-10,16.9,2.827313621929028,-0.5882352941176561,-0.5899722127188383,0.3480672117803621,0.5899722127188383
2017-11-13,17.05,2.8361502037295256,0.887573964497057,0.8836581800498164,0.7808517791689538,0.8836581800498164
2017-11-14,17.03,2.834976494674597,-0.1173020527859169,-0.1173709054928816,0.0137759294562189,0.1173709054928816
2017-11-15,17.0,2.833213344056216,-0.1761597181444529,-0.1763150618380852,0.0310870010309678,0.1763150618380852
2017-11-16,17.07,2.837322536806349,0.4117647058823559,0.4109192750133194,0.168854650577472,0.4109192750133194
2017-11-17,17.2885,2.850041540581823,1.2800234329232607,1.271900377547364,1.6177305704051272,1.271900377547364
2017-11-20,16.9145,2.8281712422332608,-2.163287734621277,-2.187029834856198,4.783099498551128,2.187029834856198
2017-11-21,16.9695,2.8314176150524943,0.3251647994324314,0.3246372819233207,0.1053893648145616,0.3246372819233207
2017-11-22,17.1505,2.8420273277059147,1.0666195232623243,1.0609712653420504,1.1256600258815117,1.0609712653420504
2017-11-23,17.0975,2.838932253990114,-0.3090288912859784,-0.3095073715800674,0.0957948130624019,0.3095073715800674
2017-11-24,17.0445,2.8358275710440366,-0.3099868401813199,-0.3104682946077707,0.0963905619566575,0.3104682946077707
2017-11-27,17.0525,2.836296820546737,0.0469359617471853,0.0469249502700867,0.0022019509578501,0.0469249502700867
2017-11-28,16.865,2.8252404685136137,-1.099545521184575,-1.105635203312376,1.222429202803599,1.105635203312376
2017-11-29,16.5355,2.805509584863779,-1.9537503705899797,-1.9730883649834443,3.893077696033042,1.9730883649834443
2017-11-30,16.4375,2.799565309937983,-0.5926642677874794,-0.5944274925795727,0.3533440439344379,0.5944274925795727
2017-12-01,16.4565,2.800720535943518,0.1155893536121555,0.1155226005534806,0.013345471238639,0.1155226005534806
2017-12-04,16.3295,2.792973288020048,-0.7717315346519538,-0.7747247923470177,0.6001985038771298,0.7747247923470177
2017-12-05,16.1005,2.778850327408814,-1.4023699439664417,-1.412296061123406,1.994580164264687,1.412296061123406
2017-12-06,15.9615,2.7701795725677587,-0.8633272258625535,-0.8670754841055107,0.7518198951368058,0.8670754841055107
2017-12-07,15.722,2.7550610053715645,-1.5004855433386588,-1.511856719619411,2.2857107406583665,1.511856719619411
2017-12-08,15.8515,2.7632641330694447,0.8236865538735483,0.8203127697880024,0.6729130402772642,0.8203127697880024
2017-12-11,15.7125,2.754456573916366,-0.8768886225278272,-0.880755915307891,0.7757309823498408,0.880755915307891
2017-12-12,15.738,2.7560781701127914,0.1622911694510787,0.1621596196425857,0.026295742242628,0.1621596196425857
2017-12-13,16.08,2.77757626375082,2.173084254670221,2.149809363802865,4.621680300694481,2.149809363802865
2017-12-14,15.8975,2.7661618641594257,-1.1349502487562058,-1.1414399591394382,1.3028851803202424,1.1414399591394382
2017-12-15,16.0525,2.775864600686066,0.9749960685642156,0.970273652664035,0.9414309610540084,0.970273652664035
2017-12-18,16.1515,2.78201292461262,0.6167263666095657,0.614832392655401,0.3780188710583652,0.614832392655401
2017-12-19,16.1415,2.78139359532642,-0.0619137541404746,-0.0619329286200687,0.0038356876474585,0.0619329286200687
2017-12-20,16.1835,2.7839922046773675,0.260198866276351,0.2598609350947656,0.067527705588326,0.2598609350947656
2017-12-21,16.127,2.7804948859983787,-0.3491210183211302,-0.3497318678988791,0.122312379424039,0.3497318678988791
2017-12-22,16.3335,2.7932182134720884,1.2804613381286245,1.2723327473709845,1.6188306200325973,1.2723327473709845
2017-12-26,16.5525,2.806537147816864,1.3408026448709531,1.3318934344775646,1.7739401208044423,1.3318934344775646
2017-12-27,16.6875,2.8146599361604685,0.8155867693701913,0.8122788343604241,0.6597969047499294,0.8122788343604241
2017-12-28,16.8625,2.8250922215338745,1.048689138576786,1.0432285373406047,1.0883257811218174,1.0432285373406047
2017-12-29,16.9545,2.830533285316758,0.5455893254262323,0.5441063782884079,0.296051750894128,0.5441063782884079
2018-01-02,17.1825,2.8438914240136235,1.3447757232593285,1.3358138696864947,1.7843986944468075,1.3358138696864947
2018-01-03,17.1315,2.8409188741766345,-0.2968136185072079,-0.297254983698891,0.0883605253338279,0.297254983698891
2018-01-04,17.2225,2.846216668485214,0.5311852435571973,0.529779430857956,0.2806662453601797,0.529779430857956
2018-01-05,17.2125,2.845635864054773,-0.0580635796196937,-0.0580804430440728,0.0033733378641957,0.0580804430440728
2018-01-08,17.1355,2.841152334941695,-0.4473493100944026,-0.4483529113078076,0.2010203330781868,0.4483529113078076
2018-01-09,16.9705,2.8314765425716626,-0.9629132502699034,-0.9675792370032428,0.9362095798797776,0.9675792370032428
2018-01-10,16.9725,2.831594387193665,0.0117851565952564,0.011784462200233,0.0001388735493487,0.011784462200233
2018-01-11,16.9975,2.8330662744184774,0.1472970982471455,0.147188722481238,0.0216645200256589,0.147188722481238
2018-01-12,17.2555,2.848130933238223,1.5178702750404671,1.5064658819745609,2.2694394535533915,1.5064658819745609
2018-01-15,17.3525,2.8537365882316017,0.5621396076613161,0.5605654993378559,0.3142336790478998,0.5605654993378559
2018-01-16,17.1955,2.8446477216818797,-0.9047687653075952,-0.9088866549722558,0.8260749515866564,0.9088866549722558
2018-01-17,17.0005,2.8332427553884045,-1.1340176208891828,-1.140496629347466,1.300732561552931,1.140496629347466
2018-01-18,16.9505,2.8302973319164604,-0.2941089967941956,-0.294542347194425,0.0867551942908012,0.294542347194425
2018-01-19,17.0285,2.834888410936266,0.4601634170083413,0.4591079019805965,0.2107800656610249,0.4591079019805965
2018-01-22,17.0175,2.834242226339969,-0.0645975863992842,-0.06461845962968,0.0041755453249125,0.06461845962968
2018-01-23,17.0525,2.836296820546737,0.2056706331717395,0.2054594206767959,0.0422135735448446,0.2054594206767959
2018-01-24,17.5605,2.8656520616057,2.9790353320627627,2.9355241058962567,8.617301776298017,2.9355241058962567
2018-01-25,17.3075,2.851139933570044,-1.4407334643091074,-1.4512128035656378,2.1060186012328383,1.4512128035656378
2018-01-26,17.4105,2.85707347249465,0.5951177235302474,0.5933538924606413,0.3520688416981943,0.5933538924606413
2018-01-29,17.1655,2.842901555527068,-1.4071968065247795,-1.4171916967582183,2.008432305360438,1.4171916967582183
2018-01-30,17.1325,2.8409772444778416,-0.1922460749759769,-0.1924311049225988,0.0370297301417322,0.1924311049225988
2018-01-31,17.3425,2.85316013627732,1.2257405515832431,1.2182891799477558,1.4842285259777752,1.2182891799477558
2018-02-01,17.2305,2.8466810692714315,-0.6458123107971891,-0.6479067005887923,0.4197830926678549,0.6479067005887923
2018-02-02,16.5915,2.8088905160282813,-3.708540088796031,-3.779055324315,14.281259144233552,3.779055324315
2018-02-05,16.7345,2.817472456714708,0.8618871108700299,0.8581940686426186,0.7364970594533715,0.8581940686426186
2018-02-06,16.6395,2.811779386864687,-0.5676895037198482,-0.5693069850020588,0.3241104431721344,0.5693069850020588
2018-02-07,16.3775,2.795908441623894,-1.5745665434658496,-1.5870945240792589,2.5188690283623694,1.5870945240792589
2018-02-08,16.4155,2.798226010434833,0.2320256449397151,0.2317568810939129,0.053711251934378,0.2317568810939129
2018-02-09,16.3215,2.7924832570770395,-0.5726295269714687,-0.5742753357794084,0.3297921612845522,0.5742753357794084
2018-02-12,16.5495,2.806355889886333,1.396930429188492,1.3872632809294003,1.924499410615004,1.3872632809294003
2018-02-13,16.5775,2.8080463542608856,0.1691894014925088,0.1690464374552397,0.0285766980163082,0.1690464374552397
2018-02-14,16.8605,2.8249736081244894,1.707133162418928,1.6927253863603515,2.865319233628802,1.6927253863603515
2018-02-15,16.863,2.825121872688048,0.0148275555291954,0.0148264563558329,0.0002198238080714,0.0148264563558329
2018-02-16,16.6925,2.814959516749887,-1.011089367253759,-1.0162355938160883,1.0327347821387376,1.0162355938160883
2018-02-19,16.6675,2.813460715510078,-0.1497678598172735,-0.149880123980869,0.0224640515645206,0.149880123980869
2018-02-20,16.4535,2.800538220537361,-1.283935803209857,-1.2922494972716745,1.6699087631988954,1.2922494972716745
2018-02-21,16.5055,2.8036936586966554,0.3160421794755175,0.3155438159294093,0.0995678997712929,0.3155438159294093
2018-02-22,16.62,2.810606789427302,0.6937081578867632,0.6913130730646817,0.4779137649901339,0.6913130730646817
2018-02-23,16.53,2.805176911832933,-0.5415162454873612,-0.5429877594369288,0.294835706898336,0.5429877594369288
2018-02-26,16.665,2.813310711759703,0.8166969147005432,0.8133799926770185,0.6615870124872667,0.8133799926770185
2018-02-27,16.4275,2.7989567597898857,-1.4251425142514318,-1.4353951969817196,2.0603593715181896,1.4353951969817196
2018-02-28,16.414,2.79813462920752,-0.0821792725612335,-0.0822130582365767,0.0067589869446107,0.0822130582365767
2018-03-01,16.4745,2.801813730914373,0.3685877909101798,0.367910170685313,0.1353578936936962,0.367910170685313
2018-03-02,16.5185,2.8044809649388736,0.2670794257792375,0.2667234024500205,0.0711413734145156,0.2667234024500205
2018-03-05,16.437,2.7995348912243885,-0.4933862033477565,-0.4946073714484986,0.2446364518911931,0.4946073714484986
2018-03-06,16.759,2.8189354274027365,1.958994950416737,1.940053617834795,3.7638080400738754,1.940053617834795
2018-03-07,16.495,2.8030573046805447,-1.575272987648424,-1.5878122722191583,2.5211478118097674,1.5878122722191583
2018-03-08,16.5,2.803360380906535,0.0303122158229696,0.0303076225990109,0.000918551987604,0.0303076225990109
2018-03-09,16.59,2.808800104202353,0.5454545454545379,0.5439723295818122,0.2959058953506637,0.5439723295818122
2018-03-12,16.5435,2.8059932754321744,-0.2802893309222343,-0.2806828770178802,0.0787828774510344,0.2806828770178802
2018-03-13,16.6,2.8094026953624978,0.3415238613352578,0.3409419930323211,0.1162414426128512,0.3409419930323211
2018-03-14,16.55,2.806386101823072,-0.3012048192771122,-0.3016593539425679,0.0909983658210474,0.3016593539425679
2018-03-15,16.41,2.797890905102,-0.8459214501510659,-0.8495196721072464,0.7216836732972035,0.8495196721072464
2018-03-16,16.33,2.7930039069823738,-0.4875076173065262,-0.4886998119625844,0.2388275062122653,0.4886998119625844
2018-03-19,16.3265,2.792789554555543,-0.021432945499078,-0.0214352426830838,0.0004594696288827,0.0214352426830838
2018-03-20,16.2,2.785011242238338,-0.7748139527761655,-0.7778312317204521,0.6050214250397556,0.7778312317204521
2018-03-21,16.575,2.807895536071926,2.314814814814814,2.2884293833587805,5.236909042619849,2.2884293833587805
2018-03-22,16.39,2.7966713927557385,-1.1161387631975828,-1.122414331618785,1.259813931823243,1.122414331618785
2018-03-23,16.56,2.8069901489571136,1.037217815741287,1.0318756201375132,1.0647672954341774,1.0318756201375132
2018-03-26,16.705,2.81570807580872,0.8756038647342868,0.8717926851606097,0.7600224858995459,0.8717926851606097
2018-03-27,16.532,2.805297896649486,-1.03561807841962,-1.041017915923378,1.0837183012734537,1.041017915923378
2018-03-28,16.295,2.790858312289525,-1.4335833534962372,-1.4439584359960935,2.0850159648842843,1.4439584359960935
2018-03-29,16.36,2.794839331174601,0.3988953666768768,0.3981018885075953,0.1584851136333138,0.3981018885075953
2018-04-02,16.599,2.809342452584082,1.4608801955990236,1.450312140948141,2.1034053061815805,1.450312140948141
2018-04-03,16.419,2.7984392008298906,-1.08440267485993,-1.0903251754191583,1.1888089881528183,1.0903251754191583
2018-04-04,16.32,2.792391349535961,-0.6029599853827894,-0.6047851293929855,0.3657650527348902,0.6047851293929855
2018-04-05,16.4,2.797281334830153,0.4901960784313708,0.488998529419177,0.2391195617741177,0.488998529419177
2018-04-06,16.37,2.7954503913830435,-0.1829268292682817,-0.1830943447109093,0.0335235390651173,0.1830943447109093
2018-04-09,16.496,2.803117927274604,0.7697006719608934,0.766753589156047,0.5879110664836801,0.766753589156047
2018-04-10,16.573,2.8077748651414067,0.4667798254122335,0.4656937866802915,0.2168707029526288,0.4656937866802915
2018-04-11,16.674,2.813850619988421,0.6094249683219699,0.6075754847014768,0.3691479696102345,0.6075754847014768
2018-04-12,16.47,2.8015405441895487,-1.2234616768621809,-1.2310075798872715,1.5153796617399171,1.2310075798872715
2018-04-13,16.64,2.8118094353930627,1.0321797207043293,1.026889120351376,1.054501265496023,1.026889120351376
2018-04-16,16.672,2.8137306655709566,0.1923076923076916,0.1921230177893872,0.0369112539645012,0.1921230177893872
2018-04-17,16.781,2.820247294019025,0.6537907869481607,0.6516628448068146,0.4246644633017105,0.6516628448068146
2018-04-18,17.196,2.844676798634035,2.47303498003697,2.442950461501062,5.968006957348252,2.442950461501062
2018-04-19,17.254,2.848044000654387,0.3372877413351904,0.3367202020351891,0.1133804944586185,0.3367202020351891
2018-04-20,17.1345,2.8410939748599744,-0.6925930219079723,-0.6950025794412704,0.4830285854300194,0.6950025794412704
2018-04-23,16.621,2.8106669560889728,-2.99687764451837,-3.0427018771001366,9.258034712908694,3.0427018771001366
2018-04-24,16.7245,2.8168747102011986,0.6227062150291784,0.6207754112225468,0.385362111178522,0.6207754112225468
2018-04-25,16.564,2.8072316656833207,-0.9596699452898428,-0.9643044517877708,0.9298830757377132,0.9643044517877708
2018-04-26,16.5145,2.804238782877326,-0.2988408596957148,-0.2992882805994896,0.0895734749041988,0.2992882805994896
2018-04-27,16.53,2.805176911832933,0.0938569136213596,0.0938128955606959,0.008800859373482,0.0938128955606959
2018-04-30,16.33,2.7930039069823738,-1.2099213551119314,-1.2173004850559206,1.4818204709173797,1.2173004850559206
2018-05-01,16.16,2.782539053092949,-1.0410287813839458,-1.046485388942432,1.0951316692699935,1.046485388942432
2018-05-02,16.39,2.7966713927557385,1.42326732673268,1.4132339662789064,1.9972302434444087,1.4132339662789064
2018-05-03,16.44,2.799717389628034,0.3050640634533197,0.3045996872295486,0.0927809694603388,0.3045996872295486
2018-05-04,16.52,2.804571768092832,0.4866180048661794,0.4854378464798143,0.2356499027949597,0.4854378464798143
2018-05-07,16.48,2.8021475244813256,-0.2421307506053183,-0.242424361150628,0.0587695708792901,0.242424361150628
2018-05-08,16.47,2.8015405441895487,-0.0606796116504937,-0.0606980291776768,0.0036842507460541,0.0606980291776768
2018-05-09,16.51,2.803966257932037,0.2428658166363284,0.2425713742487885,0.0588408716049458,0.2425713742487885
2018-05-10,16.72,2.8166056076565558,1.2719563900666089,1.263934972451875,1.5975316145869218,1.263934972451875
2018-05-11,16.68,2.8142103969306005,-0.2392344497607612,-0.2395210725954822,0.0573703442172902,0.2395210725954822
2018-05-14,16.52,2.804571768092832,-0.959232613908878,-0.9638628837768743,0.9290316587226726,0.9638628837768743
2018-05-15,16.27,2.7893229212309465,-1.513317191283292,-1.5248846861885568,2.3252733061723734,1.5248846861885568
2018-05-16,16.37,2.7954503913830435,0.6146281499692874,0.6127470152097292,0.375458904648432,0.6127470152097292
2018-05-17,16.43,2.799108932049177,0.3665241295051746,0.3658540666133,0.1338491980574889,0.3658540666133
2018-05-18,16.43,2.799108932049177,0.0,0.0,0.0,0.0
2018-05-21,16.5165,2.8043598812396184,0.5264759586123047,0.5250949190441847,0.2757246740060189,0.5250949190441847
2018-05-22,16.53,2.805176911832933,0.0817364453728153,0.0817030593314414,0.006675389904117,0.0817030593314414
2018-05-23,16.46,2.800933195248924,-0.4234724742891771,-0.4243716584009117,0.18009130445394,0.4243716584009117
2018-05-24,16.65,2.8124102164264526,1.154313487241776,1.147702117752886,1.3172201510944597,1.147702117752886
2018-05-25,16.49,2.802754136571508,-0.960960960960966,-0.9656079854945352,0.9323987816508142,0.9656079854945352
2018-05-28,16.472,2.8016619697254885,-0.1091570648877882,-0.1092166846018983,0.0119282841954305,0.1092166846018983
2018-05-29,16.36,2.794839331174601,-0.6799417192812185,-0.6822638550887469,0.4654839679605586,0.6822638550887469
2018-05-30,16.51,2.803966257932037,0.9168704156479413,0.9126926757435838,0.8330079203559826,0.9126926757435838
2018-05-31,16.4225,2.798652345784491,-0.5299818291944369,-0.5313912147545777,0.2823766231183457,0.5313912147545777
2018-06-01,16.4,2.797281334830153,-0.1370071548180917,-0.1371010954338286,0.0187967103691557,0.1371010954338286
2018-06-04,16.43,2.799108932049177,0.1829268292683039,0.1827597219024085,0.0334011159498457,0.1827597219024085
2018-06-05,16.49,2.802754136571508,0.3651856360316508,0.3645204522330835,0.1328751600962117,0.3645204522330835
2018-06-06,16.66,2.8130106367386967,1.030927835051565,1.0256500167189282,1.0519579567955375,1.0256500167189282
2018-06-07,16.7,2.815408719422709,0.2400960384153716,0.2398082684012846,0.0575080055936225,0.2398082684012846
2018-06-08,16.771,2.8196512043494906,0.4251497005988147,0.4242484926781415,0.1799867835396751,0.4242484926781415
2018-06-11,16.9255,2.8288213604594685,0.921233080913475,0.9170156109977664,0.8409176308136066,0.9170156109977664
2018-06-12,16.86,2.824943952573709,-0.3869900446072494,-0.3877407885759046,0.1503429191254643,0.3877407885759046
2018-06-13,17.04,2.8355635214011694,1.067615658362997,1.061956882746035,1.127752420811676,1.061956882746035
2018-06-14,17.14,2.8414149131696336,0.5868544600938996,0.5851391768464087,0.3423878562804928,0.5851391768464087
2018-06-15,16.56,2.8069901489571136,-3.3838973162193757,-3.442476421252015,11.850643910876082,3.442476421252015
2018-06-18,16.47,2.8015405441895487,-0.5434782608695676,-0.5449604767564703,0.2969819212266394,0.5449604767564703
2018-06-19,16.29,2.790551422613954,-1.0928961748633892,-1.0989121575595209,1.2076079300321207,1.0989121575595209
2018-06-20,16.28,2.7899373605743945,-0.0613873542050225,-0.0614062039559409,0.0037707218842786,0.0614062039559409
2018-06-21,16.33,2.7930039069823738,0.3071253071252888,0.3066546407979322,0.0940370687229088,0.3066546407979322
2018-06-22,16.46,2.800933195248924,0.7960808328230318,0.7929288266550075,0.628736124140487,0.7929288266550075
2018-06-25,16.3285,2.79291204728269,-0.7989064398542078,-0.8021147966233546,0.6433881469621255,0.8021147966233546
2018-06-26,16.29,2.790551422613954,-0.2357840585479276,-0.2360624668736505,0.0557254882664733,0.2360624668736505
2018-06-27,16.05,2.775708849576025,-1.4732965009207954,-1.484257303792874,2.2030197438624914,1.484257303792874
2018-06-28,16.01,2.773213527008624,-0.2492211838006186,-0.2495322567401509,0.0622663471538325,0.2495322567401509
2018-06-29,16.0925,2.778353324944634,0.5153029356651961,0.5139797936010426,0.2641752282301703,0.5139797936010426
2018-07-02,15.85,2.763169500323289,-1.5069131583035689,-1.5183824621344368,2.3054853013174346,1.5183824621344368
2018-07-03,16.03,2.7744619666214616,1.1356466876971671,1.1292466298172026,1.27519795095351,1.1292466298172026
2018-07-04,16.09,2.778197961004292,0.374298190892075,0.3735994382830233,0.1395765402853905,0.3735994382830233
2018-07-05,16.06,2.776331708518616,-0.1864512119328809,-0.186625248567626,0.0348289834029282,0.186625248567626
2018-07-06,16.03,2.7744619666214616,-0.1867995018679846,-0.1869741897153925,0.0349593476197276,0.1869741897153925
2018-07-09,16.09,2.778197961004292,0.374298190892075,0.3735994382830233,0.1395765402853905,0.3735994382830233
2018-07-10,16.06,2.776331708518616,-0.1864512119328809,-0.186625248567626,0.0348289834029282,0.186625248567626
2018-07-11,15.8055,2.760357980725555,-1.5846824408468183,-1.5973727793060624,2.551599796067974,1.5973727793060624
2018-07-12,15.9475,2.769302077133973,0.8984214355762132,0.8944096408418287,0.7999686056308091,0.8944096408418287
2018-07-13,15.81,2.7606426512213806,-0.8622041072268383,-0.8659425912592673,0.7498565713568145,0.8659425912592673
2018-07-16,15.81,2.7606426512213806,0.0,0.0,0.0,0.0
2018-07-17,15.57,2.745345985845907,-1.5180265654648917,-1.5296665375473648,2.339879716092144,1.5296665375473648
2018-07-18,15.56,2.7447035187502458,-0.0642260757867663,-0.0642467095661386,0.0041276396900757,0.0642467095661386
2018-07-19,15.3125,2.728669488304946,-1.5906169665809822,-1.603403044529985,2.570901323208025,1.603403044529985
2018-07-20,15.52,2.7421295147550726,1.355102040816325,1.346002645012693,1.8117231203811652,1.346002645012693
2018-07-23,15.4,2.734367509419584,-0.773195876288657,-0.7762005335489189,0.6024872682816265,0.7762005335489189
2018-07-24,15.45,2.7376090033437546,0.3246753246753275,0.3241493924171023,0.1050728286043765,0.3241493924171023
2018-07-25,15.61,2.7479117345273405,1.035598705501628,1.0302731183586329,1.0614626984124211,1.0302731183586329
2018-07-26,15.38,2.733067964077498,-1.4734144778987712,-1.484377044984266,2.203375211676222,1.484377044984266
2018-07-27,15.5,2.740840023925201,0.7802340702210531,0.7772059847702889,0.6040491427627546,0.7772059847702889
2018-07-30,15.51,2.7414849771884477,0.064516129032266,0.0644953263246597,0.0041596471177243,0.0644953263246597
2018-07-31,15.51,2.7414849771884477,0.0,0.0,0.0,0.0
2018-08-01,15.39,2.733717947850788,-0.7736943907156624,-0.7767029337659547,0.603267447320641,0.7767029337659547
2018-08-02,15.32,2.729159164312445,-0.4548408057180042,-0.4558783538342671,0.2078250734946413,0.4558783538342671
2018-08-03,15.42,2.7356653681351832,0.6527415143602999,0.6506203822738058,0.4233068818301132,0.6506203822738058
2018-08-06,15.31,2.728506209669592,-0.7133592736705552,-0.7159158465591019,0.5125354993544355,0.7159158465591019
2018-08-07,15.38,2.733067964077498,0.4572175048987548,0.4561754407905488,0.2080960327804515,0.4561754407905488
2018-08-08,15.41,2.7350166493320245,0.1950585175552577,0.1948685254526378,0.0379737422120853,0.1948685254526378
2018-08-09,15.45,2.7376090033437546,0.2595717066839587,0.2592354011729958,0.0672029932213241,0.2592354011729958
2018-08-10,15.33,2.7298116928837226,-0.7766990291262044,-0.7797310460031618,0.6079805041011848,0.7797310460031618
2018-08-13,14.99,2.7073833121145063,-2.217873450750163,-2.2428380769216423,5.030322639289571,2.2428380769216423
2018-08-14,15.05,2.711377991194885,0.4002668445630464,0.3994679080378442,0.1595746095521316,0.3994679080378442
2018-08-15,14.44,2.67000213346468,-4.053156146179415,-4.13758577302047,17.119616029101405,4.13758577302047
2018-08-16,14.66,2.6851226964585053,1.5235457063711877,1.5120562993825228,2.2863142525023696,1.5120562993825228
2018-08-17,14.8155,2.695673930034155,1.0607094133697093,1.0551233575649162,1.113285299679062,1.0551233575649162
2018-08-20,14.76,2.6919208191723265,-0.3746076743950666,-0.3753110861828275,0.1408584114117337,0.3753110861828275
2018-08-21,14.79,2.6939512767227085,0.2032520325203179,0.2030457550381921,0.0412275786390295,0.2030457550381921
2018-08-22,14.76,2.6919208191723265,-0.2028397565922879,-0.2030457550381951,0.0412275786390307,0.2030457550381951
2018-08-23,14.49,2.673458756332591,-1.8292682926829285,-1.846206283973544,3.408477642983403,1.846206283973544
2018-08-24,14.8155,2.695673930034155,2.2463768115942084,2.221517370156368,4.935139425906466,2.221517370156368
2018-08-27,14.89,2.700689846695917,0.5028517431068913,0.5015916661763077,0.2515941995775245,0.5015916661763077
2018-08-28,14.71,2.688527534613346,-1.2088650100738785,-1.2162312082571505,1.4792183519386477,1.2162312082571505
2018-08-29,14.76,2.6919208191723265,0.3399048266485405,0.3393284558980308,0.1151438009821418,0.3393284558980308
2018-08-30,14.55,2.677590993617501,-1.4227642276422705,-1.4329825554824855,2.0534390043171147,1.4329825554824855
2018-08-31,14.51,2.6748380668960965,-0.2749140893470891,-0.2752926721405143,0.0757860553342647,0.2752926721405143
2018-09-03,14.498,2.674010708878686,-0.0827015851137202,-0.0827358017410514,0.0068452128897345,0.0827358017410514
2018-09-04,14.18,2.651832521103981,-2.1934059870326927,-2.2178187774704567,4.918720129700551,2.2178187774704567
2018-09-05,14.1945,2.65285456563426,0.1022566995768636,0.1022044530278529,0.0104457502187226,0.1022044530278529
2018-09-06,14.158,2.6502798353519976,-0.2571418507168244,-0.2574730282262492,0.0662923602639949,0.2574730282262492
2018-09-07,14.16,2.6504210882655737,0.0141262890238857,0.0141252913576322,0.000199523855938,0.0141252913576322
2018-09-10,14.17,2.6511270537025893,0.0706214689265571,0.0705965437015401,0.0049838719826034,0.0705965437015401
2018-09-11,14.14,2.6490076604684267,-0.2117148906139676,-0.2119393234162315,0.04491827681013,0.2119393234162315
2018-09-12,14.2525,2.6569323299236,0.7956152758132884,0.792466945517311,0.6280038597375368,0.792466945517311
2018-09-13,14.15,2.649714624089247,-0.7191720750745478,-0.7217705834353242,0.5209527751125683,0.7217705834353242
2018-09-14,14.0675,2.643867172325297,-0.5830388692579458,-0.5847451763949589,0.3419269213171716,0.5847451763949589
2018-09-17,14.1815,2.651938298302042,0.8103785320774826,0.8071125976745089,0.6514307453248938,0.8071125976745089
2018-09-18,14.1505,2.649749959154002,-0.218594647956849,-0.2188339148040318,0.0478882822684582,0.2188339148040318
2018-09-19,14.2445,2.656370867298751,0.6642874810077526,0.6620908144749262,0.4383642466120712,0.6620908144749262
2018-09-20,14.3185,2.6615524074426293,0.5194987539050233,0.5181540143878648,0.2684835826262596,0.5181540143878648
2018-09-21,14.2995,2.6602245716196053,-0.1326954639103261,-0.1327835823024035,0.0176314797290591,0.1327835823024035
2018-09-24,14.27,2.658159431488745,-0.2063009196125786,-0.2065140130860476,0.0426480376009042,0.2065140130860476
2018-09-25,14.45,2.670694414558441,1.261387526278912,1.253498306969617,1.5712580055756964,1.253498306969617
2018-09-26,14.3285,2.6622505608552856,-0.8408304498269792,-0.8443853703155301,0.7129866536028948,0.8443853703155301
2018-09-27,14.2455,2.65644106736898,-0.5792651010224414,-0.5809493486305964,0.3375021456743143,0.5809493486305964
2018-09-28,14.63,2.683074215032033,2.6990979607595555,2.663314766305328,7.093245544420003,2.663314766305328
2018-10-01,14.5,2.6741486494265287,-0.8885850991114164,-0.8925565605504239,0.7966572137816025,0.8925565605504239
2018-10-02,14.69,2.6871669901857858,1.3103448275862073,1.3018340759257223,1.6947719612413794,1.3018340759257223
2018-10-03,14.65,2.6844403354630764,-0.2722940776038074,-0.2726654722709576,0.0743464597687443,0.2726654722709576
2018-10-04,14.59,2.6803363625346943,-0.4095563139931757,-0.4103972928382051,0.1684259379689274,0.4103972928382051
2018-10-05,14.64,2.6837575085331657,0.3427004797806665,0.3421145998471171,0.117042399428553,0.3421145998471171
2018-10-08,14.367,2.6649339100285823,-1.8647540983606548,-1.8823598504583487,3.543278606617577,1.8823598504583487
2018-10-09,14.3865,2.6662902668539785,0.1357277093338771,0.1356356825396336,0.0183970383779922,0.1356356825396336
2018-10-10,14.29,2.659559991941776,-0.6707677336391771,-0.6730274912202446,0.4529660039382164,0.6730274912202446
2018-10-11,14.58,2.6796507265805123,2.029391182645224,2.009073463873622,4.036376183241154,2.009073463873622
2018-10-12,14.62,2.6823904543216326,0.274348422496562,0.2739727741120269,0.0750610809546397,0.2739727741120269
2018-10-15,14.7,2.6878474937846906,0.547195622435015,0.5457039463058118,0.2977927970137363,0.5457039463058118
2018-10-16,14.66,2.6851226964585053,-0.2721088435374108,-0.2724797326185142,0.074245204687857,0.2724797326185142
2018-10-17,14.62,2.6823904543216326,-0.2728512960436635,-0.2732242136873062,0.0746514709450467,0.2732242136873062
2018-10-18,14.57,2.6789646202071133,-0.341997264021876,-0.3425834114518862,0.1173633938020123,0.3425834114518862
2018-10-19,14.63,2.683074215032033,0.4118050789293059,0.4109594824919468,0.1688876962500487,0.4109594824919468
2018-10-22,14.5645,2.6785870609515685,-0.4477101845522857,-0.4487154080464296,0.2013455174182738,0.4487154080464296
2018-10-23,14.74,2.6905648867611904,1.2049847231281552,1.1977825809621951,1.4346831112564575,1.1977825809621951
2018-10-24,14.6835,2.6867244143874576,-0.3833107191316132,-0.3840472373732886,0.1474922805340551,0.3840472373732886
2018-10-25,14.65,2.6844403354630764,-0.22814724009943,-0.2284078924381317,0.0521701653280291,0.2284078924381317
2018-10-26,14.7,2.6878474937846906,0.3412969283276279,0.3407158321614134,0.1160872782854444,0.3407158321614134
2018-10-29,14.475,2.672423023459059,-1.530612244897955,-1.5424470325631638,2.37914284826291,1.5424470325631638
2018-10-30,14.49,2.673458756332591,0.1036269430051861,0.1035732873532118,0.0107274258531509,0.1035732873532118
2018-10-31,14.2655,2.657844034874892,-1.5493443754313383,-1.5614721457699168,2.438195262015308,1.5614721457699168
2018-11-01,14.74,2.6905648867611904,3.326206582313973,3.2720851886298625,10.706541481650923,3.2720851886298625
2018-11-02,14.74,2.6905648867611904,0.0,0.0,0.0,0.0
2018-11-05,14.65,2.6844403354630764,-0.6105834464043447,-0.612455129811426,0.3751012860323307,0.612455129811426
2018-11-06,14.54,2.6769034721053733,-0.7508532423208258,-0.7536863357703073,0.5680430927268724,0.7536863357703073
2018-11-07,14.58,2.6796507265805123,0.2751031636863965,0.2747254475138924,0.0754740715117084,0.2747254475138924
2018-11-08,14.4345,2.6696211744824283,-0.9979423868312742,-1.0029552098083911,1.005919152881794,1.0029552098083911
2018-11-09,14.1735,2.6513740239086534,-1.8081679309986387,-1.8247150573774813,3.329585040620105,1.8247150573774813
2018-11-12,13.9945,2.6386643952838176,-1.2629202384732086,-1.2709628624835856,1.6153465978124697,1.2709628624835856
2018-11-13,13.9915,2.638450002372255,-0.02143699310444,-0.0214392911562348,0.0004596432052818,0.0214392911562348
2018-11-14,14.13,2.6483001966964363,0.9898867169352954,0.9850194324181086,0.9702632822412928,0.9850194324181086
2018-11-15,14.28,2.658859956911438,1.0615711252653923,1.0559760215002254,1.1150853579834443,1.0559760215002254
2018-11-16,14.4205,2.668650805319472,0.983893557422988,0.97908484080337,0.9586071254909602,0.97908484080337
2018-11-19,14.4275,2.6691361076029843,0.04854200617177,0.0485302283512602,0.0023551830638254,0.0485302283512602
2018-11-20,14.31,2.66095859356836,-0.8144169121469425,-0.8177514034624904,0.6687173578648727,0.8177514034624904
2018-11-21,14.51,2.6748380668960965,1.3976240391334604,1.387947332773681,1.926397798553576,1.387947332773681
2018-11-22,14.4885,2.6733552313053237,-0.1481736733287331,-0.148283559077319,0.0219880138926367,0.148283559077319
2018-11-23,14.2805,2.6588949703040647,-1.4356213548676555,-1.4460261001258667,2.090991482245223,1.4460261001258667
2018-11-26,14.22,2.6546494243750947,-0.4236546339413838,-0.4245545928969716,0.1802466023499133,0.4245545928969716
2018-11-27,14.16,2.6504210882655737,-0.4219409282700481,-0.4228336109521176,0.1787882625508067,0.4228336109521176
2018-11-28,14.32,2.6616571615325,1.1299435028248703,1.123607326692597,1.2624934245972843,1.123607326692597
2018-11-29,14.32,2.6616571615325,0.0,0.0,0.0,0.0
2018-11-30,14.18,2.651832521103981,-0.9776536312849248,-0.9824640428518204,0.9652355954967436,0.9824640428518204
2018-12-03,14.38,2.665838352292901,1.410437235543016,1.400583118891917,1.961633072925009,1.400583118891917
2018-12-04,14.54,2.6769034721053733,1.112656467315709,1.1065119812472606,1.224368764643738,1.1065119812472606
2018-12-05,14.5005,2.674183131590633,-0.2716643741402902,-0.2720340514740429,0.0740025251613822,0.2720340514740429
2018-12-06,14.47,2.6720775406433925,-0.2103375745663993,-0.2105590947240311,0.0443351323710035,0.2105590947240311
2018-12-07,14.631,2.683142565396025,1.1126468555632263,1.1065024752632666,1.224347727763736,1.1065024752632666
2018-12-10,14.5325,2.6763875205933685,-0.6732280773699695,-0.6755044802656676,0.4563063028589896,0.6755044802656676
2018-12-11,14.54,2.6769034721053733,0.0516084637880442,0.0515951512004558,0.0026620596273979,0.0515951512004558
2018-12-12,14.7405,2.6905988074884544,1.3789546079780113,1.3695335383081075,1.8756221125507249,1.3695335383081075
2018-12-13,14.76,2.6919208191723265,0.1322885926528849,0.1322011683872146,0.0174771489229446,0.1322011683872146
2018-12-14,14.59,2.6803363625346943,-1.1517615176151796,-1.1584456637632194,1.341996355891806,1.1584456637632194
2018-12-17,14.66,2.6851226964585053,0.479780671692942,0.4786333923811172,0.2290899243022565,0.4786333923811172
2018-12-18,14.65,2.6844403354630764,-0.0682128240109158,-0.0682360995429139,0.0046561652808304,0.0682360995429139
2018-12-19,14.5975,2.680850281175556,-0.3583617747440315,-0.3590054287520733,0.12888489787346,0.3590054287520733
2018-12-20,14.77,2.6925980965432883,1.181709196780267,1.174781536773278,1.3801116591433844,1.174781536773278
2018-12-21,14.63,2.683074215032033,-0.9478672985781866,-0.9523881511255364,0.9070431904043178,0.9523881511255364
2018-12-24,14.7755,2.6929704036671165,0.994531784005459,0.9896188635083448,0.979345495011548,0.9896188635083448
2018-12-26,15.04,2.7107133185216936,1.7901255456668208,1.774291485457736,3.1481102753678187,1.774291485457736
2018-12-27,15.23,2.7232671669070703,1.2632978723404298,1.255384838537672,1.575991092830257,1.255384838537672
2018-12-28,15.37,2.7324175575505043,0.9192383453709764,0.915039064343403,0.8372964892744504,0.915039064343403
2018-12-31,15.4935,2.7404205811326605,0.8035133376707915,0.800302358215633,0.6404838645655033,0.800302358215633
2019-01-02,15.53,2.7427736371605955,0.2355826636976754,0.2353056027934877,0.0553687267060066,0.2353056027934877
2019-01-03,15.73,2.7555697170701863,1.28783000643915,1.2796079909590756,1.6373966105263218,1.2796079909590756
2019-01-04,15.69,2.753023566744941,-0.254291163382081,-0.2546150325245317,0.0648288147874683,0.2546150325245317
2019-01-07,15.67,2.751748056367929,-0.1274697259400881,-0.1275510377011753,0.0162692672186466,0.1275510377011753
2019-01-08,15.66,2.751109690562657,-0.063816209317169,-0.0638365805272441,0.0040751090134113,0.0638365805272441
2019-01-09,15.75,2.7568403652716422,0.5747126436781658,0.5730674708985074,0.3284063262020116,0.5730674708985074
2019-01-10,15.57,2.745345985845907,-1.1428571428571457,-1.1494379425735133,1.3212075838276311,1.1494379425735133
2019-01-11,15.6,2.747270914255491,0.19267822736031,0.1924928409584418,0.0370534938202519,0.1924928409584418
2019-01-14,15.6515,2.750566759038533,0.3301282051282106,0.3295844783042093,0.1086259283390578,0.3295844783042093
2019-01-15,15.5815,2.7460843130868047,-0.4472414784525425,-0.4482445951728647,0.2009232171016853,0.4482445951728647
2019-01-16,15.6,2.747270914255491,0.1187305458396181,0.1186601168686634,0.0140802233352848,0.1186601168686634
2019-01-17,15.53,2.7427736371605955,-0.4487179487179471,-0.4497277094895645,0.2022550126827301,0.4497277094895645
2019-01-18,15.34,2.73046379593911,-1.2234385061171915,-1.2309841221485562,1.5153219089818517,1.2309841221485562
2019-01-21,15.2695,2.725857374752076,-0.4595827900912619,-0.4606421187034279,0.2121911615235829,0.4606421187034279
2019-01-22,15.34,2.73046379593911,0.4617047054585876,0.4606421187034244,0.2121911615235797,0.4606421187034244
2019-01-23,15.37,2.7324175575505043,0.1955671447196882,0.1953761611394377,0.0381718443415835,0.1953761611394377
2019-01-24,15.3165,2.728930678681565,-0.3480806766428035,-0.3486878868939121,0.1215832424665416,0.3486878868939121
2019-01-25,15.73,2.7555697170701863,2.6997029347435757,2.663903838862114,7.096383662704308,2.663903838862114
2019-01-28,15.74,2.756205242989257,0.063572790845523,0.0635525919070761,0.0040389319381073,0.0635525919070761
2019-01-29,15.84,2.76253838638628,0.6353240152477735,0.6333143397022599,0.4010870528725094,0.6333143397022599
2019-01-30,16.06,2.776331708518616,1.388888888888884,1.379332213233577,1.902557354463838,1.379332213233577
2019-01-31,16.0685,2.776860833762453,0.0529265255292843,0.0529125243837567,0.0027997352366616,0.0529125243837567
2019-02-01,15.9205,2.7676075869582224,-0.9210567258922664,-0.9253246804230684,0.8562257642000538,0.9253246804230684
2019-02-04,15.86,2.7638002162067017,-0.3800131905405068,-0.3807370751520394,0.1449607203953297,0.3807370751520394
2019-02-05,15.85,2.763169500323289,-0.0630517023959664,-0.0630715883412323,0.0039780252558858,0.0630715883412323
2019-02-06,15.67,2.751748056367929,-1.135646687697156,-1.142144395536011,1.30449382025432,1.142144395536011
2019-02-07,15.73,2.7555697170701863,0.3828972559029919,0.3821660702256922,0.1460509052317487,0.3821660702256922
2019-02-08,15.8265,2.76168575026812,0.6134774316592484,0.6116033197933006,0.3740586207821864,0.6116033197933006
2019-02-11,15.71,2.75429745226753,-0.7361071620383464,-0.7388298000589617,0.5458694734551653,0.7388298000589617
2019-02-12,15.7,2.7536607123542622,-0.0636537237428513,-0.063673991326754,0.0040543771714795,0.063673991326754
2019-02-13,15.57,2.745345985845907,-0.8280254777069951,-0.8314726508355299,0.6913467690874631,0.8314726508355299
2019-02-14,15.61,2.7479117345273405,0.2569043031470652,0.2565748681433609,0.065830662962783,0.2565748681433609
2019-02-15,15.7915,2.7594718205890763,1.1627162075592556,1.1560086061735462,1.3363558975473049,1.1560086061735462
2019-02-18,15.8065,2.7604212478393304,0.0949878098977397,0.0949427250254236,0.0090141210352531,0.0949427250254236
2019-02-19,15.98,2.7713379403381286,1.0976497010723565,1.0916692498798426,1.1917417511332182,1.0916692498798426
2019-02-20,16.05,2.775708849576025,0.4380475594493171,0.4370909237896318,0.1910484756592737,0.4370909237896318
2019-02-21,15.8,2.760009940032921,-1.5576323987538945,-1.5698909543103754,2.464557608425541,1.5698909543103754
2019-02-22,15.9245,2.767858803791071,0.7879746835443013,0.784886375814999,0.6160466229400038,0.784886375814999
2019-02-25,15.88,2.7650604558189897,-0.2794436246035925,-0.2798347972081412,0.0783075137285215,0.2798347972081412
2019-02-26,15.92,2.767576180416237,0.2518891687657287,0.2515724597247148,0.0632887024919432,0.2515724597247148
2019-02-27,15.76,2.757475084429733,-1.005025125628145,-1.0101095986503934,1.0203214012856587,1.0101095986503934
2019-02-28,15.63,2.749192144433385,-0.8248730964466988,-0.8282939996347808,0.6860709498309823,0.8282939996347808
2019-03-01,15.16,2.7186603802142257,-3.007037747920671,-3.0531764219159703,9.321886263343607,3.0531764219159703
2019-03-04,15.08,2.71336936257981,-0.527704485488123,-0.5291017634415548,0.279948676076963,0.5291017634415548
2019-03-05,15.13,2.7166795278002644,0.3315649867374093,0.3310165220454624,0.109571937867074,0.3310165220454624
2019-03-06,15.07,2.712706012638404,-0.396563119629878,-0.3973515161860495,0.1578882274153523,0.3973515161860495
2019-03-07,15.02,2.7093826463359885,-0.3317850033178526,-0.3323366302415432,0.1104476358003042,0.3323366302415432
2019-03-08,15.35,2.731115474033206,2.197070572569904,2.1732827697217445,4.723157997169417,2.1732827697217445
2019-03-11,15.3205,2.729191800855585,-0.1921824104234581,-0.1923673177620725,0.0370051849429742,0.1923673177620725
2019-03-12,15.4425,2.737123448587917,0.7963186580072668,0.7931647732331879,0.6291103574980544,0.7931647732331879
2019-03-13,15.4525,2.7377708025512915,0.0647563542172546,0.0647353963374149,0.0041906715389622,0.0647353963374149
2019-03-14,15.1915,2.7207360609093927,-1.689047079760564,-1.703474164189876,2.901824228062396,1.703474164189876
2019-03-15,15.2935,2.7274279015284466,0.6714281012408341,0.6691840619053936,0.4478073087082016,0.6691840619053936
2019-03-18,15.3525,2.731278327221417,0.3857848105404127,0.3850425692970605,0.1482577801708816,0.3850425692970605
2019-03-19,15.3615,2.7318643792014647,0.058622374206152,0.0586051980047677,0.003434569233178,0.0586051980047677
2019-03-20,15.5005,2.740872281469437,0.9048595514761004,0.9007902267972024,0.8114230326933553,0.9007902267972024
2019-03-21,15.4715,2.738999621746145,-0.187090739008422,-0.1872659723291888,0.0350685443923965,0.1872659723291888
2019-03-22,15.44,2.73696154459663,-0.2036001680509436,-0.2038077149515032,0.0415375846737531,0.2038077149515032
2019-03-25,15.5435,2.743642544805333,0.6703367875647626,0.668100020870306,0.4463576378869032,0.668100020870306
2019-03-26,15.4335,2.7365404715018378,-0.7076913179142386,-0.710207330349563,0.5043944520822532,0.710207330349563
2019-03-27,15.2985,2.727754784376545,-0.8747205753717568,-0.8785687125292102,0.771882982635234,0.8785687125292102
2019-03-28,15.0145,2.7090164008475357,-1.8563911494591023,-1.8738383529010367,3.511270172802872,1.8738383529010367
2019-03-29,15.1395,2.717307222364887,0.8325285557294615,0.8290821517351681,0.6873772143258162,0.8290821517351681
2019-04-01,15.115,2.715687628231421,-0.1618283298655765,-0.1619594133465385,0.0262308515715549,0.1619594133465385
2019-04-02,15.1245,2.7163159455192427,0.0628514720476314,0.0628317287821275,0.0039478261417508,0.0628317287821275
2019-04-03,15.135,2.7170099424736818,0.0694237826043941,0.0693996954439392,0.0048163177277115,0.0693996954439392
2019-04-04,15.12,2.716018370751387,-0.0991080277502498,-0.0991571722295051,0.0098321448045517,0.0991571722295051
2019-04-05,15.1085,2.715257499351562,-0.0760582010582044,-0.0760871399824927,0.0057892528707154,0.0760871399824927
2019-04-08,15.24,2.7239235502585,0.8703709832213802,0.8666050906938316,0.7510043832164641,0.8666050906938316
2019-04-09,15.22,2.72261035243354,-0.1312335958005173,-0.1313197824960361,0.0172448852748062,0.1313197824960361
2019-04-10,15.22,2.72261035243354,0.0,0.0,0.0,0.0
2019-04-11,14.98,2.7067159780890733,-1.5768725361366642,-1.5894374344466378,2.52631135802031,1.5894374344466378
2019-04-12,14.9925,2.707550076060528,0.0834445927903715,0.0834097971454191,0.0069571942598399,0.0834097971454191
2019-04-15,15.003,2.7082501811048765,0.0700350175087516,0.0700105044348537,0.0049014707312226,0.0700105044348537
2019-04-16,15.0075,2.708550076143861,0.0299940011997623,0.0299895038984804,0.0008993703440769,0.0299895038984804
2019-04-17,15.0,2.70805020110221,-0.0499750124937525,-0.0499875041651042,0.0024987505726563,0.0499875041651042
2019-04-18,15.02,2.7093826463359885,0.1333333333333408,0.1332445233778695,0.0177541030101956,0.1332445233778695
2019-04-22,15.0135,2.7089497963450464,-0.0432756324900029,-0.0432849990942423,0.0018735911465885,0.0432849990942423
2019-04-23,14.84,2.6973262377392344,-1.1556266027242246,-1.1623558605811868,1.3510711466274312,1.1623558605811868
2019-04-24,14.94,2.7040421797046714,0.6738544474393482,0.6715941965436809,0.4510387648311523,0.6715941965436809
2019-04-25,14.95,2.704711299836696,0.0669344042838027,0.0669120132024194,0.0044772175108007,0.0669120132024194
2019-04-26,15.0535,2.7116105222969678,0.6923076923077032,0.6899222460271933,0.475992705563207,0.6899222460271933
2019-04-29,14.91,2.702032128776647,-0.9532666821669312,-0.957839352032014,0.9174562243011086,0.957839352032014
2019-04-30,14.94,2.7040421797046714,0.2012072434607548,0.20100509280241,0.0404030473325054,0.20100509280241
2019-05-01,14.68,2.6864860231863696,-1.7402945113788482,-1.755615651830172,3.08218631695108,1.755615651830172
2019-05-02,14.62,2.6823904543216326,-0.4087193460490468,-0.4095568864737082,0.1677368432580379,0.4095568864737082
2019-05-03,14.92,2.702702594775615,2.0519835841313228,2.031214045398231,4.125830498223046,2.031214045398231
2019-05-06,14.9005,2.7013947694353684,-0.1306970509383442,-0.1307825340246639,0.0171040712059123,0.1307825340246639
2019-05-07,14.92,2.702702594775615,0.1308680916747739,0.1307825340246554,0.0171040712059101,0.1307825340246554
2019-05-08,14.85,2.6979998652487085,-0.4691689008042954,-0.4702729526906226,0.2211566500323566,0.4702729526906226
2019-05-09,14.77,2.6925980965432883,-0.5387205387205385,-0.540176870542019,0.2917910514685691,0.540176870542019
2019-05-10,14.777,2.693071917921497,0.0473933649289159,0.047382137820849,0.0022450669844739,0.047382137820849
2019-05-13,14.76,2.6919208191723265,-0.1150436489138484,-0.1151098749170383,0.0132502833034162,0.1151098749170383
2019-05-14,14.8,2.694627180770069,0.2710027100271128,0.2706361597743067,0.073243930977384,0.2706361597743067
2019-05-15,14.7985,2.694525824282323,-0.0101351351351364,-0.0101356487746631,0.0001027313760833,0.0101356487746631
2019-05-16,14.56,2.67827804276854,-1.611649829374595,-1.6247781513782815,2.639904041196226,1.6247781513782815
2019-05-17,14.43,2.6693093727857797,-0.8928571428571508,-0.8968669982760488,0.8043704125966901,0.8968669982760488
2019-05-20,14.46,2.671386216730619,0.2079002079002245,0.207684394483929,0.0431328077121562,0.207684394483929
2019-05-21,14.46,2.671386216730619,0.0,0.0,0.0,0.0
2019-05-22,14.44,2.67000213346468,-0.1383125864453771,-0.1384083265938563,0.0191568648705116,0.1384083265938563
2019-05-23,14.59,2.6803363625346943,1.038781163434899,1.0334229070014065,1.0679629047152377,1.0334229070014065
2019-05-24,14.57,2.6789646202071133,-0.1370801919122644,-0.137174232758077,0.018816770132767,0.137174232758077
2019-05-27,14.59,2.6803363625346943,0.1372683596430945,0.1371742327580736,0.0188167701327661,0.1371742327580736
2019-05-28,14.36,2.664446563620078,-1.5764222069910905,-1.588979891461616,2.5248570954693688,1.588979891461616
2019-05-29,14.41,2.667922410011431,0.3481894150417775,0.3475846391352544,0.120815081362785,0.3475846391352544
2019-05-30,14.5255,2.67590572555342,0.8015267175572438,0.7983315541989598,0.6373332704297268,0.7983315541989598
2019-05-31,14.58,2.6796507265805123,0.3752022305600455,0.3745001027091649,0.1402503269291751,0.3745001027091649
2019-06-03,14.79,2.6939512767227085,1.4403292181069949,1.430055014219633,2.0450573436947157,1.430055014219633
2019-06-04,14.8,2.694627180770069,0.0676132521974404,0.0675904047361045,0.0045684628123904,0.0675904047361045
2019-06-05,14.81,2.6953026282797072,0.0675675675675613,0.0675447509637972,0.0045622933827613,0.0675447509637972
2019-06-06,14.89,2.700689846695917,0.5401755570560329,0.53872184162101,0.2902212226395326,0.53872184162101
2019-06-07,15.02,2.7093826463359885,0.8730691739422314,0.8692799640070952,0.7556476558241767,0.8692799640070952
2019-06-10,14.7,2.6878474937846906,-2.130492676431428,-2.1535152551298102,4.637627954076812,2.1535152551298102
2019-06-11,14.75,2.691243082785829,0.3401360544217802,0.3395589001138329,0.1153002466465159,0.3395589001138329
2019-06-12,14.7825,2.693444048712848,0.2203389830508495,0.2200965927019097,0.0484425101189903,0.2200965927019097
2019-06-13,14.91,2.702032128776647,0.8625063419583912,0.8588080063799087,0.7375511918222334,0.8588080063799087
2019-06-14,14.86,2.698673039289613,-0.3353454057679506,-0.335908948703404,0.112834821819026,0.335908948703404
2019-06-17,14.84,2.6973262377392344,-0.1345895020188448,-0.1346801550378738,0.0181387441610257,0.1346801550378738
2019-06-18,15.01,2.7087166456453704,1.1455525606469008,1.1390407906136202,1.297413922681701,1.1390407906136202
2019-06-19,15.16,2.7186603802142257,0.9993337774816702,0.9943734568854926,0.9887785717584048,0.9943734568854926
2019-06-20,15.4245,2.735957154355218,1.744722955145117,1.7296774140992326,2.991783956845008,1.7296774140992326
2019-06-21,15.3335,2.7300399773271296,-0.5899705014749235,-0.5917177028088507,0.3501298398173834,0.5917177028088507
2019-06-24,15.4425,2.737123448587917,0.7108618384582766,0.7083471260787738,0.5017556510240583,0.7083471260787738
2019-06-25,15.37,2.7324175575505043,-0.4694835680751241,-0.4705891037412728,0.2214541045600143,0.4705891037412728
2019-06-26,15.27,2.725890119230541,-0.6506180871828193,-0.6527438319963383,0.4260745102092639,0.6527438319963383
2019-06-27,15.26,2.725235025856311,-0.065487884741322,-0.0655093374230111,0.0042914732896019,0.0655093374230111
2019-06-28,15.31,2.728506209669592,0.327653997378774,0.3271183813281498,0.1070064354027488,0.3271183813281498
2019-07-01,15.15,2.7180005319553784,-1.045068582625741,-1.05056777142143,1.1036926423493902,1.05056777142143
2019-07-02,15.32,2.729159164312445,1.1221122112211157,1.1158632357067029,1.2451507608018326,1.1158632357067029
2019-07-03,15.3,2.72785282839839,-0.1305483028720577,-0.1306335914055413,0.0170651352035099,0.1306335914055413
2019-07-04,15.2815,2.726642946459524,-0.120915032679747,-0.1209881938865978,0.0146381430599409,0.1209881938865978
2019-07-05,15.02,2.7093826463359885,-1.7112194483525855,-1.7260300123535224,2.979179603545101,1.7260300123535224
2019-07-08,15.03,2.710048203764883,0.0665778961384866,0.0665557428894482,0.0044296669115663,0.0665557428894482
2019-07-09,15.11,2.715356776284648,0.5322687957418415,0.5308572519764998,0.281809421976041,0.5308572519764998
2019-07-10,15.2365,2.7236938650902305,0.8371939113170024,0.8337088805582173,0.695070497521636,0.8337088805582173
2019-07-11,15.115,2.715687628231421,-0.7974272306632058,-0.8006236858809018,0.640998286393521,0.8006236858809018
2019-07-12,15.23,2.7232671669070703,0.7608336089976797,0.7579538675649021,0.5744940653565932,0.7579538675649021
2019-07-15,15.39,2.733717947850788,1.050558108995414,1.0450780943717517,1.092188223335692,1.0450780943717517
2019-07-16,15.5555,2.744414273838136,1.0753736192332664,1.0696325987348043,1.144113896276171,1.0696325987348043
2019-07-17,15.97,2.770711962226921,2.6646523737584804,2.629768838878517,6.915684145936464,2.629768838878517
2019-07-18,16.35,2.7942278973432626,2.37946149029431,2.351593511634141,5.529992043959793,2.351593511634141
2019-07-19,16.2,2.785011242238338,-0.9174311926605672,-0.9216655104924176,0.8494673132312488,0.9216655104924176
2019-07-22,16.36,2.794839331174601,0.9876543209876631,0.9828088936262692,0.9659133213908916,0.9828088936262692
2019-07-23,16.41,2.797890905102,0.3056234718826545,0.3051573927398671,0.0931210343437934,0.3051573927398671
2019-07-24,16.6,2.8094026953624978,1.157830591102993,1.1511790260498087,1.325213150016986,1.1511790260498087
2019-07-25,16.41,2.797890905102,-1.1445783132530196,-1.1511790260498096,1.325213150016988,1.1511790260498096
2019-07-26,16.35,2.7942278973432626,-0.3656307129798808,-0.3663007758737035,0.1341762584056771,0.3663007758737035
2019-07-29,16.46,2.800933195248924,0.6727828746177389,0.6705297905661374,0.4496102000366681,0.6705297905661374
2019-07-30,16.57,2.807593831438472,0.6682867557715744,0.6660636189547859,0.4436407444951463,0.6660636189547859
2019-07-31,16.27,2.7893229212309465,-1.810500905250456,-1.8270910207525148,3.3382615981144665,1.8270910207525148
2019-08-01,16.3255,2.792728302564834,0.341118623232961,0.3405381333887762,0.1159662202919119,0.3405381333887762
2019-08-02,16.22,2.7862450486872667,-0.6462282931610219,-0.6483253877567323,0.4203258084099173,0.6483253877567323
2019-08-05,16.3955,2.79700690693436,1.0819975339087629,1.0761858247092846,1.158175929305203,1.0761858247092846
2019-08-06,16.45,2.800325477211381,0.3324082827605101,0.3318570277021238,0.1101290868352881,0.3318570277021238
2019-08-07,17.11,2.839663087904102,4.012158054711246,3.933761069272121,15.47447615012094,3.933761069272121
2019-08-08,16.93,2.829087196145044,-1.0520163646990044,-1.0575891759058142,1.1184948649931392,1.0575891759058142
2019-08-09,16.98,2.8320361808832013,0.2953337271116352,0.29489847381573,0.0869651098588468,0.29489847381573
2019-08-12,17.07,2.837322536806349,0.5300353356890497,0.5286355923148025,0.2794555894620221,0.5286355923148025
2019-08-13,16.97,2.831447079246135,-0.5858230814294152,-0.5875457560214365,0.3452100154188014,0.5875457560214365
2019-08-14,17.22,2.846071498999585,1.4731879787860835,1.46244197534497,2.1387365312508977,1.46244197534497
2019-08-15,17.27,2.848970892158587,0.2903600464576161,0.2899393159002578,0.0840648069047095,0.2899393159002578
2019-08-16,17.12,2.840247370713596,-0.8685581933989495,-0.8723521444991108,0.7609982640121975,0.8723521444991108
2019-08-19,16.88,2.826129489167811,-1.4018691588785217,-1.4117881545785158,1.9931457934082115,1.4117881545785158
2019-08-20,17.16,2.8425810940598164,1.65876777251186,1.645160489200528,2.706553035226521,1.645160489200528
2019-08-21,17.12,2.840247370713596,-0.2331002331002252,-0.23337233462201,0.0544626465669274,0.23337233462201
2019-08-22,17.0465,2.8359449040646165,-0.4293224299065423,-0.4302466648979736,0.1851121926558291,0.4302466648979736
2019-08-23,17.47,2.860485124145965,2.484380957967902,2.45402200813488,6.022224016410347,2.45402200813488
2019-08-26,17.67,2.871868286331605,1.1448196908987018,1.1383162185640014,1.2957638134458476,1.1383162185640014
2019-08-27,18.2,2.9014215940827497,2.999434069043572,2.955330775114459,8.733979990338629,2.955330775114459
2019-08-28,18.36,2.9101743851923443,0.879120879120876,0.8752791109594708,0.7661135220820016,0.8752791109594708
2019-08-29,18.27,2.905260370389916,-0.4901960784313708,-0.491401480242904,0.2414754147849172,0.491401480242904
2019-08-30,18.34,2.9090844668283187,0.3831417624521105,0.3824096438403476,0.1462371357021015,0.3824096438403476
2019-09-02,18.4685,2.916066578135736,0.7006543075245286,0.6982111307416564,0.4874987830915424,0.6982111307416564
2019-09-03,19.26,2.9580304063699794,4.285675609822137,4.196382823424414,17.609628800731453,4.196382823424414
2019-09-04,19.6,2.975529566236472,1.7653167185877503,1.7499159866492089,3.062205960330473,1.7499159866492089
2019-09-05,18.65,2.9258461460898246,-4.846938775510223,-4.96834201466472,24.684422374682686,4.96834201466472
2019-09-06,18.05,2.89314568477889,-3.2171581769436908,-3.2700461310934528,10.69320169947926,3.2700461310934528
2019-09-09,18.01,2.8909271591878647,-0.2216066481994461,-0.2218525591025217,0.0492185579803378,0.2218525591025217
2019-09-10,18.01,2.8909271591878647,0.0,0.0,0.0,0.0
2019-09-11,18.12,2.8970163006148333,0.6107717934480839,0.6089141426968555,0.3707764331762465,0.6089141426968555
2019-09-12,18.1,2.89591193827178,-0.1103752759381904,-0.1104362343053213,0.0121961618475398,0.1104362343053213
2019-09-13,17.44,2.8587664184808337,-3.646408839779003,-3.7145519790946464,13.797896405395957,3.7145519790946464
2019-09-16,17.845,2.8817233569421234,2.322247706421998,2.29569384612899,5.270210235154515,2.29569384612899
2019-09-17,18.02,2.891482252180192,0.9806668534603658,0.9758895238068312,0.9523603626759236,0.9758895238068312
2019-09-18,17.76,2.876948737564024,-1.442841287458374,-1.4533514616167795,2.1122304709836293,1.4533514616167795
2019-09-19,17.79,2.8786365016777435,0.1689189189189033,0.1687764113719614,0.0284854770355975,0.1687764113719614
2019-09-20,17.95,2.887590114934288,0.8993816750983763,0.8953613256544167,0.8016719034776345,0.8953613256544167
2019-09-23,18.64,2.925309809257445,3.844011142061299,3.7719694323157418,14.22775339832434,3.7719694323157418
2019-09-24,18.61,2.9236990706541595,-0.1609442060085952,-0.1610738603285852,0.0259447884811525,0.1610738603285852
2019-09-25,17.91,2.8853592160726205,-3.7614185921547527,-3.833985458153895,14.699444493335532,3.833985458153895
2019-09-26,17.82,2.8803214220426634,-0.5025125628140725,-0.5037794029957181,0.2537936868827221,0.5037794029957181
2019-09-27,17.49,2.8616292890305104,-1.85185185185186,-1.8692133012152632,3.4939583654400623,1.8692133012152632
2019-09-30,16.99,2.8326249356838407,-2.858776443682109,-2.9004353346670104,8.412525130584934,2.9004353346670104
2019-10-01,17.24,2.847232265235547,1.4714537963507857,1.4607329551706296,2.1337407663215204,1.4607329551706296
2019-10-02,17.56,2.8656235882069705,1.8561484918793612,1.839132297142367,3.3824076063921598,1.839132297142367
2019-10-03,17.5575,2.865481209051038,-0.014236902050102,-0.0142379155932012,0.0002027182404391,0.0142379155932012
2019-10-04,17.55,2.865053949911875,-0.042716787697572,-0.0427259139163722,0.0018255037199892,0.0427259139163722
2019-10-07,17.434,2.858422322589385,-0.6609686609686638,-0.663162732249055,0.4397848094440317,0.663162732249055
2019-10-08,17.73,2.8752581200861167,1.69783182287484,1.6835797496732203,2.834440773509743,1.6835797496732203
2019-10-09,17.73,2.8752581200861167,0.0,0.0,0.0,0.0
2019-10-10,17.52,2.8633430855082453,-1.1844331641285957,-1.191503457787114,1.4196804899186488,1.191503457787114
2019-10-11,17.53,2.863913698933143,0.0570776255707894,0.0570613424897881,0.0032559968067369,0.0570613424897881
2019-10-14,17.66,2.8713021951758138,0.741585852823734,0.7388496242670857,0.5458987672796136,0.7388496242670857
2019-10-15,17.41,2.8570447537800976,-1.4156285390713452,-1.4257441395716255,2.032746351522835,1.4257441395716255
2019-10-16,17.4,2.856470206220483,-0.0574382538770956,-0.0574547559614465,0.0033010489825893,0.0574547559614465
2019-10-17,17.5485,2.8649684761736287,0.8534482758620898,0.8498269953145702,0.7222059219653905,0.8498269953145702
2019-10-18,17.5585,2.865538163146053,0.0569849274866696,0.0569686972424355,0.0032454324655002,0.0569686972424355
2019-10-21,17.56,2.8656235882069705,0.0085428709741819,0.0085425060917403,7.29744103274208e-05,0.0085425060917403
2019-10-22,17.52,2.8633430855082453,-0.2277904328018221,-0.2280502698725217,0.05200692558893,0.2280502698725217
2019-10-23,17.5505,2.865082439534532,0.1740867579908656,0.1739354026286291,0.0302535242875833,0.1739354026286291
2019-10-24,17.802,2.87931081053674,1.433007606620884,1.4228371002207965,2.024465413764725,1.4228371002207965
2019-10-25,18.07,2.8942531046041373,1.505448825974609,1.4942294067397366,2.2327215199657853,1.4942294067397366
2019-10-28,17.8505,2.8820315190378234,-1.2147205312672993,-1.2221585566313766,1.4936715375472898,1.2221585566313766
2019-10-29,17.83,2.8808824318750488,-0.114842721492403,-0.1149087162774452,0.0132040130765304,0.1149087162774452
2019-10-30,17.88,2.883682769745368,0.2804262478968145,0.2800337870319156,0.0784189218794362,0.2800337870319156
2019-10-31,18.12,2.8970163006148333,1.3422818791946511,1.3333530869465389,1.7778304544698644,1.3333530869465389
2019-11-01,18.117,2.896850723993874,-0.0165562913907235,-0.0165576620959406,0.0002741561740833,0.0165576620959406
2019-11-04,18.06,2.8936995479888394,-0.3146216260970447,-0.3151176005034541,0.0992991021470545,0.3151176005034541
2019-11-05,17.58,2.866761892257031,-2.657807308970106,-2.6937655731808485,7.256372963254345,2.6937655731808485
2019-11-06,17.64,2.870169050578645,0.3412969283276501,0.3407158321614356,0.1160872782854595,0.3407158321614356
2019-11-07,17.11,2.839663087904102,-3.0045351473922954,-3.0505962674543188,9.30613758700622,3.0505962674543188
2019-11-08,16.81,2.821973947420524,-1.7533606078316777,-1.7689140483577874,3.1290569104775368,1.7689140483577874
2019-11-11,16.86,2.824943952573709,0.2974419988102328,0.2970005153185166,0.0882093060994644,0.2970005153185166
2019-11-12,16.7675,2.819442488991755,-0.5486358244365386,-0.5501463581954181,0.3026610154356813,0.5501463581954181
2019-11-13,16.97,2.831447079246135,1.2076934545996787,1.2004590254379772,1.441101871755498,1.2004590254379772
2019-11-14,17.03,2.834976494674597,0.3535651149086716,0.3529415428462057,0.12456773266666,0.3529415428462057
2019-11-15,16.96,2.830857630363757,-0.4110393423370495,-0.4118864310839872,0.1696504321111041,0.4118864310839872
2019-11-18,17.0375,2.835416797022651,0.4569575471698117,0.4559166658893993,0.2078600062357062,0.4559166658893993
2019-11-19,17.15,2.8419981736119486,0.6603081438004255,0.6581376589297774,0.433145178101568,0.6581376589297774
2019-11-20,17.1485,2.8419107062299376,-0.0087463556851297,-0.0087467382011228,7.650542915898216e-05,0.0087467382011228
2019-11-21,17.1,2.8390784635086144,-0.282823570574664,-0.28322427213233,0.0802159883248881,0.28322427213233
2019-11-22,17.0,2.833213344056216,-0.5847953216374324,-0.5865119452398134,0.3439962619089899,0.5865119452398134
2019-11-25,16.89,2.826721730819709,-0.6470588235294117,-0.6491613236507374,0.4214104241239774,0.6491613236507374
2019-11-26,17.08,2.837908188360424,1.1249259917110566,1.1186457540714951,1.251368323102184,1.1186457540714951
2019-11-27,16.96,2.830857630363757,-0.7025761124121677,-0.7050557996666688,0.4971036806436057,0.7050557996666688
2019-11-28,16.9495,2.830238334866296,-0.0619103773584983,-0.0619295497461618,0.0038352691317623,0.0619295497461618
2019-11-29,17.019,2.83433036701254,0.4100415941473034,0.4092032146244188,0.1674472708589581,0.4092032146244188
2019-12-02,16.91,2.827905162910489,-0.6404606616134845,-0.6425204102050832,0.4128324775301084,0.6425204102050832
2019-12-03,17.17,2.843163674909384,1.5375517445298748,1.525851199889534,2.3282218842043303,1.525851199889534
2019-12-04,16.86,2.824943952573709,-1.8054746651135825,-1.8219722335674888,3.319582819890904,1.8219722335674888
2019-12-05,16.96,2.830857630363757,0.5931198102016699,0.5913677790047707,0.3497158500450353,0.5913677790047707
2019-12-06,16.57,2.807593831438472,-2.2995283018868,-2.326379892528554,5.412043404361167,2.326379892528554
2019-12-09,16.61,2.810004923625204,0.2414001207000637,0.2411092186731995,0.0581336553292007,0.2411092186731995
2019-12-10,16.67,2.813610696762703,0.3612281757977342,0.3605773137499349,0.130015999191119,0.3605773137499349
2019-12-11,16.86,2.824943952573709,1.1397720455908589,1.1333255811006535,1.2844268727771344,1.1333255811006535
2019-12-12,16.93,2.829087196145044,0.4151838671411667,0.4143243571334591,0.1716646729140541,0.4143243571334591
2019-12-13,16.9475,2.830120330322984,0.10336680448908,0.1033134177939752,0.0106736622962724,0.1033134177939752
2019-12-16,17.04,2.8355635214011694,0.5458032158135229,0.5443191078185858,0.2962832911364212,0.5443191078185858
2019-12-17,17.014,2.8340365345536926,-0.1525821596244148,-0.1526986847477098,0.0233168883236804,0.1526986847477098
2019-12-18,17.015,2.834095307952869,0.0058775126366539,0.0058773399176476,3.454312450757441e-05,0.0058773399176476
2019-12-19,17.06,2.836736542063533,0.2644725242433088,0.264123411066395,0.0697611762733478,0.264123411066395
2019-12-20,17.18,2.8437459165561094,0.703399765533419,0.7009374492576328,0.4913133077717965,0.7009374492576328
2019-12-23,17.45,2.859339648648436,1.571594877764837,1.55937320923268,2.431644805672628,1.55937320923268
2019-12-24,17.7825,2.8782148276255333,1.905444126074496,1.887517897709699,3.5627238141744413,1.887517897709699
2019-12-26,17.9,2.884800712846709,0.660761985097702,0.6585885221176064,0.433738841465053,0.6585885221176064
2019-12-27,17.75,2.8763855159214247,-0.8379888268156388,-0.8415196925284472,0.7081553929131722,0.8415196925284472
2019-12-30,17.93,2.8864752876170416,1.0140845070422566,1.0089771695616738,1.0180349286966868,1.0089771695616738
2019-12-31,17.853,2.882171561330825,-0.4294478527607226,-0.4303726286216668,0.1852205994667231,0.4303726286216668
2020-01-02,18.02,2.891482252180192,0.9354170167478636,0.9310690849366934,0.8668896409248515,0.9310690849366934
2020-01-03,18.02,2.891482252180192,0.0,0.0,0.0,0.0
2020-01-06,18.15,2.89867056071086,0.7214206437291759,0.7188308530667793,0.5167177953207136,0.7188308530667793
2020-01-07,18.4055,2.912649532992815,1.407713498622587,1.3978972281955138,1.9541166605967,1.3978972281955138
2020-01-08,18.1,2.89591193827178,-1.659829942136848,-1.6737594721034748,2.8014707704561026,1.6737594721034748
2020-01-09,17.9,2.884800712846709,-1.1049723756906271,-1.1111225425070943,1.23459330446743,1.1111225425070943
2020-01-10,18.0795,2.894778699714371,1.0027932960893882,0.9977986867661623,0.9956022193122784,0.9977986867661623
2020-01-13,17.96,2.888147062874053,-0.6609696064603487,-0.6631636840317295,0.4397860718185356,0.6631636840317295
2020-01-14,17.8,2.87919845729804,-0.8908685968819552,-0.8948605576014034,0.8007754175506946,0.8948605576014034
2020-01-15,18.0055,2.8906772667791287,1.1544943820224862,1.1478809481089298,1.3176306710314556,1.1478809481089298
2020-01-16,17.94,2.88703285663065,-0.3637777345811055,-0.3644410148478614,0.1328172533033391,0.3644410148478614
2020-01-17,18.02,2.891482252180192,0.4459308807134743,0.4449395549541646,0.19797120756281,0.4449395549541646
2020-01-20,18.0665,2.8940593946426887,0.2580466148723648,0.2577142462496638,0.0664166327200323,0.2577142462496638
2020-01-21,17.79,2.8786365016777435,-1.5304569230343623,-1.5422892964944883,2.378656274081464,1.5422892964944883
2020-01-22,17.8375,2.881302982802955,0.2670039347948183,0.2666481125210926,0.0711012159110612,0.2666481125210926
2020-01-23,17.8,2.87919845729804,-0.2102312543798112,-0.2104525504915275,0.0442902760083889,0.2104525504915275
2020-01-24,18.12,2.8970163006148333,1.7977528089887729,1.781784331679389,3.174755404618168,1.781784331679389
2020-01-27,18.1,2.89591193827178,-0.1103752759381904,-0.1104362343053213,0.0121961618475398,0.1104362343053213
2020-01-28,17.47,2.860485124145965,-3.480662983425431,-3.542681412581504,12.55059159105048,3.542681412581504
2020-01-29,17.56,2.8656235882069705,0.5151688609044136,0.5138464061005464,0.2640381290624476,0.5138464061005464
2020-01-30,17.837,2.881274951576166,1.577448747152621,1.565136336919574,2.4496517531460227,1.565136336919574
2020-01-31,18.0315,2.8921202284302816,1.090430005045695,1.0845276854115282,1.1762003004240866,1.0845276854115282
2020-02-03,17.68,2.8724340572094973,-1.9493663866012367,-1.9686171220784316,3.875453373340366,1.9686171220784316
2020-02-04,17.59,2.867330558749466,-0.5090497737556543,-0.5103498460030557,0.2604569653153426,0.5103498460030557
2020-02-05,17.61,2.8684669225081145,0.1137009664582189,0.113636375864801,0.0129132259196863,0.113636375864801
2020-02-06,17.82,2.8803214220426634,1.192504258943794,1.18544995345486,1.4052915921461295,1.18544995345486
2020-02-07,17.71,2.8741294517947424,-0.6172839506172756,-0.6191970247920995,0.3834049555113878,0.6191970247920995
2020-02-10,17.77,2.87751164216656,0.3387916431394577,0.3382190371817679,0.114392117112162,0.3382190371817679
2020-02-11,17.65,2.8707357833793057,-0.6752954417557744,-0.6775858787254254,0.4591226230481069,0.6775858787254254
2020-02-12,17.49,2.8616292890305104,-0.9065155807365444,-0.9106494348795078,0.8292823932463669,0.9106494348795078
2020-02-13,17.65,2.8707357833793057,0.914808461978267,0.910649434879501,0.8292823932463546,0.910649434879501
2020-02-14,17.7295,2.8752299188988446,0.4504249291784834,0.4494135519539025,0.201972540679823,0.4494135519539025
2020-02-17,17.7855,2.878383518584098,0.3158577512055949,0.3153599685252962,0.0994519097482758,0.3153599685252962
2020-02-18,18.17,2.89977188240808,2.1618734362261582,2.1388363823982144,4.574621070670281,2.1388363823982144
2020-02-19,18.435,2.914251031686108,1.458447991194256,1.447914927802782,2.096457638154135,1.447914927802782
2020-02-20,18.367,2.910555576146398,-0.3688635747219893,-0.3695455539709821,0.13656391645972,0.3695455539709821
2020-02-21,18.5,2.917770732084279,0.7241247890237945,0.7215155937881209,0.5205847520794247,0.7215155937881209
2020-02-24,18.64,2.925309809257445,0.756756756756749,0.7539077173165913,0.5683768462295135,0.7539077173165913
2020-02-25,18.0,2.8903717578961645,-3.433476394849788,-3.493805136128046,12.206674329234716,3.493805136128046
2020-02-26,17.92,2.8859174075467844,-0.4444444444444362,-0.4454350349380196,0.1984123703502348,0.4454350349380196
2020-02-27,17.7775,2.877933612775536,-0.7952008928571508,-0.7983794771248538,0.6374097894941549,0.7983794771248538
2020-02-28,16.62,2.810606789427302,-6.511039234988036,-6.732682334823371,45.32901142164268,6.732682334823371
2020-03-02,16.73,2.8172035149987327,0.6618531889289958,0.6596725571430418,0.4351678826476398,0.6596725571430418
2020-03-03,17.22,2.846071498999585,2.9288702928870203,2.886798400085205,8.333605002734501,2.886798400085205
2020-03-04,17.22,2.846071498999585,0.0,0.0,0.0,0.0
2020-03-05,17.44,2.8587664184808337,1.2775842044134844,1.2694919481248943,1.61160980635394,1.2694919481248943
2020-03-06,17.33,2.8524391037275145,-0.6307339449541427,-0.6327314753319001,0.4003491198756829,0.6327314753319001
2020-03-09,17.025,2.834682852035576,-1.7599538372763956,-1.7756251691938612,3.1528447414747283,1.7756251691938612
2020-03-10,16.8925,2.8268697364441926,-0.7782672540381785,-0.7813115591383452,0.6104477524431918,0.7813115591383452
2020-03-11,16.7705,2.819621390536749,-0.7222140002959843,-0.724834590744349,0.5253851839395278,0.724834590744349
2020-03-12,15.8485,2.7630748586209304,-5.497749023583076,-5.6546531915818825,31.97510271706717,5.6546531915818825
2020-03-13,14.7,2.6878474937846906,-7.2467425939363395,-7.522736483623967,56.59156420204708,7.522736483623967
2020-03-16,12.8155,2.5506553758321138,-12.819727891156464,-13.719211795257664,188.216772283137,13.719211795257664
2020-03-17,12.6545,2.5380128831414748,-1.2562912098630583,-1.2642492690639344,1.5983262143286925,1.2642492690639344
2020-03-18,11.9545,2.481107776530852,-5.53162906475958,-5.690510661062357,32.38191158366434,5.690510661062357
2020-03-19,12.1165,2.494568160058632,1.3551382324647587,1.3460383527780084,1.8118192471493344,1.3460383527780084
2020-03-20,12.6,2.533696813957432,3.990426278215642,3.9128653898800874,15.31051555932144,3.9128653898800874
2020-03-23,13.2735,2.585769566393377,5.345238095238103,5.207275243594527,27.11571546255244,5.207275243594527
2020-03-24,14.414,2.6681999565022494,8.592307982069535,8.243039010887179,67.94769213500788,8.243039010887179
2020-03-25,14.5135,2.6750792507655103,0.6903010961565093,0.6879294263260959,0.4732468956053514,0.6879294263260959
2020-03-26,14.3965,2.6669851214836107,-0.8061460019981426,-0.8094129281899624,0.6551492883210491,0.8094129281899624
2020-03-27,14.5025,2.6743210483580824,0.7362900705032427,0.7335926874471579,0.5381582310759435,0.7335926874471579
2020-03-30,14.05,2.642622395779755,-3.120151697983098,-3.169865257832748,10.048045752815073,3.169865257832748
2020-03-31,13.978,2.637484665054937,-0.512455516014243,-0.5137730724817573,0.263962770007345,0.5137730724817573
2020-04-01,13.96,2.6361960973342264,-0.1287737873801653,-0.1288567720710831,0.016604067708579,0.1288567720710831
2020-04-02,14.49,2.673458756332591,3.796561604584525,3.7262658998364575,13.885057556284004,3.7262658998364575
2020-04-03,14.4,2.667228206581955,-0.6211180124223614,-0.6230549750636086,0.388197501951514,0.6230549750636086
2020-04-06,15.02,2.7093826463359885,4.30555555555554,4.21544397540336,17.769967909764485,4.21544397540336
2020-04-07,15.0175,2.70921618774218,-0.0166444740346216,-0.0166458593809256,0.0002770846345295,0.0166458593809256
2020-04-08,14.97,2.706048198431537,-0.3162976527384731,-0.3167989310642465,0.1003615627234492,0.3167989310642465
2020-04-09,15.44,2.73696154459663,3.139612558450233,3.091334616509312,9.556349711228776,3.091334616509312
2020-04-13,15.42,2.7356653681351832,-0.1295336787564771,-0.1296176461446685,0.0168007341920845,0.1296176461446685
2020-04-14,15.75,2.7568403652716422,2.140077821011665,2.117499713645856,4.483805037290283,2.117499713645856
2020-04-15,15.45,2.7376090033437546,-1.904761904761909,-1.9231361927887645,3.698452816014064,1.9231361927887645
2020-04-16,15.49,2.740194654428777,0.2588996763754014,0.2585651085022764,0.0668559153347939,0.2585651085022764
2020-04-17,15.17,2.719319793360441,-2.065848934796644,-2.087486106833639,4.357598246223463,2.087486106833639
2020-04-20,15.312,2.7286368347105983,0.9360580092287352,0.931704135015751,0.8680725952054488,0.931704135015751
2020-04-21,14.89,2.700689846695917,-2.75600835945663,-2.7946988014680776,7.810341390927109,2.7946988014680776
2020-04-22,15.09,2.714032272779757,1.3431833445265218,1.3342426083839851,1.7802033380273008,1.3342426083839851
2020-04-23,15.24,2.7239235502585,0.994035785288272,0.98912774787427,0.9783737016148256,0.98912774787427
2020-04-24,15.24,2.7239235502585,0.0,0.0,0.0,0.0
2020-04-27,15.2145,2.722248920502023,-0.1673228346456778,-0.1674629756477287,0.0280438482127917,0.1674629756477287
2020-04-28,15.17,2.719319793360441,-0.2924841434158165,-0.2929127141582094,0.0857978581155289,0.2929127141582094
2020-04-29,15.29,2.727199019940971,0.7910349373764003,0.7879226580530048,0.6208221150733123,0.7879226580530048
2020-04-30,14.961,2.7054468152320954,-2.1517331589273936,-2.1752204708875644,4.731584096968318,2.1752204708875644
2020-05-01,14.95,2.704711299836696,-0.0735244970256121,-0.0735515395399874,0.0054098289687023,0.0735515395399874
2020-05-04,14.79,2.6939512767227085,-1.070234113712376,-1.0760023113987018,1.1577809741353489,1.0760023113987018
2020-05-05,14.96,2.7053799725463312,1.1494252873563315,1.142869582362285,1.3061508822889436,1.142869582362285
2020-05-06,14.85,2.6979998652487085,-0.7352941176470673,-0.7380107297622646,0.5446598372442303,0.7380107297622646
2020-05-07,15.34,2.73046379593911,3.2996632996632917,3.2463930690401424,10.539067958711874,3.2463930690401424
2020-05-08,15.51,2.7414849771884477,1.1082138200782188,1.1021181249337246,1.214664361307429,1.1021181249337246
2020-05-11,15.49,2.740194654428777,-0.128949065119277,-0.1290322759670183,0.0166493282412287,0.1290322759670183
2020-05-12,15.45,2.7376090033437546,-0.2582311168495832,-0.2585651085022823,0.066855915334797,0.2585651085022823
2020-05-13,15.57,2.745345985845907,0.7766990291262266,0.7736982502152622,0.5986089823861585,0.7736982502152622
2020-05-14,15.87,2.7644305345383176,1.9267822736030784,1.9084548692410697,3.642199987929949,1.9084548692410697
2020-05-15,16.62,2.810606789427302,4.725897920604916,4.617625488898444,21.322465155724597,4.617625488898444
2020-05-18,16.979,2.8319772863338746,2.1600481347773703,2.137049690657258,4.566981380338281,2.137049690657258
2020-05-19,17.347,2.853419580779272,2.1673832381176927,2.144229444539728,4.59771991083115,2.144229444539728
2020-05-20,17.55,2.865053949911875,1.170231163890012,1.1634369132602964,1.3535854511366463,1.1634369132602964
2020-05-21,17.11,2.839663087904102,-2.5071225071225167,-2.5390862007772808,6.446958734977605,2.5390862007772808
2020-05-22,17.18,2.8437459165561094,0.4091174751607251,0.4082828652007207,0.1666948980165098,0.4082828652007207
2020-05-25,17.185,2.844036910301797,0.0291036088474916,0.0290993745687839,0.0008467736002943,0.0290993745687839
2020-05-26,17.131,2.8408896877483216,-0.3142275240034853,-0.3147222553475678,0.0990500980110597,0.3147222553475678
2020-05-27,17.24,2.847232265235547,0.6362734224505173,0.6342577487225464,0.4022828918145927,0.6342577487225464
2020-05-28,17.37,2.854744580253014,0.7540603248260114,0.751231501746678,0.5643487692165691,0.751231501746678
2020-05-29,17.86,2.882563575448353,2.820955670696601,2.78189951953394,7.738964936783166,2.78189951953394
2020-06-01,18.31,2.907447358686419,2.519596864501672,2.488378323806628,6.192026682390682,2.488378323806628
2020-06-02,18.07,2.8942531046041373,-1.310759148006546,-1.319425408228214,1.7408834078781892,1.319425408228214
2020-06-03,17.65,2.8707357833793057,-2.3242944106253605,-2.35173212248315,5.5306439759191015,2.35173212248315
2020-06-04,17.71,2.8741294517947424,0.3399433427762277,0.3393668415436635,0.115169853139322,0.3393668415436635
2020-06-05,17.4,2.856470206220483,-1.7504234895539317,-1.7659245574258902,3.1184895425198262,1.7659245574258902
2020-06-08,17.77,2.87751164216656,2.126436781609198,2.1041435946076645,4.427420266728464,2.1041435946076645
2020-06-09,17.52,2.8633430855082453,-1.4068655036578503,-1.4168556658314586,2.007479977798706,1.4168556658314586
2020-06-10,18.11,2.896464271895322,3.3675799086758,3.312118638707664,10.97012987687471,3.312118638707664
2020-06-11,17.635,2.8698855636880154,-2.622860298177787,-2.657870820730654,7.06427729969144,2.657870820730654
2020-06-12,17.5,2.862200880929469,-0.765523107456767,-0.7684682758546996,0.5905434909950946,0.7684682758546996
2020-06-15,17.38,2.8553201198372458,-0.6857142857142895,-0.6880761092222428,0.4734487320824198,0.6880761092222428
2020-06-16,17.46,2.859912550411456,0.4602991944764101,0.4592430574210171,0.2109041857894036,0.4592430574210171
2020-06-17,17.5,2.862200880929469,0.2290950744558983,0.2288330518012216,0.0523645655966605,0.2288330518012216
2020-06-18,17.39,2.855895328366192,-0.6285714285714228,-0.630555256327665,0.3975999312824472,0.630555256327665
2020-06-19,17.66,2.8713021951758138,1.5526164462334568,1.5406866809622186,2.373715448894377,1.5406866809622186
2020-06-22,17.71,2.8741294517947424,0.2831257078142801,0.2827256618928322,0.0799337998927401,0.2827256618928322
2020-06-23,17.95,2.887590114934288,1.3551665725578754,1.3460663139545694,1.8118945215632416,1.3460663139545694
2020-06-24,17.5,2.862200880929469,-2.506963788300831,-2.5389234004819463,6.446132033514809,2.5389234004819463
2020-06-25,17.8,2.87919845729804,1.7142857142857126,1.6997576368571077,2.889176024054059,1.6997576368571077
2020-06-26,17.83,2.8808824318750488,0.168539325842687,0.168397457700948,0.0283577037601425,0.168397457700948
2020-06-29,17.86,2.882563575448353,0.1682557487380886,0.1681143573304016,0.0282624371406139,0.1681143573304016
2020-06-30,18.2,2.9014215940827497,1.903695408734607,1.8858018634396725,3.5562486681525405,1.8858018634396725
2020-07-01,18.01,2.8909271591878647,-1.0439560439560291,-1.0494434894884808,1.101331637629759,1.0494434894884808
2020-07-02,17.96,2.888147062874053,-0.2776235424764017,-0.2780096313811164,0.0772893551406642,0.2780096313811164
2020-07-03,18.0485,2.893062578832612,0.4927616926503342,0.49155159585581,0.2416229713883935,0.49155159585581
2020-07-06,18.27,2.905260370389916,1.2272488018394867,1.2197791557303692,1.4878611887542923,1.2197791557303692
2020-07-07,18.27,2.905260370389916,0.0,0.0,0.0,0.0
2020-07-08,18.71,2.9290581402859983,2.4083196496989645,2.3797769896082945,5.663338520269117,2.3797769896082945
2020-07-09,18.64,2.925309809257445,-0.3741314804917128,-0.3748331028553094,0.1404998549961389,0.3748331028553094
2020-07-10,18.72,2.929592471049446,0.4291845493562096,0.4282661792000728,0.1834119202466289,0.4282661792000728
2020-07-13,19.08,2.9486406660201405,1.923076923076916,1.9048194970694408,3.628337316415879,1.9048194970694408
2020-07-14,19.21,2.955430976780465,0.6813417190775883,0.6790310760325013,0.4610832022178566,0.6790310760325013
2020-07-15,19.41,2.9657883971809187,1.0411244143675225,1.0357420400453663,1.0727615735173373,1.0357420400453663
2020-07-16,19.17,2.953346557057553,-1.2364760432766575,-1.244184012336572,1.547993856553931,1.244184012336572
2020-07-17,19.33,2.9616582932202395,0.8346374543557467,0.8311736162686227,0.6908495803810597,0.8311736162686227
2020-07-20,19.9,2.990719731730447,2.948784273150551,2.9061438510207256,8.445672082825574,2.9061438510207256
2020-07-21,21.3,3.05870707271538,7.035175879396993,6.79873409849328,46.22278534201523,6.79873409849328
2020-07-22,23.0,3.1354942159291497,7.981220657276999,7.678714321377029,58.96265362932069,7.678714321377029
2020-07-23,22.598,3.1178614067870543,-1.7478260869565276,-1.7632809142095245,3.1091595824155767,1.7632809142095245
2020-07-24,22.7525,3.124675029469374,0.6836888220196569,0.6813622682319292,0.4642545405701595,0.6813622682319292
2020-07-27,24.6,3.202746442938317,8.119986814635748,7.807141346894336,60.95145601038711,7.807141346894336
2020-07-28,24.42,3.1954024686825586,-0.7317073170731714,-0.7343974255758506,0.5393395786924371,0.7343974255758506
2020-07-29,24.31,3.190887788328032,-0.450450450450468,-0.4514680354526805,0.2038233870355028,0.4514680354526805
2020-07-30,23.5,3.157000421150113,-3.3319621554915635,-3.3887367177918675,11.483536542510798,3.3887367177918675
2020-07-31,24.32,3.1912990570979662,3.489361702127658,3.429863594785296,11.763964278833514,3.429863594785296
2020-08-03,24.33,3.191710156795432,0.0411184210526327,0.0411099697464998,0.0016900296125581,0.0411099697464998
2020-08-04,26.01,3.25848107946056,6.9050554870530245,6.677092266512896,44.58356113552632,6.677092266512896
2020-08-05,26.959,3.294317193368051,3.648596693579376,3.583611390749058,12.842270599906398,3.583611390749058
2020-08-06,28.92,3.364533397290564,7.274008679847177,7.021620392251303,49.30315293287934,7.021620392251303
2020-08-07,28.09,3.335413641116152,-2.8699861687413564,-2.911975617441165,8.479601996571853,2.911975617441165
2020-08-10,29.13,3.3717685709713434,3.702385190459245,3.6354929855191,13.21680924775858,3.6354929855191
2020-08-11,24.803,3.2109646135968646,-14.854102300034322,-16.080395737447848,258.57912707293093,16.080395737447848
2020-08-12,25.513,3.2391881261800792,2.862556948756212,2.822351258321446,7.965666625348649,2.822351258321446
2020-08-13,27.6,3.317815772723105,8.1801434562772,7.862764654302539,61.82306800894932,7.862764654302539
2020-08-14,26.4,3.2733640101522705,-4.34782608695653,-4.445176257083392,19.759591956537918,4.445176257083392
2020-08-17,27.39,3.3101779832749867,3.750000000000009,3.68139731227164,13.552686170800856,3.68139731227164
2020-08-18,27.67,3.3203487937988347,1.0222709017889686,1.017081052384769,1.0344538671201098,1.017081052384769
2020-08-19,26.7,3.284663565406204,-3.505601734730768,-3.5685228392630823,12.734355254342251,3.5685228392630823
2020-08-20,27.24,3.3046864812813115,2.022471910112356,2.002291587510773,4.009171601416411,2.002291587510773
2020-08-21,26.72,3.285412348668445,-1.9089574155653488,-1.927413261286668,3.714921879783709,1.927413261286668
2020-08-24,26.609,3.2812495044262606,-0.4154191616766334,-0.4162844242184097,0.1732927218468529,0.4162844242184097
2020-08-25,26.54,3.2786530289040616,-0.2593107595174615,-0.2596475522199346,0.0674168513738036,0.2596475522199346
2020-08-26,27.51,3.3145495749364837,3.6548605877920304,3.58965460324219,12.885620170577845,3.58965460324219
2020-08-27,27.02,3.2965773325320527,-1.7811704834605702,-1.797224240443048,3.230014970436091,1.797224240443048
2020-08-28,27.51,3.3145495749364837,1.81347150259068,1.7972242404430436,3.230014970436075,1.7972242404430436
2020-08-31,28.14,3.337192051686243,2.2900763358778558,2.2642476749759752,5.126817533634109,2.2642476749759752
2020-09-01,28.11,3.3361253849184407,-0.1066098081023536,-0.1066666767802568,0.0113777799353437,0.1066666767802568
2020-09-02,27.447,3.312256872365508,-2.3585912486659533,-2.38685125529326,5.697058914895011,2.38685125529326
2020-09-03,26.572,3.2798580298029947,-3.1879622545269104,-3.23988425625132,10.49684999390517,3.23988425625132
2020-09-04,26.91,3.2924979647388146,1.2720156555773077,1.2639934935819783,1.5976795518175753,1.2639934935819783
2020-09-07,26.855,3.290452023357423,-0.2043849869936775,-0.204594138139172,0.0418587613609106,0.204594138139172
2020-09-08,26.66,3.2831643147505627,-0.7261217650344487,-0.7287708606860105,0.5311069673850285,0.7287708606860105
2020-09-09,26.98,3.2950958507796098,1.2003000750187454,1.193153602904712,1.423615520124495,1.193153602904712
2020-09-10,26.88,3.2913825156549485,-0.3706449221645758,-0.3713335124661123,0.1378885774804203,0.3713335124661123
2020-09-11,26.7755,3.287487290295774,-0.3887648809523747,-0.3895225359174584,0.1517278059875676,0.3895225359174584
2020-09-14,27.11,3.299902663510574,1.249276390730336,1.2415373214800054,1.5414149206277463,1.2415373214800054
2020-09-15,27.14,3.301008654406723,0.1106602729620043,0.1105990896148901,0.0122321586236425,0.1105990896148901
2020-09-16,27.165,3.3019293800034863,0.0921149594694137,0.0920725596763272,0.0084773562453508,0.0920725596763272
2020-09-17,27.02,3.2965773325320527,-0.5337750782256512,-0.5352047471433529,0.2864441213647802,0.5352047471433529
2020-09-18,26.81,3.288774952247868,-0.7772020725388629,-0.7802380284184899,0.6087713809903722,0.7802380284184899
2020-09-21,24.73,3.208017081533325,-7.758299142111147,-8.075787071454304,65.21833682346848,8.075787071454304
2020-09-22,24.38,3.193763124053125,-1.4152850788516025,-1.4253957480199424,2.0317530384733318,1.4253957480199424
2020-09-23,22.775,3.125663443146022,-6.583264971287939,-6.809968090710343,46.37566539649307,6.809968090710343
2020-09-24,23.14,3.1415627217655304,1.6026344676180138,1.589927861950861,2.527870606207636,1.589927861950861
2020-09-25,22.9,3.131136910560194,-1.0371650821089151,-1.042581120533668,1.0869753928932386,1.042581120533668
2020-09-28,23.688,3.16496859079929,3.441048034934502,3.3831680239096227,11.44582587800454,3.3831680239096227
2020-09-29,24.1815,3.1855878780020257,2.083333333333348,2.0619287202735825,4.2515500474890535,2.0619287202735825
2020-09-30,23.23,3.145444546782318,-3.934826210119302,-4.014333121970802,16.114870414151845,4.014333121970802
2020-10-01,23.79,3.1692653243148663,2.4106758501937,2.3820777532548387,5.67429442255162,2.3820777532548387
2020-10-02,23.7635,3.1681507900432284,-0.1113913408995359,-0.1114534271637701,0.0124218664265498,0.1114534271637701
2020-10-05,24.3615,3.19300401730063,2.516464325541268,2.4853227257401547,6.176829051080472,2.4853227257401547
2020-10-06,23.07,3.138533072185662,-5.301397697186127,-5.447094511496781,29.670838617178354,5.447094511496781
2020-10-07,23.81,3.170105660498771,3.20762895535327,3.1572588313109087,9.968283327890726,3.1572588313109087
2020-10-08,23.84,3.171364842197149,0.1259974800503993,0.1259181698377601,0.015855385495291,0.1259181698377601
2020-10-09,25.15,3.224857896545748,5.49496644295302,5.34930543485992,28.61506863542188,5.34930543485992
2020-10-12,25.1,3.2228678461377385,-0.1988071570576455,-0.1990050408009925,0.0396030062642046,0.1990050408009925
2020-10-13,24.13,3.1834558796369405,-3.8645418326693326,-3.9411966500797937,15.533031034600189,3.9411966500797937
2020-10-14,24.2625,3.1889319484951284,0.5491089929548387,0.5476068858188385,0.2998733013962065,0.5476068858188385
2020-10-15,24.2795,3.189632372898532,0.0700669757856653,0.0700424403403473,0.0049059434488311,0.0700424403403473
2020-10-16,24.14,3.1838702156693857,-0.5745587841594735,-0.5762157229146769,0.3320245593340837,0.5762157229146769
2020-10-19,24.39,3.194173212227829,1.035625517812755,1.0302996558443431,1.061517380832972,1.0302996558443431
2020-10-20,24.62,3.2035591207563074,0.9430094300943104,0.938590852847863,0.8809527890496789,0.938590852847863
2020-10-21,25.0425,3.2205743815037824,1.7160844841592082,1.7015260747474656,2.8951909830455183,1.7015260747474656
2020-10-22,24.71,3.207208020000518,-1.327742837176793,-1.3366361503263458,1.7865961983592336,1.3366361503263458
2020-10-23,24.62,3.2035591207563074,-0.3642250101173583,-0.3648899244211221,0.1331446569440522,0.3648899244211221
2020-10-26,24.2915,3.190126494915545,-1.3342810722989484,-1.343262584076278,1.80435436977928,1.343262584076278
2020-10-27,24.3715,3.193414416830327,0.3293333058888903,0.328792191478222,0.1081043051770518,0.328792191478222
2020-10-28,23.3995,3.1527146546139995,-3.9882649816383897,-4.069976221632747,16.564706444655975,4.069976221632747
2020-10-29,23.2805,3.1476161002958256,-0.5085578751682696,-0.5098554318173846,0.2599525613536917,0.5098554318173846
2020-10-30,23.65,3.1633631149379418,1.587165224114595,1.5747014642116297,2.4796847013902497,1.5747014642116297
2020-11-02,24.1,3.1822118404966093,1.902748414376343,1.884872555866755,3.552744551859673,1.884872555866755
2020-11-03,24.23,3.1875915348284343,0.5394190871369275,0.5379694331825033,0.2894111110387039,0.5379694331825033
2020-11-04,23.9,3.173878458937465,-1.361947998349167,-1.371307589096951,1.8804845039148923,1.371307589096951
2020-11-05,25.37,3.2335673736111907,6.150627615062776,5.968891467372566,35.62766534927302,5.968891467372566
2020-11-06,25.58,3.241810796150697,0.8277493102089029,0.8243422539506072,0.6795401516483675,0.8243422539506072
2020-11-09,24.1,3.1822118404966093,-5.785770132916324,-5.959895565408713,35.520355150578446,5.959895565408713
2020-11-10,24.24,3.1880041612011136,0.5809128630705374,0.5792320704504371,0.3355097914383002,0.5792320704504371
2020-11-11,24.28,3.1896529661912973,0.1650165016501725,0.1648804990183885,0.0271855789565528,0.1648804990183885
2020-11-12,24.29,3.190064743014081,0.0411861614497466,0.0411776822783553,0.0016956015178171,0.0411776822783553
2020-11-13,24.63,3.2039652121324464,1.3997529847673995,1.390046911836547,1.9322304171063207,1.390046911836547
2020-11-16,24.77,3.209633243501268,0.568412505075111,0.5668031368821638,0.3212657959794608,0.5668031368821638
2020-11-17,24.49,3.1982648709640764,-1.1303996770286706,-1.1368372537191889,1.2923989414437873,1.1368372537191889
2020-11-18,24.34,3.1921210875593813,-0.6124948958758591,-0.6143783404695172,0.377460745238078,0.6143783404695172
2020-11-19,24.049,3.1800934156457163,-1.195562859490551,-1.2027671913664866,1.4466489166276266,1.2027671913664866
2020-11-20,24.2,3.186352633162641,0.6278847353320405,0.625921751692456,0.3917780392417525,0.625921751692456
2020-11-23,23.6,3.1612467120315646,-2.4793388429751984,-2.5105921131076245,6.303072758398208,2.5105921131076245
2020-11-24,23.27,3.1471649773142003,-1.3983050847457656,-1.408173471736405,1.98295252650216,1.408173471736405
2020-11-25,23.3365,3.150018658458613,0.2857756768371411,0.285368114441279,0.0814349607397709,0.285368114441279
2020-11-26,23.3295,3.1497186541705875,-0.029995929123916,-0.0300004288025721,0.0009000257283382,0.0300004288025721
2020-11-27,22.6915,3.1219904050244907,-2.734734992177279,-2.7728249146096946,7.68855800708026,2.7728249146096946
2020-11-30,22.63,3.119276459645446,-0.2710265958619007,-0.2713945379044542,0.0736549952043722,0.2713945379044542
2020-12-01,24.0045,3.178241312772017,6.07379584622183,5.896485312657158,34.76853904238158,5.896485312657158
2020-12-02,24.09,3.18179681662678,0.3561832156470546,0.3555503854762304,0.1264160766122961,0.3555503854762304
2020-12-03,24.06,3.180550710546533,-0.1245330012453305,-0.1246106080247183,0.0155278036322899,0.1246106080247183
2020-12-04,24.17,3.1851121947153915,0.4571903574397407,0.4561484168858891,0.2080713782275029,0.4561484168858891
2020-12-07,24.49,3.1982648709640764,1.323955316508063,1.315267624868468,1.7299289250271412,1.315267624868468
2020-12-08,24.55,3.200711854240529,0.2449979583503569,0.2446983276453312,0.0598772715524218,0.2446983276453312
2020-12-09,23.96,3.1763857732472487,-2.403258655804485,-2.432608099328103,5.917582164916687,2.432608099328103
2020-12-10,23.99,3.177637076851603,0.1252086811352137,0.1251303604354489,0.0156576071027053,0.1251303604354489
2020-12-11,23.96,3.1763857732472487,-0.1250521050437547,-0.125130360435447,0.0156576071027048,0.125130360435447
2020-12-14,23.84,3.171364842197149,-0.5008347245409106,-0.5020931050099681,0.2520974860985508,0.5020931050099681
2020-12-15,24.5,3.198673117550681,2.7684563758389347,2.7308275353532374,7.457419027843437,2.7308275353532374
2020-12-16,25.35,3.232778730037192,3.469387755102038,3.410561248651084,11.631928030800442,3.410561248651084
2020-12-17,26.0675,3.260689327681611,2.83037475345167,2.7910597644418904,7.790014608686421,2.7910597644418904
2020-12-18,25.7725,3.2493080319884027,-1.131677376042961,-1.138129569320836,1.2953389165624316,1.138129569320836
2020-12-21,26.17,3.2646137165420543,1.5423416432243764,1.5305684553651846,2.342639796558967,1.5305684553651846
2020-12-22,25.19,3.226447090364519,-3.744745892243029,-3.816662617753569,14.566913537757529,3.816662617753569
2020-12-23,25.56,3.241028629509334,1.4688368400158636,1.4581539144815077,2.126212838317744,1.4581539144815077
2020-12-24,25.7945,3.2501612909072755,0.9174491392801354,0.9132661397941694,0.8340550420945433,0.9132661397941694
2020-12-28,26.26,3.26804686887465,1.8046482777336337,1.7885577967374562,3.198938992270344,1.7885577967374562
2020-12-29,26.21,3.266141017335315,-0.1904036557501931,-0.1905851539335182,0.0363227008998628,0.1905851539335182
2020-12-30,26.68,3.283914221047423,1.7932086989698617,1.777320371210802,3.1588677019209026,1.777320371210802
2020-12-31,26.389,3.272947256655928,-1.0907046476761662,-1.0966964391494949,1.2027430796431813,1.0966964391494949
2021-01-04,27.24,3.3046864812813115,3.224828527037782,3.173922462538356,10.073783798205543,3.173922462538356
2021-01-05,27.58,3.3170908723651555,1.2481644640234937,1.2404391083844122,1.5386891816095154,1.2404391083844122
2021-01-06,27.3,3.3068867021909143,-1.015228426395931,-1.0204170174241622,1.041250889448823,1.0204170174241622
2021-01-07,27.13,3.3006401266708405,-0.6227106227106316,-0.6246575520073762,0.3901970572798478,0.6246575520073762
2021-01-08,25.31,3.2311995745570328,-6.708440840398088,-6.944055211380776,48.21990277870451,6.944055211380776
2021-01-11,24.91,3.215269329274089,-1.5804030027656957,-1.5930245282943536,2.537727147747448,1.5930245282943536
2021-01-12,25.55,3.2406373166497136,2.569249297470888,2.536798737562432,6.435347834898347,2.536798737562432
2021-01-13,25.21,3.2272407411998283,-1.3307240704500956,-1.339657544988496,1.7946823378446042,1.339657544988496
2021-01-14,25.51,3.23907053215372,1.1900039666798978,1.182979095389166,1.3994395401277693,1.182979095389166
2021-01-15,24.71,3.207208020000518,-3.1360250882007112,-3.1862512153201377,10.152196807129055,3.1862512153201377
2021-01-18,24.9715,3.21773517457393,1.0582760016187631,1.0527154573411273,1.108209834124939,1.0527154573411273
2021-01-19,25.22,3.2276373305367736,0.9951344532767248,0.990215596284327,0.9805269271247252,0.990215596284327
2021-01-20,25.84,3.2519236789144013,2.4583663758921626,2.4286348377627736,5.898267175195014,2.4286348377627736
2021-01-21,25.9375,3.255689797990917,0.3773219814241502,0.3766119076515975,0.1418365289849754,0.3766119076515975
2021-01-22,25.45,3.236715742996532,-1.879518072289155,-1.897405499438529,3.600147629299573,1.897405499438529
2021-01-25,25.34,3.232384174892993,-0.43222003929273,-0.4331568103538747,0.1876248223559426,0.4331568103538747
2021-01-26,25.48,3.237893830703962,0.5524861878453136,0.55096558109697,0.3035630715535218,0.55096558109697
2021-01-27,25.27,3.2296179214001026,-0.8241758241758323,-0.8275909303859822,0.6849067480571356,0.8275909303859822
2021-01-28,26.47,3.27601201623901,4.748713889988121,4.639409483890698,21.52412035921495,4.639409483890698
2021-01-29,26.91,3.2924979647388146,1.6622591613147053,1.6485948499804632,2.717864979382106,1.6485948499804632
2021-02-01,29.04,3.3686741899565957,7.915273132664424,7.617622521778077,58.0281728843006,7.617622521778077
2021-02-02,26.7,3.284663565406204,-8.057851239669422,-8.40106245503915,70.57785037346845,8.40106245503915
2021-02-03,26.89,3.291754470280773,0.7116104868913897,0.7090904874569495,0.5028093194019342,0.7090904874569495
2021-02-04,26.37,3.2722270003651954,-1.9338043882484168,-1.9527469915577955,3.81322081303802,1.9527469915577955
2021-02-05,26.86,3.290638191095092,1.858172165339389,1.841119072989608,3.389719440926113,1.841119072989608
2021-02-08,27.27,3.305787196857497,1.5264333581533895,1.5149005762405658,2.2949237558939983,1.5149005762405658
2021-02-09,27.27,3.305787196857497,0.0,0.0,0.0,0.0
2021-02-10,27.023,3.2966883552363098,-0.9057572423909032,-0.9098841621187298,0.827889188474503,0.9098841621187298
2021-02-11,26.98,3.2950958507796098,-0.1591237094327069,-0.1592504456700026,0.0253607044460944,0.1592504456700026
2021-02-12,27.26,3.3054204262683866,1.0378057820607856,1.032457548877673,1.0659685902344926,1.032457548877673
2021-02-15,27.595,3.3176345968914647,1.2289068231841505,1.221417062307803,1.4918596400966233,1.221417062307803
2021-02-16,27.24,3.3046864812813115,-1.2864649393006022,-1.2948115610153033,1.6765369785388864,1.2948115610153033
2021-02-17,27.3915,3.3102327462880616,0.5561674008810691,0.5546265006749956,0.3076105552509909,0.5546265006749956
2021-02-18,27.03,3.2969473602883563,-1.3197524779584913,-1.3285385999705224,1.7650148116116358,1.3285385999705224
2021-02-19,27.19,3.3028492586443794,0.5919348871624042,0.5901898356023028,0.3483240420482731,0.5901898356023028
2021-02-22,28.14,3.337192051686243,3.493931592497246,3.434279304186369,11.794274339162811,3.434279304186369
2021-02-23,27.68,3.3207101307494686,-1.6346837242359635,-1.6481920936774186,2.7165371776607525,1.6481920936774186
2021-02-24,27.99,3.331847303527362,1.119942196531798,1.1137172777893394,1.2403661748464965,1.1137172777893394
2021-02-25,27.45,3.31236616795554,-1.9292604501607635,-1.9481135571822423,3.7951464316772503,1.9481135571822423
2021-02-26,26.55,3.279029747687948,-3.2786885245901565,-3.333642026759172,11.113169162575,3.333642026759172
2021-03-01,26.58,3.2801590532850997,0.1129943502824692,0.1129305597151265,0.0127533113175717,0.1129305597151265
2021-03-02,26.76,3.286908235260028,0.6772009029345494,0.674918197492855,0.4555145733070044,0.674918197492855
2021-03-03,26.09,3.261552099148637,-2.5037369207772886,-2.535613611139073,6.429336384993731,2.535613611139073
2021-03-04,25.36,3.233173129569025,-2.798006899195093,-2.837896957961189,8.053659144005369,2.837896957961189
2021-03-05,25.18,3.2260500286162013,-0.7097791798107211,-0.7123100952824022,0.5073856718412249,0.7123100952824022
2021-03-08,25.13,3.2240623515555007,-0.1985702938840372,-0.198767706070032,0.0395086009763426,0.198767706070032
2021-03-09,25.93,3.255400599550573,3.183446080382013,3.1338247995072206,9.820857874006473,3.1338247995072206
2021-03-10,26.21,3.266141017335315,1.0798303123794817,1.074041778474194,1.1535657419080096,1.074041778474194
2021-03-11,26.13,3.263084079532521,-0.3052270125906253,-0.3056937802793965,0.0934486873015079,0.3056937802793965
2021-03-12,25.9,3.254242968705492,-0.8802143130501316,-0.8841110827029032,0.7816524065580996,0.8841110827029032
2021-03-15,26.2485,3.2676088445477744,1.3455598455598403,1.3365875842282522,1.7864663703131152,1.3365875842282522
2021-03-16,25.9605,3.2565761520510264,-1.09720555460312,-1.1032692496748189,1.2172030372780378,1.1032692496748189
2021-03-17,26.3835,3.2727388147583523,1.629398509273705,1.6162662707325668,2.612316657907759,1.6162662707325668
2021-03-18,26.0595,3.260382385019927,-1.2280402524305067,-1.235642973842539,1.526813558806433,1.235642973842539
2021-03-19,26.24,3.267284964075888,0.6926456762408995,0.6902579055961364,0.4764559762379647,0.6902579055961364
2021-03-22,25.7895,3.2499674323458745,-1.7168445121951148,-1.7317531730013738,2.998969052200326,1.7317531730013738
2021-03-23,25.0595,3.221252997153952,-2.8306093565210637,-2.87144351919225,8.245187883911173,2.87144351919225
2021-03-24,25.1095,3.223246260585736,0.1995251301901479,0.1993263431783716,0.0397309910848619,0.1993263431783716
2021-03-25,25.0915,3.222529143366103,-0.0716860152531917,-0.071711721963251,0.0051425710669346,0.071711721963251
2021-03-26,25.07,3.221671912170202,-0.0856863878205715,-0.0857231195901102,0.0073484532322603,0.0857231195901102
2021-03-29,24.6475,3.2046754754670594,-1.6852812126047056,-1.6996436703142663,2.8887886060393506,1.6996436703142663
2021-03-30,24.02,3.1788868166518376,-2.5458971498123595,-2.5788658815221925,6.650549234879235,2.5788658815221925
2021-03-31,24.416,3.195238655102046,1.6486261448792616,1.635183845020896,2.673826207017321,1.635183845020896
2021-04-01,24.959,3.217234478596075,2.223951507208377,2.199582349402861,4.838162511804611,2.199582349402861
2021-04-05,24.88,3.2140642678709788,-0.3165190913097526,-0.3170210725096571,0.1005023604151733,0.3170210725096571
2021-04-06,25.164,3.2254144017077837,1.1414790996784774,1.1350133836804717,1.2882553811337936,1.1350133836804717
2021-04-07,25.15,3.224857896545748,-0.055635034175816,-0.0556505162035086,0.0030969799537169,0.0556505162035086
2021-04-08,25.45,3.236715742996532,1.1928429423459177,1.185784645078347,1.4060852245035806,1.185784645078347
2021-04-09,25.25,3.228826155721369,-0.7858546168958758,-0.7889587275162933,0.6224558737241287,0.7889587275162933
2021-04-12,24.816,3.211488606434183,-1.7188118811881203,-1.7337549287185838,3.0059061528559816,1.7337549287185838
2021-04-13,25.343,3.232502557782857,2.123629916183112,2.101395134867462,4.41586151284464,2.101395134867462
2021-04-14,25.422,3.2356149408724773,0.3117231582685509,0.3112383089619534,0.0968692849654963,0.3112383089619534
2021-04-15,25.849,3.252271915486629,1.6796475493666918,1.665697461415214,2.774548032965088,1.665697461415214
2021-04-16,25.96,3.2565568918358894,0.4294169987233642,0.4284976349260045,0.1836102231371794,0.4284976349260045
2021-04-19,25.825,3.2513430150057023,-0.5200308166409928,-0.521387683018707,0.2718451160036156,0.521387683018707
2021-04-20,25.845,3.2521171586480024,0.0774443368828592,0.0774143642300329,0.0059929837891402,0.0774143642300329
2021-04-21,26.555,3.2792180538743625,2.747146449990323,2.7100895226359807,7.344585220701318,2.7100895226359807
2021-04-22,26.155,3.2640403768225745,-1.506307663340234,-1.5177677051788052,2.3036188068837364,1.5177677051788052
2021-04-23,26.0,3.258096538021482,-0.592620913783215,-0.5943838801092343,0.3532921969337085,0.5943838801092343
2021-04-26,26.22,3.266522478335553,0.846153846153852,0.8425940314071796,0.7099647017630032,0.8425940314071796
2021-04-27,26.263,3.268161104542958,0.1639969488939741,0.1638626207404036,0.0268509584759133,0.1638626207404036
2021-04-28,26.205,3.2659502322541294,-0.2208430110802406,-0.2210872288828378,0.0488795627750923,0.2210872288828378
2021-04-29,26.1,3.261935314328648,-0.4006868918145279,-0.4014917925481738,0.1611956594835458,0.4014917925481738
2021-04-30,25.87,3.2530839961979376,-0.8812260536398497,-0.8851318130709993,0.7834583265103544,0.8851318130709993
2021-05-03,26.9105,3.292516545019563,4.022033243138767,3.943254882162522,15.549259065698566,3.943254882162522
2021-05-04,26.515,3.2777106105890934,-1.469686553575733,-1.4805934430469614,2.192156943593656,1.4805934430469614
2021-05-05,26.495,3.2769560359447256,-0.0754290024514436,-0.0754574644367922,0.0056938289392297,0.0754574644367922
2021-05-06,27.308,3.307179699556034,3.068503491224761,3.022366361130848,9.134698420895324,3.022366361130848
2021-05-07,27.45,3.31236616795554,0.5199941409110842,0.5186468399505726,0.2689945445907148,0.5186468399505726
2021-05-10,27.305,3.307069835604117,-0.5282331511839655,-0.5296332351422566,0.2805113637672528,0.5296332351422566
2021-05-11,27.62,3.318540147981146,1.1536348654092698,1.1470312377029082,1.3156806602662654,1.1470312377029082
2021-05-12,27.021,3.2966143414697155,-2.1687183200579274,-2.1925806511430577,4.807409911766915,2.1925806511430577
2021-05-13,27.0935,3.299293846717944,0.2683098330927613,0.2679505248228711,0.071797483752852,0.2679505248228711
2021-05-14,27.41,3.3109079103146946,1.1681768689907113,1.1614063596750002,1.348864732293536,1.1614063596750002
2021-05-17,28.178,3.338541531631085,2.801897117840202,2.763362131639049,7.636170270576708,2.763362131639049
2021-05-18,28.195,3.339144657259145,0.0603307544893239,0.0603125628060564,0.0036376052322345,0.0603125628060564
2021-05-19,27.735,3.322695153507198,-1.631494945912404,-1.6449503751947665,2.7058617368534037,1.6449503751947665
2021-05-20,27.765,3.3237762346935704,0.1081665765278572,0.1081081186372701,0.01168736531529,0.1081081186372701
2021-05-21,27.53,3.315276319154516,-0.8463893390959876,-0.8499915539054609,0.72248564171062,0.8499915539054609
2021-05-24,27.77,3.323956301318708,0.8717762440973331,0.8679982164192083,0.7534209037069267,0.8679982164192083
2021-05-25,27.996,3.332061642827293,0.813827871804107,0.8105341508585064,0.6569656097079201,0.8105341508585064
2021-05-26,27.68,3.3207101307494686,-1.1287326760965777,-1.1351512077824335,1.2885682645299177,1.1351512077824335
2021-05-27,27.849,3.326797059085905,0.6105491329479795,0.6086928336436406,0.3705069657291246,0.6086928336436406
2021-05-28,27.93,3.3297013799570854,0.2908542497037647,0.2904320871180249,0.084350797227732,0.2904320871180249
2021-05-31,28.0395,3.333614230338359,0.3920515574650896,0.3912850381273607,0.1531039810623301,0.3912850381273607
2021-06-01,27.893,3.328375761290291,-0.5224772196365857,-0.5238469048068084,0.2744155796756733,0.5238469048068084
2021-06-02,28.173,3.3383640724905863,1.0038360879073505,0.9988311200295176,0.9976636063394204,0.9988311200295176
2021-06-03,27.4305,3.31165553300066,-2.6355020764561754,-2.670853948992588,7.133460816849303,2.670853948992588
2021-06-04,27.78,3.3243163373261977,1.2741291627932585,1.2660804325537596,1.6029596616955148,1.2660804325537596
2021-06-07,27.889,3.328232345851373,0.3923686105111512,0.3916008525175377,0.1533512276924623,0.3916008525175377
2021-06-08,27.609,3.3181418065248294,-1.003980063824439,-1.0090539326543555,1.0181898390052206,1.0090539326543555
2021-06-09,27.77,3.323956301318708,0.583143177949208,0.581449479387854,0.3380834970804064,0.581449479387854
2021-06-10,27.996,3.332061642827293,0.813827871804107,0.8105341508585064,0.6569656097079201,0.8105341508585064
2021-06-11,27.9125,3.329074617166276,-0.2982568938419638,-0.2987025661016826,0.0892232229957301,0.2987025661016826
2021-06-14,27.86,3.32719196835166,-0.1880877742946762,-0.1882648814616676,0.0354436655917757,0.1882648814616676
2021-06-15,27.66,3.319987326236612,-0.7178750897343877,-0.7204642115047506,0.519068680059162,0.7204642115047506
2021-06-16,26.986,3.295318213008596,-2.4367317425885715,-2.466911322801653,6.085651474567004,2.466911322801653
2021-06-17,25.906,3.2544746021080644,-4.002075150077822,-4.084361090053138,16.682005513940055,4.084361090053138
2021-06-18,25.7625,3.248919946216577,-0.5539257314907675,-0.5554655891486752,0.3085420207282848,0.5554655891486752
2021-06-21,25.955,3.2563642692791923,0.7472100921882552,0.7444323062614898,0.5541794586058005,0.7444323062614898
2021-06-22,25.768,3.2491334120288977,-0.7204777499518311,-0.7230857250294557,0.5228529657413736,0.7230857250294557
2021-06-23,25.88,3.2534704696327,0.434647624961193,0.4337057603802122,0.188100686586978,0.4337057603802122
2021-06-24,25.934,3.255554849126693,0.2086553323029427,0.2084379493992766,0.0434463787497754,0.2084379493992766
2021-06-25,26.07,3.2607852279454104,0.5244081129019751,0.5230378818717772,0.2735686258729152,0.5230378818717772
2021-06-28,26.098,3.261858683040055,0.1074031453778268,0.1073455094644725,0.0115230584021871,0.1073455094644725
2021-06-29,25.775,3.2494050299030235,-1.237642731243771,-1.2453653137031462,1.5509347645749356,1.2453653137031462
2021-06-30,26.138,3.2633901941748444,1.408341416100889,1.3985164271820711,1.9558481970981048,1.3985164271820711
2021-07-01,26.026,3.2590960383545657,-0.4284949116229342,-0.4294155820278695,0.1843977420883339,0.4294155820278695
2021-07-02,26.48,3.2763897310688077,1.7444094367171203,1.7293692714241795,2.990718076946198,1.7293692714241795
2021-07-05,26.4775,3.276295315735687,-0.0094410876132933,-0.0094415333120226,8.914255128203414e-05,0.0094415333120226
2021-07-06,26.152,3.263925669421909,-1.2293456708525996,-1.2369646313777631,1.5300814992795255,1.2369646313777631
2021-07-07,26.14,3.263466708196076,-0.0458855919241329,-0.0458961225833575,0.0021064540681865,0.0458961225833575
2021-07-08,25.928,3.2553234658392465,-0.8110175975516443,-0.8143242356829626,0.6631239608206413,0.8143242356829626
2021-07-09,26.12,3.2627013044082305,0.7405121875964316,0.7377838568984163,0.5443250194999029,0.7377838568984163
2021-07-12,26.195,3.265568552860183,0.2871362940275679,0.2867248451952757,0.0822111368522548,0.2867248451952757
2021-07-13,25.981,3.2573655016487244,-0.816949799580069,-0.8203051211458536,0.6729004917781136,0.8203051211458536
2021-07-14,26.2455,3.267494545770647,1.0180516531311357,1.012904412192266,1.0259753482385596,1.012904412192266
2021-07-15,26.345,3.271278503661249,0.3791126097807185,0.378395789060193,0.1431833731784861,0.378395789060193
2021-07-16,25.66,3.2449333591874905,-2.600113873600296,-2.634514447375865,6.940666373432162,2.634514447375865
2021-07-19,25.176,3.2258911597621056,-1.8862042088854336,-1.904219942538472,3.62605358956122,1.904219942538472
2021-07-20,24.94,3.2164729402518906,-0.9374006990784722,-0.9418219510215196,0.8870285874259818,0.9418219510215196
2021-07-21,25.262,3.2293012903517835,1.2910986367281383,1.2828350099893022,1.6456656628542532,1.2828350099893022
2021-07-22,25.4285,3.2358705922440625,0.6590927084157983,0.6569301892279038,0.4315572735190095,0.6569301892279038
2021-07-23,25.1865,3.2263081366854967,-0.9516880665395132,-0.9562455558565988,0.9144055630954954,0.9562455558565988
2021-07-26,25.19,3.226447090364519,0.0138963333532027,0.0138953679022398,0.0001930812491385,0.0138953679022398
2021-07-27,24.689,3.2063578003092283,-1.9888844779674564,-2.008929005529067,4.035795749256007,2.008929005529067
2021-07-28,24.968,3.2175950049684783,1.130057920531402,1.1237204659249973,1.262747685538693,1.1237204659249973
2021-07-29,25.513,3.2391881261800792,2.1827939762896653,2.159312121160084,4.662628836588862,2.159312121160084
2021-07-30,25.48,3.237893830703962,-0.129345823697724,-0.1294295476116422,0.0167520077949543,0.1294295476116422
2021-08-02,25.406,3.234985366601269,-0.2904238618524402,-0.2908464102693691,0.0845916343665782,0.2908464102693691
2021-08-03,25.525,3.239658364050729,0.4683932929229417,0.4672997449460379,0.2183690516266321,0.4672997449460379
2021-08-04,25.391,3.234394780525871,-0.5249755142017642,-0.5263583524858046,0.2770531152315705,0.5263583524858046
2021-08-05,25.1455,3.224678954095151,-0.9668780276475886,-0.9715826430720252,0.9439728323188222,0.9715826430720252
2021-08-06,24.3095,3.190867220448888,-3.324650533892737,-3.3811733646262736,11.432333321658156,3.3811733646262736
2021-08-09,23.447,3.154742554938599,-3.5479956395647827,-3.6124665510289455,13.049914582302964,3.6124665510289455
2021-08-10,23.341,3.1502114708420503,-0.4520834221862002,-0.4531084096548556,0.2053072308999524,0.4531084096548556
2021-08-11,23.545,3.158913483695518,0.8739985433357633,0.8702012853467846,0.7572502770191961,0.8702012853467846
2021-08-12,23.181,3.1433329776195564,-1.5459757910384453,-1.5580506075961469,2.4275216958307224,1.5580506075961469
2021-08-13,23.72,3.1663185741295248,2.325180104395841,2.298559650996818,5.283376469190613,2.298559650996818
2021-08-16,23.844,3.17153261335768,0.5227655986509427,0.5214039228155555,0.2718620507274497,0.5214039228155555
2021-08-17,23.658,3.163701324123545,-0.7800704579768447,-0.7831289234134932,0.6132909106867769,0.7831289234134932
2021-08-18,23.515,3.1576385153970112,-0.6044466987911057,-0.6062808726533814,0.3675764965453456,0.6062808726533814
2021-08-19,23.245,3.146090055142548,-1.1482032745056323,-1.154846025446322,1.333669342489167,1.154846025446322
2021-08-20,23.04,3.1372318358276905,-0.881910088191018,-0.8858219314857663,0.7846804943011736,0.8858219314857663
2021-08-23,23.638,3.162855586590049,2.595486111111112,2.5623750762358366,6.56576603131461,2.5623750762358366
2021-08-24,23.868,3.172538649659836,0.9730095608765366,0.9683063069786428,0.9376171041346176,0.9683063069786428
2021-08-25,23.839,3.171322895008653,-0.1215015920898232,-0.1215754651182247,0.0147805937187126,0.1215754651182247
2021-08-26,23.554,3.1592956574193565,-1.195519946306478,-1.202723758929649,1.446544440293864,1.202723758929649
2021-08-27,24.07,3.1809662517949806,2.1907107073108723,2.1670594375623966,4.69614660592825,2.1670594375623966
2021-08-30,24.0365,3.179573508385458,-0.1391773992521772,-0.1392743409522214,0.0193973420476756,0.1392743409522214
2021-08-31,23.8915,3.173522747143961,-0.6032492251367705,-0.6050761241497458,0.3661171160160785,0.6050761241497458
2021-09-01,24.1455,3.184098027332257,1.0631396103216506,1.0575280188295784,1.118365510609613,1.0575280188295784
2021-09-02,23.897,3.17375292804624,-1.0291772794102427,-1.034509928601674,1.070210792375441,1.034509928601674
2021-09-03,24.7095,3.207187785073009,3.4000083692513616,3.3434857026769524,11.178896644005194,3.3434857026769524
2021-09-06,24.6945,3.2065805467740494,-0.0607053967097592,-0.0607238298960444,0.0036873835172437,0.0607238298960444
2021-09-07,24.3195,3.1912784976760964,-1.5185567636518238,-1.5302049097952624,2.341527065961527,1.5302049097952624
2021-09-08,23.9395,3.1755298143645194,-1.5625321244269077,-1.5748683311576874,2.4802102604833998,1.5748683311576874
2021-09-09,24.0415,3.1797815037271127,0.4260740616971903,0.425168936259283,0.1807686243598502,0.425168936259283
2021-09-10,23.7555,3.167814082617753,-1.1896096333423367,-1.196742110935921,1.4321916800873644,1.196742110935921
2021-09-13,23.7455,3.167393038844033,-0.0420955147229173,-0.0421043773719887,0.0017727785938828,0.0421043773719887
2021-09-14,23.8595,3.1721824608760163,0.4800909646038187,0.4789422031982723,0.2293856340044152,0.4789422031982723
2021-09-15,23.8465,3.1716374560413296,-0.0544856346528677,-0.0545004834686779,0.0029703026983196,0.0545004834686779
2021-09-16,22.9065,3.131420713079209,-3.941878263057464,-4.021674296212052,16.173864144812704,4.021674296212052
2021-09-17,22.3935,3.108770738179617,-2.239538995481638,-2.2649974899591454,5.130213629521229,2.2649974899591454
2021-09-20,22.2745,3.103442526415829,-0.5314042021122178,-0.5328211763788494,0.2838984059977409,0.5328211763788494
2021-09-21,22.4925,3.113181920309137,0.9786976138633774,0.973939389330775,0.9485579340900028,0.973939389330775
2021-09-22,22.6985,3.12229884300887,0.915860842503058,0.911692269973322,0.8311827951291084,0.911692269973322
2021-09-23,22.5145,3.1141595460896694,-0.8106262528360775,-0.8139296919200613,0.6624815433890858,0.8139296919200613
2021-09-24,22.3725,3.1078325260748763,-0.6307046569988373,-0.6327020014793178,0.4003118226759346,0.6327020014793178
2021-09-27,22.629,3.119232269539604,1.1464968152866462,1.1399743464727508,1.2995415106159751,1.1399743464727508
2021-09-28,22.4585,3.111669161683793,-0.7534579521852547,-0.7563107855810342,0.572006004386201,0.7563107855810342
2021-09-29,21.5345,3.0696563002193504,-4.114255181779725,-4.201286146444297,17.650805284304774,4.201286146444297
2021-09-30,22.1755,3.0989880758557606,2.976618913835938,2.933177563641048,8.603530619847232,2.933177563641048
2021-10-01,22.5015,3.113581973654917,1.470090866045859,1.4593897799156914,2.12981852972237,1.4593897799156914
2021-10-04,22.6815,3.1215496142386963,0.7999466702219848,0.7967640583778832,0.6348329647227949,0.7967640583778832
2021-10-05,22.6215,3.118900781486712,-0.2645327689967502,-0.2648832751984131,0.0701631494798382,0.2648832751984131
2021-10-06,22.6195,3.118812366111221,-0.0088411466967364,-0.0088415375491483,7.817278623300062e-05,0.0088415375491483
2021-10-07,22.5905,3.1175294639224376,-0.1282079621565457,-0.1282902188783085,0.0164583802598443,0.1282902188783085
2021-10-08,22.6465,3.120005314602452,0.2478918129302121,0.247585068001418,0.0612983658972667,0.247585068001418
2021-10-11,22.5825,3.1171752700418613,-0.2826043759521335,-0.2830044560590448,0.0800915221492758,0.2830044560590448
2021-10-12,22.5625,3.1162892360931,-0.0885641536588099,-0.0886033948761886,0.0078505615835858,0.0886033948761886
2021-10-13,23.0915,3.1394645844439144,2.3445983379501323,2.317534835081483,5.370967711816156,2.317534835081483
2021-10-14,23.5185,3.157787345486477,1.849165277266529,1.832276104256322,3.357235722228724,1.832276104256322
2021-10-15,23.3225,3.149418559852979,-0.8333864829814686,-0.8368785633498574,0.7003657297945214,0.8368785633498574
2021-10-18,23.1965,3.1440014052224723,-0.54025083074285,-0.5417154630506913,0.2934556429082249,0.5417154630506913
2021-10-19,23.6675,3.164102799020909,2.0304787360162058,2.0101393798437006,4.0406603263984175,2.0101393798437006
2021-10-20,24.2985,3.190414620046165,2.666103306221612,2.631182102525603,6.923119256651053,2.631182102525603
2021-10-21,24.1535,3.184429297133833,-0.5967446550198541,-0.5985322912332454,0.3582409036489184,0.5985322912332454
2021-10-22,24.3335,3.191854001771893,0.7452336100358004,0.7424704638060583,0.5512623896243833,0.7424704638060583
2021-10-25,24.5715,3.201587234730659,0.978075492633601,0.9733232958765086,0.9473582382959096,0.9733232958765086
2021-10-26,24.1555,3.184512097440241,-1.69301833424903,-1.707513729041748,2.915603134866056,1.707513729041748
2021-10-27,24.0655,3.180779279601356,-0.3725859535095521,-0.3732817838885267,0.1393392901830007,0.3732817838885267
2021-10-28,24.0755,3.181194725900512,0.0415532608921465,0.041544629915578,0.0017259562748223,0.041544629915578
2021-10-29,23.8785,3.172978472481163,-0.8182592261843036,-0.821625341934858,0.6750682025095723,0.821625341934858
2021-11-01,24.0135,3.178616172204122,0.5653621458634461,0.5637699722958655,0.3178365816624809,0.5637699722958655
2021-11-02,23.5165,3.157702302433381,-2.06966914443959,-2.0913869770740905,4.373899487875103,2.0913869770740905
2021-11-03,23.5905,3.1608440886167526,0.3146726766313001,0.3141786183371854,0.0987082042202628,0.3141786183371854
2021-11-04,23.7745,3.1686135777160933,0.779974989932386,0.7769489099340647,0.6036496086477314,0.7769489099340647
2021-11-05,24.1635,3.184843230123993,1.6362068602914892,1.6229652407899475,2.6340161728123723,1.6229652407899475
2021-11-08,24.4575,3.196936917349446,1.2167111552548349,1.2093687225454006,1.462572707071094,1.2093687225454006
2021-11-09,24.3085,3.190826083421444,-0.6092200756414257,-0.6110833928002981,0.3734229129563234,0.6110833928002981
2021-11-10,24.6395,3.204350846251637,1.3616636156077222,1.3524762830193386,1.8291920961298065,1.3524762830193386
2021-11-11,25.2555,3.229043953783827,2.50005073154893,2.4693107532189806,6.097495595962889,2.4693107532189806
2021-11-12,25.3045,3.23098224552991,0.194017144780334,0.1938291746082955,0.0375697489293331,0.1938291746082955
2021-11-15,25.0645,3.2214525023816507,-0.94844790452292,-0.9529743148259548,0.908160044717998,0.9529743148259548
2021-11-16,24.8325,3.212153279107374,-0.9256119212431856,-0.9299223274276602,0.8647555350484766,0.9299223274276602
2021-11-17,25.0845,3.2222501255071503,1.014799154334023,1.0096846399776045,1.0194630722067044,1.0096846399776045
2021-11-18,24.8055,3.2110654027762235,-1.1122406266818152,-1.1184722730926455,1.25098022567703,1.1184722730926455
2021-11-19,24.5865,3.202197511815388,-0.8828687186309359,-0.8867890960836166,0.7863949009327977,0.8867890960836166
2021-11-22,24.1845,3.185711932089767,-1.63504362149961,-1.648557972562037,2.717743388897854,1.648557972562037
2021-11-23,23.6595,3.1637647256135013,-2.1708118836444745,-2.1947206476265646,4.816798721118367,2.1947206476265646
2021-11-24,23.5505,3.159147051659549,-0.4607028889029863,-0.4617673953952862,0.2132291274501466,0.4617673953952862
2021-11-25,23.6015,3.1613102693337902,0.2165559117640825,0.2163217674241568,0.0467951070615109,0.2163217674241568
2021-11-26,23.1435,3.141713963569053,-1.9405546257653228,-1.9596305764737048,3.840151996250666,1.9596305764737048
2021-11-29,22.9065,3.131420713079209,-1.024045628362169,-1.02932504898443,1.0595100564667994,1.02932504898443
2021-11-30,22.8385,3.1284477083754694,-0.2968589701613178,-0.2973004703739616,0.0883875696845788,0.2973004703739616
2021-12-01,22.3345,3.106132568164428,-2.2067999211857203,-2.231514021104177,4.979654826384532,2.231514021104177
2021-12-02,22.3855,3.1084134278294484,0.2283462804181901,0.2280859665020671,0.052023208115182,0.2280859665020671
2021-12-03,22.5455,3.115535489493612,0.7147483862321558,0.7122061664163218,0.5072376234814335,0.7122061664163218
2021-12-06,22.3875,3.10850276738683,-0.7008050386995257,-0.7032722106781406,0.4945918023121189,0.7032722106781406
2021-12-07,22.4995,3.113493086741235,0.5002791736460122,0.4990319354404864,0.2490328725894778,0.4990319354404864
2021-12-08,22.4325,3.110510800190076,-0.2977843952087777,-0.2982286551159214,0.0889403307322512,0.2982286551159214
2021-12-09,21.9615,3.0892909203195096,-2.099632230023407,-2.121987987056626,4.502833017212632,2.121987987056626
2021-12-10,22.1765,3.099033169650862,0.9789859526899258,0.9742249331352556,0.9491142203423932,0.9742249331352556
2021-12-13,22.3345,3.106132568164428,0.7124658985863341,0.7099398513565386,0.5040145925441442,0.7099398513565386
2021-12-14,21.9485,3.088698800056252,-1.7282679263023517,-1.743376810817578,3.0393627044964693,1.743376810817578
2021-12-15,22.0895,3.0951023824995336,0.6424129211563434,0.6403582443281758,0.4100586810790637,0.6403582443281758
2021-12-16,22.4815,3.112692748778059,1.7745987912809236,1.759036627852538,3.0942098581268285,1.759036627852538
2021-12-17,22.3635,3.1074301655544265,-0.5248760091631,-0.5262583223632576,0.2769478218565904,0.5262583223632576
2021-12-20,22.2655,3.1030383952922325,-0.4382140541507318,-0.439177026219383,0.1928764603589006,0.439177026219383
2021-12-21,22.5155,3.114203960924231,1.1228133210572366,1.1165565631998684,1.2466985588247017,1.1165565631998684
2021-12-22,22.7995,3.126738605895372,1.2613532899558022,1.2534644971140207,1.571173245525305,1.2534644971140207
2021-12-23,22.8815,3.1303287238032302,0.359657010022163,0.3590117907858957,0.1288894659232957,0.3590117907858957
2021-12-27,23.0595,3.138077832038627,0.7779210279046378,0.7749108235396349,0.6004867844388752,0.7749108235396349
2021-12-28,23.0145,3.136124452071233,-0.1951473362388545,-0.1953379967393654,0.0381569329701483,0.1953379967393654
2021-12-29,22.8285,3.128009755360827,-0.8081861435182303,-0.8114696710406162,0.6584830270187658,0.8114696710406162
2021-12-30,23.0415,3.1372969378751727,0.9330442210395028,0.9287182514345992,0.8625175905477396,0.9287182514345992
2021-12-31,23.2665,3.147014557750778,0.976498925851188,0.9717619875605324,0.9443213604675964,0.9717619875605324
2022-01-03,22.8985,3.131071406231426,-1.581673221154889,-1.594315151935208,2.5418408036901856,1.594315151935208
2022-01-04,23.0495,3.1376440772334138,0.6594318405135802,0.6572671001987567,0.4320000410036824,0.6572671001987567
2022-01-05,22.7965,3.126607015404788,-1.0976376927915863,-1.1037061828625696,1.218167338089064,1.1037061828625696
2022-01-06,22.1945,3.099844510435943,-2.6407562564428777,-2.676250496884483,7.162316722074442,2.676250496884483
2022-01-07,22.3065,3.104878115814711,0.5046295253328559,0.5033605378767961,0.2533718310916175,0.5033605378767961
2022-01-10,22.4685,3.112114328294746,0.7262457131329336,0.7236212480035296,0.5236277105621856,0.7236212480035296
2022-01-11,22.7815,3.125948803085618,1.393061397067008,1.3834474790871985,1.9139269273927244,1.3834474790871985
2022-01-12,23.1435,3.141713963569053,1.58900862541973,1.576516048343478,2.485402850684536,1.576516048343478
2022-01-13,23.0875,3.139291345525358,-0.2419685872923294,-0.2422618043694884,0.0586907818563603,0.2422618043694884
2022-01-14,22.9445,3.133078256369443,-0.6193827828911647,-0.621308915591549,0.3860247685935465,0.621308915591549
2022-01-17,23.0245,3.136558866378984,0.3486674366405928,0.348061000954084,0.1211464603851588,0.348061000954084
2022-01-18,23.4795,3.1561277000142502,1.976155834002924,1.956883363526682,3.829392498447501,1.956883363526682
2022-01-19,24.1445,3.184056610889923,2.8322579271279125,2.7928910875672925,7.800240627012814,2.7928910875672925
2022-01-20,24.4755,3.1976726172170977,1.370912630205634,1.3616006327174497,1.8539562830165592,1.3616006327174497
2022-01-21,24.2285,3.187529626184936,-1.009172437743866,-1.0142991032161617,1.0288026707851097,1.0142991032161617
2022-01-24,23.9825,3.177324397709966,-1.0153331819964029,-1.0205228474970491,1.0414668822634854,1.0205228474970491
2022-01-25,23.8125,3.17021065288692,-0.7088502032732258,-0.7113744823045924,0.506053654074127,0.7113744823045924
2022-01-26,23.5265,3.158127445394103,-1.2010498687664128,-1.208320749281692,1.4600390331446698,1.208320749281692
2022-01-27,22.7765,3.1257293026676862,-3.1878945019446103,-3.2398142726416674,10.496396521212656,3.2398142726416674
2022-01-28,22.4075,3.10939572424938,-1.6200908831471073,-1.6333578418306502,2.66785783946968,1.6333578418306502
2022-01-31,22.4685,3.112114328294746,0.2722302800401754,0.2718604045366705,0.0739080795548421,0.2718604045366705
2022-02-01,22.6405,3.1197403378967703,0.7655161670783617,0.7626009602023935,0.5815602245016126,0.7626009602023935
2022-02-02,22.6545,3.120358507692369,0.0618360901923464,0.0618169795598678,0.0038213389619051,0.0618169795598678
2022-02-03,22.4225,3.110064919010021,-1.0240791012823047,-1.0293588682347805,1.059579679613588,1.0293588682347805
2022-02-04,22.5035,3.113670852668419,0.3612442858735631,0.3605933658397993,0.1300275754876753,0.3605933658397993
2022-02-07,23.0105,3.135950633493935,2.2529828693314435,2.227978082551595,4.963886336330282,2.227978082551595
2022-02-08,23.1895,3.143699590017318,0.7779057386845034,0.774895652338306,0.6004632720128089,0.774895652338306
2022-02-09,23.3135,3.1490325919264106,0.5347247676750433,0.5333001909092385,0.2844090936238302,0.5333001909092385
2022-02-10,23.1965,3.1440014052224723,-0.5018551483046307,-0.5031186703938187,0.253128396498844,0.5031186703938187
2022-02-11,23.6125,3.161776232827628,1.7933740003879928,1.777482760515578,3.15944496393008,1.777482760515578
2022-02-14,23.8525,3.171889033643864,1.016410799364742,1.011280081623598,1.022687403488631,1.011280081623598
2022-02-15,23.3655,3.1512605754526333,-2.0417147049575424,-2.0628458191230643,4.255332873473506,2.0628458191230643
2022-02-16,23.5895,3.1608016977731688,0.958678393357726,0.9541122320535426,0.910330151354193,0.9541122320535426
2022-02-17,23.8345,3.17113411088274,1.0385976811716937,1.0332413109571048,1.0675876066683565,1.0332413109571048
2022-02-18,23.9265,3.174986631298476,0.3859950911494048,0.3852520415735878,0.1484191355366174,0.3852520415735878
2022-02-21,23.9575,3.17628142723578,0.1295634547468171,0.1294795937304587,0.0167649651926046,0.1294795937304587
2022-02-22,24.1055,3.1824400302269877,0.617760617760621,0.6158602991207025,0.3792839080330412,0.6158602991207025
2022-02-23,24.5515,3.200772952170347,1.8502001617888064,1.8332921943359897,3.360960269813269,1.8332921943359897
2022-02-24,24.2225,3.1872819532770222,-1.3400403234018363,-1.3490998893325012,1.820070511396967,1.3490998893325012
2022-02-25,24.2475,3.1883135192855607,0.1032098255753899,0.1031566008538601,0.0106412842997226,0.1031566008538601
2022-02-28,24.4525,3.196732460182511,0.8454479843282847,0.841894089695017,0.7087856582634013,0.841894089695017
2022-03-01,25.3745,3.233744732734319,3.77057560576628,3.701227255180803,13.69908319449322,3.701227255180803
2022-03-02,25.3005,3.230824158384042,-0.2916313621943334,-0.2920574350277123,0.0852975453549664,0.2920574350277123
2022-03-03,25.1835,3.226189018162425,-0.4624414537262145,-0.4635140221616488,0.2148452487404694,0.4635140221616488
2022-03-04,25.5905,3.242221188863192,1.6161375503802144,1.6032170700766508,2.5703049737851607,1.6032170700766508
2022-03-07,25.6755,3.245537229821692,0.3321545104628676,0.3316040958499719,0.1099612763844773,0.3316040958499719
2022-03-08,26.412,3.273818452332325,2.8684933107437027,2.8281222510633293,7.998275466959512,2.8281222510633293
2022-03-09,25.7795,3.249579602443206,-2.3947448129638005,-2.423884988911841,5.875218439472158,2.423884988911841
2022-03-10,25.9175,3.2549184162151303,0.5353090634030888,0.5338813771923602,0.2850293249128111,0.5338813771923602
2022-03-11,25.8215,3.251207478231464,-0.3704060962670064,-0.3710937983666551,0.1377106071861916,0.3710937983666551
2022-03-14,25.1005,3.2228877662580566,-2.792246771101603,-2.831971197340723,8.02006086256745,2.831971197340723
2022-03-15,24.8815,3.214124555442714,-0.8724925798290872,-0.8763210815342345,0.7679386379413304,0.8763210815342345
2022-03-16,25.0625,3.221372705066788,0.7274481040130176,0.7248149624073863,0.5253567297296208,0.7248149624073863
2022-03-17,25.3345,3.2321671031894104,1.085286783042383,1.0794398122622395,1.165190308296739,1.0794398122622395
2022-03-18,24.9715,3.21773517457393,-1.4328287513075022,-1.4431928615480296,2.08280563562319,1.4431928615480296
2022-03-21,25.2295,3.2280139447792253,1.0331778227179012,1.027877020529531,1.056531169332665,1.027877020529531
2022-03-22,24.7795,3.210016698434876,-1.783626310469899,-1.7997246344349338,3.239008759791956,1.7997246344349338
2022-03-23,25.1505,3.2248777770638357,1.4972053511975725,1.4861078628959077,2.2085165801610414,1.4861078628959077
2022-03-24,25.5475,3.240539464504227,1.5784974453788123,1.5661687440391838,2.4528845348052744,1.5661687440391838
2022-03-25,25.5245,3.23963877522028,-0.0900283785106204,-0.0900689283947355,0.0081124118621759,0.0900689283947355
2022-03-28,24.8745,3.2138431823401263,-2.5465729005465287,-2.57955928801536,6.654126120386312,2.57955928801536
2022-03-29,24.7775,3.209935983298726,-0.3899575870871863,-0.3907199041399712,0.1526620434911482,0.3907199041399712
2022-03-30,24.8665,3.213521516106276,0.359196851982646,0.3585532807549106,0.1285604551401098,0.3585532807549106
2022-03-31,24.7925,3.210541188078143,-0.2975891259324736,-0.2980328028132419,0.0888235515527167,0.2980328028132419
2022-04-01,24.6035,3.202888709240751,-0.7623273167288502,-0.765247883739208,0.5856043235673365,0.765247883739208
2022-04-04,24.5355,3.200121048384553,-0.2763834413803012,-0.2767660856198174,0.0765994661493161,0.2767660856198174
2022-04-05,24.3295,3.1916896058238837,-0.8395997636078345,-0.8431442560669615,0.71089223653871,0.8431442560669615
2022-04-06,24.4585,3.1969778037669845,0.5302205141906047,0.5288197943101419,0.2796503748542208,0.5288197943101419
2022-04-07,24.5905,3.202360189490269,0.5396896784348959,0.5382385723284143,0.2897007607421297,0.5382385723284143
2022-04-08,24.7265,3.2078755430093358,0.5530591081921887,0.5515353519066544,0.3041912444027971,0.5515353519066544
2022-04-11,25.0915,3.222529143366103,1.4761490708349312,1.4653600356767795,2.147280034158653,1.4653600356767795
2022-04-12,25.3755,3.233784141601319,1.1318574019089978,1.1254998235215814,1.2667498527471108,1.1254998235215814
2022-04-13,25.7405,3.2480656269987422,1.4383953025556284,1.4281485397423372,2.03960825156817,1.4281485397423372
2022-04-14,25.65,3.2445435716167785,-0.3515860220275502,-0.3522055381963896,0.1240487411362085,0.3522055381963896
2022-04-18,25.8675,3.2529873544969687,0.8479532163742753,0.8443782880190133,0.7129746932779197,0.8443782880190133
2022-04-19,25.1815,3.22610959793008,-2.6519764182854955,-2.6877756566889124,7.224137980689514,2.6877756566889124
2022-04-20,25.1955,3.22666540714303,0.0555963703512407,0.0555809212950707,0.0030892388120088,0.0555809212950707
2022-04-21,24.6565,3.205040557411728,-2.1392709015498723,-2.162484973130255,4.67634125901416,2.162484973130255
2022-04-22,24.1715,3.1851742531951857,-1.9670269502970796,-1.9866304216541983,3.946700432241938,1.9866304216541983
2022-04-25,23.6315,3.162580567812995,-2.234035951430413,-2.259368538219058,5.104746191494123,2.259368538219058
2022-04-26,23.5145,3.157617252147348,-0.4951018767323178,-0.496331566564703,0.2463450239685722,0.496331566564703
2022-04-27,23.3095,3.1488610027961608,-0.8718025048374489,-0.8756249351187396,0.7667190270016969,0.8756249351187396
2022-04-28,23.1575,3.1423187021460453,-0.6520946395246585,-0.6542300650115234,0.4280169779649821,0.6542300650115234
2022-04-29,22.7695,3.125421921116941,-1.675483104825637,-1.6896781029104195,2.855012091454954,1.6896781029104195
2022-05-02,22.6415,3.119784505557216,-0.5621555150530311,-0.5637415559724813,0.3178045419302743,0.5637415559724813
2022-05-03,22.5735,3.1167766519127458,-0.3003334584722794,-0.30078536444705,0.0904718354655447,0.30078536444705
2022-05-04,22.9795,3.1346025141334213,1.7985691186568342,1.782586222067523,3.1776136391049645,1.782586222067523
2022-05-05,22.5205,3.1144260055116963,-1.9974324941796076,-2.017650862172468,4.070915001625303,2.017650862172468
2022-05-06,22.3735,3.1078772228075526,-0.652738615927706,-0.6548782704144034,0.4288655490609604,0.6548782704144034
2022-05-09,21.7985,3.0818411600882603,-2.570004693052041,-2.603606271929223,6.778765619229186,2.603606271929223
2022-05-10,21.2735,3.0574621666859265,-2.4084225978851848,-2.43789934023337,5.943353193110304,2.43789934023337
2022-05-11,21.5755,3.071558411671988,1.4196065527534385,1.4096244986060968,1.98704122707049,1.4096244986060968
2022-05-12,20.6865,3.029481313600365,-4.120414358879298,-4.2077098071622565,17.704821821289435,4.2077098071622565
2022-05-13,21.0455,3.0466867605528,1.7354313199429594,1.720544695243462,2.960274048330417,1.720544695243462
2022-05-16,21.6225,3.07373443919853,2.741678743674414,2.704767864573021,7.3157692012269,2.704767864573021
2022-05-17,21.6325,3.074196813498757,0.0462481211700893,0.0462374300227067,0.0021378999351047,0.0462374300227067
2022-05-18,21.4125,3.0639748636502384,-1.0169883277475922,-1.022194984851844,1.044882587056262,1.022194984851844
2022-05-19,21.9285,3.0877871606376432,2.4098073555166355,2.381229698740489,5.670254878163719,2.381229698740489
2022-05-20,21.7625,3.0801883050943077,-0.7570057231456762,-0.7598855543335755,0.5774260556848454,0.7598855543335755
2022-05-23,21.7985,3.0818411600882603,0.1654221711659964,0.1652854993952778,0.0273192963103464,0.1652854993952778
2022-05-24,22.1115,3.096097835173305,1.4358786155010517,1.4256675085045152,2.032527844805472,1.4256675085045152
2022-05-25,21.9905,3.090610541916178,-0.5472265563168377,-0.5487293257127434,0.301103872897162,0.5487293257127434
2022-05-26,22.0145,3.091701327162383,0.1091380368795746,0.10907852462051,0.0118981245333872,0.10907852462051
2022-05-27,22.0795,3.094649576224958,0.2952599423107438,0.2948249062575094,0.0869217253497492,0.2948249062575094
2022-05-30,21.9825,3.09024668227102,-0.4393215426073849,-0.4402893953937839,0.1938547516962238,0.4402893953937839
2022-05-31,21.5595,3.070816554677259,-1.924257932446272,-1.9430127593761064,3.775298583098352,1.9430127593761064
2022-06-01,21.8355,3.083537085690688,1.2801781117372846,1.272053101342902,1.618119092636095,1.272053101342902
2022-06-02,22.3095,3.105012596718625,2.17077694579928,2.147551102793717,4.611975739110511,2.147551102793717
2022-06-03,21.9255,3.08765034301532,-1.7212398305654577,-1.7362253703305242,3.014478536579366,1.7362253703305242
2022-06-06,22.0845,3.094876004991436,0.725183006088792,0.7225661976115737,0.5221019099308478,0.7225661976115737
2022-06-07,22.2305,3.1014652198509163,0.6610971495845552,0.6589214859480559,0.434177524643994,0.6589214859480559
2022-06-08,22.0475,3.093199216780199,-0.8231933604732178,-0.8266003070717522,0.6832680676511151,0.8266003070717522
2022-06-09,21.6895,3.076828272475338,-1.6237668669917271,-1.637094430486042,2.6800781743284183,1.637094430486042
2022-06-10,21.8765,3.085413001321337,0.8621683302980854,0.8584728845998337,0.7369756935931594,0.8584728845998337
2022-06-13,21.0925,3.048917527057645,-3.5837542568509573,-3.649547426369186,13.319196417317947,3.649547426369186
2022-06-14,21.0365,3.046259024221959,-0.2654972146497569,-0.2658502835685804,0.0706763732734946,0.2658502835685804
2022-06-15,21.6805,3.076413239036132,3.0613457561856627,3.0154214814173006,9.092766710592908,3.0154214814173006
2022-06-16,21.9505,3.088789918305022,1.245358732501578,1.23766792688902,1.5318218972497646,1.23766792688902
2022-06-17,21.6585,3.0753979870972463,-1.3302658253798394,-1.339193120777576,1.7934382147379833,1.339193120777576
2022-06-20,21.6015,3.07276275672341,-0.2631761202299243,-0.2635230373836346,0.0694443912318965,0.2635230373836346
2022-06-21,21.6905,3.0768743766708284,0.4120084253408373,0.411161994741847,0.1690541859200946,0.411161994741847
2022-06-22,21.4235,3.064488450364301,-1.230953643300059,-1.2385926306527566,1.5341117047073158,1.2385926306527566
2022-06-23,20.9595,3.042592004206475,-2.165845916867004,-2.1896446157825684,4.794543543425592,2.1896446157825684
2022-06-24,21.1455,3.0514271168969525,0.8874257496600535,0.8835112690477461,0.7805921625343588,0.8835112690477461
2022-06-27,21.1515,3.051710824963257,0.0283748315244469,0.02837080663048,0.000804902668864,0.02837080663048
2022-06-28,20.8605,3.0378574186046383,-1.3757889511382235,-1.3853406358619338,1.9191686773703471,1.3853406358619338
2022-06-29,20.7485,3.032473954907094,-0.5368998825531435,-0.5383463697544316,0.2898168138277752,0.5383463697544316
2022-06-30,20.2755,3.009413260609855,-2.279682868641097,-2.3060694297238618,5.317956214706937,2.3060694297238618
2022-07-01,19.8725,2.9893368664651305,-1.9876205272373213,-2.007639414472458,4.030616018543314,2.007639414472458
2022-07-04,19.9715,2.994306257275912,0.4981758711787742,0.4969390810781526,0.2469484503027987,0.4969390810781526
2022-07-05,19.2285,2.956393553438162,-3.7203014295370873,-3.791270383775008,14.373731122889494,3.791270383775008
2022-07-06,19.2025,2.9550404788907,-0.1352159554827481,-0.1353074547462032,0.0183081073098958,0.1353074547462032
2022-07-07,19.2355,2.956757530147671,0.1718526233563277,0.1717051256971083,0.0294826501906597,0.1717051256971083
2022-07-08,19.3005,2.9601310023110177,0.3379168724493731,0.3373472163346342,0.1138031443687265,0.3373472163346342
2022-07-11,19.1185,2.9506564526629,-0.942980751793987,-0.947454964811728,0.8976709103463929,0.947454964811728
2022-07-12,18.9375,2.941144083269588,-0.9467269921803578,-0.9512369393312304,0.904851714748247,0.9512369393312304
2022-07-13,19.2145,2.9556652023407497,1.4627062706270788,1.452111907116189,2.1086289907886155,1.452111907116189
2022-07-14,18.4255,2.91373557474926,-4.106273907725944,-4.192962759148986,17.580936699610277,4.192962759148986
2022-07-15,18.6645,2.9266233239016586,1.297115410707983,1.2887749152398658,1.6609407821515232,1.2887749152398658
2022-07-18,18.6985,2.9284433067394904,0.1821640011786973,0.1819982837831747,0.033123375300021,0.1819982837831747
2022-07-19,18.7525,2.9313270768616544,0.2887932187073838,0.2883770122163921,0.0831613011748531,0.2883770122163921
2022-07-20,18.6775,2.92731959086782,-0.3999466737768409,-0.4007485993835167,0.1605994399078504,0.4007485993835167
2022-07-21,18.8565,2.9368576820408583,0.958372373176286,0.9538091173039184,0.9097518322520796,0.9538091173039184
2022-07-22,18.5805,2.922112643680227,-1.4636862620316604,-1.4745038360631135,2.1741615625648376,1.4745038360631135
2022-07-25,18.4355,2.9142781536399758,-0.78038804122601,-0.7834490040252137,0.6137923419080993,0.7834490040252137
2022-07-26,18.6265,2.924585297935452,1.0360445878874858,1.0307144295476656,1.0623722352777696,1.0307144295476656
2022-07-27,19.0895,2.9491384456712315,2.485705849193365,2.455314773577993,6.028570637350352,2.455314773577993
2022-07-28,20.0145,2.9964570108684483,4.845595746352704,4.731856519721632,22.390466123232112,4.731856519721632
2022-07-29,20.2695,3.009117293164113,1.2740762946863438,1.26602822956653,1.6028274780593623,1.26602822956653
2022-08-01,20.3595,3.0135476334239923,0.4440168726411508,0.4430340259878956,0.1962791481830434,0.4430340259878956
2022-08-02,19.9895,2.9952071356932377,-1.8173334315675804,-1.8340497730754897,3.363738570118256,1.8340497730754897
2022-08-03,20.0605,2.998752707447488,0.3551864728982723,0.3545571754250638,0.1257107906453994,0.3545571754250638
2022-08-04,20.1815,3.0047663431838623,0.603175394431843,0.6013635736373888,0.3616381476979311,0.6013635736373888
2022-08-05,19.8815,2.9897896510983126,-1.486509922453738,-1.497669208554946,2.243013058253598,1.497669208554946
2022-08-08,20.6715,3.0287559400011723,3.9735432437190576,3.896628890285965,15.183716708611232,3.896628890285965
2022-08-09,20.5335,3.0220576987215395,-0.6675858065452567,-0.6698241279632747,0.4486643624017614,0.6698241279632747
2022-08-10,20.5945,3.0250240498560204,0.2970755107507328,0.2966351134480662,0.0879923905303471,0.2966351134480662
2022-08-11,20.3105,3.0111379937038394,-1.3790089587025656,-1.3886056152180917,1.928225554615215,1.3886056152180917
2022-08-12,20.8045,3.035169309461664,2.4322394820412985,2.403131575782484,5.775041370522805,2.403131575782484
2022-08-15,20.2695,3.009117293164113,-2.571559037708193,-2.6052016297550824,6.787075531678537,2.6052016297550824
2022-08-16,20.1365,3.002534088672919,-0.6561582673474842,-0.6583204491194125,0.4333858137287849,0.6583204491194125
2022-08-17,19.7955,2.9854546391428567,-1.6934422565987206,-1.707944953006247,2.917075962499511,1.707944953006247
2022-08-18,19.5415,2.972540409277315,-1.283119900987606,-1.291422986554159,1.6677733302004638,1.291422986554159
2022-08-19,19.0525,2.9471983265581354,-2.502366757925445,-2.534208271917984,6.422211565457536,2.534208271917984
2022-08-22,18.9925,2.9440441643952395,-0.3149193019288732,-0.3154162162895784,0.0994873894984341,0.3154162162895784
2022-08-23,19.1145,2.9504472093383063,0.6423588258523072,0.6403044943066846,0.409989845429339,0.6403044943066846
2022-08-24,19.1165,2.950551836473449,0.0104632608752375,0.0104627135142776,0.0001094683740818,0.0104627135142776
2022-08-25,19.2515,2.957588979775948,0.7061962179269354,0.703714330249863,0.4952138585990132,0.703714330249863
2022-08-26,18.8555,2.936804648523663,-2.0569825727865365,-2.07843312522848,4.3198842560470245,2.07843312522848
2022-08-29,18.7875,2.933191755079093,-0.3606374797804235,-0.3612893444570104,0.1305299904181763,0.3612893444570104
2022-08-30,18.4345,2.9142239089966204,-1.878908848968741,-1.896784608247272,3.597791850083756,1.896784608247272
2022-08-31,17.9945,2.8900661556489986,-2.386829043369776,-2.415775334762148,5.835970468045169,2.415775334762148
2022-09-01,17.8135,2.879956596803936,-1.0058629025535448,-1.010955884506278,1.022031800417871,1.010955884506278
2022-09-02,17.9855,2.88956587770638,0.9655598282201528,0.9609280902444148,0.9233827946207782,0.9609280902444148
2022-09-05,18.1535,2.8988633795856704,0.9340857913319178,0.9297501879290252,0.8644354119540579,0.9297501879290252
2022-09-06,18.0095,2.890899396448236,-0.7932354642355532,-0.7963983137434704,0.634250274133443,0.7963983137434704
2022-09-07,18.4585,2.9155249690017984,2.4931286265582164,2.462557255356251,6.064188235907713,2.462557255356251
2022-09-08,18.5395,2.919903591057757,0.4388222228241645,0.4378622055959351,0.1917233110893369,0.4378622055959351
2022-09-09,18.7985,2.9337770794186904,1.397017179535598,1.3873488360932784,1.9247367930093744,1.3873488360932784
2022-09-12,19.8045,2.9859091846052284,5.351490810436999,5.21321051865381,27.177563911802725,5.21321051865381
2022-09-13,19.3455,2.9624598342904185,-2.3176550783912675,-2.344935031480979,5.498720301866701,2.344935031480979
2022-09-14,19.6355,2.977339152437099,1.4990566281564144,1.4879318146680651,2.213941085101402,1.4879318146680651
2022-09-15,19.1755,2.953633422532653,-2.342695627816971,-2.370572990444653,5.619616303025707,2.370572990444653
2022-09-16,19.5365,2.9722845108164275,1.882610622930314,1.8651088283774888,3.478630941691648,1.8651088283774888
2022-09-19,19.5615,2.973563348782929,0.1279656028459586,0.1278837966501572,0.0163542654456587,0.1278837966501572
2022-09-20,19.2785,2.9589904853258826,-1.4467193211154417,-1.4572863457046454,2.1236834933771997,1.4572863457046454
2022-09-21,19.5635,2.9736655852047438,1.4783307829965953,1.4675099878860822,2.153585564545409,1.4675099878860822
2022-09-22,19.6385,2.977491925264203,0.3833669844353071,0.3826340059459622,0.1464087825062546,0.3826340059459622
2022-09-23,18.8635,2.937228837930591,-3.946329913180757,-4.026308733361204,16.2111620163407,4.026308733361204
2022-09-26,18.3615,2.91025608120154,-2.661224057041367,-2.697275672905117,7.275296055645751,2.697275672905117
2022-09-27,18.3935,2.9119973413340547,0.1742777006235929,0.1741260132515242,0.03031986849087,0.1741260132515242
2022-09-28,18.8995,2.9391354666892013,2.750971810693992,2.7138125355146268,7.364778477916327,2.7138125355146268
2022-09-29,18.8245,2.935159212908256,-0.3968358951294992,-0.3976253780945127,0.1581059413048041,0.3976253780945127
2022-09-30,19.0195,2.945464768653935,1.035884087226746,1.0305555745678652,1.0620447922729028,1.0305555745678652
2022-10-03,20.7095,3.030592532189925,8.885617392675925,8.512776353599005,72.46736124639438,8.512776353599005
2022-10-04,21.0665,3.0476841010610016,1.7238465438566886,1.709156887107678,2.921217264747608,1.709156887107678
2022-10-05,20.6495,3.02769110603884,-1.9794460399212064,-1.9992995022161808,3.997198499561868,1.9992995022161808
2022-10-06,20.6565,3.028030039853153,0.033899125886827,0.0338933814313244,0.0011487613048492,0.0338933814313244
2022-10-07,20.0945,3.000446145780211,-2.720693244257266,-2.758389407294217,7.608712122272943,2.758389407294217
2022-10-10,19.6065,2.975861143911579,-2.428525218343325,-2.458500186863199,6.0442231688063845,2.458500186863199
2022-10-11,19.1585,2.952746481377833,-2.284956519521586,-2.3114662533746677,5.342876240489922,2.3114662533746677
2022-10-12,19.0225,2.945622489068541,-0.7098676827517747,-0.7123992309291621,0.5075126642284616,0.7123992309291621
2022-10-13,18.8865,2.938447381127728,-0.7149428308581895,-0.7175107940812826,0.5148217396231527,0.7175107940812826
2022-10-14,18.2545,2.904411624976263,-3.3463055621740456,-3.4035756151465155,11.58432696801998,3.4035756151465155
2022-10-17,18.6715,2.926998297122251,2.284368237968737,2.2586672145988347,5.101577586303659,2.2586672145988347
2022-10-18,18.7355,2.930420119906612,0.3427683903274747,0.3421822784360957,0.1170887116757177,0.3421822784360957
2022-10-19,18.4555,2.915362429043701,-1.4944890715486547,-1.5057690862911406,2.267340541230056,1.5057690862911406
2022-10-20,18.6745,2.927158956898744,1.1866381295548625,1.1796527855043073,1.3915806943480713,1.1796527855043073
2022-10-21,19.2815,2.9591460869859474,3.2504216980374423,3.1987130087203663,10.231764912156898,3.1987130087203663
2022-10-24,19.2225,2.9560814679241987,-0.3059927910173066,-0.3064619061748764,0.0939188999363387,0.3064619061748764
2022-10-25,19.3465,2.962511524562321,0.6450773832747947,0.6430056638121955,0.4134562836945621,0.6430056638121955
2022-10-26,19.5895,2.9749937084045905,1.2560411443930608,1.24821838422698,1.5580491347222127,1.24821838422698
2022-10-27,19.6045,2.975759131721034,0.0765716327624455,0.0765423316443349,0.0058587285335513,0.0765423316443349
2022-10-28,19.2695,2.9585235350216625,-1.7087913489249984,-1.7235596699371265,2.9706579358337764,1.7235596699371265
2022-10-31,19.1505,2.9523288249463784,-0.6175562417291558,-0.6194710075284542,0.3837443291683181,0.6194710075284542
2022-11-01,19.6335,2.977237290917747,2.522127359598958,2.4908465971368394,6.204316770468172,2.4908465971368394
2022-11-02,19.2075,2.955300827759653,-2.169760867904358,-2.193646315809379,4.812084158864061,2.193646315809379
2022-11-03,19.4575,2.9682325998514063,1.3015749056358272,1.2931772091753315,1.672307294330499,1.2931772091753315
2022-11-04,20.8615,3.037905354945187,7.215726583579607,6.967275509378103,48.542928023579904,6.967275509378103
2022-11-07,20.8035,3.0351212417823623,-0.278024111401387,-0.2784113162824674,0.0775128610341361,0.2784113162824674
2022-11-08,21.3555,3.061309317739773,2.6533996683250294,2.618807595741054,6.8581532235110405,2.618807595741054
2022-11-09,21.0705,3.047873957956937,-1.3345508182903698,-1.3435359782835954,1.8050889249424575,1.3435359782835954
2022-11-10,21.6835,3.076551602655945,2.9092807479651706,2.8677644699008007,8.224073054825421,2.8677644699008007
2022-11-11,21.6565,3.075305640335089,-0.1245186432079603,-0.1245962320855917,0.0155242210499266,0.1245962320855917
2022-11-14,21.9885,3.090519589416058,1.533027035762924,1.52139490809692,2.314642466383236,1.52139490809692
2022-11-15,21.5645,3.071048444113416,-1.9282806921799955,-1.9471145302642747,3.7912549939662674,1.9471145302642747
2022-11-16,21.4705,3.06667989992879,-0.4359015975329727,-0.4368544184625552,0.1908417829302572,0.4368544184625552
2022-11-17,20.9555,3.042401141746156,-2.398639994410934,-2.427875818263405,5.8945809889081975,2.427875818263405
2022-11-18,20.9035,3.0399166090650485,-0.2481448784328654,-0.2484532681107583,0.0617290264349163,0.2484532681107583
2022-11-21,20.8485,3.0372820032107857,-0.263113832611761,-0.2634605854262828,0.0694114800731597,0.2634605854262828
2022-11-22,21.0865,3.048633025289444,1.1415689378132754,1.135102207865859,1.2884570223019478,1.135102207865859
2022-11-23,21.5345,3.0696563002193504,2.124582078581083,2.102327492990629,4.419780887784263,2.102327492990629
2022-11-24,21.5075,3.068401711513366,-0.1253802038589269,-0.1254588705984125,0.0157399282118292,0.1254588705984125
2022-11-25,21.4605,3.066214036092361,-0.2185284203184978,-0.2187675421004815,0.0478592374766859,0.2187675421004815
2022-11-28,20.9355,3.041446282634672,-2.4463549311525723,-2.4767753457689627,6.134416113408965,2.4767753457689627
2022-11-29,21.2585,3.056756815391753,1.542833942346733,1.5310532757081152,2.34412413305655,1.5310532757081152
2022-11-30,22.1925,3.099754393960337,4.39353670296585,4.299757856858437,18.48791762761586,4.299757856858437
2022-12-01,22.7495,3.1245431671334614,2.509856933648757,2.47887731731238,6.144832754285822,2.47887731731238
2022-12-02,23.137,3.1414330677255453,1.7033341392118428,1.6889900592083884,2.8526874201047554,1.6889900592083884
2022-12-05,22.251,3.10238695142253,-3.829364221809217,-3.904611630301433,15.245991983485212,3.904611630301433
2022-12-06,22.198,3.100002194729788,-0.2381915419531699,-0.2384756692742946,0.0568706448358227,0.2384756692742946
2022-12-07,22.725,3.1234656400635425,2.3740877556536644,2.346344533375479,5.505332669300995,2.346344533375479
2022-12-08,23.067,3.1384030247181536,1.5049504950495065,1.4937384654610923,2.231254603198059,1.4937384654610923
2022-12-09,23.421,3.153633055806264,1.5346599037586062,1.523003108811004,2.3195384694479837,1.523003108811004
2022-12-12,23.315,3.149096930260284,-0.4525852867085067,-0.453612554597937,0.2057643496888664,0.453612554597937
2022-12-13,23.733,3.166866484707369,1.7928372292515429,1.776955444708472,3.157570652479083,1.776955444708472
2022-12-14,23.937,3.175425378994253,0.8595626343066654,0.8558894286884602,0.7325467141406588,0.8558894286884602
2022-12-15,23.092,3.139486237198687,-3.5300998454275923,-3.593914179556656,12.916219130018389,3.593914179556656
2022-12-16,23.205,3.144367772693139,0.4893469599861477,0.4881535494452044,0.2382938878359516,0.4881535494452044
2022-12-19,22.987,3.13492883874228,-0.9394527041585832,-0.9438933950859134,0.8909347412868123,0.9438933950859134
2022-12-20,24.148,3.18420156093418,5.0506808195937,4.927272219189992,24.278011522001467,4.927272219189992
2022-12-21,23.97,3.176803048446293,-0.7371210866324418,-0.7398512487886819,0.5473798703341721,0.7398512487886819
2022-12-22,23.573,3.1601019892898106,-1.65623696287025,-1.6701059156482436,2.7892537694832584,1.6701059156482436
2022-12-23,23.734,3.1669086192429474,0.6829847707122694,0.6806629953136962,0.4633021131894128,0.6806629953136962
2022-12-27,24.045,3.179927074729626,1.310356450661487,1.3018455486678524,1.6948018325863017,1.3018455486678524
2022-12-28,23.549,3.159083356715844,-2.06279891869412,-2.0843718013782,4.344605806380604,2.0843718013782
2022-12-29,23.906,3.174129473455789,1.515987940039909,1.5046116739945126,2.2638562895205694,1.5046116739945126
2022-12-30,23.935,3.175341822844472,0.1213084581276557,0.1212349388683025,0.014697910402401,0.1212349388683025
2023-01-03,24.009,3.178428760053019,0.3091706705661279,0.3086937208546564,0.0952918132950925,0.3086937208546564
2023-01-04,23.76,3.168003494494444,-1.037111083343745,-1.042526555857461,1.08686161966802,1.042526555857461
2023-01-05,23.243,3.1460040114322902,-2.1759259259259367,-2.19994830621541,4.839772550020051,2.19994830621541
2023-01-06,23.846,3.17161648838394,2.594329475541035,2.561247695165015,6.559989755988102,2.561247695165015
2023-01-09,23.655,3.1635745090831118,-0.8009729095026397,-0.8041979300828804,0.6467343107495894,0.8041979300828804
2023-01-10,23.609,3.1616279952660764,-0.1944620587613577,-0.1946513817035223,0.0378891603990903,0.1946513817035223
2023-01-11,23.417,3.153462254319876,-0.8132491846329803,-0.8165740946200736,0.6667932520045928,0.8165740946200736
2023-01-12,23.774,3.1685925465584326,1.5245334585984427,1.5130292238557066,2.289257432241402,1.5130292238557066
2023-01-13,24.275,3.1894470141773885,2.107344157482949,2.085446761895586,4.349088196700785,2.085446761895586
2023-01-16,24.2875,3.1899618147035587,0.0514933058702427,0.0514800526169924,0.0026501958174483,0.0514800526169924
2023-01-17,23.933,3.1752582597124777,-1.459598558929498,-1.470355499108101,2.1619452937574324,1.470355499108101
2023-01-18,23.474,3.1558934256779323,-1.917854009108766,-1.9364834034545413,3.749967971854884,1.9364834034545413
2023-01-19,23.838,3.171280946060517,1.5506517849535717,1.5387520382584785,2.3677578352446216,1.5387520382584785
2023-01-20,23.938,3.1754671544511788,0.4194982800570512,0.4186208390661823,0.1752434069004745,0.4186208390661823
2023-01-23,23.459,3.155254216570876,-2.0010025900242256,-2.021293788030276,4.085628577529781,2.021293788030276
2023-01-24,23.671,3.164250670204254,0.9037043352231544,0.8996453633377831,0.8093617797751718,0.8996453633377831
2023-01-25,23.911,3.174338604100465,1.0138988635883583,1.0087933896210923,1.017664102943213,1.0087933896210923
2023-01-26,23.915,3.17450587713226,0.0167287022709183,0.016727303179551,0.0002798026716606,0.016727303179551
2023-01-27,23.565,3.159762560375694,-1.4635166213673334,-1.4743316756565947,2.1736538898443825,1.4743316756565947
2023-01-30,23.606,3.1615009170068773,0.1739868448970893,0.1738356631183064,0.0302188377717813,0.1738356631183064
2023-01-31,23.733,3.166866484707369,0.5379988138608738,0.5365567700491657,0.2878931674855932,0.5365567700491657
2023-02-01,23.969,3.1767613287608536,0.9943959887077192,0.9894844053484472,0.97907938842777,0.9894844053484472
2023-02-02,23.464,3.15546733167515,-2.106888063749024,-2.1293997085703604,4.534343118859536,2.1293997085703604
2023-02-03,22.349,3.106781577329285,-4.75196045005114,-4.868575434586432,23.70302676225846,4.868575434586432
2023-02-06,22.273,3.1033751825693474,-0.3400599579399532,-0.3406394759938114,0.1160352526053384,0.3406394759938114
2023-02-07,22.18,3.099190981922221,-0.4175459076011356,-0.4184200647126539,0.1750753505541415,0.4184200647126539
2023-02-08,22.322,3.1055727392335237,0.6402164111812381,0.6381757311302129,0.4072682638035817,0.6381757311302129
2023-02-09,21.98,3.090132948975475,-1.5321207777080903,-1.543979025804786,2.383871232125096,1.543979025804786
2023-02-10,22.021,3.091996543524055,0.1865332120109197,0.186359454857982,0.0347298464149642,0.186359454857982
2023-02-13,21.993,3.09072422090956,-0.1271513555242798,-0.1272322614495971,0.0161880483535786,0.1272322614495971
2023-02-14,21.854,3.084383971148553,-0.6320192788614509,-0.6340249761005544,0.4019876703193086,0.6340249761005544
2023-02-15,21.624,3.073803808974146,-1.0524389127848477,-1.0580162174407173,1.1193983163675632,1.0580162174407173
2023-02-16,21.583,3.071905967776833,-0.1896041435442086,-0.1897841197313077,0.0360180121021873,0.1897841197313077
2023-02-17,21.767,3.0803950614327,0.8525228188852374,0.8489093655866687,0.7206471109807604,0.8489093655866687
2023-02-20,21.8175,3.082712400055329,0.2320025727017949,0.2317338622629282,0.0537005829192938,0.2317338622629282
2023-02-21,21.838,3.0836515715918744,0.0939612696230218,0.0939171536545293,0.0088204317505684,0.0939171536545293
2023-02-22,21.519,3.068936265812407,-1.4607564795311,-1.4715305779467516,2.1654022418323007,1.4715305779467516
2023-02-23,21.317,3.059504876451057,-0.9387053301733284,-0.9431389361349534,0.8895110528537716,0.9431389361349534
2023-02-24,20.766,3.033317033881262,-2.584791480977633,-2.618784256979535,6.8580309846038565,2.618784256979535
2023-02-27,20.631,3.026794799005809,-0.6501011268419399,-0.6522234875453311,0.4253954777057946,0.6522234875453311
2023-02-28,20.897,3.0396056079979608,1.289321894236828,1.2810808992152212,1.6411682703340795,1.2810808992152212
2023-03-01,20.992,3.0441414127616784,0.4546107096712548,0.4535804763717668,0.2057352485456389,0.4535804763717668
2023-03-02,20.899,3.039701310936114,-0.4430259146341431,-0.444010182556429,0.1971450422137934,0.444010182556429
2023-03-03,21.256,3.056639208457512,1.7082157041006685,1.6937897521398106,2.868923724453841,1.6937897521398106
2023-03-06,21.052,3.0469955674915323,-0.959729017689126,-0.9643640965979884,0.929998110807254,0.9643640965979884
2023-03-07,20.075,2.9994752598328254,-4.640889226676803,-4.752030765870718,22.581796399781847,4.752030765870718
2023-03-08,20.026,2.997031429285611,-0.2440846824408482,-0.244383054721434,0.0597230774349794,0.244383054721434
2023-03-09,20.07,2.9992261628082466,0.2197143713172922,0.2194733522635776,0.0481685523538124,0.2194733522635776
2023-03-10,20.527,3.021741092735042,2.2770303936223257,2.251492992679504,5.069220696084908,2.251492992679504
2023-03-13,21.777,3.0808543669708133,6.0895406050567535,5.911327423577149,34.94379190873526,5.911327423577149
2023-03-14,21.692,3.076943528978814,-0.3903200624512104,-0.391083799199906,0.1529465379966323,0.391083799199906
2023-03-15,21.797,3.0817723456463755,0.4840494191407085,0.4828816667561419,0.2331747040891897,0.4828816667561419
2023-03-16,21.72,3.078233495065734,-0.3532596228838947,-0.353885058064095,0.1252346343210278,0.353885058064095
2023-03-17,22.604,3.118126881767597,4.069981583793747,3.989338670186229,15.914823025443228,3.989338670186229
2023-03-20,22.537,3.1151584030365287,-0.2964077154485989,-0.296847873106839,0.088118659768054,0.296847873106839
2023-03-21,22.382,3.1082570643958354,-0.6877579092159469,-0.6901338640693045,0.4762847503352293,0.6901338640693045
2023-03-22,22.888,3.1306127557478094,2.260745241712092,2.235569135197373,4.997769358247131,2.235569135197373
2023-03-23,23.08,3.138966441639899,0.8388675288360625,0.835368589208959,0.6978406798369664,0.835368589208959
2023-03-24,23.225,3.1452292846999024,0.6282495667244481,0.6262843060003515,0.3922320319423418,0.6262843060003515
2023-03-27,23.078,3.138879782772476,-0.6329386437029183,-0.6349501927426359,0.4031617472639104,0.6349501927426359
2023-03-28,23.327,3.149611487966419,1.0789496490163808,1.073170519394302,1.151694963697036,1.073170519394302
2023-03-29,23.34,3.15016862685841,0.0557294122690343,0.0557138891990844,0.0031040374496878,0.0557138891990844
2023-03-30,23.912,3.1743804249816368,2.450728363324761,2.421179812322678,5.862111683598879,2.421179812322678
2023-03-31,24.081,3.181423147817549,0.7067581130812961,0.7042722835912739,0.4959994494348677,0.7042722835912739
2023-04-03,23.986,3.177470326809529,-0.3945018894564112,-0.3952821008020112,0.1562479392144514,0.3952821008020112
2023-04-04,25.0,3.218875824868201,4.227466021846071,4.140549805867138,17.1441526948664,4.140549805867138
2023-04-05,24.947,3.2167535744870994,-0.212000000000001,-0.2122250381101165,0.0450394668008404,0.2122250381101165
2023-04-06,24.9765,3.2179353827911443,0.1182506914659153,0.1181808304044563,0.0139667086750868,0.1181808304044563
2023-04-10,24.872,3.2137426727564526,-0.4183932896923203,-0.4192710034691491,0.1757881743500272,0.4192710034691491
2023-04-11,25.052,3.2209536646631665,0.7237053715020814,0.7210991906713641,0.5199840427868963,0.7210991906713641
2023-04-12,25.504,3.2388353026078045,1.8042471658949344,1.7881637944638071,3.1975297558312006,1.7881637944638071
2023-04-13,25.824,3.2513042920875384,1.2547051442910906,1.246898947973375,1.5547569864571094,1.246898947973375
2023-04-14,25.379,3.233922060406767,-1.7232032218091664,-1.7382231680771405,3.021419782040131,1.7382231680771405
2023-04-17,25.036,3.220314789062455,-1.3515110918475903,-1.3607271344311822,1.851578334377297,1.3607271344311822
2023-04-18,25.192,3.2265264837987235,0.6231027320658278,0.6211694736268516,0.3858515149658599,0.6211694736268516
2023-04-19,25.287,3.2302904296834547,0.3771038424896789,0.3763945884731275,0.141672886231855,0.3763945884731275
2023-04-20,25.29,3.2304090606818736,0.0118638035354168,0.0118630998419011,0.0001407331378589,0.0118630998419011
2023-04-21,25.036,3.220314789062455,-1.0043495452748077,-1.00942716194187,1.0189431952660182,1.00942716194187
2023-04-24,25.159,3.2252156854143803,0.4912925387442035,0.4900896351925372,0.2401878505231542,0.4900896351925372
2023-04-25,25.014,3.2194356681267147,-0.5763345125004982,-0.5780017287665625,0.3340859984571349,0.5780017287665625
2023-04-26,24.884,3.214225026652773,-0.519708962980725,-0.5210641473941439,0.2715078456995861,0.5210641473941439
2023-04-27,24.925,3.215871315847902,0.1647645073139303,0.164628919512862,0.0271026811399724,0.164628919512862
2023-04-28,25.035,3.220274845781908,0.4413239719157413,0.4403529934006004,0.1939107587968692,0.4403529934006004
2023-05-01,24.995,3.218675804865533,-0.1597763131615748,-0.1599040916374418,0.0255693185223953,0.1599040916374418
2023-05-02,25.378,3.233882656974723,1.5323064612922543,1.5206852109189102,2.3124835107074904,1.5206852109189102
2023-05-03,25.574,3.2415762103889767,0.7723224840413101,0.769355341425384,0.5919076413797691,0.769355341425384
2023-05-04,26.048,3.2599409898201297,1.8534449049816049,1.8364779431153104,3.372651235549041,1.8364779431153104
2023-05-05,25.66,3.2449333591874905,-1.4895577395577342,-1.5007630632639368,2.252289772057355,1.5007630632639368
2023-05-08,25.558,3.240950379186512,-0.3975058456742064,-0.3982980000978877,0.1586412968819769,0.3982980000978877
2023-05-09,25.606,3.242826699023987,0.1878081227013162,0.1876319837475807,0.0352057613250523,0.1876319837475807
2023-05-10,25.395,3.2345523042532083,-0.8240256189955608,-0.827439477077906,0.6846560882269586,0.827439477077906
2023-05-11,24.188,3.1858566424109664,-4.75290411498327,-4.869566184224192,23.71267482253976,4.869566184224192
2023-05-12,23.984,3.177386941360242,-0.8433934182239033,-0.846970105072448,0.7173583588864335,0.846970105072448
2023-05-15,24.094,3.181962846844661,0.4586390927284745,0.4575905484418979,0.2093891100233569,0.4575905484418979
2023-05-16,23.751,3.167624634857406,-1.4235909355026166,-1.43382119872546,2.0558432299145157,1.43382119872546
2023-05-17,23.743,3.1672877501951056,-0.033682792303491,-0.0336884662301048,0.0011349127569369,0.0336884662301048
2023-05-18,23.496,3.156830193896319,-1.0403066166870256,-1.0457556298786512,1.0936048374228946,1.0457556298786512
2023-05-19,23.818,3.170441597345804,1.370446033367401,1.3611403449485309,1.8527030386466057,1.3611403449485309
2023-05-22,23.629,3.162474771217431,-0.7935175077672385,-0.7966826128373162,0.6347031855972931,0.7966826128373162
2023-05-23,23.45,3.1548704948922883,-0.7575436963053961,-0.7604276325142661,0.5782501842912519,0.7604276325142661
2023-05-24,23.065,3.138316317009784,-1.6417910447761086,-1.6554177882504413,2.7404080536559827,1.6554177882504413
2023-05-25,22.737,3.1239935534980017,-1.4220680685020692,-1.4322763511782193,2.0514155461443937,1.4322763511782193
2023-05-26,23.295,3.14823874526876,2.454149623960955,2.4245191770758434,5.878293240008525,2.4245191770758434
2023-05-29,23.1705,3.142879917840278,-0.5344494526722476,-0.5358827428481706,0.2871703140824785,0.5358827428481706
2023-05-30,23.194,3.1438936245345115,0.1014220668522414,0.101370669423306,0.0102760126193292,0.101370669423306
2023-05-31,23.519,3.15780860511975,1.401224454600314,1.3914980585238257,1.936266846875576,1.3914980585238257
2023-06-01,23.878,3.1729575329231965,1.52642544325865,1.514892780344673,2.2949001359404138,1.514892780344673
2023-06-02,23.62,3.1620938107692163,-1.08049250355976,-1.0863722153980282,1.18020459038882,1.0863722153980282
2023-06-05,23.577,3.1602716605521475,-0.1820491109229438,-0.1822150217068651,0.0332023141356333,0.1822150217068651
2023-06-06,23.593,3.1609500578645764,0.0678627475929838,0.0678397312428592,0.0046022291351033,0.0678397312428592
2023-06-07,23.444,3.1546145986141827,-0.6315432543551047,-0.6335459250393451,0.4013804391339595,0.6335459250393451
2023-06-08,24.269,3.1891998157582,3.51902405732809,3.4585217144016798,11.96137244898793,3.4585217144016798
2023-06-09,24.273,3.1893646214938123,0.0164819316823994,0.0164805735612671,0.0002716093049083,0.0164805735612671
2023-06-12,24.063,3.180675391052897,-0.8651588184402481,-0.8689230440915164,0.7550272565532674,0.8689230440915164
2023-06-13,23.673,3.1643351582070074,-1.620745542949764,-1.6340232845889626,2.670032094578902,1.6340232845889626
2023-06-14,23.923,3.174840339278444,1.0560554217885263,1.0505181071436551,1.103588293436688,1.0505181071436551
2023-06-15,23.884,3.173208778684746,-0.1630230322283932,-0.1631560593698225,0.026619899709089,0.1631560593698225
2023-06-16,24.15,3.184284380098582,1.1137162954278912,1.1075601413835603,1.226689466781572,1.1075601413835603
2023-06-19,23.9555,3.176197942586472,-0.8053830227743197,-0.8086437512110017,0.6539047163726005,0.8086437512110017
2023-06-20,23.156,3.142253926216758,-3.337438166600581,-3.394401636971352,11.521962473073794,3.394401636971352
2023-06-21,22.662,3.120689512958375,-2.133356365520811,-2.1564413258383337,4.65023919178339,2.1564413258383337
2023-06-22,22.255,3.1025667024678176,-1.7959579913511603,-1.812281049055716,3.2843626007664866,1.812281049055716
2023-06-23,22.413,3.109641147661774,0.7099528195911198,0.7074445193956401,0.5004777480229282,0.7074445193956401
2023-06-26,22.79,3.126321843257593,1.6820595190291332,1.6680695595818993,2.782456055603752,1.6680695595818993
2023-06-27,22.86,3.1293886583666644,0.3071522597630549,0.3066815109071718,0.0940535491323057,0.3066815109071718
2023-06-28,22.693,3.122056506887485,-0.7305336832895803,-0.7332151479179196,0.5376044531362968,0.7332151479179196
2023-06-29,22.574,3.1167988015334345,-0.5243907812982007,-0.5257705354050772,0.2764346559001415,0.5257705354050772
2023-06-30,22.775,3.125663443146022,0.890404890582075,0.886464161258734,0.7858187091961507,0.886464161258734
2023-07-03,22.9045,3.131333397805529,0.568605927552146,0.5669954659507185,0.3214838584086724,0.5669954659507185
2023-07-04,22.973,3.134319613310034,0.2990678687594172,0.2986215504504772,0.0891748303934469,0.2986215504504772
2023-07-05,23.1285,3.14106562329738,0.6768815566099429,0.6746009987346219,0.4550865074937493,0.6746009987346219
2023-07-06,22.7205,3.123267600653053,-1.764057331863278,-1.7798022644327216,3.1676961004798434,1.7798022644327216
2023-07-07,23.094,3.139572843529664,1.6438898791840018,1.6305242876611397,2.658609452652867,1.6305242876611397
2023-07-10,23.145,3.141778774483234,0.220836580930106,0.2205930953569728,0.0486613137191705,0.2205930953569728
2023-07-11,23.1245,3.1408926615431167,-0.0885720457982186,-0.0886112940117115,0.0078519614264299,0.0886112940117115
2023-07-12,24.1265,3.183310821457995,4.333066660900764,4.2418159914878295,17.993002905641877,4.2418159914878295
2023-07-13,24.8765,3.2139235827341315,3.108615008393256,3.061276127613624,9.371411529497063,3.061276127613624
2023-07-14,24.901,3.2149079633068154,0.0984865234257226,0.0984380572683854,0.0096900511187739,0.0984380572683854
2023-07-17,24.839,3.212414998605964,-0.2489859844986175,-0.2492964700851411,0.0621487299969116,0.2492964700851411
2023-07-18,25.056,3.2211133198083925,0.8736261524216138,0.8698321202428966,0.7566079174062529,0.8698321202428966
2023-07-19,25.156,3.2250964366812567,0.3991060025542614,0.3983116872864162,0.1586522002289518,0.3983116872864162
2023-07-20,24.7625,3.209330412024669,-1.5642391477182382,-1.5766024656587612,2.485675334721285,1.5766024656587612
2023-07-21,24.602,3.202827740446593,-0.6481574962140302,-0.6502671578076016,0.4228473765231762,0.6502671578076016
2023-07-24,24.3455,3.192347027521933,-1.042598162750996,-1.0480712924660789,1.0984534340915166,1.0480712924660789
2023-07-25,24.687,3.2062767892916857,1.40272329588631,1.3929761769753142,1.9403826296207616,1.3929761769753142
2023-07-26,24.935,3.216272438998086,1.0045773078948272,0.9995649706400146,0.9991301305305732,0.9995649706400146
2023-07-27,24.1325,3.183559479740633,-3.218367756166029,-3.271295925745272,10.701377033797614,3.271295925745272
2023-07-28,24.322,3.191381290558808,0.7852481093960417,0.7821810818174657,0.611807244753141,0.7821810818174657
2023-07-31,24.7555,3.209047686549221,1.782336978866872,1.7666395990413104,3.121015472900842,1.7666395990413104
2023-08-01,24.2965,3.1903323070509546,-1.8541334248954768,-1.871537949826619,3.502654297641224,1.871537949826619
2023-08-02,23.715,3.166107759329545,-2.3933488362521405,-2.422454772140969,5.868287123068557,2.422454772140969
2023-08-03,23.5755,3.1602080372023567,-0.5882352941176339,-0.589972212718816,0.3480672117803358,0.589972212718816
2023-08-04,23.604,3.1614161891949224,0.1208882102182284,0.1208151992565523,0.0145963123714004,0.1208151992565523
2023-08-07,23.1345,3.1413250098496417,-1.989069649211994,-2.009117934528061,4.036554874842302,2.009117934528061
2023-08-08,22.7765,3.1257293026676862,-1.547472389720983,-1.559570718195555,2.432260825052999,1.559570718195555
2023-08-09,22.6735,3.1211968416631053,-0.4522204904177429,-0.4532461004580587,0.2054320275804367,0.4532461004580587
2023-08-10,22.698,3.1222768148789477,0.108055659690831,0.1079973215841769,0.0116634214693561,0.1079973215841769
2023-08-11,22.6805,3.121505524471924,-0.0770993039034384,-0.0771290407023094,0.0059488889196585,0.0771290407023094
2023-08-14,22.6025,3.118060519629384,-0.3439077621745556,-0.344500484253977,0.1186805836512246,0.344500484253977
2023-08-15,22.5325,3.114958711448428,-0.3097002543966387,-0.3101808180956665,0.0962121399144969,0.3101808180956665
2023-08-16,22.415,3.1097303776074026,-0.5214689892377611,-0.5228333841024908,0.2733547475320627,0.5228333841024908
2023-08-17,22.6895,3.121902262409683,1.2246263662725854,1.2171884802279858,1.4815477963997137,1.2171884802279858
2023-08-18,22.757,3.124872790377082,0.2974944357522213,0.297052796739893,0.0882403640509922,0.297052796739893
2023-08-21,23.3115,3.1489468010416397,2.436612910313296,2.407401066455752,5.795579894772293,2.407401066455752
2023-08-22,23.4075,3.153056483830907,0.4118139115887098,0.4109682789267966,0.1688949262840533,0.4109682789267966
2023-08-23,24.313,3.191011186719896,3.868418242016447,3.7954702888989065,14.405594713914349,3.7954702888989065
2023-08-24,24.125,3.1832486472250494,-0.7732488792004277,-0.776253949484658,0.6025701940905299,0.776253949484658
2023-08-25,24.2355,3.187818500402858,0.4580310880828886,0.456985317780808,0.208835580667226,0.456985317780808
2023-08-28,24.2385,3.187942278098275,0.0123785356192396,0.012377769541738,0.0001532091788283,0.012377769541738
2023-08-29,24.722,3.2076935354656317,1.9947604018400569,1.9751257367356303,3.9011216759154665,1.9751257367356303
2023-08-30,24.614,3.203315386750145,-0.4368578593964889,-0.4378148715486478,0.191681861749159,0.4378148715486478
2023-08-31,24.438,3.1961392978943306,-0.7150402210124418,-0.7176088855814486,0.5149625126654487,0.7176088855814486
2023-09-01,24.174,3.1852776754372654,-1.0802848023569789,-1.0861622457065252,1.179748423998242,1.0861622457065252
2023-09-04,23.985,3.177428634954027,-0.7818317200297797,-0.7849040483237926,0.6160743650750785,0.7849040483237926
2023-09-05,23.5455,3.1589347194012345,-1.832395247029384,-1.8493915552792857,3.4202491247383358,1.8493915552792857
2023-09-06,23.1745,3.1430525362461443,-1.5756726338366225,-1.5882183155089884,2.5224374177182085,1.5882183155089884
2023-09-07,22.9715,3.134254317137455,-0.875962803943986,-0.8798219108689775,0.7740865948451391,0.8798219108689775
2023-09-08,22.92,3.132009891846539,-0.2241908451777075,-0.2244425290915727,0.0503744488650214,0.2244425290915727
2023-09-11,23.079,3.138923113144908,0.6937172774869049,0.6913221298368432,0.477926287202149,0.6913221298368432
2023-09-12,23.0705,3.13855474511942,-0.0368300186316616,-0.0368368025487534,0.0013569500220158,0.0368368025487534
2023-09-13,22.8345,3.1282725501852813,-1.0229513881363728,-1.02821949341385,1.0572353266362342,1.02821949341385
2023-09-14,22.648,3.1200715478095984,-0.8167465895903114,-0.8201002375682916,0.6725643996595684,0.8201002375682916
2023-09-15,23.018,3.1362765185462997,1.6336983398092642,1.6204970736700943,2.62601076577334,1.6204970736700943
2023-09-18,23.249,3.146262120355688,1.003562429403071,0.998560180938882,0.9971224349566928,0.998560180938882
2023-09-19,23.2015,3.1442169317546225,-0.2043098627897976,-0.204518860106571,0.0418279641392911,0.204518860106571
2023-09-20,23.2425,3.145982499347876,0.1767127125401391,0.1765567593253466,0.0311722892634683,0.1765567593253466
2023-09-21,23.4005,3.152757389656741,0.6797891793051569,0.6774890308865137,0.4589913869715475,0.6774890308865137
2023-09-22,23.5475,3.1590196577148357,0.6281917053054364,0.626226805809405,0.3921600123142503,0.626226805809405
2023-09-25,23.1305,3.141152092957392,-1.770888629366163,-1.7867564757443068,3.192498703614216,1.7867564757443068
2023-09-26,22.8495,3.1289292352627283,-1.2148461987419257,-1.2222857694663607,1.4939825022399735,1.2222857694663607
2023-09-27,22.546,3.1155576666223395,-1.328256635812597,-1.3371568640388811,1.7879884790462948,1.3371568640388811
2023-09-28,22.621,3.1188786783756983,0.3326532422602613,0.3321011753358868,0.1102911906594774,0.3321011753358868
2023-09-29,22.181,3.099236066568652,-1.945095265461283,-1.9642611807046075,3.858321986023058,1.9642611807046075
2023-10-02,21.044,3.046615483868561,-5.126008746224253,-5.262058270009155,27.68925723697174,5.262058270009155
2023-10-03,21.1625,3.052230747459254,0.5631058734081096,0.5615263590693031,0.3153118519296279,0.5615263590693031
2023-10-04,21.0085,3.044927117734183,-0.7277023036030728,-0.7303629725070951,0.5334300716093998,0.7303629725070951
2023-10-05,20.9725,3.0432120557383127,-0.1713592117476348,-0.1715061995870244,0.0294143764967842,0.1715061995870244
2023-10-06,21.5315,3.069516979177004,2.6653951603289983,2.630492343869084,6.919489971153865,2.630492343869084
2023-10-09,21.8865,3.08587000839005,1.6487471843578128,1.6353029213046366,2.6742156444274787,1.6353029213046366
2023-10-10,21.8385,3.083674467199353,-0.2193132753067095,-0.2195541190696668,0.0482040112004574,0.2195541190696668
2023-10-11,22.0405,3.0928816700527983,0.924971953201914,0.9207202853444896,0.8477258438448383,0.9207202853444896
2023-10-12,21.825,3.0830561017256657,-0.9777455139402536,-0.9825568327132276,0.9654179295114492,0.9825568327132276
2023-10-13,22.6845,3.121681871876768,3.93814432989692,3.862577015110209,14.919501197657688,3.862577015110209
2023-10-16,22.61,3.1183922862898785,-0.3284180828318939,-0.3289585586889429,0.1082137333347067,0.3289585586889429
2023-10-17,22.807,3.1270675063840128,0.8712958867757692,0.8675220094134448,0.752594436816741,0.8675220094134448
2023-10-18,22.854,3.129126156724522,0.2060770815977664,0.2058650340509239,0.042380412244788,0.2058650340509239
2023-10-19,23.054,3.137839290178821,0.8751203290452425,0.8713133454298826,0.7591869459242139,0.8713133454298826
2023-10-20,23.3495,3.150575570609408,1.281773228073213,1.273628043058669,1.622128392065455,1.273628043058669
2023-10-23,22.9795,3.1346025141334213,-1.584616372941594,-1.5973056475986342,2.551385331850492,1.5973056475986342
2023-10-24,22.917,3.1318789932273323,-0.271981548771727,-0.2723520906088749,0.0741756612590247,0.2723520906088749
2023-10-25,22.861,3.129432401941834,-0.2443600820351776,-0.2446591285498441,0.0598580891827691,0.2446591285498441
2023-10-26,22.794,3.1264973434335435,-0.2930755435020304,-0.2935058508290414,0.0861456844708795,0.2935058508290414
2023-10-27,23.105,3.1400490443222298,1.3643941388084668,1.3551700888686269,1.8364859697642024,1.3551700888686269
2023-10-30,23.2965,3.1483031346960386,0.8288249296689143,0.8254090373808783,0.6813000789900282,0.8254090373808783
2023-10-31,22.85,3.128951117340214,-1.9165969136994865,-1.9352017355824709,3.745005757401407,1.9352017355824709
2023-11-01,22.991,3.1351028350017995,0.6170678336980151,0.6151717661585512,0.3784363018786312,0.6151717661585512
2023-11-02,22.723,3.1233776273896607,-1.1656735244226055,-1.1725207612138742,1.3748049354775629,1.1725207612138742
2023-11-03,23.216,3.144841696141832,2.1696078862826207,2.146406875217134,4.607062473979382,2.146406875217134
2023-11-06,23.0305,3.136819424408902,-0.799017918676781,-0.8022271732930165,0.6435684375697035,0.8022271732930165
2023-11-07,22.635,3.119497380887922,-1.7172879442478362,-1.7322043520979924,3.000531917427226,1.7322043520979924
2023-11-08,22.549,3.1156907190673744,-0.3799425668213008,-0.3806661820547461,0.1449067421601371,0.3806661820547461
2023-11-09,22.639,3.1196740827481686,0.3991307818528522,0.3983363680794227,0.1586718621347053,0.3983363680794227
2023-11-10,22.21,3.100542637906336,-1.8949600247360696,-1.9131444841832632,3.660121817360844,1.9131444841832632
2023-11-13,22.314,3.105214284170988,0.4682575416478984,0.4671646264651839,0.2182427882203548,0.4671646264651839
2023-11-14,23.087,3.139269688550187,3.4641928833915925,3.4055404379199232,11.597705674307823,3.4055404379199232
2023-11-15,23.4425,3.1545506143116437,1.5398276086109108,1.5280925761456,2.335066921271296,1.5280925761456
2023-11-16,23.7455,3.167393038844033,1.2925242614908905,1.2842424532390375,1.649278678701422,1.2842424532390375
2023-11-17,23.7345,3.1669296858450107,-0.0463245667600142,-0.0463352999022909,0.0021469600170352,0.0463352999022909
2023-11-20,23.4355,3.1542519667562003,-1.2597695338010029,-1.2677719088810278,1.607245612947845,1.2677719088810278
2023-11-21,23.7465,3.167435151199805,1.3270465746410445,1.3183184443604747,1.7379635207410222,1.3183184443604747
2023-11-22,23.6385,3.1628767387480985,-0.4548038658328646,-0.4558412451706369,0.2077912407987167,0.4558412451706369
2023-11-23,23.8355,3.1711760659907804,0.833386213169196,0.829932724268184,0.6887883268112095,0.829932724268184
2023-11-24,24.3325,3.191812905318512,2.0851251284848216,2.063683932773122,4.25879137438594,2.063683932773122
2023-11-27,24.649,3.204736331714479,1.3007294770368991,1.2923426395967583,1.6701494981199174,1.2923426395967583
2023-11-28,25.03,3.2200751054436827,1.545701651182596,1.5338773729203707,2.352779795157098,1.5338773729203707
2023-11-29,25.023,3.2197954019275845,-0.0279664402716761,-0.0279703516098418,0.0007823405691781,0.0279703516098418
2023-11-30,25.271,3.2296574932328777,0.9910881988570486,0.9862091305292976,0.9726084491393534,0.9862091305292976
2023-12-01,25.467,3.2373834964239405,0.7755925764710403,0.7726003191062847,0.596911253083133,0.7726003191062847
2023-12-04,24.5035,3.1988159644904286,-3.783327443358076,-3.856753193351196,14.874545194424648,3.856753193351196
2023-12-05,24.16,3.184698373066614,-1.4018405533903322,-1.4117591423814329,1.9930638760975588,1.4117591423814329
2023-12-06,23.902,3.1739621374446894,-1.0678807947019808,-1.0736235621924897,1.152667553294891,1.0736235621924897
2023-12-07,23.8035,3.16983262868887,-0.4120994059074623,-0.4129508755819682,0.1705284256439141,0.4129508755819682
2023-12-08,23.0285,3.1367325792754315,-3.255823723402018,-3.3100049413438097,10.956132711720436,3.3100049413438097
2023-12-11,22.824,3.127812613911199,-0.8880300497210003,-0.8919965364232662,0.7956578209911032,0.8919965364232662
2023-12-12,22.771,3.1254877965465275,-0.2322117069751161,-0.2324817364671187,0.0540477577907668,0.2324817364671187
2023-12-13,23.807,3.169979655080372,4.549646480172132,4.449185853384384,19.795254757955725,4.449185853384384
2023-12-14,24.1785,3.1854638085229583,1.5604654093333892,1.548415344258678,2.3975900783357207,1.548415344258678
2023-12-15,23.83,3.170945291110651,-1.441363194573697,-1.4518517412307794,2.107873478514846,1.4518517412307794
2023-12-18,23.8055,3.1699166464166595,-0.1028115820394415,-0.1028644693991103,0.0105810990647605,0.1028644693991103
2023-12-19,24.0525,3.1802389412532825,1.0375753502341878,1.0322294836622998,1.0654977069417382,1.0322294836622998
2023-12-20,24.1505,3.1843050838180056,0.4074420538405787,0.4066142564723222,0.1653351535665394,0.4066142564723222
2023-12-21,24.3985,3.1945216549996296,1.0268938531293292,1.021657118162398,1.0437832670918965,1.021657118162398
2023-12-22,24.156,3.1845327964456547,-0.9939135602598514,-0.9988858553974916,0.9977729521131786,0.9988858553974916
2023-12-26,24.2275,3.187488351626568,0.2959927140254947,0.2955555180913262,0.0873530642742322,0.2955555180913262
2023-12-27,24.27,3.18924101973851,0.1754204932411518,0.1752668111941949,0.0307184551061815,0.1752668111941949
2023-12-28,23.977,3.1770950375196336,-1.2072517511330871,-1.2145982218876317,1.4752488406125963,1.2145982218876317
2023-12-29,23.7955,3.1694964871701266,-0.7569754347916735,-0.7598550349507199,0.5773796741399598,0.7598550349507199
2024-01-02,23.6585,3.1637224584001724,-0.5757391103359932,-0.5774028769954082,0.3333940823625744,0.5774028769954082
2024-01-03,22.9855,3.1348635823389723,-2.844643574191097,-2.885887606120025,8.328347275157169,2.885887606120025
2024-01-04,23.008,3.135841981538636,0.09788779882971,0.0978399199664075,0.009572649939033,0.0978399199664075
2024-01-05,23.181,3.1433329776195564,0.75191237830321,0.7490996080920445,0.5611502228436546,0.7490996080920445
2024-01-08,23.1075,3.140157240156796,-0.3170700142357985,-0.3175737462760911,0.1008530843238311,0.3175737462760911
2024-01-09,22.9765,3.1344719544674686,-0.5669155036243656,-0.5685285689327221,0.3232247336926889,0.5685285689327221
2024-01-10,22.899,3.131093241484443,-0.3373011555284799,-0.3378712983025457,0.1141570142166478,0.3378712983025457
2024-01-11,22.751,3.124609100474877,-0.6463164330320126,-0.6484141009566162,0.4204408463193769,0.6484141009566162
2024-01-12,23.158,3.142340293190081,1.788932354621764,1.7731192715204311,3.1439519510371445,1.7731192715204311
2024-01-15,23.2245,3.145207755942864,0.2871577856464302,0.286746275278289,0.0822234263859723,0.286746275278289
2024-01-16,22.9185,3.1319444446787417,-1.3175741135438734,-1.3263311264122395,1.75915425688996,1.3263311264122395
2024-01-17,22.557,3.116045439064,-1.5773283591858256,-1.589900561474225,2.527783795376056,1.589900561474225
2024-01-18,22.746,3.1243893057622527,0.8378773773108028,0.8343866698253152,0.6962011147821795,0.8343866698253152
2024-01-19,22.582,3.1171531287583303,-0.7210058911456874,-0.7236177003922277,0.5236225763209359,0.7236177003922277
2024-01-22,22.098,3.095487106690983,-2.1432999734301683,-2.1666022067347206,4.694165122227761,2.1666022067347206
2024-01-23,22.443,3.110978761558377,1.561227260385567,1.5491654867394422,2.399913705304653,1.5491654867394422
2024-01-24,22.67,3.1210424645194377,1.0114512320099855,1.0063702961060117,1.0127811728845018,1.0063702961060117
2024-01-25,22.912,3.131660790778235,1.0674900749889638,1.06183262587974,1.1274885253826636,1.06183262587974
2024-01-26,22.807,3.1270675063840128,-0.4582751396648099,-0.4593284394222301,0.2109826152620613,0.4593284394222301
2024-01-29,23.205,3.144367772693139,1.7450782654448105,1.7300266309126182,2.9929921436668647,1.7300266309126182
2024-01-30,23.1605,3.142448241418216,-0.1917690152984263,-0.1919531274923172,0.0368460031540817,0.1919531274923172
2024-01-31,22.9385,3.1328167215947245,-0.9585285291768164,-0.9631519823491366,0.9276617411030716,0.9631519823491366
2024-02-01,23.177,3.1431604076204227,1.0397366872288982,1.034368602569812,1.0699184059822258,1.034368602569812
2024-02-02,22.6625,3.1207115760809696,-2.2198731501057,-2.2448831539453,5.039500374867397,2.2448831539453
2024-02-05,22.358,3.107184198848134,-1.343629343629349,-1.35273772328355,1.8298993479943624,1.35273772328355
2024-02-06,22.428,3.110310178261426,0.3130870381966133,0.3125979413292043,0.0977174729232566,0.3125979413292043
2024-02-07,22.217,3.1008577615949906,-0.9407883003388684,-0.9452416666435582,0.8934818083590916,0.9452416666435582
2024-02-08,22.5845,3.1172638302739477,1.6541387225998072,1.6406068678956611,2.691590894986412,1.6406068678956611
2024-02-09,22.612,3.1184807388130444,0.121764927273138,0.1216908539097227,0.0148086639252774,0.1216908539097227
2024-02-12,22.693,3.122056506887485,0.3582168759950654,0.3575768074441131,0.1278611732219243,0.3575768074441131
2024-02-13,22.123,3.0966177913278496,-2.5117877759661567,-2.5438715559635745,6.471282493240538,2.5438715559635745
2024-02-14,22.371,3.107765477229768,1.1210052886136523,1.1147685901917816,1.2427090096781723,1.1147685901917816
2024-02-15,22.925,3.1322280181425284,2.4764203656519657,2.446254091276114,5.984159079085126,2.446254091276114
2024-02-16,23.39,3.152308580596088,2.028353326063259,2.0080562453559203,4.032289884512916,2.0080562453559203
2024-02-19,22.9885,3.134994090887467,-1.716545532278757,-1.7314489708620322,2.9979155386991905,1.7314489708620322
2024-02-20,23.009,3.135885443737396,0.0891750222937748,0.0891352849928459,0.0079450990307558,0.0891352849928459
2024-02-21,22.887,3.130569063776202,-0.5302273023599424,-0.5316379961193657,0.2826389589178147,0.5316379961193657
2024-02-22,22.747,3.124433268569725,-0.6117009656136707,-0.6135795206477249,0.3764798281582919,0.6135795206477249
2024-02-23,22.959,3.1337100164958938,0.9319910317844072,0.9276747926168932,0.860580520856796,0.9276747926168932
2024-02-26,22.521,3.114448207258975,-1.9077485953220896,-1.9261809236918657,3.710172950794449,1.9261809236918657
2024-02-27,22.457,3.111602369596405,-0.2841792105146346,-0.2845837662570695,0.0809879200170584,0.2845837662570695
2024-02-28,22.462,3.1118249925408445,0.0222647726766611,0.0222622944439911,0.0004956097539109,0.0222622944439911
2024-02-29,22.671,3.1210865747066925,0.930460333006855,0.9261582165848156,0.8577690421475663,0.9261582165848156
2024-03-01,23.16,3.1424266527047946,2.1569405848881784,2.1340077998101923,4.553989289650738,2.1340077998101923
2024-03-04,23.8905,3.1734808903778084,3.154145077720205,3.105423767301399,9.643656774520412,3.105423767301399
2024-03-05,23.6725,3.1643140368755183,-0.91249659906657,-0.9166853502290344,0.8403120313245277,0.9166853502290344
2024-03-06,24.1755,3.1853397236487453,2.1248283873693152,2.102568677322736,4.420795042858679,2.102568677322736
2024-03-07,24.2955,3.190291148012424,0.4963702922380131,0.4951424363678611,0.2451660322923013,0.4951424363678611
2024-03-08,24.295,3.1902705678578664,-0.0020579942787701,-0.0020580154557629,4.235427616159332e-06,0.0020580154557629
2024-03-11,24.485,3.1980606851542808,0.7820539205597665,0.779011729641419,0.6068592749189152,0.779011729641419
2024-03-12,24.1415,3.183932351269998,-1.4028997345313376,-1.412833388428282,1.9960981834577407,1.412833388428282
2024-03-13,25.035,3.220274845781908,3.7010956237184978,3.6342494511910335,13.207769073482334,3.6342494511910335
2024-03-14,24.816,3.211488606434183,-0.8747753145596171,-0.8786239347725088,0.7719800187551258,0.8786239347725088
2024-03-15,25.182,3.226129453579509,1.47485493230175,1.46408471453259,2.1435440513279755,1.46408471453259
2024-03-18,25.032,3.220155006366581,-0.5956635692160983,-0.5974447212927717,0.3569401950005976,0.5974447212927717
2024-03-19,24.915,3.215470031733368,-0.4674017257909946,-0.4684974633213197,0.2194898731385113,0.4684974633213197
2024-03-20,25.6385,3.2440951280010477,2.903873168773829,2.862509626767914,8.193961363338984,2.862509626767914
2024-03-21,24.749,3.20878508415803,-3.469391735085914,-3.5310043843017085,12.467991961957887,3.5310043843017085
2024-03-22,24.674,3.205750057649273,-0.3030425471736153,-0.3035026508757103,0.0921138590885833,0.3035026508757103
2024-03-25,24.663,3.205304144838106,-0.0445813406824924,-0.0445912811166733,0.0019883823516261,0.0445912811166733
2024-03-26,24.409,3.194951916748827,-1.029882820419259,-1.0352228089278714,1.0716862641245122,1.0352228089278714
2024-03-27,24.581,3.2019737867928444,0.7046581179073419,0.702187004401715,0.4930665891506541,0.702187004401715
2024-03-28,24.97,3.217675104291682,1.582523086937071,1.570131749883747,2.465313711992997,1.570131749883747
2024-04-01,25.085,3.222270057936216,0.4605526631958456,0.4594953644534551,0.2111359899542135,0.4594953644534551
2024-04-02,26.14,3.263466708196076,4.205700617899133,4.11966502598595,16.971639926331815,4.11966502598595
2024-04-03,27.1825,3.302573383889768,3.988140780413163,3.9106675693691617,15.293320838115708,3.9106675693691617
2024-04-04,26.911,3.292535124955091,-0.9988043778166088,-1.0038258934676294,1.0076664243960844,1.0038258934676294
2024-04-05,27.384,3.3099589012278843,1.75764557244249,1.7423776272792977,3.0358797960434343,1.7423776272792977
2024-04-08,27.853,3.326940680500105,1.7126789366053163,1.6981779272220678,2.883808272504239,1.6981779272220678
2024-04-09,28.1525,3.337636160589044,1.0752881197716446,1.0695480088938547,1.143932943328809,1.0695480088938547
2024-04-10,27.9275,3.329611866462866,-0.7992185418701725,-0.8024294126177207,0.6438929622340203,0.8024294126177207
2024-04-11,28.4455,3.3479899758298077,1.8548026139110216,1.8378109366940911,3.3775490390324125,1.8378109366940911
2024-04-12,28.0305,3.3332932030482825,-1.4589302350108024,-1.4696772781524643,2.1599513019176366,1.4696772781524643
2024-04-15,28.8755,3.362993484709353,3.0145734111057587,2.9700281661070576,8.821067307469251,2.9700281661070576
2024-04-16,28.104,3.3359119149635257,-2.6718152066630863,-2.7081569745827205,7.334114198981034,2.7081569745827205
2024-04-17,28.2235,3.34015496424796,0.4252063763165559,0.4243049284434029,0.1800346723013613,0.4243049284434029
2024-04-18,28.2405,3.34075711785074,0.060233493365458,0.060215360277939,0.0036258896134019,0.060215360277939
2024-04-19,28.6715,3.355903598024394,1.526176944459201,1.5146480173654973,2.294158616509232,1.5146480173654973
2024-04-22,27.194,3.3029963607334945,-5.153200913799427,-5.2907237290899936,27.991757577555926,5.2907237290899936
2024-04-23,27.307,3.307143079579833,0.4155328381260537,0.4146718846338459,0.1719527719057856,0.4146718846338459
2024-04-24,27.166,3.301966191400299,-0.5163511187607495,-0.517688817953368,0.2680017122339553,0.517688817953368
2024-04-25,27.442,3.3120746864989834,1.0159758521681497,1.0108495098684434,1.021816731601272,1.0108495098684434
2024-04-26,27.226,3.304172399090281,-0.7871146417899655,-0.7902287408702191,0.6244614628973318,0.7902287408702191
2024-04-29,27.142,3.301082343659179,-0.3085286123558295,-0.309005543110232,0.0954844256728494,0.309005543110232
2024-04-30,26.295,3.269378807041308,-3.1206248618377286,-3.170353661787131,10.05114234080707,3.170353661787131
2024-05-01,26.6495,3.2827703887097712,1.3481650503897935,1.3391581668463708,1.7933445958313323,1.3391581668463708
2024-05-02,26.678,3.2838392557188523,0.1069438451002824,0.1068867009080937,0.0114247668310162,0.1068867009080937
2024-05-03,26.504,3.277295664997595,-0.652222805307745,-0.654359072125758,0.4281857952732829,0.654359072125758
2024-05-06,27.447,3.312256872365508,3.5579535164503406,3.496120736791309,12.222860206222206,3.496120736791309
2024-05-07,27.24,3.3046864812813115,-0.75418078478523,-0.7570391084196352,0.5731082116767962,0.7570391084196352
2024-05-08,27.337,3.308241095940791,0.356093979442007,0.3554614659479439,0.1263528537738613,0.3554614659479439
2024-05-09,28.334,3.344062496957159,3.647071734279539,3.582140101636816,12.83172770775462,3.582140101636816
2024-05-10,28.2085,3.3396233509663724,-0.4429307545704808,-0.4439145990786687,0.1970601712751751,0.4439145990786687
2024-05-13,28.2035,3.339446083717805,-0.017725153765713,-0.017726724856748,0.0003142367741468,0.017726724856748
2024-05-14,28.6115,3.3538087349082075,1.4466289644902377,1.4362651190402669,2.062857492171752,1.4362651190402669
2024-05-15,29.6725,3.390220690948523,3.708299110497526,3.641195604031561,13.25830542681876,3.641195604031561
2024-05-16,29.581,3.387132263337321,-0.3083663324627173,-0.3088427611201859,0.0953838510963402,0.3088427611201859
2024-05-17,31.516,3.4504953533834417,6.54136100875562,6.33630900461203,40.14881180192749,6.33630900461203
2024-05-20,31.831,3.460440657702794,0.9994923213605844,0.9945304319352752,0.9890907800453648,0.9945304319352752
2024-05-21,31.978,3.465048166363229,0.4618139549495748,0.4607508660434228,0.2122913605597641,0.4607508660434228
2024-05-22,30.798,3.427449752806221,-3.690036900369009,-3.759841355700755,14.13640702003769,3.759841355700755
2024-05-23,30.1255,3.4053719891834557,-2.1835833495681523,-2.207776362276574,4.874276465827182,2.207776362276574
2024-05-24,30.3525,3.412878886435993,0.7535144644902125,0.7506897252537883,0.5635350636016082,0.7506897252537883
2024-05-27,31.643,3.454516955092372,4.2517090849188754,4.163806865637892,17.33728761433325,4.163806865637892
2024-05-28,32.1,3.4688560301359703,1.4442372720664842,1.4339075043597955,2.0560907310593377,1.4339075043597955
2024-05-29,31.9765,3.465001258014316,-0.3847352024922146,-0.3854772121654501,0.1485926810988474,0.3854772121654501
2024-05-30,31.166,3.439327757023422,-2.534673901146156,-2.567350099089297,6.591286531293825,2.567350099089297
2024-05-31,30.382,3.413850327785471,-2.5155618301995752,-2.547742923795182,6.490994005748423,2.547742923795182
2024-06-03,30.732,3.4253044570053883,1.1519978934895647,1.1454129219917568,1.3119707618656944,1.1454129219917568
2024-06-04,29.496,3.384254660931844,-4.02186645841468,-4.104979607354509,16.85085757679638,4.104979607354509
2024-06-05,30.006,3.401397361664821,1.7290480065093703,1.7142700732978384,2.9387218842045764,1.7142700732978384
2024-06-06,31.3255,3.444432462346685,4.397453842564825,4.30351006818633,18.520198906981108,4.30351006818633
2024-06-07,29.1725,3.373226484698125,-6.872994844455804,-7.120597764855968,50.702912528871806,7.120597764855968
2024-06-10,29.7485,3.3927787105524323,1.974462250407072,1.955222585430692,3.82289535857828,1.955222585430692
2024-06-11,29.285,3.3770754395417457,-1.5580617510126515,-1.570327101068649,2.4659272043506677,1.570327101068649
2024-06-12,29.7285,3.3921061816503757,1.514427181150757,1.503074210862941,2.259232083361252,1.503074210862941
2024-06-13,28.965,3.366088204548588,-2.5682425954891785,-2.6017977101787597,6.769351324691435,2.6017977101787597
2024-06-14,29.5795,3.3870815538267416,2.1215259796305785,2.0993349278154225,4.407207139145785,2.0993349278154225
2024-06-17,29.465,3.3832031182898765,-0.38709241197451,-0.3878435536865116,0.150422622136182,0.3878435536865116
2024-06-18,29.5415,3.385796054419325,0.2596300695740794,0.2592936129448399,0.0672331777139884,0.2592936129448399
2024-06-19,29.761,3.393198811550889,0.7430225276306324,0.7402757131564264,0.5480081314892556,0.7402757131564264
2024-06-20,30.737,3.4254671406348938,3.279459695574749,3.226832908400459,10.412450618736166,3.226832908400459
2024-06-21,29.5405,3.385762203161748,-3.892702605979759,-3.9704937473146114,15.764820597464425,3.9704937473146114
2024-06-24,29.582,3.3871660682491784,0.1404850967316129,0.1403865087430802,0.0197083718370709,0.1403865087430802
2024-06-25,28.914,3.3643259068862506,-2.25812994388479,-2.2840161362927525,5.216729710845673,2.2840161362927525
2024-06-26,28.7705,3.3593505566268997,-0.4962993705471485,-0.4975350259351527,0.247541102032293,0.4975350259351527
2024-06-27,28.9775,3.366519666780763,0.7194869745051458,0.716911015386387,0.5139614039823405,0.716911015386387
2024-06-28,29.1125,3.37116763521046,0.4658786989905961,0.4647968429696363,0.2160361052345407,0.4647968429696363
2024-07-01,29.4495,3.3826769320247765,1.1575783598110734,1.1509296814316925,1.3246391316004569,1.1509296814316925
2024-07-02,29.5235,3.3851865563897903,0.2512776108253067,0.2509624365013947,0.0629821445347166,0.2509624365013947
2024-07-03,30.498,3.4176611076928203,3.3007604111978672,3.247455130303019,10.545964823331396,3.247455130303019
2024-07-04,30.409,3.414738617228822,-0.2918224145845749,-0.2922490463998476,0.0854095051216203,0.2922490463998476
2024-07-05,31.218,3.4409948515362214,2.6603965931138784,2.625623430739934,6.893898400050541,2.625623430739934
2024-07-08,30.7625,3.4262964157171742,-1.4590941123710732,-1.4698435819047262,2.160440155266516,1.4698435819047262
2024-07-09,30.7985,3.4274659874948807,0.1170255993498514,0.1169571777706417,0.0136789814320735,0.1169571777706417
2024-07-10,30.8165,3.4280502608215726,0.0584444047599719,0.0584273326691972,0.003413753202837,0.0584273326691972
2024-07-11,31.4575,3.448637428483986,2.0800545162493966,2.0587167662413064,4.238314723603062,2.0587167662413064
2024-07-12,30.7875,3.427108763446656,-2.1298577445760136,-2.15286650373296,4.634834182895379,2.15286650373296
2024-07-15,30.6805,3.4236272736283166,-0.3475436459602243,-0.3481489818339954,0.1212077135520477,0.3481489818339954
2024-07-16,31.2515,3.442067375030448,1.861116996137624,1.8440101402131008,3.400373397208739,1.8440101402131008
2024-07-17,30.3055,3.411329214194712,-3.027054701374343,-3.073816083573521,9.448345315635258,3.073816083573521
2024-07-18,29.829,3.3954810746660464,-1.5723218557687435,-1.5848139528665917,2.5116352652006317,1.5848139528665917
2024-07-19,29.22,3.3748534063225533,-2.041637332796953,-2.0627668343492904,4.255007012891393,2.0627668343492904
2024-07-22,29.1295,3.3717514063887424,-0.3097193702943146,-0.3101999933810829,0.0962240358936239,0.3101999933810829
2024-07-23,29.2365,3.375417928674668,0.3673252201376487,0.3666522285925314,0.1344338567318699,0.3666522285925314
2024-07-24,28.9005,3.3638588960067874,-1.1492483710430434,-1.155903266788044,1.336112362171272,1.155903266788044
2024-07-25,27.8555,3.3270304334104037,-3.615854396982754,-3.6828462596384304,13.563356572132776,3.6828462596384304
2024-07-26,27.903,3.3287342099284394,0.1705228769901756,0.170377651803629,0.0290285442341186,0.170377651803629
2024-07-29,27.861,3.327227861461981,-0.1505214493065176,-0.1506348466458549,0.0226908570240202,0.1506348466458549
2024-07-30,28.386,3.345896065877066,1.8843544739959084,1.8668204415085052,3.4850185608340114,1.8668204415085052
2024-07-31,29.005,3.367468228918028,2.180652434298591,2.157216304096156,4.653582182658278,2.157216304096156
2024-08-01,28.5225,3.3506932494883874,-1.6635062920186128,-1.677497942964024,2.813999348648532,1.677497942964024
2024-08-02,28.5335,3.351078835584022,0.0385660443509516,0.0385586095635414,0.0014867663714736,0.0385586095635414
2024-08-05,27.2495,3.3050351723170617,-4.499973715106798,-4.604366326696089,21.20018927041283,4.604366326696089
2024-08-06,26.9675,3.294632437267447,-1.0348813739701646,-1.0402735049614744,1.0821689651248307,1.0402735049614744
2024-08-07,26.6095,3.2812682948844665,-1.3275238713265969,-1.3364142382980446,1.7860030163257428,1.3364142382980446
2024-08-08,27.5405,3.3156576485460136,3.4987504462691943,3.438935366154701,11.826276452589571,3.438935366154701
2024-08-09,27.4019,3.310612354055599,-0.5032588369855318,-0.5045294490414877,0.2545499649501071,0.5045294490414877
2024-08-12,27.9575,3.3306854999202065,2.027596626511285,2.0073145864607467,4.029311849018079,2.0073145864607467
2024-08-13,27.856,3.3270483830258333,-0.3630510596440928,-0.3637116894373016,0.1322861930333361,0.3637116894373016
2024-08-14,27.567,3.3166194051868576,-1.037478460654806,-1.0428977838975748,1.0876357876584726,1.0428977838975748
2024-08-15,28.357,3.3448739132758667,2.865745275147824,2.825450808900926,7.983172273518896,2.825450808900926
2024-08-16,28.969,3.366226292718103,2.1581972705152275,2.135237944223628,4.559241078452343,2.135237944223628
2024-08-19,29.4455,3.3825410970640446,1.6448617487659245,1.6314804345941574,2.6617284084635404,1.6314804345941574
2024-08-20,29.4385,3.3823033414756685,-0.0237727326756087,-0.0237755588376159,0.0005652771980409,0.0237755588376159
2024-08-21,29.6045,3.3879263768021044,0.563887426329468,0.5623035326436105,0.3161852628234839,0.5623035326436105
2024-08-22,28.984,3.3667439535927763,-2.09596514043473,-2.1182423209328216,4.4869505301908665,2.1182423209328216
2024-08-23,29.8325,3.395598403261673,2.9274772288159,2.885444966889763,8.325792656949465,2.885444966889763
2024-08-26,29.911,3.398226305717201,0.2631358417833018,0.2627902455527597,0.0690587131576797,0.2627902455527597
2024-08-27,29.974,3.4003303392228044,0.2106248537327326,0.2104033505603078,0.0442695699270037,0.2104033505603078
2024-08-28,29.141,3.3721461172681515,-2.7790751985053763,-2.818422195465272,7.943503671891284,2.818422195465272
2024-08-29,29.4255,3.381861645355413,0.9762877046086248,0.9715528087261251,0.9439148601436228,0.9715528087261251
2024-08-30,28.8625,3.3625431746806136,-1.9133064858710915,-1.9318470674799149,3.7320330921307465,1.9318470674799149
2024-09-02,28.5525,3.351744497942625,-1.074058033780867,-1.0798676737988784,1.1661141929158008,1.0798676737988784
2024-09-03,28.0505,3.334006457121779,-1.7581647841695136,-1.7738040820845773,3.14638092161991,1.7738040820845773
2024-09-04,28.271,3.341836544267007,0.7860822445232785,0.7830087145227486,0.6131026470185672,0.7830087145227486
2024-09-05,28.824,3.361208373445792,1.9560680556046872,1.9371829178785445,3.752677657320432,1.9371829178785445
2024-09-06,27.9205,3.3293611860432755,-3.1345406605606474,-3.184718740251669,10.14243345451018,3.184718740251669
2024-09-09,28.35,3.3446270301737613,1.538296233949965,1.5265844130485626,2.3304599701628246,1.5265844130485626
2024-09-10,28.4,3.3463891451671604,0.1763668430335041,0.1762114993399223,0.0310504924996234,0.1762114993399223
2024-09-11,28.676,3.356060535990626,0.9718309859154894,0.9671390823465408,0.9353580046021092,0.9671390823465408
2024-09-12,29.873,3.396955062404023,4.174222346212875,4.0894526413397365,16.723622905760546,4.0894526413397365
2024-09-13,30.73,3.425239376142393,2.8688113011749783,2.828431373837029,8.000024036505627,2.828431373837029
2024-09-16,30.7335,3.4253532648732263,0.0113895216400816,0.0113888730833102,0.0001297064301077,0.0113888730833102
2024-09-17,30.7035,3.4243766546095604,-0.0976133535067647,-0.0976610263665885,0.0095376760709755,0.0976610263665885
2024-09-18,30.0835,3.403976848695739,-2.019313759017693,-2.039980591382163,4.16152081321592,2.039980591382163
2024-09-19,30.786,3.427060041187883,2.3351671181877087,2.30831924921438,5.328337756293636,2.30831924921438
2024-09-20,31.1455,3.4386697725184883,1.167738582472544,1.1609731330605455,1.3478586156884191,1.1609731330605455
2024-09-23,30.6925,3.4240183250728577,-1.4544637267020932,-1.4651447445630372,2.1466491225206874,1.4651447445630372
2024-09-24,32.0975,3.468778145483101,4.577665553473964,4.475982041024361,20.0344152315726,4.475982041024361
2024-09-25,31.812,3.459843577094889,-0.8894773736272121,-0.8934568388212676,0.7982651228364925,0.8934568388212676
2024-09-26,32.018,3.4662982446559027,0.6475543819942198,0.6454667561013941,0.4166273332320566,0.6454667561013941
2024-09-27,31.634,3.454232491541297,-1.1993253794740475,-1.2065753114605675,1.4558239822261656,1.2065753114605675
2024-09-30,31.16,3.439135221002548,-1.4983878105835458,-1.5097270538749497,2.279275777201935,1.5097270538749497
2024-10-01,31.4405,3.4480968707424378,0.9001925545571332,0.8961649739890147,0.8031116606047315,0.8961649739890147
2024-10-02,31.8345,3.4605506073616685,1.2531607321766502,1.2453736619230913,1.55095555781173,1.2453736619230913
2024-10-03,32.028,3.4666105202103874,0.6078311266079162,0.6059912848718806,0.3672254373406727,0.6059912848718806
2024-10-04,32.196,3.4718422212314874,0.5245410266017103,0.523170102109987,0.2737069557417743,0.523170102109987
2024-10-07,31.687,3.4559065021342086,-1.5809417318921493,-1.593571909727872,2.539471431473737,1.593571909727872
2024-10-08,30.671,3.423317582746238,-3.2063622305677497,-3.2588919387970936,10.62037666875668,3.2588919387970936
2024-10-09,30.5015,3.417775862731922,-0.5526393009683384,-0.5541720014315571,0.3071066071706577,0.5541720014315571
2024-10-10,31.1625,3.4392154488496764,2.167106535744145,2.143958611775417,4.596558529005973,2.143958611775417
2024-10-11,31.5665,3.4520964316789398,1.2964300040112289,1.2880982829262806,1.6591971864776325,1.2880982829262806
2024-10-14,31.189,3.4400654685475374,-1.1958880458714185,-1.2030963131401724,1.4474407386914758,1.2030963131401724
2024-10-15,31.5075,3.45022561272951,1.021193369457185,1.0160144181972393,1.0322852979846746,1.0160144181972393
2024-10-16,31.679,3.4556540007914536,0.5443148456716562,0.5428388061943771,0.2946739695105365,0.5428388061943771
2024-10-17,31.695,3.4561589397361296,0.0505066447804569,0.0504938944676115,0.0025496333785062,0.0504938944676115
2024-10-18,33.619,3.515091383338221,6.070358100646778,5.893244360209121,34.73032908913662,5.893244360209121
2024-10-21,33.787,3.52007611312089,0.4997174216960554,0.4984729782668809,0.2484753100622543,0.4984729782668809
2024-10-22,34.854,3.55116790823845,3.1580193565572623,3.109179511756057,9.666997236323636,3.109179511756057
2024-10-23,33.7005,3.517512674043504,-3.309519710793596,-3.365523419494634,11.326747887166857,3.365523419494634
2024-10-24,33.675,3.5167557222964274,-0.0756665331374972,-0.0756951747076493,0.0057297594740215,0.0756951747076493
2024-10-25,33.587,3.514139087340295,-0.2613214550853615,-0.2616634956132696,0.0684677849365555,0.2616634956132696
2024-10-28,33.656,3.51619134628822,0.2054366272664864,0.2052258947924755,0.0421176678933722,0.2052258947924755
2024-10-29,34.449,3.5394799694621617,2.356192060850959,2.328862317394215,5.423599693378753,2.328862317394215
2024-10-30,33.771,3.5196024460407767,-1.968126796133407,-1.987752342138523,3.951159373677184,1.987752342138523
2024-10-31,32.6735,3.486564351800077,-3.249829735571952,-3.3038094240699105,10.915156710573154,3.3038094240699105
2024-11-01,32.4475,3.479623398579777,-0.691692044011194,-0.6940953220300594,0.4817683160640119,0.6940953220300594
2024-11-04,32.458,3.47994694589369,0.0323599660990936,0.0323547313913332,0.0010468286434053,0.0323547313913332
2024-11-05,32.6535,3.4859520475269634,0.6023168402242929,0.6005101633273422,0.3606124562594312,0.6005101633273422
2024-11-06,31.1755,3.4396325299298667,-4.526314177653246,-4.631951759709707,21.454977104277848,4.631951759709707
2024-11-07,32.0375,3.4669070916901896,2.7649917403089086,2.7274561760322995,7.439017192176734,2.7274561760322995
2024-11-08,31.253,3.442115371574705,-2.448692937963326,-2.479172011548412,6.146293862844998,2.479172011548412
2024-11-11,30.6915,3.423985743292586,-1.79662752375771,-1.812962828211873,3.2868342164779936,1.812962828211873
2024-11-12,30.7155,3.4247674131745875,0.0781975465519613,0.0781669882000775,0.006110078044271,0.0781669882000775
2024-11-13,30.3125,3.411560168697702,-1.3120411518614317,-1.320724447688548,1.7443130667222202,1.320724447688548
2024-11-14,30.444,3.415888930405145,0.4338144329896876,0.4328761707443141,0.1873817791982606,0.4328761707443141
2024-11-15,30.251,3.409529241781692,-0.6339508605964994,-0.6359688623453659,0.4044563938728589,0.6359688623453659
2024-11-18,31.173,3.4395523355386195,3.0478331294833128,3.0023093756927848,9.0138615873728,3.0023093756927848
2024-11-19,31.2135,3.440850693538807,0.1299201231835356,0.1298358000187667,0.0168573349665131,0.1298358000187667
2024-11-20,30.8585,3.429412239143176,-1.1373283995707029,-1.143845439563078,1.308382389609251,1.143845439563078
2024-11-21,30.7935,3.427303628746635,-0.2106388839379636,-0.2108610396541322,0.0444623780440215,0.2108610396541322
2024-11-22,31.2285,3.441331139401801,1.4126357835257508,1.4027510655166229,1.96771055180802,1.4027510655166229
2024-11-25,30.3065,3.411362210961032,-2.952431272715628,-2.9968928440768745,8.981366718879178,2.9968928440768745
2024-11-26,30.446,3.4159546226370625,0.4602972959596219,0.4592411676030279,0.2109024500213923,0.4592411676030279
2024-11-27,30.103,3.404624834562414,-1.1265847730407952,-1.1329788074648528,1.28364097816448,1.1329788074648528
2024-11-28,30.224,3.408636310759154,0.4019532936916592,0.4011476196739919,0.1609194127701096,0.4011476196739919
2024-11-29,30.631,3.422012568042741,1.34661196400212,1.3376257283587294,1.7892425891672212,1.3376257283587294
2024-12-02,30.5075,3.4179725550238573,-0.403186314517967,-0.4040013018883422,0.1632170519274754,0.4040013018883422
2024-12-03,31.0335,3.4350672661697708,1.724166188642129,1.7094711145912969,2.92229149162201,1.7094711145912969
2024-12-04,31.297,3.443522246307157,0.8490824431662602,0.8454980137386346,0.7148668912359765,0.8454980137386346
2024-12-05,31.3285,3.4445282263841697,0.1006486244687909,0.1005980077012933,0.0101199591534694,0.1005980077012933
2024-12-06,30.9925,3.4337452397301647,-1.0725058652664488,-1.078298665400502,1.1627280118045038,1.078298665400502
2024-12-09,31.8265,3.460299276090023,2.6909736226506498,2.655403635985824,7.051168470006733,2.655403635985824
2024-12-10,31.904,3.462731393779428,0.2435077686833375,0.2432117689404888,0.0591519645511617,0.2432117689404888
2024-12-11,31.914,3.463044784988236,0.0313440320963032,0.0313391208807847,0.0009821404975804,0.0313391208807847
2024-12-12,30.9665,3.4329059750058755,-2.9689164629942977,-3.013880998236012,9.0834786715281,3.013880998236012
2024-12-13,30.4755,3.416923082123638,-1.5855844218752524,-1.5982892882237585,2.554528648850808,1.5982892882237585
2024-12-16,30.531,3.418742560877904,0.1821135010090069,0.1819478754266353,0.0331050293722664,0.1819478754266353
2024-12-17,30.5375,3.418955436583859,0.0212898365595792,0.0212875705954832,0.0004531606618576,0.0212875705954832
2024-12-18,29.3585,3.3795821125229244,-3.8608268522308697,-3.9373324060934554,15.502586476073672,3.9373324060934554
2024-12-19,29.0465,3.368897994111679,-1.0627245942401609,-1.0684118411245374,1.1415038622551237,1.0684118411245374
2024-12-20,29.5405,3.385762203161748,1.7007212572943464,1.686420905006869,2.844015468844187,1.686420905006869
2024-12-23,29.653,3.3895633007637875,0.3808330935495263,0.380109760204011,0.1444834298023508,0.380109760204011
2024-12-24,29.619,3.3884160472974223,-0.1146595622702584,-0.1147253466365437,0.0131619051608751,0.1147253466365437
2024-12-26,29.804,3.394642612691481,0.6245990749181196,0.6226565394058731,0.3877011660648976,0.6226565394058731
2024-12-27,29.381,3.3803482069261945,-1.4192725808616191,-1.4294405765286609,2.0433003618265904,1.4294405765286609
2024-12-30,28.9575,3.365829237824364,-1.4414077124672464,-1.451896910183036,2.1080046377990467,1.451896910183036
2024-12-31,28.9015,3.363893496885653,-0.1933868600535349,-0.1935740938710838,0.0374709298180111,0.1935740938710838
