Date,Open,High,Low,Close,log_price
2010-01-04,16.88,17.55,16.82,17.42,2.857618971424357
2010-01-05,17.59,17.85,17.47,17.76,2.876948737564024
2010-01-06,17.75,18.21,17.73,18.2,2.9014215940827497
2010-01-07,18.23,18.34,18.04,18.23,2.9030685886905716
2010-01-08,18.23,18.49,18.02,18.48,2.916689066213538
2010-01-11,18.48,18.88,18.47,18.55,2.920469789053444
2010-01-12,18.34,18.79,18.15,18.25,2.9041650800285006
2010-01-13,18.26,18.64,18.19,18.62,2.924236271848921
2010-01-14,18.62,18.71,18.43,18.66,2.926382195419198
2010-01-15,18.45,18.66,18.38,18.39,2.91180703861623
2010-01-18,18.31,18.66,18.31,18.64,2.925309809257445
2010-01-19,18.63,18.84,18.46,18.76,2.9317269435780786
2010-01-20,18.77,18.84,17.79,17.89,2.884241897520628
2010-01-21,17.87,18.05,17.33,17.39,2.855895328366192
2010-01-22,17.41,17.5,16.88,17.04,2.8355635214011694
2010-01-25,17.04,17.25,16.98,17.14,2.8414149131696336
2010-01-26,17.14,17.25,16.34,16.78,2.8201877010390604
2010-01-27,16.79,16.95,16.41,16.6,2.8094026953624978
2010-01-28,16.52,16.75,16.01,16.23,2.7868613815264998
2010-01-29,16.24,16.34,16.02,16.2,2.785011242238338
2010-02-01,16.17,16.71,16.09,16.68,2.8142103969306005
2010-02-02,16.68,16.79,16.54,16.71,2.8160073426073025
2010-02-03,16.7,16.93,16.27,16.38,2.7960610784249234
2010-02-04,16.38,16.4,15.18,15.27,2.725890119230541
2010-02-05,15.27,15.37,14.65,15.15,2.7180005319553784
2010-02-08,15.14,15.29,14.94,15.0,2.70805020110221
2010-02-09,15.0,15.58,15.0,15.46,2.738256043159276
2010-02-10,15.46,15.63,15.08,15.19,2.7206373166076814
2010-02-11,15.2,15.71,15.18,15.6,2.747270914255491
2010-02-12,15.64,15.73,15.21,15.52,2.7421295147550726
2010-02-15,15.53,15.63,15.45,15.54,2.7434173449395014
2010-02-16,15.55,16.2,15.48,16.12,2.7800607370784824
2010-02-17,16.13,16.32,15.83,15.91,2.7669478423496954
2010-02-18,15.9,16.24,15.68,15.84,2.7625383863862796
2010-02-19,15.85,16.5,15.76,16.31,2.7917784166329223
2010-02-22,16.33,16.55,16.14,16.22,2.7862450486872667
2010-02-23,16.23,16.42,15.78,15.83,2.761906873892921
2010-02-24,15.85,15.99,15.63,15.93,2.768204123921957
2010-02-25,15.89,16.14,15.62,16.13,2.7806808921371173
2010-02-26,16.08,16.51,16.0,16.46,2.800933195248924
2010-03-01,16.47,16.74,16.41,16.43,2.799108932049177
2010-03-02,16.46,17.07,16.32,16.91,2.827905162910489
2010-03-03,16.91,17.34,16.86,17.16,2.8425810940598164
2010-03-04,17.17,17.36,17.04,17.12,2.840247370713596
2010-03-05,17.12,17.48,17.1,17.34,2.853015971352396
2010-03-08,17.36,17.51,17.11,17.23,2.8466520505398383
2010-03-09,17.24,17.39,16.89,17.26,2.848391685655282
2010-03-10,17.27,17.63,16.93,17.02,2.834389123145228
2010-03-11,17.0,17.16,16.82,17.15,2.8419981736119486
2010-03-12,17.18,17.32,16.95,17.05,2.8361502037295256
2010-03-15,17.14,17.16,16.95,17.13,2.8408313123360287
2010-03-16,17.14,17.46,17.14,17.44,2.8587664184808337
2010-03-17,17.45,17.58,17.35,17.46,2.859912550411456
2010-03-18,17.49,17.54,17.32,17.41,2.8570447537800976
2010-03-19,17.38,17.39,16.96,16.98,2.8320361808832013
2010-03-22,16.9,16.99,16.61,16.96,2.830857630363757
2010-03-23,16.97,17.12,16.73,17.02,2.834389123145228
2010-03-24,16.98,16.99,16.56,16.56,2.8069901489571136
2010-03-25,16.55,16.84,16.55,16.61,2.8100049236252036
2010-03-26,16.56,16.96,16.56,16.91,2.827905162910489
2010-03-29,16.93,17.43,16.93,17.39,2.855895328366192
2010-03-30,17.36,17.46,17.21,17.27,2.848970892158587
2010-03-31,17.28,17.62,17.23,17.5,2.8622008809294686
2010-04-01,17.5,17.98,17.47,17.93,2.8864752876170416
2010-04-02,17.93,17.95,17.81,17.82,2.8803214220426634
2010-04-05,17.82,18.12,17.8,18.07,2.8942531046041373
2010-04-06,18.08,18.09,17.86,17.91,2.8853592160726205
2010-04-07,17.92,18.25,17.91,18.14,2.8981194446869907
2010-04-08,18.17,18.18,17.91,18.07,2.8942531046041373
2010-04-09,18.09,18.42,18.04,18.4,2.91235066461494
2010-04-12,18.49,18.6,18.15,18.21,2.9019708937395166
2010-04-13,18.2,18.3,17.95,18.21,2.9019708937395166
2010-04-14,18.22,18.48,18.2,18.43,2.9139797716817317
2010-04-15,18.43,18.5,18.21,18.39,2.91180703861623
2010-04-16,18.39,18.42,17.61,17.73,2.8752581200861167
2010-04-19,17.65,17.76,17.48,17.68,2.8724340572094973
2010-04-20,17.73,18.04,17.71,17.84,2.8814431271518632
2010-04-21,17.84,18.13,17.71,18.05,2.89314568477889
2010-04-22,18.09,18.15,17.77,17.98,2.8892600290434745
2010-04-23,18.0,18.33,17.84,18.32,2.9079933592459843
2010-04-26,18.33,18.41,18.22,18.29,2.906354462402774
2010-04-27,18.29,18.39,18.05,18.16,2.8992213731731473
2010-04-28,18.19,18.23,17.82,18.1,2.89591193827178
2010-04-29,18.04,18.55,18.04,18.45,2.915064370486536
2010-04-30,18.48,18.76,18.45,18.65,2.9258461460898246
2010-05-03,18.68,18.87,18.51,18.8,2.9338568698359038
2010-05-04,18.81,18.82,17.81,17.87,2.8831233291713367
2010-05-05,17.86,17.88,17.08,17.48,2.8610573702273894
2010-05-06,17.5,17.75,17.27,17.66,2.8713021951758138
2010-05-07,17.58,18.66,17.47,18.36,2.9101743851923443
2010-05-10,18.52,18.62,18.18,18.5,2.917770732084279
2010-05-11,18.5,19.36,18.38,19.29,2.9595868269176377
2010-05-12,19.32,19.7,19.07,19.5,2.970414465569701
2010-05-13,19.48,19.8,19.31,19.42,2.966303462863179
2010-05-14,19.42,19.7,18.95,19.32,2.961140828784372
2010-05-17,19.34,19.38,18.75,18.91,2.9396908826703663
2010-05-18,18.89,19.1,18.64,18.95,2.9418039315284354
2010-05-19,18.97,18.97,17.95,18.2,2.9014215940827497
2010-05-20,18.2,18.3,17.5,17.66,2.8713021951758138
2010-05-21,17.65,17.87,17.43,17.66,2.8713021951758138
2010-05-24,17.64,18.05,17.64,17.88,2.883682769745368
2010-05-25,17.9,17.96,17.54,17.95,2.8875901149342877
2010-05-26,17.96,18.4,17.91,18.07,2.8942531046041373
2010-05-27,18.03,18.55,18.02,18.49,2.9172300453990334
2010-05-28,18.5,18.62,18.26,18.41,2.9128939952449864
2010-05-31,18.41,18.61,18.36,18.57,2.9215473753646144
2010-06-01,18.57,18.67,18.28,18.41,2.9128939952449864
2010-06-02,18.41,18.5,18.09,18.34,2.9090844668283187
2010-06-03,18.35,18.43,17.83,17.98,2.8892600290434745
2010-06-04,17.97,18.04,17.3,17.46,2.859912550411456
2010-06-07,17.43,18.24,17.23,18.11,2.896464271895322
2010-06-08,18.12,18.46,18.05,18.27,2.9052603703899154
2010-06-09,18.29,18.34,18.09,18.11,2.896464271895322
2010-06-10,18.11,18.41,17.86,18.23,2.9030685886905716
2010-06-11,18.23,18.5,18.05,18.23,2.9030685886905716
2010-06-14,18.25,18.55,18.21,18.23,2.9030685886905716
2010-06-15,18.23,18.66,18.23,18.55,2.920469789053444
2010-06-16,18.55,18.64,18.41,18.46,2.9156062290747062
2010-06-17,18.46,18.86,18.34,18.71,2.9290581402859983
2010-06-18,18.73,19.25,18.68,19.16,2.9528247725427144
2010-06-21,19.19,19.47,18.68,18.73,2.930126516455997
2010-06-22,18.72,18.96,18.61,18.8,2.9338568698359038
2010-06-23,18.81,18.94,18.34,18.52,2.918851229218033
2010-06-24,18.54,18.8,18.2,18.68,2.9274534328006965
2010-06-25,18.73,19.12,18.61,19.06,2.947591898226056
2010-06-28,19.07,19.23,18.65,18.73,2.930126516455997
2010-06-29,18.75,18.8,18.39,18.53,2.9193910402972683
2010-06-30,18.5,18.8,18.48,18.61,2.9236990706541595
2010-07-01,18.62,18.66,17.73,17.96,2.8881470628740535
2010-07-02,17.82,18.11,17.62,17.91,2.8853592160726205
2010-07-05,17.83,17.91,17.75,17.91,2.8853592160726205
2010-07-06,17.81,18.01,17.62,17.91,2.8853592160726205
2010-07-07,17.84,18.05,17.56,18.05,2.89314568477889
2010-07-08,18.03,18.15,17.73,18.07,2.8942531046041373
2010-07-09,17.95,18.21,17.83,18.11,2.896464271895322
2010-07-12,18.13,18.13,17.79,17.91,2.8853592160726205
2010-07-13,17.93,18.31,17.86,18.23,2.9030685886905716
2010-07-14,18.24,18.45,18.09,18.27,2.9052603703899154
2010-07-15,18.29,18.52,18.2,18.34,2.9090844668283187
2010-07-16,18.34,18.38,17.75,17.88,2.883682769745368
2010-07-19,17.85,17.91,17.51,17.61,2.8684669225081145
2010-07-20,17.64,17.74,17.43,17.68,2.8724340572094973
2010-07-21,17.67,17.86,17.56,17.66,2.8713021951758138
2010-07-22,17.64,18.16,17.61,18.08,2.89480635496403
2010-07-23,18.11,18.26,18.05,18.11,2.896464271895322
2010-07-26,18.11,18.25,18.0,18.18,2.900322088749333
2010-07-27,18.17,18.23,17.61,17.67,2.871868286331605
2010-07-28,17.66,17.73,17.35,17.51,2.8627721462977607
2010-07-29,17.52,17.68,17.47,17.61,2.8684669225081145
2010-07-30,17.62,18.09,17.52,17.98,2.8892600290434745
2010-08-02,18.0,18.52,17.96,18.34,2.9090844668283187
2010-08-03,18.35,18.57,18.3,18.36,2.9101743851923443
2010-08-04,18.38,18.68,18.22,18.29,2.906354462402774
2010-08-05,18.25,18.46,18.2,18.34,2.9090844668283187
2010-08-06,18.36,18.57,18.29,18.47,2.9161477942111484
2010-08-09,18.48,18.57,18.23,18.34,2.9090844668283187
2010-08-10,18.34,18.45,17.98,18.29,2.906354462402774
2010-08-11,18.3,18.36,17.83,17.89,2.884241897520628
2010-08-12,17.89,18.11,17.84,18.06,2.8936995479888394
2010-08-13,18.07,18.19,17.98,18.16,2.8992213731731473
2010-08-16,18.1,18.45,18.1,18.38,2.911263116927541
2010-08-17,18.38,18.6,18.34,18.5,2.917770732084279
2010-08-18,18.5,18.56,18.18,18.36,2.9101743851923443
2010-08-19,18.37,18.55,18.24,18.3,2.9069010598473755
2010-08-20,18.3,18.35,17.87,18.02,2.8914822521801917
2010-08-23,18.0,18.09,17.91,18.0,2.8903717578961645
2010-08-24,18.01,18.45,17.77,18.34,2.9090844668283187
2010-08-25,18.34,19.0,18.32,18.91,2.9396908826703663
2010-08-26,18.94,19.15,18.88,18.93,2.9407479652212314
2010-08-27,18.96,19.3,18.9,19.08,2.9486406660201405
2010-08-30,19.05,19.2,18.99,19.03,2.946016681308058
2010-08-31,19.05,19.39,18.84,19.36,2.963209081848431
2010-09-01,19.34,19.49,19.27,19.36,2.963209081848431
2010-09-02,19.36,19.68,19.31,19.63,2.9770590082883697
2010-09-03,19.64,19.93,19.49,19.81,2.9861868607104594
2010-09-06,19.9,19.95,19.75,19.95,2.9932291433358724
2010-09-07,19.95,20.0,19.57,19.79,2.9851767596144745
2010-09-08,19.8,20.13,19.78,19.91,2.991222118076105
2010-09-09,19.91,20.07,19.69,19.7,2.9806186357439426
2010-09-10,19.71,20.02,19.67,19.89,2.9902170928658807
2010-09-13,19.86,20.22,19.79,20.05,2.998229153752578
2010-09-14,20.05,20.5,20.02,20.45,3.017982882488811
2010-09-15,20.45,20.6,20.32,20.56,3.0233474405869645
2010-09-16,20.57,20.79,20.43,20.75,3.0325462466767075
2010-09-17,20.77,20.96,20.61,20.73,3.0315819264476884
2010-09-20,20.73,20.96,20.7,20.73,3.0315819264476884
2010-09-21,20.74,21.02,20.51,20.92,3.040705639196722
2010-09-22,20.93,21.14,20.88,21.11,3.0497468618602293
2010-09-23,21.11,21.2,20.89,21.11,3.0497468618602293
2010-09-24,21.11,21.43,21.09,21.43,3.064791809485486
2010-09-27,21.41,21.61,21.36,21.43,3.064791809485486
2010-09-28,21.43,21.76,20.98,21.73,3.078693794268338
2010-09-29,21.74,22.0,21.68,21.9,3.086486636822455
2010-09-30,21.88,22.06,21.55,21.73,3.078693794268338
2010-10-01,21.73,22.12,21.7,22.08,3.0946722214088944
2010-10-04,22.07,22.2,21.85,21.86,3.0846584827483925
2010-10-05,21.89,22.87,21.75,22.84,3.1285133847878095
2010-10-06,22.82,23.16,22.75,23.16,3.1424266527047946
2010-10-07,23.16,23.5,22.45,22.5,3.1135153092103742
2010-10-08,22.52,23.27,22.31,23.2,3.1441522786722644
2010-10-11,23.37,23.64,23.03,23.27,3.1471649773142003
2010-10-12,23.21,23.45,22.92,23.29,3.1480240838962494
2010-10-13,23.27,24.05,23.25,24.0,3.1780538303479458
2010-10-14,24.0,24.91,23.97,24.62,3.2035591207563074
2010-10-15,24.65,24.82,24.05,24.3,3.190476350346503
2010-10-18,24.27,24.48,23.68,24.34,3.1921210875593813
2010-10-19,24.34,24.46,23.26,23.34,3.15016862685841
2010-10-20,23.38,23.94,23.27,23.91,3.1742967814702334
2010-10-21,23.9,24.02,23.01,23.14,3.1415627217655304
2010-10-22,23.16,23.38,22.82,23.26,3.1467351470905185
2010-10-25,23.3,23.82,23.29,23.61,3.1616703510974213
2010-10-26,23.59,23.91,23.14,23.82,3.170525563927154
2010-10-27,23.82,24.22,23.34,23.54,3.1587011018321305
2010-10-28,23.56,24.0,23.48,24.0,3.1780538303479458
2010-10-29,24.0,24.73,23.73,24.73,3.208017081533325
2010-11-01,24.89,25.01,24.45,24.61,3.2031528644029645
2010-11-02,24.69,24.92,24.63,24.89,3.2144661163795005
2010-11-03,24.88,25.0,23.92,24.82,3.211649779776461
2010-11-04,24.75,26.36,24.72,26.3,3.269568939183719
2010-11-05,26.24,26.9,25.84,26.7,3.2846635654062037
2010-11-08,26.8,27.71,26.52,27.7,3.3214324131932926
2010-11-09,27.7,29.33,26.46,26.91,3.2924979647388146
2010-11-10,26.97,28.18,26.48,27.12,3.3002714630721948
2010-11-11,27.12,27.83,26.93,27.66,3.319987326236612
2010-11-12,27.69,27.7,25.8,26.05,3.260017768199376
2010-11-15,26.03,26.48,25.41,25.52,3.239462458476589
2010-11-16,25.55,25.83,24.97,25.39,3.234355395716587
2010-11-17,25.5,25.89,25.04,25.64,3.2441536320524693
2010-11-18,25.64,27.04,25.64,26.96,3.2943542860441064
2010-11-19,26.95,27.39,26.38,27.29,3.306520334720247
2010-11-22,27.61,27.9,27.1,27.86,3.3271919683516598
2010-11-23,27.86,27.91,27.04,27.5,3.3141860046725258
2010-11-24,27.52,27.7,27.13,27.54,3.315639493300509
2010-11-25,27.53,27.57,27.32,27.52,3.314913013065143
2010-11-26,27.43,27.5,26.41,26.66,3.2831643147505627
2010-11-29,26.77,27.24,26.47,27.14,3.301008654406723
2010-11-30,27.12,28.28,26.86,28.07,3.334701390373791
2010-12-01,28.09,28.82,27.95,28.4,3.3463891451671604
2010-12-02,28.41,29.0,28.27,28.55,3.351656936102019
2010-12-03,28.57,29.38,28.57,29.38,3.380314170745731
2010-12-06,29.46,30.24,29.23,30.07,3.4035279970004377
2010-12-07,30.14,30.66,28.47,28.61,3.3537563070620187
2010-12-08,28.72,29.23,27.98,28.34,3.3442742342625342
2010-12-09,28.36,28.96,28.15,28.72,3.3575937441800234
2010-12-10,28.75,28.95,28.04,28.64,3.3548043420924447
2010-12-13,28.59,29.67,28.42,29.5,3.3843902633457743
2010-12-14,29.48,29.94,29.17,29.46,3.3830334110344844
2010-12-15,29.47,29.58,28.68,28.76,3.358985532852846
2010-12-16,28.73,29.19,28.3,28.85,3.3621099929541085
2010-12-17,28.83,29.3,28.65,29.11,3.371081757757532
2010-12-20,29.15,29.48,28.75,29.3,3.3775875160230218
2010-12-21,29.3,29.55,29.01,29.32,3.3782698770184507
2010-12-22,29.3,29.48,29.16,29.2,3.374168709274236
2010-12-23,29.21,29.36,28.93,29.22,3.3748534063225533
2010-12-27,29.11,29.27,28.75,29.21,3.3745111163996495
2010-12-28,29.16,30.32,29.16,30.26,3.40982670836021
2010-12-29,30.18,30.65,30.09,30.5,3.417726683613366
2010-12-30,30.55,30.89,30.29,30.39,3.414113606928702
2010-12-31,30.41,30.93,30.37,30.86,3.4294608469350147
2011-01-03,30.88,31.21,30.46,30.68,3.4236109764990554
2011-01-04,30.67,30.83,29.34,29.75,3.392829131991639
2011-01-05,29.75,29.75,28.59,29.22,3.3748534063225533
2011-01-06,29.51,29.51,28.81,29.03,3.3683297780365384
2011-01-07,28.96,29.32,28.33,28.49,3.3495531485098167
2011-01-10,28.86,29.07,28.62,29.05,3.3690184832979204
2011-01-11,29.13,29.66,29.04,29.43,3.382014562245381
2011-01-12,29.63,29.8,29.38,29.62,3.3884498088396526
2011-01-13,29.68,29.74,28.5,28.65,3.3551534431607486
2011-01-14,28.79,28.93,28.11,28.42,3.3470931226689546
2011-01-17,28.51,28.6,28.03,28.27,3.341801171705499
2011-01-18,28.27,29.03,28.2,28.86,3.3624565533457247
2011-01-19,28.89,29.48,28.64,28.8,3.3603753871419
2011-01-20,28.73,28.8,27.39,27.47,3.3130945001071823
2011-01-21,27.48,27.65,27.11,27.49,3.3138223021771545
2011-01-24,27.52,27.96,26.84,26.95,3.2939832973550063
2011-01-25,26.95,27.05,26.57,26.86,3.2906381910950917
2011-01-26,26.86,27.65,26.68,27.59,3.3174533882291946
2011-01-27,27.64,27.81,26.78,26.91,3.2924979647388146
2011-01-28,26.91,28.02,26.4,27.96,3.3307749173656096
2011-01-31,28.06,28.43,27.54,28.05,3.3339886319687055
2011-02-01,28.08,28.64,27.88,28.58,3.3527071725017215
2011-02-02,28.59,28.74,28.12,28.32,3.343568268825519
2011-02-03,28.32,28.99,27.98,28.91,3.364187556028255
2011-02-04,28.93,29.3,28.74,29.12,3.3714252233284854
2011-02-07,29.2,29.47,29.02,29.41,3.3813347525659037
2011-02-08,29.36,30.36,29.28,30.33,3.41213732170049
2011-02-09,30.34,30.51,30.07,30.19,3.4075107437187473
2011-02-10,30.19,30.29,29.67,30.18,3.407179453339703
2011-02-11,30.2,30.28,29.7,29.91,3.398192872641857
2011-02-14,29.91,30.72,29.82,30.57,3.420019135902743
2011-02-15,30.57,30.91,30.5,30.75,3.4258899942525267
2011-02-16,30.77,30.95,30.3,30.68,3.4236109764990554
2011-02-17,30.68,31.79,30.57,31.75,3.457892725338701
2011-02-18,31.77,32.88,31.62,32.65,3.48584485572244
2011-02-21,32.67,33.99,32.62,33.88,3.522824869783854
2011-02-22,33.89,34.34,32.41,33.05,3.498021566297695
2011-02-23,33.15,33.77,32.7,33.52,3.5121422756138823
2011-02-24,33.52,33.77,31.76,32.13,3.4697901731277674
2011-02-25,32.09,33.41,32.08,33.37,3.5076572927632825
2011-02-28,33.37,33.99,33.28,33.95,3.5248888540047054
2011-03-01,33.92,34.72,33.8,34.7,3.5467396869528134
2011-03-02,34.66,34.98,34.24,34.67,3.545874759696932
2011-03-03,34.67,34.94,34.05,34.19,3.5319332036512097
2011-03-04,34.2,35.62,34.2,35.62,3.5729072778615154
2011-03-07,35.63,36.73,35.62,35.92,3.581294243433999
2011-03-08,35.92,36.52,35.52,36.0,3.58351893845611
2011-03-09,36.02,36.44,35.65,36.13,3.587123545159549
2011-03-10,36.15,36.18,34.67,35.28,3.5633162311385904
2011-03-11,35.3,36.15,34.05,35.91,3.5810158082379915
2011-03-14,36.38,36.45,35.52,35.84,3.57906458810673
2011-03-15,35.84,35.9,33.59,34.17,3.5313480661272005
2011-03-16,34.17,35.06,33.78,33.9,3.5234150143864045
2011-03-17,33.85,34.65,33.69,34.52,3.541538866215227
2011-03-18,34.52,35.41,34.38,35.27,3.563032744247961
2011-03-21,35.67,36.2,35.59,36.08,3.585738695194423
2011-03-22,36.08,36.45,35.76,36.37,3.5937442589988975
2011-03-23,36.37,37.42,36.14,37.37,3.6208682434973927
2011-03-24,37.37,38.16,36.84,37.42,3.6222053208459437
2011-03-25,37.42,37.77,36.88,37.33,3.6197972929264925
2011-03-28,37.3,37.38,36.43,37.14,3.61469455592456
2011-03-29,37.14,37.23,36.52,37.12,3.6141559079179997
2011-03-30,37.12,37.75,36.9,37.46,3.6232736970159425
2011-03-31,37.46,37.93,37.34,37.66,3.628598523229006
2011-04-01,37.67,37.85,37.08,37.8,3.632309102625542
2011-04-04,37.82,38.61,37.79,38.58,3.652734007477583
2011-04-05,38.58,39.32,38.08,39.28,3.670715483486265
2011-04-06,39.29,39.77,39.12,39.49,3.676047475298558
2011-04-07,39.51,39.68,39.22,39.63,3.679586407202344
2011-04-08,39.65,40.94,39.5,40.93,3.7118632905043114
2011-04-11,41.0,41.95,39.78,40.22,3.6943643843445058
2011-04-12,40.26,40.89,39.75,40.08,3.6908774567766094
2011-04-13,40.04,40.75,40.01,40.63,3.7045067099996354
2011-04-14,40.62,42.2,40.43,42.14,3.740997408376043
2011-04-15,42.15,42.98,41.81,42.97,3.7605021977869035
2011-04-18,43.0,43.56,42.2,43.36,3.769537357131391
2011-04-19,43.41,44.17,42.77,43.93,3.782597457987688
2011-04-20,43.95,45.39,43.82,45.24,3.81198165124792
2011-04-21,45.2,46.68,45.02,46.59,3.8413859258287055
2011-04-25,47.27,49.8,45.69,46.95,3.849083205654272
2011-04-26,46.96,47.16,44.63,45.59,3.8196883942253503
2011-04-27,45.48,48.3,44.89,47.8,3.86702563949741
2011-04-28,47.81,49.54,47.26,48.46,3.8807387153883797
2011-04-29,48.51,49.2,47.56,47.91,3.8693242508950307
2011-05-02,47.9,48.17,42.2,43.98,3.783734985126615
2011-05-03,44.03,45.57,40.62,41.65,3.7293013686128518
2011-05-04,41.69,42.32,38.97,39.44,3.6747805297344347
2011-05-05,39.18,39.57,34.27,34.73,3.5476038667559826
2011-05-06,34.82,36.44,33.09,35.62,3.5729072778615154
2011-05-09,35.7,37.98,35.28,37.74,3.630720539940404
2011-05-10,37.76,38.83,37.32,38.5,3.6506582412937387
2011-05-11,38.53,39.49,35.02,35.12,3.558770768766916
2011-05-12,35.15,35.93,32.33,34.65,3.5452977256359124
2011-05-13,34.63,36.46,33.95,35.35,3.565298392342582
2011-05-16,35.29,35.42,33.52,33.62,3.5151211279804695
2011-05-17,33.6,34.41,33.02,33.96,3.5251833614431467
2011-05-18,34.0,35.55,33.89,35.06,3.5570608794930885
2011-05-19,35.1,35.77,34.56,34.99,3.5550623063795967
2011-05-20,34.99,35.59,34.23,35.07,3.5573460641520867
2011-05-23,35.04,35.43,34.4,35.08,3.5576311675039825
2011-05-24,35.07,36.72,34.91,36.68,3.602231647388264
2011-05-25,36.67,37.98,36.27,37.92,3.6354786773868213
2011-05-26,37.94,38.86,36.29,37.25,3.6176519448255684
2011-05-27,37.24,38.21,37.24,38.01,3.6378492830011573
2011-05-30,38.02,38.41,37.81,38.12,3.6407390787860012
2011-05-31,38.15,38.78,37.97,38.49,3.6503984672956546
2011-06-01,38.48,38.52,36.4,36.83,3.606312730456974
2011-06-02,36.88,37.44,35.61,36.19,3.588782837575651
2011-06-03,36.23,36.44,35.13,36.24,3.5901634811747787
2011-06-06,36.3,37.29,36.29,36.78,3.604954219176175
2011-06-07,36.75,37.51,36.48,37.13,3.6144252681889886
2011-06-08,37.19,37.26,36.08,36.81,3.60576954739093
2011-06-09,36.85,37.63,36.58,37.56,3.6259396543400624
2011-06-10,37.57,37.87,36.11,36.19,3.588782837575651
2011-06-13,35.83,36.31,34.57,34.76,3.548467300397191
2011-06-14,34.78,35.6,34.42,35.38,3.566146688731639
2011-06-15,35.44,35.98,34.82,35.82,3.578506396632566
2011-06-16,35.8,35.82,35.18,35.56,3.571221410645704
2011-06-17,35.55,35.91,34.93,35.87,3.579901291544191
2011-06-20,36.0,36.16,35.27,36.05,3.584906863730958
2011-06-21,36.03,36.57,35.69,36.36,3.5934692693092782
2011-06-22,36.44,36.77,35.9,36.29,3.591542221224979
2011-06-23,36.32,36.35,34.71,35.29,3.5635996376871786
2011-06-24,35.3,35.39,34.17,34.32,3.5357282746197614
2011-06-27,34.29,34.33,33.37,33.59,3.5142284036242013
2011-06-28,33.58,34.13,33.54,33.93,3.5242995787961386
2011-06-29,33.95,34.93,33.86,34.85,3.551053137206533
2011-06-30,34.88,35.14,34.45,34.71,3.547027829873695
2011-07-01,34.72,34.82,33.47,33.89,3.52311998561896
2011-07-04,33.89,34.19,33.8,34.15,3.530762586016799
2011-07-05,34.08,35.67,33.87,35.47,3.5686872687855304
2011-07-06,35.48,36.27,35.07,35.89,3.580458705159516
2011-07-07,35.9,36.64,35.71,36.43,3.5953926110204724
2011-07-08,36.43,36.87,36.0,36.71,3.603049197508743
2011-07-11,36.7,36.93,35.55,35.75,3.5765502691400166
2011-07-12,35.79,36.43,34.81,36.1,3.586292865338835
2011-07-13,36.15,38.32,36.04,38.21,3.6430972614588084
2011-07-14,38.32,39.37,38.0,38.16,3.6417878465800855
2011-07-15,38.23,39.3,37.88,39.29,3.6709700335703683
2011-07-18,39.33,40.72,39.3,40.56,3.702782359282928
2011-07-19,40.62,40.86,38.61,39.02,3.6640743351949654
2011-07-20,39.01,40.13,38.21,40.13,3.6921241842788253
2011-07-21,40.1,40.36,38.85,39.34,3.672241812960913
2011-07-22,39.34,40.28,38.88,40.09,3.6911269266544156
2011-07-25,40.36,41.07,39.86,40.37,3.6980869348648495
2011-07-26,40.37,40.96,40.02,40.89,3.7108855343765508
2011-07-27,40.9,41.46,40.11,40.25,3.6951100038645723
2011-07-28,40.22,40.58,39.33,39.72,3.681854839176972
2011-07-29,39.73,40.38,39.33,39.89,3.686125665917315
2011-08-01,39.62,40.03,39.04,39.25,3.6699514442284173
2011-08-02,39.26,40.87,39.2,40.85,3.709906821306012
2011-08-03,40.85,42.03,40.57,41.73,3.731220294603461
2011-08-04,41.74,42.26,38.49,38.87,3.660222744864132
2011-08-05,38.78,39.83,37.55,38.35,3.646754527813265
2011-08-08,39.12,40.38,38.32,39.02,3.6640743351949654
2011-08-09,39.04,39.56,36.99,37.69,3.629394807279044
2011-08-10,37.77,39.53,37.64,39.3,3.6712245188752153
2011-08-11,39.27,39.84,37.97,38.64,3.654288009344317
2011-08-12,38.74,39.2,38.21,39.09,3.6658666798048634
2011-08-15,39.1,39.97,38.71,39.89,3.686125665917315
2011-08-16,39.9,40.14,39.29,39.92,3.686877451443263
2011-08-17,39.88,40.59,39.79,40.22,3.6943643843445058
2011-08-18,40.25,40.92,40.05,40.64,3.7047528032702264
2011-08-19,40.65,42.92,40.54,42.91,3.7591048990034333
2011-08-22,43.49,44.04,42.48,43.72,3.777805663308338
2011-08-23,43.79,44.24,41.51,41.9,3.735285826928092
2011-08-24,41.92,42.45,39.11,39.7,3.681351187693145
2011-08-25,39.69,41.18,38.74,41.12,3.7164946211469094
2011-08-26,41.16,41.47,40.11,41.35,3.7220724214697003
2011-08-29,41.67,41.77,40.3,40.89,3.7108855343765508
2011-08-30,40.85,41.64,40.41,41.32,3.721346644251438
2011-08-31,41.33,42.02,41.08,41.52,3.7261752388576332
2011-09-01,41.51,41.8,41.23,41.49,3.725452434344777
2011-09-02,41.51,43.38,41.49,43.27,3.7674595542367935
2011-09-05,42.95,43.4,42.33,42.89,3.758638698528789
2011-09-06,43.01,43.27,41.54,41.96,3.7367167835280966
2011-09-07,41.96,42.19,40.4,41.56,3.727138166231027
2011-09-08,41.62,42.65,41.33,42.33,3.745496054532832
2011-09-09,42.32,42.7,41.2,41.79,3.732657076459824
2011-09-12,41.44,41.48,39.71,40.28,3.6958550678503617
2011-09-13,40.31,41.3,40.01,41.1,3.716008121502189
2011-09-14,41.06,41.32,40.31,40.74,3.70721041079866
2011-09-15,40.75,40.77,39.33,39.9,3.686376323895818
2011-09-16,39.89,40.91,39.38,40.67,3.7054907199191334
2011-09-19,40.72,40.85,38.99,39.64,3.6798387094617873
2011-09-20,39.7,40.28,39.16,39.74,3.6823582371236707
2011-09-21,39.76,40.68,39.37,39.61,3.6790816116338254
2011-09-22,39.6,39.78,35.48,35.83,3.5787855313168624
2011-09-23,35.82,36.62,29.8,30.85,3.4291367503513968
2011-09-26,30.72,30.89,26.07,30.72,3.4249139082794713
2011-09-27,30.61,33.51,30.23,31.9,3.462606009790799
2011-09-28,31.84,32.82,29.47,29.9,3.3978584803966405
2011-09-29,29.83,31.52,29.1,30.65,3.4226326623822203
2011-09-30,30.59,31.31,29.67,29.93,3.3988613218646075
2011-10-03,29.67,31.41,29.67,30.45,3.416085994155906
2011-10-04,30.44,31.34,28.67,30.21,3.4081729953985804
2011-10-05,30.23,30.64,28.44,30.48,3.4170707308184456
2011-10-06,30.48,32.21,30.25,31.94,3.4638591427868666
2011-10-07,31.97,32.83,30.73,31.16,3.4391352210025476
2011-10-10,31.32,32.35,31.24,32.07,3.4679210137050633
2011-10-11,32.1,32.57,31.36,32.12,3.469478889078561
2011-10-12,32.15,33.03,31.87,32.57,3.4833916192881422
2011-10-13,32.51,32.76,31.47,31.83,3.4604092412940015
2011-10-14,31.79,32.53,31.26,32.19,3.4716558453107167
2011-10-17,32.28,32.68,31.49,31.81,3.4597807057610526
2011-10-18,31.84,32.35,30.37,32.04,3.4669851222001586
2011-10-19,32.04,32.14,30.91,31.26,3.4423393249933305
2011-10-20,31.24,31.37,29.95,30.58,3.420346200500916
2011-10-21,30.58,31.52,30.28,31.37,3.445852022202587
2011-10-24,31.41,32.05,31.22,31.74,3.457577715098263
2011-10-25,31.76,33.38,31.37,33.22,3.503152104185149
2011-10-26,33.2,33.94,32.92,33.39,3.508256453955563
2011-10-27,33.41,35.37,33.15,35.1,3.55820113047182
2011-10-28,35.11,35.67,34.72,35.3,3.563882963939251
2011-10-31,35.31,35.45,34.1,34.14,3.5304697173662944
2011-11-01,34.08,34.7,32.13,33.4,3.5085558999826545
2011-11-02,33.15,34.43,33.1,34.25,3.5336865647082343
2011-11-03,34.29,34.9,33.29,34.43,3.5389282773504322
2011-11-04,34.31,34.71,33.83,34.12,3.5298837226234783
2011-11-07,34.08,35.01,33.86,34.96,3.5542045507873348
2011-11-08,34.98,35.33,34.5,34.92,3.5530597309714014
2011-11-09,34.94,35.24,33.81,34.07,3.5284172316728752
2011-11-10,34.07,34.33,33.14,34.05,3.527830032595521
2011-11-11,34.04,34.85,33.7,34.68,3.546163151912341
2011-11-14,34.65,34.92,33.96,34.22,3.5328102684640474
2011-11-15,34.23,34.82,33.76,34.58,3.5432754802551445
2011-11-16,34.57,34.62,33.63,33.71,3.5177945292459696
2011-11-17,33.69,33.98,31.07,31.67,3.4553698605505483
2011-11-18,31.68,32.61,30.92,32.37,3.4772320679381528
2011-11-21,32.35,32.35,30.68,31.62,3.453789831781326
2011-11-22,31.56,33.03,31.18,32.78,3.4898185733156835
2011-11-23,32.79,32.89,31.25,31.75,3.457892725338701
2011-11-24,31.76,32.23,31.51,31.84,3.460723360976182
2011-11-25,31.77,31.86,30.97,31.0,3.4339872044851463
2011-11-28,31.3,32.32,31.25,32.07,3.4679210137050633
2011-11-29,32.04,32.2,31.51,31.92,3.463232772581608
2011-11-30,31.965,32.955,31.14,32.825,3.49119042018886
2011-12-01,32.86,33.43,32.49,32.74,3.488597571942989
2011-12-02,32.8,33.69,32.35,32.59,3.4840054928494704
2011-12-05,32.63,33.04,31.88,32.06,3.467609147181407
2011-12-06,32.08,32.9,31.62,32.75,3.488902962081261
2011-12-07,32.7,32.81,32.22,32.53,3.48216274048526
2011-12-08,32.55,33.23,31.42,31.68,3.455685566946225
2011-12-09,31.57,32.34,31.48,32.19,3.4716558453107167
2011-12-12,32.2,32.26,30.88,31.31,3.443937535338314
2011-12-13,31.3,31.99,30.42,30.81,3.4278393126085764
2011-12-14,30.79,31.02,28.52,28.94,3.365224721203338
2011-12-15,28.98,29.32,28.11,29.28,3.3769046890931107
2011-12-16,29.26,29.93,29.11,29.75,3.392829131991639
2011-12-19,29.78,29.78,28.68,28.8,3.3603753871419
2011-12-20,28.78,29.61,28.69,29.53,3.3854066957558313
2011-12-21,29.56,30.2,29.15,29.37,3.379973745210529
2011-12-22,29.3,29.7,29.02,29.11,3.371081757757532
2011-12-23,29.12,29.45,29.03,29.12,3.3714252233284854
2011-12-27,29.12,29.17,28.64,28.73,3.3579418729911983
2011-12-28,28.69,28.8,26.86,27.08,3.298795448044074
2011-12-29,27.07,27.87,26.17,27.77,3.323956301318708
2011-12-30,27.65,28.48,27.3,27.835,3.326294221635471
2012-01-03,28.01,29.74,27.93,29.71,3.391483689474516
2012-01-04,29.74,29.75,28.94,29.16,3.3727979071404572
2012-01-05,29.14,29.65,28.7,29.34,3.3789517727148355
2012-01-06,29.32,29.49,28.59,28.75,3.3586377672433594
2012-01-09,28.83,29.24,28.58,29.02,3.367985247456042
2012-01-10,29.02,30.34,28.95,29.92,3.3985271531062766
2012-01-11,29.93,30.26,29.57,29.99,3.4008639927609177
2012-01-12,29.94,30.68,29.9,30.24,3.4091655513113324
2012-01-13,30.2,30.27,29.45,29.75,3.392829131991639
2012-01-16,29.7,30.06,29.49,29.97,3.4001968813285717
2012-01-17,29.89,30.6,29.82,30.06,3.4031953843248286
2012-01-18,30.08,30.61,29.77,30.53,3.4187098067467865
2012-01-19,30.49,30.88,30.36,30.63,3.421979920844684
2012-01-20,30.63,32.19,30.32,32.16,3.4707234443107655
2012-01-23,32.13,32.78,31.8,32.34,3.4763048541489607
2012-01-24,32.35,32.48,31.88,32.01,3.4660483539817717
2012-01-25,32.04,33.41,31.55,33.26,3.5043554737647815
2012-01-26,33.23,33.81,33.01,33.46,3.510350695558678
2012-01-27,33.44,33.94,33.28,33.91,3.523709956137547
2012-01-30,33.86,34.02,33.06,33.5,3.5115454388310208
2012-01-31,33.545,34.12,32.95,33.145,3.500891875693355
2012-02-01,33.12,34.01,33.09,33.7,3.517497837358316
2012-02-02,33.78,34.4,33.47,34.33,3.5360196074696004
2012-02-03,34.35,34.42,33.35,33.65,3.5160130560907366
2012-02-06,33.66,33.86,33.01,33.68,3.516904189374126
2012-02-07,33.65,34.35,33.17,34.15,3.530762586016799
2012-02-08,34.15,34.51,33.67,33.96,3.5251833614431467
2012-02-09,33.94,34.42,33.69,33.91,3.523709956137547
2012-02-10,33.91,34.05,33.19,33.57,3.5136328109919437
2012-02-13,33.66,34.03,33.46,33.69,3.5172010574184616
2012-02-14,33.68,33.83,33.27,33.57,3.5136328109919437
2012-02-15,33.6,33.97,33.09,33.45,3.5100517865742376
2012-02-16,33.46,33.56,32.65,33.5,3.5115454388310208
2012-02-17,33.47,33.69,33.09,33.28,3.5049566159530077
2012-02-20,33.33,33.68,33.33,33.59,3.5142284036242013
2012-02-21,33.57,34.46,33.45,34.32,3.5357282746197614
2012-02-22,34.31,34.5,33.91,34.31,3.5354368568703585
2012-02-23,34.25,35.61,34.23,35.38,3.566146688731639
2012-02-24,35.44,35.73,35.2,35.39,3.566429294357372
2012-02-27,35.42,35.62,35.07,35.44,3.56784112573688
2012-02-28,35.45,37.22,35.32,36.9,3.6082115510464816
2012-02-29,36.895,37.495,34.04,34.63,3.5447203584143305
2012-03-01,34.6,35.66,34.43,35.47,3.5686872687855304
2012-03-02,35.48,35.5,34.39,34.78,3.549042508926137
2012-03-05,34.67,34.9,33.54,33.97,3.5254777821724925
2012-03-06,34.01,34.17,32.47,32.94,3.494687724749494
2012-03-07,32.93,33.57,32.73,33.46,3.510350695558678
2012-03-08,33.43,34.16,33.32,33.87,3.5225296668296804
2012-03-09,33.88,34.42,33.12,34.29,3.534853766474829
2012-03-12,34.28,34.3,33.37,33.7,3.517497837358316
2012-03-13,33.65,33.82,33.02,33.35,3.507057772361633
2012-03-14,33.44,33.46,31.65,32.21,3.4722769633431074
2012-03-15,32.22,32.86,31.97,32.53,3.48216274048526
2012-03-16,32.43,32.75,32.14,32.54,3.482470101790892
2012-03-19,32.53,33.09,32.34,32.95,3.4949912609485163
2012-03-20,32.87,32.97,31.78,32.13,3.4697901731277674
2012-03-21,32.05,32.39,31.88,32.17,3.471034341250935
2012-03-22,32.17,32.35,31.11,31.57,3.4522073025699003
2012-03-23,31.59,32.3,31.45,32.22,3.472587377748828
2012-03-26,32.22,32.93,32.03,32.84,3.4916472845842277
2012-03-27,32.84,33.19,32.49,32.59,3.4840054928494704
2012-03-28,32.57,32.69,31.8,32.06,3.467609147181407
2012-03-29,32.06,32.32,31.66,32.25,3.4735180432417816
2012-03-30,32.265,32.63,32.165,32.255,3.473673069984205
2012-04-02,32.43,33.23,32.36,33.0,3.4965075614664802
2012-04-03,33.0,33.29,32.49,32.66,3.4861510875423187
2012-04-04,32.64,32.69,31.01,31.37,3.445852022202587
2012-04-05,31.33,31.83,31.22,31.73,3.4572626055951043
2012-04-09,32.03,32.11,31.34,31.58,3.452524008827496
2012-04-10,31.55,31.94,31.19,31.78,3.45883716110857
2012-04-11,31.81,31.83,31.39,31.6,3.4531571205928664
2012-04-12,31.59,32.58,31.44,32.36,3.4769230921902907
2012-04-13,32.37,32.44,31.33,31.52,3.4506222649896783
2012-04-16,31.48,31.7,31.21,31.5,3.449987545831587
2012-04-17,31.49,31.915,31.34,31.705,3.456474397151995
2012-04-18,31.7,31.9,31.35,31.63,3.4541060373175574
2012-04-19,31.63,32.02,31.33,31.79,3.459151774922711
2012-04-20,31.78,31.92,31.57,31.69,3.4560011737028296
2012-04-23,31.66,31.71,30.48,30.83,3.428488241898059
2012-04-24,30.84,31.14,30.7,30.89,3.43043250693049
2012-04-25,30.82,30.99,29.99,30.69,3.4239368686316447
2012-04-26,30.75,31.3,30.64,30.99,3.433664571799657
2012-04-27,31.04,31.4,30.9,31.23,3.441379171294987
2012-04-30,31.27,31.38,30.59,30.95,3.432372999130605
2012-05-01,31.0,31.3,30.76,30.89,3.43043250693049
2012-05-02,30.98,31.01,30.41,30.58,3.420346200500916
2012-05-03,30.57,30.64,29.88,30.05,3.4028626609812167
2012-05-04,30.11,30.44,29.78,30.34,3.4124669739203863
2012-05-07,30.06,30.36,29.68,30.02,3.401863826205316
2012-05-08,30.07,30.12,29.12,29.45,3.3826939100975957
2012-05-09,29.4,29.41,28.615,29.235,3.375366621627634
2012-05-10,29.194,29.44,28.938,29.029,3.3682953303195577
2012-05-11,29.026,29.09,28.435,28.879,3.363114687386349
2012-05-14,28.85,28.99,28.09,28.13,3.3368366225017656
2012-05-15,28.22,28.44,27.57,27.7,3.3214324131932926
2012-05-16,27.73,27.96,26.74,27.18,3.3024814087229974
2012-05-17,27.23,28.3,27.23,28.01,3.332561589272017
2012-05-18,28.055,28.9,27.795,28.696,3.3567577402299813
2012-05-21,28.71,28.84,28.05,28.47,3.3488509012899463
2012-05-22,28.52,28.78,27.94,28.16,3.3379025312898416
2012-05-23,28.144,28.15,27.105,27.743,3.3229835561192402
2012-05-24,27.761,28.535,27.622,28.3,3.342861804649192
2012-05-25,28.134,28.58,27.905,28.493,3.34965844307145
2012-05-28,28.605,28.765,28.295,28.368,3.345261749331852
2012-05-29,28.472,28.67,27.741,27.82,3.325755186495297
2012-05-30,27.815,28.16,27.381,27.903,3.3287342099284394
2012-05-31,27.866,28.19,27.54,27.65,3.3196257279683437
2012-06-01,27.68,28.69,27.205,28.49,3.3495531485098167
2012-06-04,28.455,28.615,27.973,28.21,3.339676525013905
2012-06-05,28.277,28.56,28.095,28.47,3.3488509012899463
2012-06-06,28.468,29.88,28.435,29.396,3.3808586106666247
2012-06-07,29.475,29.68,28.385,28.585,3.3528821047159347
2012-06-08,28.615,28.67,27.935,28.485,3.349377632932359
2012-06-11,28.825,28.97,28.285,28.58,3.3527071725017215
2012-06-12,28.414,29.026,28.36,28.94,3.365224721203338
2012-06-13,28.92,29.105,28.72,28.87,3.3628029936748436
2012-06-14,28.835,29.095,28.176,28.631,3.354490046896828
2012-06-15,28.586,28.823,28.535,28.649,3.355118538537628
2012-06-18,28.54,28.861,28.27,28.763,3.359089838956586
2012-06-19,28.771,28.935,28.315,28.405,3.3465651860090904
2012-06-20,28.45,28.6,27.705,28.06,3.3343450746743146
2012-06-21,27.942,28.015,26.84,26.877,3.291270902283551
2012-06-22,26.983,27.035,26.579,26.89,3.2917544702807735
2012-06-25,26.678,27.645,26.633,27.505,3.3143678063274216
2012-06-26,27.462,27.545,26.79,27.065,3.298241380248941
2012-06-27,27.018,27.32,26.66,26.91,3.2924979647388146
2012-06-28,26.876,27.12,26.125,26.305,3.2697590351827706
2012-06-29,26.311,27.9,26.262,27.47,3.3130945001071823
2012-07-02,27.483,27.607,27.185,27.48,3.3134584673541485
2012-07-03,27.46,28.425,27.4,28.225,3.340208110035726
2012-07-04,28.191,28.33,28.029,28.131,3.3368721711055978
2012-07-05,28.123,28.37,27.505,27.663,3.320095780225114
2012-07-06,27.733,27.797,26.92,27.081,3.2988323749841277
2012-07-09,26.959,27.485,26.915,27.353,3.3088262120664624
2012-07-10,27.315,27.565,26.73,26.75,3.2865344733420154
2012-07-11,26.875,27.24,26.83,27.115,3.3000870802930238
2012-07-12,27.116,27.37,26.459,27.178,3.3024078224983056
2012-07-13,27.115,27.56,27.075,27.3,3.3068867021909143
2012-07-16,27.398,27.41,26.88,27.248,3.3049801239203327
2012-07-17,27.277,27.605,26.792,27.285,3.306337100638195
2012-07-18,27.297,27.363,26.89,27.195,3.303033132874924
2012-07-19,27.15,27.583,27.115,27.25,3.305053521109253
2012-07-20,27.26,27.425,26.805,27.28,3.3061538329752613
2012-07-23,27.23,27.255,26.663,27.02,3.2965773325320527
2012-07-24,27.018,27.16,26.616,26.945,3.29379775138546
2012-07-25,26.928,27.55,26.815,27.325,3.307802034062602
2012-07-26,27.305,27.81,27.24,27.52,3.314913013065143
2012-07-27,27.47,27.85,27.365,27.72,3.3221541743217022
2012-07-30,27.725,28.225,27.535,28.183,3.3387189592854245
2012-07-31,28.112,28.355,27.9,27.97,3.3311325072138684
2012-08-01,27.958,28.055,27.107,27.378,3.3097397711733203
2012-08-02,27.443,27.77,26.985,27.11,3.299902663510574
2012-08-03,27.13,27.88,27.045,27.76,3.3235961356386037
2012-08-06,27.735,27.98,27.6,27.853,3.326940680500105
2012-08-07,27.849,28.205,27.759,28.075,3.3348795006245067
2012-08-08,28.06,28.24,27.694,28.018,3.3328471607739223
2012-08-09,28.025,28.22,27.87,28.149,3.3375118299760222
2012-08-10,28.098,28.31,27.599,28.082,3.3351288016924507
2012-08-13,28.165,28.185,27.725,27.791,3.3247122272739644
2012-08-14,27.8,28.005,27.624,27.786,3.32453229672667
2012-08-15,27.809,27.99,27.5,27.81,3.3253956682458736
2012-08-16,27.794,28.28,27.73,28.181,3.3386479920013126
2012-08-17,28.16,28.325,27.999,28.06,3.3343450746743146
2012-08-20,28.119,28.83,27.925,28.778,3.3596112063412256
2012-08-21,28.665,29.488,28.653,29.29,3.377246160839642
2012-08-22,29.23,29.905,29.195,29.83,3.395514598526657
2012-08-23,29.808,30.795,29.79,30.49,3.4173987610001633
2012-08-24,30.482,30.774,30.21,30.773,3.426637682143933
2012-08-27,30.885,31.235,30.615,30.725,3.4250766554520986
2012-08-28,30.795,30.98,30.51,30.845,3.428974662661602
2012-08-29,30.837,30.955,30.535,30.668,3.423219765696648
2012-08-30,30.75,30.89,30.205,30.42,3.4151002868311466
2012-08-31,30.415,31.74,30.24,31.71,3.456632088550256
2012-09-03,31.565,32.28,31.505,32.075,3.4680769105017
2012-09-04,32.095,32.395,31.905,32.32,3.4756862336528944
2012-09-05,32.275,32.345,31.935,32.225,3.4727425488252512
2012-09-06,32.208,32.975,32.185,32.66,3.4861510875423187
2012-09-07,32.615,33.7,31.945,33.63,3.515418525752178
2012-09-10,33.604,33.945,33.235,33.338,3.5066978875208963
2012-09-11,33.4,33.805,33.335,33.443,3.509842497111198
2012-09-12,33.519,34.07,32.455,33.255,3.5042051317363847
2012-09-13,33.227,34.785,32.665,34.65,3.5452977256359124
2012-09-14,34.545,34.92,34.27,34.62,3.544431549748063
2012-09-17,34.7,34.73,33.795,34.2,3.5322256440685598
2012-09-18,34.24,35.015,33.96,34.773,3.5488412235747178
2012-09-19,34.725,34.94,34.26,34.555,3.5425522575433575
2012-09-20,34.601,34.725,34.07,34.631,3.5447492346939127
2012-09-21,34.57,35.155,34.325,34.5,3.5409593240373143
2012-09-24,34.43,34.45,33.56,33.945,3.5247415677536105
2012-09-25,33.999,34.46,33.65,33.735,3.518535874079389
2012-09-26,33.75,34.02,33.32,33.943,3.5246826471785284
2012-09-27,33.9,34.72,33.875,34.61,3.544142657647253
2012-09-28,34.615,34.85,34.26,34.46,3.5397992310997837
2012-10-01,34.27,35.36,34.15,34.63,3.5447203584143305
2012-10-02,34.69,35.03,34.37,34.595,3.5437091629507744
2012-10-03,34.55,34.85,34.445,34.595,3.5437091629507744
2012-10-04,34.658,35.08,34.617,34.966,3.5543761607754574
2012-10-05,34.95,35.09,34.29,34.47,3.540089380528774
2012-10-08,34.42,34.51,33.695,33.965,3.5253305826432655
2012-10-09,34.011,34.2,33.53,33.87,3.5225296668296804
2012-10-10,33.83,34.12,33.7,33.955,3.5250361185657546
2012-10-11,33.905,34.31,33.765,33.975,3.5256249600372076
2012-10-12,34.03,34.105,33.385,33.42,3.509154523167248
2012-10-15,33.12,33.335,32.53,32.665,3.4863041682927136
2012-10-16,32.628,33.015,32.623,32.935,3.4945359220926564
2012-10-17,33.08,33.235,32.84,33.2,3.502549875922443
2012-10-18,33.116,33.27,32.675,32.775,3.4896660296497637
2012-10-19,32.83,32.87,31.91,32.03,3.466672963621067
2012-10-22,31.78,32.42,31.765,32.405,3.4783127318796794
2012-10-23,32.42,32.42,31.55,31.658,3.4549908812635466
2012-10-24,31.735,32.015,31.51,31.725,3.4571050136004513
2012-10-25,31.845,32.22,31.79,32.088,3.468482128467752
2012-10-26,32.13,32.32,31.58,32.06,3.467609147181407
2012-10-29,32.08,32.18,31.65,31.775,3.4586798170755175
2012-10-30,31.816,32.11,31.73,31.785,3.458994480388372
2012-10-31,31.87,32.395,31.8,32.227,3.47280461051459
2012-11-01,32.24,32.645,32.16,32.275,3.4742929367327062
2012-11-02,32.3,32.325,30.79,30.902,3.4308209067282265
2012-11-05,31.07,31.22,30.64,31.16,3.4391352210025476
2012-11-06,31.168,32.24,31.05,31.97,3.4647979630717503
2012-11-07,31.831,32.38,31.205,31.79,3.459151774922711
2012-11-08,31.725,32.41,31.62,32.31,3.475376779836407
2012-11-09,32.355,32.76,32.05,32.58,3.4836986031738992
2012-11-12,32.64,32.72,32.195,32.37,3.4772320679381528
2012-11-13,32.3,32.8,32.11,32.45,3.479700443150099
2012-11-14,32.565,32.915,32.36,32.67,3.4864572256129787
2012-11-15,32.56,32.76,32.15,32.57,3.4833916192881422
2012-11-16,32.6,32.63,32.03,32.3,3.475067230228611
2012-11-19,32.37,33.2,32.3,33.063,3.498414832377515
2012-11-20,33.1,33.23,32.855,33.13,3.5004392163118045
2012-11-21,33.095,33.375,32.84,33.34,3.506757877322648
2012-11-22,33.375,33.425,33.255,33.33,3.506457892319648
2012-11-23,33.33,34.135,33.225,34.04,3.5275363037051735
2012-11-26,33.975,34.205,33.87,34.15,3.530762586016799
2012-11-27,34.21,34.255,33.9,34.025,3.5270955485375297
2012-11-28,34.01,34.03,32.9,33.706,3.5176758630538285
2012-11-29,33.7,34.38,33.52,34.19,3.5319332036512097
2012-11-30,34.16,34.32,33.125,33.39,3.508256453955563
2012-12-03,33.54,33.81,33.39,33.607,3.5147343786041167
2012-12-04,33.58,33.58,32.66,32.898,3.4934118656499664
2012-12-05,32.885,33.21,32.51,32.853,3.492043064961732
2012-12-06,32.86,33.237,32.52,32.996,3.4963863419984853
2012-12-07,32.992,33.24,32.61,33.04,3.497718948652777
2012-12-10,33.09,33.4,33.06,33.225,3.503302604599309
2012-12-11,33.185,33.19,32.75,32.96,3.495294705041271
2012-12-12,32.929,33.77,32.9,33.43,3.509453700432007
2012-12-13,33.29,33.31,32.2,32.51,3.481547734315814
2012-12-14,32.47,32.7,32.165,32.25,3.4735180432417816
2012-12-17,32.3,32.385,32.0,32.258,3.473766074494991
2012-12-18,32.22,32.51,31.33,31.603,3.453252052795523
2012-12-19,31.74,31.775,30.95,30.955,3.4325345369711955
2012-12-20,31.09,31.202,29.58,29.913,3.3982931685147655
2012-12-21,29.955,30.255,29.61,29.96,3.3998631586490187
2012-12-24,30.031,30.33,29.808,29.88,3.3971893602646164
2012-12-26,29.87,30.185,29.81,30.005,3.401364034441476
2012-12-27,29.95,30.46,29.67,30.137,3.405753652743367
2012-12-28,30.155,30.31,29.85,29.995,3.4010307011050562
2012-12-31,30.075,30.41,29.87,30.27,3.410157123033627
2013-01-02,30.24,31.465,30.24,31.07,3.436242723404956
2013-01-03,31.16,31.17,29.975,30.143,3.4059527237460157
2013-01-04,29.98,30.32,29.2,30.32,3.411807560774171
2013-01-07,30.18,30.441,29.835,30.11,3.4048573424936426
2013-01-08,30.2,30.525,30.055,30.383,3.413883241469338
2013-01-09,30.354,30.545,30.035,30.323,3.411906500470507
2013-01-10,30.28,30.915,30.225,30.826,3.4283584897245283
2013-01-11,30.79,30.84,30.165,30.44,3.415757532993485
2013-01-14,30.402,31.135,30.36,31.025,3.434793331090671
2013-01-15,31.032,31.53,30.936,31.34,3.444895236927875
2013-01-16,31.42,31.535,31.095,31.468,3.448971156466996
2013-01-17,31.42,31.89,31.03,31.715,3.4567897550858606
2013-01-18,31.69,32.1,31.64,31.825,3.46025214444347
2013-01-21,31.97,32.08,31.84,31.983,3.465204511636448
2013-01-22,31.99,32.33,31.795,32.206,3.4721527705958044
2013-01-23,32.22,32.445,32.075,32.203,3.4720596159123853
2013-01-24,32.11,32.15,31.575,31.625,3.453947947047684
2013-01-25,31.54,31.755,31.095,31.17,3.4394560937792455
2013-01-28,31.2,31.29,30.715,30.825,3.428326049050408
2013-01-29,30.9,31.44,30.9,31.368,3.4457882649900307
2013-01-30,31.35,32.24,31.225,31.985,3.465267042902101
2013-01-31,32.015,32.095,31.085,31.43,3.447762850809476
2013-02-01,31.42,32.125,31.275,31.8,3.459466289786131
2013-02-04,31.765,31.89,31.365,31.71,3.456632088550256
2013-02-05,31.69,32.08,31.59,31.795,3.459309044719371
2013-02-06,31.84,31.875,31.58,31.825,3.46025214444347
2013-02-07,31.84,31.895,31.265,31.42,3.4474446328274753
2013-02-08,31.405,31.665,31.305,31.39,3.4464893708538624
2013-02-11,31.425,31.515,30.8,30.92,3.4314032237192214
2013-02-12,30.84,31.115,30.56,31.09,3.4368862240706624
2013-02-13,31.135,31.21,30.72,30.755,3.4260525826603314
2013-02-14,30.785,31.044,30.215,30.373,3.413554055871527
2013-02-15,30.435,30.45,29.67,29.77,3.393501175027685
2013-02-18,29.975,30.145,29.851,29.95,3.3995293245614584
2013-02-19,30.015,30.125,29.215,29.447,3.382592037336586
2013-02-20,29.445,29.625,28.265,28.536,3.3511664480565906
2013-02-21,28.675,28.875,28.3,28.655,3.355327948003701
2013-02-22,28.713,28.905,28.355,28.71,3.3572454941329726
2013-02-25,28.65,29.23,28.55,28.978,3.366536921398531
2013-02-26,29.065,29.44,28.575,29.385,3.380484340064614
2013-02-27,29.33,29.34,28.83,28.955,3.3657429006777533
2013-02-28,28.98,29.155,28.385,28.505,3.3500795104835452
2013-03-01,28.515,28.76,27.93,28.57,3.3523572162426816
2013-03-04,28.653,28.795,28.42,28.555,3.3518320521168263
2013-03-05,28.605,29.065,28.51,28.673,3.3559559134164663
2013-03-06,28.74,29.055,28.535,29.043,3.3687774904060444
2013-03-07,28.935,29.055,28.735,28.875,3.3629761688419575
2013-03-08,28.885,29.24,28.33,28.951,3.3656047457367673
2013-03-11,28.895,29.075,28.7,28.956,3.365777436430895
2013-03-12,28.965,29.335,28.865,29.125,3.371596911885865
2013-03-13,29.16,29.265,28.84,28.895,3.3636685697697413
2013-03-14,28.915,28.95,28.54,28.785,3.3598544181277727
2013-03-15,28.785,28.995,28.705,28.753,3.3587421096255907
2013-03-18,28.925,29.035,28.595,28.86,3.3624565533457247
2013-03-19,28.93,29.075,28.64,28.879,3.363114687386349
2013-03-20,28.902,28.99,28.675,28.795,3.3602017609586357
2013-03-21,28.745,29.315,28.72,29.14,3.3721118007670587
2013-03-22,29.135,29.19,28.52,28.708,3.3571758295678253
2013-03-25,28.635,28.89,28.48,28.82,3.361069590571376
2013-03-26,28.802,28.845,28.62,28.735,3.358115891959705
2013-03-27,28.76,28.795,28.11,28.652,3.3552232487522047
2013-03-28,28.665,28.82,28.195,28.314,3.3433563819723053
2013-04-01,28.225,28.34,27.85,28.01,3.332561589272017
2013-04-02,28.04,28.16,27.185,27.245,3.3048700180350616
2013-04-03,27.244,27.335,26.725,26.94,3.293612170982218
2013-04-04,27.04,27.045,26.62,26.885,3.2915685102616417
2013-04-05,26.888,27.325,26.775,27.3,3.3068867021909143
2013-04-08,27.334,27.35,27.125,27.275,3.3059705317191344
2013-04-09,27.25,28.055,27.18,27.935,3.329880382911112
2013-04-10,27.92,28.001,27.495,27.61,3.3181780259420632
2013-04-11,27.6,27.825,27.39,27.61,3.3181780259420632
2013-04-12,27.665,27.685,25.92,25.98,3.2573270112424533
2013-04-15,25.9,26.08,22.53,22.645,3.119939077008177
2013-04-16,22.735,23.95,22.03,23.325,3.1495257467334077
2013-04-17,23.505,23.71,22.85,23.285,3.1478093764343407
2013-04-18,23.35,23.655,22.47,23.255,3.1465201626760604
2013-04-19,23.3,23.83,22.905,23.21,3.1445832202863455
2013-04-22,23.261,23.672,23.113,23.395,3.1525223243181797
2013-04-23,23.35,23.43,22.595,22.915,3.1317917179610872
2013-04-24,22.9,23.345,22.845,23.135,3.141346622358963
2013-04-25,23.105,24.385,23.06,24.375,3.193558016883911
2013-04-26,24.36,24.81,23.635,23.96,3.1763857732472487
2013-04-29,23.94,24.633,23.94,24.633,3.204087007394761
2013-04-30,24.39,24.515,24.035,24.325,3.1915046280720687
2013-05-01,24.315,24.34,23.235,23.625,3.1623054733798064
2013-05-02,23.63,24.19,23.38,23.803,3.1698116231539104
2013-05-03,23.77,24.375,23.46,24.08,3.1813816204406202
2013-05-06,24.065,24.42,23.825,24.0,3.1780538303479458
2013-05-07,24.03,24.03,23.448,23.95,3.175968323856924
2013-05-08,23.82,24.108,23.677,23.96,3.1763857732472487
2013-05-09,23.922,24.18,23.555,23.725,3.1665293444959914
2013-05-10,23.665,23.906,23.189,23.797,3.1695595223122393
2013-05-13,23.75,23.824,23.498,23.656,3.163616782550176
2013-05-14,23.666,23.79,23.133,23.41,3.1531632815028194
2013-05-15,23.454,23.491,22.51,22.595,3.117728642863243
2013-05-16,22.544,22.814,22.115,22.675,3.1212629960012004
2013-05-17,22.665,22.792,22.162,22.185,3.0994163848308727
2013-05-20,21.5,23.102,21.181,22.9,3.131136910560194
2013-05-21,22.741,22.919,22.075,22.43,3.110399348532117
2013-05-22,22.43,23.286,22.195,22.28,3.1036894150590832
2013-05-23,22.256,22.678,21.98,22.595,3.117728642863243
2013-05-24,22.53,22.647,22.323,22.363,3.10740780744458
2013-05-27,22.409,22.75,22.325,22.66,3.12060125559986
2013-05-28,22.612,22.642,22.168,22.345,3.1066025823854146
2013-05-29,22.308,22.521,22.194,22.48,3.1126260250254902
2013-05-30,22.5,23.1,22.366,22.77,3.125443880075648
2013-05-31,22.831,22.906,22.175,22.193,3.099776923840592
2013-06-03,22.33,22.959,22.325,22.725,3.1234656400635425
2013-06-04,22.73,22.783,22.298,22.535,3.1150696561426114
2013-06-05,22.546,22.758,22.35,22.545,3.1155133118730474
2013-06-06,22.52,22.899,22.324,22.645,3.119939077008177
2013-06-07,22.595,22.811,21.58,21.63,3.0740812399649675
2013-06-10,21.72,22.085,21.401,21.908,3.086851866921475
2013-06-11,21.92,21.938,21.492,21.663,3.0756057361371543
2013-06-12,21.7,22.014,21.645,21.78,3.0809921175048145
2013-06-13,21.755,21.975,21.583,21.833,3.0834225866809795
2013-06-14,21.826,22.539,21.693,22.063,3.0939019973262343
2013-06-17,22.033,22.058,21.681,21.865,3.084887184864884
2013-06-18,21.888,21.944,21.526,21.67,3.075928815548268
2013-06-19,21.691,21.817,21.27,21.385,3.062689741678872
2013-06-20,21.235,21.308,19.605,19.675,2.979348794303467
2013-06-21,19.767,20.135,19.389,20.065,2.9989770037188803
2013-06-24,20.202,20.21,19.459,19.673,2.9792471372941285
2013-06-25,19.679,19.848,19.465,19.635,2.977313688029973
2013-06-26,19.589,19.641,18.436,18.515,2.918581214365576
2013-06-27,18.59,18.976,18.388,18.449,2.915010168475628
2013-06-28,18.526,19.66,18.18,19.628,2.976957118227657
2013-07-01,20.053,20.065,19.385,19.62,2.976549454137217
2013-07-02,19.623,19.819,19.24,19.39,2.9647574692545606
2013-07-03,19.415,19.915,19.343,19.783,2.984822983045955
2013-07-04,19.796,19.845,19.418,19.575,2.9742532418768666
2013-07-05,19.565,19.619,18.706,18.89,2.9386326815134183
2013-07-08,18.919,19.3,18.714,19.09,2.949164637737656
2013-07-09,19.064,19.51,18.995,19.295,2.9598459949895823
2013-07-10,19.215,19.433,19.023,19.37,2.9637254774189046
2013-07-11,19.805,20.269,19.65,20.15,3.0032042883926917
2013-07-12,20.107,20.215,19.638,19.905,2.9909709564522804
2013-07-15,20.074,20.138,19.58,19.97,2.994231147427724
2013-07-16,19.955,20.057,19.712,20.0,2.995732273553991
2013-07-17,19.949,20.183,19.279,19.335,2.9619169250592603
2013-07-18,19.37,19.578,19.246,19.385,2.9644995711228925
2013-07-19,19.404,19.623,19.321,19.528,2.971849333090659
2013-07-22,19.795,20.599,19.679,20.535,3.022130747408522
2013-07-23,20.532,20.56,20.109,20.48,3.019448800171307
2013-07-24,20.399,20.496,20.004,20.165,3.0039484283253315
2013-07-25,20.12,20.318,19.797,20.23,3.007166651179654
2013-07-26,20.255,20.344,19.664,20.035,2.997480744088108
2013-07-29,19.998,20.224,19.701,19.865,2.988959389266562
2013-07-30,19.826,19.906,19.54,19.73,2.982140320034524
2013-07-31,19.765,20.117,19.399,19.835,2.9874480539662933
2013-08-01,19.851,19.977,19.559,19.615,2.976294579661516
2013-08-02,19.586,20.284,19.211,19.811,2.9862373389921895
2013-08-05,19.868,20.017,19.563,19.7,2.9806186357439426
2013-08-06,19.705,19.81,19.488,19.515,2.971183400632578
2013-08-07,19.534,19.627,19.152,19.58,2.9745086371023644
2013-08-08,19.558,20.33,19.534,20.25,3.0081547935525483
2013-08-09,20.247,20.558,20.088,20.46,3.0184717605234805
2013-08-12,20.866,21.449,20.655,21.385,3.062689741678872
2013-08-13,21.322,21.765,21.14,21.45,3.065724645374026
2013-08-14,21.443,21.866,21.28,21.865,3.084887184864884
2013-08-15,21.914,23.181,21.728,22.978,3.134537236431173
2013-08-16,22.904,23.404,22.771,23.167,3.1427288522883323
2013-08-19,23.266,23.609,22.997,23.16,3.1424266527047946
2013-08-20,23.125,23.306,22.293,23.0,3.1354942159291497
2013-08-21,22.967,23.353,22.769,22.87,3.12982600803469
2013-08-22,22.606,23.322,22.461,23.105,3.1400490443222298
2013-08-23,23.13,24.099,22.891,23.95,3.175968323856924
2013-08-26,24.147,24.402,23.786,24.305,3.1906820904974187
2013-08-27,24.226,24.691,23.977,24.455,3.1968346939913204
2013-08-28,24.522,25.106,24.251,24.335,3.1919156432854177
2013-08-29,24.363,24.408,23.661,23.865,3.17241295045786
2013-08-30,23.795,24.002,23.385,23.442,3.1545292853009888
2013-09-02,23.257,24.365,23.244,24.18,3.1855258451866466
2013-09-03,24.154,24.475,23.984,24.265,3.1890349828571796
2013-09-04,24.305,24.383,23.346,23.475,3.1559360250943267
2013-09-05,23.485,23.638,23.014,23.17,3.142858338444285
2013-09-06,23.184,23.917,23.045,23.821,3.170567544574082
2013-09-09,23.895,23.933,23.41,23.695,3.1652640554195517
2013-09-10,23.687,23.723,22.811,22.975,3.1344066682417506
2013-09-11,23.029,23.205,22.76,23.175,3.1430741114519187
2013-09-12,23.133,23.158,21.765,21.775,3.080762522738566
2013-09-13,21.92,22.222,21.389,22.205,3.1003174887440657
2013-09-16,22.199,22.269,21.663,21.805,3.08213930129473
2013-09-17,21.789,22.092,21.625,21.745,3.079383846049602
2013-09-18,21.7,23.205,21.208,22.94,3.1328821117012247
2013-09-19,22.866,23.395,22.816,23.045,3.137448826172472
2013-09-20,23.087,23.097,21.726,21.77,3.080532875246456
2013-09-23,21.889,21.931,21.275,21.65,3.075005454448499
2013-09-24,21.672,21.998,21.313,21.7,3.077312260546414
2013-09-25,21.751,21.926,21.474,21.757,3.0799355448360655
2013-09-26,21.782,22.077,21.638,21.725,3.078463671151456
2013-09-27,21.707,22.101,21.358,21.73,3.078693794268338
2013-09-30,21.867,22.037,21.417,21.69,3.076851324838783
2013-10-01,21.695,21.939,20.619,21.17,3.0525850851467737
2013-10-02,21.138,22.0,20.957,21.7,3.077312260546414
2013-10-03,21.723,21.819,21.433,21.65,3.075005454448499
2013-10-04,21.676,21.891,21.479,21.708,3.0776808562011584
2013-10-07,21.8,22.442,21.623,22.36,3.1072736482868986
2013-10-08,22.279,22.476,22.125,22.295,3.10436243807944
2013-10-09,22.36,22.383,21.761,21.845,3.083972062403399
2013-10-10,21.881,22.197,21.522,21.68,3.0763901765714454
2013-10-11,21.67,21.837,20.965,21.299,3.0586601232564634
2013-10-14,21.319,21.658,21.08,21.239,3.0558391142861097
2013-10-15,21.243,21.508,20.505,21.35,3.0610517396746335
2013-10-16,21.205,21.416,21.12,21.39,3.062923523094314
2013-10-17,21.349,22.168,21.09,21.86,3.0846584827483925
2013-10-18,21.836,22.014,21.727,21.895,3.0862583002533617
2013-10-21,21.973,22.307,21.863,22.217,3.1008577615949906
2013-10-22,22.18,22.804,21.974,22.68,3.121483478859551
2013-10-23,22.715,22.799,22.491,22.53,3.114847754444153
2013-10-24,22.552,22.864,22.547,22.685,3.121703913115927
2013-10-25,22.714,22.732,22.241,22.533,3.1149809013719847
2013-10-28,22.551,22.691,22.35,22.49,3.1130707659712242
2013-10-29,22.477,22.607,22.29,22.473,3.1123145886338555
2013-10-30,22.471,23.07,22.373,22.646,3.119983235891848
2013-10-31,22.545,22.562,21.775,21.909,3.0868975113060824
2013-11-01,21.934,21.987,21.701,21.87,3.0851158346886765
2013-11-04,21.845,21.923,21.591,21.645,3.074774480893944
2013-11-05,21.671,21.781,21.556,21.695,3.077081819250314
2013-11-06,21.669,22.057,21.611,21.8,3.0819099697950434
2013-11-07,21.818,22.002,21.392,21.65,3.075005454448499
2013-11-08,21.696,21.891,21.264,21.475,3.066889467870319
2013-11-11,21.386,21.455,21.24,21.355,3.0612859042934297
2013-11-12,21.325,21.338,20.577,20.725,3.031340701021359
2013-11-13,20.701,20.865,20.435,20.609,3.0257278735893713
2013-11-14,20.709,20.897,20.637,20.774,3.03370220480562
2013-11-15,20.737,20.835,20.566,20.76,3.033028058297688
2013-11-18,20.767,20.78,20.308,20.405,3.015779968857769
2013-11-19,20.387,20.488,20.21,20.365,3.0138177411003757
2013-11-20,20.369,20.496,19.787,19.857,2.9885565898048956
2013-11-21,19.913,20.054,19.72,19.956,2.993529849998791
2013-11-22,19.979,20.053,19.827,19.862,2.9888083584811667
2013-11-25,19.71,20.308,19.582,20.231,3.007216081495277
2013-11-26,20.213,20.254,19.797,19.845,2.987952086235029
2013-11-27,19.888,20.11,19.63,19.643,2.9777210407521393
2013-11-28,19.677,19.787,19.631,19.707,2.9809739025784454
2013-11-29,19.732,20.081,19.678,19.97,2.994231147427724
2013-12-02,19.878,19.889,19.107,19.147,2.952146045391068
2013-12-03,19.236,19.33,18.979,19.112,2.9503164100235084
2013-12-04,19.126,19.881,18.887,19.676,2.979399618933093
2013-12-05,19.617,19.722,19.236,19.386,2.9645511560704163
2013-12-06,19.391,19.773,19.189,19.483,2.96954229046375
2013-12-09,19.5,19.99,19.442,19.851,2.988254383698032
2013-12-10,19.778,20.43,19.748,20.39,3.015044584586364
2013-12-11,20.361,20.475,20.22,20.282,3.0097337931898047
2013-12-12,20.319,20.346,19.422,19.495,2.9701580224345605
2013-12-13,19.491,19.746,19.293,19.68,2.9796028916241073
2013-12-16,19.621,20.292,19.455,19.98,2.9947317732204075
2013-12-17,20.012,20.234,19.685,19.892,2.990317640852492
2013-12-18,19.95,20.263,19.611,19.721,2.9816840578279318
2013-12-19,19.85,19.908,19.119,19.205,2.955170661797868
2013-12-20,19.265,19.528,19.143,19.355,2.9629507840296117
2013-12-23,19.436,19.529,19.279,19.419,2.9662519682314827
2013-12-24,19.435,19.58,19.322,19.495,2.9701580224345605
2013-12-26,19.46,20.041,19.42,19.75,2.9831534913471307
2013-12-27,19.795,20.109,19.762,20.026,2.997031429285611
2013-12-30,20.102,20.132,19.47,19.54,2.972463646614637
2013-12-31,19.621,19.823,18.641,19.437,2.96717846613593
2014-01-02,19.487,20.432,19.44,19.95,2.9932291433358724
2014-01-03,20.02,20.31,19.989,20.176,3.0044937792225634
2014-01-06,20.1,20.345,19.947,20.13,3.0022112396517002
2014-01-07,20.187,20.271,19.63,19.825,2.986943767520912
2014-01-08,19.809,19.825,19.313,19.525,2.9716956957257494
2014-01-09,19.497,19.713,19.403,19.57,2.9739977814079848
2014-01-10,19.555,20.246,19.555,20.135,3.0024595943034176
2014-01-13,20.192,20.456,19.957,20.385,3.0147993362712167
2014-01-14,20.382,20.571,20.141,20.24,3.0076608444192647
2014-01-15,20.22,20.241,19.931,20.175,3.0044442141560124
2014-01-16,20.159,20.225,19.967,20.1,3.0007198150650303
2014-01-17,20.105,20.417,19.962,20.282,3.0097337931898047
2014-01-20,20.348,20.393,20.272,20.301,3.010670145918198
2014-01-21,20.262,20.292,19.674,19.885,2.989965678659654
2014-01-22,19.909,19.939,19.747,19.78,2.984671326194566
2014-01-23,19.708,20.305,19.644,20.02,2.9967317738870745
2014-01-24,20.025,20.28,19.719,19.903,2.9908704741370835
2014-01-27,20.001,20.006,19.561,19.687,2.9799585194379503
2014-01-28,19.7,19.838,19.463,19.575,2.9742532418768666
2014-01-29,19.553,19.967,19.446,19.745,2.982900294738613
2014-01-30,19.707,19.711,18.998,19.155,2.952563778152612
2014-01-31,19.193,19.47,19.077,19.167,2.953190050288316
2014-02-03,19.08,19.635,19.076,19.325,2.9613995944734857
2014-02-04,19.35,19.52,19.275,19.48,2.969388298214389
2014-02-05,19.47,20.231,19.466,19.875,2.9894626605403958
2014-02-06,19.916,20.176,19.84,19.955,2.9934797385006973
2014-02-07,19.925,20.092,19.764,20.023,2.9968816128105122
2014-02-10,20.027,20.286,19.97,20.065,2.9989770037188803
2014-02-11,20.08,20.272,19.923,20.22,3.006672213592325
2014-02-12,20.142,20.397,20.09,20.23,3.007166651179654
2014-02-13,20.252,20.522,20.13,20.48,3.019448800171307
2014-02-14,20.481,21.444,20.447,21.44,3.0652583362026014
2014-02-17,21.666,21.971,21.536,21.795,3.081680585690356
2014-02-18,21.795,21.965,21.309,21.92,3.087399462079815
2014-02-19,21.843,21.911,21.368,21.515,3.068750366290563
2014-02-20,21.586,21.888,21.393,21.813,3.0825061223360293
2014-02-21,21.725,21.96,21.57,21.795,3.081680585690356
2014-02-24,21.83,22.169,21.506,21.966,3.0894958033661544
2014-02-25,21.953,22.013,21.67,21.848,3.084109384171404
2014-02-26,21.851,22.028,21.088,21.231,3.0554623777617573
2014-02-27,21.29,21.479,20.99,21.256,3.0566392084575122
2014-02-28,21.282,21.401,21.076,21.137,3.0510250593026997
2014-03-03,21.471,21.713,21.316,21.414,3.0640449137360783
2014-03-04,21.398,21.509,21.022,21.165,3.052348873972887
2014-03-05,21.21,21.312,21.136,21.157,3.0519708200011806
2014-03-06,21.186,21.622,21.076,21.459,3.0661441377943564
2014-03-07,21.454,21.579,20.757,20.873,3.038456457763769
2014-03-10,20.831,21.031,20.597,20.827,3.0362502218568794
2014-03-11,20.8,21.299,20.657,20.852,3.0374498669058596
2014-03-12,20.868,21.409,20.802,21.3,3.0587070727153796
2014-03-13,21.268,21.455,21.09,21.2,3.054001181677967
2014-03-14,21.255,21.768,21.118,21.415,3.0640916110673344
2014-03-17,21.535,21.545,21.115,21.18,3.0530573401732606
2014-03-18,21.209,21.232,20.616,20.85,3.0373539482448106
2014-03-19,20.857,20.952,20.492,20.603,3.0254366962603223
2014-03-20,20.612,20.71,20.134,20.31,3.011113375592293
2014-03-21,20.336,20.572,20.255,20.292,3.0102267197044434
2014-03-24,20.226,20.283,19.894,19.913,2.991372784776538
2014-03-25,19.946,20.204,19.904,19.973,2.994381361483035
2014-03-26,19.965,20.127,19.677,19.77,2.9841656371825254
2014-03-27,19.825,19.842,19.568,19.713,2.9812783165838406
2014-03-28,19.758,19.918,19.622,19.8,2.9856819377004897
2014-03-31,19.816,19.999,19.725,19.761,2.9837102983266655
2014-04-01,19.777,19.903,19.633,19.75,2.9831534913471307
2014-04-02,19.766,20.137,19.743,19.97,2.994231147427724
2014-04-03,19.997,20.073,19.66,19.84,2.987700101856727
2014-04-04,19.838,20.223,19.785,19.915,2.9914732166336075
2014-04-07,19.875,20.007,19.777,19.864,2.9889090482058656
2014-04-08,19.911,20.171,19.884,20.027,2.9970813631232867
2014-04-09,20.03,20.093,19.607,19.874,2.9894123448091716
2014-04-10,19.87,20.382,19.87,20.035,2.997480744088108
2014-04-11,20.015,20.123,19.905,19.949,2.9931790167662737
2014-04-14,20.112,20.116,19.723,19.979,2.9946817219178117
2014-04-15,19.98,19.981,19.228,19.605,2.975784635744295
2014-04-16,19.538,19.813,19.341,19.654,2.978280879940235
2014-04-17,19.64,19.72,19.499,19.631,2.977109949425896
2014-04-21,19.569,19.71,19.237,19.436,2.9671270165436567
2014-04-22,19.424,19.534,19.297,19.41,2.9657883971809187
2014-04-23,19.416,19.545,19.405,19.439,2.9672813573799757
2014-04-24,19.435,19.907,18.94,19.652,2.978179114306402
2014-04-25,19.682,19.801,19.511,19.709,2.9810753842103574
2014-04-28,19.705,19.748,19.484,19.585,2.9747639671177946
2014-04-29,19.577,19.598,19.313,19.45,2.9678470700644555
2014-04-30,19.472,19.48,19.046,19.188,2.9542850836398173
2014-05-01,19.218,19.218,18.775,19.025,2.9457539037477494
2014-05-02,19.05,19.679,18.931,19.448,2.967744237013822
2014-05-05,19.505,19.719,19.463,19.596,2.9753254637763282
2014-05-06,19.571,19.696,19.486,19.575,2.9742532418768666
2014-05-07,19.59,19.749,19.279,19.307,2.9604677244536797
2014-05-08,19.305,19.373,19.111,19.174,2.953555194654805
2014-05-09,19.185,19.303,19.042,19.149,2.95225049494203
2014-05-12,19.084,19.651,19.06,19.526,2.9717469108034797
2014-05-13,19.517,19.6,19.354,19.526,2.9717469108034797
2014-05-14,19.553,19.987,19.497,19.775,2.9844185136537176
2014-05-15,19.769,19.82,19.42,19.488,2.9697988915274864
2014-05-16,19.495,19.519,19.253,19.36,2.963209081848431
2014-05-19,19.317,19.676,19.305,19.346,2.962485679760355
2014-05-20,19.358,19.447,19.236,19.4,2.9652730660692823
2014-05-21,19.4,19.49,19.27,19.391,2.964809040900481
2014-05-22,19.402,19.807,19.353,19.492,2.97000412498126
2014-05-23,19.492,19.515,19.289,19.429,2.966766795260976
2014-05-26,19.423,19.489,19.374,19.438,2.9672299130812787
2014-05-27,19.415,19.433,19.023,19.057,2.947434488146239
2014-05-28,19.082,19.155,18.975,19.014,2.9451755499368386
2014-05-29,19.025,19.095,18.79,19.023,2.9456487733860044
2014-05-30,19.04,19.092,18.63,18.801,2.933910059910648
2014-06-02,18.77,18.871,18.66,18.75,2.9311937524164198
2014-06-03,18.774,18.925,18.725,18.807,2.9342291409599413
2014-06-04,18.797,18.888,18.743,18.8,2.9338568698359038
2014-06-05,18.797,19.138,18.701,19.03,2.946016681308058
2014-06-06,19.046,19.193,18.888,19.019,2.945438479499524
2014-06-09,19.026,19.194,18.99,19.06,2.947591898226056
2014-06-10,19.046,19.241,18.979,19.187,2.954232966375962
2014-06-11,19.201,19.335,19.152,19.189,2.954337198187605
2014-06-12,19.198,19.565,19.16,19.525,2.9716956957257494
2014-06-13,19.518,19.724,19.482,19.695,2.9803647964228692
2014-06-16,19.753,19.878,19.577,19.65,2.9780773383152703
2014-06-17,19.673,19.738,19.458,19.73,2.982140320034524
2014-06-18,19.731,19.901,19.665,19.88,2.989714201228428
2014-06-19,19.92,20.917,19.83,20.792,3.0345682973391894
2014-06-20,20.805,20.973,20.573,20.844,3.0370661370469683
2014-06-23,20.798,20.931,20.729,20.866,3.0381210400457777
2014-06-24,20.855,21.153,20.798,20.914,3.040418791176397
2014-06-25,20.883,21.156,20.698,21.019,3.0454267905778427
2014-06-26,20.989,21.115,20.79,21.093,3.048941231885134
2014-06-27,21.089,21.196,20.96,20.993,3.044189048822185
2014-06-30,20.942,21.113,20.757,21.017,3.045331634045275
2014-07-01,21.013,21.217,21.002,21.02,3.045474365448805
2014-07-02,21.022,21.28,20.908,21.15,3.0516399054922867
2014-07-03,21.141,21.165,20.787,21.131,3.05074115658479
2014-07-04,21.136,21.228,21.073,21.141,3.051214283012995
2014-07-07,21.09,21.103,20.814,21.037,3.0462827921518922
2014-07-08,21.016,21.186,20.902,21.026,3.045759767153639
2014-07-09,21.017,21.22,20.987,21.113,3.049888964505946
2014-07-10,21.081,21.567,21.08,21.39,3.062923523094314
2014-07-11,21.407,21.492,21.351,21.419,3.0642783785890053
2014-07-14,21.435,21.443,20.842,20.905,3.0399883648085284
2014-07-15,20.907,21.063,20.657,20.675,3.028925240909755
2014-07-16,20.697,20.818,20.574,20.757,3.032883539184784
2014-07-17,20.735,21.232,20.709,21.139,3.051119675633549
2014-07-18,21.18,21.204,20.722,20.848,3.037258020382489
2014-07-21,20.883,21.102,20.798,20.913,3.0403709751723715
2014-07-22,20.894,21.062,20.732,20.934,3.041374631432692
2014-07-23,20.95,21.042,20.887,20.902,3.039844848172312
2014-07-24,20.895,20.912,20.3,20.369,3.0140141372320035
2014-07-25,20.308,20.724,20.303,20.707,3.0304718073578876
2014-07-28,20.711,20.722,20.502,20.572,3.02393092791267
2014-07-29,20.58,20.798,20.459,20.564,3.0235419741932583
2014-07-30,20.558,20.71,20.45,20.596,3.025096882183895
2014-07-31,20.591,20.73,20.33,20.381,3.0146030943042423
2014-08-01,20.357,20.534,20.25,20.325,3.0118516554338743
2014-08-04,20.316,20.448,20.142,20.153,3.003353160685352
2014-08-05,20.165,20.262,19.738,19.765,2.9839126967486487
2014-08-06,19.755,20.11,19.75,20.024,2.996931554129473
2014-08-07,20.034,20.103,19.877,19.95,2.9932291433358724
2014-08-08,19.944,20.165,19.824,19.97,2.994231147427724
2014-08-11,19.899,20.095,19.832,20.005,2.995982242309198
2014-08-12,20.009,20.133,19.857,19.91,2.991222118076105
2014-08-13,19.929,20.07,19.7,19.814,2.9863887585508384
2014-08-14,19.845,19.979,19.791,19.874,2.9894123448091716
2014-08-15,19.878,19.947,19.51,19.616,2.976345559753801
2014-08-18,19.547,19.693,19.47,19.62,2.976549454137217
2014-08-19,19.613,19.707,19.375,19.423,2.966457930849996
2014-08-20,19.447,19.594,19.41,19.465,2.968617981062419
2014-08-21,19.466,19.485,19.308,19.43,2.9668182633893485
2014-08-22,19.442,19.572,19.31,19.47,2.968874819384108
2014-08-25,19.405,19.497,19.325,19.349,2.962640738553792
2014-08-26,19.363,19.678,19.333,19.356,2.9630024489310722
2014-08-27,19.378,19.5,19.315,19.45,2.9678470700644555
2014-08-28,19.484,19.89,19.47,19.493,2.970055426764008
2014-08-29,19.499,19.627,19.438,19.47,2.968874819384108
2014-09-01,19.451,19.528,19.402,19.476,2.969182938320454
2014-09-02,19.445,19.489,19.084,19.159,2.9527725791138555
2014-09-03,19.193,19.248,19.107,19.17,2.9533465570575532
2014-09-04,19.183,19.356,19.019,19.039,2.9464895069755395
2014-09-05,19.031,19.231,19.019,19.191,2.9544414191361104
2014-09-08,19.184,19.316,18.907,19.017,2.945333315970139
2014-09-09,19.027,19.133,18.866,19.052,2.947172082938614
2014-09-10,19.029,19.103,18.884,18.959,2.9422787528199015
2014-09-11,18.95,18.958,18.574,18.694,2.928202616760392
2014-09-12,18.682,18.705,18.455,18.644,2.9255243785104943
2014-09-15,18.572,18.697,18.552,18.667,2.92675725905046
2014-09-16,18.644,18.876,18.603,18.702,2.928630470013255
2014-09-17,18.71,18.787,18.484,18.53,2.9193910402972683
2014-09-18,18.507,18.612,18.286,18.522,2.918959214748077
2014-09-19,18.525,18.585,17.789,17.895,2.884521344217989
2014-09-22,17.811,17.86,17.339,17.736,2.8755964723140104
2014-09-23,17.72,17.99,17.626,17.788,2.87852407264845
2014-09-24,17.763,17.874,17.526,17.687,2.872829906452657
2014-09-25,17.688,17.693,17.345,17.516,2.863114748939152
2014-09-26,17.524,17.726,17.45,17.624,2.869261609500042
2014-09-29,17.574,17.636,17.438,17.486,2.861400560758699
2014-09-30,17.464,17.58,16.861,16.962,2.8309755479395085
2014-10-01,16.934,17.435,16.873,17.165,2.8428724269096555
2014-10-02,17.175,17.342,16.935,17.099,2.839019982266456
2014-10-03,17.105,17.16,16.722,16.808,2.8218549635426995
2014-10-06,16.842,17.357,16.668,17.323,2.852035098296804
2014-10-07,17.31,17.62,17.097,17.175,2.8434548381084133
2014-10-08,17.24,17.466,17.055,17.365,2.854456686196037
2014-10-09,17.413,17.71,17.322,17.36,2.854168709232204
2014-10-10,17.35,17.393,17.205,17.347,2.853419580779272
2014-10-13,17.503,17.592,17.279,17.475,2.860771288119874
2014-10-14,17.486,17.562,17.322,17.375,2.8550323914508557
2014-10-15,17.343,17.805,17.022,17.455,2.8596261405569994
2014-10-16,17.45,17.54,17.202,17.38,2.8553201198372458
2014-10-17,17.383,17.434,17.219,17.275,2.8492603696537335
2014-10-20,17.272,17.517,17.257,17.427,2.8580207276785052
2014-10-21,17.398,17.653,17.355,17.5,2.8622008809294686
2014-10-22,17.509,17.523,17.118,17.15,2.8419981736119486
2014-10-23,17.187,17.246,17.036,17.18,2.8437459165561094
2014-10-24,17.191,17.35,17.132,17.188,2.8442114659127484
2014-10-27,17.147,17.226,17.087,17.118,2.840130541459418
2014-10-28,17.081,17.402,17.07,17.202,2.845025656129288
2014-10-29,17.24,17.324,17.026,17.105,2.839370818429568
2014-10-30,17.11,17.212,16.35,16.511,2.8040268254496956
2014-10-31,16.504,16.533,15.781,16.154,2.7821676970201046
2014-11-03,15.956,16.23,15.762,16.14,2.7813006628418027
2014-11-04,16.102,16.165,15.923,16.016,2.7735882225728647
2014-11-05,16.004,16.014,15.145,15.323,2.729354967596039
2014-11-06,15.37,15.461,15.224,15.405,2.734692132048631
2014-11-07,15.357,15.806,15.055,15.732,2.755696854569563
2014-11-10,15.67,15.877,15.493,15.6,2.747270914255491
2014-11-11,15.616,15.886,15.46,15.705,2.75397913299061
2014-11-12,15.737,15.775,15.564,15.678,2.7522584557665306
2014-11-13,15.653,15.776,15.557,15.645,2.7501513771208455
2014-11-14,15.549,16.39,15.269,16.296,2.7909196789245048
2014-11-17,16.259,16.47,16.031,16.138,2.7811767394263147
2014-11-18,16.098,16.415,15.99,16.185,2.784084887378208
2014-11-19,16.127,16.549,15.896,16.13,2.7806808921371173
2014-11-20,16.101,16.336,15.966,16.26,2.7887081041196646
2014-11-21,16.217,16.602,16.117,16.45,2.800325477211381
2014-11-24,16.42,16.475,16.245,16.46,2.800933195248924
2014-11-25,16.48,16.7,16.445,16.66,2.8130106367386967
2014-11-26,16.63,16.66,16.47,16.5,2.803360380906535
2014-11-27,16.5,16.545,16.14,16.215,2.7859367397592814
2014-11-28,16.18,16.19,15.42,15.53,2.7427736371605955
2014-12-01,14.69,16.76,14.68,16.42,2.7985001040242823
2014-12-02,16.26,16.5,16.05,16.428,2.7989871960943122
2014-12-03,16.41,16.55,16.2,16.395,2.7969764102966117
2014-12-04,16.37,16.63,16.335,16.435,2.799413207116183
2014-12-05,16.43,16.52,16.19,16.27,2.7893229212309465
2014-12-08,16.2,16.4,16.16,16.338,2.7934936829196775
2014-12-09,16.32,17.18,16.245,17.045,2.8358569055898664
2014-12-10,17.04,17.29,16.9,17.04,2.8355635214011694
2014-12-11,17.05,17.19,16.9,17.05,2.8361502037295256
2014-12-12,17.07,17.18,16.955,16.99,2.8326249356838407
2014-12-15,17.01,17.023,16.1,16.16,2.7825390530929495
2014-12-16,16.18,16.62,15.51,15.74,2.756205242989257
2014-12-17,15.74,16.02,15.59,15.733,2.755760417258286
2014-12-18,15.71,16.2,15.71,15.84,2.7625383863862796
2014-12-19,15.83,16.08,15.81,16.02,2.7738379416402132
2014-12-22,16.06,16.159,15.526,15.66,2.751109690562657
2014-12-23,15.618,15.862,15.555,15.747,2.7566498709382725
2014-12-24,15.759,15.859,15.684,15.75,2.7568403652716422
2014-12-26,15.811,16.301,15.785,16.026,2.774212403355879
2014-12-29,16.052,16.246,15.721,15.79,2.7593768282675506
2014-12-30,15.789,16.462,15.774,16.287,2.7903672435914237
2014-12-31,16.278,16.295,15.556,15.67,2.7517480563679295
2015-01-02,15.862,16.061,15.526,15.778,2.7586165646728977
2015-01-05,15.811,16.257,15.811,16.182,2.7838995133856477
2015-01-06,16.108,16.695,16.108,16.525,2.80487438573775
2015-01-07,16.453,16.639,16.287,16.52,2.804571768092832
2015-01-08,16.548,16.64,16.295,16.355,2.7945336609903473
2015-01-09,16.375,16.606,16.194,16.453,2.800507831404513
2015-01-12,16.555,16.638,16.425,16.565,2.807292035751859
2015-01-13,16.564,17.183,16.56,17.036,2.8353287520609673
2015-01-14,17.036,17.071,16.538,16.805,2.821676461177069
2015-01-15,16.84,17.2,16.67,16.925,2.8287918187983387
2015-01-16,16.95,17.81,16.845,17.68,2.8724340572094973
2015-01-19,17.76,17.78,17.565,17.66,2.8713021951758138
2015-01-20,17.66,18.0,17.59,17.965,2.8884254205654822
2015-01-21,17.88,18.45,17.877,18.095,2.895635657015706
2015-01-22,18.08,18.45,17.89,18.29,2.906354462402774
2015-01-23,18.29,18.375,18.08,18.29,2.906354462402774
2015-01-26,18.33,18.45,17.83,17.89,2.884241897520628
2015-01-27,17.77,18.18,17.66,18.03,2.8920370372152258
2015-01-28,18.025,18.12,17.885,17.955,2.887868627678046
2015-01-29,17.95,18.01,16.72,16.915,2.8282008022326717
2015-01-30,16.97,17.29,16.79,17.23,2.8466520505398383
2015-02-02,17.17,17.31,16.965,17.2,2.8449093838194073
2015-02-03,17.197,17.72,17.05,17.278,2.8494340159366924
2015-02-04,17.27,17.63,17.15,17.35,2.8535925063928684
2015-02-05,17.39,17.47,16.9,17.225,2.8463618168997225
2015-02-06,17.214,17.35,16.54,16.725,2.816904606014292
2015-02-09,16.71,17.14,16.68,16.977,2.8318594868284963
2015-02-10,17.0,17.08,16.71,16.89,2.826721730819709
2015-02-11,16.9,17.07,16.71,16.79,2.8207834710894493
2015-02-12,16.82,17.04,16.605,16.83,2.8231630082027146
2015-02-13,16.88,17.42,16.825,17.26,2.848391685655282
2015-02-16,17.335,17.39,17.225,17.275,2.8492603696537335
2015-02-17,17.29,17.32,16.27,16.49,2.8027541365715076
2015-02-18,16.48,16.57,16.26,16.475,2.801844080388571
2015-02-19,16.52,16.77,16.33,16.355,2.7945336609903473
2015-02-20,16.4,16.56,16.17,16.21,2.785628335747585
2015-02-23,16.213,16.59,16.08,16.295,2.790858312289525
2015-02-24,16.354,16.46,16.08,16.275,2.789630188094633
2015-02-25,16.47,16.71,16.425,16.53,2.805176911832933
2015-02-26,16.52,16.87,16.49,16.531,2.805237406070875
2015-02-27,16.63,16.67,16.385,16.55,2.806386101823072
2015-03-02,16.63,16.76,16.33,16.36,2.794839331174601
2015-03-03,16.41,16.56,16.16,16.26,2.7887081041196646
2015-03-04,16.28,16.35,16.06,16.217,2.7860600747372373
2015-03-05,16.2,16.35,16.125,16.18,2.7837759116303458
2015-03-06,16.2,16.231,15.75,15.85,2.7631695003232895
2015-03-09,15.87,15.96,15.71,15.73,2.7555697170701863
2015-03-10,15.73,15.82,15.59,15.62,2.7485521444115397
2015-03-11,15.66,15.753,15.27,15.495,2.7405173912397114
2015-03-12,15.48,15.709,15.39,15.57,2.745345985845907
2015-03-13,15.58,15.66,15.46,15.61,2.7479117345273405
2015-03-16,15.57,15.755,15.49,15.62,2.7485521444115397
2015-03-17,15.605,15.71,15.36,15.55,2.744060638625243
2015-03-18,15.55,16.085,15.425,15.9,2.766319109226186
2015-03-19,15.97,16.18,15.82,16.144,2.781548463611253
2015-03-20,16.13,16.906,16.095,16.74,2.817801065061329
2015-03-23,16.77,17.11,16.63,17.01,2.8338014064077703
2015-03-24,16.99,17.095,16.83,16.98,2.8320361808832013
2015-03-25,16.95,17.13,16.86,16.98,2.8320361808832013
2015-03-26,16.94,17.4,16.94,17.094,2.838727524743826
2015-03-27,17.08,17.21,16.87,16.95,2.830267833826459
2015-03-30,16.91,16.99,16.645,16.705,2.8157080758087196
2015-03-31,16.73,16.85,16.45,16.655,2.812710471645643
2015-04-01,16.651,17.09,16.53,16.96,2.830857630363757
2015-04-02,16.964,17.02,16.6,16.78,2.8201877010390604
2015-04-06,17.096,17.32,16.95,16.995,2.8329191831480793
2015-04-07,16.98,16.991,16.75,16.85,2.8243506567983707
2015-04-08,16.86,16.92,16.4,16.545,2.8060839413735756
2015-04-09,16.49,16.51,16.15,16.18,2.7837759116303458
2015-04-10,16.19,16.68,16.18,16.5,2.803360380906535
2015-04-13,16.465,16.54,16.27,16.277,2.7897530684093614
2015-04-14,16.28,16.38,16.01,16.145,2.7816104042102383
2015-04-15,16.188,16.41,16.085,16.34,2.7936160894318567
2015-04-16,16.358,16.52,16.15,16.306,2.791533138240719
2015-04-17,16.3,16.531,16.225,16.27,2.7893229212309465
2015-04-20,16.34,16.38,15.88,15.975,2.7710250002635983
2015-04-21,15.97,16.21,15.915,16.025,2.7741500028067336
2015-04-22,16.02,16.12,15.71,15.81,2.7606426512213806
2015-04-23,15.82,15.96,15.76,15.89,2.7656899805486246
2015-04-24,15.875,15.932,15.61,15.74,2.756205242989257
2015-04-27,15.77,16.49,15.74,16.41,2.7978909051019993
2015-04-28,16.4,16.7,16.315,16.64,2.8118094353930627
2015-04-29,16.61,16.725,16.43,16.57,2.8075938314384716
2015-04-30,16.54,16.74,15.83,16.15,2.7819200496686656
2015-05-01,16.13,16.28,15.91,16.16,2.7825390530929495
2015-05-04,16.19,16.76,16.15,16.42,2.7985001040242823
2015-05-05,16.46,16.72,16.36,16.57,2.8075938314384716
2015-05-06,16.59,16.66,16.4,16.54,2.805781689595545
2015-05-07,16.55,16.574,16.19,16.337,2.7934324740443714
2015-05-08,16.32,16.55,16.28,16.486,2.802511535891036
2015-05-11,16.48,16.57,16.22,16.34,2.7936160894318567
2015-05-12,16.28,16.6,16.15,16.546,2.806144380767991
2015-05-13,16.531,17.23,16.501,17.12,2.840247370713596
2015-05-14,17.16,17.58,17.075,17.47,2.8604851241459652
2015-05-15,17.5,17.58,17.21,17.54,2.864483986944037
2015-05-18,17.63,17.78,17.473,17.71,2.8741294517947424
2015-05-19,17.72,17.72,16.89,17.105,2.839370818429568
2015-05-20,17.13,17.29,16.95,17.13,2.8408313123360287
2015-05-21,17.12,17.26,17.02,17.158,2.8424645371507737
2015-05-22,17.17,17.34,16.95,17.09,2.8384934971274993
2015-05-25,17.07,17.19,17.01,17.15,2.8419981736119486
2015-05-26,17.14,17.14,16.66,16.765,2.819293379918192
2015-05-27,16.74,16.82,16.61,16.695,2.815109273395618
2015-05-28,16.69,16.79,16.56,16.7,2.8154087194227095
2015-05-29,16.73,16.82,16.67,16.73,2.8172035149987327
2015-06-01,16.74,17.18,16.61,16.763,2.819174076649141
2015-06-02,16.76,16.86,16.635,16.777,2.8200089007882636
2015-06-03,16.79,16.83,16.41,16.525,2.80487438573775
2015-06-04,16.49,16.55,16.12,16.13,2.7806808921371173
2015-06-05,16.18,16.215,15.99,16.1,2.7788192719904172
2015-06-08,16.06,16.16,15.95,15.98,2.7713379403381286
2015-06-09,15.972,16.19,15.96,15.97,2.770711962226921
2015-06-10,15.99,16.25,15.982,16.052,2.77583345240467
2015-06-11,16.04,16.08,15.83,16.064,2.7765807435093186
2015-06-12,16.04,16.077,15.85,15.97,2.770711962226921
2015-06-15,16.04,16.27,15.87,16.091,2.778260109477013
2015-06-16,16.09,16.16,15.91,16.03,2.7744619666214616
2015-06-17,16.018,16.28,15.938,16.14,2.7813006628418027
2015-06-18,16.1,16.47,16.08,16.17,2.783157673589016
2015-06-19,16.2,16.24,15.93,16.13,2.7806808921371173
2015-06-22,16.11,16.28,16.04,16.19,2.784393767689544
2015-06-23,16.16,16.22,15.768,15.86,2.7638002162067017
2015-06-24,15.85,15.94,15.775,15.9,2.766319109226186
2015-06-25,15.92,15.976,15.794,15.866,2.764178454879811
2015-06-26,15.89,15.925,15.57,15.81,2.7606426512213806
2015-06-29,15.96,15.997,15.693,15.768,2.757982569850419
2015-06-30,15.76,15.8935,15.4965,15.7295,2.7555379301695657
2015-07-01,15.752,15.752,15.56,15.585,2.7463089132193006
2015-07-02,15.58,15.81,15.51,15.7,2.7536607123542622
2015-07-03,15.69,15.74,15.618,15.706,2.754042804952683
2015-07-06,15.74,15.85,15.55,15.76,2.757475084429733
2015-07-07,15.73,15.74,14.71,15.08,2.71336936257981
2015-07-08,15.13,15.27,14.777,15.14,2.717340248009303
2015-07-09,15.13,15.58,15.04,15.42,2.7356653681351832
2015-07-10,15.44,15.67,15.4,15.58,2.7459880404426023
2015-07-13,15.65,15.68,15.34,15.52,2.7421295147550726
2015-07-14,15.48,15.5,15.28,15.382,2.733197994634862
2015-07-15,15.38,15.4,15.01,15.11,2.715356776284648
2015-07-16,15.105,15.19,14.9,15.017,2.7091828926981436
2015-07-17,15.03,15.06,14.86,14.9,2.7013612129514133
2015-07-20,14.88,15.02,14.56,14.69,2.6871669901857858
2015-07-21,14.67,14.98,14.665,14.848,2.697865176043845
2015-07-22,14.86,14.91,14.65,14.82,2.695977619867941
2015-07-23,14.8,14.99,14.595,14.68,2.6864860231863696
2015-07-24,14.65,14.74,14.39,14.68,2.6864860231863696
2015-07-27,14.68,14.78,14.55,14.56,2.67827804276854
2015-07-28,14.58,14.73,14.56,14.686,2.6868946590294187
2015-07-29,14.71,14.92,14.629,14.82,2.695977619867941
2015-07-30,14.84,14.87,14.63,14.758,2.6917853086361747
2015-07-31,14.751,15.01,14.56,14.74,2.6905648867611904
2015-08-03,14.778,14.787,14.439,14.526,2.6759401471839763
2015-08-04,14.498,14.67,14.4,14.6,2.681021528714291
2015-08-05,14.58,14.72,14.51,14.603,2.6812269870583343
2015-08-06,14.609,14.78,14.54,14.657,2.6849180370451635
2015-08-07,14.67,15.03,14.61,14.78,2.6932749155200555
2015-08-10,14.787,15.4,14.75,15.24,2.7239235502585
2015-08-11,15.28,15.41,15.12,15.365,2.732092195582448
2015-08-12,15.32,15.6,15.17,15.54,2.7434173449395014
2015-08-13,15.55,15.59,15.3,15.43,2.7363136663750693
2015-08-14,15.42,15.62,15.19,15.24,2.7239235502585
2015-08-17,15.27,15.42,15.22,15.33,2.7298116928837226
2015-08-18,15.32,15.37,14.74,14.89,2.7006898466959175
2015-08-19,14.88,15.36,14.845,15.32,2.729159164312445
2015-08-20,15.3,15.59,15.297,15.57,2.745345985845907
2015-08-21,15.55,15.665,15.14,15.29,2.727199019940971
2015-08-24,15.35,15.39,14.61,14.81,2.6953026282797072
2015-08-25,14.797,14.97,14.58,14.71,2.688527534613346
2015-08-26,14.72,14.76,13.99,14.135,2.6486539911455536
2015-08-27,14.15,14.62,14.13,14.51,2.6748380668960965
2015-08-28,14.55,14.69,14.39,14.591,2.6804049002818853
2015-08-31,14.555,14.7,14.42,14.63,2.683074215032033
2015-09-01,14.632,14.78,14.53,14.61,2.681706225762608
2015-09-02,14.605,14.837,14.451,14.678,2.686349774122871
2015-09-03,14.691,14.97,14.58,14.72,2.6892071133007303
2015-09-04,14.728,14.82,14.51,14.59,2.6803363625346943
2015-09-07,14.667,14.676,14.485,14.495,2.673803762373619
2015-09-08,14.54,14.91,14.47,14.795,2.694289285852173
2015-09-09,14.83,14.95,14.59,14.61,2.681706225762608
2015-09-10,14.62,14.88,14.57,14.71,2.688527534613346
2015-09-11,14.729,14.77,14.31,14.63,2.683074215032033
2015-09-14,14.581,14.62,14.355,14.43,2.6693093727857793
2015-09-15,14.44,14.46,14.295,14.42,2.668616131856803
2015-09-16,14.41,14.95,14.35,14.93,2.703372611551099
2015-09-17,14.92,15.28,14.8,15.14,2.717340248009303
2015-09-18,15.15,15.43,15.04,15.17,2.719319793360441
2015-09-21,15.17,15.265,15.1,15.2,2.7212954278522306
2015-09-22,15.204,15.25,14.72,14.77,2.6925980965432883
2015-09-23,14.78,14.941,14.715,14.79,2.6939512767227085
2015-09-24,14.81,15.21,14.77,15.15,2.7180005319553784
2015-09-25,15.09,15.21,14.969,15.09,2.7140322727797574
2015-09-28,15.13,15.135,14.51,14.6,2.681021528714291
2015-09-29,14.59,14.73,14.498,14.64,2.6837575085331657
2015-09-30,14.61,14.75,14.48,14.54,2.6769034721053733
2015-10-01,14.536,14.71,14.475,14.49,2.673458756332591
2015-10-02,14.54,15.32,14.4,15.25,2.7245795030534206
2015-10-05,15.278,15.73,15.12,15.66,2.751109690562657
2015-10-06,15.63,16.096,15.59,15.898,2.766193315150921
2015-10-07,15.92,16.12,15.84,16.06,2.7763317085186157
2015-10-08,16.059,16.06,15.4,15.7,2.7536607123542622
2015-10-09,15.71,16.02,15.62,15.83,2.761906873892921
2015-10-12,15.815,16.08,15.799,15.83,2.761906873892921
2015-10-13,15.85,16.0,15.64,15.92,2.767576180416237
2015-10-14,15.91,16.21,15.8,16.15,2.7819200496686656
2015-10-15,16.13,16.2,15.92,16.11,2.779440197188883
2015-10-16,16.1,16.16,15.95,16.03,2.7744619666214616
2015-10-19,16.01,16.045,15.76,15.85,2.7631695003232895
2015-10-20,15.81,15.985,15.75,15.913,2.767136385228047
2015-10-21,15.9,15.96,15.64,15.71,2.75429745226753
2015-10-22,15.701,15.92,15.66,15.85,2.7631695003232895
2015-10-23,15.84,16.09,15.72,15.86,2.7638002162067017
2015-10-26,15.832,15.99,15.78,15.86,2.7638002162067017
2015-10-27,15.87,15.965,15.79,15.87,2.7644305345383176
2015-10-28,15.89,16.36,15.73,15.97,2.770711962226921
2015-10-29,15.971,16.001,15.56,15.644,2.750087456893268
2015-10-30,15.6285,15.6745,15.5,15.56,2.7447035187502458
2015-11-02,15.57,15.57,15.27,15.42,2.7356653681351832
2015-11-03,15.43,15.48,15.23,15.28,2.7265447837383743
2015-11-04,15.3,15.35,15.06,15.11,2.715356776284648
2015-11-05,15.107,15.12,14.95,14.99,2.7073833121145063
2015-11-06,15.009,15.09,14.729,14.76,2.6919208191723265
2015-11-09,14.74,14.803,14.45,14.56,2.67827804276854
2015-11-10,14.579,14.59,14.32,14.43,2.6693093727857793
2015-11-11,14.44,14.54,14.27,14.325,2.662006262600803
2015-11-12,14.35,14.5,14.21,14.31,2.6609585935683597
2015-11-13,14.32,14.39,14.19,14.236,2.655773967647946
2015-11-16,14.4,14.46,14.22,14.25,2.6567569067146595
2015-11-17,14.26,14.3,14.123,14.22,2.6546494243750947
2015-11-18,14.13,14.26,14.04,14.188,2.6523965369113753
2015-11-19,14.2,14.42,14.13,14.28,2.658859956911438
2015-11-20,14.275,14.42,14.09,14.16,2.6504210882655737
2015-11-23,14.15,14.2,13.92,14.14,2.6490076604684267
2015-11-24,14.13,14.303,14.07,14.201,2.653312384662876
2015-11-25,14.249,14.284,14.05,14.2,2.653241964607215
2015-11-26,14.19,14.39,14.14,14.28,2.658859956911438
2015-11-27,14.31,14.31,13.96,14.1,2.6461747973841225
2015-11-30,14.06,14.2,14.01,14.0815,2.644861879146452
2015-12-01,14.0915,14.2575,14.0605,14.1975,2.6530658927694506
2015-12-02,14.2135,14.2345,13.93,14.02,2.640484881606444
2015-12-03,14.01,14.17,13.84,14.11,2.6468837658647226
2015-12-04,14.136,14.62,14.05,14.55,2.6775909936175015
2015-12-07,14.51,14.645,14.23,14.28,2.658859956911438
2015-12-08,14.26,14.33,14.09,14.18,2.6518325211039815
2015-12-09,14.21,14.36,14.13,14.17,2.6511270537025893
2015-12-10,14.18,14.25,14.11,14.13,2.6483001966964363
2015-12-11,14.11,14.16,13.79,13.9495,2.6354436653311173
2015-12-14,13.969,13.969,13.648,13.68,2.615934912194404
2015-12-15,13.71,13.83,13.68,13.77,2.6224923127405635
2015-12-16,13.8,14.32,13.79,14.17,2.6511270537025893
2015-12-17,14.13,14.152,13.69,13.73,2.6195832197798796
2015-12-18,13.765,14.22,13.72,14.1,2.6461747973841225
2015-12-21,14.061,14.33,14.06,14.25,2.6567569067146595
2015-12-22,14.251,14.4,14.227,14.2575,2.657283084048557
2015-12-23,14.28,14.35,14.2155,14.32,2.6616571615324998
2015-12-24,14.33,14.406,14.28,14.3805,2.665873122203024
2015-12-28,14.394,14.421,13.855,13.94,2.6347624053323777
2015-12-29,13.958,14.07,13.925,13.9625,2.6363751643953193
2015-12-30,13.9555,14.0015,13.79,13.89,2.6311691567662523
2015-12-31,13.8,13.98,13.8,13.8425,2.627743569714985
2016-01-04,13.93,14.2,13.845,13.87,2.6297282343267403
2016-01-05,13.903,14.08,13.9,13.99,2.63834278867739
2016-01-06,13.992,14.1505,13.8995,14.01,2.6397713603489157
2016-01-07,14.0,14.3835,13.9345,14.31,2.6609585935683597
2016-01-08,14.3,14.31,13.89,13.96,2.6361960973342264
2016-01-11,14.02,14.08,13.84,13.86,2.6290069937617573
2016-01-12,13.88,13.92,13.75,13.78,2.6232182655855123
2016-01-13,13.81,14.2,13.77,14.165,2.65077413328248
2016-01-14,14.15,14.18,13.76,13.84,2.6275629501895237
2016-01-15,13.867,14.13,13.775,13.89,2.6311691567662523
2016-01-18,13.88,14.0,13.85,13.945,2.6351210210794522
2016-01-19,13.92,14.19,13.89,14.03,2.6411978941143697
2016-01-20,14.04,14.2,14.0,14.14,2.6490076604684267
2016-01-21,14.12,14.19,13.89,14.1,2.6461747973841225
2016-01-22,14.07,14.3475,14.03,14.04,2.641910398597665
2016-01-25,14.05,14.31,14.05,14.23,2.655352412101761
2016-01-26,14.229,14.561,14.217,14.5,2.6741486494265287
2016-01-27,14.49,14.5725,14.3515,14.4805,2.6728029167481506
2016-01-28,14.5015,14.5035,14.1815,14.24,2.65605490598383
2016-01-29,14.25,14.315,14.17,14.27,2.658159431488745
2016-02-01,14.25,14.42,14.21,14.35,2.66374994220563
2016-02-02,14.36,14.3905,14.23,14.3075,2.6607838753011204
2016-02-03,14.3035,14.8,14.2735,14.68,2.6864860231863696
2016-02-04,14.675,14.91,14.63,14.86,2.698673039289613
2016-02-05,14.87,15.05,14.65,15.01,2.7087166456453704
2016-02-08,14.94,15.46,14.89,15.32,2.729159164312445
2016-02-09,15.35,15.45,15.19,15.2455,2.7242843775409575
2016-02-10,15.2445,15.303,15.09,15.27,2.725890119230541
2016-02-11,15.35,15.96,15.29,15.75,2.7568403652716422
2016-02-12,15.701,15.8,15.62,15.73,2.7555697170701863
2016-02-15,15.6975,15.6975,15.2075,15.3335,2.7300399773271296
2016-02-16,15.32,15.43,15.14,15.22,2.7226103524335397
2016-02-17,15.18,15.39,15.168,15.28,2.7265447837383743
2016-02-18,15.29,15.5505,15.21,15.4035,2.7345947563243223
2016-02-19,15.4345,15.48,15.2765,15.37,2.7324175575505043
2016-02-22,15.31,15.341,14.93,15.18,2.719978771967484
2016-02-23,15.19,15.311,15.172,15.29,2.727199019940971
2016-02-24,15.32,15.58,15.18,15.23,2.7232671669070703
2016-02-25,15.21,15.322,15.03,15.1575,2.7184954589637487
2016-02-26,15.1795,15.2265,14.6755,14.73,2.689886230474539
2016-02-29,14.72,14.922,14.62,14.9,2.7013612129514133
2016-03-01,14.91,15.07,14.73,14.82,2.695977619867941
2016-03-02,14.83,15.03,14.76,14.95,2.7047112998366956
2016-03-03,14.94,15.32,14.85,15.22,2.7226103524335397
2016-03-04,15.18,15.79,15.125,15.49,2.740194654428777
2016-03-07,15.63,15.8,15.46,15.645,2.7501513771208455
2016-03-08,15.67,15.74,15.33,15.35,2.731115474033206
2016-03-09,15.348,15.44,15.19,15.32,2.729159164312445
2016-03-10,15.29,15.6455,15.1555,15.6025,2.747431157826061
2016-03-11,15.587,15.73,15.46,15.48,2.739548868161581
2016-03-14,15.498,15.82,15.29,15.35,2.731115474033206
2016-03-15,15.36,15.4,15.2,15.281,2.7266102266231202
2016-03-16,15.28,15.65,15.2,15.6,2.747270914255491
2016-03-17,15.6,16.04,15.545,15.93,2.768204123921957
2016-03-18,15.94,16.141,15.73,15.81,2.7606426512213806
2016-03-21,15.85,15.905,15.705,15.84,2.7625383863862796
2016-03-22,15.83,16.01,15.77,15.885,2.7653752677214793
2016-03-23,15.85,15.91,15.23,15.28,2.7265447837383743
2016-03-24,15.29,15.33,15.16,15.21,2.7219531062712017
2016-03-28,15.19,15.36,15.145,15.25,2.7245795030534206
2016-03-29,15.23,15.37,15.06,15.34,2.73046379593911
2016-03-30,15.36,15.45,15.19,15.22,2.7226103524335397
2016-03-31,15.219,15.53,15.199,15.44,2.73696154459663
2016-04-01,15.43,15.47,14.8,15.07,2.712706012638404
2016-04-04,15.03,15.1035,14.8985,14.9255,2.703071159555046
2016-04-05,14.945,15.21,14.935,15.14,2.717340248009303
2016-04-06,15.141,15.2,14.93,15.07,2.712706012638404
2016-04-07,15.08,15.36,15.06,15.2275,2.7231030037285024
2016-04-08,15.2205,15.39,15.13,15.365,2.732092195582448
2016-04-11,15.38,15.97,15.37,15.92,2.767576180416237
2016-04-12,15.93,16.2105,15.79,16.1925,2.784548172074935
2016-04-13,16.1855,16.32,16.0,16.22,2.7862450486872667
2016-04-14,16.225,16.25,15.91,16.16,2.7825390530929495
2016-04-15,16.1705,16.37,16.09,16.24,2.787477334733532
2016-04-18,16.28,16.33,16.12,16.21,2.785628335747585
2016-04-19,16.23,17.08,16.163,16.94,2.8296776892239084
2016-04-20,16.942,17.24,16.84,16.96,2.830857630363757
2016-04-21,16.95,17.69,16.75,17.0,2.833213344056216
2016-04-22,17.01,17.3465,16.8435,16.96,2.830857630363757
2016-04-25,16.94,17.12,16.82,17.0,2.833213344056216
2016-04-26,16.99,17.174,16.84,17.16,2.8425810940598164
2016-04-27,17.15,17.41,17.07,17.24,2.847232265235547
2016-04-28,17.25,17.65,17.15,17.56,2.8656235882069705
2016-04-29,17.58,17.96,17.57,17.82,2.8803214220426634
2016-05-02,17.83,18.02,17.49,17.55,2.865053949911875
2016-05-03,17.54,17.73,17.34,17.42,2.857618971424357
2016-05-04,17.41,17.48,17.1815,17.3825,2.8554639529910357
2016-05-05,17.3825,17.64,17.25,17.35,2.8535925063928684
2016-05-06,17.34,17.6,17.23,17.47,2.8604851241459652
2016-05-09,17.46,17.47,16.93,17.03,2.834976494674597
2016-05-10,17.02,17.16,16.91,17.11,2.839663087904102
2016-05-11,17.13,17.58,17.09,17.42,2.857618971424357
2016-05-12,17.41,17.46,16.97,16.97,2.831447079246135
2016-05-13,16.99,17.17,16.86,17.1,2.8390784635086144
2016-05-16,17.07,17.39,17.068,17.14,2.8414149131696336
2016-05-17,17.15,17.34,17.06,17.25,2.847812143477369
2016-05-18,17.24,17.29,16.77,16.91,2.827905162910489
2016-05-19,16.85,16.93,16.34,16.5,2.803360380906535
2016-05-20,16.48,16.65,16.43,16.52,2.804571768092832
2016-05-23,16.49,16.57,16.31,16.39,2.7966713927557385
2016-05-24,16.4,16.4445,16.1965,16.23,2.7868613815264998
2016-05-25,16.22,16.36,16.17,16.295,2.790858312289525
2016-05-26,16.3,16.5645,16.235,16.33,2.7930039069823738
2016-05-27,16.32,16.37,16.13,16.19,2.784393767689544
2016-05-30,16.22,16.222,15.905,15.995,2.7722761734014814
2016-05-31,16.01,16.161,15.96,16.0,2.772588722239781
2016-06-01,16.01,16.09,15.83,15.96,2.7700855920216627
2016-06-02,15.97,16.05,15.92,16.02,2.7738379416402132
2016-06-03,16.0,16.45,15.958,16.41,2.7978909051019993
2016-06-06,16.39,16.53,16.35,16.47,2.8015405441895487
2016-06-07,16.48,16.485,16.2485,16.38,2.7960610784249234
2016-06-08,16.41,17.1,16.385,17.04,2.8355635214011694
2016-06-09,17.03,17.33,16.95,17.305,2.8509954770873076
2016-06-10,17.27,17.3755,17.1605,17.3325,2.8525833518345083
2016-06-13,17.33,17.46,17.11,17.45,2.859339648648436
2016-06-14,17.44,17.49,17.22,17.39,2.855895328366192
2016-06-15,17.4,17.61,17.35,17.52,2.8633430855082453
2016-06-16,17.54,17.8635,17.115,17.175,2.8434548381084133
2016-06-17,17.165,17.5,17.165,17.46,2.859912550411456
2016-06-20,17.39,17.64,17.29,17.5,2.8622008809294686
2016-06-21,17.49,17.58,17.19,17.29,2.850128299695199
2016-06-22,17.3,17.34,17.14,17.27,2.848970892158587
2016-06-23,17.22,17.48,17.21,17.29,2.850128299695199
2016-06-24,17.09,18.32,16.5,17.7575,2.876807961889828
2016-06-27,17.83,17.92,17.64,17.74,2.8758219768814333
2016-06-28,17.76,17.85,17.53,17.78,2.8780742300857587
2016-06-29,17.77,18.45,17.77,18.29,2.906354462402774
2016-06-30,18.28,18.82,18.198,18.71,2.9290581402859983
2016-07-01,18.75,19.89,18.715,19.72,2.9816333491744893
2016-07-04,19.75,21.12,19.68,20.34,3.012589390620414
2016-07-05,20.32,20.46,19.53,19.89,2.9902170928658807
2016-07-06,20.0,20.51,19.86,19.99,2.995232148512309
2016-07-07,20.09,20.27,19.47,19.68,2.9796028916241073
2016-07-08,19.69,20.2135,19.2255,20.2085,3.0061033079782082
2016-07-11,20.34,20.67,20.1185,20.29,3.0101281538377234
2016-07-12,20.3005,20.53,19.97,20.17,3.0041963519661206
2016-07-13,20.18,20.48,19.9,20.35,3.013080911888604
2016-07-14,20.39,20.55,20.0105,20.3,3.0106208860477417
2016-07-15,20.32,20.35,20.01,20.09,3.000222178826843
2016-07-18,20.16,20.23,19.72,20.06,2.9987277825337895
2016-07-19,20.059,20.071,19.81,19.9,2.990719731730447
2016-07-20,19.91,19.98,19.33,19.42,2.966303462863179
2016-07-21,19.4,19.88,19.22,19.755,2.983406623863354
2016-07-22,19.805,19.95,19.57,19.65,2.9780773383152703
2016-07-25,19.6325,19.7105,19.3105,19.5575,2.9733588445770986
2016-07-26,19.5795,19.75,19.4405,19.64,2.97756830292632
2016-07-27,19.65,20.41,19.52,20.37,3.0140632302387145
2016-07-28,20.36,20.52,20.11,20.1705,3.0042211409498973
2016-07-29,20.1785,20.41,19.97,20.37,3.0140632302387145
2016-08-01,20.36,20.6495,20.3,20.4495,3.017958432312157
2016-08-02,20.4745,20.79,20.34,20.6,3.0252910757955354
2016-08-03,20.63,20.725,20.37,20.395,3.015289772769522
2016-08-04,20.405,20.49,20.06,20.35,3.013080911888604
2016-08-05,20.33,20.44,19.7,19.71,2.9811261211646287
2016-08-08,19.51,19.87,19.51,19.74,2.9826470340053355
2016-08-09,19.73,19.8835,19.5955,19.8605,2.988732834533746
2016-08-10,19.8995,20.49,19.8875,20.15,3.0032042883926917
2016-08-11,20.095,20.32,19.9,19.97,2.994231147427724
2016-08-12,20.0,20.22,19.66,19.71,2.9811261211646287
2016-08-15,19.78,20.0485,19.71,19.8225,2.986817656164417
2016-08-16,19.8335,20.11,19.72,19.8,2.9856819377004897
2016-08-17,19.81,19.891,19.39,19.69,2.9801108926510342
2016-08-18,19.71,19.94,19.63,19.75,2.9831534913471307
2016-08-19,19.79,19.79,19.24,19.32,2.961140828784372
2016-08-22,19.26,19.26,18.74,18.913,2.9398495163063174
2016-08-23,18.89,19.12,18.82,18.82,2.9349201341572337
2016-08-24,18.84,19.0,18.5425,18.5515,2.9205506483179384
2016-08-25,18.5575,18.67,18.4855,18.55,2.920469789053444
2016-08-26,18.53,19.07,18.52,18.65,2.9258461460898246
2016-08-29,18.64,18.89,18.4,18.87,2.9375733593804587
2016-08-30,18.88,18.96,18.58,18.613,2.923860261316196
2016-08-31,18.61,18.87,18.55,18.65,2.9258461460898246
2016-09-01,18.66,18.94,18.59,18.89,2.9386326815134183
2016-09-02,18.9,19.41,18.76,19.4,2.9652730660692823
2016-09-05,19.41,19.56,19.3,19.51,2.97092715463502
2016-09-06,19.52,20.13,19.47,20.05,2.998229153752578
2016-09-07,20.02,20.13,19.68,19.84,2.987700101856727
2016-09-08,19.79,19.94,19.56,19.62,2.976549454137217
2016-09-09,19.61,19.665,19.07,19.09,2.949164637737656
2016-09-12,19.08,19.18,18.72,19.12,2.9507349076232554
2016-09-13,19.09,19.29,18.79,18.87,2.9375733593804587
2016-09-14,18.88,19.12,18.81,18.97,2.9428587839469227
2016-09-15,18.96,19.22,18.82,19.0,2.9444389791664403
2016-09-16,19.01,19.03,18.6685,18.8025,2.933989839718421
2016-09-19,18.8,19.31,18.78,19.15,2.952302715626655
2016-09-20,19.16,19.3,19.09,19.3,2.9601050959108397
2016-09-21,19.27,19.87,19.04,19.845,2.987952086235029
2016-09-22,19.83,20.07,19.71,19.88,2.989714201228428
2016-09-23,19.89,19.94,19.59,19.68,2.9796028916241073
2016-09-26,19.68,19.75,19.36,19.437,2.96717846613593
2016-09-27,19.43,19.542,18.99,19.15,2.952302715626655
2016-09-28,19.12,19.2095,18.92,19.1885,2.954311141253202
2016-09-29,19.2325,19.3935,18.9965,19.1025,2.9498192165395847
2016-09-30,19.1,19.7025,19.07,19.1805,2.9538941379371955
2016-10-03,19.2,19.32,18.71,18.825,2.9351857736859572
2016-10-04,18.83,18.9025,17.7255,17.8095,2.8797320227918197
2016-10-05,17.7895,18.01,17.56,17.74,2.8758219768814333
2016-10-06,17.75,17.84,17.12,17.33,2.8524391037275145
2016-10-07,17.32,17.65,17.1,17.49,2.8616292890305104
2016-10-10,17.56,17.81,17.56,17.64,2.8701690505786455
2016-10-11,17.63,17.83,17.45,17.455,2.8596261405569994
2016-10-12,17.4725,17.62,17.37,17.48,2.8610573702273894
2016-10-13,17.5,17.68,17.42,17.5,2.8622008809294686
2016-10-14,17.51,17.58,17.32,17.45,2.859339648648436
2016-10-17,17.44,17.5,17.35,17.47,2.8604851241459652
2016-10-18,17.46,17.72,17.45,17.625,2.8693183486983322
2016-10-19,17.63,17.78,17.57,17.68,2.8724340572094973
2016-10-20,17.69,17.742,17.16,17.55,2.865053949911875
2016-10-21,17.54,17.56,17.4,17.54,2.864483986944037
2016-10-24,17.53,17.88,17.47,17.59,2.8673305587494666
2016-10-25,17.61,17.82,17.52,17.82,2.8803214220426634
2016-10-26,17.77,17.87,17.575,17.63,2.869601996409779
2016-10-27,17.64,17.7295,17.55,17.629,2.8695452733036064
2016-10-28,17.6125,17.91,17.56,17.77,2.87751164216656
2016-10-31,17.812,17.92,17.76,17.89,2.884241897520628
2016-11-01,17.88,18.49,17.85,18.38,2.911263116927541
2016-11-02,18.378,18.74,18.36,18.52,2.918851229218033
2016-11-03,18.53,18.65,18.01,18.36,2.9101743851923443
2016-11-04,18.3925,18.48,18.19,18.41,2.9128939952449864
2016-11-07,18.19,18.29,18.018,18.18,2.900322088749333
2016-11-08,18.21,18.73,18.18,18.37,2.9107188992270343
2016-11-09,18.375,19.0,18.19,18.48,2.916689066213538
2016-11-10,18.485,18.99,18.4,18.6075,2.923564725251929
2016-11-11,18.6055,18.84,17.2,17.37,2.854744580253014
2016-11-14,17.41,17.51,16.65,16.93,2.829087196145044
2016-11-15,16.92,17.14,16.83,17.085,2.838200885567255
2016-11-16,17.07,17.24,16.87,16.98,2.8320361808832013
2016-11-17,16.985,17.09,16.59,16.67,2.813610696762703
2016-11-18,16.68,16.77,16.45,16.57,2.8075938314384716
2016-11-21,16.63,16.77,16.53,16.59,2.808800104202353
2016-11-22,16.6,16.89,16.55,16.64,2.8118094353930627
2016-11-23,16.635,16.81,16.18,16.37,2.7954503913830435
2016-11-24,16.39,16.41,16.23,16.33,2.7930039069823738
2016-11-25,16.35,16.59,16.17,16.52,2.804571768092832
2016-11-28,16.58,16.86,16.47,16.61,2.8100049236252036
2016-11-29,16.63,16.73,16.42,16.61,2.8100049236252036
2016-11-30,16.63,16.77,16.42,16.51,2.8039662579320366
2016-12-01,16.52,16.68,16.27,16.525,2.80487438573775
2016-12-02,16.54,16.81,16.33,16.69,2.8148097376737438
2016-12-05,16.88,16.99,16.51,16.755,2.8186967211892737
2016-12-06,16.74,16.893,16.69,16.74,2.817801065061329
2016-12-07,16.73,17.23,16.66,17.12,2.840247370713596
2016-12-08,17.14,17.22,16.97,17.03,2.834976494674597
2016-12-09,17.02,17.121,16.79,16.86,2.8249439525737094
2016-12-12,16.87,17.2,16.68,17.08,2.837908188360424
2016-12-13,17.079,17.16,16.78,16.92,2.8284963541780774
2016-12-14,16.91,17.22,16.75,16.84,2.8237570088141806
2016-12-15,16.8,16.95,15.89,15.97,2.770711962226921
2016-12-16,15.95,16.27,15.94,16.1,2.7788192719904172
2016-12-19,16.08,16.21,15.9125,15.9685,2.770618031704129
2016-12-20,15.9535,16.1,15.64,16.1,2.7788192719904172
2016-12-21,16.11,16.18,15.9,15.94,2.768831673362069
2016-12-22,15.95,16.04,15.77,15.795,2.7596934342540487
2016-12-23,15.79,15.863,15.69,15.73,2.7555697170701863
2016-12-27,15.78,16.06,15.72,15.97,2.770711962226921
2016-12-28,15.98,16.08,15.82,16.01,2.7732135270086236
2016-12-29,16.03,16.24,15.99,16.17,2.783157673589016
2016-12-30,16.18,16.27,15.85,15.95,2.7694588292308535
2017-01-03,15.94,16.4995,15.91,16.293,2.7907355677208177
2017-01-04,16.3095,16.53,16.2585,16.42,2.7985001040242823
2017-01-05,16.44,16.72,16.422,16.59,2.808800104202353
2017-01-06,16.6,16.67,16.3,16.48,2.8021475244813256
2017-01-09,16.48,16.7,16.42,16.56,2.8069901489571136
2017-01-10,16.585,16.91,16.54,16.79,2.8207834710894493
2017-01-11,16.81,16.87,16.54,16.73,2.8172035149987327
2017-01-12,16.74,16.99,16.73,16.78,2.8201877010390604
2017-01-13,16.7635,16.84,16.6,16.81,2.821973947420524
2017-01-16,16.83,16.93,16.79,16.81,2.821973947420524
2017-01-17,16.812,17.21,16.81,17.2,2.8449093838194073
2017-01-18,17.21,17.33,17.04,17.07,2.837322536806349
2017-01-19,17.05,17.11,16.74,17.02,2.834389123145228
2017-01-20,17.01,17.16,16.83,17.08,2.837908188360424
2017-01-23,17.11,17.26,17.06,17.25,2.847812143477369
2017-01-24,17.224,17.29,17.03,17.1,2.8390784635086144
2017-01-25,17.11,17.12,16.78,16.9985,2.833125104869136
2017-01-26,17.0025,17.0395,16.69,16.8,2.8213788864092133
2017-01-27,16.81,17.25,16.64,17.14,2.8414149131696336
2017-01-30,17.16,17.28,17.065,17.12,2.840247370713596
2017-01-31,17.13,17.62,17.1,17.56,2.8656235882069705
2017-02-01,17.55,17.64,17.37,17.54,2.864483986944037
2017-02-02,17.56,17.74,17.42,17.47,2.8604851241459652
2017-02-03,17.49,17.54,17.28,17.48,2.8610573702273894
2017-02-06,17.53,17.752,17.468,17.73,2.8752581200861167
2017-02-07,17.74,17.8,17.555,17.71,2.8741294517947424
2017-02-08,17.71,17.87,17.635,17.78,2.8780742300857587
2017-02-09,17.777,17.85,17.62,17.6525,2.870877416408365
2017-02-10,17.6455,18.01,17.545,17.94,2.88703285663065
2017-02-13,17.94,18.01,17.7625,17.8255,2.8806300163978356
2017-02-14,17.8225,18.08,17.75,17.96,2.8881470628740535
2017-02-15,17.97,17.99,17.77,17.98,2.8892600290434745
2017-02-16,17.99,18.14,17.94,18.11,2.896464271895322
2017-02-17,18.1,18.1,17.98,18.01,2.8909271591878647
2017-02-20,18.01,18.08,17.92,18.07,2.8942531046041373
2017-02-21,18.06,18.09,17.84,17.9725,2.8888428118758895
2017-02-22,17.9845,18.0605,17.9295,18.0265,2.891842897461728
2017-02-23,18.0275,18.22,17.95,18.19,2.900871992530031
2017-02-24,18.18,18.41,18.165,18.35,2.9096295745005794
2017-02-27,18.39,18.49,18.23,18.269,2.9052056343544326
2017-02-28,18.27,18.46,18.25,18.31,2.907447358686419
2017-03-01,18.33,18.46,18.24,18.42,2.913437030827161
2017-03-02,18.43,18.44,17.69,17.79,2.8786365016777435
2017-03-03,17.78,17.99,17.64,17.9365,2.8868377428368794
2017-03-06,17.965,17.965,17.7105,17.7835,2.878271061106963
2017-03-07,17.7915,17.7925,17.475,17.51,2.8627721462977607
2017-03-08,17.49,17.55,17.22,17.23,2.8466520505398383
2017-03-09,17.25,17.29,16.94,16.96,2.830857630363757
2017-03-10,16.95,17.0895,16.8495,17.03,2.834976494674597
2017-03-13,16.99,17.15,16.96,16.98,2.8320361808832013
2017-03-14,16.9435,17.0555,16.87,16.89,2.826721730819709
2017-03-15,16.889,17.36,16.84,17.3,2.8507065015037334
2017-03-16,17.32,17.56,17.25,17.34,2.853015971352396
2017-03-17,17.32,17.42,17.23,17.4,2.856470206220483
2017-03-20,17.4,17.46,17.36,17.43,2.8581928595319295
2017-03-21,17.44,17.5995,17.325,17.5565,2.86542425171207
2017-03-22,17.5555,17.59,17.45,17.54,2.864483986944037
2017-03-23,17.53,17.69,17.519,17.58,2.866761892257031
2017-03-24,17.578,17.78,17.53,17.77,2.87751164216656
2017-03-27,17.79,18.13,17.79,18.1,2.89591193827178
2017-03-28,18.09,18.2395,18.0015,18.195,2.901146831064123
2017-03-29,18.1885,18.26,18.037,18.24,2.9036169846461855
2017-03-30,18.23,18.3,18.06,18.12,2.8970163006148333
2017-03-31,18.11,18.27,18.05,18.21,2.9019708937395166
2017-04-03,18.262,18.27,18.09,18.26,2.9047128751668225
2017-04-04,18.27,18.42,18.21,18.33,2.9085390618516134
2017-04-05,18.32,18.32,18.15,18.31,2.907447358686419
2017-04-06,18.3,18.35,18.17,18.26,2.9047128751668225
2017-04-07,18.25,18.47,17.89,18.0,2.8903717578961645
2017-04-10,17.94,18.03,17.76,17.95,2.8875901149342877
2017-04-11,17.96,18.34,17.915,18.33,2.9085390618516134
2017-04-12,18.333,18.53,18.25,18.47,2.9161477942111484
2017-04-13,18.49,18.6,18.42,18.54,2.919930560137709
2017-04-17,18.59,18.65,18.37,18.43,2.9139797716817317
2017-04-18,18.44,18.44,18.0845,18.3025,2.9070376625386607
2017-04-19,18.3105,18.3385,18.11,18.16,2.8992213731731473
2017-04-20,18.17,18.24,17.89,18.03,2.8920370372152258
2017-04-21,18.04,18.05,17.8195,17.9615,2.8882305783174997
2017-04-24,17.81,17.941,17.66,17.94,2.88703285663065
2017-04-25,17.95,18.01,17.57,17.6,2.8678989020441064
2017-04-26,17.595,17.66,17.33,17.51,2.8627721462977607
2017-04-27,17.5,17.5,17.24,17.27,2.848970892158587
2017-04-28,17.26,17.42,17.17,17.23,2.8466520505398383
2017-05-01,17.241,17.275,16.81,16.85,2.8243506567983707
2017-05-02,16.87,17.01,16.79,16.8415,2.8238460784815644
2017-05-03,16.843,16.89,16.41,16.48,2.8021475244813256
2017-05-04,16.47,16.64,16.22,16.33,2.7930039069823738
2017-05-05,16.32,16.52,16.23,16.36,2.794839331174601
2017-05-08,16.27,16.455,16.23,16.23,2.7868613815264998
2017-05-09,16.24,16.32,16.07,16.19,2.784393767689544
2017-05-10,16.2,16.35,16.145,16.21,2.785628335747585
2017-05-11,16.202,16.3955,16.18,16.3375,2.79346307895034
2017-05-12,16.3405,16.49,16.3165,16.451,2.8003862656372833
2017-05-15,16.46,16.82,16.43,16.63,2.811208293204836
2017-05-16,16.64,16.87,16.63,16.85,2.8243506567983707
2017-05-17,16.84,17.04,16.79,16.9,2.8273136219290276
2017-05-18,16.911,17.12,16.46,16.58,2.8081971497071487
2017-05-19,16.59,16.88,16.58,16.85,2.8243506567983707
2017-05-22,16.89,17.211,16.85,17.1715,2.8432510327709193
2017-05-23,17.1625,17.31,17.04,17.06,2.836736542063533
2017-05-24,17.061,17.24,16.91,17.23,2.8466520505398383
2017-05-25,17.22,17.27,17.14,17.17,2.843163674909384
2017-05-26,17.15,17.39,17.105,17.34,2.853015971352396
2017-05-29,17.34,17.45,17.325,17.42,2.857618971424357
2017-05-30,17.424,17.48,17.23,17.4,2.856470206220483
2017-05-31,17.39,17.43,17.24,17.34,2.853015971352396
2017-06-01,17.33,17.38,17.02,17.3,2.8507065015037334
2017-06-02,17.287,17.58,17.135,17.53,2.863913698933143
2017-06-05,17.57,17.65,17.505,17.56,2.8656235882069705
2017-06-06,17.55,17.751,17.53,17.71,2.8741294517947424
2017-06-07,17.72,17.73,17.53,17.6,2.8678989020441064
2017-06-08,17.59,17.69,17.33,17.44,2.8587664184808337
2017-06-09,17.49,17.49,17.19,17.23,2.8466520505398383
2017-06-12,17.215,17.24,16.92,16.97,2.831447079246135
2017-06-13,16.96,16.974,16.73,16.85,2.8243506567983707
2017-06-14,16.84,17.34,16.82,16.92,2.8284963541780774
2017-06-15,16.91,17.09,16.68,16.76,2.818995095053937
2017-06-16,16.77,16.835,16.66,16.7,2.8154087194227095
2017-06-19,16.7,16.71,16.48,16.51,2.8039662579320366
2017-06-20,16.5,16.65,16.4,16.46,2.800933195248924
2017-06-21,16.467,16.54,16.37,16.5,2.803360380906535
2017-06-22,16.45,16.69,16.45,16.55,2.806386101823072
2017-06-23,16.556,16.79,16.556,16.7,2.8154087194227095
2017-06-26,16.72,16.76,16.3,16.61,2.8100049236252036
2017-06-27,16.6,16.76,16.539,16.67,2.813610696762703
2017-06-28,16.6655,16.87,16.6615,16.8,2.8213788864092133
2017-06-29,16.81,16.9,16.61,16.63,2.811208293204836
2017-06-30,16.64,16.71,16.55,16.62,2.810606789427302
2017-07-03,16.64,16.665,16.11,16.16,2.7825390530929495
2017-07-04,16.145,16.21,16.035,16.08,2.77757626375082
2017-07-05,16.079,16.23,15.89,16.09,2.7781979610042917
2017-07-06,16.089,16.11,15.94,16.06,2.7763317085186157
2017-07-07,16.05,16.18,14.37,15.57,2.745345985845907
2017-07-10,15.63,15.7425,15.21,15.6725,2.7519075841659864
2017-07-11,15.6725,15.864,15.4665,15.85,2.7631695003232895
2017-07-12,15.84,16.0295,15.7575,15.92,2.767576180416237
2017-07-13,15.911,15.99,15.7015,15.7075,2.754138305294965
2017-07-14,15.7075,16.09,15.62,15.96,2.7700855920216627
2017-07-17,16.0,16.2045,15.9745,16.1155,2.7797815417795584
2017-07-18,16.118,16.34,16.098,16.2885,2.7904593373429276
2017-07-19,16.2935,16.37,16.17,16.27,2.7893229212309465
2017-07-20,16.29,16.42,16.15,16.34,2.7936160894318567
2017-07-21,16.33,16.53,16.305,16.49,2.8027541365715076
2017-07-24,16.53,16.6,16.43,16.49,2.8027541365715076
2017-07-25,16.491,16.62,16.25,16.4975,2.8032088542754394
2017-07-26,16.4855,16.7,16.31,16.64,2.8118094353930627
2017-07-27,16.65,16.82,16.56,16.58,2.8081971497071487
2017-07-28,16.59,16.76,16.52,16.73,2.8172035149987327
2017-07-31,16.77,16.88,16.68,16.8305,2.8231927166146535
2017-08-01,16.8325,16.86,16.61,16.71,2.8160073426073025
2017-08-02,16.72,16.93,16.4795,16.5825,2.808347922417574
2017-08-03,16.5875,16.7,16.45,16.66,2.8130106367386967
2017-08-04,16.68,16.755,16.2,16.28,2.7899373605743945
2017-08-07,16.285,16.315,16.13,16.29,2.790551422613954
2017-08-08,16.27,16.48,16.24,16.45,2.800325477211381
2017-08-09,16.46,16.9615,16.454,16.9505,2.8302973319164604
2017-08-10,16.9575,17.25,16.8685,17.12,2.840247370713596
2017-08-11,17.13,17.2,16.9,17.12,2.840247370713596
2017-08-14,17.13,17.22,16.9385,17.0765,2.837703249329068
2017-08-15,17.0675,17.0745,16.5845,16.633,2.811388673808398
2017-08-16,16.655,17.1385,16.6275,17.1275,2.840685358894917
2017-08-17,17.1315,17.1815,16.98,17.04,2.8355635214011694
2017-08-18,17.048,17.32,16.94,17.04,2.8355635214011694
2017-08-21,16.95,17.13,16.85,17.02,2.834389123145228
2017-08-22,17.01,17.1215,16.8845,16.9945,2.8328897622975204
2017-08-23,16.989,17.1065,16.9225,17.0985,2.838990740362806
2017-08-24,17.0845,17.1025,16.83,16.98,2.8320361808832013
2017-08-25,16.97,17.18,16.74,17.04,2.8355635214011694
2017-08-28,17.08,17.484,17.03,17.44,2.8587664184808337
2017-08-29,17.54,17.6675,17.29,17.4,2.856470206220483
2017-08-30,17.39,17.48,17.32,17.44,2.8587664184808337
2017-08-31,17.429,17.625,17.29,17.58,2.866761892257031
2017-09-01,17.6,17.75,17.46,17.71,2.8741294517947424
2017-09-04,17.764,17.95,17.764,17.905,2.8850800034503963
2017-09-05,17.912,18.0085,17.79,17.8875,2.8841021448825694
2017-09-06,17.905,17.9965,17.8185,17.8735,2.8833191689750035
2017-09-07,17.8825,18.1515,17.8,18.1275,2.8974301222636107
2017-09-08,18.1195,18.22,17.9,18.01,2.8909271591878647
2017-09-11,17.79,17.92,17.71,17.8,2.8791984572980396
2017-09-12,17.82,17.925,17.72,17.907,2.8851916978546224
2017-09-13,17.916,17.989,17.67,17.78,2.8780742300857587
2017-09-14,17.77,17.8,17.61,17.79,2.8786365016777435
2017-09-15,17.786,17.85,17.6,17.61,2.8684669225081145
2017-09-18,17.6,17.63,17.07,17.22,2.8460714989995846
2017-09-19,17.2,17.3325,17.12,17.3175,2.851717550914623
2017-09-20,17.305,17.4,16.98,17.19,2.844327819394758
2017-09-21,17.18,17.183,16.84,16.96,2.830857630363757
2017-09-22,16.99,17.07,16.91,16.99,2.8326249356838407
2017-09-25,16.989,17.19,16.84,17.19,2.844327819394758
2017-09-26,17.16,17.25,16.774,16.82,2.822568654544802
2017-09-27,16.83,16.9155,16.73,16.7675,2.819442488991755
2017-09-28,16.7695,16.9,16.69,16.88,2.826129489167811
2017-09-29,16.87,16.89,16.64,16.66,2.8130106367386967
2017-10-02,16.666,16.73,16.55,16.59,2.808800104202353
2017-10-03,16.592,16.6695,16.5585,16.637,2.811629130677606
2017-10-04,16.6425,16.89,16.56,16.58,2.8081971497071487
2017-10-05,16.59,16.75,16.57,16.597,2.8092219561385816
2017-10-06,16.6065,16.87,16.3355,16.79,2.8207834710894493
2017-10-09,16.804,16.99,16.79,16.97,2.831447079246135
2017-10-10,16.96,17.2505,16.939,17.117,2.8400721217135274
2017-10-11,17.1295,17.2395,17.0645,17.173,2.8433383830017247
2017-10-12,17.189,17.27,17.12,17.25,2.847812143477369
2017-10-13,17.249,17.4,17.18,17.4,2.856470206220483
2017-10-16,17.397,17.47,17.11,17.23,2.8466520505398383
2017-10-17,17.24,17.255,16.97,17.03,2.834976494674597
2017-10-18,17.04,17.11,16.91,16.99,2.8326249356838407
2017-10-19,17.0,17.29,16.92,17.25,2.847812143477369
2017-10-20,17.26,17.291,16.94,17.04,2.8355635214011694
2017-10-23,17.0265,17.11,16.86,17.07,2.837322536806349
2017-10-24,17.08,17.15,16.89,16.94,2.8296776892239084
2017-10-25,16.95,17.04,16.82,16.94,2.8296776892239084
2017-10-26,16.95,17.0355,16.75,16.81,2.821973947420524
2017-10-27,16.8,16.87,16.61,16.85,2.8243506567983707
2017-10-30,16.82,16.9015,16.6915,16.8415,2.8238460784815644
2017-10-31,16.8415,16.902,16.65,16.71,2.8160073426073025
2017-11-01,16.7,17.2,16.67,17.143,2.841589927025344
2017-11-02,17.14,17.24,17.05,17.12,2.840247370713596
2017-11-03,17.14,17.1835,16.7925,16.8495,2.8243209827675964
2017-11-06,16.863,17.26,16.81,17.21,2.845490610223448
2017-11-07,17.22,17.23,16.92,16.94,2.8296776892239084
2017-11-08,16.96,17.26,16.96,17.04,2.8355635214011694
2017-11-09,17.05,17.15,16.92,17.0,2.833213344056216
2017-11-10,16.99,17.1,16.8,16.9,2.8273136219290276
2017-11-13,16.873,17.071,16.83,17.05,2.8361502037295256
2017-11-14,17.06,17.1,16.87,17.03,2.834976494674597
2017-11-15,17.028,17.2,16.95,17.0,2.833213344056216
2017-11-16,16.99,17.13,16.96,17.07,2.837322536806349
2017-11-17,17.0835,17.3785,17.0345,17.2885,2.850041540581823
2017-11-20,17.3085,17.3085,16.8475,16.9145,2.8281712422332608
2017-11-21,16.9255,17.0585,16.9135,16.9695,2.8314176150524943
2017-11-22,16.961,17.1695,16.9545,17.1505,2.8420273277059147
2017-11-23,17.1355,17.1615,17.0705,17.0975,2.838932253990114
2017-11-24,17.0995,17.1605,16.9845,17.0445,2.8358275710440366
2017-11-27,17.0635,17.1985,17.0155,17.0525,2.836296820546737
2017-11-28,17.0665,17.1205,16.7845,16.865,2.8252404685136137
2017-11-29,16.8805,16.9245,16.5235,16.5355,2.805509584863779
2017-11-30,16.557,16.5955,16.3205,16.4375,2.799565309937983
2017-12-01,16.4275,16.5575,16.2465,16.4565,2.800720535943518
2017-12-04,16.33,16.4335,16.2525,16.3295,2.7929732880200477
2017-12-05,16.323,16.3645,16.0315,16.1005,2.778850327408814
2017-12-06,16.1225,16.1475,15.9225,15.9615,2.7701795725677587
2017-12-07,15.951,15.9925,15.6465,15.722,2.7550610053715645
2017-12-08,15.7255,15.8995,15.7135,15.8515,2.7632641330694447
2017-12-11,15.8495,15.8885,15.6995,15.7125,2.754456573916366
2017-12-12,15.7305,15.8195,15.6245,15.738,2.7560781701127914
2017-12-13,15.7355,16.1545,15.6755,16.08,2.77757626375082
2017-12-14,16.072,16.1295,15.8355,15.8975,2.7661618641594257
2017-12-15,15.8975,16.0855,15.8965,16.0525,2.775864600686066
2017-12-18,16.0435,16.1735,16.0155,16.1515,2.78201292461262
2017-12-19,16.1405,16.2285,16.0585,16.1415,2.7813935953264197
2017-12-20,16.1375,16.2655,16.1045,16.1835,2.7839922046773675
2017-12-21,16.187,16.2495,16.0925,16.127,2.7804948859983787
2017-12-22,16.1305,16.4265,16.1155,16.3335,2.7932182134720884
2017-12-26,16.3605,16.5705,16.298,16.5525,2.806537147816864
2017-12-27,16.549,16.7295,16.4865,16.6875,2.8146599361604685
2017-12-28,16.681,16.8895,16.663,16.8625,2.8250922215338745
2017-12-29,16.849,17.1135,16.8215,16.9545,2.8305332853167586
2018-01-02,16.9815,17.2075,16.9405,17.1825,2.8438914240136235
2018-01-03,17.1825,17.2435,17.0275,17.1315,2.8409188741766345
2018-01-04,17.1255,17.2785,16.9895,17.2225,2.846216668485214
2018-01-05,17.2255,17.2875,17.1015,17.2125,2.845635864054773
2018-01-08,17.2365,17.2625,17.0445,17.1355,2.841152334941695
2018-01-09,17.126,17.1435,16.9205,16.9705,2.8314765425716626
2018-01-10,16.972,17.1915,16.9105,16.9725,2.831594387193665
2018-01-11,16.9855,17.0525,16.8745,16.9975,2.8330662744184774
2018-01-12,17.0005,17.2855,16.988,17.2555,2.848130933238223
2018-01-15,17.2295,17.4275,17.2145,17.3525,2.8537365882316017
2018-01-16,17.3545,17.3755,16.8035,17.1955,2.8446477216818793
2018-01-17,17.1925,17.2965,16.9965,17.0005,2.8332427553884045
2018-01-18,16.995,17.1325,16.9155,16.9505,2.8302973319164604
2018-01-19,16.9575,17.1315,16.9565,17.0285,2.834888410936266
2018-01-22,17.0665,17.0995,16.9505,17.0175,2.834242226339969
2018-01-23,16.9995,17.0995,16.7515,17.0525,2.836296820546737
2018-01-24,17.048,17.6265,16.9945,17.5605,2.8656520616057
2018-01-25,17.553,17.7025,17.1445,17.3075,2.8511399335700434
2018-01-26,17.3075,17.5435,17.2505,17.4105,2.85707347249465
2018-01-29,17.4145,17.4845,17.1115,17.1655,2.842901555527068
2018-01-30,17.173,17.3385,17.0795,17.1325,2.8409772444778416
2018-01-31,17.1455,17.3945,17.1005,17.3425,2.8531601362773196
2018-02-01,17.33,17.4005,17.1075,17.2305,2.8466810692714315
2018-02-02,17.225,17.2565,16.5685,16.5915,2.8088905160282813
2018-02-05,16.6365,16.9105,16.5605,16.7345,2.817472456714708
2018-02-06,16.753,16.9935,16.5885,16.6395,2.811779386864687
2018-02-07,16.644,16.7805,16.2715,16.3775,2.7959084416238946
2018-02-08,16.388,16.4745,16.2515,16.4155,2.7982260104348335
2018-02-09,16.4095,16.4565,16.1905,16.3215,2.7924832570770395
2018-02-12,16.3525,16.6235,16.3315,16.5495,2.8063558898863334
2018-02-13,16.5495,16.6915,16.4585,16.5775,2.8080463542608856
2018-02-14,16.5775,16.9345,16.3875,16.8605,2.8249736081244894
2018-02-15,16.855,16.9815,16.6485,16.863,2.8251218726880474
2018-02-16,16.8685,16.9495,16.6235,16.6925,2.814959516749887
2018-02-19,16.6455,16.7335,16.618,16.6675,2.813460715510078
2018-02-20,16.6645,16.7055,16.4335,16.4535,2.8005382205373612
2018-02-21,16.451,16.7745,16.3925,16.5055,2.8036936586966554
2018-02-22,16.508,16.681,16.41,16.62,2.810606789427302
2018-02-23,16.619,16.64,16.51,16.53,2.805176911832933
2018-02-26,16.5,16.77,16.49,16.665,2.813310711759703
2018-02-27,16.65,16.7,16.3415,16.4275,2.7989567597898857
2018-02-28,16.425,16.51,16.36,16.414,2.79813462920752
2018-03-01,16.42,16.5525,16.1755,16.4745,2.801813730914373
2018-03-02,16.482,16.5795,16.3905,16.5185,2.8044809649388736
2018-03-05,16.5255,16.6,16.36,16.437,2.7995348912243885
2018-03-06,16.42,16.864,16.4,16.759,2.8189354274027365
2018-03-07,16.8,16.84,16.44,16.495,2.8030573046805447
2018-03-08,16.5,16.5745,16.43,16.5,2.803360380906535
2018-03-09,16.48,16.69,16.37,16.59,2.808800104202353
2018-03-12,16.59,16.61,16.44,16.5435,2.8059932754321744
2018-03-13,16.5445,16.66,16.47,16.6,2.8094026953624978
2018-03-14,16.59,16.66,16.52,16.55,2.806386101823072
2018-03-15,16.54,16.58,16.38,16.41,2.7978909051019993
2018-03-16,16.402,16.5,16.22,16.33,2.7930039069823738
2018-03-19,16.31,16.36,16.22,16.3265,2.792789554555543
2018-03-20,16.3315,16.35,16.13,16.2,2.785011242238338
2018-03-21,16.204,16.65,16.185,16.575,2.807895536071926
2018-03-22,16.55,16.61,16.35,16.39,2.7966713927557385
2018-03-23,16.43,16.67,16.42,16.56,2.8069901489571136
2018-03-26,16.57,16.79,16.53,16.705,2.8157080758087196
2018-03-27,16.7,16.81,16.48,16.532,2.805297896649486
2018-03-28,16.52,16.57,16.25,16.295,2.790858312289525
2018-03-29,16.3,16.37,16.23,16.36,2.794839331174601
2018-04-02,16.37,16.68,16.36,16.599,2.809342452584082
2018-04-03,16.59,16.62,16.36,16.419,2.7984392008298906
2018-04-04,16.42,16.53,16.26,16.32,2.792391349535961
2018-04-05,16.31,16.422,16.19,16.4,2.797281334830153
2018-04-06,16.39,16.5,16.27,16.37,2.7954503913830435
2018-04-09,16.43,16.56,16.33,16.496,2.803117927274604
2018-04-10,16.49,16.65,16.44,16.573,2.8077748651414067
2018-04-11,16.57,16.87,16.53,16.674,2.8138506199884215
2018-04-12,16.68,16.7,16.459,16.47,2.8015405441895487
2018-04-13,16.48,16.691,16.47,16.64,2.8118094353930627
2018-04-16,16.62,16.77,16.56,16.672,2.8137306655709566
2018-04-17,16.67,16.805,16.59,16.781,2.820247294019025
2018-04-18,16.78,17.263,16.73,17.196,2.844676798634035
2018-04-19,17.2,17.36,17.11,17.254,2.848044000654387
2018-04-20,17.24,17.26,17.0465,17.1345,2.8410939748599744
2018-04-23,17.123,17.13,16.5995,16.621,2.8106669560889728
2018-04-24,16.64,16.76,16.57,16.7245,2.8168747102011986
2018-04-25,16.716,16.7565,16.51,16.564,2.8072316656833207
2018-04-26,16.57,16.62,16.43,16.5145,2.804238782877326
2018-04-27,16.521,16.57,16.445,16.53,2.805176911832933
2018-04-30,16.51,16.55,16.2,16.33,2.7930039069823738
2018-05-01,16.32,16.344,16.06,16.16,2.7825390530929495
2018-05-02,16.17,16.53,16.16,16.39,2.7966713927557385
2018-05-03,16.38,16.59,16.36,16.44,2.799717389628034
2018-05-04,16.45,16.52,16.37,16.52,2.804571768092832
2018-05-07,16.52,16.571,16.409,16.48,2.8021475244813256
2018-05-08,16.49,16.53,16.32,16.47,2.8015405441895487
2018-05-09,16.49,16.62,16.36,16.51,2.8039662579320366
2018-05-10,16.5,16.7565,16.475,16.72,2.8166056076565553
2018-05-11,16.75,16.833,16.66,16.68,2.8142103969306005
2018-05-14,16.67,16.74,16.5,16.52,2.804571768092832
2018-05-15,16.53,16.56,16.21,16.27,2.7893229212309465
2018-05-16,16.26,16.43,16.19,16.37,2.7954503913830435
2018-05-17,16.38,16.49,16.33,16.43,2.799108932049177
2018-05-18,16.432,16.475,16.369,16.43,2.799108932049177
2018-05-21,16.42,16.5235,16.275,16.5165,2.8043598812396184
2018-05-22,16.513,16.67,16.45,16.53,2.805176911832933
2018-05-23,16.54,16.59,16.33,16.46,2.800933195248924
2018-05-24,16.47,16.693,16.41,16.65,2.8124102164264526
2018-05-25,16.67,16.72,16.49,16.49,2.8027541365715076
2018-05-28,16.511,16.512,16.43,16.472,2.8016619697254885
2018-05-29,16.42,16.501,16.32,16.36,2.794839331174601
2018-05-30,16.37,16.56,16.32,16.51,2.8039662579320366
2018-05-31,16.512,16.6,16.4095,16.4225,2.798652345784491
2018-06-01,16.434,16.51,16.34,16.4,2.797281334830153
2018-06-04,16.42,16.55,16.37,16.43,2.799108932049177
2018-06-05,16.42,16.54,16.37,16.49,2.8027541365715076
2018-06-06,16.5,16.74,16.49,16.66,2.8130106367386967
2018-06-07,16.68,16.9,16.65,16.7,2.8154087194227095
2018-06-08,16.72,16.83,16.629,16.771,2.8196512043494906
2018-06-11,16.788,16.95,16.749,16.9255,2.8288213604594685
2018-06-12,16.925,16.95,16.76,16.86,2.8249439525737094
2018-06-13,16.85,17.11,16.8,17.04,2.8355635214011694
2018-06-14,17.041,17.32,16.939,17.14,2.8414149131696336
2018-06-15,17.16,17.25,16.46,16.56,2.8069901489571136
2018-06-18,16.54,16.63,16.42,16.47,2.8015405441895487
2018-06-19,16.48,16.55,16.24,16.29,2.790551422613954
2018-06-20,16.3,16.37,16.26,16.28,2.7899373605743945
2018-06-21,16.29,16.365,16.2,16.33,2.7930039069823738
2018-06-22,16.32,16.49,16.31,16.46,2.800933195248924
2018-06-25,16.459,16.496,16.2915,16.3285,2.79291204728269
2018-06-26,16.3215,16.3605,16.15,16.29,2.790551422613954
2018-06-27,16.3,16.31,15.98,16.05,2.775708849576025
2018-06-28,16.07,16.14,15.92,16.01,2.7732135270086236
2018-06-29,16.0,16.16,15.97,16.0925,2.778353324944634
2018-07-02,16.09,16.13,15.78,15.85,2.7631695003232895
2018-07-03,15.86,16.042,15.79,16.03,2.7744619666214616
2018-07-04,16.02,16.15,16.0,16.09,2.7781979610042917
2018-07-05,16.093,16.104,15.93,16.06,2.7763317085186157
2018-07-06,16.04,16.08,15.95,16.03,2.7744619666214616
2018-07-09,16.0455,16.22,16.0385,16.09,2.7781979610042917
2018-07-10,16.12,16.161,15.91,16.06,2.7763317085186157
2018-07-11,16.07,16.08,15.7835,15.8055,2.760357980725555
2018-07-12,15.806,16.0,15.7635,15.9475,2.769302077133973
2018-07-13,15.941,15.99,15.69,15.81,2.7606426512213806
2018-07-16,15.81,15.88,15.75,15.81,2.7606426512213806
2018-07-17,15.79,15.865,15.55,15.57,2.745345985845907
2018-07-18,15.58,15.615,15.4,15.56,2.7447035187502458
2018-07-19,15.55,15.574,15.1805,15.3125,2.728669488304946
2018-07-20,15.3125,15.54,15.25,15.52,2.7421295147550726
2018-07-23,15.53,15.56,15.36,15.4,2.7343675094195836
2018-07-24,15.39,15.6,15.33,15.45,2.7376090033437546
2018-07-25,15.46,15.63,15.45,15.61,2.7479117345273405
2018-07-26,15.6,15.67,15.38,15.38,2.733067964077498
2018-07-27,15.39,15.54,15.33,15.5,2.740840023925201
2018-07-30,15.477,15.55,15.4,15.51,2.7414849771884473
2018-07-31,15.49,15.61,15.37,15.51,2.7414849771884473
2018-08-01,15.516,15.54,15.39,15.39,2.733717947850788
2018-08-02,15.4,15.47,15.29,15.32,2.729159164312445
2018-08-03,15.31,15.55,15.248,15.42,2.7356653681351832
2018-08-06,15.41,15.49,15.27,15.31,2.7285062096695922
2018-08-07,15.3,15.49,15.3,15.38,2.733067964077498
2018-08-08,15.37,15.47,15.29,15.41,2.7350166493320245
2018-08-09,15.43,15.511,15.37,15.45,2.7376090033437546
2018-08-10,15.446,15.451,15.29,15.33,2.7298116928837226
2018-08-13,15.3065,15.3445,14.98,14.99,2.7073833121145063
2018-08-14,15.0,15.11,14.99,15.05,2.711377991194885
2018-08-15,15.07,15.08,14.37,14.44,2.67000213346468
2018-08-16,14.47,14.84,14.34,14.66,2.6851226964585053
2018-08-17,14.65,14.8165,14.6,14.8155,2.695673930034155
2018-08-20,14.78,14.85,14.65,14.76,2.6919208191723265
2018-08-21,14.75,14.85,14.72,14.79,2.6939512767227085
2018-08-22,14.785,14.88,14.69,14.76,2.6919208191723265
2018-08-23,14.77,14.77,14.49,14.49,2.673458756332591
2018-08-24,14.5,14.88,14.49,14.8155,2.695673930034155
2018-08-27,14.86,14.92,14.75,14.89,2.7006898466959175
2018-08-28,14.9,15.0,14.68,14.71,2.688527534613346
2018-08-29,14.708,14.79,14.67,14.76,2.6919208191723265
2018-08-30,14.78,14.8,14.51,14.55,2.6775909936175015
2018-08-31,14.57,14.72,14.49,14.51,2.6748380668960965
2018-09-03,14.525,14.553,14.4,14.498,2.674010708878686
2018-09-04,14.51,14.52,14.01,14.18,2.6518325211039815
2018-09-05,14.16,14.2355,14.09,14.1945,2.65285456563426
2018-09-06,14.193,14.31,14.12,14.158,2.6502798353519976
2018-09-07,14.165,14.26,14.08,14.16,2.6504210882655737
2018-09-10,14.15,14.25,14.08,14.17,2.6511270537025893
2018-09-11,14.16,14.23,13.95,14.14,2.6490076604684267
2018-09-12,14.133,14.2815,14.0745,14.2525,2.6569323299236
2018-09-13,14.265,14.35,14.15,14.15,2.649714624089247
2018-09-14,14.18,14.29,14.0625,14.0675,2.643867172325297
2018-09-17,14.07,14.2515,14.04,14.1815,2.651938298302042
2018-09-18,14.201,14.2375,14.08,14.1505,2.649749959154002
2018-09-19,14.156,14.3415,14.15,14.2445,2.656370867298751
2018-09-20,14.253,14.351,14.1835,14.3185,2.6615524074426293
2018-09-21,14.324,14.43,14.1555,14.2995,2.6602245716196053
2018-09-24,14.3,14.39,14.193,14.27,2.658159431488745
2018-09-25,14.275,14.56,14.22,14.45,2.670694414558441
2018-09-26,14.46,14.5145,14.3165,14.3285,2.6622505608552856
2018-09-27,14.349,14.465,14.1845,14.2455,2.65644106736898
2018-09-28,14.228,14.72,14.228,14.63,2.683074215032033
2018-10-01,14.675,14.69,14.38,14.5,2.6741486494265287
2018-10-02,14.504,14.913,14.45,14.69,2.6871669901857858
2018-10-03,14.7,14.83,14.625,14.65,2.6844403354630764
2018-10-04,14.64,14.77,14.535,14.59,2.6803363625346943
2018-10-05,14.6,14.72,14.52,14.64,2.6837575085331657
2018-10-08,14.649,14.665,14.27,14.367,2.6649339100285823
2018-10-09,14.39,14.4425,14.2705,14.3865,2.6662902668539785
2018-10-10,14.3925,14.44,14.25,14.29,2.659559991941776
2018-10-11,14.32,14.62,14.26,14.58,2.6796507265805123
2018-10-12,14.6,14.71,14.52,14.62,2.6823904543216326
2018-10-15,14.6,14.78,14.59,14.7,2.6878474937846906
2018-10-16,14.71,14.85,14.62,14.66,2.6851226964585053
2018-10-17,14.665,14.73,14.6,14.62,2.6823904543216326
2018-10-18,14.609,14.66,14.458,14.57,2.6789646202071133
2018-10-19,14.58,14.72,14.56,14.63,2.683074215032033
2018-10-22,14.64,14.6925,14.5205,14.5645,2.6785870609515685
2018-10-23,14.5645,14.81,14.52,14.74,2.6905648867611904
2018-10-24,14.76,14.81,14.6535,14.6835,2.6867244143874576
2018-10-25,14.692,14.78,14.6,14.65,2.6844403354630764
2018-10-26,14.64,14.78,14.58,14.7,2.6878474937846906
2018-10-29,14.71,14.76,14.42,14.475,2.672423023459059
2018-10-30,14.48,14.531,14.38,14.49,2.673458756332591
2018-10-31,14.47,14.48,14.2445,14.2655,2.6578440348748917
2018-11-01,14.2765,14.82,14.2715,14.74,2.6905648867611904
2018-11-02,14.75,14.91,14.65,14.74,2.6905648867611904
2018-11-05,14.75,14.77,14.6,14.65,2.6844403354630764
2018-11-06,14.61,14.72,14.49,14.54,2.6769034721053733
2018-11-07,14.535,14.72,14.49,14.58,2.6796507265805123
2018-11-08,14.57,14.592,14.3895,14.4345,2.6696211744824283
2018-11-09,14.4345,14.4445,14.1095,14.1735,2.6513740239086534
2018-11-12,14.162,14.212,13.9895,13.9945,2.6386643952838176
2018-11-13,13.99,14.13,13.958,13.9915,2.638450002372255
2018-11-14,13.9995,14.2,13.9,14.13,2.6483001966964363
2018-11-15,14.132,14.35,14.099,14.28,2.658859956911438
2018-11-16,14.287,14.4215,14.24,14.4205,2.668650805319472
2018-11-19,14.43,14.4435,14.35,14.4275,2.6691361076029843
2018-11-20,14.4335,14.49,14.24,14.31,2.6609585935683597
2018-11-21,14.33,14.56,14.28,14.51,2.6748380668960965
2018-11-22,14.454,14.5435,14.45,14.4885,2.6733552313053233
2018-11-23,14.48,14.51,14.19,14.2805,2.6588949703040647
2018-11-26,14.31,14.44,14.22,14.22,2.6546494243750947
2018-11-27,14.23,14.31,14.099,14.16,2.6504210882655737
2018-11-28,14.15,14.4,14.12,14.32,2.6616571615324998
2018-11-29,14.33,14.39,14.27,14.32,2.6616571615324998
2018-11-30,14.31,14.343,14.06,14.18,2.6518325211039815
2018-12-03,14.26,14.57,14.21,14.38,2.6658383522929006
2018-12-04,14.41,14.67,14.39,14.54,2.6769034721053733
2018-12-05,14.53,14.55,14.42,14.5005,2.674183131590633
2018-12-06,14.5,14.5185,14.35,14.47,2.6720775406433925
2018-12-07,14.4785,14.65,14.44,14.631,2.6831425653960252
2018-12-10,14.64,14.66,14.48,14.5325,2.6763875205933685
2018-12-11,14.5465,14.72,14.51,14.54,2.6769034721053733
2018-12-12,14.56,14.7975,14.55,14.7405,2.6905988074884544
2018-12-13,14.7715,14.81,14.69,14.76,2.6919208191723265
2018-12-14,14.75,14.76,14.5,14.59,2.6803363625346943
2018-12-17,14.59,14.701,14.54,14.66,2.6851226964585053
2018-12-18,14.67,14.721,14.613,14.65,2.6844403354630764
2018-12-19,14.64,14.822,14.55,14.5975,2.6808502811755557
2018-12-20,14.6115,14.84,14.56,14.77,2.6925980965432883
2018-12-21,14.774,14.8,14.61,14.63,2.683074215032033
2018-12-24,14.67,14.81,14.65,14.7755,2.6929704036671165
2018-12-26,14.7925,15.171,14.71,15.04,2.7107133185216936
2018-12-27,15.03,15.27,14.94,15.23,2.7232671669070703
2018-12-28,15.22,15.39,15.22,15.37,2.7324175575505043
2018-12-31,15.4,15.51,15.33,15.4935,2.7404205811326605
2019-01-02,15.4885,15.61,15.33,15.53,2.7427736371605955
2019-01-03,15.57,15.751,15.49,15.73,2.7555697170701863
2019-01-04,15.74,15.87,15.59,15.69,2.753023566744941
2019-01-07,15.74,15.82,15.62,15.67,2.7517480563679295
2019-01-08,15.66,15.69,15.509,15.66,2.751109690562657
2019-01-09,15.65,15.78,15.586,15.75,2.7568403652716422
2019-01-10,15.754,15.79,15.56,15.57,2.745345985845907
2019-01-11,15.58,15.74,15.56,15.6,2.747270914255491
2019-01-14,15.61,15.6635,15.55,15.6515,2.7505667590385334
2019-01-15,15.6515,15.7,15.547,15.5815,2.7460843130868047
2019-01-16,15.5915,15.65,15.499,15.6,2.747270914255491
2019-01-17,15.59,15.62,15.46,15.53,2.7427736371605955
2019-01-18,15.54,15.58,15.329,15.34,2.73046379593911
2019-01-21,15.32,15.3665,15.19,15.2695,2.725857374752076
2019-01-22,15.27,15.35,15.18,15.34,2.73046379593911
2019-01-23,15.33,15.44,15.27,15.37,2.7324175575505043
2019-01-24,15.36,15.4,15.2455,15.3165,2.7289306786815652
2019-01-25,15.3175,15.73,15.294,15.73,2.7555697170701863
2019-01-28,15.76,15.82,15.61,15.74,2.756205242989257
2019-01-29,15.7505,15.92,15.72,15.84,2.7625383863862796
2019-01-30,15.85,16.11,15.82,16.06,2.7763317085186157
2019-01-31,16.09,16.1875,15.9955,16.0685,2.776860833762453
2019-02-01,16.0635,16.08,15.8985,15.9205,2.7676075869582224
2019-02-04,15.92,15.93,15.69,15.86,2.7638002162067017
2019-02-05,15.87,15.93,15.82,15.85,2.7631695003232895
2019-02-06,15.84,15.87,15.648,15.67,2.7517480563679295
2019-02-07,15.65,15.76,15.64,15.73,2.7555697170701863
2019-02-08,15.72,15.8685,15.65,15.8265,2.7616857502681196
2019-02-11,15.8275,15.8425,15.67,15.71,2.75429745226753
2019-02-12,15.704,15.832,15.655,15.7,2.7536607123542622
2019-02-13,15.701,15.82,15.54,15.57,2.745345985845907
2019-02-14,15.56,15.69,15.49,15.61,2.7479117345273405
2019-02-15,15.62,15.81,15.56,15.7915,2.7594718205890763
2019-02-18,15.785,15.8595,15.761,15.8065,2.7604212478393304
2019-02-19,15.82,16.01,15.747,15.98,2.7713379403381286
2019-02-20,15.99,16.22,15.96,16.05,2.775708849576025
2019-02-21,16.06,16.1065,15.8,15.8,2.760009940032921
2019-02-22,15.81,15.9795,15.81,15.9245,2.767858803791071
2019-02-25,15.9,16.01,15.85,15.88,2.7650604558189897
2019-02-26,15.89,15.94,15.79,15.92,2.767576180416237
2019-02-27,15.93,16.174,15.7,15.76,2.757475084429733
2019-02-28,15.74,15.83,15.58,15.63,2.749192144433385
2019-03-01,15.61,15.64,15.1378,15.16,2.7186603802142257
2019-03-04,15.1495,15.28,15.06,15.08,2.71336936257981
2019-03-05,15.081,15.17,15.05,15.13,2.7166795278002644
2019-03-06,15.125,15.16,15.05,15.07,2.712706012638404
2019-03-07,15.08,15.12,14.98,15.02,2.7093826463359885
2019-03-08,15.03,15.37,15.01,15.35,2.731115474033206
2019-03-11,15.31,15.36,15.22,15.3205,2.7291918008555855
2019-03-12,15.31,15.48,15.2993,15.4425,2.737123448587917
2019-03-13,15.44,15.54,15.4198,15.4525,2.7377708025512915
2019-03-14,15.4585,15.4645,15.1365,15.1915,2.7207360609093927
2019-03-15,15.1853,15.393,15.17,15.2935,2.7274279015284466
2019-03-18,15.301,15.44,15.23,15.3525,2.731278327221417
2019-03-19,15.34,15.45,15.32,15.3615,2.7318643792014647
2019-03-20,15.37,15.56,15.27,15.5005,2.740872281469437
2019-03-21,15.49,15.64,15.38,15.4715,2.738999621746145
2019-03-22,15.47,15.55,15.37,15.44,2.73696154459663
2019-03-25,15.42,15.59,15.39,15.5435,2.743642544805333
2019-03-26,15.5435,15.5595,15.399,15.4335,2.7365404715018378
2019-03-27,15.44,15.481,15.2648,15.2985,2.7277547843765455
2019-03-28,15.287,15.34,14.98,15.0145,2.7090164008475353
2019-03-29,15.04,15.21,14.99,15.1395,2.717307222364887
2019-04-01,15.13,15.2165,15.0552,15.115,2.7156876282314215
2019-04-02,15.1105,15.1255,14.94,15.1245,2.7163159455192427
2019-04-03,15.1235,15.2,15.04,15.135,2.7170099424736818
2019-04-04,15.13,15.18,14.91,15.12,2.716018370751387
2019-04-05,15.15,15.21,15.07,15.1085,2.715257499351562
2019-04-08,15.12,15.302,15.119,15.24,2.7239235502585
2019-04-09,15.25,15.34,15.2148,15.22,2.7226103524335397
2019-04-10,15.23,15.3,15.15,15.22,2.7226103524335397
2019-04-11,15.24,15.26,14.9,14.98,2.7067159780890733
2019-04-12,14.97,15.1185,14.9531,14.9925,2.7075500760605276
2019-04-15,14.99,15.04,14.86,15.003,2.7082501811048765
2019-04-16,14.99,15.03,14.89,15.0075,2.7085500761438612
2019-04-17,15.0,15.101,14.929,15.0,2.70805020110221
2019-04-18,14.99,15.03,14.9371,15.02,2.7093826463359885
2019-04-22,15.007,15.0845,14.9895,15.0135,2.7089497963450464
2019-04-23,15.02,15.04,14.75,14.84,2.6973262377392344
2019-04-24,14.81,14.99,14.79,14.94,2.7040421797046714
2019-04-25,14.95,15.01,14.86,14.95,2.7047112998366956
2019-04-26,14.94,15.0855,14.91,15.0535,2.7116105222969673
2019-04-29,15.07,15.08,14.8826,14.91,2.702032128776647
2019-04-30,14.92,15.02,14.82,14.94,2.7040421797046714
2019-05-01,14.95,14.96,14.61,14.68,2.6864860231863696
2019-05-02,14.69,14.73,14.57,14.62,2.6823904543216326
2019-05-03,14.63,14.98,14.6,14.92,2.702702594775615
2019-05-06,14.925,14.975,14.76,14.9005,2.7013947694353684
2019-05-07,14.9005,14.941,14.8,14.92,2.702702594775615
2019-05-08,14.91,14.97,14.8292,14.85,2.6979998652487085
2019-05-09,14.84,14.863,14.7,14.77,2.6925980965432883
2019-05-10,14.76,14.85,14.74,14.777,2.693071917921497
2019-05-13,14.79,14.81,14.62,14.76,2.6919208191723265
2019-05-14,14.78,14.86,14.74,14.8,2.6946271807700692
2019-05-15,14.79,14.8565,14.76,14.7985,2.694525824282323
2019-05-16,14.7935,14.823,14.529,14.56,2.67827804276854
2019-05-17,14.55,14.57,14.3957,14.43,2.6693093727857793
2019-05-20,14.41,14.481,14.388,14.46,2.671386216730619
2019-05-21,14.44,14.48,14.38,14.46,2.671386216730619
2019-05-22,14.45,14.5,14.4,14.44,2.67000213346468
2019-05-23,14.45,14.65,14.42,14.59,2.6803363625346943
2019-05-24,14.6,14.612,14.54,14.57,2.6789646202071133
2019-05-27,14.58,14.64,14.55,14.59,2.6803363625346943
2019-05-28,14.588,14.61,14.3,14.36,2.664446563620078
2019-05-29,14.3459,14.48,14.3426,14.41,2.667922410011431
2019-05-30,14.42,14.58,14.37,14.5255,2.67590572555342
2019-05-31,14.5225,14.69,14.48,14.58,2.6796507265805123
2019-06-03,14.6,14.832,14.58,14.79,2.6939512767227085
2019-06-04,14.794,14.86,14.67,14.8,2.6946271807700692
2019-06-05,14.82,15.05,14.77,14.81,2.6953026282797072
2019-06-06,14.82,15.0,14.75,14.89,2.7006898466959175
2019-06-07,14.9,15.152,14.86,15.02,2.7093826463359885
2019-06-10,14.99,15.01,14.65,14.7,2.6878474937846906
2019-06-11,14.71,14.8,14.6526,14.75,2.691243082785829
2019-06-12,14.705,14.88,14.705,14.7825,2.693444048712848
2019-06-13,14.7875,14.94,14.7419,14.91,2.702032128776647
2019-06-14,14.875,15.12,14.8,14.86,2.698673039289613
2019-06-17,14.88,14.91,14.78,14.84,2.6973262377392344
2019-06-18,14.85,15.09,14.82,15.01,2.7087166456453704
2019-06-19,15.021,15.18,14.9179,15.16,2.7186603802142257
2019-06-20,15.17,15.5175,15.123,15.4245,2.735957154355218
2019-06-21,15.4585,15.55,15.17,15.3335,2.7300399773271296
2019-06-24,15.36,15.4715,15.3,15.4425,2.737123448587917
2019-06-25,15.4475,15.51,15.28,15.37,2.7324175575505043
2019-06-26,15.38,15.38,15.18,15.27,2.725890119230541
2019-06-27,15.29,15.301,15.17,15.26,2.725235025856311
2019-06-28,15.24,15.34,15.21,15.31,2.7285062096695922
2019-07-01,15.18,15.31,15.12,15.15,2.7180005319553784
2019-07-02,15.14,15.33,15.05,15.32,2.729159164312445
2019-07-03,15.34,15.47,15.21,15.3,2.72785282839839
2019-07-04,15.33,15.34,15.22,15.2815,2.7266429464595237
2019-07-05,15.24,15.3385,14.9,15.02,2.7093826463359885
2019-07-08,15.0,15.13,14.9663,15.03,2.710048203764883
2019-07-09,15.02,15.14,14.95,15.11,2.715356776284648
2019-07-10,15.12,15.2885,15.0449,15.2365,2.7236938650902305
2019-07-11,15.2405,15.32,15.1,15.115,2.7156876282314215
2019-07-12,15.12,15.25,15.06,15.23,2.7232671669070703
2019-07-15,15.22,15.41,15.17,15.39,2.733717947850788
2019-07-16,15.391,15.6995,15.32,15.5555,2.744414273838136
2019-07-17,15.5585,15.99,15.5179,15.97,2.770711962226921
2019-07-18,15.98,16.35,15.92,16.35,2.7942278973432626
2019-07-19,16.36,16.58,16.06,16.2,2.785011242238338
2019-07-22,16.25,16.43,16.17,16.36,2.794839331174601
2019-07-23,16.37,16.54,16.18,16.41,2.7978909051019993
2019-07-24,16.42,16.65,16.33,16.6,2.8094026953624978
2019-07-25,16.59,16.6525,16.3255,16.41,2.7978909051019993
2019-07-26,16.44,16.52,16.34,16.35,2.7942278973432626
2019-07-29,16.41,16.48,16.34,16.46,2.800933195248924
2019-07-30,16.47,16.61,16.4,16.57,2.8075938314384716
2019-07-31,16.5603,16.573,16.2,16.27,2.7893229212309465
2019-08-01,16.26,16.3865,15.93,16.3255,2.792728302564834
2019-08-02,16.3375,16.3545,16.05,16.22,2.7862450486872667
2019-08-05,16.23,16.5725,16.12,16.3955,2.7970069069343597
2019-08-06,16.4325,16.5165,16.36,16.45,2.800325477211381
2019-08-07,16.43,17.25,16.43,17.11,2.839663087904102
2019-08-08,17.08,17.21,16.81,16.93,2.829087196145044
2019-08-09,16.97,17.14,16.87,16.98,2.8320361808832013
2019-08-12,16.96,17.16,16.8134,17.07,2.837322536806349
2019-08-13,17.08,17.51,16.54,16.97,2.831447079246135
2019-08-14,16.98,17.33,16.88,17.22,2.8460714989995846
2019-08-15,17.21,17.39,17.11,17.27,2.848970892158587
2019-08-16,17.26,17.33,17.06,17.12,2.840247370713596
2019-08-19,17.13,17.15,16.8557,16.88,2.826129489167811
2019-08-20,16.89,17.191,16.8591,17.16,2.8425810940598164
2019-08-21,17.15,17.2,17.0,17.12,2.840247370713596
2019-08-22,17.14,17.152,16.95,17.0465,2.8359449040646165
2019-08-23,17.0525,17.48,16.98,17.47,2.8604851241459652
2019-08-26,17.56,17.78,17.53,17.67,2.871868286331605
2019-08-27,17.66,18.21,17.635,18.2,2.9014215940827497
2019-08-28,18.19,18.51,18.07,18.36,2.9101743851923443
2019-08-29,18.35,18.65,18.05,18.27,2.9052603703899154
2019-08-30,18.25,18.48,18.08,18.34,2.9090844668283187
2019-09-02,18.43,18.57,18.27,18.4685,2.9160665781357356
2019-09-03,18.5,19.29,18.34,19.26,2.9580304063699794
2019-09-04,19.23,19.65,19.19,19.6,2.975529566236472
2019-09-05,19.53,19.58,18.49,18.65,2.9258461460898246
2019-09-06,18.66,18.8,17.99,18.05,2.89314568477889
2019-09-09,18.15,18.31,17.94,18.01,2.8909271591878647
2019-09-10,18.0,18.18,17.78,18.01,2.8909271591878647
2019-09-11,18.015,18.25,17.91,18.12,2.8970163006148333
2019-09-12,18.11,18.47,18.01,18.1,2.89591193827178
2019-09-13,18.075,18.19,17.4,17.44,2.8587664184808337
2019-09-16,17.71,18.0,17.62,17.845,2.8817233569421234
2019-09-17,17.8565,18.09,17.76,18.02,2.8914822521801917
2019-09-18,18.01,18.045,17.53,17.76,2.876948737564024
2019-09-19,17.75,17.94,17.6,17.79,2.8786365016777435
2019-09-20,17.8,17.98,17.76,17.95,2.8875901149342877
2019-09-23,17.96,18.71,17.948,18.64,2.925309809257445
2019-09-24,18.61,18.7425,18.26,18.61,2.9236990706541595
2019-09-25,18.62,18.69,17.83,17.91,2.8853592160726205
2019-09-26,17.93,18.05,17.74,17.82,2.8803214220426634
2019-09-27,17.83,17.9,17.3,17.49,2.8616292890305104
2019-09-30,17.54,17.6025,16.93,16.99,2.8326249356838407
2019-10-01,17.0,17.32,16.9,17.24,2.847232265235547
2019-10-02,17.25,17.67,17.19,17.56,2.8656235882069705
2019-10-03,17.57,17.8,17.47,17.5575,2.8654812090510386
2019-10-04,17.5695,17.67,17.3,17.55,2.865053949911875
2019-10-07,17.65,17.65,17.39,17.434,2.8584223225893846
2019-10-08,17.4425,17.81,17.2725,17.73,2.8752581200861167
2019-10-09,17.74,17.96,17.67,17.73,2.8752581200861167
2019-10-10,17.76,17.9,17.43,17.52,2.8633430855082453
2019-10-11,17.53,17.751,17.35,17.53,2.863913698933143
2019-10-14,17.553,17.7,17.428,17.66,2.8713021951758138
2019-10-15,17.65,17.74,17.35,17.41,2.8570447537800976
2019-10-16,17.42,17.47,17.17,17.4,2.856470206220483
2019-10-17,17.41,17.643,17.3124,17.5485,2.8649684761736287
2019-10-18,17.5525,17.6035,17.4095,17.5585,2.865538163146053
2019-10-21,17.57,17.87,17.51,17.56,2.8656235882069705
2019-10-22,17.57,17.67,17.44,17.52,2.8633430855082453
2019-10-23,17.55,17.6205,17.51,17.5505,2.8650824395345316
2019-10-24,17.5475,17.8475,17.4825,17.802,2.8793108105367398
2019-10-25,17.8225,18.33,17.7845,18.07,2.8942531046041373
2019-10-28,18.02,18.14,17.79,17.8505,2.8820315190378234
2019-10-29,17.84,17.9,17.61,17.83,2.8808824318750488
2019-10-30,17.8,17.96,17.59,17.88,2.883682769745368
2019-10-31,17.86,18.17,17.8,18.12,2.8970163006148333
2019-11-01,18.1,18.15,17.94,18.117,2.896850723993874
2019-11-04,18.13,18.22,17.97,18.06,2.8936995479888394
2019-11-05,18.07,18.09,17.54,17.58,2.866761892257031
2019-11-06,17.57,17.65,17.39,17.64,2.8701690505786455
2019-11-07,17.63,17.67,16.97,17.11,2.839663087904102
2019-11-08,17.1205,17.1275,16.7,16.81,2.821973947420524
2019-11-11,16.8,16.94,16.6699,16.86,2.8249439525737094
2019-11-12,16.84,16.9,16.65,16.7675,2.819442488991755
2019-11-13,16.7605,17.03,16.7605,16.97,2.831447079246135
2019-11-14,16.96,17.11,16.88,17.03,2.834976494674597
2019-11-15,17.04,17.04,16.82,16.96,2.830857630363757
2019-11-18,16.97,17.06,16.75,17.0375,2.835416797022651
2019-11-19,17.0335,17.19,16.97,17.15,2.8419981736119486
2019-11-20,17.149,17.2105,17.0325,17.1485,2.8419107062299376
2019-11-21,17.1765,17.1955,17.04,17.1,2.8390784635086144
2019-11-22,17.102,17.24,17.0,17.0,2.833213344056216
2019-11-25,16.99,17.0,16.86,16.89,2.826721730819709
2019-11-26,16.86,17.12,16.82,17.08,2.837908188360424
2019-11-27,17.09,17.091,16.93,16.96,2.830857630363757
2019-11-28,16.962,17.02,16.87,16.9495,2.8302383348662956
2019-11-29,16.94,17.0475,16.85,17.019,2.83433036701254
2019-12-02,17.0,17.02,16.8273,16.91,2.827905162910489
2019-12-03,16.9,17.21,16.87,17.17,2.843163674909384
2019-12-04,17.1559,17.3,16.8,16.86,2.8249439525737094
2019-12-05,16.861,17.02,16.82,16.96,2.830857630363757
2019-12-06,16.963,17.04,16.53,16.57,2.8075938314384716
2019-12-09,16.57,16.69,16.53,16.61,2.8100049236252036
2019-12-10,16.598,16.72,16.5799,16.67,2.813610696762703
2019-12-11,16.66,16.97,16.6,16.86,2.8249439525737094
2019-12-12,16.87,17.12,16.77,16.93,2.829087196145044
2019-12-13,16.92,17.01,16.85,16.9475,2.8301203303229836
2019-12-16,16.96,17.09,16.9042,17.04,2.8355635214011694
2019-12-17,17.0349,17.1155,16.9625,17.014,2.8340365345536926
2019-12-18,17.0115,17.07,16.89,17.015,2.834095307952869
2019-12-19,17.012,17.13,16.9,17.06,2.836736542063533
2019-12-20,17.066,17.26,17.03,17.18,2.8437459165561094
2019-12-23,17.19,17.46,17.1777,17.45,2.859339648648436
2019-12-24,17.44,17.7855,17.38,17.7825,2.8782148276255333
2019-12-26,17.7605,18.05,17.7193,17.9,2.884800712846709
2019-12-27,17.91,17.97,17.746,17.75,2.8763855159214247
2019-12-30,17.79,17.964,17.78,17.93,2.8864752876170416
2019-12-31,17.92,18.15,17.8245,17.853,2.882171561330825
2020-01-02,17.8535,18.1,17.79,18.02,2.8914822521801917
2020-01-03,18.023,18.27,18.0,18.02,2.8914822521801917
2020-01-06,18.16,18.51,18.02,18.15,2.8986705607108596
2020-01-07,18.14,18.4405,17.95,18.4055,2.912649532992815
2020-01-08,18.424,18.8555,18.06,18.1,2.89591193827178
2020-01-09,18.11,18.21,17.8,17.9,2.884800712846709
2020-01-10,17.91,18.1505,17.8464,18.0795,2.894778699714371
2020-01-13,18.1,18.11,17.92,17.96,2.8881470628740535
2020-01-14,17.97,17.97,17.68,17.8,2.8791984572980396
2020-01-15,17.79,18.0435,17.74,18.0055,2.8906772667791287
2020-01-16,18.0055,18.0505,17.8652,17.94,2.88703285663065
2020-01-17,17.95,18.17,17.91,18.02,2.8914822521801917
2020-01-20,18.04,18.13,18.0,18.0665,2.8940593946426887
2020-01-21,18.0685,18.1565,17.64,17.79,2.8786365016777435
2020-01-22,17.8,17.9325,17.69,17.8375,2.881302982802955
2020-01-23,17.8415,17.9155,17.61,17.8,2.8791984572980396
2020-01-24,17.81,18.15,17.75,18.12,2.8970163006148333
2020-01-27,18.26,18.34,18.05,18.1,2.89591193827178
2020-01-28,18.09,18.121,17.44,17.47,2.8604851241459652
2020-01-29,17.46,17.59,17.39,17.56,2.8656235882069705
2020-01-30,17.57,18.04,17.54,17.837,2.881274951576166
2020-01-31,17.8415,18.0975,17.7955,18.0315,2.8921202284302816
2020-02-03,18.13,18.13,17.6,17.68,2.8724340572094973
2020-02-04,17.69,17.79,17.53,17.59,2.8673305587494666
2020-02-05,17.6,17.73,17.49,17.61,2.8684669225081145
2020-02-06,17.62,17.89,17.6,17.82,2.8803214220426634
2020-02-07,17.825,17.87,17.64,17.71,2.8741294517947424
2020-02-10,17.72,17.84,17.6891,17.77,2.87751164216656
2020-02-11,17.78,17.81,17.5798,17.65,2.8707357833793057
2020-02-12,17.6316,17.67,17.465,17.49,2.8616292890305104
2020-02-13,17.484,17.74,17.476,17.65,2.8707357833793057
2020-02-14,17.646,17.8115,17.62,17.7295,2.8752299188988446
2020-02-17,17.73,17.89,17.7,17.7855,2.878383518584098
2020-02-18,17.8,18.23,17.79,18.17,2.89977188240808
2020-02-19,18.18,18.4675,18.1559,18.435,2.9142510316861077
2020-02-20,18.4465,18.4495,18.2247,18.367,2.910555576146398
2020-02-21,18.371,18.63,18.345,18.5,2.917770732084279
2020-02-24,18.67,18.95,18.54,18.64,2.925309809257445
2020-02-25,18.65,18.67,17.86,18.0,2.8903717578961645
2020-02-26,17.99,18.21,17.8,17.92,2.8859174075467844
2020-02-27,17.91,18.14,17.6131,17.7775,2.877933612775536
2020-02-28,17.7515,17.8675,16.4,16.62,2.810606789427302
2020-03-02,16.54,17.06,16.45,16.73,2.8172035149987327
2020-03-03,16.72,17.47,16.72,17.22,2.8460714989995846
2020-03-04,17.2,17.34,17.09,17.22,2.8460714989995846
2020-03-05,17.23,17.46,17.15,17.44,2.8587664184808337
2020-03-06,17.444,17.58,17.06,17.33,2.8524391037275145
2020-03-09,17.57,17.57,16.57,17.025,2.834682852035576
2020-03-10,16.92,17.2,16.8135,16.8925,2.8268697364441926
2020-03-11,16.9565,17.11,16.68,16.7705,2.819621390536749
2020-03-12,16.77,16.92,15.52,15.8485,2.7630748586209304
2020-03-13,15.79,15.87,14.4445,14.7,2.6878474937846906
2020-03-16,14.8,14.91,11.5895,12.8155,2.5506553758321138
2020-03-17,12.9445,13.2485,12.13,12.6545,2.5380128831414748
2020-03-18,12.7395,12.8875,11.64,11.9545,2.4811077765308513
2020-03-19,11.995,12.31,11.8,12.1165,2.4945681600586314
2020-03-20,12.135,13.03,12.05,12.6,2.533696813957432
2020-03-23,12.39,13.2885,12.33,13.2735,2.5857695663933775
2020-03-24,13.275,14.429,13.17,14.414,2.6681999565022494
2020-03-25,14.47,14.72,14.02,14.5135,2.6750792507655103
2020-03-26,14.35,14.68,14.16,14.3965,2.6669851214836107
2020-03-27,14.45,14.63,14.18,14.5025,2.6743210483580824
2020-03-30,14.5025,14.557,13.82,14.05,2.642622395779755
2020-03-31,14.08,14.2515,13.86,13.978,2.637484665054937
2020-04-01,13.96,14.15,13.82,13.96,2.6361960973342264
2020-04-02,13.95,14.55,13.91,14.49,2.673458756332591
2020-04-03,14.5,14.55,14.28,14.4,2.667228206581955
2020-04-06,14.46,15.09,14.25,15.02,2.7093826463359885
2020-04-07,15.01,15.54,14.8762,15.0175,2.7092161877421796
2020-04-08,14.9885,15.14,14.8705,14.97,2.706048198431537
2020-04-09,14.96,15.55,14.93,15.44,2.73696154459663
2020-04-13,15.47,15.51,15.15,15.42,2.7356653681351832
2020-04-14,15.35,15.84,15.35,15.75,2.7568403652716422
2020-04-15,15.76,15.79,15.28,15.45,2.7376090033437546
2020-04-16,15.49,15.6,15.21,15.49,2.740194654428777
2020-04-17,15.54,15.55,15.03,15.17,2.719319793360441
2020-04-20,15.15,15.4365,15.06,15.312,2.7286368347105983
2020-04-21,15.3325,15.34,14.54,14.89,2.7006898466959175
2020-04-22,14.91,15.16,14.68,15.09,2.7140322727797574
2020-04-23,15.1,15.45,14.97,15.24,2.7239235502585
2020-04-24,15.26,15.39,15.03,15.24,2.7239235502585
2020-04-27,15.22,15.33,15.0255,15.2145,2.722248920502023
2020-04-28,15.201,15.24,14.91,15.17,2.719319793360441
2020-04-29,15.18,15.4,15.096,15.29,2.727199019940971
2020-04-30,15.32,15.5,14.711,14.961,2.7054468152320954
2020-05-01,14.9395,15.0525,14.75,14.95,2.7047112998366956
2020-05-04,14.98,15.07,14.71,14.79,2.6939512767227085
2020-05-05,14.8,15.05,14.73,14.96,2.7053799725463312
2020-05-06,14.97,15.16,14.82,14.85,2.6979998652487085
2020-05-07,14.84,15.44,14.83,15.34,2.73046379593911
2020-05-08,15.35,15.64,15.22,15.51,2.7414849771884473
2020-05-11,15.5,15.62,15.28,15.49,2.740194654428777
2020-05-12,15.5,15.63,15.34,15.45,2.7376090033437546
2020-05-13,15.44,15.6555,15.3175,15.57,2.745345985845907
2020-05-14,15.5795,15.9,15.45,15.87,2.7644305345383176
2020-05-15,15.88,16.73,15.78,16.62,2.810606789427302
2020-05-18,16.84,17.5695,16.68,16.979,2.8319772863338746
2020-05-19,16.9895,17.49,16.977,17.347,2.853419580779272
2020-05-20,17.36,17.64,17.28,17.55,2.865053949911875
2020-05-21,17.57,17.57,16.88,17.11,2.839663087904102
2020-05-22,17.12,17.25,16.73,17.18,2.8437459165561094
2020-05-25,17.2,17.21,16.9,17.185,2.844036910301797
2020-05-26,17.12,17.4615,17.0255,17.131,2.8408896877483216
2020-05-27,17.1305,17.36,16.85,17.24,2.847232265235547
2020-05-28,17.28,17.52,17.18,17.37,2.854744580253014
2020-05-29,17.38,17.91,17.27,17.86,2.882563575448353
2020-06-01,18.03,18.38,17.946,18.31,2.907447358686419
2020-06-02,18.32,18.37,17.79,18.07,2.8942531046041373
2020-06-03,18.064,18.09,17.47,17.65,2.8707357833793057
2020-06-04,17.66,17.85,17.47,17.71,2.8741294517947424
2020-06-05,17.72,17.78,17.22,17.4,2.856470206220483
2020-06-08,17.38,17.8,17.32,17.77,2.87751164216656
2020-06-09,17.76,17.78,17.47,17.52,2.8633430855082453
2020-06-10,17.53,18.19,17.53,18.11,2.896464271895322
2020-06-11,18.1,18.16,17.48,17.635,2.8698855636880154
2020-06-12,17.6535,17.75,17.39,17.5,2.8622008809294686
2020-06-15,17.47,17.56,16.96,17.38,2.8553201198372458
2020-06-16,17.39,17.57,17.29,17.46,2.859912550411456
2020-06-17,17.45,17.61,17.34,17.5,2.8622008809294686
2020-06-18,17.49,17.67,17.31,17.39,2.855895328366192
2020-06-19,17.4,17.81,17.37,17.66,2.8713021951758138
2020-06-22,17.69,18.03,17.66,17.71,2.8741294517947424
2020-06-23,17.69,18.02,17.6724,17.95,2.8875901149342877
2020-06-24,17.93,18.07,17.41,17.5,2.8622008809294686
2020-06-25,17.52,17.82,17.45,17.8,2.8791984572980396
2020-06-26,17.83,17.95,17.5,17.83,2.8808824318750488
2020-06-29,17.84,17.96,17.69,17.86,2.882563575448353
2020-06-30,17.82,18.24,17.774,18.2,2.9014215940827497
2020-07-01,18.24,18.45,17.84,18.01,2.8909271591878647
2020-07-02,18.02,18.13,17.77,17.96,2.8881470628740535
2020-07-03,17.97,18.1,17.935,18.0485,2.8930625788326116
2020-07-06,18.0395,18.4,17.95,18.27,2.9052603703899154
2020-07-07,18.28,18.37,17.99,18.27,2.9052603703899154
2020-07-08,18.28,18.775,18.25,18.71,2.9290581402859983
2020-07-09,18.73,19.04,18.49,18.64,2.925309809257445
2020-07-10,18.62,18.81,18.49,18.72,2.929592471049446
2020-07-13,18.73,19.39,18.71,19.08,2.9486406660201405
2020-07-14,19.07,19.3,18.88,19.21,2.955430976780465
2020-07-15,19.25,19.48,19.15,19.41,2.9657883971809187
2020-07-16,19.45,19.46,19.1,19.17,2.9533465570575532
2020-07-17,19.15,19.4,18.9229,19.33,2.9616582932202395
2020-07-20,19.35,19.92,19.2497,19.9,2.990719731730447
2020-07-21,19.93,21.33,19.86,21.3,3.0587070727153796
2020-07-22,21.31,23.08,21.28,23.0,3.1354942159291497
2020-07-23,23.05,23.26,22.2625,22.598,3.1178614067870543
2020-07-24,22.642,22.9195,22.41,22.7525,3.124675029469374
2020-07-27,22.74,24.61,22.73,24.6,3.202746442938317
2020-07-28,24.58,26.19,22.31,24.42,3.1954024686825586
2020-07-29,24.48,24.95,23.42,24.31,3.1908877883280318
2020-07-30,24.34,24.42,22.94,23.5,3.1570004211501135
2020-07-31,23.51,24.38,23.29,24.32,3.1912990570979662
2020-08-03,24.61,24.98,24.03,24.33,3.1917101567954314
2020-08-04,24.36,26.04,24.14,26.01,3.25848107946056
2020-08-05,26.07,27.1425,25.39,26.959,3.294317193368051
2020-08-06,26.979,29.09,26.8045,28.92,3.3645333972905638
2020-08-07,28.94,29.86,27.39,28.09,3.335413641116152
2020-08-10,28.48,29.4,27.83,29.13,3.3717685709713434
2020-08-11,29.14,29.26,24.387,24.803,3.2109646135968646
2020-08-12,24.8265,26.28,23.46,25.513,3.2391881261800792
2020-08-13,25.559,27.71,25.2785,27.6,3.3178157727231046
2020-08-14,27.52,27.73,25.75,26.4,3.2733640101522705
2020-08-17,26.55,27.57,25.84,27.39,3.3101779832749867
2020-08-18,27.51,28.46,27.13,27.67,3.3203487937988347
2020-08-19,27.72,28.03,26.5,26.7,3.2846635654062037
2020-08-20,26.69,27.53,26.61,27.24,3.3046864812813115
2020-08-21,27.28,27.541,26.06,26.72,3.285412348668445
2020-08-24,26.85,27.24,26.27,26.609,3.2812495044262606
2020-08-25,26.6075,26.8,26.07,26.54,3.2786530289040616
2020-08-26,26.58,27.51,26.11,27.51,3.3145495749364833
2020-08-27,27.52,27.91,26.52,27.02,3.2965773325320527
2020-08-28,27.03,27.72,26.84,27.51,3.3145495749364833
2020-08-31,27.52,28.36,27.52,28.14,3.337192051686243
2020-09-01,28.16,28.9,27.68,28.11,3.3361253849184407
2020-09-02,28.13,28.31,27.0715,27.447,3.312256872365508
2020-09-03,27.4645,27.71,26.49,26.572,3.2798580298029947
2020-09-04,26.59,27.03,26.31,26.91,3.2924979647388146
2020-09-07,26.89,27.18,26.64,26.855,3.290452023357423
2020-09-08,26.91,27.1,25.86,26.66,3.2831643147505627
2020-09-09,26.65,27.12,26.41,26.98,3.2950958507796098
2020-09-10,26.99,27.49,26.7,26.88,3.2913825156549485
2020-09-11,26.84,27.03,26.58,26.7755,3.287487290295774
2020-09-14,26.69,27.31,26.68,27.11,3.299902663510574
2020-09-15,27.15,27.63,27.01,27.14,3.301008654406723
2020-09-16,27.245,27.44,26.8825,27.165,3.3019293800034863
2020-09-17,27.1595,27.2005,26.31,27.02,3.2965773325320527
2020-09-18,27.03,27.21,26.7,26.81,3.2887749522478678
2020-09-21,26.74,26.9645,23.74,24.73,3.208017081533325
2020-09-22,24.74,25.23,23.84,24.38,3.1937631240531252
2020-09-23,24.39,24.48,22.6,22.775,3.125663443146022
2020-09-24,22.76,23.35,21.67,23.14,3.1415627217655304
2020-09-25,23.16,23.3,22.44,22.9,3.131136910560194
2020-09-28,22.91,23.7305,22.52,23.688,3.16496859079929
2020-09-29,23.683,24.4065,23.38,24.1815,3.1855878780020257
2020-09-30,24.288,24.313,23.13,23.23,3.145444546782318
2020-10-01,23.275,24.16,23.23,23.79,3.1692653243148663
2020-10-02,23.77,24.2,23.49,23.7635,3.1681507900432284
2020-10-05,23.83,24.5195,23.69,24.3615,3.19300401730063
2020-10-06,24.3745,24.5,22.88,23.07,3.138533072185662
2020-10-07,23.05,23.98,23.03,23.81,3.170105660498771
2020-10-08,23.8,24.21,23.66,23.84,3.171364842197149
2020-10-09,23.85,25.16,23.83,25.15,3.224857896545748
2020-10-12,25.1,25.56,24.8,25.1,3.2228678461377385
2020-10-13,25.12,25.19,23.94,24.13,3.1834558796369405
2020-10-14,24.15,24.6355,23.87,24.2625,3.1889319484951284
2020-10-15,24.267,24.3145,23.5785,24.2795,3.189632372898532
2020-10-16,24.3185,24.52,24.1155,24.14,3.1838702156693857
2020-10-19,24.17,24.97,24.12,24.39,3.194173212227829
2020-10-20,24.38,24.92,24.32,24.62,3.2035591207563074
2020-10-21,24.68,25.2885,24.66,25.0425,3.2205743815037824
2020-10-22,25.0465,25.0925,24.39,24.71,3.2072080200005186
2020-10-23,24.72,24.86,24.42,24.62,3.2035591207563074
2020-10-26,24.26,24.56,24.1,24.2915,3.190126494915545
2020-10-27,24.3,24.62,24.2,24.3715,3.193414416830327
2020-10-28,24.28,24.57,23.03,23.3995,3.1527146546139995
2020-10-29,23.4,23.58,22.59,23.2805,3.1476161002958256
2020-10-30,23.26,23.82,23.18,23.65,3.1633631149379418
2020-11-02,23.58,24.16,23.4,24.1,3.1822118404966093
2020-11-03,24.096,24.39,23.92,24.23,3.1875915348284343
2020-11-04,24.21,24.49,23.24,23.9,3.173878458937465
2020-11-05,23.91,25.47,23.9,25.37,3.2335673736111907
2020-11-06,25.36,25.84,24.9,25.58,3.2418107961506966
2020-11-09,25.7,26.0,23.58,24.1,3.1822118404966093
2020-11-10,24.14,24.5,23.91,24.24,3.1880041612011136
2020-11-11,24.22,24.43,23.78,24.28,3.1896529661912973
2020-11-12,24.29,24.4,24.05,24.29,3.190064743014081
2020-11-13,24.28,24.82,24.15,24.63,3.2039652121324464
2020-11-16,24.71,25.07,24.23,24.77,3.209633243501268
2020-11-17,24.78,24.81,24.37,24.49,3.1982648709640764
2020-11-18,24.48,24.7,24.22,24.34,3.1921210875593813
2020-11-19,24.33,24.38,23.6405,24.049,3.1800934156457163
2020-11-20,24.0585,24.53,23.89,24.2,3.186352633162641
2020-11-23,24.13,24.4,23.43,23.6,3.1612467120315646
2020-11-24,23.62,23.64,22.94,23.27,3.1471649773142003
2020-11-25,23.26,23.52,23.11,23.3365,3.150018658458613
2020-11-26,23.3505,24.14,23.19,23.3295,3.1497186541705875
2020-11-27,23.31,23.33,22.34,22.6915,3.1219904050244907
2020-11-30,22.72,22.75,21.9,22.63,3.119276459645446
2020-12-01,22.64,24.0525,22.59,24.0045,3.1782413127720175
2020-12-02,24.011,24.31,23.55,24.09,3.18179681662678
2020-12-03,24.1,24.28,23.75,24.06,3.180550710546533
2020-12-04,24.07,24.41,23.94,24.17,3.1851121947153915
2020-12-07,24.23,24.78,23.54,24.49,3.1982648709640764
2020-12-08,24.48,24.87,24.43,24.55,3.2007118542405295
2020-12-09,24.58,24.59,23.59,23.96,3.1763857732472487
2020-12-10,23.95,24.29,23.72,23.99,3.177637076851603
2020-12-11,24.01,24.12,23.61,23.96,3.1763857732472487
2020-12-14,24.03,24.23,23.68,23.84,3.171364842197149
2020-12-15,23.85,24.56,23.825,24.5,3.1986731175506815
2020-12-16,24.51,25.5,24.44,25.35,3.232778730037192
2020-12-17,25.34,26.1015,25.17,26.0675,3.260689327681611
2020-12-18,26.064,26.13,25.66,25.7725,3.2493080319884027
2020-12-21,25.98,27.4,24.98,26.17,3.2646137165420543
2020-12-22,26.2,26.58,25.08,25.19,3.226447090364519
2020-12-23,25.235,25.79,25.07,25.56,3.241028629509334
2020-12-24,25.57,25.91,25.44,25.7945,3.2501612909072755
2020-12-28,26.0,26.77,25.93,26.26,3.26804686887465
2020-12-29,26.25,26.61,25.96,26.21,3.266141017335315
2020-12-30,26.22,26.68,26.145,26.68,3.283914221047423
2020-12-31,26.69,26.71,26.22,26.389,3.272947256655928
2021-01-04,26.64,27.57,26.63,27.24,3.3046864812813115
2021-01-05,27.21,27.69,27.0,27.58,3.3170908723651555
2021-01-06,27.57,27.92,26.62,27.3,3.3068867021909143
2021-01-07,27.31,27.36,26.92,27.13,3.3006401266708405
2021-01-08,27.16,27.21,24.49,25.31,3.2311995745570328
2021-01-11,25.37,25.51,24.34,24.91,3.215269329274089
2021-01-12,24.929,25.64,24.929,25.55,3.2406373166497136
2021-01-13,25.58,25.69,25.14,25.21,3.2272407411998283
2021-01-14,25.22,25.89,25.06,25.51,3.23907053215372
2021-01-15,25.52,25.78,24.59,24.71,3.2072080200005186
2021-01-18,24.75,25.35,24.14,24.9715,3.21773517457393
2021-01-19,24.95,25.41,24.95,25.22,3.2276373305367736
2021-01-20,25.24,25.89,25.05,25.84,3.2519236789144013
2021-01-21,25.83,26.05,25.65,25.9375,3.255689797990917
2021-01-22,25.9575,25.9725,25.03,25.45,3.2367157429965316
2021-01-25,25.46,25.77,25.16,25.34,3.232384174892993
2021-01-26,25.35,25.66,25.2,25.48,3.2378938307039626
2021-01-27,25.47,25.49,24.7,25.27,3.2296179214001026
2021-01-28,25.29,26.93,24.87,26.47,3.27601201623901
2021-01-29,26.58,27.65,26.05,26.91,3.2924979647388146
2021-02-01,28.3,30.03,27.97,29.04,3.3686741899565953
2021-02-02,28.82,28.9,26.29,26.7,3.2846635654062037
2021-02-03,26.65,27.19,26.49,26.89,3.2917544702807735
2021-02-04,26.935,26.935,25.91,26.37,3.2722270003651954
2021-02-05,26.38,27.05,26.2,26.86,3.2906381910950917
2021-02-08,27.08,27.57,26.85,27.27,3.305787196857497
2021-02-09,27.28,27.81,27.07,27.27,3.305787196857497
2021-02-10,27.28,27.5315,26.8245,27.023,3.2966883552363098
2021-02-11,27.037,27.28,26.7085,26.98,3.2950958507796098
2021-02-12,26.97,27.43,26.86,27.26,3.3054204262683866
2021-02-15,27.41,27.71,27.37,27.595,3.3176345968914647
2021-02-16,27.623,27.95,26.84,27.24,3.3046864812813115
2021-02-17,27.23,27.4215,26.87,27.3915,3.3102327462880616
2021-02-18,27.391,27.5255,26.88,27.03,3.2969473602883563
2021-02-19,27.06,27.61,26.25,27.19,3.3028492586443794
2021-02-22,27.37,28.28,27.28,28.14,3.337192051686243
2021-02-23,28.18,28.33,27.25,27.68,3.3207101307494686
2021-02-24,27.67,28.03,27.33,27.99,3.331847303527362
2021-02-25,27.97,28.21,27.29,27.45,3.3123661679555396
2021-02-26,27.46,27.6,26.1415,26.55,3.279029747687948
2021-03-01,26.65,27.08,26.44,26.58,3.2801590532850993
2021-03-02,26.57,26.9,25.87,26.76,3.286908235260028
2021-03-03,26.77,26.82,25.85,26.09,3.261552099148637
2021-03-04,26.1,26.3,25.07,25.36,3.233173129569025
2021-03-05,25.35,25.46,24.83,25.18,3.2260500286162013
2021-03-08,25.36,25.92,24.96,25.13,3.2240623515555007
2021-03-09,25.116,26.13,25.05,25.93,3.255400599550573
2021-03-10,25.938,26.223,25.56,26.21,3.266141017335315
2021-03-11,26.23,26.46,25.85,26.13,3.263084079532521
2021-03-12,26.14,26.17,25.4,25.9,3.254242968705492
2021-03-15,26.05,26.415,25.81,26.2485,3.2676088445477744
2021-03-16,26.23,26.31,25.84,25.9605,3.2565761520510264
2021-03-17,25.94,26.52,25.77,26.3835,3.2727388147583523
2021-03-18,26.36,26.64,25.8345,26.0595,3.260382385019927
2021-03-19,26.03,26.32,25.89,26.24,3.267284964075888
2021-03-22,25.84,25.96,25.41,25.7895,3.2499674323458745
2021-03-23,25.78,25.83,25.0168,25.0595,3.221252997153952
2021-03-24,25.07,25.36,24.98,25.1095,3.2232462605857357
2021-03-25,25.05,25.18,24.42,25.0915,3.222529143366103
2021-03-26,25.13,25.25,24.87,25.07,3.221671912170202
2021-03-29,25.069,25.107,24.4525,24.6475,3.2046754754670594
2021-03-30,24.674,24.74,23.8521,24.02,3.1788868166518376
2021-03-31,24.0415,24.53,23.78,24.416,3.1952386551020466
2021-04-01,24.434,24.978,24.25,24.959,3.217234478596075
2021-04-05,24.976,25.08,24.61,24.88,3.2140642678709788
2021-04-06,24.884,25.29,24.77,25.164,3.2254144017077833
2021-04-07,25.16,25.28,24.86,25.15,3.224857896545748
2021-04-08,25.158,25.62,24.97,25.45,3.2367157429965316
2021-04-09,25.47,25.5,24.99,25.25,3.228826155721369
2021-04-12,25.246,25.28,24.71,24.816,3.211488606434183
2021-04-13,24.813,25.48,24.68,25.343,3.2325025577828574
2021-04-14,25.348,25.53,25.2,25.422,3.2356149408724773
2021-04-15,25.423,25.99,25.33,25.849,3.252271915486629
2021-04-16,25.855,26.3,25.75,25.96,3.2565568918358894
2021-04-19,25.964,26.23,25.64,25.825,3.2513430150057023
2021-04-20,25.82,26.09,25.7,25.845,3.2521171586480024
2021-04-21,25.806,26.64,25.7629,26.555,3.2792180538743625
2021-04-22,26.57,26.59,25.98,26.155,3.2640403768225745
2021-04-23,26.151,26.4,25.85,26.0,3.258096538021482
2021-04-26,25.991,26.222,25.86,26.22,3.2665224783355535
2021-04-27,26.218,26.46,26.05,26.263,3.268161104542958
2021-04-28,26.314,26.328,25.83,26.205,3.2659502322541294
2021-04-29,26.23,26.475,25.72,26.1,3.261935314328648
2021-04-30,26.11,26.19,25.8,25.87,3.2530839961979376
2021-05-03,25.93,26.9955,25.81,26.9105,3.292516545019563
2021-05-04,26.91,27.12,26.11,26.515,3.2777106105890934
2021-05-05,26.51,26.63,26.1,26.495,3.2769560359447256
2021-05-06,26.51,27.46,26.18,27.308,3.307179699556034
2021-05-07,27.32,27.68,27.14,27.45,3.3123661679555396
2021-05-10,27.54,27.87,27.24,27.305,3.307069835604117
2021-05-11,27.36,27.667,27.1,27.62,3.318540147981146
2021-05-12,27.65,27.69,26.96,27.021,3.2966143414697155
2021-05-13,27.02,27.24,26.74,27.0935,3.2992938467179442
2021-05-14,27.1035,27.48,26.83,27.41,3.3109079103146946
2021-05-17,27.4,28.29,27.35,28.178,3.338541531631085
2021-05-18,28.19,28.75,28.01,28.195,3.3391446572591454
2021-05-19,28.19,28.23,27.37,27.735,3.322695153507198
2021-05-20,27.75,28.0,27.4,27.765,3.3237762346935704
2021-05-21,27.77,28.07,27.21,27.53,3.315276319154516
2021-05-24,27.58,27.9,27.47,27.77,3.323956301318708
2021-05-25,27.78,28.03,27.47,27.996,3.332061642827293
2021-05-26,28.0035,28.23,27.61,27.68,3.3207101307494686
2021-05-27,27.67,27.89,27.5,27.849,3.326797059085905
2021-05-28,27.88,27.97,27.4,27.93,3.3297013799570854
2021-05-31,27.95,28.14,27.88,28.0395,3.333614230338359
2021-06-01,28.07,28.55,27.83,27.893,3.328375761290291
2021-06-02,27.88,28.19,27.6865,28.173,3.3383640724905863
2021-06-03,28.17,28.24,27.0385,27.4305,3.31165553300066
2021-06-04,27.4545,27.84,27.23,27.78,3.3243163373261977
2021-06-07,27.8,27.95,27.48,27.889,3.328232345851373
2021-06-08,27.89,27.98,27.51,27.609,3.3181418065248294
2021-06-09,27.62,28.0,27.52,27.77,3.323956301318708
2021-06-10,27.79,28.03,27.47,27.996,3.332061642827293
2021-06-11,28.0,28.29,27.88,27.9125,3.329074617166276
2021-06-14,27.95,28.02,27.48,27.86,3.3271919683516598
2021-06-15,27.87,27.9,27.4,27.66,3.319987326236612
2021-06-16,27.67,27.83,26.63,26.986,3.2953182130085956
2021-06-17,26.94,27.25,25.78,25.906,3.2544746021080644
2021-06-18,25.9,26.4995,25.74,25.7625,3.2489199462165774
2021-06-21,25.81,26.08,25.56,25.955,3.2563642692791923
2021-06-22,25.96,26.04,25.7,25.768,3.2491334120288977
2021-06-23,25.78,26.3,25.7555,25.88,3.2534704696327
2021-06-24,25.87,26.17,25.82,25.934,3.2555548491266926
2021-06-25,25.93,26.3,25.8971,26.07,3.2607852279454104
2021-06-28,26.13,26.22,25.8,26.098,3.261858683040055
2021-06-29,26.1,26.12,25.54,25.775,3.2494050299030235
2021-06-30,25.77,26.15,25.71,26.138,3.2633901941748444
2021-07-01,26.13,26.4,25.95,26.026,3.2590960383545657
2021-07-02,26.03,26.57,25.98,26.48,3.2763897310688073
2021-07-05,26.49,26.82,26.3691,26.4775,3.276295315735687
2021-07-06,26.4585,26.77,26.01,26.152,3.2639256694219094
2021-07-07,26.17,26.44,25.99,26.14,3.2634667081960758
2021-07-08,26.17,26.21,25.82,25.928,3.2553234658392465
2021-07-09,25.95,26.21,25.77,26.12,3.2627013044082305
2021-07-12,26.1,26.29,25.87,26.195,3.265568552860183
2021-07-13,26.22,26.35,25.94,25.981,3.2573655016487244
2021-07-14,25.99,26.4655,25.94,26.2455,3.267494545770647
2021-07-15,26.24,26.395,26.16,26.345,3.271278503661249
2021-07-16,26.34,26.45,25.6,25.66,3.2449333591874905
2021-07-19,25.68,25.765,24.9965,25.176,3.2258911597621056
2021-07-20,25.1825,25.28,24.82,24.94,3.2164729402518906
2021-07-21,24.93,25.315,24.76,25.262,3.2293012903517835
2021-07-22,25.28,25.467,25.02,25.4285,3.2358705922440625
2021-07-23,25.4285,25.4755,25.01,25.1865,3.2263081366854967
2021-07-26,25.21,25.44,25.12,25.19,3.226447090364519
2021-07-27,25.21,25.27,24.5,24.689,3.2063578003092283
2021-07-28,24.7,25.01,24.62,24.968,3.2175950049684783
2021-07-29,24.99,25.8,24.9668,25.513,3.2391881261800792
2021-07-30,25.53,25.645,25.35,25.48,3.2378938307039626
2021-08-02,25.52,25.64,25.3,25.406,3.234985366601269
2021-08-03,25.4,25.6,25.25,25.525,3.239658364050729
2021-08-04,25.53,26.01,25.33,25.391,3.234394780525871
2021-08-05,25.3825,25.515,25.09,25.1455,3.224678954095151
2021-08-06,25.1625,25.22,24.1975,24.3095,3.190867220448888
2021-08-09,24.33,24.37,22.25,23.447,3.154742554938599
2021-08-10,23.45,23.675,23.24,23.341,3.1502114708420503
2021-08-11,23.34,23.595,23.21,23.545,3.158913483695518
2021-08-12,23.54,23.552,23.01,23.181,3.1433329776195564
2021-08-13,23.19,23.835,23.17,23.72,3.1663185741295248
2021-08-16,23.74,23.905,23.43,23.844,3.17153261335768
2021-08-17,23.85,23.96,23.58,23.658,3.163701324123545
2021-08-18,23.68,23.83,23.3,23.515,3.1576385153970112
2021-08-19,23.53,23.54,23.1,23.245,3.146090055142548
2021-08-20,23.24,23.33,22.88,23.04,3.1372318358276905
2021-08-23,23.02,23.7,22.98,23.638,3.162855586590049
2021-08-24,23.63,23.965,23.54,23.868,3.1725386496598356
2021-08-25,23.85,23.895,23.59,23.839,3.171322895008653
2021-08-26,23.85,23.875,23.44,23.554,3.1592956574193565
2021-08-27,23.57,24.12,23.35,24.07,3.1809662517949806
2021-08-30,24.0255,24.2165,23.9,24.0365,3.179573508385458
2021-08-31,24.0185,24.2085,23.8075,23.8915,3.173522747143961
2021-09-01,23.8975,24.2685,23.74,24.1455,3.1840980273322566
2021-09-02,24.1395,24.2205,23.78,23.897,3.1737529280462398
2021-09-03,23.9135,24.8725,23.8595,24.7095,3.2071877850730095
2021-09-06,24.7975,24.8215,24.63,24.6945,3.2065805467740494
2021-09-07,24.7005,24.8295,24.1655,24.3195,3.1912784976760964
2021-09-08,24.3305,24.4145,23.9095,23.9395,3.1755298143645194
2021-09-09,23.94,24.2935,23.8378,24.0415,3.1797815037271127
2021-09-10,24.0645,24.3015,23.74,23.7555,3.1678140826177534
2021-09-13,23.7605,23.8585,23.38,23.7455,3.1673930388440334
2021-09-14,23.7475,23.9645,23.4585,23.8595,3.1721824608760163
2021-09-15,23.8595,23.9105,23.66,23.8465,3.1716374560413296
2021-09-16,23.8525,23.97,22.6,22.9065,3.131420713079209
2021-09-17,22.9295,23.1395,22.33,22.3935,3.1087707381796172
2021-09-20,22.3665,22.5155,22.0385,22.2745,3.103442526415829
2021-09-21,22.2835,22.7245,22.23,22.4925,3.113181920309137
2021-09-22,22.484,23.1455,22.4551,22.6985,3.12229884300887
2021-09-23,22.7125,22.8835,22.461,22.5145,3.1141595460896694
2021-09-24,22.5245,22.8025,22.1,22.3725,3.1078325260748763
2021-09-27,22.4065,22.8495,22.38,22.629,3.1192322695396038
2021-09-28,22.6145,22.6725,22.1,22.4585,3.1116691616837935
2021-09-29,22.4655,22.5545,21.4225,21.5345,3.0696563002193504
2021-09-30,21.539,22.2375,21.47,22.1755,3.0989880758557606
2021-10-01,22.1875,22.5875,21.98,22.5015,3.1135819736549175
2021-10-04,22.5025,22.7695,22.2865,22.6815,3.1215496142386963
2021-10-05,22.6845,22.6855,22.3755,22.6215,3.1189007814867122
2021-10-06,22.6245,22.6815,22.2175,22.6195,3.118812366111221
2021-10-07,22.612,22.8085,22.3905,22.5905,3.1175294639224376
2021-10-08,22.5776,23.1865,22.4385,22.6465,3.120005314602452
2021-10-11,22.6725,22.8235,22.5053,22.5825,3.1171752700418613
2021-10-12,22.5985,22.7615,22.3485,22.5625,3.1162892360931
2021-10-13,22.5435,23.2445,22.4745,23.0915,3.1394645844439144
2021-10-14,23.0955,23.5825,22.9035,23.5185,3.1577873454864775
2021-10-15,23.5265,23.5915,23.0715,23.3225,3.149418559852979
2021-10-18,23.3275,23.4555,23.0205,23.1965,3.1440014052224723
2021-10-19,23.194,24.1205,23.1885,23.6675,3.164102799020909
2021-10-20,23.6357,24.4215,23.5745,24.2985,3.190414620046165
2021-10-21,24.3085,24.4855,24.0,24.1535,3.184429297133833
2021-10-22,24.125,24.8285,24.1245,24.3335,3.1918540017718935
2021-10-25,24.37,24.6175,24.294,24.5715,3.201587234730659
2021-10-26,24.5496,24.5715,23.8815,24.1555,3.184512097440241
2021-10-27,24.1605,24.2535,23.8415,24.0655,3.180779279601356
2021-10-28,24.0595,24.2435,23.9635,24.0755,3.1811947259005118
2021-10-29,24.0825,24.0875,23.6625,23.8785,3.172978472481163
2021-11-01,23.8015,24.0895,23.7515,24.0135,3.178616172204122
2021-11-02,24.0135,24.0665,23.3925,23.5165,3.157702302433381
2021-11-03,23.5145,23.6225,23.0275,23.5905,3.1608440886167526
2021-11-04,23.5905,24.0395,23.4445,23.7745,3.1686135777160933
2021-11-05,23.7755,24.1685,23.6315,24.1635,3.184843230123993
2021-11-08,24.186,24.5145,24.05,24.4575,3.1969369173494466
2021-11-09,24.4615,24.4745,24.0325,24.3085,3.190826083421444
2021-11-10,24.3125,25.1305,24.0675,24.6395,3.2043508462516375
2021-11-11,24.6222,25.2665,24.59,25.2555,3.229043953783827
2021-11-12,25.2475,25.3845,24.8505,25.3045,3.23098224552991
2021-11-15,25.3195,25.3845,24.9145,25.0645,3.2214525023816507
2021-11-16,25.095,25.4055,24.76,24.8325,3.212153279107374
2021-11-17,24.8255,25.2075,24.8115,25.0845,3.2222501255071503
2021-11-18,25.0775,25.1595,24.6875,24.8055,3.2110654027762235
2021-11-19,24.8075,24.9825,24.5605,24.5865,3.2021975118153874
2021-11-22,24.6415,24.8865,24.1075,24.1845,3.185711932089767
2021-11-23,24.2135,24.3245,23.2785,23.6595,3.1637647256135013
2021-11-24,23.6505,23.6845,23.4005,23.5505,3.1591470516595486
2021-11-25,23.5525,23.7285,23.5165,23.6015,3.1613102693337902
2021-11-26,23.6185,23.7275,22.9235,23.1435,3.141713963569053
2021-11-29,23.1345,23.4435,22.7575,22.9065,3.131420713079209
2021-11-30,22.9085,23.3095,22.6965,22.8385,3.1284477083754694
2021-12-01,22.836,23.0325,22.1885,22.3345,3.1061325681644276
2021-12-02,22.3145,22.5035,22.2215,22.3855,3.1084134278294484
2021-12-03,22.4,22.5745,22.0395,22.5455,3.1155354894936114
2021-12-06,22.6105,22.6135,22.1355,22.3875,3.10850276738683
2021-12-07,22.3895,22.6005,22.2375,22.4995,3.113493086741235
2021-12-08,22.4938,22.5675,22.3115,22.4325,3.1105108001900756
2021-12-09,22.4186,22.4755,21.8675,21.9615,3.0892909203195096
2021-12-10,21.9895,22.2315,21.8295,22.1765,3.099033169650862
2021-12-13,22.1855,22.4185,22.1475,22.3345,3.1061325681644276
2021-12-14,22.3005,22.3395,21.6945,21.9485,3.088698800056252
2021-12-15,21.9324,22.1245,21.4285,22.0895,3.0951023824995336
2021-12-16,22.0737,22.5365,21.9165,22.4815,3.112692748778059
2021-12-17,22.4676,22.6795,22.3513,22.3635,3.1074301655544265
2021-12-20,22.3985,22.4495,22.1975,22.2655,3.1030383952922325
2021-12-21,22.28,22.7765,22.1835,22.5155,3.114203960924231
2021-12-22,22.4939,22.8345,22.4465,22.7995,3.1267386058953717
2021-12-23,22.7805,22.9345,22.6615,22.8815,3.1303287238032302
2021-12-27,22.8735,23.1155,22.6535,23.0595,3.138077832038627
2021-12-28,23.0301,23.4345,22.9695,23.0145,3.136124452071233
2021-12-29,22.9826,23.1595,22.5942,22.8285,3.128009755360827
2021-12-30,22.8335,23.1145,22.6045,23.0415,3.1372969378751727
2021-12-31,23.053,23.3355,23.04,23.2665,3.147014557750778
2022-01-03,23.342,23.4025,22.6805,22.8985,3.131071406231426
2022-01-04,22.9025,23.1015,22.6485,23.0495,3.1376440772334138
2022-01-05,23.0361,23.2565,22.7315,22.7965,3.126607015404788
2022-01-06,22.755,22.8215,22.0105,22.1945,3.099844510435943
2022-01-07,22.1676,22.4385,21.9545,22.3065,3.104878115814711
2022-01-10,22.342,22.5195,22.1985,22.4685,3.112114328294746
2022-01-11,22.459,22.8035,22.4485,22.7815,3.125948803085618
2022-01-12,22.751,23.2215,22.6495,23.1435,3.141713963569053
2022-01-13,23.1285,23.2705,23.0035,23.0875,3.139291345525358
2022-01-14,23.0557,23.3115,22.8295,22.9445,3.133078256369443
2022-01-17,22.981,23.1155,22.8375,23.0245,3.1365588663789836
2022-01-18,23.021,23.6365,22.8074,23.4795,3.1561277000142502
2022-01-19,23.4745,24.2095,23.3819,24.1445,3.184056610889923
2022-01-20,24.1365,24.6995,24.0706,24.4755,3.1976726172170977
2022-01-21,24.4725,24.5765,24.1735,24.2285,3.187529626184936
2022-01-24,24.268,24.3135,23.5705,23.9825,3.177324397709966
2022-01-25,23.9654,23.9875,23.6045,23.8125,3.1702106528869196
2022-01-26,23.8345,23.9715,23.4405,23.5265,3.158127445394103
2022-01-27,23.5315,23.5995,22.5815,22.7765,3.1257293026676862
2022-01-28,22.7955,22.8225,22.1515,22.4075,3.1093957242493797
2022-01-31,22.462,22.6455,22.2535,22.4685,3.112114328294746
2022-02-01,22.4617,23.0455,22.4,22.6405,3.1197403378967703
2022-02-02,22.6295,22.8665,22.4715,22.6545,3.120358507692369
2022-02-03,22.6525,22.6615,22.0115,22.4225,3.110064919010021
2022-02-04,22.4095,22.6695,22.1215,22.5035,3.113670852668419
2022-02-07,22.525,23.1035,22.514,23.0105,3.135950633493935
2022-02-08,23.0125,23.2585,22.7785,23.1895,3.143699590017318
2022-02-09,23.1785,23.3555,23.1005,23.3135,3.1490325919264106
2022-02-10,23.2807,23.7145,23.1465,23.1965,3.1440014052224723
2022-02-11,23.1875,23.6905,22.8635,23.6125,3.161776232827628
2022-02-14,23.624,23.9405,23.5285,23.8525,3.171889033643864
2022-02-15,23.8675,23.9905,23.0885,23.3655,3.1512605754526333
2022-02-16,23.3708,23.6695,23.2835,23.5895,3.1608016977731688
2022-02-17,23.6235,23.9195,23.4245,23.8345,3.1711341108827398
2022-02-18,23.8305,24.0855,23.6865,23.9265,3.1749866312984754
2022-02-21,24.033,24.059,23.7005,23.9575,3.17628142723578
2022-02-22,23.994,24.3645,23.9105,24.1055,3.1824400302269873
2022-02-23,24.1125,24.5905,24.0305,24.5515,3.200772952170347
2022-02-24,24.5585,25.6175,23.8685,24.2225,3.1872819532770222
2022-02-25,24.2825,24.4985,23.8805,24.2475,3.1883135192855607
2022-02-28,24.664,24.793,24.0945,24.4525,3.196732460182511
2022-03-01,24.4475,25.5445,24.2835,25.3745,3.233744732734319
2022-03-02,25.396,25.4235,24.8615,25.3005,3.230824158384042
2022-03-03,25.3085,25.4755,24.9785,25.1835,3.2261890181624255
2022-03-04,25.1945,25.7375,25.0455,25.5905,3.242221188863192
2022-03-07,25.879,26.1425,25.2985,25.6755,3.2455372298216916
2022-03-08,25.6565,26.9295,25.3575,26.412,3.273818452332325
2022-03-09,26.403,26.7825,25.4165,25.7795,3.249579602443206
2022-03-10,25.7785,26.0605,25.3215,25.9175,3.2549184162151303
2022-03-11,25.9235,25.9955,25.4215,25.8215,3.2512074782314637
2022-03-14,25.6555,25.7635,24.9375,25.1005,3.2228877662580566
2022-03-15,25.0995,25.1195,24.5405,24.8815,3.214124555442714
2022-03-16,24.8805,25.133,24.4725,25.0625,3.2213727050667877
2022-03-17,25.0625,25.5425,25.0615,25.3345,3.2321671031894104
2022-03-18,25.3345,25.4485,24.8365,24.9715,3.21773517457393
2022-03-21,24.9935,25.3095,24.8975,25.2295,3.2280139447792253
2022-03-22,25.2305,25.3825,24.5805,24.7795,3.210016698434876
2022-03-23,24.7795,25.2025,24.6795,25.1505,3.2248777770638353
2022-03-24,25.1515,25.8505,24.9725,25.5475,3.240539464504227
2022-03-25,25.5475,25.7265,25.2635,25.5245,3.2396387752202798
2022-03-28,25.52,25.5955,24.7995,24.8745,3.2138431823401263
2022-03-29,24.8874,25.0105,23.9785,24.7775,3.2099359832987266
2022-03-30,24.8065,25.0635,24.7045,24.8665,3.2135215161062756
2022-03-31,24.8898,25.0875,24.5755,24.7925,3.210541188078143
2022-04-01,24.801,24.8645,24.4415,24.6035,3.202888709240751
2022-04-04,24.628,24.8465,24.2835,24.5355,3.200121048384553
2022-04-05,24.5517,24.9415,24.2285,24.3295,3.1916896058238833
2022-04-06,24.3709,24.5685,24.1285,24.4585,3.1969778037669845
2022-04-07,24.456,24.6615,24.2535,24.5905,3.202360189490269
2022-04-08,24.5953,24.8085,24.3775,24.7265,3.2078755430093353
2022-04-11,24.789,25.3745,24.6775,25.0915,3.222529143366103
2022-04-12,25.0698,25.6105,24.8755,25.3755,3.233784141601319
2022-04-13,25.4013,25.8325,25.3525,25.7405,3.2480656269987422
2022-04-14,25.731,25.8725,25.3045,25.65,3.2445435716167785
2022-04-18,25.674,26.2185,25.6135,25.8675,3.2529873544969687
2022-04-19,25.851,25.9985,25.0605,25.1815,3.2261095979300793
2022-04-20,25.1914,25.2945,24.8955,25.1955,3.22666540714303
2022-04-21,25.2018,25.2018,24.4225,24.6565,3.2050405574117278
2022-04-22,24.657,24.6685,24.0535,24.1715,3.1851742531951857
2022-04-25,24.15,24.1785,23.4035,23.6315,3.162580567812995
2022-04-26,23.6475,23.9255,23.4035,23.5145,3.157617252147348
2022-04-27,23.472,23.6925,23.2505,23.3095,3.1488610027961608
2022-04-28,23.3151,23.4045,22.8985,23.1575,3.1423187021460453
2022-04-29,23.1628,23.5635,22.7365,22.7695,3.125421921116941
2022-05-02,22.761,22.8565,22.1285,22.6415,3.119784505557216
2022-05-03,22.6484,22.8405,22.4255,22.5735,3.1167766519127458
2022-05-04,22.601,23.0945,22.2215,22.9795,3.1346025141334213
2022-05-05,23.0099,23.2785,22.3245,22.5205,3.1144260055116963
2022-05-06,22.5116,22.6435,22.1065,22.3735,3.1078772228075526
2022-05-09,22.34,22.3725,21.7005,21.7985,3.0818411600882603
2022-05-10,21.8189,22.1005,21.1985,21.2735,3.0574621666859265
2022-05-11,21.253,21.9665,21.2475,21.5755,3.0715584116719876
2022-05-12,21.5807,21.6635,20.6195,20.6865,3.029481313600365
2022-05-13,20.71,21.0925,20.4595,21.0455,3.0466867605527996
2022-05-16,21.09,21.6855,20.8475,21.6225,3.07373443919853
2022-05-17,21.6425,21.9165,21.5135,21.6325,3.074196813498757
2022-05-18,21.6347,21.7545,21.3765,21.4125,3.0639748636502384
2022-05-19,21.426,21.9795,21.2835,21.9285,3.0877871606376432
2022-05-20,21.93,22.0785,21.6155,21.7625,3.0801883050943073
2022-05-23,21.794,22.1885,21.6825,21.7985,3.0818411600882603
2022-05-24,21.797,22.2015,21.6715,22.1115,3.0960978351733055
2022-05-25,22.12,22.1465,21.7415,21.9905,3.090610541916178
2022-05-26,21.9889,22.0705,21.7305,22.0145,3.091701327162383
2022-05-27,22.0155,22.4455,21.9415,22.0795,3.094649576224958
2022-05-30,22.117,22.2805,21.9195,21.9825,3.09024668227102
2022-05-31,22.0005,22.0165,21.4775,21.5595,3.070816554677259
2022-06-01,21.5456,21.9755,21.4405,21.8355,3.083537085690688
2022-06-02,21.838,22.3355,21.7665,22.3095,3.105012596718625
2022-06-03,22.322,22.4835,21.8515,21.9255,3.08765034301532
2022-06-06,21.923,22.5155,21.8985,22.0845,3.094876004991436
2022-06-07,22.09,22.2835,21.8835,22.2305,3.1014652198509163
2022-06-08,22.2466,22.2475,21.8185,22.0475,3.093199216780199
2022-06-09,22.0545,22.1465,21.5545,21.6895,3.076828272475338
2022-06-10,21.7193,21.9915,21.2905,21.8765,3.085413001321337
2022-06-13,21.939,22.0125,20.9745,21.0925,3.048917527057645
2022-06-14,21.138,21.3795,20.9005,21.0365,3.046259024221959
2022-06-15,21.0688,21.8385,21.0095,21.6805,3.076413239036132
2022-06-16,21.643,21.9645,21.3525,21.9505,3.088789918305022
2022-06-17,21.9343,21.9505,21.5805,21.6585,3.0753979870972463
2022-06-20,21.69,21.7635,21.4855,21.6015,3.07276275672341
2022-06-21,21.594,21.9385,21.4965,21.6905,3.0768743766708284
2022-06-22,21.6854,21.6905,21.2375,21.4235,3.064488450364301
2022-06-23,21.4335,21.5045,20.9255,20.9595,3.042592004206475
2022-06-24,20.9633,21.2235,20.6155,21.1455,3.0514271168969525
2022-06-27,21.228,21.5395,21.0965,21.1515,3.051710824963257
2022-06-28,21.185,21.3625,20.8005,20.8605,3.0378574186046383
2022-06-29,20.859,21.0605,20.6345,20.7485,3.032473954907094
2022-06-30,20.748,20.8235,20.2155,20.2755,3.009413260609855
2022-07-01,20.2939,20.2965,19.3895,19.8725,2.9893368664651305
2022-07-04,19.894,20.0,19.7715,19.9715,2.994306257275912
2022-07-05,19.9825,20.2055,19.1045,19.2285,2.956393553438162
2022-07-06,19.2595,19.4035,18.9235,19.2025,2.9550404788907
2022-07-07,19.2205,19.4875,19.1065,19.2355,2.956757530147671
2022-07-08,19.2405,19.4515,19.0225,19.3005,2.9601310023110177
2022-07-11,19.297,19.3705,19.0695,19.1185,2.9506564526629
2022-07-12,19.109,19.2025,18.7485,18.9375,2.941144083269588
2022-07-13,18.9055,19.4115,18.8665,19.2145,2.9556652023407497
2022-07-14,19.244,19.244,18.1465,18.4255,2.9137355747492597
2022-07-15,18.4465,18.7805,18.1905,18.6645,2.9266233239016586
2022-07-18,18.698,19.0175,18.6415,18.6985,2.9284433067394904
2022-07-19,18.7267,18.9095,18.5875,18.7525,2.9313270768616544
2022-07-20,18.787,19.0975,18.6535,18.6775,2.9273195908678193
2022-07-21,18.6955,18.8835,18.2465,18.8565,2.9368576820408583
2022-07-22,18.8406,18.9465,18.5135,18.5805,2.922112643680227
2022-07-25,18.604,18.7885,18.3195,18.4355,2.9142781536399753
2022-07-26,18.4295,18.7205,18.3895,18.6265,2.924585297935452
2022-07-27,18.657,19.1325,18.4545,19.0895,2.9491384456712315
2022-07-28,19.1055,20.0265,19.0595,20.0145,2.9964570108684483
2022-07-29,19.985,20.3115,19.8555,20.2695,3.0091172931641132
2022-08-01,20.34,20.5095,20.0885,20.3595,3.0135476334239923
2022-08-02,20.3582,20.5075,19.9535,19.9895,2.9952071356932377
2022-08-03,19.9995,20.1705,19.7895,20.0605,2.9987527074474882
2022-08-04,20.07,20.3835,19.9675,20.1815,3.0047663431838623
2022-08-05,20.2015,20.3195,19.5655,19.8815,2.9897896510983126
2022-08-08,19.904,20.7405,19.8015,20.6715,3.0287559400011723
2022-08-09,20.681,20.7395,20.4155,20.5335,3.0220576987215395
2022-08-10,20.5229,20.8405,20.3495,20.5945,3.0250240498560204
2022-08-11,20.6173,20.6345,20.2525,20.3105,3.0111379937038394
2022-08-12,20.3175,20.8315,20.2445,20.8045,3.035169309461664
2022-08-15,20.789,20.8735,20.0915,20.2695,3.0091172931641132
2022-08-16,20.3139,20.3139,19.9195,20.1365,3.002534088672919
2022-08-17,20.1523,20.2755,19.7005,19.7955,2.9854546391428567
2022-08-18,19.7965,19.9345,19.4875,19.5415,2.972540409277315
2022-08-19,19.5655,19.5765,19.0305,19.0525,2.9471983265581354
2022-08-22,19.057,19.1565,18.7245,18.9925,2.9440441643952395
2022-08-23,19.0154,19.2795,18.8005,19.1145,2.9504472093383063
2022-08-24,19.143,19.2285,18.9585,19.1165,2.9505518364734495
2022-08-25,19.125,19.4015,19.1105,19.2515,2.957588979775948
2022-08-26,19.2562,19.4225,18.8295,18.8555,2.936804648523663
2022-08-29,18.8785,18.9085,18.5175,18.7875,2.933191755079093
2022-08-30,18.7752,18.8445,18.3545,18.4345,2.9142239089966204
2022-08-31,18.4111,18.5465,17.9405,17.9945,2.8900661556489986
2022-09-01,17.991,18.0005,17.5665,17.8135,2.879956596803936
2022-09-02,17.8045,18.2875,17.7805,17.9855,2.88956587770638
2022-09-05,18.046,18.2485,17.9505,18.1535,2.8988633795856704
2022-09-06,18.161,18.5745,17.9445,18.0095,2.8908993964482357
2022-09-07,18.009,18.4775,17.8495,18.4585,2.9155249690017984
2022-09-08,18.4678,18.7415,18.3265,18.5395,2.9199035910577575
2022-09-09,18.53,18.9485,18.5295,18.7985,2.9337770794186904
2022-09-12,18.874,20.0145,18.8465,19.8045,2.9859091846052284
2022-09-13,19.8015,19.9455,19.333,19.3455,2.9624598342904185
2022-09-14,19.325,19.6965,19.2405,19.6355,2.977339152437099
2022-09-15,19.6245,19.6665,19.1175,19.1755,2.953633422532653
2022-09-16,19.16,19.6245,18.7845,19.5365,2.9722845108164275
2022-09-19,19.554,19.6615,19.2245,19.5615,2.973563348782929
2022-09-20,19.5665,19.5795,19.0625,19.2785,2.9589904853258826
2022-09-21,19.278,19.9145,19.2425,19.5635,2.9736655852047433
2022-09-22,19.5655,19.8605,19.2485,19.6385,2.977491925264203
2022-09-23,19.633,19.7145,18.7765,18.8635,2.937228837930591
2022-09-26,18.869,19.0335,18.3325,18.3615,2.9102560812015397
2022-09-27,18.378,18.7865,18.3225,18.3935,2.9119973413340547
2022-09-28,18.4063,18.9755,17.9735,18.8995,2.9391354666892013
2022-09-29,18.9035,18.9125,18.4995,18.8245,2.935159212908256
2022-09-30,18.825,19.2915,18.7805,19.0195,2.945464768653935
2022-10-03,19.016,20.7155,19.011,20.7095,3.030592532189925
2022-10-04,20.679,21.2385,20.6125,21.0665,3.0476841010610016
2022-10-05,21.04,21.0725,19.9435,20.6495,3.02769110603884
2022-10-06,20.6465,20.8695,20.3615,20.6565,3.0280300398531534
2022-10-07,20.655,20.8235,20.0025,20.0945,3.000446145780211
2022-10-10,20.168,20.1925,19.5175,19.6065,2.975861143911579
2022-10-11,19.6205,19.7225,19.0655,19.1585,2.9527464813778326
2022-10-12,19.1625,19.3145,18.8675,19.0225,2.945622489068541
2022-10-13,19.0479,19.3095,18.4595,18.8865,2.938447381127728
2022-10-14,18.9,19.072,18.0915,18.2545,2.904411624976263
2022-10-17,18.258,18.9425,18.228,18.6715,2.926998297122251
2022-10-18,18.6724,18.9255,18.5485,18.7355,2.930420119906612
2022-10-19,18.7443,18.8105,18.3675,18.4555,2.9153624290437006
2022-10-20,18.4542,19.0015,18.2315,18.6745,2.9271589568987437
2022-10-21,18.6609,19.3055,18.2855,19.2815,2.9591460869859474
2022-10-24,19.416,19.6755,19.0205,19.2225,2.9560814679241987
2022-10-25,19.2315,19.4325,18.7905,19.3465,2.962511524562321
2022-10-26,19.3291,19.7785,19.2175,19.5895,2.9749937084045905
2022-10-27,19.55,19.6705,19.2955,19.6045,2.975759131721034
2022-10-28,19.5975,19.6395,19.0045,19.2695,2.9585235350216625
2022-10-31,19.2195,19.2565,18.9065,19.1505,2.9523288249463784
2022-11-01,19.1495,20.0165,19.1455,19.6335,2.977237290917747
2022-11-02,19.6365,20.0715,19.2055,19.2075,2.955300827759653
2022-11-03,19.2065,19.5435,18.8355,19.4575,2.9682325998514063
2022-11-04,19.4585,20.9065,19.4185,20.8615,3.037905354945187
2022-11-07,20.468,21.0085,20.3875,20.8035,3.0351212417823623
2022-11-08,20.794,21.6245,20.4945,21.3555,3.061309317739773
2022-11-09,21.344,21.5955,20.9965,21.0705,3.047873957956937
2022-11-10,21.03,21.8235,20.9595,21.6835,3.076551602655945
2022-11-11,21.6585,22.0515,21.2785,21.6565,3.075305640335089
2022-11-14,21.676,22.0885,21.2975,21.9885,3.090519589416058
2022-11-15,21.9765,22.2475,21.3925,21.5645,3.0710484441134156
2022-11-16,21.545,22.0425,21.3955,21.4705,3.06667989992879
2022-11-17,21.475,21.4895,20.7635,20.9555,3.042401141746156
2022-11-18,20.982,21.2915,20.8435,20.9035,3.0399166090650485
2022-11-21,20.949,21.0135,20.5885,20.8485,3.0372820032107857
2022-11-22,20.8491,21.3365,20.8365,21.0865,3.048633025289444
2022-11-23,21.0875,21.5895,20.9135,21.5345,3.0696563002193504
2022-11-24,21.5385,21.6775,21.4615,21.5075,3.068401711513366
2022-11-25,21.482,21.5525,21.1615,21.4605,3.0662140360923615
2022-11-28,21.386,21.6155,20.8715,20.9355,3.0414462826346718
2022-11-29,20.941,21.4485,20.9025,21.2585,3.056756815391753
2022-11-30,21.2475,22.2025,21.2025,22.1925,3.099754393960337
2022-12-01,22.231,22.7825,22.0455,22.7495,3.1245431671334614
2022-12-02,22.728,23.236,22.291,23.137,3.1414330677255453
2022-12-05,23.096,23.519,22.168,22.251,3.1023869514225306
2022-12-06,22.2415,22.607,22.045,22.198,3.1000021947297878
2022-12-07,22.1831,22.815,22.096,22.725,3.1234656400635425
2022-12-08,22.732,23.222,22.549,23.067,3.1384030247181536
2022-12-09,23.098,23.686,22.965,23.421,3.1536330558062637
2022-12-12,23.455,23.531,23.114,23.315,3.149096930260284
2022-12-13,23.3154,24.123,23.3,23.733,3.166866484707369
2022-12-14,23.724,24.04,23.401,23.937,3.1754253789942535
2022-12-15,23.9274,23.941,22.977,23.092,3.139486237198687
2022-12-16,23.0827,23.251,22.559,23.205,3.144367772693139
2022-12-19,23.185,23.411,22.84,22.987,3.13492883874228
2022-12-20,22.976,24.253,22.885,24.148,3.18420156093418
2022-12-21,24.1465,24.302,23.83,23.97,3.176803048446293
2022-12-22,23.9705,24.087,23.382,23.573,3.1601019892898106
2022-12-23,23.578,23.894,23.519,23.734,3.1669086192429474
2022-12-27,23.9135,24.282,23.793,24.045,3.179927074729626
2022-12-28,24.0545,24.073,23.467,23.549,3.159083356715844
2022-12-29,23.5569,24.061,23.523,23.906,3.174129473455789
2022-12-30,23.901,24.145,23.529,23.935,3.175341822844472
2023-01-03,24.105,24.547,23.888,24.009,3.178428760053019
2023-01-04,23.9947,24.452,23.599,23.76,3.168003494494444
2023-01-05,23.7829,23.915,23.12,23.243,3.1460040114322902
2023-01-06,23.249,23.91,23.204,23.846,3.17161648838394
2023-01-09,23.887,24.103,23.584,23.655,3.1635745090831113
2023-01-10,23.652,23.769,23.429,23.609,3.1616279952660764
2023-01-11,23.5955,24.041,23.219,23.417,3.1534622543198756
2023-01-12,23.4,24.179,23.383,23.774,3.1685925465584326
2023-01-13,23.7645,24.294,23.497,24.275,3.1894470141773885
2023-01-16,24.276,24.512,23.939,24.2875,3.1899618147035587
2023-01-17,24.2885,24.372,23.828,23.933,3.1752582597124777
2023-01-18,23.925,24.339,23.428,23.474,3.1558934256779323
2023-01-19,23.4675,23.94,23.174,23.838,3.171280946060517
2023-01-20,23.853,24.077,23.709,23.938,3.1754671544511788
2023-01-23,23.936,24.16,22.766,23.459,3.155254216570876
2023-01-24,23.461,23.74,23.215,23.671,3.164250670204254
2023-01-25,23.6666,23.939,23.334,23.911,3.174338604100465
2023-01-26,23.923,24.29,23.601,23.915,3.17450587713226
2023-01-27,23.9015,24.005,23.304,23.565,3.159762560375694
2023-01-30,23.574,23.807,23.545,23.606,3.1615009170068773
2023-01-31,23.6,23.767,22.973,23.733,3.166866484707369
2023-02-01,23.725,24.04,23.368,23.969,3.1767613287608536
2023-02-02,23.9795,24.624,23.424,23.464,3.15546733167515
2023-02-03,23.4675,23.605,22.291,22.349,3.1067815773292855
2023-02-06,22.324,22.617,22.147,22.273,3.1033751825693474
2023-02-07,22.269,22.459,22.047,22.18,3.099190981922221
2023-02-08,22.2,22.538,22.18,22.322,3.1055727392335233
2023-02-09,22.3265,22.59,21.914,21.98,3.090132948975475
2023-02-10,21.975,22.306,21.837,22.021,3.091996543524055
2023-02-13,22.014,22.083,21.793,21.993,3.0907242209095593
2023-02-14,21.9985,22.039,21.609,21.854,3.0843839711485534
2023-02-15,21.875,21.881,21.429,21.624,3.0738038089741466
2023-02-16,21.63,21.816,21.433,21.583,3.0719059677768334
2023-02-17,21.589,21.808,21.18,21.767,3.0803950614327
2023-02-20,21.681,21.909,21.552,21.8175,3.082712400055329
2023-02-21,21.825,21.974,21.65,21.838,3.0836515715918744
2023-02-22,21.85,21.982,21.449,21.519,3.068936265812407
2023-02-23,21.5215,21.679,21.268,21.317,3.0595048764510575
2023-02-24,21.328,21.4,20.739,20.766,3.033317033881262
2023-02-27,20.81,20.845,20.562,20.631,3.026794799005809
2023-02-28,20.65,21.005,20.426,20.897,3.0396056079979608
2023-03-01,20.875,21.178,20.836,20.992,3.0441414127616784
2023-03-02,20.995,21.018,20.679,20.899,3.039701310936114
2023-03-03,20.901,21.27,20.847,21.256,3.0566392084575122
2023-03-06,21.258,21.307,20.981,21.052,3.0469955674915323
2023-03-07,21.0442,21.141,20.032,20.075,2.9994752598328254
2023-03-08,20.101,20.227,19.917,20.026,2.997031429285611
2023-03-09,20.038,20.291,19.98,20.07,2.9992261628082466
2023-03-10,20.1,20.792,19.905,20.527,3.021741092735042
2023-03-13,20.741,21.928,20.595,21.777,3.0808543669708133
2023-03-14,21.778,21.971,21.513,21.692,3.076943528978814
2023-03-15,21.694,22.388,21.551,21.797,3.0817723456463755
2023-03-16,21.799,22.093,21.475,21.72,3.0782334950657346
2023-03-17,21.725,22.606,21.667,22.604,3.118126881767597
2023-03-20,22.415,22.717,22.229,22.537,3.1151584030365287
2023-03-21,22.537,22.649,22.158,22.382,3.1082570643958354
2023-03-22,22.387,23.066,22.276,22.888,3.1306127557478094
2023-03-23,22.888,23.224,22.762,23.08,3.138966441639899
2023-03-24,23.077,23.525,22.967,23.225,3.1452292846999024
2023-03-27,23.284,23.284,22.854,23.078,3.138879782772476
2023-03-28,23.083,23.377,22.832,23.327,3.149611487966419
2023-03-29,23.341,23.418,23.049,23.34,3.15016862685841
2023-03-30,23.3255,23.932,23.237,23.912,3.1743804249816368
2023-03-31,23.913,24.163,23.696,24.081,3.1814231478175494
2023-04-03,24.099,24.193,23.574,23.986,3.1774703268095292
2023-04-04,23.9855,25.021,23.828,25.0,3.2188758248682006
2023-04-05,24.9815,25.138,24.646,24.947,3.2167535744870994
2023-04-06,24.95,25.003,24.568,24.9765,3.2179353827911443
2023-04-10,24.782,25.076,24.654,24.872,3.2137426727564526
2023-04-11,24.873,25.133,24.837,25.052,3.2209536646631665
2023-04-12,25.042,25.671,25.042,25.504,3.2388353026078045
2023-04-13,25.475,25.964,25.393,25.824,3.2513042920875384
2023-04-14,25.832,26.086,25.161,25.379,3.233922060406767
2023-04-17,25.33,25.604,24.818,25.036,3.220314789062455
2023-04-18,25.025,25.32,24.932,25.192,3.2265264837987235
2023-04-19,25.191,25.371,24.647,25.287,3.2302904296834547
2023-04-20,25.275,25.495,25.058,25.29,3.2304090606818736
2023-04-21,25.275,25.383,24.906,25.036,3.220314789062455
2023-04-24,25.088,25.235,24.792,25.159,3.2252156854143803
2023-04-25,25.1635,25.36,24.499,25.014,3.2194356681267147
2023-04-26,25.0044,25.226,24.729,24.884,3.214225026652773
2023-04-27,24.9,25.1325,24.519,24.925,3.215871315847902
2023-04-28,24.9245,25.068,24.732,25.035,3.220274845781908
2023-05-01,25.057,25.914,24.885,24.995,3.2186758048655335
2023-05-02,24.982,25.486,24.583,25.378,3.233882656974723
2023-05-03,25.369,25.597,25.092,25.574,3.2415762103889767
2023-05-04,25.674,26.063,25.442,26.048,3.2599409898201297
2023-05-05,26.031,26.137,25.172,25.66,3.2449333591874905
2023-05-08,25.666,25.737,25.509,25.558,3.2409503791865117
2023-05-09,25.5485,25.674,25.329,25.606,3.242826699023987
2023-05-10,25.594,25.916,25.226,25.395,3.2345523042532083
2023-05-11,25.408,25.476,24.14,24.188,3.1858566424109664
2023-05-12,24.1915,24.201,23.741,23.984,3.177386941360242
2023-05-15,23.9405,24.211,23.88,24.094,3.181962846844661
2023-05-16,24.0915,24.105,23.639,23.751,3.1676246348574066
2023-05-17,23.748,23.88,23.552,23.743,3.1672877501951056
2023-05-18,23.725,23.783,23.331,23.496,3.156830193896319
2023-05-19,23.525,24.014,23.398,23.818,3.170441597345804
2023-05-22,23.852,23.92,23.607,23.629,3.162474771217431
2023-05-23,23.6395,23.655,23.112,23.45,3.1548704948922883
2023-05-24,23.425,23.537,23.027,23.065,3.138316317009784
2023-05-25,23.071,23.152,22.705,22.737,3.1239935534980017
2023-05-26,22.7275,23.334,22.686,23.295,3.14823874526876
2023-05-29,23.298,23.379,23.158,23.1705,3.142879917840278
2023-05-30,23.1795,23.344,22.93,23.194,3.1438936245345115
2023-05-31,23.199,23.616,23.099,23.519,3.15780860511975
2023-06-01,23.512,23.922,23.28,23.878,3.1729575329231965
2023-06-02,23.8685,24.022,23.585,23.62,3.1620938107692163
2023-06-05,23.604,23.687,23.254,23.577,3.1602716605521475
2023-06-06,23.582,23.776,23.341,23.593,3.1609500578645764
2023-06-07,23.5965,24.055,23.406,23.444,3.1546145986141827
2023-06-08,23.425,24.348,23.425,24.269,3.1891998157581996
2023-06-09,24.278,24.525,24.201,24.273,3.1893646214938123
2023-06-12,24.288,24.302,23.881,24.063,3.180675391052897
2023-06-13,24.075,24.393,23.601,23.673,3.1643351582070074
2023-06-14,23.665,24.08,23.655,23.923,3.174840339278444
2023-06-15,23.92,23.935,23.224,23.884,3.173208778684746
2023-06-16,23.9,24.208,23.836,24.15,3.184284380098582
2023-06-19,24.166,24.2,23.889,23.9555,3.1761979425864717
2023-06-20,23.985,24.027,23.06,23.156,3.142253926216758
2023-06-21,23.175,23.178,22.501,22.662,3.120689512958375
2023-06-22,22.6844,22.737,22.195,22.255,3.1025667024678176
2023-06-23,22.2495,22.681,22.113,22.413,3.109641147661774
2023-06-26,22.428,22.893,22.416,22.79,3.126321843257593
2023-06-27,22.8,23.095,22.755,22.86,3.1293886583666644
2023-06-28,22.8645,22.963,22.566,22.693,3.1220565068874855
2023-06-29,22.6975,22.88,22.284,22.574,3.1167988015334345
2023-06-30,22.5775,22.844,22.347,22.775,3.125663443146022
2023-07-03,22.788,23.071,22.709,22.9045,3.131333397805529
2023-07-04,22.8945,23.059,22.8755,22.973,3.134319613310034
2023-07-05,22.9645,23.301,22.77,23.1285,3.14106562329738
2023-07-06,23.131,23.2535,22.5275,22.7205,3.123267600653053
2023-07-07,22.7215,23.154,22.616,23.094,3.139572843529664
2023-07-10,23.115,23.1535,22.7515,23.145,3.141778774483234
2023-07-11,23.149,23.388,23.0215,23.1245,3.1408926615431167
2023-07-12,23.136,24.1515,23.1155,24.1265,3.183310821457995
2023-07-13,24.1025,24.8815,24.0985,24.8765,3.2139235827341315
2023-07-14,24.8615,25.024,24.684,24.901,3.2149079633068154
2023-07-17,24.924,24.961,24.604,24.839,3.2124149986059636
2023-07-18,24.842,25.1675,24.773,25.056,3.2211133198083925
2023-07-19,25.05,25.233,24.944,25.156,3.2250964366812567
2023-07-20,25.141,25.268,24.713,24.7625,3.2093304120246695
2023-07-21,24.78,24.914,24.5925,24.602,3.2028277404465935
2023-07-24,24.607,24.727,24.27,24.3455,3.1923470275219326
2023-07-25,24.3445,24.725,24.296,24.687,3.2062767892916857
2023-07-26,24.7,25.035,24.522,24.935,3.216272438998086
2023-07-27,24.925,25.1447,24.046,24.1325,3.1835594797406332
2023-07-28,24.138,24.4085,24.1165,24.322,3.191381290558808
2023-07-31,24.348,24.838,24.198,24.7555,3.209047686549221
2023-08-01,24.75,24.7625,24.133,24.2965,3.1903323070509546
2023-08-02,24.357,24.49,23.659,23.715,3.1661077593295452
2023-08-03,23.7205,23.8455,23.4135,23.5755,3.1602080372023567
2023-08-04,23.572,23.7895,23.3345,23.604,3.1614161891949224
2023-08-07,23.629,23.683,23.0735,23.1345,3.1413250098496417
2023-08-08,23.1355,23.1885,22.6695,22.7765,3.1257293026676862
2023-08-09,22.7815,22.939,22.63,22.6735,3.1211968416631053
2023-08-10,22.672,23.003,22.629,22.698,3.1222768148789473
2023-08-11,22.7185,22.845,22.575,22.6805,3.121505524471924
2023-08-14,22.678,22.763,22.3685,22.6025,3.1180605196293842
2023-08-15,22.6067,22.71,22.2285,22.5325,3.114958711448428
2023-08-16,22.525,22.778,22.404,22.415,3.1097303776074026
2023-08-17,22.425,23.009,22.3535,22.6895,3.121902262409683
2023-08-18,22.7,22.888,22.641,22.757,3.124872790377082
2023-08-21,22.733,23.32,22.6695,23.3115,3.1489468010416393
2023-08-22,23.322,23.4545,23.2125,23.4075,3.153056483830907
2023-08-23,23.4207,24.3575,23.4075,24.313,3.191011186719896
2023-08-24,24.325,24.353,24.06,24.125,3.1832486472250494
2023-08-25,24.1535,24.3795,23.9235,24.2355,3.187818500402858
2023-08-28,24.234,24.354,24.054,24.2385,3.187942278098275
2023-08-29,24.232,24.797,24.175,24.722,3.2076935354656313
2023-08-30,24.675,25.013,24.531,24.614,3.203315386750145
2023-08-31,24.625,24.68,24.374,24.438,3.1961392978943306
2023-09-01,24.425,24.825,24.157,24.174,3.1852776754372654
2023-09-04,24.199,24.294,23.963,23.985,3.177428634954027
2023-09-05,23.9985,24.0045,23.4805,23.5455,3.1589347194012345
2023-09-06,23.525,23.5975,23.0065,23.1745,3.1430525362461443
2023-09-07,23.185,23.1875,22.8385,22.9715,3.134254317137455
2023-09-08,22.9765,23.175,22.858,22.92,3.132009891846539
2023-09-11,22.9165,23.224,22.91,23.079,3.1389231131449074
2023-09-12,23.0885,23.1855,22.8385,23.0705,3.1385547451194196
2023-09-13,23.0615,23.0945,22.7465,22.8345,3.1282725501852813
2023-09-14,22.8402,22.976,22.302,22.648,3.1200715478095984
2023-09-15,22.6512,23.29,22.628,23.018,3.1362765185462993
2023-09-18,23.0485,23.262,22.963,23.249,3.146262120355688
2023-09-19,23.2572,23.4165,23.0985,23.2015,3.1442169317546225
2023-09-20,23.197,23.6,23.05,23.2425,3.145982499347876
2023-09-21,23.225,23.4735,22.8125,23.4005,3.152757389656741
2023-09-22,23.399,23.7755,23.3955,23.5475,3.1590196577148353
2023-09-25,23.545,23.6495,23.0405,23.1305,3.141152092957392
2023-09-26,23.125,23.15,22.8475,22.8495,3.1289292352627283
2023-09-27,22.84,22.878,22.407,22.546,3.1155576666223395
2023-09-28,22.55,22.737,22.398,22.621,3.1188786783756983
2023-09-29,22.637,23.55,22.115,22.181,3.0992360665686522
2023-10-02,22.181,22.189,21.029,21.044,3.046615483868561
2023-10-03,21.075,21.3975,20.6895,21.1625,3.052230747459254
2023-10-04,21.187,21.3865,20.6955,21.0085,3.044927117734183
2023-10-05,21.01,21.2975,20.7135,20.9725,3.0432120557383127
2023-10-06,20.9875,21.6185,20.8185,21.5315,3.0695169791770036
2023-10-09,21.8135,22.0165,21.5745,21.8865,3.08587000839005
2023-10-10,21.8855,21.9605,21.6355,21.8385,3.0836744671993532
2023-10-11,21.8297,22.1245,21.8005,22.0405,3.0928816700527983
2023-10-12,22.0392,22.2431,21.757,21.825,3.0830561017256657
2023-10-13,21.8275,22.8145,21.8085,22.6845,3.121681871876768
2023-10-16,22.7175,22.728,22.478,22.61,3.1183922862898785
2023-10-17,22.6045,23.009,22.374,22.807,3.1270675063840128
2023-10-18,22.8125,23.321,22.684,22.854,3.129126156724522
2023-10-19,22.8416,23.085,22.644,23.054,3.1378392901788206
2023-10-20,23.0365,23.6995,22.8765,23.3495,3.1505755706094076
2023-10-23,23.331,23.3345,22.736,22.9795,3.1346025141334213
2023-10-24,22.956,23.208,22.664,22.917,3.1318789932273323
2023-10-25,22.898,23.022,22.562,22.861,3.129432401941834
2023-10-26,22.8485,23.139,22.449,22.794,3.1264973434335435
2023-10-27,22.8015,23.123,22.664,23.105,3.1400490443222298
2023-10-30,23.0585,23.6055,23.0415,23.2965,3.1483031346960386
2023-10-31,23.2965,23.3145,22.7405,22.85,3.128951117340214
2023-11-01,22.851,23.012,22.545,22.991,3.1351028350017995
2023-11-02,22.987,23.125,22.663,22.723,3.1233776273896607
2023-11-03,22.723,23.303,22.592,23.216,3.144841696141832
2023-11-06,23.2215,23.2575,22.9965,23.0305,3.136819424408902
2023-11-07,23.0255,23.074,22.431,22.635,3.119497380887922
2023-11-08,22.6392,22.844,22.306,22.549,3.1156907190673744
2023-11-09,22.529,22.994,22.366,22.639,3.1196740827481686
2023-11-10,22.634,22.742,22.196,22.21,3.100542637906336
2023-11-13,22.2575,22.362,21.883,22.314,3.105214284170988
2023-11-14,22.316,23.183,22.298,23.087,3.139269688550187
2023-11-15,23.102,23.6205,23.0345,23.4425,3.1545506143116433
2023-11-16,23.4475,24.0755,23.2865,23.7455,3.1673930388440334
2023-11-17,23.7445,24.1465,23.6675,23.7345,3.1669296858450107
2023-11-20,23.716,23.8115,23.2465,23.4355,3.1542519667562003
2023-11-21,23.432,24.0165,23.427,23.7465,3.167435151199805
2023-11-22,23.7455,23.9455,23.5405,23.6385,3.1628767387480985
2023-11-23,23.618,23.8385,23.6005,23.8355,3.1711760659907804
2023-11-24,23.7125,24.3385,23.5675,24.3325,3.191812905318512
2023-11-27,24.333,24.878,24.271,24.649,3.204736331714479
2023-11-28,24.629,25.036,24.547,25.03,3.2200751054436827
2023-11-29,25.023,25.259,24.856,25.023,3.2197954019275845
2023-11-30,25.015,25.29,24.925,25.271,3.2296574932328777
2023-12-01,25.2835,25.523,25.089,25.467,3.2373834964239405
2023-12-04,25.5375,25.9055,24.4215,24.5035,3.1988159644904286
2023-12-05,24.518,24.635,23.974,24.16,3.184698373066614
2023-12-06,24.165,24.359,23.877,23.902,3.1739621374446894
2023-12-07,23.8825,24.0275,23.5875,23.8035,3.16983262868887
2023-12-08,23.8175,23.8945,22.9425,23.0285,3.1367325792754315
2023-12-11,22.9975,23.102,22.723,22.824,3.127812613911199
2023-12-12,22.823,23.148,22.691,22.771,3.1254877965465275
2023-12-13,22.7725,23.812,22.511,23.807,3.169979655080372
2023-12-14,23.8075,24.2195,23.7645,24.1785,3.1854638085229583
2023-12-15,24.179,24.288,23.757,23.83,3.170945291110651
2023-12-18,23.857,24.0565,23.6635,23.8055,3.1699166464166595
2023-12-19,23.8005,24.1715,23.7705,24.0525,3.1802389412532825
2023-12-20,24.0515,24.4405,23.9545,24.1505,3.1843050838180056
2023-12-21,24.1405,24.4855,24.1375,24.3985,3.1945216549996296
2023-12-22,24.399,24.604,24.093,24.156,3.1845327964456547
2023-12-26,24.1925,24.4185,24.0655,24.2275,3.187488351626568
2023-12-27,24.228,24.454,23.953,24.27,3.18924101973851
2023-12-28,24.2735,24.492,23.953,23.977,3.1770950375196336
2023-12-29,23.9825,23.9925,23.5395,23.7955,3.1694964871701266
2024-01-02,23.831,24.0945,23.6415,23.6585,3.1637224584001724
2024-01-03,23.6495,23.7305,22.8435,22.9855,3.1348635823389723
2024-01-04,23.0015,23.073,22.696,23.008,3.1358419815386362
2024-01-05,23.0085,23.516,22.786,23.181,3.1433329776195564
2024-01-08,23.1465,23.2125,22.8415,23.1075,3.1401572401567956
2024-01-09,23.1145,23.3735,22.8965,22.9765,3.1344719544674686
2024-01-10,22.978,23.107,22.78,22.899,3.131093241484443
2024-01-11,22.9,23.171,22.477,22.751,3.124609100474877
2024-01-12,22.77,23.532,22.764,23.158,3.1423402931900815
2024-01-15,23.1835,23.3367,23.1105,23.2245,3.145207755942864
2024-01-16,23.233,23.235,22.8605,22.9185,3.1319444446787417
2024-01-17,22.917,22.949,22.512,22.557,3.1160454390639996
2024-01-18,22.559,22.762,22.429,22.746,3.1243893057622527
2024-01-19,22.756,22.844,22.466,22.582,3.1171531287583303
2024-01-22,22.6035,22.662,21.929,22.098,3.095487106690983
2024-01-23,22.087,22.456,22.059,22.443,3.1109787615583775
2024-01-24,22.446,22.961,22.344,22.67,3.1210424645194377
2024-01-25,22.68,23.025,22.651,22.912,3.131660790778235
2024-01-26,22.9015,22.983,22.705,22.807,3.1270675063840128
2024-01-29,22.8125,23.2325,22.772,23.205,3.144367772693139
2024-01-30,23.2055,23.3045,22.9425,23.1605,3.142448241418216
2024-01-31,23.171,23.3225,22.7835,22.9385,3.1328167215947245
2024-02-01,22.9345,23.255,22.515,23.177,3.1431604076204227
2024-02-02,23.1775,23.2505,22.4075,22.6625,3.1207115760809696
2024-02-05,22.729,22.7355,22.246,22.358,3.107184198848134
2024-02-06,22.347,22.488,22.264,22.428,3.110310178261426
2024-02-07,22.429,22.449,22.198,22.217,3.1008577615949906
2024-02-08,22.2055,22.636,22.145,22.5845,3.1172638302739473
2024-02-09,22.583,22.719,22.363,22.612,3.1184807388130444
2024-02-12,22.568,23.075,22.52,22.693,3.1220565068874855
2024-02-13,22.686,22.939,21.989,22.123,3.0966177913278496
2024-02-14,22.112,22.454,21.938,22.371,3.1077654772297674
2024-02-15,22.378,23.038,22.352,22.925,3.1322280181425284
2024-02-16,22.938,23.502,22.793,23.39,3.1523085805960878
2024-02-19,23.4145,23.4555,22.9375,22.9885,3.134994090887467
2024-02-20,22.9925,23.193,22.92,23.009,3.1358854437373958
2024-02-21,22.997,23.183,22.761,22.887,3.130569063776202
2024-02-22,22.902,23.165,22.741,22.747,3.124433268569725
2024-02-23,22.7525,23.001,22.563,22.959,3.1337100164958938
2024-02-26,22.951,22.951,22.451,22.521,3.114448207258975
2024-02-27,22.529,22.715,22.445,22.457,3.1116023695964046
2024-02-28,22.462,22.518,22.277,22.462,3.1118249925408445
2024-02-29,22.4685,22.79,22.314,22.671,3.1210865747066925
2024-03-01,22.6585,23.269,22.51,23.16,3.1424266527047946
2024-03-04,23.1605,23.9455,23.0215,23.8905,3.1734808903778084
2024-03-05,23.9,24.2265,23.6315,23.6725,3.1643140368755183
2024-03-06,23.6665,24.3045,23.5735,24.1755,3.1853397236487453
2024-03-07,24.1695,24.505,24.011,24.2955,3.190291148012424
2024-03-08,24.312,24.63,24.179,24.295,3.1902705678578664
2024-03-11,24.327,24.524,24.242,24.485,3.1980606851542808
2024-03-12,24.484,24.679,24.012,24.1415,3.183932351269998
2024-03-13,24.1415,25.05,24.0755,25.035,3.220274845781908
2024-03-14,25.028,25.158,24.743,24.816,3.211488606434183
2024-03-15,24.81,25.445,24.808,25.182,3.226129453579509
2024-03-18,25.118,25.327,24.947,25.032,3.220155006366581
2024-03-19,25.031,25.155,24.737,24.915,3.2154700317333678
2024-03-20,24.916,25.7325,24.747,25.6385,3.2440951280010473
2024-03-21,25.6445,25.7795,24.6485,24.749,3.20878508415803
2024-03-22,24.75,24.949,24.407,24.674,3.205750057649273
2024-03-25,24.662,24.892,24.558,24.663,3.205304144838106
2024-03-26,24.664,24.889,24.37,24.409,3.194951916748827
2024-03-27,24.407,24.675,24.331,24.581,3.2019737867928444
2024-03-28,24.582,25.007,24.394,24.97,3.217675104291682
2024-04-01,25.0265,25.388,24.746,25.085,3.2222700579362162
2024-04-02,25.094,26.173,25.079,26.14,3.2634667081960758
2024-04-03,26.1405,27.2,26.1155,27.1825,3.3025733838897677
2024-04-04,27.183,27.329,26.689,26.911,3.292535124955091
2024-04-05,26.95,27.49,26.29,27.384,3.3099589012278843
2024-04-08,27.444,28.088,26.869,27.853,3.326940680500105
2024-04-09,27.8535,28.3245,27.6235,28.1525,3.3376361605890437
2024-04-10,28.1565,28.5185,27.5365,27.9275,3.329611866462866
2024-04-11,27.9245,28.4985,27.7595,28.4455,3.3479899758298073
2024-04-12,28.4365,29.7945,27.9285,28.0305,3.3332932030482825
2024-04-15,28.2135,28.8915,27.5905,28.8755,3.362993484709353
2024-04-16,28.876,29.02,27.956,28.104,3.3359119149635257
2024-04-17,28.1075,28.8065,28.0705,28.2235,3.3401549642479598
2024-04-18,28.2145,28.6595,28.1385,28.2405,3.3407571178507394
2024-04-19,28.2255,28.9435,28.0765,28.6715,3.355903598024394
2024-04-22,28.65,28.6715,27.115,27.194,3.3029963607334945
2024-04-23,27.181,27.381,26.668,27.307,3.307143079579833
2024-04-24,27.302,27.49,27.037,27.166,3.301966191400299
2024-04-25,27.163,27.575,26.985,27.442,3.3120746864989834
2024-04-26,27.4405,27.732,27.087,27.226,3.304172399090281
2024-04-29,27.1975,27.433,26.963,27.142,3.301082343659179
2024-04-30,27.1465,27.1465,26.246,26.295,3.2693788070413077
2024-05-01,26.2745,26.9685,26.2665,26.6495,3.2827703887097712
2024-05-02,26.65,26.82,26.02,26.678,3.2838392557188523
2024-05-03,26.674,26.865,26.125,26.504,3.277295664997595
2024-05-06,26.5915,27.488,26.436,27.447,3.312256872365508
2024-05-07,27.452,27.521,27.167,27.24,3.3046864812813115
2024-05-08,27.222,27.478,27.012,27.337,3.308241095940791
2024-05-09,27.329,28.344,27.289,28.334,3.344062496957159
2024-05-10,28.3345,28.7665,28.0435,28.2085,3.3396233509663724
2024-05-13,28.209,28.3875,27.9715,28.2035,3.339446083717805
2024-05-14,28.1875,28.7375,28.1275,28.6115,3.3538087349082075
2024-05-15,28.6075,29.7395,28.4385,29.6725,3.390220690948523
2024-05-16,29.673,29.846,29.336,29.581,3.3871322633373215
2024-05-17,29.585,31.558,29.465,31.516,3.4504953533834417
2024-05-20,31.5785,32.511,30.951,31.831,3.460440657702794
2024-05-21,31.827,32.504,31.077,31.978,3.465048166363229
2024-05-22,31.984,32.201,30.759,30.798,3.427449752806221
2024-05-23,30.7845,30.9835,30.0665,30.1255,3.4053719891834553
2024-05-24,30.1295,30.6205,30.0505,30.3525,3.412878886435993
2024-05-27,30.372,31.8525,30.372,31.643,3.454516955092372
2024-05-28,31.6435,32.247,31.253,32.1,3.4688560301359703
2024-05-29,32.1095,32.2975,31.6195,31.9765,3.4650012580143157
2024-05-30,31.947,32.089,31.011,31.166,3.4393277570234226
2024-05-31,31.161,31.766,30.195,30.382,3.413850327785471
2024-06-03,30.4545,30.8075,29.7825,30.732,3.4253044570053883
2024-06-04,30.7505,30.8835,29.383,29.496,3.3842546609318434
2024-06-05,29.504,30.05,29.395,30.006,3.4013973616648214
2024-06-06,30.0305,31.3465,29.9715,31.3255,3.444432462346685
2024-06-07,31.356,31.55,29.1315,29.1725,3.3732264846981255
2024-06-10,29.2035,29.8195,29.1385,29.7485,3.3927787105524323
2024-06-11,29.867,29.87,29.036,29.285,3.3770754395417457
2024-06-12,29.2825,30.2585,29.1885,29.7285,3.3921061816503753
2024-06-13,29.735,29.739,28.67,28.965,3.3660882045485874
2024-06-14,28.9655,29.5815,28.8385,29.5795,3.3870815538267416
2024-06-17,29.563,29.5795,29.028,29.465,3.3832031182898765
2024-06-18,29.4655,29.6775,28.9285,29.5415,3.385796054419325
2024-06-19,29.541,29.791,29.347,29.761,3.393198811550889
2024-06-20,29.752,30.792,29.75,30.737,3.4254671406348938
2024-06-21,30.7375,30.8515,29.4695,29.5405,3.3857622031617476
2024-06-24,29.52,29.728,29.349,29.582,3.3871660682491784
2024-06-25,29.584,29.659,28.844,28.914,3.3643259068862506
2024-06-26,28.9145,29.0745,28.5745,28.7705,3.3593505566268993
2024-06-27,28.7755,29.2525,28.6845,28.9775,3.366519666780763
2024-06-28,28.9745,29.6235,28.7805,29.1125,3.3711676352104596
2024-07-01,29.175,29.4785,28.9615,29.4495,3.3826769320247765
2024-07-02,29.4785,29.8195,29.2115,29.5235,3.3851865563897903
2024-07-03,29.523,30.669,29.481,30.498,3.4176611076928203
2024-07-04,30.494,30.59,30.208,30.409,3.414738617228822
2024-07-05,30.406,31.487,30.191,31.218,3.4409948515362214
2024-07-08,31.1775,31.3665,30.4405,30.7625,3.4262964157171742
2024-07-09,30.7545,31.1495,30.5205,30.7985,3.4274659874948807
2024-07-10,30.8045,31.1645,30.6525,30.8165,3.4280502608215726
2024-07-11,30.8205,31.7515,30.8155,31.4575,3.448637428483986
2024-07-12,31.4465,31.4485,30.3895,30.7875,3.427108763446656
2024-07-15,30.802,31.0955,30.5345,30.6805,3.4236272736283166
2024-07-16,30.6775,31.4005,30.4975,31.2515,3.4420673750304474
2024-07-17,31.2375,31.4255,30.0605,30.3055,3.411329214194712
2024-07-18,30.305,30.596,29.747,29.829,3.3954810746660464
2024-07-19,29.817,29.843,28.877,29.22,3.3748534063225533
2024-07-22,29.2045,29.4325,28.7515,29.1295,3.3717514063887424
2024-07-23,29.1315,29.3035,28.6785,29.2365,3.375417928674668
2024-07-24,29.2405,29.4525,28.8955,28.9005,3.3638588960067874
2024-07-25,28.886,28.9205,27.4275,27.8555,3.3270304334104033
2024-07-26,27.843,28.075,27.593,27.903,3.3287342099284394
2024-07-29,27.9115,28.196,27.319,27.861,3.327227861461981
2024-07-30,27.869,28.411,27.636,28.386,3.345896065877066
2024-07-31,28.411,29.037,28.245,29.005,3.3674682289180278
2024-08-01,29.0335,29.1575,28.2235,28.5225,3.3506932494883874
2024-08-02,28.5265,29.2225,27.9495,28.5335,3.3510788355840226
2024-08-05,28.5735,28.6745,26.5085,27.2495,3.3050351723170617
2024-08-06,27.271,27.5705,26.6045,26.9675,3.294632437267447
2024-08-07,26.9785,27.2705,26.5775,26.6095,3.2812682948844665
2024-08-08,26.5435,27.6005,26.4665,27.5405,3.3156576485460136
2024-08-09,27.54,27.7579,27.2689,27.4019,3.310612354055599
2024-08-12,27.4685,28.0395,27.2275,27.9575,3.3306854999202065
2024-08-13,27.977,28.047,27.458,27.856,3.3270483830258333
2024-08-14,27.869,28.03,27.19,27.567,3.3166194051868576
2024-08-15,27.5535,28.521,27.491,28.357,3.3448739132758667
2024-08-16,28.346,28.976,28.044,28.969,3.366226292718103
2024-08-19,29.007,29.4875,28.7325,29.4455,3.3825410970640446
2024-08-20,29.4445,29.9715,29.2095,29.4385,3.3823033414756685
2024-08-21,29.4395,29.7365,29.2315,29.6045,3.3879263768021044
2024-08-22,29.604,29.68,28.79,28.984,3.3667439535927763
2024-08-23,28.9845,29.8825,28.9465,29.8325,3.3955984032616735
2024-08-26,29.8645,30.188,29.656,29.911,3.398226305717201
2024-08-27,29.9165,30.089,29.718,29.974,3.4003303392228044
2024-08-28,29.975,30.105,29.082,29.141,3.3721461172681515
2024-08-29,29.1405,29.6855,29.1225,29.4255,3.381861645355413
2024-08-30,29.375,29.5885,28.6925,28.8625,3.3625431746806136
2024-09-02,28.8585,28.9715,28.3275,28.5525,3.351744497942625
2024-09-03,28.551,28.5705,27.7105,28.0505,3.334006457121779
2024-09-04,28.0475,28.357,27.777,28.271,3.341836544267007
2024-09-05,28.2645,29.173,28.212,28.824,3.361208373445792
2024-09-06,28.8235,29.1175,27.6885,27.9205,3.3293611860432755
2024-09-09,27.936,28.367,27.708,28.35,3.3446270301737613
2024-09-10,28.354,28.554,28.038,28.4,3.3463891451671604
2024-09-11,28.395,28.869,28.082,28.676,3.356060535990626
2024-09-12,28.6755,29.9135,28.5375,29.873,3.396955062404023
2024-09-13,29.884,30.919,29.854,30.73,3.425239376142393
2024-09-16,30.7315,31.0945,30.5975,30.7335,3.4253532648732263
2024-09-17,30.717,30.9895,30.5155,30.7035,3.4243766546095604
2024-09-18,30.7025,31.2245,29.7075,30.0835,3.403976848695739
2024-09-19,30.114,31.299,29.914,30.786,3.427060041187883
2024-09-20,30.776,31.4315,30.7355,31.1455,3.4386697725184883
2024-09-23,31.23,31.2445,30.3595,30.6925,3.4240183250728577
2024-09-24,30.7,32.2635,30.6535,32.0975,3.4687781454831015
2024-09-25,32.098,32.275,31.572,31.812,3.459843577094889
2024-09-26,31.8075,32.713,31.749,32.018,3.4662982446559027
2024-09-27,32.021,32.294,31.389,31.634,3.454232491541297
2024-09-30,31.658,31.852,30.894,31.16,3.4391352210025476
2024-10-01,31.1605,31.8505,31.1135,31.4405,3.4480968707424378
2024-10-02,31.434,32.3015,31.0015,31.8345,3.4605506073616685
2024-10-03,31.824,32.216,31.413,32.028,3.4666105202103874
2024-10-04,32.0195,32.956,31.506,32.196,3.4718422212314874
2024-10-07,32.212,32.337,31.42,31.687,3.4559065021342086
2024-10-08,31.686,31.772,30.127,30.671,3.423317582746238
2024-10-09,30.6715,30.7825,30.2225,30.5015,3.417775862731922
2024-10-10,30.501,31.1855,30.3595,31.1625,3.4392154488496764
2024-10-11,31.1605,31.6345,31.0645,31.5665,3.4520964316789393
2024-10-14,30.8875,31.548,30.817,31.189,3.4400654685475374
2024-10-15,31.1895,31.6855,30.7665,31.5075,3.45022561272951
2024-10-16,31.507,32.173,31.416,31.679,3.4556540007914536
2024-10-17,31.6905,32.018,31.321,31.695,3.4561589397361296
2024-10-18,31.693,33.681,31.693,33.619,3.515091383338221
2024-10-21,33.7605,34.269,33.466,33.787,3.52007611312089
2024-10-22,33.792,34.866,33.788,34.854,3.5511679082384506
2024-10-23,34.855,34.855,33.4385,33.7005,3.517512674043504
2024-10-24,33.7055,34.3,33.243,33.675,3.5167557222964274
2024-10-25,33.666,34.017,33.089,33.587,3.514139087340295
2024-10-28,33.506,33.989,33.233,33.656,3.51619134628822
2024-10-29,33.656,34.545,33.63,34.449,3.5394799694621617
2024-10-30,34.447,34.525,33.413,33.771,3.5196024460407767
2024-10-31,33.766,33.901,32.511,32.6735,3.4865643518000775
2024-11-01,32.6775,33.1245,32.3345,32.4475,3.479623398579777
2024-11-04,32.41,32.877,32.303,32.458,3.47994694589369
2024-11-05,32.452,32.9245,32.253,32.6535,3.4859520475269634
2024-11-06,32.648,32.7295,30.8355,31.1755,3.4396325299298667
2024-11-07,31.1645,32.1555,30.8765,32.0375,3.4669070916901896
2024-11-08,32.037,32.064,31.195,31.253,3.4421153715747055
2024-11-11,31.3,31.5615,30.4265,30.6915,3.4239857432925866
2024-11-12,30.6865,30.8215,30.1915,30.7155,3.4247674131745875
2024-11-13,30.72,31.1395,30.2855,30.3125,3.411560168697702
2024-11-14,30.313,30.652,29.679,30.444,3.415888930405145
2024-11-15,30.445,30.815,30.183,30.251,3.4095292417816916
2024-11-18,30.305,31.268,30.276,31.173,3.4395523355386195
2024-11-19,31.1725,31.5355,31.0485,31.2135,3.440850693538807
2024-11-20,31.15,31.3255,30.7795,30.8585,3.429412239143176
2024-11-21,30.8595,31.3105,30.6485,30.7935,3.427303628746635
2024-11-22,30.7985,31.4035,30.7395,31.2285,3.441331139401801
2024-11-25,31.327,31.4775,30.0895,30.3065,3.411362210961032
2024-11-26,30.306,30.694,29.99,30.446,3.4159546226370625
2024-11-27,30.443,30.707,29.986,30.103,3.404624834562414
2024-11-28,30.085,30.296,29.646,30.224,3.408636310759154
2024-11-29,30.249,30.887,30.185,30.631,3.422012568042741
2024-12-02,30.6525,30.6765,30.0585,30.5075,3.4179725550238573
2024-12-03,30.508,31.0865,30.4665,31.0335,3.4350672661697708
2024-12-04,31.0245,31.4755,30.4815,31.297,3.443522246307157
2024-12-05,31.2875,31.4195,31.0195,31.3285,3.4445282263841697
2024-12-06,31.3315,31.4375,30.8335,30.9925,3.4337452397301647
2024-12-09,31.0315,32.2775,30.8685,31.8265,3.460299276090023
2024-12-10,31.826,32.095,31.71,31.904,3.462731393779428
2024-12-11,31.914,32.186,31.531,31.914,3.4630447849882358
2024-12-12,31.916,32.329,30.887,30.9665,3.4329059750058755
2024-12-13,30.9725,31.1105,30.2945,30.4755,3.416923082123638
2024-12-16,30.5635,30.752,30.468,30.531,3.418742560877904
2024-12-17,30.5295,30.6065,30.1575,30.5375,3.418955436583859
2024-12-18,30.5295,30.5735,29.3125,29.3585,3.3795821125229244
2024-12-19,29.369,29.7055,28.7495,29.0465,3.368897994111679
2024-12-20,29.0195,29.6955,28.8135,29.5405,3.3857622031617476
2024-12-23,29.488,29.877,29.425,29.653,3.3895633007637875
2024-12-24,29.6745,29.79,29.479,29.619,3.3884160472974223
2024-12-26,29.672,29.872,29.51,29.804,3.394642612691481
2024-12-27,29.783,29.895,29.328,29.381,3.3803482069261945
2024-12-30,29.365,29.5335,28.8005,28.9575,3.365829237824364
2024-12-31,28.9525,29.0285,28.7835,28.9015,3.363893496885653
2025-01-02,28.8975,29.5965,28.8945,29.5645,3.3865743172407274
2025-01-03,29.565,29.897,29.494,29.612,3.388179684580852
2025-01-06,29.646,30.346,29.412,29.948,3.399462544368439
2025-01-07,29.9355,30.385,29.881,30.05,3.4028626609812167
2025-01-08,30.037,30.346,29.819,30.11,3.4048573424936426
2025-01-09,30.109,30.477,30.012,30.11,3.4048573424936426
2025-01-10,30.128,30.658,29.963,30.328,3.4120713782140335
2025-01-13,30.418,30.502,29.506,29.62,3.3884498088396526
2025-01-14,29.621,29.976,29.518,29.906,3.398059129161652
2025-01-15,29.912,30.752,29.739,30.679,3.4235783814437224
2025-01-16,30.6785,30.9745,30.5315,30.8195,3.4281476065287038
2025-01-17,30.8105,30.8425,30.1345,30.3135,3.4115931578442757
2025-01-20,30.3675,30.625,30.009,30.523,3.418480497784715
2025-01-21,30.502,30.8595,30.2015,30.841,3.4288449735909667
2025-01-22,30.8345,30.9445,30.5695,30.8275,3.4284071487625485
2025-01-23,30.8135,30.8645,30.0985,30.4455,3.415938199983654
2025-01-24,30.441,31.022,30.433,30.646,3.4225021481559845
2025-01-27,30.542,30.6185,29.7085,30.218,3.408437773317649
2025-01-28,30.2245,30.491,29.883,30.4125,3.414853708109641
2025-01-29,30.421,30.984,30.288,30.838,3.428747695749161
2025-01-30,30.8375,31.7335,30.8075,31.6435,3.454532756250597
2025-01-31,31.633,31.706,31.132,31.336,3.4447675963635302
2025-02-03,31.4795,31.6735,30.683,31.5945,3.452983054811386
2025-02-04,31.594,32.376,31.36,32.14,3.4701013603093664
2025-02-05,32.139,32.547,31.968,32.312,3.4754386782611117
2025-02-06,32.315,32.42,31.755,32.218,3.472525302575774
2025-02-07,32.212,32.649,31.794,31.856,3.4612257473218406
2025-02-10,31.727,32.335,31.68,32.045,3.4671411649561903
2025-02-11,32.04,32.245,31.257,31.827,3.460314986145244
2025-02-12,31.825,32.363,31.528,32.235,3.4730528187625835
2025-02-13,32.23,32.418,32.009,32.345,3.4764594494959487
2025-02-14,32.318,33.391,32.072,32.18,3.471345141564237
2025-02-17,32.204,32.75,31.931,32.402,3.4782201492882265
2025-02-18,32.3025,32.907,32.079,32.885,3.4930166267533145
2025-02-19,32.9065,33.0775,32.4585,32.7045,3.4875126831140757
2025-02-20,32.6995,33.2085,32.6265,32.9515,3.495036783432838
2025-02-21,32.9555,33.0805,32.5135,32.5395,3.482454735969089
2025-02-24,32.5215,32.7525,32.1005,32.3575,3.476845833334456
2025-02-25,32.358,32.486,31.295,31.7515,3.4579399683172216
2025-02-26,31.739,31.956,31.496,31.8565,3.4612414428290017
2025-02-27,31.895,31.94,31.18,31.265,3.442499261019261
2025-02-28,31.2635,31.3975,30.8195,31.1075,3.437448947667649
2025-03-03,31.151,31.8405,31.1225,31.6895,3.455985395730456
2025-03-04,31.673,32.013,31.474,31.985,3.465267042902101
2025-03-05,31.996,32.71,31.783,32.659,3.486120468579993
2025-03-06,32.6905,32.7635,32.2615,32.6375,3.4854619340252473
2025-03-07,32.6715,32.7065,32.1125,32.4915,3.4809785166670055
2025-03-10,32.552,32.666,31.943,32.046,3.467172370585688
2025-03-11,32.044,32.9935,31.819,32.9395,3.494672545520751
2025-03-12,32.9395,33.3175,32.7055,33.2605,3.504370506724546
2025-03-13,33.2605,33.9535,32.9415,33.876,3.5227067990593524
2025-03-14,33.876,34.081,33.531,33.806,3.520638301527986
2025-03-17,33.815,33.9,33.441,33.831,3.5213775419182602
2025-03-18,33.831,34.229,33.748,34.0,3.5263605246161616
2025-03-19,34.009,34.093,33.469,33.853,3.522027621723673
2025-03-20,33.853,33.943,33.109,33.536,3.512619488698577
2025-03-21,33.537,33.551,32.665,33.038,3.4976584141329488
2025-03-24,33.0505,33.2995,32.8915,32.9465,3.494885033758808
2025-03-25,32.9465,33.7965,32.9255,33.729,3.518358001435732
2025-03-26,33.73,33.927,33.513,33.635,3.5155671914775692
2025-03-27,33.64,34.476,33.607,34.434,3.5390444483542804
2025-03-28,34.433,34.576,33.931,34.129,3.530147462753068
2025-03-31,34.139,34.47,33.512,34.088,3.528945416197611
2025-04-01,34.1,34.209,33.48,33.693,3.5172901006490087
2025-04-02,33.704,34.151,33.602,33.8875,3.523046214824784
2025-04-03,33.8375,33.947,31.723,31.856,3.4612257473218406
2025-04-04,31.83,31.99,29.198,29.741,3.3925265652145242
2025-04-07,29.132,30.815,28.39,30.085,3.404026708672315
2025-04-08,30.0965,30.534,29.627,29.808,3.3947768138592327
2025-04-09,29.843,31.041,29.339,31.032,3.435018930137666
2025-04-10,31.071,31.3105,30.5875,31.2185,3.4410108678087545
2025-04-11,31.2585,32.2785,30.9145,32.1005,3.4688716063386478
2025-04-14,32.3445,32.388,31.752,32.352,3.476675842838061
2025-04-15,32.349,32.397,32.096,32.316,3.4755624636174622
2025-04-16,32.315,33.101,32.271,32.761,3.4892387835495144
2025-04-17,32.7605,32.9405,32.0895,32.5545,3.482915607947013
2025-04-21,32.558,33.0555,32.4285,32.6875,3.4869927418251416
2025-04-22,32.6785,33.1475,32.3075,32.5045,3.481378541289239
2025-04-23,32.3525,33.6705,32.0985,33.5805,3.513945541353909
2025-04-24,33.556,33.683,33.177,33.584,3.5140497630782774
2025-04-25,33.585,33.688,32.778,33.037,3.4976281454988185
2025-04-28,33.1225,33.1975,32.6625,33.1625,3.501419719463858
2025-04-29,33.1615,33.5335,32.8095,32.9325,3.494460012121845
2025-04-30,32.9195,33.1095,32.1865,32.6175,3.484848954157766
2025-05-01,32.635,32.6795,31.6725,32.4145,3.4786058535504116
2025-05-02,32.415,32.72,31.942,32.024,3.4664856216902726
2025-05-05,31.999,32.657,31.989,32.487,3.480840009314352
2025-05-06,32.496,33.249,32.442,33.222,3.503212307068885
2025-05-07,33.2215,33.2555,32.2525,32.4615,3.48005477173965
2025-05-08,32.461,32.945,32.226,32.46,3.480008562086445
2025-05-09,32.467,32.868,32.225,32.758,3.4891472070601877
2025-05-12,32.398,32.9935,31.8885,32.6015,3.4843582995840685
2025-05-13,32.6145,33.2315,32.5215,32.9075,3.4937005953174256
2025-05-14,32.9195,32.9805,32.0875,32.2265,3.472789095453344
2025-05-15,32.227,32.656,31.655,32.639,3.485507892371674
2025-05-16,32.6385,32.6955,31.8815,32.2445,3.4733474860620737
2025-05-19,32.2855,32.628,32.236,32.359,3.476892189364225
2025-05-20,32.356,33.132,32.126,33.088,3.499170678885964
2025-05-21,33.0875,33.5705,32.9325,33.3925,3.508331323869123
2025-05-22,33.4185,33.7035,32.6165,33.0555,3.498187966975784
2025-05-23,33.0735,33.5445,32.9075,33.4845,3.511082645191398
2025-05-26,33.3995,33.775,33.2435,33.4895,3.5112319568648624
2025-05-27,33.48,33.5245,32.7705,33.2665,3.504550884616718
2025-05-28,33.2695,33.4345,32.9155,32.9765,3.495795186575608
2025-05-29,32.9745,33.4985,32.6995,33.3235,3.506262853798922
2025-05-30,33.3285,33.3445,32.7775,32.9935,3.496310572368432
2025-06-02,33.0395,34.7895,32.9565,34.7545,3.5483090600297436
2025-06-03,34.7345,34.7655,33.9785,34.5245,3.5416692169312545
2025-06-04,34.5285,34.6525,34.1875,34.5045,3.541089750314046
2025-06-05,34.5185,36.0625,34.4355,35.6515,3.5737912217114713
2025-06-06,35.637,36.331,35.614,35.953,3.582212529920411
2025-06-09,36.015,36.888,35.921,36.759,3.6043830936354193
2025-06-10,36.7595,36.8315,36.3125,36.5295,3.5981201533332827
2025-06-11,36.5365,36.6435,36.0355,36.2475,3.590370413405212
2025-06-12,36.248,36.452,35.46,36.357,3.59338675765446
2025-06-13,36.347,36.634,35.981,36.264,3.5908255136385483
2025-06-16,36.307,36.538,36.098,36.32,3.5923685537330927
2025-06-17,36.312,37.251,36.15,37.13,3.6144252681889886
2025-06-18,37.1375,37.3155,36.5395,36.7435,3.603961339267071
2025-06-19,36.7415,36.7845,36.2145,36.4065,3.594747330129287
2025-06-20,36.397,36.431,35.516,36.017,3.583991049216507
2025-06-23,36.042,36.363,35.867,36.109,3.586542141746114
2025-06-24,36.101,36.202,35.286,35.92,3.581294243433999
2025-06-25,35.924,36.325,35.679,36.265,3.5908530888153756
2025-06-26,36.266,36.831,36.238,36.651,3.6014407130900326
2025-06-27,36.6515,36.7225,35.7955,35.9215,3.5813360020275757
2025-06-30,36.0175,36.232,35.421,36.112,3.58662522007518
2025-07-01,36.109,36.615,35.808,36.033,3.584435185240463
2025-07-02,36.029,36.584,35.877,36.554,3.5987906193322505
2025-07-03,36.5545,37.0735,36.3435,36.8445,3.606706353764556
2025-07-04,36.8465,36.975,36.6265,36.9265,3.608929450476581
2025-07-07,36.965,37.2185,36.1575,36.7735,3.6047774770764267
2025-07-08,36.7935,36.8805,36.2915,36.7585,3.604369491431862
2025-07-09,36.7575,36.7705,36.2765,36.3795,3.594005429180246
2025-07-10,36.38,37.118,36.348,37.03,3.6117283949255214
2025-07-11,37.0385,38.5385,36.9245,38.5075,3.6508530275164754
2025-07-14,38.4135,39.1295,38.0855,38.1375,3.6411980500427883
2025-07-15,38.137,38.383,37.597,37.706,3.6298192329843912
2025-07-16,37.693,38.089,37.505,37.91,3.635214929528243
2025-07-17,37.928,38.175,37.552,38.142,3.6413160371823268
2025-07-18,38.144,38.439,38.062,38.117,3.6406603768433343
2025-07-21,38.1255,39.055,38.069,38.932,3.661816534564247
2025-07-22,38.9295,39.3105,38.7265,39.2945,3.6710845599720106
2025-07-23,39.2895,39.5305,39.0625,39.2655,3.670346270732773
2025-07-24,39.3085,39.3455,38.7025,39.0615,3.6651373271689347
2025-07-25,39.0695,39.1965,37.9555,38.1695,3.6420367673787037
2025-07-28,38.105,38.342,37.908,38.168,3.641997468213806
2025-07-29,38.176,38.287,37.915,38.204,3.6429402221724914
2025-07-30,38.21,38.253,36.801,37.128,3.614371401938875
2025-07-31,37.1455,37.2715,36.2145,36.7145,3.603171772398749
2025-08-01,36.7235,37.1835,36.3635,36.9795,3.6103637050455055
2025-08-04,37.0045,37.48,36.683,37.415,3.622071693532322
2025-08-05,37.411,37.879,37.316,37.81,3.6325736179028416
2025-08-06,37.8095,37.949,37.627,37.831,3.6331288723426174
2025-08-07,37.8435,38.507,37.831,38.267,3.6445879059808113
2025-08-08,38.288,38.478,37.9945,38.394,3.6479011973853783
2025-08-11,38.398,38.413,37.553,37.625,3.6276687230690396
2025-08-12,37.604,38.02,37.513,37.914,3.6353204370193732
2025-08-13,37.919,38.641,37.851,38.508,3.65086601191572
2025-08-14,38.544,38.735,37.846,38.021,3.638138638660737
2025-08-15,38.026,38.106,37.688,37.992,3.6373756112468207
2025-08-18,38.017,38.272,37.816,38.029,3.638349026564209
2025-08-19,38.0225,38.15,37.282,37.39,3.6214032889890224
2025-08-20,37.392,37.94,36.969,37.908,3.6351621716079485
2025-08-21,37.935,38.208,37.54,38.146,3.641420902954235
2025-08-22,38.1425,39.063,37.704,38.921,3.661533950718456
2025-08-25,38.9575,39.0,38.543,38.565,3.6523451293859623
2025-08-26,38.5785,38.857,38.348,38.612,3.653563108986369
2025-08-27,38.642,38.705,38.099,38.596,3.6531486441581373
2025-08-28,38.6065,39.121,38.579,39.054,3.6649453038183055
2025-08-29,39.0315,39.969,38.733,39.829,3.6845952901748844
2025-09-01,39.7455,40.925,39.5415,40.717,3.7066456956578806
2025-09-02,40.755,40.926,40.147,40.8885,3.7108488499179177
2025-09-03,40.872,41.468,40.635,41.217,3.718850792609921
2025-09-04,41.207,41.227,40.412,40.673,3.7055644816442075
2025-09-05,40.6835,41.415,40.556,40.989,3.7133037380244605
2025-09-08,40.937,41.666,40.5425,41.349,3.7220482373804114
2025-09-09,41.325,41.48,40.793,40.872,3.710445232028497
2025-09-10,40.843,41.286,40.729,41.167,3.717636964533132
2025-09-11,41.152,41.759,40.903,41.561,3.727162227539241
2025-09-12,41.541,42.464,41.402,42.212,3.7427045408088437
2025-09-15,42.219,42.743,42.008,42.684,3.7538241427543184
2025-09-16,42.6845,42.966,42.264,42.56,3.750914845033389
2025-09-17,42.569,42.638,41.146,41.672,3.72982944044289
2025-09-18,41.6505,41.981,41.199,41.82,3.7333746940004877
2025-09-19,41.813,43.082,41.655,42.989,3.7609442690141033
2025-09-22,43.0975,44.117,43.028,44.071,3.7858019697695884
2025-09-23,44.031,44.465,43.651,44.037,3.785030189643206
2025-09-24,44.0245,44.317,43.674,43.91,3.782142084573626
2025-09-25,43.914,45.234,43.779,45.188,3.8108315648646824
2025-09-26,45.187,46.631,44.611,46.106,3.8309430933774045
2025-09-29,46.128,47.178,45.956,46.933,3.8487210527578837
2025-09-30,46.942,47.171,45.813,46.65,3.8426729272933526
2025-10-01,46.6675,47.829,46.629,47.321,3.856954171600334
2025-10-02,47.3015,48.051,45.915,46.9875,3.8498816088902963
2025-10-03,46.9555,48.371,46.658,47.979,3.8707634151768433
2025-10-06,48.081,48.767,47.964,48.524,3.882058520908673
2025-10-07,48.496,48.655,47.345,47.831,3.8676739648539544
2025-10-08,47.8255,49.546,47.747,48.8655,3.8890716260110376
2025-10-09,48.9,51.225,48.4875,49.173,3.8953446923753328
2025-10-10,49.018,51.129,48.864,49.998,3.9119830046281248
2025-10-13,50.259,52.45,49.867,52.403,3.9589638415965656
2025-10-14,52.489,53.577,50.4815,51.502,3.9416206418670896
2025-10-15,51.56,53.181,51.41,52.994,3.970178699596494
2025-10-16,52.816,54.272,52.453,54.153,3.991813373574434
2025-10-17,54.311,54.481,50.646,51.771,3.9468301469335514
2025-10-20,51.5765,52.785,51.292,52.438,3.9596315193428713
2025-10-21,52.574,52.686,47.905,48.717,3.8860280451510603
2025-10-22,48.609,49.3125,47.533,48.498,3.8815225599797625
2025-10-23,48.402,49.4525,47.943,48.913,3.890043209820087
2025-10-24,48.917,49.0025,47.849,48.5095,3.8817596550508418
2025-10-27,48.442,48.5485,46.091,46.9025,3.848070978935629
2025-10-28,46.91,47.2645,45.5595,46.905,3.8481242795779145
2025-10-29,46.9035,48.4555,46.9035,47.782,3.8666489995398283
2025-10-30,47.781,49.105,47.274,49.024,3.892309974118126
2025-10-31,49.0415,49.368,48.3885,48.68,3.8852682681193262
2025-11-03,48.567,49.1075,47.982,48.0835,3.872939082918598
2025-11-04,48.027,48.227,46.882,47.161,3.8535672798548775
2025-11-05,47.164,48.271,46.912,48.016,3.8715342886980113
2025-11-06,48.156,48.792,47.663,48.03,3.871825815676733
2025-11-07,48.052,48.874,47.985,48.405,3.879603114172035
2025-11-10,48.382,50.609,48.382,50.512,3.922210931815636
2025-11-11,50.502,51.251,50.294,51.22,3.9361300807713793
2025-11-12,51.2525,53.671,50.874,53.267,3.9753170024667623
2025-11-13,53.3125,54.393,52.082,52.2905,3.956814710212078
2025-11-14,52.255,53.554,50.072,50.674,3.925412958546906
2025-11-17,50.437,51.305,49.583,50.213,3.916273957315684
2025-11-18,50.257,51.181,49.364,50.703,3.925985080444201
2025-11-19,50.707,52.47,50.388,51.367,3.938995942929572
2025-11-20,51.411,51.872,50.232,50.664,3.925215599214129
2025-11-21,50.646,50.854,48.647,49.961,3.9112427010698694
2025-11-24,50.2865,51.417,49.727,51.36,3.9388596593817056
2025-11-25,51.405,51.755,50.718,51.485,3.941290503108714
2025-11-26,51.469,53.388,51.312,53.348,3.976836488760148
2025-11-27,53.3635,53.912,52.7045,53.3905,3.977632827517878
2025-11-28,53.43,56.5255,53.349,56.4205,4.032832567640218
2025-12-01,56.749,58.852,56.228,58.009,4.060598170922218
2025-12-02,57.9215,58.645,56.702,58.456,4.068274334488917
2025-12-03,58.201,58.9815,57.556,58.509,4.0691805885585515
2025-12-04,58.553,58.756,56.497,57.145,4.045591897349562
2025-12-05,57.15,59.332,56.882,58.386,4.067076135067907
2025-12-08,58.395,58.681,57.6245,58.158,4.063163444738526
2025-12-09,58.153,60.833,57.619,60.669,4.1054328592075215
2025-12-10,60.5875,61.941,60.111,61.826,4.124323987963287
2025-12-11,61.83,64.309,61.45,63.5735,4.152196716849734
2025-12-12,63.5615,64.659,60.813,61.863,4.124922262686239
2025-12-15,61.74,64.145,61.6455,64.093,4.160335153595218
2025-12-16,64.1305,64.148,62.1965,63.7505,4.1549770271450335
2025-12-17,63.7465,66.886,63.682,66.225,4.193058035158133
2025-12-18,66.228,66.6215,64.668,65.4935,4.181950901075703
2025-12-19,65.495,67.4545,64.511,67.201,4.207688128370765
2025-12-22,67.4,69.453,67.201,69.0535,4.234881566478026
2025-12-23,69.1325,71.573,68.845,71.484,4.269473648434551
2025-12-24,71.4735,72.6995,70.2625,71.833,4.274343980493697
2025-12-26,73.073,78.542,72.6985,78.425,4.362142754076742
2025-12-29,81.573,83.959,70.537,72.1325,4.278504705557262
2025-12-30,72.2505,78.057,71.1645,76.241,4.333899375734219
2025-12-31,76.415,76.443,70.086,71.6275,4.271479078439734
2026-01-02,72.475,74.558,71.098,72.56,4.2844138058068815
2026-01-05,73.425,77.865,72.9395,76.6085,4.338708036647709
2026-01-06,76.793,81.422,75.904,81.26,4.397653890559581
2026-01-07,81.321,82.74,76.399,78.19,4.359141762136423
2026-01-08,78.312,78.9935,73.8565,76.981,4.343558638158339
2026-01-09,76.987,80.508,75.529,79.83,4.379899373657707
2026-01-12,80.8065,86.21,79.83,85.163,4.444567067211276
2026-01-13,85.421,89.102,83.446,86.946,4.465287236291842
2026-01-14,87.088,93.485,86.965,93.274,4.535541398063421
2026-01-15,93.685,93.685,86.259,92.384,4.525953803480524
2026-01-16,92.472,92.8,86.91,89.334,4.492382154501469
2026-01-19,91.3645,94.6725,91.104,94.625,4.549921711757613
2026-01-20,94.538,95.8835,92.6045,94.5755,4.5493984573145285
2026-01-21,94.743,95.4955,90.3565,93.0975,4.533647331076075
2026-01-22,93.116,96.5915,90.8695,96.1905,4.566330600196549
2026-01-23,96.309,102.5675,96.248,102.5025,4.629887188524928
2026-01-26,104.984,117.7205,102.261,103.71,4.641598542601643
2026-01-27,104.456,113.425,103.004,112.052,4.7189630492621175
2026-01-28,111.883,117.428,110.5505,116.849,4.760882502967931
2026-01-29,116.789,121.643,106.855,115.518,4.749426361975253
2026-01-30,115.939,118.465,73.784,83.136,4.420477821048134
2026-02-02,80.654,87.942,71.479,79.271,4.3728723618824
2026-02-03,80.1955,89.102,80.109,85.321,4.446420614115805
2026-02-04,85.6405,92.19,83.3125,88.204,4.479652313458321
2026-02-05,88.4,90.38,70.739,70.958,4.262088152711225
2026-02-06,70.393,78.123,64.137,77.478,4.3499940250925695
2026-02-09,79.11,84.034,78.527,83.317,4.4226526099836265
2026-02-10,83.851,84.011,80.01,80.797,4.391939836124891
2026-02-11,80.8615,86.298,80.797,84.307,4.434464898333876
2026-02-12,84.7695,84.952,74.471,75.322,4.321772256808695
2026-02-13,74.5275,79.341,74.004,77.012,4.343961253867089
2026-02-16,77.823,77.823,74.734,76.625,4.338923394256375
2026-02-17,76.294,76.905,72.079,73.532,4.297720685620625
2026-02-18,73.2835,78.336,72.344,77.191,4.346282869923837
2026-02-19,77.3565,79.479,76.493,78.533,4.363518918618141
2026-02-20,78.6875,84.615,77.516,84.542,4.437248452299076
2026-02-23,85.0925,89.045,84.542,88.205,4.479663650748369
2026-02-24,88.117,88.919,85.0165,87.165,4.467802874195178
2026-02-25,87.185,91.282,86.605,89.22,4.491105229700119
2026-02-26,89.025,90.318,85.28,88.312,4.4808759987160505
2026-02-27,88.606,94.159,87.881,93.82,4.541378052900312
2026-03-02,95.229,96.416,86.542,89.349,4.492550049601005
2026-03-03,89.854,91.323,78.007,82.05,4.4073288175361
2026-03-04,82.1445,86.779,81.629,83.544,4.425373439177247
2026-03-05,83.7415,85.544,80.5665,82.231,4.4095323599206555
2026-03-06,82.625,84.95,80.132,83.898,4.429601775286769
2026-03-09,83.294,87.126,79.742,86.846,4.464136435207371
2026-03-10,87.494,90.002,86.652,88.356,4.48137410817458
2026-03-11,88.319,89.429,84.485,85.851,4.452613235499291
2026-03-12,84.951,87.43,83.057,83.431,4.424019942938279
2026-03-13,84.379,85.434,79.479,80.6,4.389498649512583
2026-03-16,80.523,81.605,77.14,80.855,4.392657427029907
2026-03-17,80.786,82.548,78.312,79.252,4.372632649032012
2026-03-18,79.027,80.189,75.015,75.704,4.3268309992059315
2026-03-19,75.71,76.695,65.538,73.1,4.291828366755733
2026-03-20,72.212,74.55,67.699,67.915,4.2182569232744545
2026-03-23,68.829,70.761,61.012,69.498,4.241297975178264
2026-03-24,69.652,71.471,66.021,71.255,4.266264992125175
2026-03-25,71.689,74.533,70.916,71.289,4.266742037818362
2026-03-26,71.158,72.188,66.753,68.335,4.224422080416764
2026-03-27,68.892,71.601,67.482,69.7745,4.245268613506349
2026-03-30,69.03,71.726,67.72,70.139,4.250478987410511
2026-03-31,70.197,75.368,69.045,75.128,4.3191933255023125
2026-04-01,75.077,76.129,73.778,75.114,4.319006959505581
2026-04-02,74.948,75.975,69.59,73.005,4.290527931953528
2026-04-03,73.025,73.025,73.005,73.005,4.290527931953528
2026-04-06,72.5285,73.574,71.346,72.828,4.288100496641719
2026-04-07,73.174,73.315,69.833,72.961,4.2899250518124985
2026-04-08,73.238,77.645,73.0975,74.098,4.305388541384484
2026-04-09,73.95,76.616,72.896,75.292,4.321373887461932
2026-04-10,75.361,76.835,74.845,76.347,4.335288738161817
2026-04-13,73.344,75.854,72.7795,75.574,4.325112308689127
2026-04-14,75.509,79.683,75.397,79.568,4.376612001972383
2026-04-15,79.399,80.995,78.325,78.969,4.369055370392717
2026-04-16,78.95,80.858,78.087,78.442,4.362359498198406
2026-04-17,78.457,83.041,77.807,81.345,4.398699368961133
2026-04-20,79.155,80.667,78.658,79.732,4.378671010860519
2026-04-21,79.758,80.209,75.417,76.705,4.339966895296737
2026-04-22,76.7745,78.673,76.709,77.731,4.353254148205045
2026-04-23,77.806,78.345,74.249,75.441,4.323350893804686
2026-04-24,75.861,76.646,73.981,76.009,4.330851754327743
2026-04-27,75.625,76.586,74.68,75.509,4.3242518544486055
2026-04-28,75.547,76.157,72.047,73.116,4.292047221054357
2026-04-29,73.204,73.958,70.888,71.318,4.267148749976948
2026-04-30,71.147,73.919,71.147,73.745,4.300613196311466
2026-05-01,73.831,76.971,73.002,75.454,4.323523199050482
2026-05-04,75.487,75.998,72.267,72.727,4.286712704862525
2026-05-05,72.735,74.18,72.416,72.818,4.2879631773879705
2026-05-06,72.813,77.798,72.646,77.357,4.348431070661959
2026-05-07,77.387,82.124,77.0,78.537,4.363569851323315
2026-05-08,78.286,81.572,78.135,80.678,4.390465923487725
2026-05-11,79.477,86.227,79.103,86.102,4.455532639967617
2026-05-12,86.222,87.205,83.071,86.547,4.460687618976415
2026-05-13,86.619,89.35,85.697,87.49,4.471524501118173
2026-05-14,87.587,88.428,83.128,83.53,4.425205848767815
2026-05-15,83.377,83.88,75.812,76.295,4.334607405343699
2026-05-18,75.3955,78.175,73.897,77.684,4.3526493159632045
2026-05-19,77.76,78.896,73.095,73.7,4.300002799195291
2026-05-20,73.817,76.6,73.183,75.853,4.32879725675926
2026-05-21,75.919,77.107,74.491,76.677,4.339601793781422
2026-05-22,76.695,77.013,74.987,75.582,4.32521815959822
2026-05-25,76.919,78.824,76.772,78.042,4.3572471433096585
2026-05-26,78.0675,78.4325,75.5,76.964,4.34333778005877
2026-05-27,77.051,77.518,73.487,74.648,4.312783731931721
2026-05-28,74.817,76.022,71.81,75.653,4.3261570957600375
2026-05-29,75.42,76.662,74.629,75.59,4.325323999304086
2026-06-01,74.102,76.296,73.869,74.853,4.31552619022277
2026-06-02,74.967,77.004,74.566,75.131,4.319233256554701
2026-06-03,75.166,75.34,72.631,72.732,4.286781452757149
2026-06-04,72.874,75.042,72.47,73.892,4.302604567696391
2026-06-05,73.994,74.135,67.841,67.985,4.219287092607649
2026-06-08,67.94,68.916,66.192,68.18,4.222151266709757
2026-06-09,68.214,68.959,64.392,65.339,4.179589101495049
2026-06-10,65.201,65.731,63.326,63.413,4.149668887742464
2026-06-11,63.414,67.559,61.513,67.338,4.209724713262173
2026-06-12,67.483,68.348,65.89,67.789,4.216399939895806
2026-06-15,69.2635,71.322,69.025,69.979,4.248195197040357
2026-06-16,69.998,71.169,69.074,70.034,4.248980838414072
2026-06-17,70.071,71.529,66.828,67.945,4.218698554372461
2026-06-18,67.926,69.855,65.08,65.72,4.185403293169068
2026-06-19,65.692,65.813,63.308,64.925,4.173232757548812
2026-06-22,64.329,67.048,64.251,65.09,4.175770927584296
2026-06-23,65.089,65.191,61.353,61.557,4.11996357483972
2026-06-24,61.562,62.356,55.639,57.448,4.050880190808017
2026-06-25,57.616,58.985,56.36,57.864,4.05809542954698
2026-06-26,57.882,59.572,55.722,58.942,4.076553909546874
2026-06-29,58.947,59.479,57.463,58.301,4.065619245868004
2026-06-30,58.33,60.426,56.658,58.589,4.0705469656520386
2026-07-01,58.731,61.0,57.188,59.111,4.07941703230441
2026-07-02,59.285,62.07,58.926,60.974,4.110447543803498
2026-07-03,61.077,62.896,60.923,62.425,4.133965836165837
2026-07-06,62.686,63.271,61.385,62.043,4.127827693038649
2026-07-07,62.095,62.16,59.453,59.98,4.094011173320863
2026-07-08,59.877,61.026,57.245,58.286,4.0653619272976185
2026-07-09,58.396,60.612,57.592,59.969,4.09382776203722
2026-07-10,59.993,60.765,58.887,59.696,4.089265016478802
2026-07-13,59.334,59.696,57.269,57.651,4.0544075926184
2026-07-14,57.643,59.662,56.873,58.697,4.072388618202644
2026-07-15,58.722,59.06,56.627,57.775,4.056556156160444
2026-07-16,57.894,57.912,55.344,55.523,4.016797349320866
2026-07-17,55.623,56.203,54.778,56.149,4.028008871586859
2026-07-20,55.701,57.466,55.534,56.427,4.032947767356777
2026-07-21,56.457,59.241,56.125,58.79,4.073971772414164
2026-07-22,58.871,60.904,58.733,59.715,4.08958324512039
2026-07-23,59.666,60.07,57.073,57.658,4.054529005517802
2026-07-24,57.706,58.972,57.1,58.203,4.063936899800675
2026-07-27,59.508,60.086,58.177,58.403,4.067367258377809
2026-07-28,58.493,58.579,56.702,57.114,4.045049270497223
2026-07-29,57.185,59.257,56.79,57.629,4.054025913224454
2026-07-30,57.633,59.31,56.94,58.991,4.077384889897067
2026-07-31,59.039,59.168,57.037,57.928,4.05920086008652
2026-08-03,58.4225,58.632,56.576,58.191,4.063730703604264
2026-08-04,58.195,60.041,57.997,59.529,4.086463588771225
2026-08-05,59.551,62.761,59.405,62.054,4.128004973714714
2026-08-06,62.081,62.905,60.884,61.534,4.119589867578139
2026-08-07,61.579,65.096,61.176,63.627,4.153037908561319
2026-08-10,63.7065,66.07,63.003,65.745,4.1857836225388825
2026-08-11,65.843,66.473,64.24,64.681,4.169467495319137
2026-08-12,64.756,66.78,64.716,65.325,4.179374811406676
2026-08-13,65.31,66.299,64.232,64.478,4.166324080347597
2026-08-14,64.437,65.694,63.518,64.721,4.170085723805157
2026-08-17,64.916,66.558,64.695,65.79,4.186467851097906
2026-08-18,65.787,66.555,63.187,63.333,4.1484065203206315
2026-08-19,63.346,67.023,62.519,67.003,4.204737394507949
2026-08-20,67.049,68.978,65.643,68.097,4.220933159321675
2026-08-21,68.197,70.017,67.945,69.396,4.239829228964082
2026-08-24,69.2335,69.915,68.323,68.97,4.2336716274432
2026-08-25,68.952,69.945,67.472,68.669,4.229297860126668
2026-08-26,68.647,69.733,67.53,68.127,4.221373610350642
2026-08-27,68.243,69.724,67.699,69.272,4.2380407841455
2026-08-28,69.332,71.113,66.121,66.454,4.196509978983386
2026-08-31,65.7995,67.468,65.639,66.56,4.198103796512953
