Date,Close,log_price,simple_return,log_return,squared_return,abs_return
2010-01-05,17.76,2.876948737564024,1.9517795637198576,1.9329766139667224,3.7363985901422554,1.9329766139667224
2010-01-06,18.2,2.9014215940827497,2.4774774774774633,2.4472856518725523,5.989207061861263,2.4472856518725523
2010-01-07,18.23,2.9030685886905716,0.16483516483516425,0.16469946078219974,0.02712591238194735,0.16469946078219974
2010-01-08,18.48,2.916689066213538,1.371365880416886,1.3620477522966339,1.8551740795363125,1.3620477522966339
2010-01-11,18.55,2.920469789053444,0.37878787878788955,0.3780722839906152,0.1429386519218804,0.3780722839906152
2010-01-12,18.25,2.9041650800285006,-1.6172506738544534,-1.6304709024943698,2.6584353638808045,1.6304709024943698
2010-01-13,18.62,2.924236271848921,2.0273972602739887,2.007119182042066,4.028527410921213,2.007119182042066
2010-01-14,18.66,2.926382195419198,0.21482277121374072,0.21459235702766763,0.046049879694689974,0.21459235702766763
2010-01-15,18.39,2.91180703861623,-1.4469453376205754,-1.457515680296801,2.124351958311047,1.457515680296801
2010-01-18,18.64,2.925309809257445,1.3594344752583032,1.350277064121551,1.8232481498927149,1.350277064121551
2010-01-19,18.76,2.9317269435780786,0.6437768240343367,0.6417134320633509,0.4117961288905248,0.6417134320633509
2010-01-20,17.89,2.884241897520628,-4.637526652452029,-4.748504605745085,22.548295990782282,4.748504605745085
2010-01-21,17.39,2.855895328366192,-2.794857462269429,-2.8346569154436176,8.035279828272325,2.8346569154436176
2010-01-22,17.04,2.8355635214011694,-2.012650948821171,-2.0331806965022086,4.133823744629206,2.0331806965022086
2010-01-25,17.14,2.8414149131696336,0.5868544600938996,0.5851391768464087,0.3423878562804928,0.5851391768464087
2010-01-26,16.78,2.8201877010390604,-2.100350058343059,-2.122721213057363,4.505945348363723,2.122721213057363
2010-01-27,16.6,2.8094026953624978,-1.0727056019070313,-1.0785005676562562,1.163163474434867,1.0785005676562562
2010-01-28,16.23,2.7868613815264998,-2.22891566265061,-2.2541313835997783,5.081108294529451,2.2541313835997783
2010-01-29,16.2,2.785011242238338,-0.1848428835489857,-0.18501392881614773,0.03423015385598658,0.18501392881614773
2010-02-01,16.68,2.8142103969306005,2.9629629629629672,2.919915469226235,8.525906347426663,2.919915469226235
2010-02-02,16.71,2.8160073426073025,0.17985611510791255,0.17969456767016348,0.032290137650166965,0.17969456767016348
2010-02-03,16.38,2.7960610784249234,-1.9748653500897828,-1.9946264182379145,3.978534548332612,1.9946264182379145
2010-02-04,15.27,2.725890119230541,-6.776556776556775,-7.017095919438228,49.23963514259663,7.017095919438228
2010-02-05,15.15,2.7180005319553784,-0.7858546168958647,-0.7889587275162822,0.6224558737241112,0.7889587275162822
2010-02-08,15.0,2.70805020110221,-0.990099009900991,-0.9950330853168092,0.9900908408750886,0.9950330853168092
2010-02-09,15.46,2.738256043159276,3.066666666666662,3.0205842057065793,9.123928943764046,3.0205842057065793
2010-02-10,15.19,2.7206373166076814,-1.7464424320828065,-1.761872655159454,3.104195252998624,1.761872655159454
2010-02-11,15.6,2.747270914255491,2.699144173798551,2.663359764780987,7.093485236654233,2.663359764780987
2010-02-12,15.52,2.7421295147550726,-0.512820512820511,-0.5141399500418652,0.26433988822905163,0.5141399500418652
2010-02-15,15.54,2.7434173449395014,0.12886597938144284,0.12878301844286857,0.016585065839256227,0.12878301844286857
2010-02-16,16.12,2.7800607370784824,3.7323037323037545,3.664339213898107,13.427381874511395,3.664339213898107
2010-02-17,15.91,2.7669478423496954,-1.3027295285359841,-1.3112894728786775,1.7194800816824398,1.3112894728786775
2010-02-18,15.84,2.7625383863862796,-0.439974858579506,-0.4409455963415666,0.19443301893301979,0.4409455963415666
2010-02-19,16.31,2.7917784166329223,2.9671717171717127,2.924003024664266,8.549793688245776,2.924003024664266
2010-02-22,16.22,2.7862450486872667,-0.5518087063151378,-0.5533367945655576,0.3061816082200861,0.5533367945655576
2010-02-23,15.83,2.761906873892921,-2.404438964241673,-2.433817479434604,5.923467523201409,2.433817479434604
2010-02-24,15.93,2.768204123921957,0.6317119393556503,0.6297250029036342,0.3965535792819821,0.6297250029036342
2010-02-25,16.13,2.7806808921371173,1.2554927809165006,1.2476768215160245,1.5566974509483298,1.2476768215160245
2010-02-26,16.46,2.800933195248924,2.04587724736518,2.025230311180647,4.1015578133248605,2.025230311180647
2010-03-01,16.43,2.799108932049177,-0.18226002430133947,-0.182426319974707,0.033279362219514184,0.182426319974707
2010-03-02,16.91,2.827905162910489,2.921485088253206,2.8796230861312324,8.292229118179963,2.8796230861312324
2010-03-03,17.16,2.8425810940598164,1.4784151389710232,1.4675931149327293,2.1538295509979513,1.4675931149327293
2010-03-04,17.12,2.840247370713596,-0.2331002331002252,-0.23337233462201,0.05446264656692741,0.23337233462201
2010-03-05,17.34,2.853015971352396,1.2850467289719614,1.2768600638799739,1.630371622731571,1.2768600638799739
2010-03-08,17.23,2.8466520505398383,-0.6343713956170616,-0.6363920812557451,0.40499488108501885,0.6363920812557451
2010-03-09,17.26,2.848391685655282,0.17411491584446992,0.17396351154437587,0.030263303348850194,0.17396351154437587
2010-03-10,17.02,2.834389123145228,-1.3904982618771822,-1.4002562510053906,1.9607175684796716,1.4002562510053906
2010-03-11,17.15,2.8419981736119486,0.763807285546414,0.7609050466720825,0.578976490051044,0.7609050466720825
2010-03-12,17.05,2.8361502037295256,-0.5830903790087327,-0.5847969882422989,0.3419875174572634,0.5847969882422989
2010-03-15,17.13,2.8408313123360287,0.46920821114369016,0.4681108606502695,0.21912777785873605,0.4681108606502695
2010-03-16,17.44,2.8587664184808337,1.8096906012843084,1.7935106144805146,3.216680324254273,1.7935106144805146
2010-03-17,17.46,2.859912550411456,0.11467889908256534,0.11461319306225416,0.013136184023925546,0.11461319306225416
2010-03-18,17.41,2.8570447537800976,-0.286368843069873,-0.28677966313584624,0.08224257518830945,0.28677966313584624
2010-03-19,16.98,2.8320361808832013,-2.4698449167145253,-2.500857289689635,6.254287183393786,2.500857289689635
2010-03-22,16.96,2.830857630363757,-0.11778563015312216,-0.11785505194442526,0.013889813268823176,0.11785505194442526
2010-03-23,17.02,2.834389123145228,0.3537735849056478,0.3531492781470938,0.12471441265581341,0.3531492781470938
2010-03-24,16.56,2.8069901489571136,-2.7027027027027084,-2.7398974188114504,7.507037865609648,2.7398974188114504
2010-03-25,16.61,2.8100049236252036,0.3019323671497709,0.3014774668089995,0.0908886629935714,0.3014774668089995
2010-03-26,16.91,2.827905162910489,1.8061408789885602,1.7900239285285418,3.2041856647047537,1.7900239285285418
2010-03-29,17.39,2.855895328366192,2.8385570668243654,2.7990165455702742,7.834493622376151,2.7990165455702742
2010-03-30,17.27,2.848970892158587,-0.6900517538815487,-0.6924436207604506,0.4794781679318428,0.6924436207604506
2010-03-31,17.5,2.8622008809294686,1.3317892298783995,1.3229988770881114,1.7503260287764035,1.3229988770881114
2010-04-01,17.93,2.8864752876170416,2.4571428571428466,2.427440668757304,5.892468200336907,2.427440668757304
2010-04-02,17.82,2.8803214220426634,-0.6134969325153339,-0.6153865574378223,0.3787006150751742,0.6153865574378223
2010-04-05,18.07,2.8942531046041373,1.4029180695847465,1.3931682561473975,1.9409177899367804,1.3931682561473975
2010-04-06,17.91,2.8853592160726205,-0.8854454897620379,-0.8893888531516729,0.7910125321104481,0.8893888531516729
2010-04-07,18.14,2.8981194446869907,1.2841987716359693,1.276022861437025,1.6282343429099333,1.276022861437025
2010-04-08,18.07,2.8942531046041373,-0.38588754134509795,-0.38663400828534616,0.14948585636279313,0.38663400828534616
2010-04-09,18.4,2.91235066461494,1.8262313226341975,1.809756001080278,3.275216783446079,1.809756001080278
2010-04-12,18.21,2.9019708937395166,-1.0326086956521596,-1.0379770875423204,1.077396434262838,1.0379770875423204
2010-04-13,18.21,2.9019708937395166,0.0,0.0,0.0,0.0
2010-04-14,18.43,2.9139797716817317,1.2081274025260713,1.2008877942215197,1.442131494310227,1.2008877942215197
2010-04-15,18.39,2.91180703861623,-0.21703743895821193,-0.21727330655021074,0.04720768973926185,0.21727330655021074
2010-04-16,17.73,2.8752581200861167,-3.588907014681897,-3.6548918530113252,13.358234457208559,3.6548918530113252
2010-04-19,17.68,2.8724340572094973,-0.28200789622110367,-0.282406287661924,0.07975331131098937,0.282406287661924
2010-04-20,17.84,2.8814431271518632,0.9049773755656076,0.900906994236591,0.8116334122644091,0.900906994236591
2010-04-21,18.05,2.89314568477889,1.1771300448430555,1.1702557627026668,1.3694985501388004,1.1702557627026668
2010-04-22,17.98,2.8892600290434745,-0.38781163434903343,-0.38856557354157417,0.15098320494169248,0.38856557354157417
2010-04-23,18.32,2.9079933592459843,1.8909899888765347,1.8733330202510046,3.5093766047627506,1.8733330202510046
2010-04-26,18.29,2.906354462402774,-0.16375545851529116,-0.16388968432099535,0.02685982862683551,0.16388968432099535
2010-04-27,18.16,2.8992213731731473,-0.710770913067249,-0.7133089229627085,0.5088096195782192,0.7133089229627085
2010-04-28,18.1,2.89591193827178,-0.3303964757709221,-0.33094349013671426,0.10952359366386949,0.33094349013671426
2010-04-29,18.45,2.915064370486536,1.933701657458542,1.915243221475592,3.668156597408203,1.915243221475592
2010-04-30,18.65,2.9258461460898246,1.084010840108407,1.0781775603288413,1.162466851596652,1.0781775603288413
2010-05-03,18.8,2.9338568698359038,0.8042895442359255,0.8010723746078979,0.6417169493599364,0.8010723746078979
2010-05-04,17.87,2.8831233291713367,-4.9468085106383,-5.073354066456688,25.738921483632616,5.073354066456688
2010-05-05,17.48,2.8610573702273894,-2.1824286513710156,-2.20659589439473,4.869065441159678,2.20659589439473
2010-05-06,17.66,2.8713021951758138,1.0297482837528626,1.0244824948424576,1.049564382238626,1.0244824948424576
2010-05-07,18.36,2.9101743851923443,3.9637599093997666,3.887219001653038,15.110471566812443,3.887219001653038
2010-05-10,18.5,2.917770732084279,0.7625272331154731,0.7596346891934777,0.5770448610260714,0.7596346891934777
2010-05-11,19.29,2.9595868269176377,4.270270270270271,4.181609483335858,17.485857871124384,4.181609483335858
2010-05-12,19.5,2.970414465569701,1.0886469673405896,1.0827638652063394,1.1723775877965719,1.0827638652063394
2010-05-13,19.42,2.966303462863179,-0.41025641025640436,-0.4111002706522206,0.16900343253032904,0.4111002706522206
2010-05-14,19.32,2.961140828784372,-0.5149330587023715,-0.5162634078806942,0.26652790631658807,0.5162634078806942
2010-05-17,18.91,2.9396908826703663,-2.122153209109734,-2.1449946114005844,4.6010018829375445,2.1449946114005844
2010-05-18,18.95,2.9418039315284354,0.21152829190904665,0.2113048858069266,0.04464975476587829,0.2113048858069266
2010-05-19,18.2,2.9014215940827497,-3.95778364116095,-4.038233744568569,16.30733177577229,4.038233744568569
2010-05-20,17.66,2.8713021951758138,-2.9670329670329676,-3.0119398906935717,9.071781905151205,3.0119398906935717
2010-05-21,17.66,2.8713021951758138,0.0,0.0,0.0,0.0
2010-05-24,17.88,2.883682769745368,1.245753114382775,1.238057456955402,1.5327862667228769,1.238057456955402
2010-05-25,17.95,2.8875901149342877,0.39149888143177325,0.3907345188919855,0.1526734642537514,0.3907345188919855
2010-05-26,18.07,2.8942531046041373,0.6685236768802394,0.666298966984941,0.4439543134051994,0.666298966984941
2010-05-27,18.49,2.9172300453990334,2.3242944106253383,2.2976940794896277,5.279398082921688,2.2976940794896277
2010-05-28,18.41,2.9128939952449864,-0.43266630611140666,-0.4336050154046941,0.18801330938410502,0.4336050154046941
2010-05-31,18.57,2.9215473753646144,0.869092884302014,0.865338011962798,0.7488098749477275,0.865338011962798
2010-06-01,18.41,2.9128939952449864,-0.8616047388260606,-0.8653380119627907,0.7488098749477149,0.8653380119627907
2010-06-02,18.34,2.9090844668283187,-0.38022813688213253,-0.380952841666773,0.14512506757398944,0.380952841666773
2010-06-03,17.98,2.8892600290434745,-1.9629225736095934,-1.9824437784844544,3.9300833348517203,1.9824437784844544
2010-06-04,17.46,2.859912550411456,-2.8921023359288034,-2.9347478632018005,8.612745020567534,2.9347478632018005
2010-06-07,18.11,2.896464271895322,3.7227949599083487,3.655172148386574,13.360283434340923,3.655172148386574
2010-06-08,18.27,2.9052603703899154,0.8834897846493606,0.8796098494593289,0.7737134872658632,0.8796098494593289
2010-06-09,18.11,2.896464271895322,-0.8757525998905336,-0.879609849459336,0.7737134872658756,0.879609849459336
2010-06-10,18.23,2.9030685886905716,0.662617338487026,0.6604316795249678,0.4361700033201698,0.6604316795249678
2010-06-11,18.23,2.9030685886905716,0.0,0.0,0.0,0.0
2010-06-14,18.23,2.9030685886905716,0.0,0.0,0.0,0.0
2010-06-15,18.55,2.920469789053444,1.7553483269336256,1.7401200362872473,3.028017740688331,1.7401200362872473
2010-06-16,18.46,2.9156062290747062,-0.48517520215632937,-0.48635599787379985,0.2365421566678196,0.48635599787379985
2010-06-17,18.71,2.9290581402859983,1.3542795232936111,1.3451911211292182,1.8095391523648832,1.3451911211292182
2010-06-18,19.16,2.9528247725427144,2.4051309460181747,2.376663225671626,5.648528088259859,2.376663225671626
2010-06-21,18.73,2.930126516455997,-2.24425887265135,-2.2698256086717272,5.152108293781977,2.2698256086717272
2010-06-22,18.8,2.9338568698359038,0.3737319807795014,0.3730353379906409,0.1391553633897917,0.3730353379906409
2010-06-23,18.52,2.918851229218033,-1.4893617021276673,-1.5005640617870275,2.2516925035267823,1.5005640617870275
2010-06-24,18.68,2.9274534328006965,0.8639308855291628,0.8602203582663288,0.7399790647758511,0.8602203582663288
2010-06-25,19.06,2.947591898226056,2.0342612419700146,2.0138465425359424,4.055577896883969,2.0138465425359424
2010-06-28,18.73,2.930126516455997,-1.7313746065057645,-1.7465381770058839,3.050395603739036,1.7465381770058839
2010-06-29,18.53,2.9193910402972683,-1.0678056593699914,-1.0735476158728698,1.152504483546323,1.0735476158728698
2010-06-30,18.61,2.9236990706541595,0.4317323259579009,0.4308030356890925,0.18559125555893752,0.4308030356890925
2010-07-01,17.96,2.8881470628740535,-3.492745835572264,-3.555200778010575,12.639452571966999,3.555200778010575
2010-07-02,17.91,2.8853592160726205,-0.27839643652561863,-0.27878468014331953,0.07772089788261298,0.27878468014331953
2010-07-05,17.91,2.8853592160726205,0.0,0.0,0.0,0.0
2010-07-06,17.91,2.8853592160726205,0.0,0.0,0.0,0.0
2010-07-07,18.05,2.89314568477889,0.7816862088218857,0.77864687062695,0.6062909491371423,0.77864687062695
2010-07-08,18.07,2.8942531046041373,0.11080332409971749,0.11074198252471437,0.012263786693504143,0.11074198252471437
2010-07-09,18.11,2.896464271895322,0.22136137244050946,0.22111672911848923,0.04889260789605934,0.22111672911848923
2010-07-12,17.91,2.8853592160726205,-1.1043622308117063,-1.1105055822701604,1.233222648253188,1.1105055822701604
2010-07-13,18.23,2.9030685886905716,1.7867113344500307,1.770937261795129,3.136218785214429,1.770937261795129
2010-07-14,18.27,2.9052603703899154,0.21941854086668933,0.21917816993435388,0.048039070175772504,0.21917816993435388
2010-07-15,18.34,2.9090844668283187,0.3831417624521105,0.3824096438403476,0.1462371357021015,0.3824096438403476
2010-07-16,17.88,2.883682769745368,-2.5081788440567077,-2.5401697082950716,6.452462146939869,2.5401697082950716
2010-07-19,17.61,2.8684669225081145,-1.5100671140939603,-1.5215847237253317,2.315220071474294,1.5215847237253317
2010-07-20,17.68,2.8724340572094973,0.3975014196479387,0.3967134701382718,0.15738157738914946,0.3967134701382718
2010-07-21,17.66,2.8713021951758138,-0.11312217194570096,-0.11318620336834176,0.01281111663293962,0.11318620336834176
2010-07-22,18.08,2.89480635496403,2.378255945639851,2.3504159788216357,5.524455273500068,2.3504159788216357
2010-07-23,18.11,2.896464271895322,0.16592920353983853,0.16579169312917308,0.027486885510637896,0.16579169312917308
2010-07-26,18.18,2.900322088749333,0.3865267807841022,0.3857816854010811,0.1488275087908987,0.3857816854010811
2010-07-27,17.67,2.871868286331605,-2.8052805280527893,-2.8453802417727583,8.096188720270801,2.8453802417727583
2010-07-28,17.51,2.8627721462977607,-0.9054895302773036,-0.909614003384452,0.8273976351530898,0.909614003384452
2010-07-29,17.61,2.8684669225081145,0.571102227298681,0.5694776210354234,0.32430476086016535,0.5694776210354234
2010-07-30,17.98,2.8892600290434745,2.1010789324247714,2.079310653535957,4.323532793908128,2.079310653535957
2010-08-02,18.34,2.9090844668283187,2.0022246941045596,1.9824437784844564,3.9300833348517283,1.9824437784844564
2010-08-03,18.36,2.9101743851923443,0.10905125408942062,0.10899183640256005,0.011879220402402415,0.10899183640256005
2010-08-04,18.29,2.906354462402774,-0.38126361655773655,-0.38199227895701005,0.14591810118277018,0.38199227895701005
2010-08-05,18.34,2.9090844668283187,0.27337342810278553,0.27300044255444333,0.07452924163492192,0.27300044255444333
2010-08-06,18.47,2.9161477942111484,0.7088331515812341,0.7063327382829712,0.4989059371703202,0.7063327382829712
2010-08-09,18.34,2.9090844668283187,-0.7038440714672412,-0.7063327382829773,0.4989059371703289,0.7063327382829773
2010-08-10,18.29,2.906354462402774,-0.27262813522356266,-0.2730004425544538,0.07452924163492765,0.2730004425544538
2010-08-11,17.89,2.884241897520628,-2.1869874248222954,-2.2112564882146417,4.88965525667135,2.2112564882146417
2010-08-12,18.06,2.8936995479888394,0.950251537171587,0.9457650468211398,0.8944715237885928,0.9457650468211398
2010-08-13,18.16,2.8992213731731473,0.5537098560354448,0.5521825184307947,0.30490553366057493,0.5521825184307947
2010-08-16,18.38,2.911263116927541,1.2114537444933848,1.2041743754393683,1.4500359264647928,1.2041743754393683
2010-08-17,18.5,2.917770732084279,0.6528835690968515,0.6507615156738215,0.4234905502820894,0.6507615156738215
2010-08-18,18.36,2.9101743851923443,-0.7567567567567601,-0.7596346891934763,0.5770448610260693,0.7596346891934763
2010-08-19,18.3,2.9069010598473755,-0.32679738562090277,-0.3273325344969026,0.10714658814016592,0.3273325344969026
2010-08-20,18.02,2.8914822521801917,-1.5300546448087537,-1.5418807667183507,2.377396298775969,1.5418807667183507
2010-08-23,18.0,2.8903717578961645,-0.11098779134295356,-0.11104942840271764,0.012331975548570313,0.11104942840271764
2010-08-24,18.34,2.9090844668283187,1.8888888888888955,1.8712708932154165,3.5016547557952227,1.8712708932154165
2010-08-25,18.91,2.9396908826703663,3.107960741548532,3.060641584204738,9.367526906963288,3.060641584204738
2010-08-26,18.93,2.9407479652212314,0.10576414595451222,0.10570825508652623,0.011174235193438098,0.10570825508652623
2010-08-27,19.08,2.9486406660201405,0.7923930269413626,0.7892700798908983,0.6229472590109849,0.7892700798908983
2010-08-30,19.03,2.946016681308058,-0.2620545073375058,-0.262398471208214,0.06885295769240793,0.262398471208214
2010-08-31,19.36,2.963209081848431,1.7341040462427681,1.719240054037277,2.9557863634060992,1.719240054037277
2010-09-01,19.36,2.963209081848431,0.0,0.0,0.0,0.0
2010-09-02,19.63,2.9770590082883697,1.394628099173545,1.3849926439938651,1.9182046239171173,1.3849926439938651
2010-09-03,19.81,2.9861868607104594,0.9169638308711203,0.912785242208991,0.8331768983945265,0.912785242208991
2010-09-06,19.95,2.9932291433358724,0.7067137809187329,0.7042282625412951,0.4959374457619313,0.7042282625412951
2010-09-07,19.79,2.9851767596144745,-0.8020050125313261,-0.8052383721398082,0.6484088359663682,0.8052383721398082
2010-09-08,19.91,2.991222118076105,0.606366851945439,0.6045358461630684,0.3654635892960971,0.6045358461630684
2010-09-09,19.7,2.9806186357439426,-1.0547463586137673,-1.0603482332162155,1.1243383756847498,1.0603482332162155
2010-09-10,19.89,2.9902170928658807,0.9644670050761528,0.9598457121938113,0.9213037912168449,0.9598457121938113
2010-09-13,20.05,2.998229153752578,0.8044243338360957,0.8012060886697333,0.6419311965214526,0.8012060886697333
2010-09-14,20.45,3.017982882488811,1.995012468827917,1.975372873623243,3.9020979898465487,1.975372873623243
2010-09-15,20.56,3.0233474405869645,0.5378973105134355,0.5364558098153487,0.28778483588464154,0.5364558098153487
2010-09-16,20.75,3.0325462466767075,0.9241245136186738,0.9198806089742914,0.8461803347669131,0.9198806089742914
2010-09-17,20.73,3.0315819264476884,-0.09638554216867545,-0.09643202290190923,0.009299135040954348,0.09643202290190923
2010-09-20,20.73,3.0315819264476884,0.0,0.0,0.0,0.0
2010-09-21,20.92,3.040705639196722,0.9165460684997573,0.9123712749033918,0.8324213432688404,0.9123712749033918
2010-09-22,21.11,3.0497468618602293,0.9082217973231277,0.9041222663507009,0.8174370725111277,0.9041222663507009
2010-09-23,21.11,3.0497468618602293,0.0,0.0,0.0,0.0
2010-09-24,21.43,3.064791809485486,1.5158692562766474,1.5044947625256422,2.2635044904670885,1.5044947625256422
2010-09-27,21.43,3.064791809485486,0.0,0.0,0.0,0.0
2010-09-28,21.73,3.078693794268338,1.3999066728884735,1.3901984782852614,1.9326518090266565,1.3901984782852614
2010-09-29,21.9,3.086486636822455,0.7823285780027556,0.7792842554116811,0.6072839507325383,0.7792842554116811
2010-09-30,21.73,3.078693794268338,-0.776255707762552,-0.7792842554116816,0.6072839507325389,0.7792842554116816
2010-10-01,22.08,3.0946722214088944,1.610676484123319,1.5978427140556164,2.5531013388606185,1.5978427140556164
2010-10-04,21.86,3.0846584827483925,-0.9963768115942018,-1.0013738660502047,1.0027496196083334,1.0013738660502047
2010-10-05,22.84,3.1285133847878095,4.483074107959739,4.385490203941692,19.232524328868543,4.385490203941692
2010-10-06,23.16,3.1424266527047946,1.4010507880910739,1.3913267916985081,1.9357902412980639,1.3913267916985081
2010-10-07,22.5,3.1135153092103742,-2.849740932642486,-2.8911343494420034,8.358657826523437,2.8911343494420034
2010-10-08,23.2,3.1441522786722644,3.111111111111109,3.0636969461889803,9.386238978087682,3.0636969461889803
2010-10-11,23.27,3.1471649773142003,0.3017241379310365,0.30126986419361124,0.09076353107123696,0.30126986419361124
2010-10-12,23.29,3.1480240838962494,0.08594757198108205,0.08591065820491685,0.007380641193202047,0.08591065820491685
2010-10-13,24.0,3.1780538303479458,3.04851867754401,3.002974645169599,9.01785671953148,3.002974645169599
2010-10-14,24.62,3.2035591207563074,2.5833333333333375,2.5505290408361874,6.505198388148762,2.5505290408361874
2010-10-15,24.3,3.190476350346503,-1.299756295694554,-1.3082770409804647,1.7115888159566006,1.3082770409804647
2010-10-18,24.34,3.1921210875593813,0.16460905349793276,0.1644737212878245,0.027051604994264976,0.1644737212878245
2010-10-19,23.34,3.15016862685841,-4.108463434675436,-4.195246070097123,17.60008958866535,4.195246070097123
2010-10-20,23.91,3.1742967814702334,2.4421593830334265,2.412815461182351,5.8216784497206016,2.412815461182351
2010-10-21,23.14,3.1415627217655304,-3.2204098703471296,-3.273405970470279,10.71518664751047,3.273405970470279
2010-10-22,23.26,3.1467351470905185,0.5185825410544576,0.5172425324987914,0.26753983742576326,0.5172425324987914
2010-10-25,23.61,3.1616703510974213,1.5047291487532144,1.4935204006903087,2.23060318727814,1.4935204006903087
2010-10-26,23.82,3.170525563927154,0.8894536213468918,0.8855212829732544,0.7841479425985984,0.8855212829732544
2010-10-27,23.54,3.1587011018321305,-1.1754827875734675,-1.1824462095023387,1.3981790383664487,1.1824462095023387
2010-10-28,24.0,3.1780538303479458,1.954120645709434,1.9352728515814992,3.7452810100683873,1.9352728515814992
2010-10-29,24.73,3.208017081533325,3.041666666666676,2.9963251185379307,8.977964215981345,2.9963251185379307
2010-11-01,24.61,3.2031528644029645,-0.48524059846341006,-0.4864217130360394,0.2366060829129151,0.4864217130360394
2010-11-02,24.89,3.2144661163795005,1.137748882568057,1.1313251976536094,1.2798967028459785,1.1313251976536094
2010-11-03,24.82,3.211649779776461,-0.28123744475693213,-0.2816336603039502,0.07931751861620082,0.2816336603039502
2010-11-04,26.3,3.269568939183719,5.962933118452862,5.791915940725773,33.54629026443332,5.791915940725773
2010-11-05,26.7,3.2846635654062037,1.520912547528508,1.5094626222484888,2.278477407965284,1.5094626222484888
2010-11-08,27.7,3.3214324131932926,3.7453183520599342,3.676884778708906,13.519481675901242,3.676884778708906
2010-11-09,26.91,3.2924979647388146,-2.851985559566783,-2.8934448454478336,8.372023073648638,2.8934448454478336
2010-11-10,27.12,3.3002714630721948,0.7803790412486133,0.7773498333380446,0.6042727633906858,0.7773498333380446
2010-11-11,27.66,3.319987326236612,1.9911504424778625,1.9715863164417198,3.8871526031802293,1.9715863164417198
2010-11-12,26.05,3.260017768199376,-5.820679681851049,-5.996955803723623,35.96347891181444,5.996955803723623
2010-11-15,25.52,3.239462458476589,-2.0345489443378217,-2.055530972278689,4.225207577996973,2.055530972278689
2010-11-16,25.39,3.234355395716587,-0.5094043887147293,-0.5107062760002021,0.26082090034599464,0.5107062760002021
2010-11-17,25.64,3.2441536320524693,0.9846396218983866,0.9798236335882237,0.9600543529380295,0.9798236335882237
2010-11-18,26.96,3.2943542860441064,5.148205928237126,5.0200653991636965,25.201056611880563,5.0200653991636965
2010-11-19,27.29,3.306520334720247,1.2240356083085935,1.2166048676140702,1.4801274039022492,1.2166048676140702
2010-11-22,27.86,3.3271919683516598,2.088677171124953,2.067163363141253,4.273164369913456,2.067163363141253
2010-11-23,27.5,3.3141860046725258,-1.2921751615218913,-1.3005963679133992,1.691550912229526,1.3005963679133992
2010-11-24,27.54,3.315639493300509,0.1454545454545375,0.14534886279830986,0.021126291916761904,0.14534886279830986
2010-11-25,27.52,3.314913013065143,-0.0726216412490932,-0.0726480235365885,0.0052777353237727165,0.0726480235365885
2010-11-26,26.66,3.2831643147505627,-3.125,-3.1748698314580297,10.079798446702338,3.1748698314580297
2010-11-29,27.14,3.301008654406723,1.8004501125281402,1.7844339656160553,3.184204577644241,1.7844339656160553
2010-11-30,28.07,3.334701390373791,3.426676492262337,3.3692735967067984,11.352004569465565,3.3692735967067984
2010-12-01,28.4,3.3463891451671604,1.1756323477021713,1.1687754793369216,1.3660361210992509,1.1687754793369216
2010-12-02,28.55,3.351656936102019,0.528169014084523,0.5267790934859026,0.2774962133338293,0.5267790934859026
2010-12-03,29.38,3.380314170745731,2.9071803852889655,2.865723464371201,8.212370974247678,2.865723464371201
2010-12-06,30.07,3.4035279970004377,2.3485364193328806,2.321382625470646,5.388817293836991,2.321382625470646
2010-12-07,28.61,3.3537563070620187,-4.855337545726646,-4.9771689938418895,24.772211193261086,4.9771689938418895
2010-12-08,28.34,3.3442742342625342,-0.9437259699405787,-0.9482072799484499,0.899097045747238,0.9482072799484499
2010-12-09,28.72,3.3575937441800234,1.3408609738885024,1.3319509917489112,1.774093444420908,1.3319509917489112
2010-12-10,28.64,3.3548043420924447,-0.278551532033422,-0.2789402087578525,0.07780764006187435,0.2789402087578525
2010-12-13,29.5,3.3843902633457743,3.00279329608939,2.958592125332932,8.753267364082035,2.958592125332932
2010-12-14,29.46,3.3830334110344844,-0.1355932203389809,-0.13568523112899084,0.018410481946527665,0.13568523112899084
2010-12-15,28.76,3.358985532852846,-2.3761031907671426,-2.404787818163828,5.783004450389145,2.404787818163828
2010-12-16,28.85,3.3621099929541085,0.31293463143253764,0.31244601012625534,0.09762250924381605,0.31244601012625534
2010-12-17,29.11,3.371081757757532,0.9012131715771199,0.8971764803423259,0.8049256368794439,0.8971764803423259
2010-12-20,29.3,3.3775875160230218,0.6526966678117585,0.6505758265489864,0.4232489060898968,0.6505758265489864
2010-12-21,29.32,3.3782698770184507,0.06825938566552558,0.0682360995429087,0.004656165280829744,0.0682360995429087
2010-12-22,29.2,3.374168709274236,-0.4092769440654842,-0.41011677442146777,0.16819576866186908,0.41011677442146777
2010-12-23,29.22,3.3748534063225533,0.068493150684934,0.06846970483173845,0.004688100479745387,0.06846970483173845
2010-12-27,29.21,3.3745111163996495,-0.034223134839139746,-0.03422899229037125,0.0011716239132142942,0.03422899229037125
2010-12-28,30.26,3.40982670836021,3.594659363231778,3.531559196056034,12.471910355247942,3.531559196056034
2010-12-29,30.5,3.417726683613366,0.7931262392597338,0.7899975253155931,0.6240960900047612,0.7899975253155931
2010-12-30,30.39,3.414113606928702,-0.360655737704918,-0.36130766846642354,0.13054323129264303,0.36130766846642354
2010-12-31,30.86,3.4294608469350147,1.5465613688713464,1.5347240006313148,2.355377758113788,1.5347240006313148
2011-01-03,30.68,3.4236109764990554,-0.5832793259883284,-0.5849870435959283,0.34220984117510456,0.5849870435959283
2011-01-04,29.75,3.392829131991639,-3.031290743155146,-3.0781844507416634,9.475219512787756,3.0781844507416634
2011-01-05,29.22,3.3748534063225533,-1.7815126050420238,-1.7975725669085414,3.2312671333021625,1.7975725669085414
2011-01-06,29.03,3.3683297780365384,-0.6502395619438661,-0.652362828601482,0.42557726014092656,0.652362828601482
2011-01-07,28.49,3.3495531485098167,-1.8601446779194064,-1.8776629526721729,3.5256181638375823,1.8776629526721729
2011-01-10,29.05,3.3690184832979204,1.9656019656019819,1.9465334788103468,3.788992584129511,1.9465334788103468
2011-01-11,29.43,3.382014562245381,1.3080895008605875,1.2996078947461194,1.6889806800864404,1.2996078947461194
2011-01-12,29.62,3.3884498088396526,0.6455997281685333,0.6435246594271294,0.41412398729080296,0.6435246594271294
2011-01-13,28.65,3.3551534431607486,-3.2748143146522746,-3.3296365678904283,11.08647967423315,3.3296365678904283
2011-01-14,28.42,3.3470931226689546,-0.8027923211169186,-0.8060320491793893,0.6496876643043255,0.8060320491793893
2011-01-17,28.27,3.341801171705499,-0.5277973258268953,-0.5291950963455734,0.2800474499962007,0.5291950963455734
2011-01-18,28.86,3.3624565533457247,2.087018040325428,2.0655381640225787,4.266447907033766,2.0655381640225787
2011-01-19,28.8,3.3603753871419,-0.20790020790020236,-0.20811662038245116,0.043312527679413286,0.20811662038245116
2011-01-20,27.47,3.3130945001071823,-4.618055555555567,-4.728088703471787,22.354822787897525,4.728088703471787
2011-01-21,27.49,3.3138223021771545,0.07280669821623231,0.07278020699718134,0.005296958530552564,0.07278020699718134
2011-01-24,26.95,3.2939832973550063,-1.9643506729719817,-1.98390048221481,3.935861123332156,1.98390048221481
2011-01-25,26.86,3.2906381910950917,-0.33395176252318803,-0.3345106259914614,0.11189735890119938,0.3345106259914614
2011-01-26,27.59,3.3174533882291946,2.717795979151161,2.6815197134103266,7.1905479734082,2.6815197134103266
2011-01-27,26.91,3.2924979647388146,-2.464661109097499,-2.4955423490380277,6.227731615842237,2.4955423490380277
2011-01-28,27.96,3.3307749173656096,3.9018952062430445,3.827695262679518,14.651251023939224,3.827695262679518
2011-01-31,28.05,3.3339886319687055,0.32188841201716833,0.32137146030958247,0.10327961550151354,0.32137146030958247
2011-02-01,28.58,3.3527071725017215,1.8894830659536455,1.871854053301594,3.5038375968616067,1.871854053301594
2011-02-02,28.32,3.343568268825519,-0.9097270818754333,-0.9138903676202295,0.8351956040290381,0.9138903676202295
2011-02-03,28.91,3.364187556028255,2.083333333333326,2.0619287202735608,4.251550047488964,2.0619287202735608
2011-02-04,29.12,3.3714252233284854,0.7263922518159882,0.7237667300230602,0.5238382794882733,0.7237667300230602
2011-02-07,29.41,3.3813347525659037,0.9958791208791284,0.9909529237418514,0.9819876970725235,0.9909529237418514
2011-02-08,30.33,3.41213732170049,3.1281876912614637,3.080256913458596,9.487982652909478,3.080256913458596
2011-02-09,30.19,3.4075107437187473,-0.4615891856247889,-0.4626577981742255,0.21405223821142236,0.4626577981742255
2011-02-10,30.18,3.407179453339703,-0.03312355084466034,-0.033129037904469284,0.0010975331524757626,0.033129037904469284
2011-02-11,29.91,3.398192872641857,-0.8946322067594381,-0.8986580697846133,0.8075863263890068,0.8986580697846133
2011-02-14,30.57,3.420019135902743,2.206619859578729,2.1826263260886414,4.7638576793352,2.1826263260886414
2011-02-15,30.75,3.4258899942525267,0.5888125613346507,0.5870858349783827,0.34466977763226486,0.5870858349783827
2011-02-16,30.68,3.4236109764990554,-0.22764227642276813,-0.22790177534714784,0.051939219206381844,0.22790177534714784
2011-02-17,31.75,3.457892725338701,3.4876140808344225,3.428174883964524,11.752383035045177,3.428174883964524
2011-02-18,32.65,3.48584485572244,2.8346456692913247,2.795213038373928,7.813215929895606,2.795213038373928
2011-02-21,33.88,3.522824869783854,3.767228177641657,3.698001406141361,13.675214399823483,3.698001406141361
2011-02-22,33.05,3.498021566297695,-2.4498229043683706,-2.480330348615847,6.152038638264808,2.480330348615847
2011-02-23,33.52,3.5121422756138823,1.4220877458396508,1.4120709316187137,1.9939443159225418,1.4120709316187137
2011-02-24,32.13,3.4697901731277674,-4.146778042959431,-4.235210248611524,17.937005849944086,4.235210248611524
2011-02-25,33.37,3.5076572927632825,3.859321506380309,3.7867119635515345,14.339187494904317,3.7867119635515345
2011-02-28,33.95,3.5248888540047054,1.7380881030866213,1.7231561241422655,2.9692670281689946,1.7231561241422655
2011-03-01,34.7,3.5467396869528134,2.2091310751104487,2.1850832948108296,4.774589005261351,2.1850832948108296
2011-03-02,34.67,3.545874759696932,-0.08645533141210526,-0.08649272558814587,0.007480991579666304,0.08649272558814587
2011-03-03,34.19,3.5319332036512097,-1.3844822613210406,-1.3941556045722285,1.943669849760156,1.3941556045722285
2011-03-04,35.62,3.5729072778615154,4.1825095057034245,4.09740742103057,16.788747573916385,4.09740742103057
2011-03-07,35.92,3.581294243433999,0.8422234699607012,0.838696557248331,0.703411915140203,0.838696557248331
2011-03-08,36.0,3.58351893845611,0.22271714922048602,0.22246950221111086,0.049492679414059465,0.22246950221111086
2011-03-09,36.13,3.587123545159549,0.36111111111112315,0.36046067034389745,0.1299318948647719,0.36046067034389745
2011-03-10,35.28,3.5633162311385904,-2.352615554940496,-2.3807314020958334,5.667882008925193,2.3807314020958334
2011-03-11,35.91,3.5810158082379915,1.7857142857142794,1.7699577099400856,3.1327502949763524,1.7699577099400856
2011-03-14,35.84,3.57906458810673,-0.19493177387912564,-0.19512201312615823,0.03807260000640467,0.19512201312615823
2011-03-15,34.17,3.5313480661272005,-4.659598214285721,-4.771652197952933,22.768664698229053,4.771652197952933
2011-03-16,33.9,3.5234150143864045,-0.7901668129938644,-0.7933051740795989,0.6293330992214627,0.7933051740795989
2011-03-17,34.52,3.541538866215227,1.828908554572295,1.812385182882285,3.2847400511312537,1.812385182882285
2011-03-18,35.27,3.563032744247961,2.1726535341830777,2.1493878032733384,4.619867928860187,2.1493878032733384
2011-03-21,36.08,3.585738695194423,2.2965693223702788,2.270595094646221,5.15560208383148,2.270595094646221
2011-03-22,36.37,3.5937442589988975,0.8037694013303787,0.8005563804474776,0.6408905182751664,0.8005563804474776
2011-03-23,37.37,3.6208682434973927,2.7495188342040233,2.712398449849495,7.357105350745942,2.712398449849495
2011-03-24,37.42,3.6222053208459437,0.13379716350014892,0.13370773485511808,0.01787775836008656,0.13370773485511808
2011-03-25,37.33,3.6197972929264925,-0.24051309460182413,-0.24080279194511528,0.057985984608562476,0.24080279194511528
2011-03-28,37.14,3.61469455592456,-0.5089740155371003,-0.5102737001932726,0.2603792491089338,0.5102737001932726
2011-03-29,37.12,3.6141559079179997,-0.0538502961766385,-0.053864800656000536,0.002901416749710676,0.053864800656000536
2011-03-30,37.46,3.6232736970159425,0.9159482758620774,0.9117789097942712,0.8313407803456297,0.9117789097942712
2011-03-31,37.66,3.628598523229006,0.5339028296849957,0.5324826213063882,0.2835377419933225,0.5324826213063882
2011-04-01,37.8,3.632309102625542,0.3717472118959231,0.3710579396535775,0.13768399457995795,0.3710579396535775
2011-04-04,38.58,3.652734007477583,2.063492063492056,2.042490485204094,4.171767382149256,2.042490485204094
2011-04-05,39.28,3.670715483486265,1.8144116122343235,1.798147600868217,3.2333347945081243,1.798147600868217
2011-04-06,39.49,3.676047475298558,0.534623217922614,0.5331991812292981,0.28430136686359386,0.5331991812292981
2011-04-07,39.63,3.679586407202344,0.35452013167891483,0.3538931903785681,0.12524039019632144,0.3538931903785681
2011-04-08,40.93,3.7118632905043114,3.280343174362854,3.227688330196797,10.41797195688859,3.227688330196797
2011-04-11,40.22,3.6943643843445058,-1.7346689469826537,-1.749890615980565,3.062117167896841,1.749890615980565
2011-04-12,40.08,3.6908774567766094,-0.348085529587272,-0.34869275678966494,0.12158663863757642,0.34869275678966494
2011-04-13,40.63,3.7045067099996354,1.3722554890219563,1.362925322302602,1.8575654341736518,1.362925322302602
2011-04-14,42.14,3.740997408376043,3.7164656657642015,3.6490698376407478,13.315710679979473,3.6490698376407478
2011-04-15,42.97,3.7605021977869035,1.9696250593260523,1.950478941086073,3.8043680996202487,1.950478941086073
2011-04-18,43.36,3.769537357131391,0.9076099604375054,0.903515934448694,0.8163410438026968,0.903515934448694
2011-04-19,43.93,3.782597457987688,1.314575645756455,1.30601008562974,1.705662343766601,1.30601008562974
2011-04-20,45.24,3.81198165124792,2.9820168449806506,2.9384193260231504,8.634308135546345,2.9384193260231504
2011-04-21,46.59,3.8413859258287055,2.984084880636617,2.9404274580785805,8.646113636222463,2.9404274580785805
2011-04-25,46.95,3.849083205654272,0.7726980038634812,0.7697279825566434,0.5924811671307204,0.7697279825566434
2011-04-26,45.59,3.8196883942253503,-2.896698615548454,-2.9394811428921854,8.640549389418748,2.9394811428921854
2011-04-27,47.8,3.86702563949741,4.847554288221079,4.733724527206004,22.408147899471704,4.733724527206004
2011-04-28,48.46,3.8807387153883797,1.3807531380753302,1.3713075890969544,1.8804845039149014,1.3713075890969544
2011-04-29,47.91,3.8693242508950307,-1.134956665290976,-1.1414464493349061,1.3028999966992645,1.1414464493349061
2011-05-02,43.98,3.783734985126615,-8.202880400751411,-8.558926576841566,73.25522414776489,8.558926576841566
2011-05-03,41.65,3.7293013686128518,-5.297862664847653,-5.443361651376337,29.630186067674526,5.443361651376337
2011-05-04,39.44,3.6747805297344347,-5.306122448979589,-5.4520838878417,29.725218720063065,5.4520838878417
2011-05-05,34.73,3.5476038667559826,-11.9421906693712,-12.717666297845206,161.73903606334778,12.717666297845206
2011-05-06,35.62,3.5729072778615154,2.5626259717823174,2.530341110553291,6.402626135756061,2.530341110553291
2011-05-09,37.74,3.630720539940404,5.951712521055597,5.781326207888866,33.423732722022656,5.781326207888866
2011-05-10,38.5,3.6506582412937387,2.013778484366724,1.9937701353334423,3.975119352547533,1.9937701353334423
2011-05-11,35.12,3.558770768766916,-8.779220779220786,-9.18874725268227,84.43307607367598,9.18874725268227
2011-05-12,34.65,3.5452977256359124,-1.3382687927107062,-1.3473043131003672,1.8152289120988525,1.3473043131003672
2011-05-13,35.35,3.565298392342582,2.020202020202033,2.000066670666965,4.000266687112838,2.000066670666965
2011-05-16,33.62,3.5151211279804695,-4.893917963224903,-5.017726436211231,25.177578588653063,5.017726436211231
2011-05-17,33.96,3.5251833614431467,1.0113027959548049,1.0062233462677177,1.0124854225742033,1.0062233462677177
2011-05-18,35.06,3.5570608794930885,3.239104829210837,3.1877518049941886,10.161761570243709,3.1877518049941886
2011-05-19,34.99,3.5550623063795967,-0.19965772960639505,-0.19985731134918414,0.039942944899724726,0.19985731134918414
2011-05-20,35.07,3.5573460641520867,0.2286367533580913,0.22837577724899674,0.05215549563408338,0.22837577724899674
2011-05-23,35.08,3.5576311675039825,0.028514399771872867,0.028510335189543594,0.0008128392126201278,0.028510335189543594
2011-05-24,36.68,3.602231647388264,4.561003420752563,4.460047988428179,19.892028059082243,4.460047988428179
2011-05-25,37.92,3.6354786773868213,3.3805888767720838,3.3247029998556963,11.053650037249467,3.3247029998556963
2011-05-26,37.25,3.6176519448255684,-1.7668776371308037,-1.7826732561252552,3.1779239381042195,1.7826732561252552
2011-05-27,38.01,3.6378492830011573,2.0402684563758378,2.019733817558884,4.0793246937909835,2.019733817558884
2011-05-30,38.12,3.6407390787860012,0.28939752696659493,0.288979578484406,0.08350919678102495,0.288979578484406
2011-05-31,38.49,3.6503984672956546,0.970619097586578,0.965938850965348,0.9330378638042569,0.965938850965348
2011-06-01,36.83,3.606312730456974,-4.312808521693956,-4.408573683868092,19.435521926094275,4.408573683868092
2011-06-02,36.19,3.588782837575651,-1.7377138202552267,-1.7529892881322864,3.0729714443065403,1.7529892881322864
2011-06-03,36.24,3.5901634811747787,0.13815971262780558,0.1380643599127591,0.019061767478119877,0.1380643599127591
2011-06-06,36.78,3.604954219176175,1.490066225165565,1.4790738001396473,2.1876593062595373,1.4790738001396473
2011-06-07,37.13,3.6144252681889886,0.9516041326808056,0.9471049012813688,0.8970076940311914,0.9471049012813688
2011-06-08,36.81,3.60576954739093,-0.8618367896579548,-0.8655720798058917,0.7492150253394969,0.8655720798058917
2011-06-09,37.56,3.6259396543400624,2.037489812550941,2.017010694913244,4.068332143394406,2.017010694913244
2011-06-10,36.19,3.588782837575651,-3.6474973375931974,-3.7156816764411222,13.806290320640308,3.7156816764411222
2011-06-13,34.76,3.548467300397191,-3.951367781155013,-4.031553717845975,16.253425379877704,4.031553717845975
2011-06-14,35.38,3.566146688731639,1.783659378596103,1.767938833444808,3.125607718802189,1.767938833444808
2011-06-15,35.82,3.578506396632566,1.2436404748445318,1.2359707900926373,1.5276237939622181,1.2359707900926373
2011-06-16,35.56,3.571221410645704,-0.7258514796203208,-0.728498598686186,0.5307102082877367,0.728498598686186
2011-06-17,35.87,3.579901291544191,0.8717660292463236,0.8679880898487174,0.7534033241192252,0.8679880898487174
2011-06-20,36.05,3.584906863730958,0.5018120992472896,0.5005572186766952,0.25055752916934887,0.5005572186766952
2011-06-21,36.36,3.5934692693092782,0.8599167822468834,0.8562405578320041,0.7331478928764616,0.8562405578320041
2011-06-22,36.29,3.591542221224979,-0.19251925192519392,-0.19270480842991336,0.037135143192009605,0.19270480842991336
2011-06-23,35.29,3.5635996376871786,-2.755580049600437,-2.7942583537800223,7.80787974766944,2.7942583537800223
2011-06-24,34.32,3.5357282746197614,-2.7486540096344547,-2.787136306741714,7.768128792357842,2.787136306741714
2011-06-27,33.59,3.5142284036242013,-2.1270396270396175,-2.1499870995560055,4.622444528257245,2.1499870995560055
2011-06-28,33.93,3.5242995787961386,1.0122060136945388,1.007117517193727,1.014285693438457,1.007117517193727
2011-06-29,34.85,3.551053137206533,2.711464780430295,2.6753558410394085,7.15752887618368,2.6753558410394085
2011-06-30,34.71,3.547027829873695,-0.4017216642754673,-0.40253073328380035,0.162030991237994,0.40253073328380035
2011-07-01,33.89,3.52311998561896,-2.362431575914725,-2.3907844254734965,5.715850169086637,2.3907844254734965
2011-07-04,34.15,3.530762586016799,0.7671879610504417,0.7642600397838947,0.5840934084104803,0.7642600397838947
2011-07-05,35.47,3.5686872687855304,3.8653001464128867,3.7924682768731413,14.382815631089134,3.7924682768731413
2011-07-06,35.89,3.580458705159516,1.1840992387933458,1.1771436373985429,1.3856671430678722,1.1771436373985429
2011-07-07,36.43,3.5953926110204724,1.5045973808860413,1.4933905860956536,2.23021544263912,1.4933905860956536
2011-07-08,36.71,3.603049197508743,0.7685973099094134,0.7656586488270478,0.5862331665236605,0.7656586488270478
2011-07-11,35.75,3.5765502691400166,-2.6150912557886152,-2.6498928368726284,7.021932046908867,2.6498928368726284
2011-07-12,36.1,3.586292865338835,0.9790209790209836,0.974259619881862,0.9491818069323503,0.974259619881862
2011-07-13,38.21,3.6430972614588084,5.844875346260392,5.680439611997339,32.267394185548476,5.680439611997339
2011-07-14,38.16,3.6417878465800855,-0.1308557969118107,-0.13094148787228804,0.017145673246208557,0.13094148787228804
2011-07-15,39.29,3.6709700335703683,2.961215932914052,2.9182186990282672,8.516000375358233,2.9182186990282672
2011-07-18,40.56,3.702782359282928,3.2323746500381834,3.181232571255938,10.120240672419667,3.181232571255938
2011-07-19,39.02,3.6640743351949654,-3.796844181459569,-3.8708024087962603,14.983111287942931,3.8708024087962603
2011-07-20,40.13,3.6921241842788253,2.844695028190669,2.804984908386018,7.8679403362733185,2.804984908386018
2011-07-21,39.34,3.672241812960913,-1.96860204335908,-1.9882371317912313,3.953086892233422,1.9882371317912313
2011-07-22,40.09,3.6911269266544156,1.9064565327910454,1.8885113693502507,3.566475192165159,1.8885113693502507
2011-07-25,40.37,3.6980869348648495,0.6984285357944486,0.6960008210433722,0.48441714289304827,0.6960008210433722
2011-07-26,40.89,3.7108855343765508,1.2880852117909347,1.2798599511701498,1.6380414946092583,1.2798599511701498
2011-07-27,40.25,3.6951100038645723,-1.5651748593788262,-1.5775530511978613,2.488673629343682,1.5775530511978613
2011-07-28,39.72,3.681854839176972,-1.316770186335403,-1.325516468760053,1.7569939089541202,1.325516468760053
2011-07-29,39.89,3.686125665917315,0.4279959718026305,0.4270826740343535,0.18239961046033387,0.4270826740343535
2011-08-01,39.25,3.6699514442284173,-1.6044121333667616,-1.6174221688897847,2.616054472416135,1.6174221688897847
2011-08-02,40.85,3.709906821306012,4.076433121019107,3.9955377077594445,15.964321574127597,3.9955377077594445
2011-08-03,41.73,3.731220294603461,2.1542227662178615,2.1313473297449255,4.542641440010824,2.1313473297449255
2011-08-04,38.87,3.660222744864132,-6.853582554517135,-7.099754973932945,50.40652068988559,7.099754973932945
2011-08-05,38.35,3.646754527813265,-1.3377926421404562,-1.346821705086648,1.813928705292506,1.346821705086648
2011-08-08,39.02,3.6640743351949654,1.747066492829208,1.731980738169999,2.9997572773918946,1.731980738169999
2011-08-09,37.69,3.629394807279044,-3.4085084572014535,-3.4679527915921278,12.026696564711632,3.4679527915921278
2011-08-10,39.3,3.6712245188752153,4.271690103475723,4.182971159617148,17.497247722188828,4.182971159617148
2011-08-11,38.64,3.654288009344317,-1.6793893129770865,-1.6936509530898176,2.8684535509020477,1.6936509530898176
2011-08-12,39.09,3.6658666798048634,1.164596273291929,1.157867046054623,1.3406560963392584,1.157867046054623
2011-08-15,39.89,3.686125665917315,2.046559222307498,2.025898611245184,4.1042651830451655,2.025898611245184
2011-08-16,39.92,3.686877451443263,0.07520681875157198,0.07517855259480201,0.005651814770249412,0.07517855259480201
2011-08-17,40.22,3.6943643843445058,0.7515030060120109,0.7486932901242632,0.5605416426770942,0.7486932901242632
2011-08-18,40.64,3.7047528032702264,1.044256588761816,1.0388418925720522,1.0791924777626831,1.0388418925720522
2011-08-19,42.91,3.7591048990034333,5.585629921259838,5.435209573320685,29.54150310591682,5.435209573320685
2011-08-22,43.72,3.777805663308338,1.8876718713586538,1.8700764304904436,3.497185855875879,1.8700764304904436
2011-08-23,41.9,3.735285826928092,-4.162854528819759,-4.251983638024574,18.07936485802869,4.251983638024574
2011-08-24,39.7,3.681351187693145,-5.2505966587112045,-5.393463923494718,29.089453094039033,5.393463923494718
2011-08-25,41.12,3.7164946211469094,3.576826196473548,3.5143433453764903,12.350609149192021,3.5143433453764903
2011-08-26,41.35,3.7220724214697003,0.5593385214007984,0.5577800322790853,0.3111185644092575,0.5577800322790853
2011-08-29,40.89,3.7108855343765508,-1.1124546553809012,-1.1186887093149447,1.2514644283487368,1.1186887093149447
2011-08-30,41.32,3.721346644251438,1.0516018586451459,1.0461109874886865,1.0943481981445546,1.0461109874886865
2011-08-31,41.52,3.7261752388576332,0.4840271055179146,0.4828594606195457,0.2331532587097986,0.4828594606195457
2011-09-01,41.49,3.725452434344777,-0.07225433526011349,-0.07228045128566443,0.005224463638059309,0.07228045128566443
2011-09-02,43.27,3.7674595542367935,4.290190407327077,4.200711989201698,17.64598121622289,4.200711989201698
2011-09-05,42.89,3.758638698528789,-0.8782066096602814,-0.8820855708004418,0.7780749542143413,0.8820855708004418
2011-09-06,41.96,3.7367167835280966,-2.168337607833992,-2.192191500069265,4.805703572975934,2.192191500069265
2011-09-07,41.56,3.727138166231027,-0.9532888465204947,-0.9578617297069772,0.9174990932372423,0.9578617297069772
2011-09-08,42.33,3.745496054532832,1.8527430221366492,1.8357888301805478,3.3701206290156644,1.8357888301805478
2011-09-09,41.79,3.732657076459824,-1.275690999291279,-1.2838978073008265,1.64839357959187,1.2838978073008265
2011-09-12,40.28,3.6958550678503617,-3.613304618329738,-3.6802008609462415,13.543878376909458,3.6802008609462415
2011-09-13,41.1,3.716008121502189,2.0357497517378365,2.0153053651827393,4.061455714934334,2.0153053651827393
2011-09-14,40.74,3.70721041079866,-0.8759124087591275,-0.8797710703529197,0.773997136229922,0.8797710703529197
2011-09-15,39.9,3.686376323895818,-2.0618556701030966,-2.0834086902842026,4.340591770751736,2.0834086902842026
2011-09-16,40.67,3.7054907199191334,1.9298245614035148,1.9114396023315452,3.653601353361376,1.9114396023315452
2011-09-19,39.64,3.6798387094617873,-2.5325792967789584,-2.565201045734599,6.580256405037879,2.565201045734599
2011-09-20,39.74,3.6823582371236707,0.25227043390514403,0.25195276618835266,0.0634801963899627,0.25195276618835266
2011-09-21,39.61,3.6790816116338254,-0.32712632108706785,-0.32766254898455316,0.1073627460070547,0.32766254898455316
2011-09-22,35.83,3.5787855313168624,-9.54304468568543,-10.02960803169628,100.59303726946655,10.02960803169628
2011-09-23,30.85,3.4291367503513968,-13.898967345799607,-14.96487809654656,223.947576444499,14.96487809654656
2011-09-26,30.72,3.4249139082794713,-0.42139384116695044,-0.42228420719255405,0.17832395164424392,0.42228420719255405
2011-09-27,31.9,3.462606009790799,3.841145833333326,3.7692101511327394,14.206945163402088,3.7692101511327394
2011-09-28,29.9,3.3978584803966405,-6.269592476489027,-6.474752939415813,41.92242562647371,6.474752939415813
2011-09-29,30.65,3.4226326623822203,2.5083612040133874,2.4774181985579755,6.1376009305462444,2.4774181985579755
2011-09-30,29.93,3.3988613218646075,-2.3491027732463254,-2.37713405176128,5.650766300043,2.37713405176128
2011-10-03,30.45,3.416085994155906,1.7373872368860566,1.7224672291298357,2.966893355426214,1.7224672291298357
2011-10-04,30.21,3.4081729953985804,-0.7881773399014746,-0.791299875732538,0.6261554933343301,0.791299875732538
2011-10-05,30.48,3.4170707308184456,0.893743793445867,0.889773541986479,0.7916969560191645,0.889773541986479
2011-10-06,31.94,3.4638591427868666,4.790026246719159,4.678841196842084,21.891554945266666,4.678841196842084
2011-10-07,31.16,3.4391352210025476,-2.4420788979336305,-2.472392178431891,6.112723083971193,2.472392178431891
2011-10-10,32.07,3.4679210137050633,2.920410783055205,2.8785792702516093,8.286218615122287,2.8785792702516093
2011-10-11,32.12,3.469478889078561,0.1559089491736776,0.15578753734973255,0.024269756793494315,0.15578753734973255
2011-10-12,32.57,3.4833916192881422,1.4009962640099793,1.3912730209581365,1.9356406188459794,1.3912730209581365
2011-10-13,31.83,3.4604092412940015,-2.2720294749769776,-2.2982377994140717,5.281896982655635,2.2982377994140717
2011-10-14,32.19,3.4716558453107167,1.1310084825636224,1.1246604016715367,1.2648610190879823,1.1246604016715367
2011-10-17,31.81,3.4597807057610526,-1.1804908356632504,-1.1875139549664064,1.4101893932399563,1.1875139549664064
2011-10-18,32.04,3.4669851222001586,0.7230430682175326,0.7204416439105642,0.5190361622805562,0.7204416439105642
2011-10-19,31.26,3.4423393249933305,-2.434456928838946,-2.464579720682787,6.074153199600843,2.464579720682787
2011-10-20,30.58,3.420346200500916,-2.1753039027511245,-2.199312449241436,4.836975249388364,2.199312449241436
2011-10-21,31.37,3.445852022202587,2.5833878351864126,2.5505821701670697,6.505469406774159,2.5505821701670697
2011-10-24,31.74,3.457577715098263,1.1794708320050917,1.1725692895676147,1.3749187388371007,1.1725692895676147
2011-10-25,33.22,3.503152104185149,4.6628859483301754,4.557438908688573,20.770249406428487,4.557438908688573
2011-10-26,33.39,3.508256453955563,0.5117399157134273,0.5104349770414356,0.2605438657872909,0.5104349770414356
2011-10-27,35.1,3.55820113047182,5.121293800539095,4.994467651625708,24.94470712313562,4.994467651625708
2011-10-28,35.3,3.563882963939251,0.5698005698005604,0.5681833467430863,0.3228323155161743,0.5681833467430863
2011-10-31,34.14,3.5304697173662944,-3.286118980169961,-3.341324657295642,11.16445046545184,3.341324657295642
2011-11-01,33.4,3.5085558999826545,-2.1675454012888173,-2.191381738363989,4.802153923235178,2.191381738363989
2011-11-02,34.25,3.5336865647082343,2.5449101796407136,2.5130664725579517,6.315503095494866,2.5130664725579517
2011-11-03,34.43,3.5389282773504322,0.5255474452554809,0.5241712642198161,0.27475551423380024,0.5241712642198161
2011-11-04,34.12,3.5298837226234783,-0.9003775776938783,-0.904455472695409,0.8180397020886758,0.904455472695409
2011-11-07,34.96,3.5542045507873348,2.4618991793669442,2.432082816385638,5.915026825758297,2.432082816385638
2011-11-08,34.92,3.5530597309714014,-0.11441647597253413,-0.1144819815933196,0.013106124109533168,0.1144819815933196
2011-11-09,34.07,3.5284172316728752,-2.4341351660939314,-2.4642499298526284,6.0725277167786835,2.4642499298526284
2011-11-10,34.05,3.527830032595521,-0.058702670971533255,-0.05871990773538649,0.003448027564452302,0.05871990773538649
2011-11-11,34.68,3.546163151912341,1.8502202643171817,1.833311931681974,3.3610326388474907,1.833311931681974
2011-11-14,34.22,3.5328102684640474,-1.3264129181084217,-1.3352883448293702,1.7829949638371592,1.3352883448293702
2011-11-15,34.58,3.5432754802551445,1.0520163646990044,1.0465211791097002,1.0952065783251572,1.0465211791097002
2011-11-16,33.71,3.5177945292459696,-2.5159051474840877,-2.548095100917501,6.49278864331977,2.548095100917501
2011-11-17,31.67,3.4553698605505483,-6.051616730940368,-6.242466869542087,38.96839261733058,6.242466869542087
2011-11-18,32.37,3.4772320679381528,2.210293653299633,2.1862207387604364,4.779561118586228,2.1862207387604364
2011-11-21,31.62,3.453789831781326,-2.3169601482854407,-2.3442236156826937,5.495384360324441,2.3442236156826937
2011-11-22,32.78,3.4898185733156835,3.668564199873492,3.602874153435761,12.980702165495451,3.602874153435761
2011-11-23,31.75,3.457892725338701,-3.1421598535692485,-3.192584797698296,10.192597690494269,3.192584797698296
2011-11-24,31.84,3.460723360976182,0.2834645669291369,0.28306356374816416,0.08012498112181099,0.28306356374816416
2011-11-25,31.0,3.4339872044851463,-2.638190954773867,-2.673615649103599,7.14822063913166,2.673615649103599
2011-11-28,32.07,3.4679210137050633,3.451612903225798,3.3933809219917217,11.515034081737387,3.3933809219917217
2011-11-29,31.92,3.463232772581608,-0.4677268475210439,-0.4688241123455493,0.21979604831659225,0.4688241123455493
2011-11-30,32.825,3.49119042018886,2.8352130325814517,2.7957647607251848,7.8163005973127495,2.7957647607251848
2011-12-01,32.74,3.488597571942989,-0.2589489718202609,-0.2592848245871059,0.06722862026116627,0.2592848245871059
2011-12-02,32.59,3.4840054928494704,-0.4581551618814905,-0.45920790935186706,0.21087190401131256,0.45920790935186706
2011-12-05,32.06,3.467609147181407,-1.6262657256827295,-1.6396345668063326,2.6884015126661898,1.6396345668063326
2011-12-06,32.75,3.488902962081261,2.1522145976294427,2.1293814899854007,4.534265529892445,2.1293814899854007
2011-12-07,32.53,3.48216274048526,-0.6717557251908368,-0.6740221596000808,0.45430587163195685,0.6740221596000808
2011-12-08,31.68,3.455685566946225,-2.6129726406394105,-2.647717353903499,7.010407186161747,2.647717353903499
2011-12-09,32.19,3.4716558453107167,1.6098484848484862,1.5970278364491701,2.5504979103935175,1.5970278364491701
2011-12-12,31.31,3.443937535338314,-2.7337682510096273,-2.7718309972402437,7.683047077261844,2.7718309972402437
2011-12-13,30.81,3.4278393126085764,-1.5969338869370797,-1.6098222729737766,2.5915277505624563,1.6098222729737766
2011-12-14,28.94,3.365224721203338,-6.069457968192138,-6.2614591405238675,39.20587056844989,6.2614591405238675
2011-12-15,29.28,3.3769046890931107,1.1748445058742174,1.1679967889772955,1.364216499061273,1.1679967889772955
2011-12-16,29.75,3.392829131991639,1.605191256830607,1.5924442898528017,2.535878816284794,1.5924442898528017
2011-12-19,28.8,3.3603753871419,-3.1932773109243695,-3.2453744849738517,10.532455547719293,3.2453744849738517
2011-12-20,29.53,3.3854066957558313,2.5347222222222188,2.5031308613931023,6.265664109258574,2.5031308613931023
2011-12-21,29.37,3.379973745210529,-0.541821876058246,-0.5432950545302597,0.2951695162770379,0.5432950545302597
2011-12-22,29.11,3.371081757757532,-0.8852570650323521,-0.8891987452996911,0.7906744086425449,0.8891987452996911
2011-12-23,29.12,3.3714252233284854,0.03435245620062588,0.03434655709534384,0.001179685984303714,0.03434655709534384
2011-12-27,28.73,3.3579418729911983,-1.3392857142857206,-1.34833503372871,1.8180073631802018,1.34833503372871
2011-12-28,27.08,3.298795448044074,-5.743125652627922,-5.914642494712402,34.98299584025775,5.914642494712402
2011-12-29,27.77,3.323956301318708,2.548005908419504,2.5160853274634,6.330685375076604,2.5160853274634
2011-12-30,27.835,3.326294221635471,0.23406553835074728,0.2337920316762999,0.05465871407533201,0.2337920316762999
2012-01-03,29.71,3.391483689474516,6.736123585414044,6.518946783904517,42.496667171379045,6.518946783904517
2012-01-04,29.16,3.3727979071404572,-1.8512285425782538,-1.8685782334058847,3.4915846143582567,1.8685782334058847
2012-01-05,29.34,3.3789517727148355,0.6172839506172867,0.6153865574378286,0.3787006150751819,0.6153865574378286
2012-01-06,28.75,3.3586377672433594,-2.0109066121336006,-2.0314005471476158,4.126588182951632,2.0314005471476158
2012-01-09,29.02,3.367985247456042,0.939130434782598,0.9347480212682234,0.873753863264859,0.9347480212682234
2012-01-10,29.92,3.3985271531062766,3.1013094417642995,3.0541905650234695,9.32808000747838,3.0541905650234695
2012-01-11,29.99,3.4008639927609177,0.23395721925132396,0.23368396546410972,0.05460819571503122,0.23368396546410972
2012-01-12,30.24,3.4091655513113324,0.8336112037345744,0.8301558550414491,0.6891587436595994,0.8301558550414491
2012-01-13,29.75,3.392829131991639,-1.620370370370361,-1.6336419319693387,2.6687859618885135,1.6336419319693387
2012-01-16,29.97,3.4001968813285717,0.739495798319334,0.7367749336933137,0.5428373029187868,0.7367749336933137
2012-01-17,30.06,3.4031953843248286,0.30030030030030463,0.2998502996256633,0.08991020218560004,0.2998502996256633
2012-01-18,30.53,3.4187098067467865,1.5635395874916913,1.5514422421958125,2.4069730308695703,1.5514422421958125
2012-01-19,30.63,3.421979920844684,0.3275466754012468,0.3270114097897424,0.10693646213267484,0.3270114097897424
2012-01-20,32.16,3.4707234443107655,4.995102840352583,4.874352346608162,23.759310798884492,4.874352346608162
2012-01-23,32.34,3.4763048541489607,0.5597014925373456,0.5581409838195486,0.3115213578190536,0.5581409838195486
2012-01-24,32.01,3.4660483539817717,-1.0204081632653184,-1.025650016718922,1.0519579567955248,1.025650016718922
2012-01-25,33.26,3.5043554737647815,3.9050296782255467,3.830711978300985,14.674354260698648,3.830711978300985
2012-01-26,33.46,3.510350695558678,0.6013229104028905,0.5995221793896338,0.35942684358009624,0.5995221793896338
2012-01-27,33.91,3.523709956137547,1.3448894202032102,1.3359260578869159,1.7846984321412753,1.3359260578869159
2012-01-30,33.5,3.5115454388310208,-1.209082866411082,-1.2164517306526432,1.4797548130078109,1.2164517306526432
2012-01-31,33.145,3.500891875693355,-1.0597014925373016,-1.0653563137665758,1.1349840752823066,1.0653563137665758
2012-02-01,33.7,3.517497837358316,1.6744607029717917,1.660596166496118,2.7575796281816025,1.660596166496118
2012-02-02,34.33,3.5360196074696004,1.8694362017803945,1.852177011128444,3.4305596805526957,1.852177011128444
2012-02-03,33.65,3.5160130560907366,-1.9807748325080143,-2.0006551378863917,4.002620980751217,2.0006551378863917
2012-02-06,33.68,3.516904189374126,0.08915304606240682,0.08911332833891634,0.007941185287639511,0.08911332833891634
2012-02-07,34.15,3.530762586016799,1.3954869358669741,1.3858396642673,1.920551575056503,1.3858396642673
2012-02-08,33.96,3.5251833614431467,-0.5563689604685118,-0.5579224573652408,0.31127746843246895,0.5579224573652408
2012-02-09,33.91,3.523709956137547,-0.1472320376914138,-0.14734053055994434,0.021709231945685893,0.14734053055994434
2012-02-10,33.57,3.5136328109919437,-1.0026540843408926,-1.007714514560359,1.01548854285562,1.007714514560359
2012-02-13,33.69,3.5172010574184616,0.3574620196604039,0.35682464265178765,0.12732382560357594,0.35682464265178765
2012-02-14,33.57,3.5136328109919437,-0.3561887800534236,-0.35682464265179004,0.12732382560357766,0.35682464265179004
2012-02-15,33.45,3.5100517865742376,-0.3574620196604039,-0.35810244177060274,0.12823735880206794,0.35810244177060274
2012-02-16,33.5,3.5115454388310208,0.1494768310911665,0.149365225678315,0.022309970641933973,0.149365225678315
2012-02-17,33.28,3.5049566159530077,-0.6567164179104412,-0.6588822878012841,0.4341258691782542,0.6588822878012841
2012-02-20,33.59,3.5142284036242013,0.9314903846153966,0.9271787671193653,0.8596604661969862,0.9271787671193653
2012-02-21,34.32,3.5357282746197614,2.1732658529324045,2.149987099556,4.622444528257223,2.149987099556
2012-02-22,34.31,3.5354368568703585,-0.029137529137523988,-0.029141774940313236,0.0008492430466718685,0.029141774940313236
2012-02-23,35.38,3.566146688731639,3.118624307781981,3.0709831861280805,9.430937729481377,3.0709831861280805
2012-02-24,35.39,3.566429294357372,0.028264556246471173,0.028260562573283736,0.0007986593969584855,0.028260562573283736
2012-02-27,35.44,3.56784112573688,0.14128284826220305,0.14118313795080073,0.019932678441634828,0.14118313795080073
2012-02-28,36.9,3.6082115510464816,4.1196388261851125,4.037042530960141,16.297712396781062,4.037042530960141
2012-02-29,34.63,3.5447203584143305,-6.151761517615162,-6.349119263215075,40.31131541852873,6.349119263215075
2012-03-01,35.47,3.5686872687855304,2.4256425064972387,2.3966910371199694,5.744127927411195,2.3966910371199694
2012-03-02,34.78,3.549042508926137,-1.9453058923033506,-1.9644759859393446,3.85916589933236,1.9644759859393446
2012-03-05,33.97,3.5254777821724925,-2.3289246693502075,-2.356472675364449,5.552963469739283,2.356472675364449
2012-03-06,32.94,3.494687724749494,-3.0320871357079837,-3.079005742299835,9.480276361115358,3.079005742299835
2012-03-07,33.46,3.510350695558678,1.5786278081360239,1.5662970809183836,2.4532865456934494,1.5662970809183836
2012-03-08,33.87,3.5225296668296804,1.2253436939629214,1.2178971271002235,1.483273412198978,1.2178971271002235
2012-03-09,34.29,3.534853766474829,1.240035429583708,1.2324099645148694,1.5188343206355417,1.2324099645148694
2012-03-12,33.7,3.517497837358316,-1.7206182560513206,-1.7355929116512874,3.0122827549741933,1.7355929116512874
2012-03-13,33.35,3.507057772361633,-1.0385756676557945,-1.0440064996683398,1.0899495713497391,1.0440064996683398
2012-03-14,32.21,3.4722769633431074,-3.418290854572714,-3.4780809018525276,12.097046759831292,3.4780809018525276
2012-03-15,32.53,3.48216274048526,0.9934802856255809,0.9885777142152617,0.9772858970430718,0.9885777142152617
2012-03-16,32.54,3.482470101790892,0.030740854595756595,0.030736130563164068,0.0009447097219958683,0.030736130563164068
2012-03-19,32.95,3.4949912609485163,1.2599877074370047,1.2521159157624526,1.5677942665056455,1.2521159157624526
2012-03-20,32.13,3.4697901731277674,-2.48861911987861,-2.52010878207492,6.350948273491136,2.52010878207492
2012-03-21,32.17,3.471034341250935,0.12449424214129312,0.12441681231678096,0.0154795431870691,0.12441681231678096
2012-03-22,31.57,3.4522073025699003,-1.8650917003419365,-1.8827038681034727,3.5445738549717785,1.8827038681034727
2012-03-23,32.22,3.472587377748828,2.05891669306304,2.038007517892809,4.153474642987608,2.038007517892809
2012-03-26,32.84,3.4916472845842277,1.9242706393544529,1.9059906835399296,3.6328004857410083,1.9059906835399296
2012-03-27,32.59,3.4840054928494704,-0.7612667478684498,-0.7641791734757266,0.5839698091740446,0.7641791734757266
2012-03-28,32.06,3.467609147181407,-1.6262657256827295,-1.6396345668063326,2.6884015126661898,1.6396345668063326
2012-03-29,32.25,3.4735180432417816,0.5926388022457818,0.5908896060374528,0.34915052652309614,0.5908896060374528
2012-03-30,32.255,3.473673069984205,0.015503875969002934,0.01550267424236049,0.0002403329086647474,0.01550267424236049
2012-04-02,33.0,3.4965075614664802,2.3097194233452134,2.2834491482275197,5.214140012540985,2.2834491482275197
2012-04-03,32.66,3.4861510875423187,-1.030303030303037,-1.035647392416125,1.072565521418319,1.035647392416125
2012-04-04,31.37,3.445852022202587,-3.949785670544992,-4.029906533973209,16.240146672559963,4.029906533973209
2012-04-05,31.73,3.4572626055951043,1.147593241950906,1.1410583392517393,1.3020141335759372,1.1410583392517393
2012-04-09,31.58,3.452524008827496,-0.4727387330602073,-0.47385967676082874,0.2245429932598771,0.47385967676082874
2012-04-10,31.78,3.45883716110857,0.633312222925908,0.6313152281073945,0.3985589172402915,0.6313152281073945
2012-04-11,31.6,3.4531571205928664,-0.5663939584644395,-0.5680040515703457,0.32262860260032794,0.5680040515703457
2012-04-12,32.36,3.4769230921902907,2.405063291139231,2.376597159742442,5.6482140596958414,2.376597159742442
2012-04-13,31.52,3.4506222649896783,-2.595797280593326,-2.6300827200612575,6.917335114364823,2.6300827200612575
2012-04-16,31.5,3.449987545831587,-0.06345177664974777,-0.06347191580910137,0.0040286840964776525,0.06347191580910137
2012-04-17,31.705,3.456474397151995,0.6507936507936352,0.6486851320407411,0.4207924005307137,0.6486851320407411
2012-04-18,31.63,3.4541060373175574,-0.23655574830467874,-0.23683598344374207,0.05609128305376447,0.23683598344374207
2012-04-19,31.79,3.459151774922711,0.5058488776477965,0.5045737605153802,0.2545946798006322,0.5045737605153802
2012-04-20,31.69,3.4560011737028296,-0.3145643284051536,-0.3150601219881906,0.09926288046721354,0.3150601219881906
2012-04-23,30.83,3.428488241898059,-2.713789839065961,-2.7512931804770484,7.569614164939512,2.7512931804770484
2012-04-24,30.89,3.43043250693049,0.19461563412261906,0.19442650324314595,0.03780166516335704,0.19442650324314595
2012-04-25,30.69,3.4239368686316447,-0.6474587245063113,-0.6495638298845519,0.421933169094287,0.6495638298845519
2012-04-26,30.99,3.433664571799657,0.9775171065493637,0.9727703168012056,0.946282089249518,0.9727703168012056
2012-04-27,31.23,3.441379171294987,0.7744433688286589,0.7714599495330382,0.5951504537335178,0.7714599495330382
2012-04-30,30.95,3.432372999130605,-0.8965738072366336,-0.900617216438212,0.8111113705449132,0.900617216438212
2012-05-01,30.89,3.43043250693049,-0.19386106623585642,-0.19404922001146918,0.037655099787059575,0.19404922001146918
2012-05-02,30.58,3.420346200500916,-1.003561022984789,-1.008630642957414,1.017335773912686,1.008630642957414
2012-05-03,30.05,3.4028626609812167,-1.733158927403522,-1.7483539519699558,3.0567415413689627,1.7483539519699558
2012-05-04,30.34,3.4124669739203863,0.9650582362728866,0.9604312939169684,0.9224282703350221,0.9604312939169684
2012-05-07,30.02,3.401863826205316,-1.054713249835204,-1.0603147715070325,1.1242674146760105,1.0603147715070325
2012-05-08,29.45,3.3826939100975957,-1.898734177215189,-1.916991610772017,3.6748568357702927,1.916991610772017
2012-05-09,29.235,3.375366621627634,-0.730050933786075,-0.7327288469961857,0.5368915632203597,0.7327288469961857
2012-05-10,29.029,3.3682953303195577,-0.7046348554814452,-0.7071291308076282,0.5000316076367517,0.7071291308076282
2012-05-11,28.879,3.363114687386349,-0.516724654655687,-0.5180642933208341,0.26839061201401526,0.5180642933208341
2012-05-14,28.13,3.3368366225017656,-2.593580110114624,-2.6278064884583796,6.90536694078396,2.6278064884583796
2012-05-15,27.7,3.3214324131932926,-1.5286171347316024,-1.5404209308472658,2.372896644192357,1.5404209308472658
2012-05-16,27.18,3.3024814087229974,-1.877256317689524,-1.8951004470295094,3.5914057043314465,1.8951004470295094
2012-05-17,28.01,3.332561589272017,3.0537159676232495,3.0080180549019473,9.048172618616094,3.0080180549019473
2012-05-18,28.696,3.3567577402299813,2.449125312388434,2.4196150957964306,5.854537211805971,2.4196150957964306
2012-05-21,28.47,3.3488509012899463,-0.7875662113186577,-0.7906838940035333,0.6251810202365907,0.7906838940035333
2012-05-22,28.16,3.3379025312898416,-1.088865472427114,-1.0948370000104515,1.1986680565918852,1.0948370000104515
2012-05-23,27.743,3.3229835561192402,-1.4808238636363713,-1.4918975170601232,2.2257582014101605,1.4918975170601232
2012-05-24,28.3,3.342861804649192,2.0077136574991883,1.9878248529951434,3.9514476461851635,1.9878248529951434
2012-05-25,28.493,3.34965844307145,0.6819787985865577,0.6796638422258018,0.4619429384291396,0.6796638422258018
2012-05-28,28.368,3.345261749331852,-0.4387042431474364,-0.43966937395979966,0.19330915839820215,0.43966937395979966
2012-05-29,27.82,3.325755186495297,-1.9317540891144902,-1.9506562836555175,3.8050599369647546,1.9506562836555175
2012-05-30,27.903,3.3287342099284394,0.29834651329978534,0.2979023433142764,0.088745806152137,0.2979023433142764
2012-05-31,27.65,3.3196257279683437,-0.9067125398702691,-0.9108481960095841,0.8296444361739137,0.9108481960095841
2012-06-01,28.49,3.3495531485098167,3.037974683544298,2.992742054147306,8.956505002661837,2.992742054147306
2012-06-04,28.21,3.339676525013905,-0.9828009828009798,-0.9876623495911976,0.975476916800005,0.9876623495911976
2012-06-05,28.47,3.3488509012899463,0.9216589861751112,0.917437627604123,0.8416918005438814,0.917437627604123
2012-06-06,29.396,3.3808586106666247,3.2525465402177822,3.20077093766787,10.244934595419256,3.20077093766787
2012-06-07,28.585,3.3528821047159347,-2.7588787590148267,-2.7976505950690136,7.826848852090006,2.7976505950690136
2012-06-08,28.485,3.349377632932359,-0.34983382893126747,-0.3504471783575815,0.12281322481879053,0.3504471783575815
2012-06-11,28.58,3.3527071725017215,0.33350886431455784,0.33295395693625185,0.11085833743950745,0.33295395693625185
2012-06-12,28.94,3.365224721203338,1.2596221133660102,1.2517548701616652,1.5668902549734474,1.2517548701616652
2012-06-13,28.87,3.3628029936748436,-0.2418797512093951,-0.242172752849404,0.058647642222658516,0.242172752849404
2012-06-14,28.631,3.354490046896828,-0.8278489781780474,-0.8312946778015782,0.6910508413412296,0.8312946778015782
2012-06-15,28.649,3.355118538537628,0.06286891830533659,0.06284916407997042,0.003950017425551044,0.06284916407997042
2012-06-18,28.763,3.359089838956586,0.3979196481552538,0.3971300418958265,0.15771227017618092,0.3971300418958265
2012-06-19,28.405,3.3465651860090904,-1.2446545909675644,-1.2524652947495816,1.5686693145521562,1.2524652947495816
2012-06-20,28.06,3.3343450746743146,-1.2145748987854366,-1.2220111334775443,1.4933112103430726,1.2220111334775443
2012-06-21,26.877,3.291270902283551,-4.215965787598009,-4.307417239076388,18.553843271492454,4.307417239076388
2012-06-22,26.89,3.2917544702807735,0.04836849350746686,0.0483567997222325,0.0023383800793761052,0.0483567997222325
2012-06-25,27.505,3.3143678063274216,2.287095574563036,2.2613336046648116,5.1136296715863505,2.2613336046648116
2012-06-26,27.065,3.298241380248941,-1.5997091437920274,-1.6126426078480083,2.600616180646825,1.6126426078480083
2012-06-27,26.91,3.2924979647388146,-0.5726953630149634,-0.5743415510126768,0.32986821721964726,0.5743415510126768
2012-06-28,26.305,3.2697590351827706,-2.248234856930509,-2.273892955604389,5.170589173547263,2.273892955604389
2012-06-29,27.47,3.3130945001071823,4.428815814483933,4.333546492441189,18.779625202149333,4.333546492441189
2012-07-02,27.48,3.3134584673541485,0.03640334910812726,0.036396724696618823,0.0013247215686414625,0.036396724696618823
2012-07-03,28.225,3.340208110035726,2.711062590975266,2.6749642681577237,7.1554338359205865,2.6749642681577237
2012-07-04,28.131,3.3368721711055978,-0.33303808680248403,-0.33359389301279446,0.11128488545543176,0.33359389301279446
2012-07-05,27.663,3.320095780225114,-1.6636450890476717,-1.677639088048395,2.8144729097478502,1.677639088048395
2012-07-06,27.081,3.2988323749841277,-2.103893287062142,-2.1263405240986337,4.521324024424052,2.1263405240986337
2012-07-09,27.353,3.3088262120664624,1.0043942247332183,0.9993837082334789,0.9987677962824992,0.9993837082334789
2012-07-10,26.75,3.2865344733420154,-2.2045113881475564,-2.2291738724446724,4.969216153589977,2.2291738724446724
2012-07-11,27.115,3.3000870802930238,1.3644859813084054,1.3552606951008361,1.8367315516852014,1.3552606951008361
2012-07-12,27.178,3.3024078224983056,0.23234372118754454,0.2320742205281829,0.053858443833763675,0.2320742205281829
2012-07-13,27.3,3.3068867021909143,0.44889248657002945,0.447887969260844,0.20060363300860276,0.447887969260844
2012-07-16,27.248,3.3049801239203327,-0.19047619047618536,-0.19065782705815315,0.03635040701853664,0.19065782705815315
2012-07-17,27.285,3.306337100638195,0.13578978273633968,0.13569767178627223,0.018413858128214864,0.13569767178627223
2012-07-18,27.195,3.303033132874924,-0.32985156679493643,-0.33039677632711406,0.10916202980734904,0.33039677632711406
2012-07-19,27.25,3.305053521109253,0.20224305938592035,0.2020388234329051,0.0408196861741526,0.2020388234329051
2012-07-20,27.28,3.3061538329752613,0.11009174311926717,0.11003118660082797,0.012106862024786225,0.11003118660082797
2012-07-23,27.02,3.2965773325320527,-0.9530791788856408,-0.9576500443208655,0.9170936073877557,0.9576500443208655
2012-07-24,26.945,3.29379775138546,-0.27757216876387325,-0.2779581146592728,0.07726071350493743,0.2779581146592728
2012-07-25,27.325,3.307802034062602,1.4102802004082315,1.4004282677142166,1.9611993330130415,1.4004282677142166
2012-07-26,27.52,3.314913013065143,0.7136322049405397,0.7110979002540744,0.5056602237457535,0.7110979002540744
2012-07-27,27.72,3.3221541743217022,0.7267441860465018,0.7241161256559474,0.5243441634349798,0.7241161256559474
2012-07-30,28.183,3.3387189592854245,1.6702741702741664,1.656478496372201,2.743921008943508,1.656478496372201
2012-07-31,27.97,3.3311325072138684,-0.755774757832739,-0.7586452071556203,0.5755425503401941,0.7586452071556203
2012-08-01,27.378,3.3097397711733203,-2.116553450125125,-2.139273604054777,4.576491553005515,2.139273604054777
2012-08-02,27.11,3.299902663510574,-0.978888158375335,-0.9837107662746308,0.9676868716846214,0.9837107662746308
2012-08-03,27.76,3.3235961356386037,2.3976392475101527,2.369347212802968,5.613806214817193,2.369347212802968
2012-08-06,27.853,3.326940680500105,0.33501440922190096,0.33445448615011275,0.11185980330593596,0.33445448615011275
2012-08-07,28.075,3.3348795006245067,0.7970416113165513,0.7938820124401952,0.6302486496760942,0.7938820124401952
2012-08-08,28.018,3.3328471607739223,-0.20302760463044578,-0.20323398505846121,0.041304052682742835,0.20323398505846121
2012-08-09,28.149,3.3375118299760222,0.4675565707759288,0.46646692021001107,0.21759138765021283,0.46646692021001107
2012-08-10,28.082,3.3351288016924507,-0.2380191125794906,-0.23830282835718386,0.05678823800303343,0.23830282835718386
2012-08-13,27.791,3.3247122272739644,-1.0362509792749774,-1.0416574418486182,1.0850502261586075,1.0416574418486182
2012-08-14,27.786,3.32453229672667,-0.017991436076425504,-0.017993054729434823,0.00032375001849643684,0.017993054729434823
2012-08-15,27.81,3.3253956682458736,0.0863744331677685,0.08633715192034282,0.007454103801716356,0.08633715192034282
2012-08-16,28.181,3.3386479920013126,1.3340524991010572,1.3252323755439375,1.7562408491898278,1.3252323755439375
2012-08-17,28.06,3.3343450746743146,-0.42936730421206937,-0.4302917326997944,0.18515097522979135,0.4302917326997944
2012-08-20,28.778,3.3596112063412256,2.5588025659301517,2.5266131666910963,6.383774094096809,2.5266131666910963
2012-08-21,29.29,3.377246160839642,1.7791368406421482,1.7634954498416195,3.109916201612096,1.7634954498416195
2012-08-22,29.83,3.395514598526657,1.8436326391259694,1.826843768701492,3.3373581552434706,1.826843768701492
2012-08-23,30.49,3.4173987610001633,2.212537713711038,2.1884162473506352,4.789165671668236,2.1884162473506352
2012-08-24,30.773,3.426637682143933,0.9281731715316432,0.9238921143769473,0.8535766390079063,0.9238921143769473
2012-08-27,30.725,3.4250766554520986,-0.15598089234067913,-0.15610266918343402,0.02436804332619264,0.15610266918343402
2012-08-28,30.845,3.428974662661602,0.3905614320585782,0.3898007209503386,0.1519446020534037,0.3898007209503386
2012-08-29,30.668,3.423219765696648,-0.5738369265683274,-0.5754896964953988,0.3311883907723663,0.5754896964953988
2012-08-30,30.42,3.4151002868311466,-0.8086604930220398,-0.8119478865501172,0.6592593704732019,0.8119478865501172
2012-08-31,31.71,3.456632088550256,4.240631163708075,4.153180171910905,17.248905540353896,4.153180171910905
2012-09-03,32.075,3.4680769105017,1.1510564490696984,1.144482195144421,1.3098394950025927,1.144482195144421
2012-09-04,32.32,3.4756862336528944,0.7638347622759056,0.7609323151194404,0.5790179881930313,0.7609323151194404
2012-09-05,32.225,3.4727425488252512,-0.2939356435643581,-0.2943684827643562,0.08665280364498906,0.2943684827643562
2012-09-06,32.66,3.4861510875423187,1.3498836307214823,1.3408538717067897,1.7978891052710881,1.3408538717067897
2012-09-07,33.63,3.515418525752178,2.9699938763013023,2.926743820985934,8.565829393679344,2.926743820985934
2012-09-10,33.338,3.5066978875208963,-0.8682723758548949,-0.8720638231282022,0.7604953116089763,0.8720638231282022
2012-09-11,33.443,3.509842497111198,0.31495590617311997,0.3144609590301535,0.09888569475416387,0.3144609590301535
2012-09-12,33.255,3.5042051317363847,-0.5621505247734859,-0.5637365374813366,0.3177988836914464,0.5637365374813366
2012-09-13,34.65,3.5452977256359124,4.194857916102834,4.1092593899527685,16.886012733915,4.1092593899527685
2012-09-14,34.62,3.544431549748063,-0.08658008658009031,-0.08661758878490816,0.007502606686911448,0.08661758878490816
2012-09-17,34.2,3.5322256440685598,-1.21317157712304,-1.2205905679503624,1.4898413345693882,1.2205905679503624
2012-09-18,34.773,3.5488412235747178,1.6754385964912188,1.6615579506158087,2.7607748232546063,1.6615579506158087
2012-09-19,34.555,3.5425522575433575,-0.6269231875305703,-0.6288966031360141,0.3955109374360173,0.6288966031360141
2012-09-20,34.631,3.5447492346939127,0.21993922731877724,0.21969771505551838,0.04826708600061575,0.21969771505551838
2012-09-21,34.5,3.5409593240373143,-0.378273800929807,-0.37899106565987084,0.14363422785000454,0.37899106565987084
2012-09-24,33.945,3.5247415677536105,-1.6086956521739082,-1.6217756283703633,2.6301561887760867,1.6217756283703633
2012-09-25,33.735,3.518535874079389,-0.6186478126380957,-0.6205693674221738,0.385106339782757,0.6205693674221738
2012-09-26,33.943,3.5246826471785284,0.6165703275529788,0.6146773099139756,0.37782819532308165,0.6146773099139756
2012-09-27,34.61,3.544142657647253,1.9650590696167258,1.9460010468724507,3.786920074428674,1.9460010468724507
2012-09-28,34.46,3.5397992310997837,-0.4334007512279636,-0.43434265474692696,0.1886535417326082,0.43434265474692696
2012-10-01,34.63,3.5447203584143305,0.49332559489263517,0.4921127314547091,0.2421749404598146,0.4921127314547091
2012-10-02,34.595,3.5437091629507744,-0.10106843777073493,-0.10111954635563616,0.01022516265516965,0.10111954635563616
2012-10-03,34.595,3.5437091629507744,0.0,0.0,0.0,0.0
2012-10-04,34.966,3.5543761607754574,1.0724093077034258,1.0666997824682767,1.1378484259178687,1.0666997824682767
2012-10-05,34.47,3.540089380528774,-1.4185208488245782,-1.4286780246683208,2.041120898170175,1.4286780246683208
2012-10-08,33.965,3.5253305826432655,-1.4650420655642482,-1.4758797885508645,2.1782211502529445,1.4758797885508645
2012-10-09,33.87,3.5225296668296804,-0.2796996908582594,-0.28009158135851425,0.07845129394791321,0.28009158135851425
2012-10-10,33.955,3.5250361185657546,0.2509595512252716,0.25064517360743677,0.06282300305270212,0.25064517360743677
2012-10-11,33.975,3.5256249600372076,0.05890148726255262,0.05888414714526779,0.0034673427850255485,0.05888414714526779
2012-10-12,33.42,3.509154523167248,-1.6335540838852136,-1.6470436869959793,2.7127529068733094,1.6470436869959793
2012-10-15,32.665,3.4863041682927136,-2.259126271693601,-2.2850354874534036,5.221387178921414,2.2850354874534036
2012-10-16,32.935,3.4945359220926564,0.8265727843257409,0.8231753799942695,0.67761770622871,0.8231753799942695
2012-10-17,33.2,3.502549875922443,0.8046151510550992,0.8013953829786502,0.6422345598594974,0.8013953829786502
2012-10-18,32.775,3.4896660296497637,-1.2801204819277268,-1.288384627267948,1.6599349477803693,1.288384627267948
2012-10-19,32.03,3.466672963621067,-2.273073989321117,-2.299306602869664,5.286810854000035,2.299306602869664
2012-10-22,32.405,3.4783127318796794,1.1707773961910695,1.1639768258612524,1.3548420511420363,1.1639768258612524
2012-10-23,31.658,3.4549908812635466,-2.305199814843384,-2.332185061613265,5.439087161612069,2.332185061613265
2012-10-24,31.725,3.4571050136004513,0.21163686903784562,0.21141323369047765,0.04469555537946451,0.21141323369047765
2012-10-25,32.088,3.468482128467752,1.1442080378250674,1.137711486730047,1.294387427037494,1.137711486730047
2012-10-26,32.06,3.467609147181407,-0.08726003490401313,-0.08729812863448423,0.007620963263082956,0.08729812863448423
2012-10-29,31.775,3.4586798170755175,-0.8889582033686949,-0.892933010588926,0.7973293613994031,0.892933010588926
2012-10-30,31.785,3.458994480388372,0.03147128245477582,0.03146633128544949,0.0009901300045656574,0.03146633128544949
2012-10-31,32.227,3.47280461051459,1.3905930470347494,1.3810130126217952,1.9071969410307268,1.3810130126217952
2012-11-01,32.275,3.4742929367327062,0.14894343252551678,0.1488326218115956,0.02215114931531344,0.1488326218115956
2012-11-02,30.902,3.4308209067282265,-4.254066615027108,-4.347203000447973,18.898173927103855,4.347203000447973
2012-11-05,31.16,3.4391352210025476,0.8348974176428658,0.8314314274321031,0.6912782185217845,0.8314314274321031
2012-11-06,31.97,3.4647979630717503,2.5994865211810048,2.56627420692026,6.5857633051042095,2.56627420692026
2012-11-07,31.79,3.459151774922711,-0.5630278385986842,-0.5646188149038723,0.3187944061434532,0.5646188149038723
2012-11-08,32.31,3.475376779836407,1.635734507706843,1.6225004913695718,2.632507844494502,1.6225004913695718
2012-11-09,32.58,3.4836986031738992,0.8356545961002659,0.8321823337492058,0.6925274366042745,0.8321823337492058
2012-11-12,32.37,3.4772320679381528,-0.6445672191528584,-0.6466535235746127,0.4181607795514622,0.6466535235746127
2012-11-13,32.45,3.479700443150099,0.24714241581713647,0.24683752119462363,0.06092876186950627,0.24683752119462363
2012-11-14,32.67,3.4864572256129787,0.6779661016949046,0.6756782462879687,0.4565410925067849,0.6756782462879687
2012-11-15,32.57,3.4833916192881422,-0.3060912151821249,-0.30656063248366777,0.09397942138878641,0.30656063248366777
2012-11-16,32.3,3.475067230228611,-0.8289837273564693,-0.832438905953133,0.6929545321444489,0.832438905953133
2012-11-19,33.063,3.498414832377515,2.3622291021671904,2.3347602148903803,5.451105261034975,2.3347602148903803
2012-11-20,33.13,3.5004392163118045,0.20264343828448883,0.2024383934289927,0.040981303134111635,0.2024383934289927
2012-11-21,33.34,3.506757877322648,0.6338665861756798,0.6318661010843531,0.399254769699542,0.6318661010843531
2012-11-22,33.33,3.506457892319648,-0.029994001199773468,-0.02999850029997593,0.000899910020247656,0.02999850029997593
2012-11-23,34.04,3.5275363037051735,2.130213021302141,2.107841138552517,4.442994265374372,2.107841138552517
2012-11-26,34.15,3.530762586016799,0.3231492361927213,0.3226282311625752,0.10408897554309207,0.3226282311625752
2012-11-27,34.025,3.5270955485375297,-0.36603221083455484,-0.3667037479269315,0.13447163874365853,0.3667037479269315
2012-11-28,33.706,3.5176758630538285,-0.9375459221160787,-0.9419685483701435,0.8873047461185555,0.9419685483701435
2012-11-29,34.19,3.5319332036512097,1.4359461223520942,1.425734059738162,2.032717609097461,1.425734059738162
2012-11-30,33.39,3.508256453955563,-2.3398654577361677,-2.3676749695646637,5.605884761503031,2.3676749695646637
2012-12-03,33.607,3.5147343786041167,0.6498951781970685,0.6477924648553487,0.41963507752336815,0.6477924648553487
2012-12-04,32.898,3.4934118656499664,-2.1096795310500682,-2.1322512954150086,4.546495586798982,2.1322512954150086
2012-12-05,32.853,3.492043064961732,-0.13678643078607333,-0.13688006882346931,0.018736153241117697,0.13688006882346931
2012-12-06,32.996,3.4963863419984853,0.43527227346056296,0.4343277036753435,0.188640554179897,0.4343277036753435
2012-12-07,33.04,3.497718948652777,0.1333494969087079,0.13326066542919685,0.01775840495063234,0.13326066542919685
2012-12-10,33.225,3.503302604599309,0.5599273607748145,0.5583655946531673,0.31177213729238507,0.5583655946531673
2012-12-11,32.96,3.495294705041271,-0.7975921745673409,-0.8007899558038047,0.6412645533162595,0.8007899558038047
2012-12-12,33.43,3.509453700432007,1.4259708737863974,1.415899539073619,2.004771504748887,1.415899539073619
2012-12-13,32.51,3.481547734315814,-2.7520191444810105,-2.7905966116193324,7.787429448781299,2.7905966116193324
2012-12-14,32.25,3.4735180432417816,-0.7997539218701832,-0.8029691074032371,0.6447593874439513,0.8029691074032371
2012-12-17,32.258,3.473766074494991,0.02480620155038693,0.024803125320930076,0.0006151950256857627,0.024803125320930076
2012-12-18,31.603,3.453252052795523,-2.0305040610081204,-2.0514021699467744,4.208250862862335,2.0514021699467744
2012-12-19,30.955,3.4325345369711955,-2.050438249533282,-2.071751582432769,4.292154619312683,2.071751582432769
2012-12-20,29.913,3.3982931685147655,-3.3661767081246907,-3.4241368456429826,11.724713137689875,3.4241368456429826
2012-12-21,29.96,3.3998631586490187,0.15712232139872828,0.15699901342532202,0.024648690216524445,0.15699901342532202
2012-12-24,29.88,3.3971893602646164,-0.2670226969292422,-0.26737983844022045,0.07149197800431839,0.26737983844022045
2012-12-26,30.005,3.401364034441476,0.4183400267737669,0.41746741768596646,0.1742790448293892,0.41746741768596646
2012-12-27,30.137,3.405753652743367,0.43992667888685943,0.4389618301891234,0.1926874883629848,0.4389618301891234
2012-12-28,29.995,3.4010307011050562,-0.47118160400836384,-0.4722951638310936,0.22306272177823955,0.4722951638310936
2012-12-31,30.27,3.410157123033627,0.916819469911645,0.9126421928570794,0.8329157721829784,0.9126421928570794
2013-01-02,31.07,3.436242723404956,2.6428807400066034,2.6085600371328717,6.804585467326649,2.6085600371328717
2013-01-03,30.143,3.4059527237460157,-2.9835854522046956,-3.028999965894054,9.17484079338618,3.028999965894054
2013-01-04,30.32,3.411807560774171,0.5872010085260282,0.5854837028155468,0.3427911662626036,0.5854837028155468
2013-01-07,30.11,3.4048573424936426,-0.6926121372031635,-0.6950218280528419,0.4830553414699141,0.6950218280528419
2013-01-08,30.383,3.413883241469338,0.9066755230820345,0.9025898975695514,0.8146685231946134,0.9025898975695514
2013-01-09,30.323,3.411906500470507,-0.19747885330612114,-0.19767409988311666,0.03907504976460038,0.19767409988311666
2013-01-10,30.826,3.4283584897245283,1.6588068462882966,1.6451989254021304,2.706679504144325,1.6451989254021304
2013-01-11,30.44,3.415757532993485,-1.2521897099850743,-1.2600956731042927,1.5878411053761605,1.2600956731042927
2013-01-14,31.025,3.434793331090671,1.9218134034165502,1.9035798097185752,3.623616091968207,1.9035798097185752
2013-01-15,31.34,3.444895236927875,1.0153102336825093,1.0101905837203815,1.020485015437325,1.0101905837203815
2013-01-16,31.468,3.448971156466996,0.40842373962985956,0.4075919539121234,0.16613120089390251,0.4075919539121234
2013-01-17,31.715,3.4567897550858606,0.7849243676115503,0.7818598618864476,0.611304843629095,0.7818598618864476
2013-01-18,31.825,3.46025214444347,0.3468390351568651,0.34623893576097486,0.11988140063689248,0.34623893576097486
2013-01-21,31.983,3.465204511636448,0.49646504320504103,0.4952367192977673,0.24525940814081557,0.4952367192977673
2013-01-22,32.206,3.4721527705958044,0.6972454116249249,0.69482589593565,0.48278302566277875,0.69482589593565
2013-01-23,32.203,3.4720596159123853,-0.00931503446562898,-0.009315468341908485,8.67779504290992e-05,0.009315468341908485
2013-01-24,31.625,3.453947947047684,-1.794863832562188,-1.811166886470093,3.2803254906457706,1.811166886470093
2013-01-25,31.17,3.4394560937792455,-1.4387351778656021,-1.4491853268438484,2.1001381115395117,1.4491853268438484
2013-01-28,30.825,3.428326049050408,-1.1068334937439972,-1.113004472883785,1.238778956659312,1.113004472883785
2013-01-29,31.368,3.4457882649900307,1.7615571776155692,1.7462215939622494,3.049289855220059,1.7462215939622494
2013-01-30,31.985,3.465267042902101,1.9669727110431134,1.947877791207055,3.7942278894776758,1.947877791207055
2013-01-31,31.43,3.447762850809476,-1.735188369548224,-1.7504192092624697,3.0639674081550496,1.7504192092624697
2013-02-01,31.8,3.459466289786131,1.1772192173083118,1.1703438976654996,1.3697048388028734,1.1703438976654996
2013-02-04,31.71,3.456632088550256,-0.2830188679245227,-0.28342012358751373,0.08032696645436156,0.28342012358751373
2013-02-05,31.795,3.459309044719371,0.2680542415641751,0.2676956169115148,0.07166094331363648,0.2676956169115148
2013-02-06,31.825,3.46025214444347,0.09435445824814703,0.09430997240990581,0.008894370895957194,0.09430997240990581
2013-02-07,31.42,3.4474446328274753,-1.2725844461900948,-1.2807511615995044,1.64032353793848,1.2807511615995044
2013-02-08,31.39,3.4464893708538624,-0.09548058561426043,-0.09552619736129339,0.009125254382308776,0.09552619736129339
2013-02-11,30.92,3.4314032237192214,-1.4972921312519927,-1.5086147134640988,2.275918353680365,1.5086147134640988
2013-02-12,31.09,3.4368862240706624,0.5498059508408648,0.5483000351441083,0.3006329285390304,0.5483000351441083
2013-02-13,30.755,3.4260525826603314,-1.0775168864586737,-1.0833641410330903,1.1736778620763655,1.0833641410330903
2013-02-14,30.373,3.413554055871527,-1.242074459437481,-1.2498526788804551,1.5621317189046502,1.2498526788804551
2013-02-15,29.77,3.393501175027685,-1.9853159055740366,-2.0052880843842007,4.021180301373257,2.0052880843842007
2013-02-18,29.95,3.3995293245614584,0.6046355391333469,0.6028149533773252,0.3633858680153067,0.6028149533773252
2013-02-19,29.447,3.382592037336586,-1.6794657762938203,-1.6937287224872328,2.8687169853782337,1.6937287224872328
2013-02-20,28.536,3.3511664480565906,-3.0936937548816434,-3.1425589279995516,9.875676615949692,3.1425589279995516
2013-02-21,28.655,3.355327948003701,0.41701710120549684,0.41614999471104064,0.17318081809799915,0.41614999471104064
2013-02-22,28.71,3.3572454941329726,0.19193857965451588,0.19175461292718546,0.036769831578854724,0.19175461292718546
2013-02-25,28.978,3.366536921398531,0.9334726576105901,0.9291427265557956,0.8633062063115379,0.9291427265557956
2013-02-26,29.385,3.380484340064614,1.4045137690661846,1.3947418666083204,1.9453048744700618,1.3947418666083204
2013-02-27,28.955,3.3657429006777533,-1.4633316317849365,-1.4741439386860768,2.1731003519648997,1.4741439386860768
2013-02-28,28.505,3.3500795104835452,-1.5541357278535672,-1.5663390194207947,2.453417923760097,1.5663390194207947
2013-03-01,28.57,3.3523572162426816,0.2280301701455878,0.22777057591365094,0.05187943525203623,0.22777057591365094
2013-03-04,28.555,3.3518320521168263,-0.052502625131256586,-0.05251641258554644,0.0027579735908553407,0.05251641258554644
2013-03-05,28.673,3.3559559134164663,0.41323761162668227,0.41238612996400326,0.1700623201866878,0.41238612996400326
2013-03-06,29.043,3.3687774904060444,1.290412583266498,1.2821576989577954,1.6439283649967487,1.2821576989577954
2013-03-07,28.875,3.3629761688419575,-0.5784526391901634,-0.5801321564086512,0.3365533188993518,0.5801321564086512
2013-03-08,28.951,3.3656047457367673,0.2632034632034541,0.26285768948096055,0.06909416491926908,0.26285768948096055
2013-03-11,28.956,3.365777436430895,0.017270560602389295,0.017269069412760428,0.00029822075838273777,0.017269069412760428
2013-03-12,29.125,3.371596911885865,0.5836441497444333,0.5819475454969582,0.33866294570993416,0.5819475454969582
2013-03-13,28.895,3.3636685697697413,-0.7896995708154497,-0.7928342116123331,0.6285860871029498,0.7928342116123331
2013-03-14,28.785,3.3598544181277727,-0.38068870046720216,-0.38141516419683047,0.14547752747929515,0.38141516419683047
2013-03-15,28.753,3.3587421096255907,-0.11116901163800152,-0.11123085021821828,0.012372302040267711,0.11123085021821828
2013-03-18,28.86,3.3624565533457247,0.3721350815567126,0.37144437201341696,0.13797092150044168,0.37144437201341696
2013-03-19,28.879,3.363114687386349,0.0658350658350626,0.06581340406243516,0.004331404154285357,0.06581340406243516
2013-03-20,28.795,3.3602017609586357,-0.29086879739602667,-0.291292642771345,0.0848514037327144,0.291292642771345
2013-03-21,29.14,3.3721118007670587,1.1981246744226404,1.1910039808423054,1.4184904823822186,1.1910039808423054
2013-03-22,28.708,3.3571758295678253,-1.482498284145517,-1.4935971199233442,2.2308323566433086,1.4935971199233442
2013-03-25,28.82,3.361069590571376,0.3901351539640663,0.3893761003550714,0.15161374752772264,0.3893761003550714
2013-03-26,28.735,3.358115891959705,-0.294934073560027,-0.2953698611671173,0.08724335488588214,0.2953698611671173
2013-03-27,28.652,3.3552232487522047,-0.28884635461979835,-0.28926432075000263,0.0836738472589604,0.28926432075000263
2013-03-28,28.314,3.3433563819723053,-1.1796733212341204,-1.1866866779899332,1.4082252717187835,1.1866866779899332
2013-04-01,28.01,3.332561589272017,-1.0736738009465174,-1.07947927002882,1.165275494421954,1.07947927002882
2013-04-02,27.245,3.3048700180350616,-2.731167440199933,-2.7691571236955537,7.6682311757138315,2.7691571236955537
2013-04-03,26.94,3.293612170982218,-1.1194714626536983,-1.1257847052843744,1.2673912026522256,1.1257847052843744
2013-04-04,26.885,3.2915685102616417,-0.20415738678545292,-0.2043660720576557,0.04176549140827492,0.2043660720576557
2013-04-05,27.3,3.3068867021909143,1.543611679375112,1.53181919292726,2.346470039820322,1.53181919292726
2013-04-08,27.275,3.3059705317191344,-0.09157509157510235,-0.09161704717796408,0.008393683333609295,0.09161704717796408
2013-04-09,27.935,3.329880382911112,2.419798350137481,2.3909851191977505,5.716809840225081,2.3909851191977505
2013-04-10,27.61,3.3181780259420632,-1.1634150706998359,-1.1702356969049004,1.369451586310498,1.1702356969049004
2013-04-11,27.61,3.3181780259420632,0.0,0.0,0.0,0.0
2013-04-12,25.98,3.2573270112424533,-5.903658094893149,-6.085101469960953,37.02845989972095,6.085101469960953
2013-04-15,22.645,3.119939077008177,-12.836797536566591,-13.73879342342763,188.7544447316183,13.73879342342763
2013-04-16,23.325,3.1495257467334077,3.002870390814749,2.958666972523033,8.753710254298609,2.958666972523033
2013-04-17,23.285,3.1478093764343407,-0.17148981779206984,-0.17163702990670024,0.029459270035193514,0.17163702990670024
2013-04-18,23.255,3.1465201626760604,-0.1288383079235622,-0.12892137582802593,0.016620721145391107,0.12892137582802593
2013-04-19,23.21,3.1445832202863455,-0.19350677273703987,-0.19369423897146054,0.03751745821073326,0.19369423897146054
2013-04-22,23.395,3.1525223243181797,0.7970702283498499,0.7939104031833945,0.6302937282828199,0.7939104031833945
2013-04-23,22.915,3.1317917179610872,-2.0517204530882682,-2.0730606357092247,4.297580399327135,2.0730606357092247
2013-04-24,23.135,3.141346622358963,0.9600698232598903,0.9554904397875701,0.9129619805254441,0.9554904397875701
2013-04-25,24.375,3.193558016883911,5.359844391614432,5.221139452494791,27.260297182397604,5.221139452494791
2013-04-26,23.96,3.1763857732472487,-1.702564102564097,-1.7172243636662217,2.94885951516886,1.7172243636662217
2013-04-29,24.633,3.204087007394761,2.8088480801335525,2.7701234147512777,7.673583732953279,2.7701234147512777
2013-04-30,24.325,3.1915046280720687,-1.2503552145495922,-1.258237932269269,1.5831626942012453,1.258237932269269
2013-05-01,23.625,3.1623054733798064,-2.877697841726612,-2.9199154692262237,8.525906347426599,2.9199154692262237
2013-05-02,23.803,3.1698116231539104,0.7534391534391505,0.7506149774103915,0.5634228443128025,0.7506149774103915
2013-05-03,24.08,3.1813816204406202,1.1637188589673553,1.1569997286709877,1.338648372144739,1.1569997286709877
2013-05-06,24.0,3.1780538303479458,-0.33222591362125353,-0.33277900926745796,0.11074186900903087,0.33277900926745796
2013-05-07,23.95,3.175968323856924,-0.2083333333333326,-0.20855064910213708,0.04349337324092271,0.20855064910213708
2013-05-08,23.96,3.1763857732472487,0.041753653444676075,0.04174493903243546,0.0017426399348217535,0.04174493903243546
2013-05-09,23.725,3.1665293444959914,-0.9808013355592671,-0.9856428751257054,0.9714918772860668,0.9856428751257054
2013-05-10,23.797,3.1695595223122393,0.30347734457323305,0.3030177816247494,0.09181977598078432,0.3030177816247494
2013-05-13,23.656,3.163616782550176,-0.5925116611337655,-0.5942739762063074,0.3531615587960548,0.5942739762063074
2013-05-14,23.41,3.1531632815028194,-1.0399053094352295,-1.0453501047356606,1.0927568414708566,1.0453501047356606
2013-05-15,22.595,3.117728642863243,-3.48141819735156,-3.54346386395764,12.55613615517361,3.54346386395764
2013-05-16,22.675,3.1212629960012004,0.3540606328833906,0.3534353137957387,0.1249165210378923,0.3534353137957387
2013-05-17,22.185,3.0994163848308727,-2.160970231532533,-2.184661117032757,4.772744196274814,2.184661117032757
2013-05-20,22.9,3.131136910560194,3.222898354744186,3.1720525729321047,10.061917525445185,3.1720525729321047
2013-05-21,22.43,3.110399348532117,-2.0524017467248856,-2.0737562028076963,4.300464788683396,2.0737562028076963
2013-05-22,22.28,3.1036894150590832,-0.6687472135532668,-0.6709933473033576,0.45023207212536426,0.6709933473033576
2013-05-23,22.595,3.117728642863243,1.4138240574506078,1.403922780415953,1.9709991733708605,1.403922780415953
2013-05-24,22.363,3.10740780744458,-1.026775835361804,-1.0320835418662864,1.0651964373912586,1.0320835418662864
2013-05-27,22.66,3.12060125559986,1.3280865715691093,1.3193448155280127,1.740670742260646,1.3193448155280127
2013-05-28,22.345,3.1066025823854146,-1.3901147396293112,-1.3998673214445514,1.959628517648343,1.3998673214445514
2013-05-29,22.48,3.1126260250254902,0.6041620049228147,0.6023442640075629,0.36281861238281266,0.6023442640075629
2013-05-30,22.77,3.125443880075648,1.2900355871886093,1.2817855050157896,1.6429740808685827,1.2817855050157896
2013-05-31,22.193,3.099776923840592,-2.5340360122968697,-2.566695623505613,6.587926423722868,2.566695623505613
2013-06-03,22.725,3.1234656400635425,2.3971522552156177,2.3688716222950625,5.611552762914841,2.3688716222950625
2013-06-04,22.535,3.1150696561426114,-0.8360836083608381,-0.8395983920930954,0.7049254600053112,0.8395983920930954
2013-06-05,22.545,3.1155133118730474,0.04437541601953754,0.04436557304360303,0.001968304071487276,0.04436557304360303
2013-06-06,22.645,3.119939077008177,0.4435573297848716,0.44257651351296573,0.19587397031329234,0.44257651351296573
2013-06-07,21.63,3.0740812399649675,-4.482225656877903,-4.585783704320985,21.029412182815893,4.585783704320985
2013-06-10,21.908,3.086851866921475,1.2852519648636207,1.2770626956507543,1.630889128622771,1.2770626956507543
2013-06-11,21.663,3.0756057361371543,-1.1183129450429097,-1.1246130784320638,1.2647545761804433,1.1246130784320638
2013-06-12,21.78,3.0809921175048145,0.540091400083087,0.538638136766009,0.29013104237875786,0.538638136766009
2013-06-13,21.833,3.0834225866809795,0.24334251606976665,0.24304691761648797,0.05907180416287589,0.24304691761648797
2013-06-14,22.063,3.0939019973262343,1.0534511977282168,1.04794106452551,1.0981804747188593,1.04794106452551
2013-06-17,21.865,3.084887184864884,-0.8974300865702833,-0.9014812461350697,0.8126684371332382,0.9014812461350697
2013-06-18,21.67,3.075928815548268,-0.891836268008217,-0.8958369316616082,0.8025238081288848,0.8958369316616082
2013-06-19,21.385,3.062689741678872,-1.3151822796492851,-1.3239073869395737,1.75273076919317,1.3239073869395737
2013-06-20,19.675,2.979348794303467,-7.996259060088851,-8.334094737540507,69.45713509430037,8.334094737540507
2013-06-21,20.065,2.9989770037188803,1.9822109275730693,1.9628209415413191,3.8526660485531505,1.9628209415413191
2013-06-24,19.673,2.9792471372941285,-1.953650635434856,-1.9729866424751652,3.8926762913854254,1.9729866424751652
2013-06-25,19.635,2.977313688029973,-0.19315813551566974,-0.19334492641555315,0.037382260570635664,0.19334492641555315
2013-06-26,18.515,2.918581214365576,-5.704099821746889,-5.873247366439702,34.49503462739089,5.873247366439702
2013-06-27,18.449,2.915010168475628,-0.35646772886848144,-0.35710458899476544,0.12752368748112033,0.35710458899476544
2013-06-28,19.628,2.976957118227657,6.390590275895702,6.194694975202855,38.37424583580349,6.194694975202855
2013-07-01,19.62,2.976549454137217,-0.040758100672499964,-0.04076640904398508,0.0016619001063415087,0.04076640904398508
2013-07-02,19.39,2.9647574692545606,-1.1722731906218198,-1.179198488265664,1.3905090747280275,1.179198488265664
2013-07-03,19.783,2.984822983045955,2.026817947395565,2.0065513791394545,4.026248437126447,2.0065513791394545
2013-07-04,19.575,2.9742532418768666,-1.0514077743517314,-1.0569741169088331,1.1171942838152076,1.0569741169088331
2013-07-05,18.89,2.9386326815134183,-3.4993614303959086,-3.5620560363448566,12.68824320606083,3.5620560363448566
2013-07-08,19.09,2.949164637737656,1.0587612493382803,1.0531956224238124,1.1092210190926814,1.0531956224238124
2013-07-09,19.295,2.9598459949895823,1.0738606600314338,1.0681357251925867,1.1409139274326932,1.0681357251925867
2013-07-10,19.37,2.9637254774189046,0.3887017362010914,0.3879482429322461,0.15050383919421706,0.3879482429322461
2013-07-11,20.15,3.0032042883926917,4.026845637583887,3.947881097378742,15.585765159040381,3.947881097378742
2013-07-12,19.905,2.9909709564522804,-1.2158808933002363,-1.2233331940411345,1.496544103642884,1.2233331940411345
2013-07-15,19.97,2.994231147427724,0.32655111780959256,0.32601909754432945,0.106288451963619,0.32601909754432945
2013-07-16,20.0,2.995732273553991,0.1502253380070151,0.15011261262671913,0.022533796469619435,0.15011261262671913
2013-07-17,19.335,2.9619169250592603,-3.325,-3.3815348494730593,11.434777938200785,3.3815348494730593
2013-07-18,19.385,2.9644995711228925,0.25859839668993523,0.25826460636319953,0.06670060689993841,0.25826460636319953
2013-07-19,19.528,2.971849333090659,0.7376837761155386,0.7349761967766351,0.5401900098282469,0.7349761967766351
2013-07-22,20.535,3.022130747408522,5.156698074559607,5.028141431786296,25.282206258045946,5.028141431786296
2013-07-23,20.48,3.019448800171307,-0.26783540297053987,-0.2681947237214885,0.07192840983204554,0.2681947237214885
2013-07-24,20.165,3.0039484283253315,-1.538085937500011,-1.550037184597568,2.402615273635155,1.550037184597568
2013-07-25,20.23,3.007166651179654,0.32234068931318305,0.32182228543227964,0.10356958340085567,0.32182228543227964
2013-07-26,20.035,2.997480744088108,-0.9639149777558087,-0.9685907091546224,0.9381679618606543,0.9685907091546224
2013-07-29,19.865,2.988959389266562,-0.8485150985774959,-0.8521354821545679,0.7261348799467979,0.8521354821545679
2013-07-30,19.73,2.982140320034524,-0.6795872136924119,-0.6819069232038167,0.46499705191329604,0.6819069232038167
2013-07-31,19.835,2.9874480539662933,0.5321844906234219,0.530773393176954,0.28172039490457745,0.530773393176954
2013-08-01,19.615,2.976294579661516,-1.109150491555344,-1.1153474304777702,1.2439998906733645,1.1153474304777702
2013-08-02,19.811,2.9862373389921895,0.999235279123134,0.9942759330673823,0.9885846310770137,0.9942759330673823
2013-08-05,19.7,2.9806186357439426,-0.5602947857251017,-0.5618703248246742,0.31569826191858497,0.5618703248246742
2013-08-06,19.515,2.971183400632578,-0.9390862944162359,-0.9435235111364456,0.8902366160672464,0.9435235111364456
2013-08-07,19.58,2.9745086371023644,0.3330771201639715,0.3325236469785986,0.11057197579994767,0.3325236469785986
2013-08-08,20.25,3.0081547935525483,3.4218590398365833,3.364615645018397,11.320638438702565,3.364615645018397
2013-08-09,20.46,3.0184717605234805,1.0370370370370363,1.0316966970932269,1.0643980747930735,1.0316966970932269
2013-08-12,21.385,3.062689741678872,4.521016617790807,4.421798115539149,19.552298574585567,4.421798115539149
2013-08-13,21.45,3.065724645374026,0.3039513677811412,0.30349036951538894,0.09210640438858732,0.30349036951538894
2013-08-14,21.865,3.084887184864884,1.9347319347319258,1.9162539490857853,3.6720291973868675,1.9162539490857853
2013-08-15,22.978,3.134537236431173,5.090327006631612,4.965005156628924,24.651276205351802,4.965005156628924
2013-08-16,23.167,3.1427288522883323,0.8225258943337144,0.8191615857159039,0.6710257035125942,0.8191615857159039
2013-08-19,23.16,3.1424266527047946,-0.030215392584287404,-0.030219958353765793,0.0009132458829033389,0.030219958353765793
2013-08-20,23.0,3.1354942159291497,-0.6908462867012077,-0.693243677564479,0.48058679648312336,0.693243677564479
2013-08-21,22.87,3.12982600803469,-0.5652173913043401,-0.5668207894459842,0.3212858073481688,0.5668207894459842
2013-08-22,23.105,3.1400490443222298,1.0275470048097812,1.0223036287539802,1.0451047093635557,1.0223036287539802
2013-08-23,23.95,3.175968323856924,3.657217052586015,3.5919279534694484,12.90194642291522,3.5919279534694484
2013-08-26,24.305,3.1906820904974187,1.4822546972860229,1.4713766640494674,2.1649492875093395,1.4713766640494674
2013-08-27,24.455,3.1968346939913204,0.6171569635877283,0.615260349390159,0.37854529753170046,0.615260349390159
2013-08-28,24.335,3.1919156432854177,-0.49069719893680697,-0.4919050705902727,0.2419705984724212,0.4919050705902727
2013-08-29,23.865,3.17241295045786,-1.931374563386079,-1.9502692827557844,3.8035502752607617,1.9502692827557844
2013-08-30,23.442,3.1545292853009888,-1.7724701445631652,-1.7883665156871322,3.198254794430934,1.7883665156871322
2013-09-02,24.18,3.1855258451866466,3.148195546455068,3.099655988565796,9.607867247451804,3.099655988565796
2013-09-03,24.265,3.1890349828571796,0.3515301902398793,0.3509137670533011,0.12314047190753845,0.3509137670533011
2013-09-04,23.475,3.1559360250943267,-3.2557181125077217,-3.309895776285285,10.955410049871169,3.309895776285285
2013-09-05,23.17,3.142858338444285,-1.2992545260915866,-1.3077686650041764,1.7102588811668058,1.3077686650041764
2013-09-06,23.821,3.170567544574082,2.809667673716021,2.770920612979723,7.6780010434359225,2.770920612979723
2013-09-09,23.695,3.1652640554195517,-0.5289450484866398,-0.5303489154530464,0.28126997212222254,0.5303489154530464
2013-09-10,22.975,3.1344066682417506,-3.038615741717654,-3.085738717780079,9.521783434407046,3.085738717780079
2013-09-11,23.175,3.1430741114519187,0.8705114254624613,0.8667443210168124,0.7512457180148951,0.8667443210168124
2013-09-12,21.775,3.080762522738566,-6.040992448759452,-6.23115887133525,38.827340879819985,6.23115887133525
2013-09-13,22.205,3.1003174887440657,1.9747416762342151,1.9554966005499115,3.82396695476226,1.9554966005499115
2013-09-16,21.805,3.08213930129473,-1.8013960819635133,-1.8178187449335736,3.3044649894318727,1.8178187449335736
2013-09-17,21.745,3.079383846049602,-0.2751662462737836,-0.27554552451279796,0.07592533607903294,0.27554552451279796
2013-09-18,22.94,3.1328821117012247,5.495516210623141,5.3498265651623,28.620644277316256,5.3498265651623
2013-09-19,23.045,3.137448826172472,0.45771578029643045,0.4566714471247016,0.20854881061896913,0.4566714471247016
2013-09-20,21.77,3.080532875246456,-5.532653504013895,-5.691595092601563,32.3942546981262,5.691595092601563
2013-09-23,21.65,3.075005454448499,-0.5512172714745134,-0.5527420797957291,0.30552380677690816,0.5527420797957291
2013-09-24,21.7,3.077312260546414,0.23094688221709792,0.2306806097915092,0.05321354373378253,0.2306806097915092
2013-09-25,21.757,3.0799355448360655,0.26267281105991636,0.26232842896516234,0.06881620464333023,0.26232842896516234
2013-09-26,21.725,3.078463671151456,-0.14707910097899735,-0.1471873684609691,0.021664121434465083,0.1471873684609691
2013-09-27,21.73,3.078693794268338,0.023014959723810513,0.02301231168824349,0.000529566489236868,0.02301231168824349
2013-09-30,21.69,3.076851324838783,-0.18407731247123138,-0.1842469429555194,0.03394693598845443,0.1842469429555194
2013-10-01,21.17,3.0525850851467737,-2.3974181650530224,-2.4266239692009246,5.88850388790045,2.4266239692009246
2013-10-02,21.7,3.077312260546414,2.5035427491733486,2.4727175399639982,6.114332032445607,2.4727175399639982
2013-10-03,21.65,3.075005454448499,-0.23041474654378336,-0.23068060979150595,0.05321354373378103,0.23068060979150595
2013-10-04,21.708,3.0776808562011584,0.2678983833718229,0.2675401752659523,0.07157774538133647,0.2675401752659523
2013-10-07,22.36,3.1072736482868986,3.0035010134512596,2.9592792085739994,8.757333434298356,2.9592792085739994
2013-10-08,22.295,3.10436243807944,-0.29069767441859407,-0.291121020745833,0.08475144872009574,0.291121020745833
2013-10-09,21.845,3.083972062403399,-2.0183897734918244,-2.0390375676040873,4.157674202100793,2.0390375676040873
2013-10-10,21.68,3.0763901765714454,-0.7553215838864702,-0.7581885831953713,0.5748499276878045,0.7581885831953713
2013-10-11,21.299,3.0586601232564634,-1.7573800738007406,-1.7730053314982168,3.1435479055211015,1.7730053314982168
2013-10-14,21.239,3.0558391142861097,-0.28170336635522375,-0.28210089703536545,0.07958091610815786,0.28210089703536545
2013-10-15,21.35,3.0610517396746335,0.5226234756815273,0.5212625388523919,0.2717146344108414,0.5212625388523919
2013-10-16,21.39,3.062923523094314,0.18735362997657212,0.1871783419680613,0.035035731701912494,0.1871783419680613
2013-10-17,21.86,3.0846584827483925,2.1972884525479186,2.173495965407823,4.7240847116440845,2.173495965407823
2013-10-18,21.895,3.0862583002533617,0.16010978956999544,0.15998175049692223,0.025594160492059478,0.15998175049692223
2013-10-21,22.217,3.1008577615949906,1.4706554007764217,1.4599461341628783,2.1314427146571333,1.4599461341628783
2013-10-22,22.68,3.121483478859551,2.083989737588343,2.0625717264560843,4.254202126776033,2.0625717264560843
2013-10-23,22.53,3.114847754444153,-0.6613756613756516,-0.6635724415398156,0.44032838517111206,0.6635724415398156
2013-10-24,22.685,3.121703913115927,0.6879715934309694,0.685615867177404,0.47006911732542367,0.685615867177404
2013-10-25,22.533,3.1149809013719847,-0.6700462860921186,-0.6723011743942677,0.4519888690919116,0.6723011743942677
2013-10-28,22.49,3.1130707659712242,-0.1908312253139921,-0.19101354007601828,0.03648617249237264,0.19101354007601828
2013-10-29,22.473,3.1123145886338555,-0.07558915073365702,-0.07561773373687412,0.005718041655500791,0.07561773373687412
2013-10-30,22.646,3.119983235891848,0.7698126640858005,0.7668647257992325,0.588081507675132,0.7668647257992325
2013-10-31,21.909,3.0868975113060824,-3.2544378698224907,-3.3085724585765446,10.94665171365124,3.3085724585765446
2013-11-01,21.87,3.0851158346886765,-0.17800903738188767,-0.17816766174058257,0.03174371569010665,0.17816766174058257
2013-11-04,21.645,3.074774480893944,-1.0288065843621519,-1.0341353794732708,1.0694359830783258,1.0341353794732708
2013-11-05,21.695,3.077081819250314,0.23100023100024458,0.23073383563702743,0.05323810290777479,0.23073383563702743
2013-11-06,21.8,3.0819099697950434,0.48398248444341263,0.4828150544729226,0.23311037682569122,0.4828150544729226
2013-11-07,21.65,3.075005454448499,-0.6880733944954254,-0.6904515346544599,0.4767233217066988,0.6904515346544599
2013-11-08,21.475,3.066889467870319,-0.8083140877597983,-0.8115986578179614,0.6586923813719163,0.8115986578179614
2013-11-11,21.355,3.0612859042934297,-0.5587892898719526,-0.5603563576889335,0.31399924760240805,0.5603563576889335
2013-11-12,20.725,3.031340701021359,-2.950128775462413,-2.9945203272071064,8.967151990056555,2.9945203272071064
2013-11-13,20.609,3.0257278735893713,-0.5597104945717746,-0.5612827431987272,0.3150383178126883,0.5612827431987272
2013-11-14,20.774,3.03370220480562,0.8006210878742204,0.7974331216248154,0.6358995834642976,0.7974331216248154
2013-11-15,20.76,3.033028058297688,-0.06739193222297102,-0.06741465079317713,0.004544735141566018,0.06741465079317713
2013-11-18,20.405,3.015779968857769,-1.7100192678227377,-1.72480894399189,2.974965893274419,1.72480894399189
2013-11-19,20.365,3.0138177411003757,-0.1960303847096445,-0.19622277573932492,0.0385033777188454,0.19622277573932492
2013-11-20,19.857,2.9885565898048956,-2.4944758163515823,-2.5261151295480455,6.381257647731538,2.5261151295480455
2013-11-21,19.956,2.993529849998791,0.49856473787581734,0.49732601938955523,0.24733316956186027,0.49732601938955523
2013-11-22,19.862,2.9888083584811667,-0.47103627981559537,-0.47214915176241323,0.22292482150996631,0.47214915176241323
2013-11-25,20.231,3.007216081495277,1.8578189507602705,1.8407723014110158,3.3884426656420077,1.8407723014110158
2013-11-26,19.845,2.987952086235029,-1.907963027037729,-1.926399526024818,3.711015133868643,1.926399526024818
2013-11-27,19.643,2.9777210407521393,-1.0178886369362483,-1.0231045482889367,1.0467429167295093,1.0231045482889367
2013-11-28,19.707,2.9809739025784454,0.3258158122486421,0.3252861826306369,0.10581110061041207,0.3252861826306369
2013-11-29,19.97,2.994231147427724,1.3345511747094863,1.3257244849278187,1.7575454099371302,1.3257244849278187
2013-12-02,19.147,2.952146045391068,-4.121181772658988,-4.208510203665578,17.711558134357286,4.208510203665578
2013-12-03,19.112,2.9503164100235084,-0.1827962605107869,-0.18296353675596727,0.03347565578225219,0.18296353675596727
2013-12-04,19.676,2.979399618933093,2.9510255336961055,2.908320890958495,8.458330404785615,2.908320890958495
2013-12-05,19.386,2.9645511560704163,-1.4738768042285022,-1.4848462862677176,2.2047684938430328,1.4848462862677176
2013-12-06,19.483,2.96954229046375,0.5003610853193008,0.4991134393333926,0.24911422532320815,0.4991134393333926
2013-12-09,19.851,2.988254383698032,1.888826156136103,1.8712093234281815,3.501424332084553,1.8712093234281815
2013-12-10,20.39,3.015044584586364,2.7152284519671666,2.67902008883318,7.177148636371739,2.67902008883318
2013-12-11,20.282,3.0097337931898047,-0.5296714075527231,-0.5310791396559217,0.282045052577674,0.5310791396559217
2013-12-12,19.495,2.9701580224345605,-3.880287940045357,-3.9575770755243918,15.662416308716198,3.9575770755243918
2013-12-13,19.68,2.9796028916241073,0.9489612721210516,0.9444869189546665,0.8920555400764788,0.9444869189546665
2013-12-16,19.98,2.9947317732204075,1.5243902439024515,1.5128881596300219,2.2888305835487146,1.5128881596300219
2013-12-17,19.892,2.990317640852492,-0.4404404404404483,-0.44141323679154265,0.1948456456147865,0.44141323679154265
2013-12-18,19.721,2.9816840578279318,-0.8596420671626803,-0.8633583024560197,0.74538755841974,0.8633583024560197
2013-12-19,19.205,2.955170661797868,-2.6165001774758,-2.6513396030063943,7.029601690470105,2.6513396030063943
2013-12-20,19.355,2.9629507840296117,0.7810466024472884,0.7780122231743396,0.6053030194086784,0.7780122231743396
2013-12-23,19.419,2.9662519682314827,0.330663911134077,0.3301184201871431,0.10897817134685517,0.3301184201871431
2013-12-24,19.495,2.9701580224345605,0.3913692775117106,0.39060542030777756,0.15257259437381557,0.39060542030777756
2013-12-26,19.75,2.9831534913471307,1.308027699410097,1.2995468912570145,1.6888221225757707,1.2995468912570145
2013-12-27,20.026,2.997031429285611,1.3974683544303756,1.387793793848013,1.925971614243061,1.387793793848013
2013-12-30,19.54,2.972463646614637,-2.4268451013682246,-2.4567782670974396,6.0357594536822985,2.4567782670974396
2013-12-31,19.437,2.96717846613593,-0.5271238485158536,-0.5285180478706679,0.2793313269250216,0.5285180478706679
2014-01-02,19.95,2.9932291433358724,2.639296187683282,2.605067719994255,6.786377825756066,2.605067719994255
2014-01-03,20.176,3.0044937792225634,1.1328320802004965,1.1264635886691234,1.2689202165973201,1.1264635886691234
2014-01-06,20.13,3.0022112396517002,-0.22799365582870657,-0.22825395708636195,0.052099868925582764,0.22825395708636195
2014-01-07,19.825,2.986943767520912,-1.5151515151515138,-1.526747213078842,2.330957052644011,1.526747213078842
2014-01-08,19.525,2.9716956957257494,-1.5132408575031508,-1.5248071795162002,2.3250369347041495,1.5248071795162002
2014-01-09,19.57,2.9739977814079848,0.23047375160052397,0.23020856822353178,0.05299598488352848,0.23020856822353178
2014-01-10,20.135,3.0024595943034176,2.887072049054673,2.84618128954326,8.100747932946135,2.84618128954326
2014-01-13,20.385,3.0147993362712167,1.24161907126894,1.233974196779929,1.5226923183186707,1.233974196779929
2014-01-14,20.24,3.0076608444192647,-0.7113073338239073,-0.7138491851952103,0.5095806592038657,0.7138491851952103
2014-01-15,20.175,3.0044442141560124,-0.32114624505927836,-0.3216630263252198,0.10346710250469905,0.3216630263252198
2014-01-16,20.1,3.0007198150650303,-0.371747211895912,-0.372439909098244,0.13871148588910823,0.372439909098244
2014-01-17,20.282,3.0097337931898047,0.9054726368159072,0.9013978124774404,0.8125180163391149,0.9013978124774404
2014-01-20,20.301,3.010670145918198,0.09367912434670167,0.09363527283934504,0.008767564319698587,0.09363527283934504
2014-01-21,19.885,2.989965678659654,-2.049160139894568,-2.0704467258544015,4.286749644601211,2.0704467258544015
2014-01-22,19.78,2.984671326194566,-0.5280362081971357,-0.5294352465087915,0.2803016802458248,0.5294352465087915
2014-01-23,20.02,2.9967317738870745,1.213346814964611,1.2060447692508474,1.4545439854373297,1.2060447692508474
2014-01-24,19.903,2.9908704741370835,-0.5844155844155874,-0.5861299749991118,0.3435483475924594,0.5861299749991118
2014-01-27,19.687,2.9799585194379503,-1.0852635281113243,-1.091195469913311,1.1907075535593317,1.091195469913311
2014-01-28,19.575,2.9742532418768666,-0.568903337227622,-0.5705277561083469,0.3255019204900254,0.5705277561083469
2014-01-29,19.745,2.982900294738613,0.8684546615581157,0.8647052861746,0.7477152319382968,0.8647052861746
2014-01-30,19.155,2.952563778152612,-2.9880982527222044,-3.0336516586000393,9.20304238572677,3.0336516586000393
2014-01-31,19.167,2.953190050288316,0.06264682850432024,0.06262721357037382,0.003922167879589215,0.06262721357037382
2014-02-03,19.325,2.9613995944734857,0.8243334898523358,0.8209544185169603,0.6739661572825204,0.8209544185169603
2014-02-04,19.48,2.969388298214389,0.8020698576972851,0.7988703740903401,0.6381938745992399,0.7988703740903401
2014-02-05,19.875,2.9894626605403958,2.027720739219707,2.0074362326006505,4.029800227957893,2.0074362326006505
2014-02-06,19.955,2.9934797385006973,0.4025157232704357,0.401707796030157,0.16136915339140623,0.401707796030157
2014-02-07,20.023,2.9968816128105122,0.34076672513154715,0.3401874309815277,0.11572748819781167,0.3401874309815277
2014-02-10,20.065,2.9989770037188803,0.20975877740598836,0.20953909083676228,0.04390663058869691,0.20953909083676228
2014-02-11,20.22,3.006672213592325,0.7724894094193857,0.7695209873445297,0.5921625499636998,0.7695209873445297
2014-02-12,20.23,3.007166651179654,0.049455984174096024,0.049443758732884986,0.00244468527763574,0.049443758732884986
2014-02-13,20.48,3.019448800171307,1.2357884330202573,1.2282148991652844,1.5085118385315897,1.2282148991652844
2014-02-14,21.44,3.0652583362026014,4.6875,4.58095360312942,20.98513591402442,4.58095360312942
2014-02-17,21.795,3.081680585690356,1.655783582089554,1.6422249487754694,2.6969027823805933,1.6422249487754694
2014-02-18,21.92,3.087399462079815,0.5735260380821394,0.5718876389458971,0.3270554715791128,0.5718876389458971
2014-02-19,21.515,3.068750366290563,-1.8476277372262873,-1.8649095789251926,3.477887737566939,1.8649095789251926
2014-02-20,21.813,3.0825061223360293,1.3850801766209564,1.3755756045466452,1.8922082438238683,1.3755756045466452
2014-02-21,21.795,3.081680585690356,-0.08251959840460676,-0.08255366456734081,0.006815107533497022,0.08255366456734081
2014-02-24,21.966,3.0894958033661544,0.7845836200963463,0.7815217675798177,0.6107762732010826,0.7815217675798177
2014-02-25,21.848,3.084109384171404,-0.5371938450332459,-0.5386419194750397,0.29013511741575515,0.5386419194750397
2014-02-26,21.231,3.0554623777617573,-2.8240571219333432,-2.8647006409646374,8.206509762343204,2.8647006409646374
2014-02-27,21.256,3.0566392084575122,0.11775234327162654,0.1176830695754975,0.013849304864711386,0.1176830695754975
2014-02-28,21.137,3.0510250593026997,-0.5598419269853161,-0.5614149154812635,0.3151867073248343,0.5614149154812635
2014-03-03,21.414,3.0640449137360783,1.3104981785494685,1.3019854433378661,1.6951660946637,1.3019854433378661
2014-03-04,21.165,3.052348873972887,-1.1627906976744318,-1.169603976319141,1.3679734614215457,1.169603976319141
2014-03-05,21.157,3.0519708200011806,-0.037798251830845064,-0.03780539717065149,0.0014292480552307036,0.03780539717065149
2014-03-06,21.459,3.0661441377943564,1.4274235477619746,1.4173317793176083,2.0088293726636177,1.4173317793176083
2014-03-07,20.873,3.038456457763769,-2.7307889463628277,-2.76876800305871,7.666076254761716,2.76876800305871
2014-03-10,20.827,3.0362502218568794,-0.22038039572653823,-0.22062359068901763,0.04867476876851519,0.22062359068901763
2014-03-11,20.852,3.0374498669058596,0.1200364910932894,0.11996450489802932,0.0143914824354293,0.11996450489802932
2014-03-12,21.3,3.0587070727153796,2.1484749664300695,2.125720580951985,4.518687988282845,2.125720580951985
2014-03-13,21.2,3.054001181677967,-0.46948356807512415,-0.4705891037412728,0.22145410456001438,0.4705891037412728
2014-03-14,21.415,3.0640916110673344,1.0141509433962304,1.009042938936757,1.018167652618128,1.009042938936757
2014-03-17,21.18,3.0530573401732606,-1.097361662386176,-1.103427089407388,1.2175513416380601,1.103427089407388
2014-03-18,20.85,3.0373539482448106,-1.5580736543909235,-1.5703391928449828,2.465965180585032,1.5703391928449828
2014-03-19,20.603,3.0254366962603223,-1.184652278177456,-1.1917251984488428,1.420208948617934,1.1917251984488428
2014-03-20,20.31,3.011113375592293,-1.4221229917973255,-1.4323320668028836,2.0515751495918204,1.4323320668028836
2014-03-21,20.292,3.0102267197044434,-0.08862629246675358,-0.08866558878496443,0.00786158663458441,0.08866558878496443
2014-03-24,19.913,2.991372784776538,-1.8677311255667295,-1.8853934927905498,3.554708622656949,1.8853934927905498
2014-03-25,19.973,2.994381361483035,0.3013107015517491,0.30085767064966135,0.0905153379887401,0.30085767064966135
2014-03-26,19.77,2.9841656371825254,-1.016372102338159,-1.02157243005092,1.0436102298401417,1.02157243005092
2014-03-27,19.713,2.9812783165838406,-0.28831562974203084,-0.28873205986850103,0.08336620239590767,0.28873205986850103
2014-03-28,19.8,2.9856819377004897,0.44133313042153954,0.4403621116648949,0.19391878938996537,0.4403621116648949
2014-03-31,19.761,2.9837102983266655,-0.19696969696970656,-0.19716393738240692,0.03887361820413368,0.19716393738240692
2014-04-01,19.75,2.9831534913471307,-0.05566519912959533,-0.055680697953467015,0.003100340124585226,0.055680697953467015
2014-04-02,19.97,2.994231147427724,1.1139240506329084,1.1077656080592944,1.2271446423989782,1.1077656080592944
2014-04-03,19.84,2.987700101856727,-0.6509764646970395,-0.6531045570997053,0.4265455625044022,0.6531045570997053
2014-04-04,19.915,2.9914732166336075,0.37802419354837635,0.3773114776880707,0.1423639511951555,0.3773114776880707
2014-04-07,19.864,2.9889090482058656,-0.25608837559627506,-0.2564168427741972,0.06574959725828736,0.2564168427741972
2014-04-08,20.027,2.9970813631232867,0.820579943616595,0.8172314917421049,0.667867311095026,0.8172314917421049
2014-04-09,19.874,2.9894123448091716,-0.7639686423328573,-0.7669018314114961,0.5881384190223069,0.7669018314114961
2014-04-10,20.035,2.997480744088108,0.8101036530139938,0.8068399278936316,0.6509906692434005,0.8068399278936316
2014-04-11,19.949,2.9931790167662737,-0.42924881457448993,-0.4301727321834074,0.18504857951413756,0.4301727321834074
2014-04-14,19.979,2.9946817219178117,0.15038347786855422,0.15027051515379986,0.02258122772458839,0.15027051515379986
2014-04-15,19.605,2.975784635744295,-1.8719655638420263,-1.889708617351682,3.5709986584932056,1.889708617351682
2014-04-16,19.654,2.978280879940235,0.24993624075491105,0.2496244195940172,0.06231235085764996,0.2496244195940172
2014-04-17,19.631,2.977109949425896,-0.11702452426987087,-0.11709305143388253,0.01371078269409786,0.11709305143388253
2014-04-21,19.436,2.9671270165436567,-0.9933268809535933,-0.998293288223975,0.9965894893130365,0.998293288223975
2014-04-22,19.41,2.9657883971809187,-0.1337723811483782,-0.13386193627376083,0.017919017982960406,0.13386193627376083
2014-04-23,19.439,2.9672813573799757,0.14940752189593898,0.14929601990570035,0.022289301559683276,0.14929601990570035
2014-04-24,19.652,2.978179114306402,1.0957353773342282,1.0897756926426039,1.187611060274667,1.0897756926426039
2014-04-25,19.709,2.9810753842103574,0.2900468145735635,0.2896269903955341,0.0838837935655748,0.2896269903955341
2014-04-28,19.585,2.9747639671177946,-0.6291541935156464,-0.6311417092562623,0.39833985716291637,0.6311417092562623
2014-04-29,19.45,2.9678470700644555,-0.6893030380393239,-0.691689705333941,0.47843464846495415,0.691689705333941
2014-04-30,19.188,2.9542850836398173,-1.3470437017994885,-1.3561986424637837,1.83927475782061,1.3561986424637837
2014-05-01,19.025,2.9457539037477494,-0.8494892641234153,-0.8531179892068005,0.7278103035082546,0.8531179892068005
2014-05-02,19.448,2.967744237013822,2.223390275952708,2.1990333266072843,4.835747571529499,2.1990333266072843
2014-05-05,19.596,2.9753254637763282,0.7610037021801741,0.7581226762506147,0.5747499922453944,0.7581226762506147
2014-05-06,19.575,2.9742532418768666,-0.10716472749541239,-0.10722218994616237,0.011496598016850922,0.10722218994616237
2014-05-07,19.307,2.9604677244536797,-1.3690932311621995,-1.3785517423187164,1.9004049062499686,1.3785517423187164
2014-05-08,19.174,2.953555194654805,-0.688869322007557,-0.6912529798874771,0.47783068220331687,0.6912529798874771
2014-05-09,19.149,2.95225049494203,-0.13038489621362004,-0.13046997127748627,0.017022413405148092,0.13046997127748627
2014-05-12,19.526,2.9717469108034797,1.9687712152070436,1.9496415861449619,3.801102314425843,1.9496415861449619
2014-05-13,19.526,2.9717469108034797,0.0,0.0,0.0,0.0
2014-05-14,19.775,2.9844185136537176,1.2752227798832338,1.2671602850237846,1.605695187941559,1.2671602850237846
2014-05-15,19.488,2.9697988915274864,-1.4513274336283133,-1.4619622126230998,2.1373335111378298,1.4619622126230998
2014-05-16,19.36,2.963209081848431,-0.6568144499178974,-0.6589809679055553,0.43425591606174246,0.6589809679055553
2014-05-19,19.346,2.962485679760355,-0.07231404958677468,-0.07234020880756774,0.005233105810322501,0.07234020880756774
2014-05-20,19.4,2.9652730660692823,0.27912746821048273,0.27873863089271883,0.07769522435194735,0.27873863089271883
2014-05-21,19.391,2.964809040900481,-0.046391752577323864,-0.046402516880154406,0.0021531935728130143,0.046402516880154406
2014-05-22,19.492,2.97000412498126,0.520860192872985,0.519508408077883,0.2698889860636162,0.519508408077883
2014-05-23,19.429,2.966766795260976,-0.32320952185512786,-0.3237329720283982,0.10480303717833964,0.3237329720283982
2014-05-26,19.438,2.9672299130812787,0.04632250759175616,0.04631178203031306,0.0021447811548232277,0.04631178203031306
2014-05-27,19.057,2.947434488146239,-1.9600781973454051,-1.979542493503991,3.918588483587998,1.979542493503991
2014-05-28,19.014,2.9451755499368386,-0.2256388728551162,-0.22589382094002175,0.05102801833888261,0.22589382094002175
2014-05-29,19.023,2.9456487733860044,0.04733354370463072,0.04732234491654867,0.0022394043284008,0.04732234491654867
2014-05-30,18.801,2.933910059910648,-1.1670083583031121,-1.17387134753562,1.3779739405650921,1.17387134753562
2014-06-02,18.75,2.9311937524164198,-0.2712621669060056,-0.2716307494228194,0.0737832640320025,0.2716307494228194
2014-06-03,18.807,2.9342291409599413,0.30399999999999316,0.30353885435212685,0.09213583610140168,0.30353885435212685
2014-06-04,18.8,2.9338568698359038,-0.03722018397404048,-0.037227112403751976,0.0013858578979215842,0.037227112403751976
2014-06-05,19.03,2.946016681308058,1.2234042553191493,1.2159811472154605,1.4786101503834272,1.2159811472154605
2014-06-06,19.019,2.945438479499524,-0.057803468208106334,-0.057820180853426835,0.003343173313922987,0.057820180853426835
2014-06-09,19.06,2.947591898226056,0.21557389978443808,0.21534187265321802,0.04637212211779477,0.21534187265321802
2014-06-10,19.187,2.954232966375962,0.6663168940189035,0.6641068149906147,0.4410378617169786,0.6641068149906147
2014-06-11,19.189,2.954337198187605,0.010423724396724232,0.010423181164322441,0.00010864270558428611,0.010423181164322441
2014-06-12,19.525,2.9716956957257494,1.7510031789045755,1.7358497538144315,3.0131743678176224,1.7358497538144315
2014-06-13,19.695,2.9803647964228692,0.8706786171575054,0.8669100697119687,0.7515330689680104,0.8669100697119687
2014-06-16,19.65,2.9780773383152703,-0.22848438690024064,-0.22874581075990807,0.05232464594020768,0.22874581075990807
2014-06-17,19.73,2.982140320034524,0.4071246819338459,0.4062981719253772,0.16507820450990338,0.4062981719253772
2014-06-18,19.88,2.989714201228428,0.7602635580334471,0.7573881193903955,0.57363676339372,0.7573881193903955
2014-06-19,20.792,3.0345682973391894,4.587525150905436,4.485409611076118,20.118899379134014,4.485409611076118
2014-06-20,20.844,3.0370661370469683,0.25009619084261914,0.2497839707778931,0.06239203205757136,0.2497839707778931
2014-06-23,20.866,3.0381210400457777,0.10554596046823406,0.10549029988093642,0.011128203368969894,0.10549029988093642
2014-06-24,20.914,3.040418791176397,0.23003929838014692,0.2297751130619465,0.0527966025826303,0.2297751130619465
2014-06-25,21.019,3.0454267905778427,0.5020560390169182,0.5007999401445835,0.25080058004881844,0.5007999401445835
2014-06-26,21.093,3.048941231885134,0.3520624197155042,0.35144413072911274,0.12351297702394168,0.35144413072911274
2014-06-27,20.993,3.044189048822185,-0.4740909306405028,-0.475218306294869,0.22583243863776392,0.475218306294869
2014-06-30,21.017,3.045331634045275,0.11432382222646975,0.11425852230899654,0.01305500992023546,0.11425852230899654
2014-07-01,21.02,3.045474365448805,0.014274159014138199,0.014273140352996115,0.00020372253553632607,0.014273140352996115
2014-07-02,21.15,3.0516399054922867,0.6184586108468171,0.6165540043481954,0.38013884027779454,0.6165540043481954
2014-07-03,21.131,3.05074115658479,-0.08983451536642706,-0.08987489074968033,0.008077495987266975,0.08987489074968033
2014-07-04,21.141,3.051214283012995,0.04732383701668841,0.047312642820481365,0.002238486170658447,0.047312642820481365
2014-07-07,21.037,3.0462827921518922,-0.4919351024076368,-0.49314908611028524,0.24319602113140953,0.49314908611028524
2014-07-08,21.026,3.045759767153639,-0.05228882445215133,-0.052302499825299956,0.0027355514879755017,0.052302499825299956
2014-07-09,21.113,3.049888964505946,0.4137734233805812,0.4129197352306841,0.17050270774297827,0.4129197352306841
2014-07-10,21.39,3.062923523094314,1.3119878747690938,1.3034558588368252,1.6989971759360456,1.3034558588368252
2014-07-11,21.419,3.0642783785890053,0.13557737260401215,0.1354855494690936,0.01835633411494221,0.1354855494690936
2014-07-14,20.905,3.0399883648085284,-2.3997385498856105,-2.4290013780476896,5.900047694557575,2.4290013780476896
2014-07-15,20.675,3.028925240909755,-1.1002152595072978,-1.1063123898773353,1.223927103996101,1.1063123898773353
2014-07-16,20.757,3.032883539184784,0.3966142684401541,0.3958298275028786,0.15668125234095862,0.3958298275028786
2014-07-17,21.139,3.051119675633549,1.8403430168135948,1.8236136448765157,3.3255667257798107,1.8236136448765157
2014-07-18,20.848,3.037258020382489,-1.3766024882917893,-1.3861655251059728,1.9214548629923174,1.3861655251059728
2014-07-21,20.913,3.0403709751723715,0.31178050652340694,0.3112954789882051,0.09690487523849603,0.3112954789882051
2014-07-22,20.934,3.041374631432692,0.10041600918089255,0.1003656260320708,0.01007325888880949,0.1003656260320708
2014-07-23,20.902,3.039844848172312,-0.15286137384159515,-0.15297832603800945,0.023402368237391523,0.15297832603800945
2014-07-24,20.369,3.0140141372320035,-2.54999521576883,-2.5830710940308594,6.672256276817781,2.5830710940308594
2014-07-25,20.707,3.0304718073578876,1.6593843585841261,1.6457670125884356,2.708549059724264,1.6457670125884356
2014-07-28,20.572,3.02393092791267,-0.6519534456946974,-0.6540879445217997,0.427831039168753,0.6540879445217997
2014-07-29,20.564,3.0235419741932583,-0.03888780867197239,-0.03889537194114558,0.001512849958440055,0.03889537194114558
2014-07-30,20.596,3.025096882183895,0.15561174868703453,0.15549079906367905,0.024177388593461413,0.15549079906367905
2014-07-31,20.381,3.0146030943042423,-1.0438920178675426,-1.0493787879652448,1.1011958406314062,1.0493787879652448
2014-08-01,20.325,3.0118516554338743,-0.2747657131642267,-0.27514388703681975,0.07570415857373022,0.27514388703681975
2014-08-04,20.153,3.003353160685352,-0.8462484624846223,-0.8498494748522137,0.7222441299065835,0.8498494748522137
2014-08-05,19.765,2.9839126967486487,-1.9252716717114038,-1.9440463936703252,3.7793163807425967,1.9440463936703252
2014-08-06,20.024,2.996931554129473,1.310397166708821,1.301885738082418,1.6949064750224023,1.301885738082418
2014-08-07,19.95,2.9932291433358724,-0.36955653216141915,-0.37024107936007566,0.13707845684571385,0.37024107936007566
2014-08-08,19.97,2.994231147427724,0.1002506265664227,0.10020040918514513,0.010040122000870516,0.10020040918514513
2014-08-11,20.005,2.995982242309198,0.1752628943415102,0.1751094881474482,0.0306633328392613,0.1751094881474482
2014-08-12,19.91,2.991222118076105,-0.47488127968007277,-0.47601242330933546,0.22658782714482598,0.47601242330933546
2014-08-13,19.814,2.9863887585508384,-0.48216976393772315,-0.4833359525266454,0.2336136430048396,0.4833359525266454
2014-08-14,19.874,2.9894123448091716,0.30281619057230813,0.30235862583329715,0.09142073861579979,0.30235862583329715
2014-08-15,19.616,2.976345559753801,-1.2981785247056399,-1.3066785055370667,1.707408716832582,1.3066785055370667
2014-08-18,19.62,2.976549454137217,0.02039151712887044,0.02038943834160906,0.0004157291958862776,0.02038943834160906
2014-08-19,19.423,2.966457930849996,-1.0040774719673906,-1.0091523287221342,1.0183884225653064,1.0091523287221342
2014-08-20,19.465,2.968617981062419,0.21623848015239755,0.21600502124232732,0.046658169201898275,0.21600502124232732
2014-08-21,19.43,2.9668182633893485,-0.17980991523246503,-0.17997176730702974,0.03238983702761566,0.17997176730702974
2014-08-22,19.47,2.968874819384108,0.20586721564590515,0.2056555994759567,0.042294225595815124,0.2056555994759567
2014-08-25,19.349,2.962640738553792,-0.6214689265536699,-0.6234080830316633,0.3886376379892132,0.6234080830316633
2014-08-26,19.356,2.9630024489310722,0.03617758023670703,0.0361710377280481,0.0013083439703238788,0.0361710377280481
2014-08-27,19.45,2.9678470700644555,0.48563752841495056,0.4844621133383068,0.23470353926021842,0.4844621133383068
2014-08-28,19.493,2.970055426764008,0.22107969151670126,0.22083566995525689,0.048768393124587146,0.22083566995525689
2014-08-29,19.47,2.968874819384108,-0.1179910737187706,-0.11806073798996301,0.013938337854734697,0.11806073798996301
2014-09-01,19.476,2.969182938320454,0.03081664098614212,0.030811893634624915,0.0009493727893514393,0.030811893634624915
2014-09-02,19.159,2.9527725791138555,-1.6276442801396618,-1.6410359206599172,2.692998892896142,1.6410359206599172
2014-09-03,19.17,2.9533465570575532,0.05741427005585553,0.057397794369786925,0.0032945067985163438,0.057397794369786925
2014-09-04,19.039,2.9464895069755395,-0.6833594157537815,-0.6857050082013685,0.4701913582724388,0.6857050082013685
2014-09-05,19.191,2.9544414191361104,0.7983612584694377,0.7951912160570631,0.6323290700943108,0.7951912160570631
2014-09-08,19.017,2.945333315970139,-0.9066750039080751,-0.9108103165971165,0.8295754328197397,0.9108103165971165
2014-09-09,19.052,2.947172082938614,0.1840458537098355,0.1838766968474897,0.033810639643543625,0.1838766968474897
2014-09-10,18.959,2.9422787528199015,-0.4881377283224908,-0.4893330118712698,0.23944679650700829,0.4893330118712698
2014-09-11,18.694,2.928202616760392,-1.3977530460467347,-1.407613605950965,1.9813760636582785,1.407613605950965
2014-09-12,18.644,2.9255243785104943,-0.2674654969508916,-0.2678238249897153,0.07172960123212165,0.2678238249897153
2014-09-15,18.667,2.92675725905046,0.12336408496032014,0.12328805399654076,0.015199944258253951,0.12328805399654076
2014-09-16,18.702,2.928630470013255,0.1874966518454979,0.1873210962795177,0.03508919311136034,0.1873210962795177
2014-09-17,18.53,2.9193910402972683,-0.9196877339322063,-0.9239429715986686,0.853670614766578,0.9239429715986686
2014-09-18,18.522,2.918959214748077,-0.04317323259580563,-0.0431825549191316,0.001864733049343817,0.0431825549191316
2014-09-19,17.895,2.884521344217989,-3.3851635892452214,-3.4437870530088115,11.859669266471114,3.4437870530088115
2014-09-22,17.736,2.8755964723140104,-0.8885163453478562,-0.892487190397872,0.7965333850242875,0.892487190397872
2014-09-23,17.788,2.87852407264845,0.2931889941362176,0.2927600334439648,0.08570843718211138,0.2927600334439648
2014-09-24,17.687,2.872829906452657,-0.5677985158533794,-0.5694166195793352,0.3242352866531574,0.5694166195793352
2014-09-25,17.516,2.863114748939152,-0.9668117826652556,-0.9715157513504905,0.9438428551221081,0.9715157513504905
2014-09-26,17.624,2.869261609500042,0.616579127654715,0.6146860560890071,0.37783894755025793,0.6146860560890071
2014-09-29,17.486,2.861400560758699,-0.783023150249651,-0.7861048741342676,0.6179608731376526,0.7861048741342676
2014-09-30,16.962,2.8309755479395085,-2.9966830607343065,-3.0425012819190993,9.256814050479363,3.0425012819190993
2014-10-01,17.165,2.8428724269096555,1.1967928310340659,1.1896878970146985,1.4153572923032558,1.1896878970146985
2014-10-02,17.099,2.839019982266456,-0.38450334983978207,-0.38524446431993875,0.14841329728915656,0.38524446431993875
2014-10-03,16.808,2.8218549635426995,-1.7018539095853602,-1.716501872375666,2.946378677869167,1.716501872375666
2014-10-06,17.323,2.852035098296804,3.064017134697772,3.0180134754104633,9.108405337759143,3.0180134754104633
2014-10-07,17.175,2.8434548381084133,-0.8543554811522247,-0.8580260188390799,0.7362086490048412,0.8580260188390799
2014-10-08,17.365,2.854456686196037,1.1062590975254638,1.1001848087624213,1.2104066134316056,1.1001848087624213
2014-10-09,17.36,2.854168709232204,-0.028793550244743393,-0.028797696383321306,0.0008293073169859571,0.028797696383321306
2014-10-10,17.347,2.853419580779272,-0.0748847926267171,-0.07491284529321256,0.005611934389924799,0.07491284529321256
2014-10-13,17.475,2.860771288119874,0.7378797486597088,0.7351707340602062,0.5404760082186224,0.7351707340602062
2014-10-14,17.375,2.8550323914508557,-0.5722460658083017,-0.5738896669018166,0.32934934977667807,0.5738896669018166
2014-10-15,17.455,2.8596261405569994,0.46043165467624103,0.4593749106143348,0.21102530850192808,0.4593749106143348
2014-10-16,17.38,2.8553201198372458,-0.4296763105127388,-0.43060207197532935,0.1854181443894467,0.43060207197532935
2014-10-17,17.275,2.8492603696537335,-0.6041426927502869,-0.6059750183512378,0.36720572286578296,0.6059750183512378
2014-10-20,17.427,2.8580207276785052,0.879884225759775,0.8760358024771613,0.767438727221804,0.8760358024771613
2014-10-21,17.5,2.8622008809294686,0.41889022780743357,0.41801532509633116,0.17473681201539143,0.41801532509633116
2014-10-22,17.15,2.8419981736119486,-2.000000000000013,-2.020270731751958,4.081493829573592,2.020270731751958
2014-10-23,17.18,2.8437459165561094,0.1749271137026387,0.17477429441605385,0.030546053988629474,0.17477429441605385
2014-10-24,17.188,2.8442114659127484,0.046565774155982176,0.04655493566392307,0.002167362034672016,0.04655493566392307
2014-10-27,17.118,2.840130541459418,-0.407260879683502,-0.40809244533307487,0.16653944393792872,0.40809244533307487
2014-10-28,17.202,2.845025656129288,0.490711531721022,0.4895114669870103,0.23962147631177488,0.4895114669870103
2014-10-29,17.105,2.839370818429568,-0.5638879200093094,-0.5654837699719866,0.3197718941017306,0.5654837699719866
2014-10-30,16.511,2.8040268254496956,-3.472668810289392,-3.5343992979872585,12.491978397612826,3.5343992979872585
2014-10-31,16.154,2.7821676970201046,-2.162194900369452,-2.185912842959089,4.778214957013486,2.185912842959089
2014-11-03,16.14,2.7813006628418027,-0.08666584127769994,-0.08670341783018072,0.0075174826634349,0.08670341783018072
2014-11-04,16.016,2.7735882225728647,-0.7682775712515633,-0.7712440268938112,0.5948173490193818,0.7712440268938112
2014-11-05,15.323,2.729354967596039,-4.3269230769230616,-4.423325497682542,19.565808458448505,4.423325497682542
2014-11-06,15.405,2.734692132048631,0.5351432487110896,0.5337164452592069,0.284853243940124,0.5337164452592069
2014-11-07,15.732,2.755696854569563,2.122687439143145,2.100472252093195,4.411983681813459,2.100472252093195
2014-11-10,15.6,2.747270914255491,-0.8390541571319576,-0.8425940314071712,0.7099647017629889,0.8425940314071712
2014-11-11,15.705,2.75397913299061,0.6730769230769207,0.6708218735118483,0.4500019859819462,0.6708218735118483
2014-11-12,15.678,2.7522584557665306,-0.17191977077363196,-0.17206772240793625,0.029607301094654606,0.17206772240793625
2014-11-13,15.645,2.7501513771208455,-0.21048603138156263,-0.21070786456850646,0.04439780419102006,0.21070786456850646
2014-11-14,16.296,2.7909196789245048,4.1610738255033475,4.076830180365915,16.620544319542383,4.076830180365915
2014-11-17,16.138,2.7811767394263147,-0.9695630829651303,-0.9742939498189727,0.9492487006538548,0.9742939498189727
2014-11-18,16.185,2.784084887378208,0.29123807163216053,0.2908147951892732,0.08457324510097894,0.2908147951892732
2014-11-19,16.13,2.7806808921371173,-0.33982082174852657,-0.340399524109012,0.11587183601364183,0.340399524109012
2014-11-20,16.26,2.7887081041196646,0.8059516429014479,0.8027211982547258,0.6443613221275027,0.8027211982547258
2014-11-21,16.45,2.800325477211381,1.1685116851168464,1.1617373091716319,1.3496335755213438,1.1617373091716319
2014-11-24,16.46,2.800933195248924,0.06079027355623268,0.06077180375428715,0.00369321213154959,0.06077180375428715
2014-11-25,16.66,2.8130106367386967,1.2150668286755817,1.2077441489772922,1.4586459293888838,1.2077441489772922
2014-11-26,16.5,2.803360380906535,-0.9603841536614643,-0.9650255832161704,0.9312743762617098,0.9650255832161704
2014-11-27,16.215,2.7859367397592814,-1.7272727272727328,-1.7423641147253692,3.0358327082827197,1.7423641147253692
2014-11-28,15.53,2.7427736371605955,-4.224483502929388,-4.316310259868561,18.630534259446605,4.316310259868561
2014-12-01,16.42,2.7985001040242823,5.730843528654228,5.572646686368656,31.05439109109556,5.572646686368656
2014-12-02,16.428,2.7989871960943122,0.04872107186357777,0.048709207002995164,0.002372586846860633,0.048709207002995164
2014-12-03,16.395,2.7969764102966117,-0.20087655222791323,-0.2010785797700669,0.04043259524234716,0.2010785797700669
2014-12-04,16.435,2.799413207116183,0.24397682220187455,0.24367968195709924,0.05937978739871304,0.24367968195709924
2014-12-05,16.27,2.7893229212309465,-1.003954974140553,-1.0090285885236292,1.0181386924579874,1.0090285885236292
2014-12-08,16.338,2.7934936829196775,0.41794714197911365,0.4170761688731226,0.1739525306418815,0.4170761688731226
2014-12-09,17.045,2.8358569055898664,4.327335047129388,4.236322267018884,17.946426350040014,4.236322267018884
2014-12-10,17.04,2.8355635214011694,-0.029334115576429287,-0.029338418869688465,0.0008607428217732922,0.029338418869688465
2014-12-11,17.05,2.8361502037295256,0.058685446009398845,0.05866823283562153,0.0034419615440547005,0.05866823283562153
2014-12-12,16.99,2.8326249356838407,-0.35190615835778427,-0.35252680456852714,0.12427514793929653,0.35252680456852714
2014-12-15,16.16,2.7825390530929495,-4.885226603884629,-5.008588259089124,25.08595634908542,5.008588259089124
2014-12-16,15.74,2.756205242989257,-2.5990099009901013,-2.6333810103692175,6.9346955457732005,2.6333810103692175
2014-12-17,15.733,2.755760417258286,-0.04447268106734237,-0.04448257309709157,0.0019786993093380946,0.04448257309709157
2014-12-18,15.84,2.7625383863862796,0.6800991546431101,0.6777969127993596,0.45940865500034267,0.6777969127993596
2014-12-19,16.02,2.7738379416402132,1.1363636363636243,1.1299555253933247,1.2767994893669043,1.1299555253933247
2014-12-22,15.66,2.751109690562657,-2.2471910112359494,-2.2728251077556063,5.1657339704442835,2.2728251077556063
2014-12-23,15.747,2.7566498709382725,0.5555555555555536,0.5540180375615351,0.30693598594353455,0.5540180375615351
2014-12-24,15.75,2.7568403652716422,0.019051247856727294,0.01904943333695825,0.00036288091045921637,0.01904943333695825
2014-12-26,16.026,2.774212403355879,1.7523809523809497,1.737203808423672,3.0178770720017103,1.737203808423672
2014-12-29,15.79,2.7593768282675506,-1.4726070136029001,-1.4835575088328143,2.200942882014226,1.4835575088328143
2014-12-30,16.287,2.7903672435914237,3.1475617479417295,3.0990415323872944,9.60405841946139,3.0990415323872944
2014-12-31,15.67,2.7517480563679295,-3.7882974151163484,-3.8619187223494245,14.914416218033011,3.8619187223494245
2015-01-02,15.778,2.7586165646728977,0.6892150606254033,0.6868508304968448,0.47176406335420545,0.6868508304968448
2015-01-05,16.182,2.7838995133856477,2.5605273165166587,2.528294871274995,6.392274956115444,2.528294871274995
2015-01-06,16.525,2.80487438573775,2.1196391051785834,2.097487235210197,4.399452701869717,2.097487235210197
2015-01-07,16.52,2.804571768092832,-0.030257186081683596,-0.030261764491786837,0.0009157743901563706,0.030261764491786837
2015-01-08,16.355,2.7945336609903473,-0.9987893462469644,-1.0038107102484684,1.0076359420095344,1.0038107102484684
2015-01-09,16.453,2.800507831404513,0.599205136044012,0.5974170414165686,0.35690712137492603,0.5974170414165686
2015-01-12,16.565,2.807292035751859,0.6807269191029031,0.6784204347346193,0.4602542862655099,0.6784204347346193
2015-01-13,17.036,2.8353287520609673,2.843344400845149,2.803671630910781,7.8605746139739185,2.803671630910781
2015-01-14,16.805,2.821676461177069,-1.3559521014322673,-1.3652290883898133,1.8638504637856805,1.3652290883898133
2015-01-15,16.925,2.8287918187983387,0.7140731925022292,0.7115357621269683,0.5062831407856057,0.7115357621269683
2015-01-16,17.68,2.8724340572094973,4.4608567208271666,4.364223841115857,19.046449735364046,4.364223841115857
2015-01-19,17.66,2.8713021951758138,-0.11312217194570096,-0.11318620336834176,0.01281111663293962,0.11318620336834176
2015-01-20,17.965,2.8884254205654822,1.7270668176670334,1.712322538966799,2.932048477453705,1.712322538966799
2015-01-21,18.095,2.895635657015706,0.7236292791539034,0.7210236450223636,0.5198750966813354,0.7210236450223636
2015-01-22,18.29,2.906354462402774,1.0776457584968258,1.0718805387068604,1.1489278892585093,1.0718805387068604
2015-01-23,18.29,2.906354462402774,0.0,0.0,0.0,0.0
2015-01-26,17.89,2.884241897520628,-2.1869874248222954,-2.2112564882146417,4.88965525667135,2.2112564882146417
2015-01-27,18.03,2.8920370372152258,0.7825600894354467,0.779513969459819,0.6076420285830036,0.779513969459819
2015-01-28,17.955,2.887868627678046,-0.4159733777038377,-0.4168409537179849,0.17375638069651925,0.4168409537179849
2015-01-29,16.915,2.8282008022326717,-5.792258423837371,-5.966782544537437,35.60249393379665,5.966782544537437
2015-01-30,17.23,2.8466520505398383,1.8622524386639139,1.8451248307166515,3.4044856409271516,1.8451248307166515
2015-02-02,17.2,2.8449093838194073,-0.17411491584445882,-0.174266672043091,0.03036887298497423,0.174266672043091
2015-02-03,17.278,2.8494340159366924,0.45348837209302495,0.4524632117285084,0.204722957967677,0.4524632117285084
2015-02-04,17.35,2.8535925063928684,0.41671489755761293,0.4158490456176025,0.17293042874107084,0.4158490456176025
2015-02-05,17.225,2.8463618168997225,-0.7204610951008661,-0.7230689493145948,0.522828705462912,0.7230689493145948
2015-02-06,16.725,2.816904606014292,-2.9027576197387495,-2.9457210885430096,8.677272731487014,2.9457210885430096
2015-02-09,16.977,2.8318594868284963,1.506726457399088,1.4954880814204174,2.2364846016705213,1.4954880814204174
2015-02-10,16.89,2.826721730819709,-0.5124580314543214,-0.5137756008787775,0.26396536805834886,0.5137756008787775
2015-02-11,16.79,2.8207834710894493,-0.5920663114268865,-0.5938259730259321,0.352629286240195,0.5938259730259321
2015-02-12,16.83,2.8231630082027146,0.2382370458606342,0.2379537113265216,0.056621968734065574,0.2379537113265216
2015-02-13,17.26,2.848391685655282,2.5549613784908054,2.5228677452567396,6.3648616600568255,2.5228677452567396
2015-02-16,17.275,2.8492603696537335,0.08690614136730446,0.08686839984515188,0.007546118891657183,0.08686839984515188
2015-02-17,16.49,2.8027541365715076,-4.544138929088282,-4.6506233082226105,21.628297154983418,4.6506233082226105
2015-02-18,16.475,2.801844080388571,-0.0909642207398198,-0.09100561829363925,0.008282022561007567,0.09100561829363925
2015-02-19,16.355,2.7945336609903473,-0.7283763277693533,-0.7310419398223742,0.5344223177792597,0.7310419398223742
2015-02-20,16.21,2.785628335747585,-0.8865790278202335,-0.8905325242762447,0.7930481767938204,0.8905325242762447
2015-02-23,16.295,2.790858312289525,0.5243676742751502,0.5229976541940243,0.27352654629245227,0.5229976541940243
2015-02-24,16.275,2.789630188094633,-0.1227370359005997,-0.12281241948920923,0.0150828903807935,0.12281241948920923
2015-02-25,16.53,2.805176911832933,1.5668202764977046,1.5546723738299957,2.417006189950194,1.5546723738299957
2015-02-26,16.531,2.805237406070875,0.006049606775548888,0.006049423794217925,3.6595528242049994e-05,0.006049423794217925
2015-02-27,16.55,2.806386101823072,0.11493557558528433,0.11486957521970131,0.013195019311154618,0.11486957521970131
2015-03-02,16.36,2.794839331174601,-1.148036253776441,-1.1546770648470972,1.3332791240839075,1.1546770648470972
2015-03-03,16.26,2.7887081041196646,-0.6112469437652646,-0.6131227054936297,0.37591945199182814,0.6131227054936297
2015-03-04,16.217,2.7860600747372373,-0.26445264452645834,-0.26480293824273254,0.07012059610198443,0.26480293824273254
2015-03-05,16.18,2.7837759116303458,-0.22815563914410086,-0.22841631068916354,0.05217401098884849,0.22841631068916354
2015-03-06,15.85,2.7631695003232895,-2.0395550061804713,-2.0606411307056023,4.246241869555663,2.0606411307056023
2015-03-09,15.73,2.7555697170701863,-0.7570977917981003,-0.7599783253103095,0.5775670549414627,0.7599783253103095
2015-03-10,15.62,2.7485521444115397,-0.6993006993007089,-0.7017572658646647,0.4924632601938497,0.7017572658646647
2015-03-11,15.495,2.7405173912397114,-0.8002560819462268,-0.8034753171828387,0.6455725853220633,0.8034753171828387
2015-03-12,15.57,2.745345985845907,0.4840271055179146,0.4828594606195457,0.2331532587097986,0.4828594606195457
2015-03-13,15.61,2.7479117345273405,0.25690430314706525,0.25657486814336095,0.06583066296278306,0.25657486814336095
2015-03-16,15.62,2.7485521444115397,0.06406149903908087,0.06404098841992446,0.004101248197800899,0.06404098841992446
2015-03-17,15.55,2.744060638625243,-0.4481434058898781,-0.44915057862966995,0.20173624228336734,0.44915057862966995
2015-03-18,15.9,2.766319109226186,2.2508038585209,2.22584706009427,4.954395134930304,2.22584706009427
2015-03-19,16.144,2.781548463611253,1.5345911949685487,1.5229354385067253,2.3193323498596716,1.5229354385067253
2015-03-20,16.74,2.817801065061329,3.6917740336967375,3.625260145007619,13.142511118980664,3.625260145007619
2015-03-23,17.01,2.8338014064077703,1.6129032258064724,1.6000341346441338,2.5601092320264023,1.6000341346441338
2015-03-24,16.98,2.8320361808832013,-0.17636684303351524,-0.17652255245691922,0.031160211525905798,0.17652255245691922
2015-03-25,16.98,2.8320361808832013,0.0,0.0,0.0,0.0
2015-03-26,17.094,2.838727524743826,0.6713780918727874,0.6691343860624944,0.4477408266112313,0.6691343860624944
2015-03-27,16.95,2.830267833826459,-0.8424008424008589,-0.8459690917367141,0.715663704173841,0.8459690917367141
2015-03-30,16.705,2.8157080758087196,-1.4454277286135797,-1.4559758017739515,2.119865535351301,1.4559758017739515
2015-03-31,16.655,2.812710471645643,-0.2993115833582638,-0.29976041630767597,0.0898563071849512,0.29976041630767597
2015-04-01,16.96,2.830857630363757,1.8312818973281297,1.8147158718114036,3.2931936954042227,1.8147158718114036
2015-04-02,16.78,2.8201877010390604,-1.0613207547169767,-1.0669929324696852,1.138473917940258,1.0669929324696852
2015-04-06,16.995,2.8329191831480793,1.2812872467222958,1.2731482109019283,1.620906366922781,1.2731482109019283
2015-04-07,16.85,2.8243506567983707,-0.8531921153280386,-0.8568526349708607,0.7341964380565071,0.8568526349708607
2015-04-08,16.545,2.8060839413735756,-1.8100890207715103,-1.8266715424795215,3.336728924104514,1.8266715424795215
2015-04-09,16.18,2.7837759116303458,-2.2061045633121945,-2.230802974323001,4.976481910248348,2.230802974323001
2015-04-10,16.5,2.803360380906535,1.977750309023496,1.9584469276189393,3.835514368300063,1.9584469276189393
2015-04-13,16.277,2.7897530684093614,-1.351515151515148,-1.3607312497173725,1.8515895339574022,1.3607312497173725
2015-04-14,16.145,2.7816104042102383,-0.810960250660453,-0.8142664199122747,0.6630298025967528,0.8142664199122747
2015-04-15,16.34,2.7936160894318567,1.2078042737689643,1.2005685221618243,1.4413647764058268,1.2005685221618243
2015-04-16,16.306,2.791533138240719,-0.20807833537330733,-0.20829511911376733,0.04338685664661852,0.20829511911376733
2015-04-17,16.27,2.7893229212309465,-0.22077762786705257,-0.22102170097727217,0.048850592302886714,0.22102170097727217
2015-04-20,15.975,2.7710250002635983,-1.8131530424093434,-1.829792096734794,3.3481391172731136,1.829792096734794
2015-04-21,16.025,2.7741500028067336,0.3129890453833939,0.3125002543135059,0.09765640894600587,0.3125002543135059
2015-04-22,15.81,2.7606426512213806,-1.341653666146636,-1.3507351585352987,1.8244854685033784,1.3507351585352987
2015-04-23,15.89,2.7656899805486246,0.5060088551549713,0.5047329327244023,0.2547553333765761,0.5047329327244023
2015-04-24,15.74,2.756205242989257,-0.9439899307740696,-0.9484737559367422,0.8996024657007509,0.9484737559367422
2015-04-27,16.41,2.7978909051019993,4.256670902160109,4.168566211274243,17.376944257777296,4.168566211274243
2015-04-28,16.64,2.8118094353930627,1.4015843997562394,1.3918530291062938,1.9372548546323656,1.3918530291062938
2015-04-29,16.57,2.8075938314384716,-0.42067307692308376,-0.4215603954591059,0.17771316701963774,0.4215603954591059
2015-04-30,16.15,2.7819200496686656,-2.5347012673506475,-2.567378176980614,6.5914307036363,2.567378176980614
2015-05-01,16.16,2.7825390530929495,0.06191950464398133,0.06190034242839584,0.0038316523927526616,0.06190034242839584
2015-05-04,16.42,2.7985001040242823,1.6089108910891214,1.5961050931332967,2.54755146832605,1.5961050931332967
2015-05-05,16.57,2.8075938314384716,0.9135200974421442,0.9093727414189385,0.8269587828357956,0.9093727414189385
2015-05-06,16.54,2.805781689595545,-0.18105009052504784,-0.1812141842926314,0.03283858058884377,0.1812141842926314
2015-05-07,16.337,2.7934324740443714,-1.2273276904473995,-1.234921555117373,1.5250312472935106,1.234921555117373
2015-05-08,16.486,2.802511535891036,0.9120401542510814,0.9079061846664205,0.8242936401555364,0.9079061846664205
2015-05-11,16.34,2.7936160894318567,-0.8855999029479644,-0.8895446459179036,0.7912896770812085,0.8895446459179036
2015-05-12,16.546,2.806144380767991,1.260709914320679,1.2528291336134263,1.5695808380305682,1.2528291336134263
2015-05-13,17.12,2.840247370713596,3.4691164027559562,3.4102989945604922,11.630139232300305,3.4102989945604922
2015-05-14,17.47,2.8604851241459652,2.04439252336448,2.0237753432369097,4.095666639893672,2.0237753432369097
2015-05-15,17.54,2.864483986944037,0.400686891814539,0.3998862798071783,0.15990903677802487,0.3998862798071783
2015-05-18,17.71,2.8741294517947424,0.9692132269099263,0.9645464850705251,0.9303499218619047,0.9645464850705251
2015-05-19,17.105,2.839370818429568,-3.4161490683229823,-3.475863336517418,12.081625934145997,3.475863336517418
2015-05-20,17.13,2.8408313123360287,0.14615609470913782,0.1460493906460424,0.021330424508080294,0.1460493906460424
2015-05-21,17.158,2.8424645371507737,0.16345592527731156,0.16332248147451517,0.02667423295499335,0.16332248147451517
2015-05-22,17.09,2.8384934971274993,-0.3963165870148111,-0.3971040023274043,0.1576915886644431,0.3971040023274043
2015-05-25,17.15,2.8419981736119486,0.3510825043885335,0.3504676484449422,0.1228275726065276,0.3504676484449422
2015-05-26,16.765,2.819293379918192,-2.244897959183667,-2.2704793693756993,5.155076566760673,2.2704793693756993
2015-05-27,16.695,2.815109273395618,-0.41753653444676075,-0.4184106522573985,0.17506747392246164,0.4184106522573985
2015-05-28,16.7,2.8154087194227095,0.029949086552849558,0.029944602709147287,0.000896679231408671,0.029944602709147287
2015-05-29,16.73,2.8172035149987327,0.1796407185628901,0.1794795576023339,0.03221291159712949,0.1794795576023339
2015-06-01,16.763,2.819174076649141,0.19725044829648208,0.1970561650408271,0.03883113218059769,0.1970561650408271
2015-06-02,16.777,2.8200089007882636,0.08351727017836819,0.08348241391226248,0.006969313432618316,0.08348241391226248
2015-06-03,16.525,2.80487438573775,-1.50205638671993,-1.5134515050513597,2.290535458142226,1.5134515050513597
2015-06-04,16.13,2.7806808921371173,-2.390317700453859,-2.4193493600632503,5.853251326038459,2.4193493600632503
2015-06-05,16.1,2.7788192719904172,-0.18598884066954868,-0.18616201467000698,0.0346562957059959,0.18616201467000698
2015-06-08,15.98,2.7713379403381286,-0.7453416149068359,-0.7481331652288741,0.5597032329153738,0.7481331652288741
2015-06-09,15.97,2.770711962226921,-0.06257822277847547,-0.06259781112075664,0.0039184859571099245,0.06259781112075664
2015-06-10,16.052,2.77583345240467,0.5134627426424565,0.5121490177749245,0.2622966164078199,0.5121490177749245
2015-06-11,16.064,2.7765807435093186,0.07475703962123159,0.07472911046484049,0.005584439950866332,0.07472911046484049
2015-06-12,15.97,2.770711962226921,-0.585159362549792,-0.5868781282397536,0.3444259374061967,0.5868781282397536
2015-06-15,16.091,2.778260109477013,0.757670632435814,0.7548147250092031,0.5697452690907189,0.7548147250092031
2015-06-16,16.03,2.7744619666214616,-0.37909390342427685,-0.3798142855551567,0.14425889151177412,0.3798142855551567
2015-06-17,16.14,2.7813006628418027,0.6862133499688117,0.6838696220341185,0.46767765994108806,0.6838696220341185
2015-06-18,16.17,2.783157673589016,0.18587360594797264,0.18570107472129108,0.03448488915264253,0.18570107472129108
2015-06-19,16.13,2.7806808921371173,-0.24737167594311993,-0.24767814518981388,0.06134446360466652,0.24767814518981388
2015-06-22,16.19,2.784393767689544,0.3719776813391418,0.3712875552426489,0.13785444867806304,0.3712875552426489
2015-06-23,15.86,2.7638002162067017,-2.0382952439777724,-2.059355148284192,4.240943626764607,2.059355148284192
2015-06-24,15.9,2.766319109226186,0.2522068095838659,0.25188930194839865,0.06344822043605154,0.25188930194839865
2015-06-25,15.866,2.764178454879811,-0.213836477987428,-0.2140654346374718,0.04582401030652971,0.2140654346374718
2015-06-26,15.81,2.7606426512213806,-0.35295600655489423,-0.35358036584305097,0.12501907510970575,0.35358036584305097
2015-06-29,15.768,2.757982569850419,-0.2656546489563594,-0.26600813709615967,0.07076032900136928,0.26600813709615967
2015-06-30,15.7295,2.7555379301695657,-0.24416539827499806,-0.24446396808536627,0.05976263169204298,0.24446396808536627
2015-07-01,15.585,2.7463089132193006,-0.9186560284815126,-0.9229016950265087,0.8517475386828027,0.9229016950265087
2015-07-02,15.7,2.7536607123542622,0.7378889958293167,0.7351799134961903,0.5404895052082658,0.7351799134961903
2015-07-03,15.706,2.754042804952683,0.03821656050955191,0.03820925984204946,0.0014599475376772535,0.03820925984204946
2015-07-06,15.76,2.757475084429733,0.3438176493059997,0.34322794770501963,0.11780542408579969,0.34322794770501963
2015-07-07,15.08,2.71336936257981,-4.314720812182737,-4.410572184992302,19.453146999027766,4.410572184992302
2015-07-08,15.14,2.717340248009303,0.3978779840848823,0.39708854294927204,0.15767931094157586,0.39708854294927204
2015-07-09,15.42,2.7356653681351832,1.8494055482166427,1.8325120125880696,3.3581002762795773,1.8325120125880696
2015-07-10,15.58,2.7459880404426023,1.037613488975353,1.0322672307418739,1.0655756356634971,1.0322672307418739
2015-07-13,15.52,2.7421295147550726,-0.38510911424903815,-0.38585256875295226,0.14888220481325176,0.38585256875295226
2015-07-14,15.382,2.733197994634862,-0.8891752577319556,-0.8931520120210593,0.7977205165772665,0.8931520120210593
2015-07-15,15.11,2.715356776284648,-1.7683006111038901,-1.7841218350213892,3.183090722200089,1.7841218350213892
2015-07-16,15.017,2.7091828926981436,-0.6154864328259402,-0.6173883586504503,0.381168385397097,0.6173883586504503
2015-07-17,14.9,2.7013612129514133,-0.7791170007324988,-0.7821679746730169,0.6117867406040892,0.7821679746730169
2015-07-20,14.69,2.6871669901857858,-1.4093959731543704,-1.41942227656276,2.014759599202608,1.41942227656276
2015-07-21,14.848,2.697865176043845,1.0755616065350582,1.0698185858058826,1.1445118065356987,1.0698185858058826
2015-07-22,14.82,2.695977619867941,-0.18857758620689502,-0.18875561759039156,0.03562868317193013,0.18875561759039156
2015-07-23,14.68,2.6864860231863696,-0.9446693657220062,-0.9491596681571396,0.9009040756561714,0.9491596681571396
2015-07-24,14.68,2.6864860231863696,0.0,0.0,0.0,0.0
2015-07-27,14.56,2.67827804276854,-0.8174386920980825,-0.8207980417829509,0.6737094253947268,0.8207980417829509
2015-07-28,14.686,2.6868946590294187,0.8653846153846123,0.8616616260878797,0.742460757872409,0.8616616260878797
2015-07-29,14.82,2.695977619867941,0.912433610241048,0.9082960838522112,0.825001775941263,0.9082960838522112
2015-07-30,14.758,2.6917853086361747,-0.41835357624832037,-0.41923112317660005,0.17575473463991362,0.41923112317660005
2015-07-31,14.74,2.6905648867611904,-0.1219677463070834,-0.12204218749843138,0.014894295529402279,0.12204218749843138
2015-08-03,14.526,2.6759401471839763,-1.4518317503392164,-1.4624739577214143,2.138830077013337,1.4624739577214143
2015-08-04,14.6,2.681021528714291,0.5094313644499415,0.5081381530314215,0.25820438256618433,0.5081381530314215
2015-08-05,14.603,2.6812269870583343,0.02054794520547354,0.02054583440435859,0.0004221313113713251,0.02054583440435859
2015-08-06,14.657,2.6849180370451635,0.3697870300623185,0.3691049986829219,0.13623850005271979,0.3691049986829219
2015-08-07,14.78,2.6932749155200555,0.8391894657842514,0.8356878474891968,0.698374178441127,0.8356878474891968
2015-08-10,15.24,2.7239235502585,3.11231393775373,3.0648634738444582,9.393388113305921,3.0648634738444582
2015-08-11,15.365,2.732092195582448,0.820209973753272,0.8168645323947674,0.667267664284522,0.8168645323947674
2015-08-12,15.54,2.7434173449395014,1.1389521640090994,1.1325149357053284,1.282590079595644,1.1325149357053284
2015-08-13,15.43,2.7363136663750693,-0.707850707850699,-0.7103678564431822,0.5046224914676816,0.7103678564431822
2015-08-14,15.24,2.7239235502585,-1.2313674659753748,-1.2390116116569279,1.5351497738206978,1.2390116116569279
2015-08-17,15.33,2.7298116928837226,0.5905511811023612,0.5888142625222531,0.3467022357496248,0.5888142625222531
2015-08-18,14.89,2.7006898466959175,-2.8701891715590344,-2.912184618780514,8.480819253861807,2.912184618780514
2015-08-19,15.32,2.729159164312445,2.887844190732025,2.846931761652753,8.105020455507248,2.846931761652753
2015-08-20,15.57,2.745345985845907,1.6318537859007831,1.618682153346172,2.6201319135614,1.618682153346172
2015-08-21,15.29,2.727199019940971,-1.7983301220295567,-1.8146965904936159,3.293123715549154,1.8146965904936159
2015-08-24,14.81,2.6953026282797072,-3.139306736429026,-3.1896391661263386,10.173798010087124,3.1896391661263386
2015-08-25,14.71,2.688527534613346,-0.6752194463200523,-0.6775093666361247,0.45901894187968284,0.6775093666361247
2015-08-26,14.135,2.6486539911455536,-3.9089055064581935,-3.9873543467792505,15.898994686779384,3.9873543467792505
2015-08-27,14.51,2.6748380668960965,2.652989034311992,2.618407575054282,6.856058229101645,2.618407575054282
2015-08-28,14.591,2.6804049002818853,0.5582356995175619,0.5566833385788758,0.3098963394513232,0.5566833385788758
2015-08-31,14.63,2.683074215032033,0.267288054280046,0.26693147501476866,0.07125241235356007,0.26693147501476866
2015-09-01,14.61,2.681706225762608,-0.13670539986330166,-0.13679892694248977,0.01871394641261665,0.13679892694248977
2015-09-02,14.678,2.686349774122871,0.465434633812456,0.46435483602629307,0.21562541374100552,0.46435483602629307
2015-09-03,14.72,2.6892071133007303,0.2861425262297379,0.2857339177859185,0.08164387177329004,0.2857339177859185
2015-09-04,14.59,2.6803363625346943,-0.8831521739130488,-0.8870750766035955,0.7869021915312748,0.8870750766035955
2015-09-07,14.495,2.673803762373619,-0.6511309115832753,-0.6532600161075451,0.42674864864483014,0.6532600161075451
2015-09-08,14.795,2.694289285852173,2.0696791997240505,2.048552347855423,4.196566721903967,2.048552347855423
2015-09-09,14.61,2.681706225762608,-1.250422440013521,-1.2583060089564888,1.5833340121760073,1.2583060089564888
2015-09-10,14.71,2.688527534613346,0.6844626967830392,0.6821308850738174,0.4653025443715894,0.6821308850738174
2015-09-11,14.63,2.683074215032033,-0.5438477226376581,-0.5453319581313175,0.29738694455933706,0.5453319581313175
2015-09-14,14.43,2.6693093727857793,-1.36705399863295,-1.3764842246253477,1.8947088206424447,1.3764842246253477
2015-09-15,14.42,2.668616131856803,-0.06930006930007115,-0.06932409289765051,0.004805829856082079,0.06932409289765051
2015-09-16,14.93,2.703372611551099,3.5367545076282925,3.4756479694295983,12.08012880740009,3.4756479694295983
2015-09-17,15.14,2.717340248009303,1.406563965170804,1.396763645820377,1.9509486822854314,1.396763645820377
2015-09-18,15.17,2.719319793360441,0.19815059445178473,0.19795453511381764,0.039185997972127656,0.19795453511381764
2015-09-21,15.2,2.7212954278522306,0.19775873434408897,0.19756344917897117,0.039031316451491924,0.19756344917897117
2015-09-22,14.77,2.6925980965432883,-2.828947368421053,-2.8697331308942275,8.235368242551985,2.8697331308942275
2015-09-23,14.79,2.6939512767227085,0.13540961408260443,0.13531801794200435,0.01831096597975261,0.13531801794200435
2015-09-24,15.15,2.7180005319553784,2.4340770791075217,2.4049255232669884,5.783666772460998,2.4049255232669884
2015-09-25,15.09,2.7140322727797574,-0.3960396039603964,-0.3968259175620622,0.15747080884897258,0.3968259175620622
2015-09-28,14.6,2.681021528714291,-3.2471835652750136,-3.3010744065466744,10.897092237557478,3.3010744065466744
2015-09-29,14.64,2.6837575085331657,0.273972602739736,0.2735979818874845,0.0748558556929043,0.2735979818874845
2015-09-30,14.54,2.6769034721053733,-0.6830601092896238,-0.6854036427792256,0.46977815353503233,0.6854036427792256
2015-10-01,14.49,2.673458756332591,-0.3438789546079679,-0.34447157727821953,0.11866066755254437,0.34447157727821953
2015-10-02,15.25,2.7245795030534206,5.244996549344383,5.112074672082969,26.13330745295219,5.112074672082969
2015-10-05,15.66,2.751109690562657,2.688524590163932,2.653018750923639,7.038508492752427,2.653018750923639
2015-10-06,15.898,2.766193315150921,1.5197956577266858,1.508362458826379,2.27515730719676,1.508362458826379
2015-10-07,16.06,2.7763317085186157,1.0189961001383807,1.0138393367694705,1.0278702007811598,1.0138393367694705
2015-10-08,15.7,2.7536607123542622,-2.241594022415938,-2.267099616435322,5.139740670841183,2.267099616435322
2015-10-09,15.83,2.761906873892921,0.8280254777070173,0.8246161538658515,0.6799918012165097,0.8246161538658515
2015-10-12,15.83,2.761906873892921,0.0,0.0,0.0,0.0
2015-10-13,15.92,2.767576180416237,0.5685407454200986,0.5669306523316276,0.32141036455316485,0.5669306523316276
2015-10-14,16.15,2.7819200496686656,1.4447236180904488,1.4343869252428558,2.0574658513076542,1.4343869252428558
2015-10-15,16.11,2.779440197188883,-0.2476780185758476,-0.24798524797824978,0.061496683214834036,0.24798524797824978
2015-10-16,16.03,2.7744619666214616,-0.496585971446295,-0.4978230567421309,0.24782779582407888,0.4978230567421309
2015-10-19,15.85,2.7631695003232895,-1.1228945726762363,-1.1292466298172008,1.275197950953506,1.1292466298172008
2015-10-20,15.913,2.767136385228047,0.39747634069400295,0.3966884904757171,0.15736175847590309,0.3966884904757171
2015-10-21,15.71,2.75429745226753,-1.2756865455916477,-1.2838932960516964,1.6483819956464891,1.2838932960516964
2015-10-22,15.85,2.7631695003232895,0.8911521323997418,0.8872048055759797,0.787132367037112,0.8872048055759797
2015-10-23,15.86,2.7638002162067017,0.06309148264984632,0.0630715883412346,0.00397802525588616,0.0630715883412346
2015-10-26,15.86,2.7638002162067017,0.0,0.0,0.0,0.0
2015-10-27,15.87,2.7644305345383176,0.06305170239595537,0.06303183316156856,0.003973011991707814,0.06303183316156856
2015-10-28,15.97,2.770711962226921,0.6301197227473354,0.6281427688603495,0.3945633380715464,0.6281427688603495
2015-10-29,15.644,2.750087456893268,-2.0413274890419553,-2.0624505333653396,4.253702202578974,2.0624505333653396
2015-10-30,15.56,2.7447035187502458,-0.5369470723600056,-0.5383938143022097,0.28986789927888224,0.5383938143022097
2015-11-02,15.42,2.7356653681351832,-0.899742930591263,-0.9038150615062147,0.8168816654054827,0.9038150615062147
2015-11-03,15.28,2.7265447837383743,-0.907911802853445,-0.9120584396809078,0.8318505973931721,0.9120584396809078
2015-11-04,15.11,2.715356776284648,-1.1125654450261813,-1.1188007453726265,1.2517151078463447,1.1188007453726265
2015-11-05,14.99,2.7073833121145063,-0.794176042356054,-0.797346417014185,0.6357613087253585,0.797346417014185
2015-11-06,14.76,2.6919208191723265,-1.534356237491663,-1.546249294217992,2.390886879869638,1.546249294217992
2015-11-09,14.56,2.67827804276854,-1.3550135501354976,-1.364277640378649,1.8612534800371343,1.364277640378649
2015-11-10,14.43,2.6693093727857793,-0.8928571428571508,-0.8968669982760488,0.8043704125966901,0.8968669982760488
2015-11-11,14.325,2.662006262600803,-0.7276507276507305,-0.7303110184976271,0.5333541837390415,0.7303110184976271
2015-11-12,14.31,2.6609585935683597,-0.10471204188481353,-0.10476690324436888,0.010976104015414951,0.10476690324436888
2015-11-13,14.236,2.655773967647946,-0.5171208944793837,-0.5184625920413285,0.268803459346213,0.5184625920413285
2015-11-16,14.25,2.6567569067146595,0.09834223096374384,0.098293906671319,0.00966169208870997,0.098293906671319
2015-11-17,14.22,2.6546494243750947,-0.21052631578947212,-0.21074823395646983,0.04441481811577094,0.21074823395646983
2015-11-18,14.188,2.6523965369113753,-0.22503516174402494,-0.22528874637194451,0.05075501924184234,0.22528874637194451
2015-11-19,14.28,2.658859956911438,0.6484352974344354,0.6463420000062768,0.417757980972114,0.6463420000062768
2015-11-20,14.16,2.6504210882655737,-0.8403361344537785,-0.8438868645864595,0.7121450402215653,0.8438868645864595
2015-11-23,14.14,2.6490076604684267,-0.14124293785310327,-0.1413427797146964,0.01997778137747719,0.1413427797146964
2015-11-24,14.201,2.653312384662876,0.4314002828854413,0.43047241944493925,0.1853065039027797,0.43047241944493925
2015-11-25,14.2,2.653241964607215,-0.007041757622716638,-0.007042005566108507,4.958984239310319e-05,0.007042005566108507
2015-11-26,14.28,2.658859956911438,0.5633802816901401,0.5617992304223274,0.3156183753031193,0.5617992304223274
2015-11-27,14.1,2.6461747973841225,-1.2605042016806678,-1.2685159527315688,1.6091327223344798,1.2685159527315688
2015-11-30,14.0815,2.644861879146452,-0.13120567375886072,-0.13129182376703744,0.017237542988074814,0.13129182376703744
2015-12-01,14.1975,2.6530658927694506,0.8237758761495462,0.8204013622998262,0.6730583952634107,0.8204013622998262
2015-12-02,14.02,2.640484881606444,-1.2502201091741494,-1.258101116300651,1.5828184188369443,1.258101116300651
2015-12-03,14.11,2.6468837658647226,0.6419400855920188,0.6398884258278676,0.4094571975084665,0.6398884258278676
2015-12-04,14.55,2.6775909936175015,3.118355776045356,3.0707227752778867,9.429338362610327,3.0707227752778867
2015-12-07,14.28,2.658859956911438,-1.855670103092788,-1.8731036706063238,3.5085173608388835,1.8731036706063238
2015-12-08,14.18,2.6518325211039815,-0.7002801120448154,-0.7027435807456862,0.4938485402792688,0.7027435807456862
2015-12-09,14.17,2.6511270537025893,-0.07052186177715081,-0.0705467401392371,0.004976842544273048,0.0705467401392371
2015-12-10,14.13,2.6483001966964363,-0.2822865208186198,-0.28268570061528847,0.0799112053323565,0.28268570061528847
2015-12-11,13.9495,2.6354436653311173,-1.2774239207360205,-1.285653136531859,1.652903987474207,1.285653136531859
2015-12-14,13.68,2.615934912194404,-1.9319688877737606,-1.950875313671311,3.805914489492136,1.950875313671311
2015-12-15,13.77,2.6224923127405635,0.6578947368421018,0.655740054615904,0.42999501922766875,0.655740054615904
2015-12-16,14.17,2.6511270537025893,2.904865649963684,2.863474096202554,8.199483899623033,2.863474096202554
2015-12-17,13.73,2.6195832197798796,-3.10515172900494,-3.154383392270939,9.950134585434716,3.154383392270939
2015-12-18,14.1,2.6461747973841225,2.694828841951935,2.6591577604242964,7.07111999482476,2.6591577604242964
2015-12-21,14.25,2.6567569067146595,1.0638297872340496,1.0582109330537008,1.119810378834384,1.0582109330537008
2015-12-22,14.2575,2.657283084048557,0.052631578947370805,0.05261773338973572,0.0027686258670733097,0.05261773338973572
2015-12-23,14.32,2.6616571615324998,0.43836577240048413,0.4374077483942623,0.19132553835533825,0.4374077483942623
2015-12-24,14.3805,2.665873122203024,0.4224860335195535,0.4215960670524363,0.17774324375408238,0.4215960670524363
2015-12-28,13.94,2.6347624053323777,-3.063175828378706,-3.111071687064608,9.678767042055025,3.111071687064608
2015-12-29,13.9625,2.6363751643953193,0.16140602582497277,0.1612759062941357,0.026009917950994842,0.1612759062941357
2015-12-30,13.89,2.6311691567662523,-0.5192479856759191,-0.5206007629066713,0.27102515433900826,0.5206007629066713
2015-12-31,13.8425,2.627743569714985,-0.3419726421886371,-0.3425587051267328,0.11734646645810388,0.3425587051267328
2016-01-04,13.87,2.6297282343267403,0.19866353621094124,0.19846646117549963,0.0393889362115261,0.19846646117549963
2016-01-05,13.99,2.63834278867739,0.8651766402307137,0.8614554350649586,0.7421054666029571,0.8614554350649586
2016-01-06,14.01,2.6397713603489157,0.14295925661185205,0.14285716715256921,0.0204081702068571,0.14285716715256921
2016-01-07,14.31,2.6609585935683597,2.1413276231263545,2.1187233219444064,4.48898851495114,2.1187233219444064
2016-01-08,13.96,2.6361960973342264,-2.4458420684835724,-2.476249623413307,6.131812197454544,2.476249623413307
2016-01-11,13.86,2.6290069937617573,-0.7163323782235054,-0.7189103572469338,0.516832101756914,0.7189103572469338
2016-01-12,13.78,2.6232182655855123,-0.5772005772005762,-0.5788728176244652,0.33509373898448735,0.5788728176244652
2016-01-13,14.165,2.65077413328248,2.7939042089985433,2.7555867696967313,7.593258445327667,2.7555867696967313
2016-01-14,13.84,2.6275629501895237,-2.294387575008816,-2.321118309295628,5.387590205747395,2.321118309295628
2016-01-15,13.89,2.6311691567662523,0.36127167630057855,0.36062065767288953,0.13004725874042738,0.36062065767288953
2016-01-18,13.945,2.6351210210794522,0.39596832253419034,0.39518643131998094,0.156172315499422,0.39518643131998094
2016-01-19,14.03,2.6411978941143697,0.6095374686267307,0.6076873034917125,0.36928385882502873,0.6076873034917125
2016-01-20,14.14,2.6490076604684267,0.7840342124020072,0.780976635405724,0.6099245050496452,0.780976635405724
2016-01-21,14.1,2.6461747973841225,-0.28288543140029265,-0.28328630843042013,0.08025113254413513,0.28328630843042013
2016-01-22,14.04,2.641910398597665,-0.42553191489361764,-0.42643987864575394,0.18185097009940535,0.42643987864575394
2016-01-25,14.23,2.655352412101761,1.3532763532763559,1.3442013504095967,1.8068772704429832,1.3442013504095967
2016-01-26,14.5,2.6741486494265287,1.8973998594518537,1.8796237324767633,3.532985375689879,1.8796237324767633
2016-01-27,14.4805,2.6728029167481506,-0.13448275862069092,-0.13457326783781726,0.0181099644165489,0.13457326783781726
2016-01-28,14.24,2.65605490598383,-1.660854252270283,-1.6748010764320733,2.8049586456180315,1.6748010764320733
2016-01-29,14.27,2.658159431488745,0.2106741573033588,0.21045255049152214,0.04429027600838668,0.21045255049152214
2016-02-01,14.35,2.66374994220563,0.5606166783461708,0.5590510716884967,0.31253810075605665,0.5590510716884967
2016-02-02,14.3075,2.6607838753011204,-0.29616724738675826,-0.29660669045098165,0.08797552882028445,0.29660669045098165
2016-02-03,14.68,2.6864860231863696,2.6035296173335665,2.5702147885249236,6.606004059152218,2.5702147885249236
2016-02-04,14.86,2.698673039289613,1.2261580381471404,1.2187016103243598,1.4852336150071876,1.2187016103243598
2016-02-05,15.01,2.7087166456453704,1.0094212651413192,1.0043606355757482,1.0087402862941208,1.0043606355757482
2016-02-08,15.32,2.729159164312445,2.0652898067954784,2.044251866707474,4.178965694536991,2.044251866707474
2016-02-09,15.2455,2.7242843775409575,-0.48629242819843155,-0.4874786771487883,0.23763546067473257,0.4874786771487883
2016-02-10,15.27,2.725890119230541,0.16070315830900572,0.1605741689583693,0.02578406373667093,0.1605741689583693
2016-02-11,15.75,2.7568403652716422,3.143418467583503,3.095024604110106,9.579177300046918,3.095024604110106
2016-02-12,15.73,2.7555697170701863,-0.12698412698411987,-0.12706482014555417,0.01614546851862203,0.12706482014555417
2016-02-15,15.3335,2.7300399773271296,-2.520661157024795,-2.552973974305707,6.517676113482277,2.552973974305707
2016-02-16,15.22,2.7226103524335397,-0.7402093455505909,-0.7429624893589617,0.5519932605944653,0.7429624893589617
2016-02-17,15.28,2.7265447837383743,0.3942181340341522,0.3934431304834522,0.1547974969246188,0.3934431304834522
2016-02-18,15.4035,2.7345947563243223,0.8082460732984353,0.8049972585947979,0.6480205863451399,0.8049972585947979
2016-02-19,15.37,2.7324175575505043,-0.2174830395689331,-0.21771987738178983,0.0474019450071416,0.21771987738178983
2016-02-22,15.18,2.719978771967484,-1.2361743656473578,-1.2438785583020553,1.5472338678035995,1.2438785583020553
2016-02-23,15.29,2.727199019940971,0.7246376811594235,0.7220247973487097,0.5213198079864454,0.7220247973487097
2016-02-24,15.23,2.7232671669070703,-0.39241334205362133,-0.3931853033900405,0.15459468280191818,0.3931853033900405
2016-02-25,15.1575,2.7184954589637487,-0.4760341431385373,-0.4771707943321677,0.22769196696359187,0.4771707943321677
2016-02-26,14.73,2.689886230474539,-2.8203859475507187,-2.860922848920983,8.184879547478152,2.860922848920983
2016-02-29,14.9,2.7013612129514133,1.15410726408689,1.147498247687448,1.3167522284457638,1.147498247687448
2016-03-01,14.82,2.695977619867941,-0.5369127516778538,-0.5383593083472643,0.2898307448841448,0.5383593083472643
2016-03-02,14.95,2.7047112998366956,0.8771929824561431,0.8733679968754632,0.7627716579662591,0.8733679968754632
2016-03-03,15.22,2.7226103524335397,1.8060200668896353,1.7899052596844374,3.203760838646013,1.7899052596844374
2016-03-04,15.49,2.740194654428777,1.7739816031537403,1.7584301995237437,3.092076766597113,1.7584301995237437
2016-03-07,15.645,2.7501513771208455,1.0006455777921142,0.9956722692068101,0.9913632676674384,0.9956722692068101
2016-03-08,15.35,2.731115474033206,-1.8855864493448338,-1.903590308763925,3.623656063619935,1.903590308763925
2016-03-09,15.32,2.729159164312445,-0.195439739413672,-0.1956309720760831,0.038271477235433206,0.1956309720760831
2016-03-10,15.6025,2.747431157826061,1.84399477806787,1.8271993513615612,3.33865746961611,1.8271993513615612
2016-03-11,15.48,2.739548868161581,-0.7851305880467785,-0.7882289664479856,0.6213049035476595,0.7882289664479856
2016-03-14,15.35,2.731115474033206,-0.8397932816537557,-0.8433394128374986,0.7112213652450968,0.8433394128374986
2016-03-15,15.281,2.7266102266231202,-0.4495114006514589,-0.4505247410085943,0.20297254226086098,0.4505247410085943
2016-03-16,15.6,2.747270914255491,2.0875597146783553,2.066068763237118,4.268640134424154,2.066068763237118
2016-03-17,15.93,2.768204123921957,2.115384615384608,2.093320966646572,4.3819926694021385,2.093320966646572
2016-03-18,15.81,2.7606426512213806,-0.7532956685499026,-0.7561472700576475,0.5717586940156328,0.7561472700576475
2016-03-21,15.84,2.7625383863862796,0.189753320683117,0.18957351648991974,0.035938118154353875,0.18957351648991974
2016-03-22,15.885,2.7653752677214793,0.28409090909091717,0.2836881335199757,0.08047895710004756,0.2836881335199757
2016-03-23,15.28,2.7265447837383743,-3.808624488511181,-3.883048398310511,15.078064863621824,3.883048398310511
2016-03-24,15.21,2.7219531062712017,-0.45811518324606615,-0.4591677467172875,0.21083501962543108,0.4591677467172875
2016-03-28,15.25,2.7245795030534206,0.2629848783694877,0.26263967822190826,0.06897960057650751,0.26263967822190826
2016-03-29,15.34,2.73046379593911,0.5901639344262355,0.5884292885689557,0.34624902764576737,0.5884292885689557
2016-03-30,15.22,2.7226103524335397,-0.782268578878742,-0.7853443505570287,0.6167657489518411,0.7853443505570287
2016-03-31,15.44,2.73696154459663,1.4454664914586024,1.4351192163090287,2.0595671650194407,1.4351192163090287
2016-04-01,15.07,2.712706012638404,-2.396373056994816,-2.4255531958225998,5.883308305765227,2.4255531958225998
2016-04-04,14.9255,2.703071159555046,-0.9588586595885906,-0.9634853083357936,0.9283039393789193,0.9634853083357936
2016-04-05,15.14,2.717340248009303,1.4371377843288347,1.4269088454256535,2.0360688531539717,1.4269088454256535
2016-04-06,15.07,2.712706012638404,-0.4623513870541607,-0.4634235370898621,0.2147613747288788,0.4634235370898621
2016-04-07,15.2275,2.7231030037285024,1.0451227604512114,1.0396991090098384,1.080974237275852,1.0396991090098384
2016-04-08,15.365,2.732092195582448,0.9029715974388619,0.8989191853945517,0.8080557018704044,0.8989191853945517
2016-04-11,15.92,2.767576180416237,3.6121054344288916,3.548398483378893,12.591131796845628,3.548398483378893
2016-04-12,16.1925,2.784548172074935,1.71168341708543,1.697199165869813,2.8804850086291887,1.697199165869813
2016-04-13,16.22,2.7862450486872667,0.16983171221245374,0.16968766123319018,0.028793902374789914,0.16968766123319018
2016-04-14,16.16,2.7825390530929495,-0.36991368680640013,-0.37059955943174244,0.1373440334510016,0.37059955943174244
2016-04-15,16.24,2.787477334733532,0.4950495049504955,0.4938281640582577,0.24386625561714947,0.4938281640582577
2016-04-18,16.21,2.785628335747585,-0.1847290640393906,-0.1848998985946975,0.034187972500329414,0.1848998985946975
2016-04-19,16.94,2.8296776892239084,4.503392967304132,4.4049353476323585,19.403455416821007,4.4049353476323585
2016-04-20,16.96,2.830857630363757,0.11806375442737771,0.11799411398485479,0.013922610935070905,0.11799411398485479
2016-04-21,17.0,2.833213344056216,0.2358490566037652,0.23557136924589836,0.05549387000838739,0.23557136924589836
2016-04-22,16.96,2.830857630363757,-0.23529411764705577,-0.23557136924590363,0.05549387000838987,0.23557136924590363
2016-04-25,17.0,2.833213344056216,0.2358490566037652,0.23557136924589836,0.05549387000838739,0.23557136924589836
2016-04-26,17.16,2.8425810940598164,0.9411764705882453,0.9367750003600241,0.8775474012995232,0.9367750003600241
2016-04-27,17.24,2.847232265235547,0.4662004662004504,0.4651171175730659,0.2163339330594772,0.4651171175730659
2016-04-28,17.56,2.8656235882069705,1.8561484918793614,1.839132297142367,3.3824076063921593,1.839132297142367
2016-04-29,17.82,2.8803214220426634,1.4806378132118603,1.46978338356928,2.1602631946163613,1.46978338356928
2016-05-02,17.55,2.865053949911875,-1.5151515151515138,-1.526747213078842,2.330957052644011,1.526747213078842
2016-05-03,17.42,2.857618971424357,-0.7407407407407307,-0.7434978487517978,0.5527890510985513,0.7434978487517978
2016-05-04,17.3825,2.8554639529910357,-0.21526980482204916,-0.21550184333209538,0.04644104447953098,0.21550184333209538
2016-05-05,17.35,2.8535925063928684,-0.18696965338702576,-0.1871446598167626,0.0350231236979318,0.1871446598167626
2016-05-06,17.47,2.8604851241459652,0.6916426512968199,0.6892617753096898,0.4750817949030653,0.6892617753096898
2016-05-09,17.03,2.834976494674597,-2.5186033199770863,-2.5508629471368107,6.506901775075495,2.5508629471368107
2016-05-10,17.11,2.839663087904102,0.4697592483851931,0.4686593229505103,0.21964156098843074,0.4686593229505103
2016-05-11,17.42,2.857618971424357,1.8118059614260718,1.7955883520254678,3.2241375299295356,1.7955883520254678
2016-05-12,16.97,2.831447079246135,-2.5832376578645344,-2.6171892178221903,6.849679401884728,2.6171892178221903
2016-05-13,17.1,2.8390784635086144,0.7660577489687848,0.7631384262479374,0.5823802576161785,0.7631384262479374
2016-05-16,17.14,2.8414149131696336,0.23391812865496409,0.23364496610195057,0.05458997018478163,0.23364496610195057
2016-05-17,17.25,2.847812143477369,0.6417736289381581,0.639723030773505,0.40924555610203883,0.639723030773505
2016-05-18,16.91,2.827905162910489,-1.97101449275362,-1.9906980566879802,3.9628787529013008,1.9906980566879802
2016-05-19,16.5,2.803360380906535,-2.424600827912482,-2.4544782003954047,6.024463236216264,2.4544782003954047
2016-05-20,16.52,2.804571768092832,0.12121212121212199,0.12113871862970882,0.014674589151247763,0.12113871862970882
2016-05-23,16.39,2.7966713927557385,-0.7869249394673039,-0.7900375337093604,0.6241593046695687,0.7900375337093604
2016-05-24,16.23,2.7868613815264998,-0.9762050030506453,-0.9810011229238519,0.9623632031778584,0.9810011229238519
2016-05-25,16.295,2.790858312289525,0.400492914356132,0.3996930763025033,0.1597545552441587,0.3996930763025033
2016-05-26,16.33,2.7930039069823738,0.2147898128259884,0.21455946928485617,0.04603576585979914,0.21455946928485617
2016-05-27,16.19,2.784393767689544,-0.8573178199632436,-0.8610139292829839,0.7413449864193232,0.8610139292829839
2016-05-30,15.995,2.7722761734014814,-1.2044471896232367,-1.2117594288062563,1.4683609133008646,1.2117594288062563
2016-05-31,16.0,2.772588722239781,0.03125976867772717,0.03125488383000647,0.0009768677632272,0.03125488383000647
2016-06-01,15.96,2.7700855920216627,-0.24999999999999467,-0.25031302181184767,0.06265660888857853,0.25031302181184767
2016-06-02,16.02,2.7738379416402132,0.3759398496240518,0.3752349618550372,0.1408012765983512,0.3752349618550372
2016-06-03,16.41,2.7978909051019993,2.434456928838946,2.405296346178632,5.785450512940277,2.405296346178632
2016-06-06,16.47,2.8015405441895487,0.3656307129798808,0.3649639087549331,0.13319865469367914,0.3649639087549331
2016-06-07,16.38,2.7960610784249234,-0.5464480874316946,-0.5479465764625596,0.30024545065703967,0.5479465764625596
2016-06-08,17.04,2.8355635214011694,4.029304029304037,3.950244297624638,15.60443001091597,3.950244297624638
2016-06-09,17.305,2.8509954770873076,1.5551643192488251,1.543195568613789,2.3814525629892356,1.543195568613789
2016-06-10,17.3325,2.8525833518345083,0.15891360878359517,0.15878747472009222,0.025213462127983925,0.15878747472009222
2016-06-13,17.45,2.859339648648436,0.6779172075580542,0.6756296813927724,0.4564754663788991,0.6756296813927724
2016-06-14,17.39,2.855895328366192,-0.34383954154727503,-0.34443202822444774,0.11863342206680677,0.34443202822444774
2016-06-15,17.52,2.8633430855082453,0.7475560667050019,0.7447757142053707,0.5546908644701201,0.7447757142053707
2016-06-16,17.175,2.8434548381084133,-1.9691780821917693,-1.9888247399832224,3.955423846369332,1.9888247399832224
2016-06-17,17.46,2.859912550411456,1.6593886462882068,1.6457712303043084,2.7085629424973567,1.6457712303043084
2016-06-20,17.5,2.8622008809294686,0.22909507445589838,0.2288330518012216,0.05236456559666057,0.2288330518012216
2016-06-21,17.29,2.850128299695199,-1.200000000000001,-1.2072581234269248,1.4574721765803,1.2072581234269248
2016-06-22,17.27,2.848970892158587,-0.11567379988431936,-0.11574075366118312,0.013395922058058675,0.11574075366118312
2016-06-23,17.29,2.850128299695199,0.11580775911985697,0.11574075366118591,0.01339592205805932,0.11574075366118591
2016-06-24,17.7575,2.876807961889828,2.7038750722961247,2.667966219462884,7.118043748195075,2.667966219462884
2016-06-27,17.74,2.8758219768814333,-0.09854990848937595,-0.09859850083945985,0.009721664367788966,0.09859850083945985
2016-06-28,17.78,2.8780742300857587,0.22547914317927464,0.22522532043252746,0.05072644496393467,0.22522532043252746
2016-06-29,18.29,2.906354462402774,2.868391451068608,2.828023231701573,7.997715399043809,2.828023231701573
2016-06-30,18.71,2.9290581402859983,2.296336796063425,2.2703677883223943,5.15456989425192,2.2703677883223943
2016-07-01,19.72,2.9816333491744893,5.3981827899518775,5.2575208888490925,27.641525896684552,5.2575208888490925
2016-07-04,20.34,3.012589390620414,3.144016227180524,3.09560414459245,9.582765020017954,3.09560414459245
2016-07-05,19.89,2.9902170928658807,-2.212389380530966,-2.2372297754532986,5.005197068174817,2.2372297754532986
2016-07-06,19.99,2.995232148512309,0.5027652086475598,0.5015055646427847,0.25150783136767835,0.5015055646427847
2016-07-07,19.68,2.9796028916241073,-1.5507753876938368,-1.5629256888201228,2.4427367087738556,1.5629256888201228
2016-07-08,20.2085,3.0061033079782082,2.685467479674797,2.650041635410082,7.022720669406943,2.650041635410082
2016-07-11,20.29,3.0101281538377234,0.40329564292251874,0.4024845859515051,0.1619938419285545,0.4024845859515051
2016-07-12,20.17,3.0041963519661206,-0.5914243469689384,-0.5931801871602852,0.351862734439511,0.5931801871602852
2016-07-13,20.35,3.013080911888604,0.8924144769459685,0.8884559922483681,0.7893540501620324,0.8884559922483681
2016-07-14,20.3,3.0106208860477417,-0.24570024570025328,-0.2460025840862423,0.06051727137710871,0.2460025840862423
2016-07-15,20.09,3.000222178826843,-1.0344827586206917,-1.0398707220898622,1.0813311186596914,1.0398707220898622
2016-07-18,20.06,2.9987277825337895,-0.1493280238924921,-0.1494396293053657,0.022332202806925112,0.1494396293053657
2016-07-19,19.9,2.990719731730447,-0.7976071784646099,-0.80080508033428,0.6412887766891926,0.80080508033428
2016-07-20,19.42,2.966303462863179,-2.4120603015075237,-2.4416268867267714,5.961541853987066,2.4416268867267714
2016-07-21,19.755,2.983406623863354,1.7250257466529195,1.710316100017505,2.9251811619790877,1.710316100017505
2016-07-22,19.65,2.9780773383152703,-0.5315110098709219,-0.5329285548083845,0.2840128445301533,0.5329285548083845
2016-07-25,19.5575,2.9733588445770986,-0.4707379134859968,-0.4718493738171516,0.22264183157163805,0.4718493738171516
2016-07-26,19.64,2.97756830292632,0.4218330563722228,0.42094583492210574,0.1771953959382687,0.42094583492210574
2016-07-27,20.37,3.0140632302387145,3.716904276985744,3.6494927312394627,13.318797195369672,3.6494927312394627
2016-07-28,20.1705,3.0042211409498973,-0.9793814432989767,-0.9842089288817244,0.9686672156905113,0.9842089288817244
2016-07-29,20.37,3.0140632302387145,0.9890681936491452,0.9842089288817208,0.9686672156905043,0.9842089288817208
2016-08-01,20.4495,3.017958432312157,0.3902798232695126,0.38952020734425435,0.15172599192951092,0.38952020734425435
2016-08-02,20.6,3.0252910757955354,0.7359593144086629,0.7332643483378365,0.537676604543312,0.7332643483378365
2016-08-03,20.395,3.015289772769522,-0.9951456310679729,-1.000130302601374,1.0002606221815158,1.000130302601374
2016-08-04,20.35,3.013080911888604,-0.2206423142927072,-0.22088608809176638,0.04879066391248358,0.22088608809176638
2016-08-05,19.71,2.9811261211646287,-3.144963144963142,-3.1954790723975135,10.211086502130474,3.1954790723975135
2016-08-08,19.74,2.9826470340053355,0.15220700152205335,0.1520912840706523,0.02313175869025986,0.1520912840706523
2016-08-09,19.8605,2.988732834533746,0.6104356636271513,0.6085800528410389,0.3703696807160017,0.6085800528410389
2016-08-10,20.15,3.0032042883926917,1.457667228921733,1.4471453858946095,2.094229767916058,1.4471453858946095
2016-08-11,19.97,2.994231147427724,-0.8933002481389618,-0.8973140964968181,0.805172587771901,0.8973140964968181
2016-08-12,19.71,2.9811261211646287,-1.301952929394079,-1.310502626309489,1.7174171335640682,1.310502626309489
2016-08-15,19.8225,2.986817656164417,0.5707762557077611,0.5691534999788055,0.32393570653812415,0.5691534999788055
2016-08-16,19.8,2.9856819377004897,-0.11350737797957144,-0.11357184639273797,0.01289856429305567,0.11357184639273797
2016-08-17,19.69,2.9801108926510342,-0.5555555555555536,-0.557104504945536,0.31036542943061074,0.557104504945536
2016-08-18,19.75,2.9831534913471307,0.3047232097511454,0.30425986960967305,0.09257406825489525,0.30425986960967305
2016-08-19,19.32,2.961140828784372,-2.177215189873416,-2.201266256275892,4.845573131018881,2.201266256275892
2016-08-22,18.913,2.9398495163063174,-2.1066252587991774,-2.1291312478054665,4.5331998703816625,2.1291312478054665
2016-08-23,18.82,2.9349201341572337,-0.49172526833395347,-0.4929382149083786,0.24298808371705882,0.4929382149083786
2016-08-24,18.5515,2.9205506483179384,-1.4266737513283667,-1.4369485839295075,2.064821232857017,1.4369485839295075
2016-08-25,18.55,2.920469789053444,-0.008085599547202893,-0.008085926449424538,6.538220654550331e-05,0.008085926449424538
2016-08-26,18.65,2.9258461460898246,0.5390835579514697,0.5376357036380275,0.2890521498263569,0.5376357036380275
2016-08-29,18.87,2.9375733593804587,1.1796246648793751,1.1727213290634484,1.3752753156403408,1.1727213290634484
2016-08-30,18.613,2.923860261316196,-1.36195018547961,-1.3713098064262912,1.8804905852009122,1.3713098064262912
2016-08-31,18.65,2.9258461460898246,0.19878579487453418,0.1985884773628324,0.03943738334128819,0.1985884773628324
2016-09-01,18.89,2.9386326815134183,1.286863270777494,1.2786535423593777,1.634954881388185,1.2786535423593777
2016-09-02,19.4,2.9652730660692823,2.6998411858125904,2.6640384555864176,7.097100892843265,2.6640384555864176
2016-09-05,19.51,2.97092715463502,0.5670103092783707,0.5654088565737596,0.31968717509204625,0.5654088565737596
2016-09-06,20.05,2.998229153752578,2.767811378780105,2.7301999117558275,7.453991558151529,2.7301999117558275
2016-09-07,19.84,2.987700101856727,-1.0473815461346625,-1.052905189585145,1.10860933825533,1.052905189585145
2016-09-08,19.62,2.976549454137217,-1.1088709677419262,-1.1150647719509617,1.24336944564605,1.1150647719509617
2016-09-09,19.09,2.949164637737656,-2.701325178389402,-2.7384816399560816,7.499281692376551,2.7384816399560816
2016-09-12,19.12,2.9507349076232554,0.15715034049241794,0.15702698855991162,0.024657475136194616,0.15702698855991162
2016-09-13,18.87,2.9375733593804587,-1.3075313807531352,-1.316154824279635,1.732263521474557,1.316154824279635
2016-09-14,18.97,2.9428587839469227,0.5299417064122736,0.5285424566463779,0.27935712847778826,0.5285424566463779
2016-09-15,19.0,2.9444389791664403,0.1581444385872599,0.15801952195177915,0.02497016931786881,0.15801952195177915
2016-09-16,18.8025,2.933989839718421,-1.0394736842105345,-1.0449139448019447,1.0918451520415615,1.0449139448019447
2016-09-19,19.15,2.952302715626655,1.848158489562568,1.8312875908233999,3.353614240303772,1.8312875908233999
2016-09-20,19.3,2.9601050959108397,0.783289817232391,0.780238028418502,0.6087713809903911,0.780238028418502
2016-09-21,19.845,2.987952086235029,2.823834196891184,2.7846990324188754,7.754548701154621,2.7846990324188754
2016-09-22,19.88,2.989714201228428,0.17636684303350414,0.17621149933992233,0.03105049249962345,0.17621149933992233
2016-09-23,19.68,2.9796028916241073,-1.0060362173038184,-1.0111309604320566,1.0223858191442532,1.0111309604320566
2016-09-26,19.437,2.96717846613593,-1.2347560975609628,-1.2424425488177346,1.5436634871127088,1.2424425488177346
2016-09-27,19.15,2.952302715626655,-1.476565313577216,-1.4875750509275076,2.2128795321419767,1.4875750509275076
2016-09-28,19.1885,2.954311141253202,0.20104438642298827,0.2008425626547275,0.04033773497371814,0.2008425626547275
2016-09-29,19.1025,2.9498192165395847,-0.44818511087371116,-0.449192471361755,0.20177387632808108,0.449192471361755
2016-09-30,19.1805,2.9538941379371955,0.4083235178641509,0.4074921397610853,0.16604984396706787,0.4074921397610853
2016-10-03,18.825,2.9351857736859572,-1.853444904981616,-1.8708364251238256,3.5000289295700955,1.8708364251238256
2016-10-04,17.8095,2.8797320227918197,-5.394422310756974,-5.545375089413773,30.751184882290815,5.545375089413773
2016-10-05,17.74,2.8758219768814333,-0.39024116342402104,-0.3910045910386192,0.15288459021327783,0.3910045910386192
2016-10-06,17.33,2.8524391037275145,-2.3111612175873764,-2.338287315391875,5.467587569322542,2.338287315391875
2016-10-07,17.49,2.8616292890305104,0.9232544720138458,0.919018530299596,0.8445950590340294,0.919018530299596
2016-10-10,17.64,2.8701690505786455,0.8576329331046351,0.8539761548134581,0.7292752729899794,0.8539761548134581
2016-10-11,17.455,2.8596261405569994,-1.048752834467137,-1.054291002164606,1.111529517245249,1.054291002164606
2016-10-12,17.48,2.8610573702273894,0.1432254368376018,0.143122967039024,0.02048418369405355,0.143122967039024
2016-10-13,17.5,2.8622008809294686,0.11441647597254523,0.11435107020790206,0.013076167257692546,0.11435107020790206
2016-10-14,17.45,2.859339648648436,-0.28571428571428914,-0.2861232281032235,0.08186650166020926,0.2861232281032235
2016-10-17,17.47,2.8604851241459652,0.11461318051575464,0.11454754975289805,0.013121141154392654,0.11454754975289805
2016-10-18,17.625,2.8693183486983322,0.887235260446495,0.8833224552367305,0.7802585599254457,0.8833224552367305
2016-10-19,17.68,2.8724340572094973,0.3120567375886507,0.3115708511165009,0.09707639526546077,0.3115708511165009
2016-10-20,17.55,2.865053949911875,-0.7352941176470562,-0.7380107297622533,0.5446598372442137,0.7380107297622533
2016-10-21,17.54,2.864483986944037,-0.05698005698006048,-0.05699629678378702,0.003248577847065531,0.05699629678378702
2016-10-24,17.59,2.8673305587494666,0.2850627137970463,0.2846571805429929,0.08102971043468604,0.2846571805429929
2016-10-25,17.82,2.8803214220426634,1.3075611142694843,1.2990863293196577,1.6876252910252223,1.2990863293196577
2016-10-26,17.63,2.869601996409779,-1.0662177328844114,-1.0719425632884512,1.1490608589894151,1.0719425632884512
2016-10-27,17.629,2.8695452733036064,-0.005672149744739841,-0.005672310617236789,3.21751077384172e-05,0.005672310617236789
2016-10-28,17.77,2.87751164216656,0.7998184809121289,0.7966368862953565,0.6346303286063607,0.7966368862953565
2016-10-31,17.89,2.884241897520628,0.6752954417557744,0.6730255354067889,0.45296337130959485,0.6730255354067889
2016-11-01,18.38,2.911263116927541,2.7389603130240303,2.7021219406913146,7.301462982365396,2.7021219406913146
2016-11-02,18.52,2.918851229218033,0.7616974972796564,0.7588112290492379,0.575794481331215,0.7588112290492379
2016-11-03,18.36,2.9101743851923443,-0.8639308855291628,-0.8676844025688971,0.7528762224613439,0.8676844025688971
2016-11-04,18.41,2.9128939952449864,0.2723311546841023,0.2719610052642147,0.0739627883843222,0.2719610052642147
2016-11-07,18.18,2.900322088749333,-1.2493210211841466,-1.2571906495653788,1.5805283293546193,1.2571906495653788
2016-11-08,18.37,2.9107188992270343,1.045104510451056,1.0396810477701615,1.0809366810924608,1.0396810477701615
2016-11-09,18.48,2.916689066213538,0.5988023952095745,0.5970166986503754,0.3564289384673932,0.5970166986503754
2016-11-10,18.6075,2.923564725251929,0.6899350649350655,0.6875659038390616,0.47274687212202565,0.6875659038390616
2016-11-11,17.37,2.854744580253014,-6.6505441354292705,-6.882014499891523,47.36212357671717,6.882014499891523
2016-11-14,16.93,2.829087196145044,-2.533103051237773,-2.5657384107969685,6.583013592638953,2.5657384107969685
2016-11-15,17.085,2.838200885567255,0.9155345540460713,0.91136894222112,0.8305933488452432,0.91136894222112
2016-11-16,16.98,2.8320361808832013,-0.6145741878841093,-0.6164704684053901,0.38003583841596106,0.6164704684053901
2016-11-17,16.67,2.813610696762703,-1.8256772673733712,-1.842548412049853,3.3949846507474346,1.842548412049853
2016-11-18,16.57,2.8075938314384716,-0.599880023995214,-0.6016865324231222,0.3620266832993609,0.6016865324231222
2016-11-21,16.59,2.808800104202353,0.12070006035003189,0.1206272763881596,0.014550939808825445,0.1206272763881596
2016-11-22,16.64,2.8118094353930627,0.3013863773357439,0.3009331190709406,0.09056074215376492,0.3009331190709406
2016-11-23,16.37,2.7954503913830435,-1.6225961538461564,-1.6359044010019024,2.676183209217393,1.6359044010019024
2016-11-24,16.33,2.7930039069823738,-0.24434941967014234,-0.2446484400669932,0.059852859227213166,0.2446484400669932
2016-11-25,16.52,2.804571768092832,1.1635027556644362,1.1567861110458408,1.3381541067085605,1.1567861110458408
2016-11-28,16.61,2.8100049236252036,0.5447941888619745,0.543315553237139,0.29519179038937843,0.543315553237139
2016-11-29,16.61,2.8100049236252036,0.0,0.0,0.0,0.0
2016-11-30,16.51,2.8039662579320366,-0.6020469596628386,-0.6038665693166712,0.364654833538286,0.6038665693166712
2016-12-01,16.525,2.80487438573775,0.09085402786188634,0.09081278057131867,0.008246961115094473,0.09081278057131867
2016-12-02,16.69,2.8148097376737438,0.998487140695925,0.9935351935993822,0.987112180920562,0.9935351935993822
2016-12-05,16.755,2.8186967211892737,0.38945476333132056,0.38869835155298593,0.15108640850000865,0.38869835155298593
2016-12-06,16.74,2.817801065061329,-0.08952551477171555,-0.08956561279445173,0.008021998995245656,0.08956561279445173
2016-12-07,17.12,2.840247370713596,2.2700119474313274,2.2446305652267027,5.0383663743499465,2.2446305652267027
2016-12-08,17.03,2.834976494674597,-0.5257009345794428,-0.5270876038999167,0.2778213421849555,0.5270876038999167
2016-12-09,16.86,2.8249439525737094,-0.9982384028185631,-1.0032542100887591,1.0065190100608201,1.0032542100887591
2016-12-12,17.08,2.837908188360424,1.3048635824436383,1.2964235786714255,1.680714095335226,1.2964235786714255
2016-12-13,16.92,2.8284963541780774,-0.9367681498828828,-0.941183418234637,0.8858262267598357,0.941183418234637
2016-12-14,16.84,2.8237570088141806,-0.47281323877069736,-0.47393453638966704,0.22461394478288862,0.47393453638966704
2016-12-15,15.97,2.770711962226921,-5.166270783847981,-5.3045046587259606,28.13776967444542,5.3045046587259606
2016-12-16,16.1,2.7788192719904172,0.8140262993112213,0.8107309763496372,0.657284716012836,0.8107309763496372
2016-12-19,15.9685,2.770618031704129,-0.8167701863354138,-0.8201240286288769,0.6726034223344589,0.8201240286288769
2016-12-20,16.1,2.7788192719904172,0.8234962582584604,0.8201240286288807,0.6726034223344651,0.8201240286288807
2016-12-21,15.94,2.768831673362069,-0.9937888198757849,-0.9987598628348417,0.9975212636098719,0.9987598628348417
2016-12-22,15.795,2.7596934342540487,-0.9096612296110362,-0.9138239108020413,0.8350741399535371,0.9138239108020413
2016-12-23,15.73,2.7555697170701863,-0.4115226337448541,-0.41237171838620407,0.1700504341247908,0.41237171838620407
2016-12-27,15.97,2.770711962226921,1.5257469802924417,1.5142245156734677,2.292875883866548,1.5142245156734677
2016-12-28,16.01,2.7732135270086236,0.250469630557304,0.25015647817023423,0.06257826357053488,0.25015647817023423
2016-12-29,16.17,2.783157673589016,0.9993753903810187,0.9944146580392228,0.9888605121232644,0.9944146580392228
2016-12-30,15.95,2.7694588292308535,-1.3605442176870874,-1.3698844358162028,1.8765833674914763,1.3698844358162028
2017-01-03,16.293,2.7907355677208177,2.1504702194357295,2.1276738489964266,4.526996007703269,2.1276738489964266
2017-01-04,16.42,2.7985001040242823,0.7794758485239139,0.7764536303464328,0.6028802400781549,0.7764536303464328
2017-01-05,16.59,2.808800104202353,1.0353227771010776,1.0300000178070776,1.0609000366825803,1.0300000178070776
2017-01-06,16.48,2.8021475244813256,-0.6630500301386344,-0.6652579721027448,0.44256816944625643,0.6652579721027448
2017-01-09,16.56,2.8069901489571136,0.4854368932038833,0.4842624475787991,0.23451011813500916,0.4842624475787991
2017-01-10,16.79,2.8207834710894493,1.388888888888884,1.379332213233577,1.902557354463838,1.379332213233577
2017-01-11,16.73,2.8172035149987327,-0.3573555687909402,-0.35799560907167793,0.12816085611460165,0.35799560907167793
2017-01-12,16.78,2.8201877010390604,0.2988643156007109,0.2984186040327451,0.08905366323285233,0.2984186040327451
2017-01-13,16.81,2.821973947420524,0.17878426698449967,0.17862463814640644,0.03190676135293464,0.17862463814640644
2017-01-16,16.81,2.821973947420524,0.0,0.0,0.0,0.0
2017-01-17,17.2,2.8449093838194073,2.3200475907198204,2.2935436398883224,5.260342428072175,2.2935436398883224
2017-01-18,17.07,2.837322536806349,-0.7558139534883712,-0.7586847013058104,0.5756024759954869,0.7586847013058104
2017-01-19,17.02,2.834389123145228,-0.29291154071471315,-0.2933413661121258,0.08604915707252822,0.2933413661121258
2017-01-20,17.08,2.837908188360424,0.3525264394829586,0.3519065215195702,0.12383819988800372,0.3519065215195702
2017-01-23,17.25,2.847812143477369,0.9953161592505921,0.9903955116945024,0.9808832695846151,0.9903955116945024
2017-01-24,17.1,2.8390784635086144,-0.8695652173912993,-0.8733679968754553,0.7627716579662452,0.8733679968754553
2017-01-25,16.9985,2.833125104869136,-0.5935672514620016,-0.5953358639478423,0.3544247909025238,0.5953358639478423
2017-01-26,16.8,2.8213788864092133,-1.1677500955966647,-1.174621845992257,1.3797364810822577,1.174621845992257
2017-01-27,17.14,2.8414149131696336,2.0238095238095166,2.003602676042042,4.014423683442831,2.003602676042042
2017-01-30,17.12,2.840247370713596,-0.1166861143523934,-0.11675424560377012,0.013631553866505476,0.11675424560377012
2017-01-31,17.56,2.8656235882069705,2.5700934579439227,2.5376217493374535,6.439524142710478,2.5376217493374535
2017-02-01,17.54,2.864483986944037,-0.1138952164009055,-0.11396012629335625,0.012986910384797707,0.11396012629335625
2017-02-02,17.47,2.8604851241459652,-0.3990877993158559,-0.39988627980718494,0.1599090367780302,0.39988627980718494
2017-02-03,17.48,2.8610573702273894,0.05724098454493731,0.057224608142423625,0.0032746557770539364,0.057224608142423625
2017-02-06,17.73,2.8752581200861167,1.4302059496567487,1.4200749858727102,2.0166129655013783,1.4200749858727102
2017-02-07,17.71,2.8741294517947424,-0.11280315848843925,-0.11286682913743654,0.012738921119539294,0.11286682913743654
2017-02-08,17.78,2.8780742300857587,0.39525691699604515,0.39447782910163254,0.1556127576527368,0.39447782910163254
2017-02-09,17.6525,2.870877416408365,-0.7170978627671576,-0.7196813677393697,0.5179412710712099,0.7196813677393697
2017-02-10,17.94,2.88703285663065,1.6286644951140072,1.6155440222285207,2.609982487758307,1.6155440222285207
2017-02-13,17.8255,2.8806300163978356,-0.638238573021177,-0.6402840232814451,0.4099636304694741,0.6402840232814451
2017-02-14,17.96,2.8881470628740535,0.7545370396342177,0.7517046476217841,0.5650598772561907,0.7517046476217841
2017-02-15,17.98,2.8892600290434745,0.11135857461024301,0.11129661694206507,0.012386936942748764,0.11129661694206507
2017-02-16,18.11,2.896464271895322,0.7230255839822064,0.7204242851847839,0.5190111506840068,0.7204242851847839
2017-02-17,18.01,2.8909271591878647,-0.5521811154058365,-0.5537112707457137,0.30659617135083306,0.5537112707457137
2017-02-20,18.07,2.8942531046041373,0.3331482509716821,0.33259454162724117,0.11061912912023465,0.33259454162724117
2017-02-21,17.9725,2.8888428118758895,-0.5395683453237377,-0.5410292728247543,0.29271267405328244,0.5410292728247543
2017-02-22,18.0265,2.891842897461728,0.3004590346362468,0.30000855858387304,0.09000513522357319,0.30000855858387304
2017-02-23,18.19,2.900871992530031,0.9069980306770642,0.902909506830263,0.8152455775244688,0.902909506830263
2017-02-24,18.35,2.9096295745005794,0.8796041781198527,0.8757581970548458,0.7669524197087542,0.8757581970548458
2017-02-27,18.269,2.9052056343544326,-0.4414168937329821,-0.4423940146146669,0.1957124641668821,0.4423940146146669
2017-02-28,18.31,2.907447358686419,0.22442388745962383,0.22417243319865407,0.050253279806205024,0.22417243319865407
2017-03-01,18.42,2.913437030827161,0.6007646095030239,0.5989672140741643,0.3587617235357658,0.5989672140741643
2017-03-02,17.79,2.8786365016777435,-3.4201954397394263,-3.480052914941714,12.11076829079432,3.480052914941714
2017-03-03,17.9365,2.8868377428368794,0.8234963462619538,0.8201241159135878,0.672603565503044,0.8201241159135878
2017-03-06,17.7835,2.878271061106963,-0.8530092269952272,-0.8566681729916666,0.7338803586168801,0.8566681729916666
2017-03-07,17.51,2.8627721462977607,-1.5379424747659298,-1.5498914809202304,2.402163602629105,1.5498914809202304
2017-03-08,17.23,2.8466520505398383,-1.5990862364363312,-1.6120095757922324,2.598574872445853,1.6120095757922324
2017-03-09,16.96,2.830857630363757,-1.5670342426001183,-1.5794420176081263,2.4946370869860286,1.5794420176081263
2017-03-10,17.03,2.834976494674597,0.4127358490566113,0.4118864310839974,0.16965043211111255,0.4118864310839974
2017-03-13,16.98,2.8320361808832013,-0.29359953024075125,-0.2940313791395651,0.08645445191871469,0.2940313791395651
2017-03-14,16.89,2.826721730819709,-0.5300353356890497,-0.531445006349259,0.2824337947735639,0.531445006349259
2017-03-15,17.3,2.8507065015037334,2.427471876850218,2.398477068402466,5.752692247652488,2.398477068402466
2017-03-16,17.34,2.853015971352396,0.23121387283235872,0.23094698486624182,0.05333650981880813,0.23094698486624182
2017-03-17,17.4,2.856470206220483,0.34602076124565784,0.34542348680873824,0.11931738523910657,0.34542348680873824
2017-03-20,17.43,2.8581928595319295,0.17241379310346527,0.17226533114463777,0.02967534431437171,0.17226533114463777
2017-03-21,17.5565,2.86542425171207,0.7257601835915173,0.7231392180140479,0.5229303286299687,0.7231392180140479
2017-03-22,17.54,2.864483986944037,-0.09398228576311674,-0.09402647680330571,0.008840978340042587,0.09402647680330571
2017-03-23,17.58,2.866761892257031,0.22805017103761926,0.2277905312993867,0.051888526149656874,0.2277905312993867
2017-03-24,17.77,2.87751164216656,1.0807736063708884,1.074974990952915,1.1555712311742194,1.074974990952915
2017-03-27,18.1,2.89591193827178,1.857062464828374,1.840029610522021,3.3857089675978207,1.840029610522021
2017-03-28,18.195,2.901146831064123,0.5248618784530423,0.5234892792343118,0.27404102547325926,0.5234892792343118
2017-03-29,18.24,2.9036169846461855,0.2473206924979321,0.2470153582062117,0.06101658718974308,0.2470153582062117
2017-03-30,18.12,2.8970163006148333,-0.6578947368420907,-0.6600684031351912,0.4356902968174413,0.6600684031351912
2017-03-31,18.21,2.9019708937395166,0.4966887417218624,0.49545931246833946,0.24547993031159965,0.49545931246833946
2017-04-03,18.26,2.9047128751668225,0.27457440966502933,0.2741981427305924,0.07518462147690633,0.2741981427305924
2017-04-04,18.33,2.9085390618516134,0.3833515881708438,0.38261866847910236,0.14639704546872123,0.38261866847910236
2017-04-05,18.31,2.907447358686419,-0.10911074740861393,-0.10917031651942447,0.011918158008951322,0.10917031651942447
2017-04-06,18.26,2.9047128751668225,-0.2730748225013513,-0.2734483519596793,0.07477400118946466,0.2734483519596793
2017-04-07,18.0,2.8903717578961645,-1.423877327491796,-1.4341117270657824,2.056676445707601,1.4341117270657824
2017-04-10,17.95,2.8875901149342877,-0.2777777777777768,-0.27816429618768024,0.0773753756735875,0.27816429618768024
2017-04-11,18.33,2.9085390618516134,2.116991643454025,2.094894691732563,4.388583769449269,2.094894691732563
2017-04-12,18.47,2.9161477942111484,0.7637752318603308,0.7608732359534873,0.5789280811903312,0.7608732359534873
2017-04-13,18.54,2.919930560137709,0.37899296155927686,0.37827659265604174,0.14309318055146494,0.37827659265604174
2017-04-17,18.43,2.9139797716817317,-0.5933117583603043,-0.5950788455977203,0.3541188324779154,0.5950788455977203
2017-04-18,18.3025,2.9070376625386607,-0.6918068366793317,-0.6942109143071269,0.48192879354313706,0.6942109143071269
2017-04-19,18.16,2.8992213731731473,-0.778582160906971,-0.7816289365513365,0.6109437944543732,0.7816289365513365
2017-04-20,18.03,2.8920370372152258,-0.7158590308369961,-0.7184335957921248,0.5161468315628023,0.7184335957921248
2017-04-21,17.9615,2.8882305783174997,-0.37992235163616384,-0.3806458897726427,0.14489129340080684,0.3806458897726427
2017-04-24,17.94,2.88703285663065,-0.11970047045067878,-0.11977216868493605,0.014345372391492776,0.11977216868493605
2017-04-25,17.6,2.8678989020441064,-1.8952062430323324,-1.9133954586543984,3.6610821811992755,1.9133954586543984
2017-04-26,17.51,2.8627721462977607,-0.5113636363636376,-0.5126755746345627,0.26283624482687906,0.5126755746345627
2017-04-27,17.27,2.848970892158587,-1.3706453455168632,-1.380125413917341,1.9047461581405116,1.380125413917341
2017-04-28,17.23,2.8466520505398383,-0.23161551823971394,-0.23188416187488983,0.05377026452842011,0.23188416187488983
2017-05-01,16.85,2.8243506567983707,-2.2054556006964487,-2.230139374146741,4.9735216281196175,2.230139374146741
2017-05-02,16.8415,2.8238460784815644,-0.050445103857577056,-0.05045783168064876,0.0025459927779126817,0.05045783168064876
2017-05-03,16.48,2.8021475244813256,-2.1464833892468005,-2.16985540002387,4.708272457012749,2.16985540002387
2017-05-04,16.33,2.7930039069823738,-0.910194174757295,-0.9143617498952032,0.8360574096714182,0.9143617498952032
2017-05-05,16.36,2.794839331174601,0.1837109614207133,0.18354241922274042,0.03368781965413619,0.18354241922274042
2017-05-08,16.23,2.7868613815264998,-0.7946210268948595,-0.797794964810109,0.6364768058763631,0.797794964810109
2017-05-09,16.19,2.784393767689544,-0.24645717806530687,-0.24676138369560396,0.060891180483369084,0.24676138369560396
2017-05-10,16.21,2.785628335747585,0.12353304508956331,0.12345680580409908,0.015241582899351033,0.12345680580409908
2017-05-11,16.3375,2.79346307895034,0.786551511412692,0.7834743202755439,0.6138320105312255,0.7834743202755439
2017-05-12,16.451,2.8003862656372833,0.6947207345065154,0.6923186686943112,0.4793051390226635,0.6923186686943112
2017-05-15,16.63,2.811208293204836,1.0880797519907448,1.0822027567552823,1.1711628067287327,1.0822027567552823
2017-05-16,16.85,2.8243506567983707,1.322910402886368,1.3142363593534603,1.7272172082466375,1.3142363593534603
2017-05-17,16.9,2.8273136219290276,0.2967359050444873,0.2962965130656827,0.08779162365488229,0.2962965130656827
2017-05-18,16.58,2.8081971497071487,-1.8934911242603603,-1.9116472221878924,3.654395102098685,1.9116472221878924
2017-05-19,16.85,2.8243506567983707,1.628468033775654,1.6153507091222021,2.609357913461601,1.6153507091222021
2017-05-22,17.1715,2.8432510327709193,1.9080118694362103,1.8900375972548622,3.572242119036933,1.8900375972548622
2017-05-23,17.06,2.836736542063533,-0.6493317415485089,-0.6514490707386339,0.42438589176622965,0.6514490707386339
2017-05-24,17.23,2.8466520505398383,0.9964830011723436,0.9915508476305299,0.9831730834368224,0.9915508476305299
2017-05-25,17.17,2.843163674909384,-0.34822983168890653,-0.34883756304540087,0.12168764539145402,0.34883756304540087
2017-05-26,17.34,2.853015971352396,0.9900990099009688,0.9852296443011419,0.9706774520097546,0.9852296443011419
2017-05-29,17.42,2.857618971424357,0.46136101499423265,0.460300007196094,0.21187609662472418,0.460300007196094
2017-05-30,17.4,2.856470206220483,-0.11481056257177658,-0.11487652038735931,0.013196614936307378,0.11487652038735931
2017-05-31,17.34,2.853015971352396,-0.34482758620688614,-0.34542348680874463,0.11931738523911098,0.34542348680874463
2017-06-01,17.3,2.8507065015037334,-0.23068050749711633,-0.2309469848662529,0.053336509818813244,0.2309469848662529
2017-06-02,17.53,2.863913698933143,1.3294797687861237,1.3207197429409834,1.7443006393940972,1.3207197429409834
2017-06-05,17.56,2.8656235882069705,0.17113519680547196,0.17098892738274266,0.02923721328750084,0.17098892738274266
2017-06-06,17.71,2.8741294517947424,0.8542141230068356,0.850586358777159,0.7234971537377859,0.850586358777159
2017-06-07,17.6,2.8678989020441064,-0.6211180124223614,-0.6230549750636086,0.388197501951514,0.6230549750636086
2017-06-08,17.44,2.8587664184808337,-0.909090909090915,-0.9132483563272586,0.8340225603344396,0.9132483563272586
2017-06-09,17.23,2.8466520505398383,-1.2041284403669805,-1.2114367940995396,1.4675791060981704,1.2114367940995396
2017-06-12,16.97,2.831447079246135,-1.5089959373186357,-1.5204971293703362,2.311911520423433,1.5204971293703362
2017-06-13,16.85,2.8243506567983707,-0.7071302298173099,-0.7096422447764067,0.5035921155712975,0.7096422447764067
2017-06-14,16.92,2.8284963541780774,0.4154302670623222,0.4145697379706566,0.17186806764105889,0.4145697379706566
2017-06-15,16.76,2.818995095053937,-0.9456264775413725,-0.9501259124140251,0.9027392494405837,0.9501259124140251
2017-06-16,16.7,2.8154087194227095,-0.35799522673032325,-0.3586375631227689,0.12862090168263804,0.3586375631227689
2017-06-19,16.51,2.8039662579320366,-1.1377245508981892,-1.1442461490672637,1.3092992496552627,1.1442461490672637
2017-06-20,16.46,2.800933195248924,-0.30284675953967666,-0.30330626831129254,0.09199469239692178,0.30330626831129254
2017-06-21,16.5,2.803360380906535,0.2430133657351119,0.24271856576111375,0.0589123021651321,0.24271856576111375
2017-06-22,16.55,2.806386101823072,0.3030303030303161,0.30257209165371113,0.09154987064770177,0.30257209165371113
2017-06-23,16.7,2.8154087194227095,0.9063444108761143,0.9022617599637331,0.8140762834928532,0.9022617599637331
2017-06-26,16.61,2.8100049236252036,-0.5389221556886259,-0.5403795797505949,0.2920100902114296,0.5403795797505949
2017-06-27,16.67,2.813610696762703,0.36122817579773425,0.3605773137499349,0.130015999191119,0.3605773137499349
2017-06-28,16.8,2.8213788864092133,0.7798440311937549,0.7768189646510544,0.6034477038415361,0.7768189646510544
2017-06-29,16.63,2.811208293204836,-1.0119047619047694,-1.017059320437701,1.0344096612891982,1.017059320437701
2017-06-30,16.62,2.810606789427302,-0.06013229104027129,-0.060150377753400146,0.003618067943876735,0.060150377753400146
2017-07-03,16.16,2.7825390530929495,-2.767749699157651,-2.806773633435291,7.877978229347546,2.806773633435291
2017-07-04,16.08,2.77757626375082,-0.4950495049505066,-0.49627893421291247,0.2462927805435043,0.49627893421291247
2017-07-05,16.09,2.7781979610042917,0.062189054726369264,0.06216972534715411,0.0038650747497405765,0.06216972534715411
2017-07-06,16.06,2.7763317085186157,-0.18645121193288094,-0.18662524856762605,0.03482898340292821,0.18662524856762605
2017-07-07,15.57,2.745345985845907,-3.0510585305105753,-3.098572267270855,9.601150095500047,3.098572267270855
2017-07-10,15.6725,2.7519075841659864,0.6583172768143797,0.6561598320079502,0.4305457251407015,0.6561598320079502
2017-07-11,15.85,2.7631695003232895,1.132557026639014,1.1261916157303054,1.2683075553412357,1.1261916157303054
2017-07-12,15.92,2.767576180416237,0.44164037854890204,0.4406680092947396,0.1941882944157887,0.4406680092947396
2017-07-13,15.7075,2.754138305294965,-1.3347989949748729,-1.3437875121271907,1.8057648777489848,1.3437875121271907
2017-07-14,15.96,2.7700855920216627,1.6075123348718856,1.5947286726697767,2.543159539435108,1.5947286726697767
2017-07-17,16.1155,2.7797815417795584,0.9743107769423665,0.9695949757895694,0.9401144170763758,0.9695949757895694
2017-07-18,16.2885,2.7904593373429276,1.0735006670596459,1.0677795563369314,1.140153180931094,1.0677795563369314
2017-07-19,16.27,2.7893229212309465,-0.11357706357245645,-0.11364161119813235,0.01291441579570748,0.11364161119813235
2017-07-20,16.34,2.7936160894318567,0.4302397049784856,0.42931682009103705,0.18431293201307988,0.42931682009103705
2017-07-21,16.49,2.8027541365715076,0.9179926560587415,0.913804713965061,0.835039055264767,0.913804713965061
2017-07-24,16.49,2.8027541365715076,0.0,0.0,0.0,0.0
2017-07-25,16.4975,2.8032088542754394,0.045482110369921,0.045471770393210105,0.002067681902692819,0.045471770393210105
2017-07-26,16.64,2.8118094353930627,0.8637672374602223,0.8600581117622907,0.739699955608117,0.8600581117622907
2017-07-27,16.58,2.8081971497071487,-0.36057692307693845,-0.3612285685913772,0.1304860787665753,0.3612285685913772
2017-07-28,16.73,2.8172035149987327,0.9047044632086942,0.9006365291583779,0.8111461576544496,0.9006365291583779
2017-07-31,16.8305,2.8231927166146535,0.6007172743574429,0.5989201615921073,0.35870535996151587,0.5989201615921073
2017-08-01,16.71,2.8160073426073025,-0.7159620926294519,-0.7185374007351313,0.5162959962551986,0.7185374007351313
2017-08-02,16.5825,2.808347922417574,-0.763016157989238,-0.7659420189728446,0.5866671764281975,0.7659420189728446
2017-08-03,16.66,2.8130106367386967,0.46736016885271514,0.4662714321122721,0.2174090484040292,0.4662714321122721
2017-08-04,16.28,2.7899373605743945,-2.280912364945975,-2.3073276164302357,5.3237607295416325,2.3073276164302357
2017-08-07,16.29,2.790551422613954,0.06142506142505777,0.061406203955948584,0.0037707218842795553,0.061406203955948584
2017-08-08,16.45,2.800325477211381,0.9821976672805377,0.9774054597427112,0.9553214327348607,0.9774054597427112
2017-08-09,16.9505,2.8302973319164604,3.0425531914893833,2.997185470507939,8.983120744623895,2.997185470507939
2017-08-10,17.12,2.840247370713596,0.99997050234506,0.9950038797135929,0.9900327206451022,0.9950038797135929
2017-08-11,17.12,2.840247370713596,0.0,0.0,0.0,0.0
2017-08-14,17.0765,2.837703249329068,-0.2540887850467355,-0.25441213845279753,0.06472553619212543,0.25441213845279753
2017-08-15,16.633,2.811388673808398,-2.597136415541823,-2.631457552067022,6.924568848330564,2.631457552067022
2017-08-16,17.1275,2.840685358894917,2.9730054710515263,2.929668508651922,8.582957570586776,2.929668508651922
2017-08-17,17.04,2.8355635214011694,-0.5108743249160885,-0.5121837493747583,0.26233219312358524,0.5121837493747583
2017-08-18,17.04,2.8355635214011694,0.0,0.0,0.0,0.0
2017-08-21,17.02,2.834389123145228,-0.11737089201877549,-0.11743982559415578,0.013792112635585727,0.11743982559415578
2017-08-22,16.9945,2.8328897622975204,-0.1498237367802635,-0.14993608477077094,0.022480829516387812,0.14993608477077094
2017-08-23,17.0985,2.838990740362806,0.6119626938127176,0.6100978065285615,0.37221933353096204,0.6100978065285615
2017-08-24,16.98,2.8320361808832013,-0.6930432494078431,-0.6954559479604643,0.483658975553588,0.6954559479604643
2017-08-25,17.04,2.8355635214011694,0.35335689045936647,0.3527340517968441,0.12442131129701868,0.3527340517968441
2017-08-28,17.44,2.8587664184808337,2.3474178403755985,2.3202897079664013,5.383744328894808,2.3202897079664013
2017-08-29,17.4,2.856470206220483,-0.2293577981651529,-0.2296212260350379,0.05272590744583397,0.2296212260350379
2017-08-30,17.44,2.8587664184808337,0.22988505747127963,0.22962122603503782,0.05272590744583393,0.22962122603503782
2017-08-31,17.58,2.866761892257031,0.8027522935779574,0.7995473776197128,0.6392760090585596,0.7995473776197128
2017-09-01,17.71,2.8741294517947424,0.7394766780432382,0.7367559537711306,0.5428093354172083,0.7367559537711306
2017-09-04,17.905,2.8850800034503963,1.1010728402032655,1.0950551655653757,1.1991458156314125,1.0950551655653757
2017-09-05,17.8875,2.8841021448825694,-0.09773806199386836,-0.09778585678268466,0.009562073786723715,0.09778585678268466
2017-09-06,17.8735,2.8833191689750035,-0.07826694619147423,-0.07829759075655841,0.006130512718281501,0.07829759075655841
2017-09-07,18.1275,2.8974301222636107,1.4210982739810474,1.4110953288607146,1.9911900271325285,1.4110953288607146
2017-09-08,18.01,2.8909271591878647,-0.6481864570404117,-0.650296307574604,0.422885287645164,0.650296307574604
2017-09-11,17.8,2.8791984572980396,-1.1660188784008985,-1.1728701889825348,1.375624480203927,1.1728701889825348
2017-09-12,17.907,2.8851916978546224,0.6011235955056149,0.5993240556583005,0.35918932369071366,0.5993240556583005
2017-09-13,17.78,2.8780742300857587,-0.7092198581560183,-0.7117467768863879,0.5065834744081616,0.7117467768863879
2017-09-14,17.79,2.8786365016777435,0.05624296962878361,0.05622715919851286,0.003161493431534909,0.05622715919851286
2017-09-15,17.61,2.8684669225081145,-1.0118043844856595,-1.0169579169628937,1.0342034048735078,1.0169579169628937
2017-09-18,17.22,2.8460714989995846,-2.2146507666098825,-2.239542350853005,5.015549941264204,2.239542350853005
2017-09-19,17.3175,2.851717550914623,0.5662020905923271,0.5646051915038246,0.3187790222730704,0.5646051915038246
2017-09-20,17.19,2.844327819394758,-0.7362494586400925,-0.7389731519865059,0.5460813193568715,0.7389731519865059
2017-09-21,16.96,2.830857630363757,-1.3379872018615457,-1.3470189031000857,1.814459925308958,1.3470189031000857
2017-09-22,16.99,2.8326249356838407,0.1768867924528239,0.17673053200835798,0.031233680943957242,0.17673053200835798
2017-09-25,17.19,2.844327819394758,1.1771630370806418,1.1702883710917293,1.369574871512533,1.1702883710917293
2017-09-26,16.82,2.822568654544802,-2.1524141942990127,-2.1759164849955908,4.734612549675567,2.1759164849955908
2017-09-27,16.7675,2.819442488991755,-0.31212841854936224,-0.3126165553046918,0.09772911065057142,0.3126165553046918
2017-09-28,16.88,2.826129489167811,0.6709408081109425,0.668700017605595,0.44715971354572315,0.668700017605595
2017-09-29,16.66,2.8130106367386967,-1.3033175355450122,-1.3118852429114307,1.7210428905687836,1.3118852429114307
2017-10-02,16.59,2.808800104202353,-0.42016806722688926,-0.4210532536343494,0.17728584239607179,0.4210532536343494
2017-10-03,16.637,2.811629130677606,0.2833031946956055,0.28290264752526995,0.08003390797680712,0.28290264752526995
2017-10-04,16.58,2.8081971497071487,-0.3426098455250437,-0.3431980970456941,0.11778493381578566,0.3431980970456941
2017-10-05,16.597,2.8092219561385816,0.10253317249699911,0.1024806431432965,0.010502282219063684,0.1024806431432965
2017-10-06,16.79,2.8207834710894493,1.1628607579682981,1.1561514950867626,1.3366862795913566,1.1561514950867626
2017-10-09,16.97,2.831447079246135,1.0720667063728317,1.0663608156685405,1.1371253891932749,1.0663608156685405
2017-10-10,17.117,2.8400721217135274,0.8662345315262332,0.8625042467392381,0.7439135756432205,0.8625042467392381
2017-10-11,17.173,2.8433383830017247,0.32716013320088777,0.3266261288197542,0.10668462802777869,0.3266261288197542
2017-10-12,17.25,2.847812143477369,0.44837826821173543,0.4473760475643837,0.2001453279343297,0.4473760475643837
2017-10-13,17.4,2.856470206220483,0.8695652173912993,0.8658062743114531,0.7496205046370791,0.8658062743114531
2017-10-16,17.23,2.8466520505398383,-0.9770114942528663,-0.9818155680645017,0.9639618096938201,0.9818155680645017
2017-10-17,17.03,2.834976494674597,-1.160766105629707,-1.1675555865241254,1.3631860476236946,1.1675555865241254
2017-10-18,16.99,2.8326249356838407,-0.23487962419261876,-0.2351558990756432,0.055298296870074086,0.2351558990756432
2017-10-19,17.25,2.847812143477369,1.5303119482048322,1.5187207793528164,2.3065128056380257,1.5187207793528164
2017-10-20,17.04,2.8355635214011694,-1.2173913043478257,-1.2248622076199085,1.5002874276555158,1.2248622076199085
2017-10-23,17.07,2.837322536806349,0.17605633802817433,0.17590154051796245,0.030941351956592384,0.17590154051796245
2017-10-24,16.94,2.8296776892239084,-0.7615700058582253,-0.7644847582440853,0.5844369455875176,0.7644847582440853
2017-10-25,16.94,2.8296776892239084,0.0,0.0,0.0,0.0
2017-10-26,16.81,2.821973947420524,-0.767414403778055,-0.7703741803384244,0.5934763777320993,0.7703741803384244
2017-10-27,16.85,2.8243506567983707,0.2379535990481907,0.2376709377846542,0.05648747466743697,0.2376709377846542
2017-10-30,16.8415,2.8238460784815644,-0.050445103857577056,-0.05045783168064876,0.0025459927779126817,0.05045783168064876
2017-10-31,16.71,2.8160073426073025,-0.7808093103345848,-0.7838735874261947,0.6144578010644122,0.7838735874261947
2017-11-01,17.143,2.841589927025344,2.5912627169359714,2.5582584418041696,6.544686255062298,2.5582584418041696
2017-11-02,17.12,2.840247370713596,-0.13416554862042407,-0.13425563117479092,0.01802457450214149,0.13425563117479092
2017-11-03,16.8495,2.8243209827675964,-1.580023364485994,-1.5926387945999587,2.5364983300648096,1.5926387945999587
2017-11-06,17.21,2.845490610223448,2.1395293628891254,2.116962745585165,4.481531266195481,2.116962745585165
2017-11-07,16.94,2.8296776892239084,-1.568855316676343,-1.5812920999539637,2.500484705376816,1.5812920999539637
2017-11-08,17.04,2.8355635214011694,0.590318772136933,0.588583217726113,0.3464302041888249,0.588583217726113
2017-11-09,17.0,2.833213344056216,-0.23474178403755097,-0.23501773449535157,0.055233335527327565,0.23501773449535157
2017-11-10,16.9,2.8273136219290276,-0.5882352941176561,-0.5899722127188383,0.34806721178036215,0.5899722127188383
2017-11-13,17.05,2.8361502037295256,0.887573964497057,0.8836581800498164,0.7808517791689538,0.8836581800498164
2017-11-14,17.03,2.834976494674597,-0.11730205278591699,-0.11737090549288166,0.01377592945621896,0.11737090549288166
2017-11-15,17.0,2.833213344056216,-0.17615971814445297,-0.1763150618380852,0.03108700103096781,0.1763150618380852
2017-11-16,17.07,2.837322536806349,0.4117647058823559,0.4109192750133194,0.168854650577472,0.4109192750133194
2017-11-17,17.2885,2.850041540581823,1.2800234329232607,1.271900377547364,1.6177305704051272,1.271900377547364
2017-11-20,16.9145,2.8281712422332608,-2.1632877346212775,-2.187029834856198,4.783099498551128,2.187029834856198
2017-11-21,16.9695,2.8314176150524943,0.3251647994324314,0.32463728192332075,0.10538936481456164,0.32463728192332075
2017-11-22,17.1505,2.8420273277059147,1.0666195232623243,1.0609712653420504,1.1256600258815117,1.0609712653420504
2017-11-23,17.0975,2.838932253990114,-0.30902889128597844,-0.3095073715800674,0.09579481306240192,0.3095073715800674
2017-11-24,17.0445,2.8358275710440366,-0.30998684018131994,-0.3104682946077707,0.0963905619566575,0.3104682946077707
2017-11-27,17.0525,2.836296820546737,0.046935961747185395,0.046924950270086786,0.002201950957850118,0.046924950270086786
2017-11-28,16.865,2.8252404685136137,-1.099545521184575,-1.105635203312376,1.222429202803599,1.105635203312376
2017-11-29,16.5355,2.805509584863779,-1.9537503705899795,-1.9730883649834445,3.893077696033042,1.9730883649834445
2017-11-30,16.4375,2.799565309937983,-0.5926642677874794,-0.5944274925795727,0.35334404393443797,0.5944274925795727
2017-12-01,16.4565,2.800720535943518,0.1155893536121555,0.11552260055348064,0.013345471238639045,0.11552260055348064
2017-12-04,16.3295,2.7929732880200477,-0.7717315346519538,-0.7747247923470177,0.6001985038771298,0.7747247923470177
2017-12-05,16.1005,2.778850327408814,-1.4023699439664417,-1.4122960611234059,1.994580164264687,1.4122960611234059
2017-12-06,15.9615,2.7701795725677587,-0.8633272258625535,-0.8670754841055107,0.7518198951368058,0.8670754841055107
2017-12-07,15.722,2.7550610053715645,-1.5004855433386588,-1.511856719619411,2.2857107406583665,1.511856719619411
2017-12-08,15.8515,2.7632641330694447,0.8236865538735483,0.8203127697880024,0.6729130402772642,0.8203127697880024
2017-12-11,15.7125,2.754456573916366,-0.8768886225278272,-0.880755915307891,0.7757309823498408,0.880755915307891
2017-12-12,15.738,2.7560781701127914,0.1622911694510787,0.16215961964258577,0.026295742242628088,0.16215961964258577
2017-12-13,16.08,2.77757626375082,2.173084254670221,2.1498093638028655,4.621680300694481,2.1498093638028655
2017-12-14,15.8975,2.7661618641594257,-1.1349502487562058,-1.1414399591394382,1.3028851803202424,1.1414399591394382
2017-12-15,16.0525,2.775864600686066,0.9749960685642156,0.970273652664035,0.9414309610540084,0.970273652664035
2017-12-18,16.1515,2.78201292461262,0.6167263666095657,0.614832392655401,0.37801887105836524,0.614832392655401
2017-12-19,16.1415,2.7813935953264197,-0.06191375414047462,-0.0619329286200687,0.003835687647458525,0.0619329286200687
2017-12-20,16.1835,2.7839922046773675,0.260198866276351,0.25986093509476565,0.067527705588326,0.25986093509476565
2017-12-21,16.127,2.7804948859983787,-0.3491210183211302,-0.34973186789887917,0.12231237942403907,0.34973186789887917
2017-12-22,16.3335,2.7932182134720884,1.2804613381286245,1.2723327473709845,1.6188306200325973,1.2723327473709845
2017-12-26,16.5525,2.806537147816864,1.3408026448709531,1.3318934344775646,1.7739401208044425,1.3318934344775646
2017-12-27,16.6875,2.8146599361604685,0.8155867693701913,0.8122788343604241,0.6597969047499294,0.8122788343604241
2017-12-28,16.8625,2.8250922215338745,1.048689138576786,1.0432285373406047,1.0883257811218174,1.0432285373406047
2017-12-29,16.9545,2.8305332853167586,0.5455893254262323,0.5441063782884079,0.29605175089412805,0.5441063782884079
2018-01-02,17.1825,2.8438914240136235,1.3447757232593283,1.3358138696864947,1.7843986944468075,1.3358138696864947
2018-01-03,17.1315,2.8409188741766345,-0.2968136185072079,-0.29725498369889103,0.08836052533382797,0.29725498369889103
2018-01-04,17.2225,2.846216668485214,0.5311852435571973,0.529779430857956,0.28066624536017976,0.529779430857956
2018-01-05,17.2125,2.845635864054773,-0.05806357961969377,-0.05808044304407287,0.0033733378641957927,0.05808044304407287
2018-01-08,17.1355,2.841152334941695,-0.4473493100944026,-0.44835291130780763,0.2010203330781868,0.44835291130780763
2018-01-09,16.9705,2.8314765425716626,-0.9629132502699034,-0.9675792370032429,0.9362095798797777,0.9675792370032429
2018-01-10,16.9725,2.831594387193665,0.011785156595256474,0.011784462200233093,0.0001388735493487226,0.011784462200233093
2018-01-11,16.9975,2.8330662744184774,0.14729709824714554,0.14718872248123807,0.02166452002565892,0.14718872248123807
2018-01-12,17.2555,2.848130933238223,1.5178702750404671,1.5064658819745609,2.2694394535533915,1.5064658819745609
2018-01-15,17.3525,2.8537365882316017,0.5621396076613161,0.5605654993378559,0.3142336790478998,0.5605654993378559
2018-01-16,17.1955,2.8446477216818793,-0.9047687653075953,-0.9088866549722558,0.8260749515866564,0.9088866549722558
2018-01-17,17.0005,2.8332427553884045,-1.1340176208891828,-1.1404966293474659,1.300732561552931,1.1404966293474659
2018-01-18,16.9505,2.8302973319164604,-0.29410899679419567,-0.29454234719442507,0.08675519429080124,0.29454234719442507
2018-01-19,17.0285,2.834888410936266,0.4601634170083413,0.4591079019805965,0.21078006566102497,0.4591079019805965
2018-01-22,17.0175,2.834242226339969,-0.06459758639928426,-0.06461845962968008,0.0041755453249125935,0.06461845962968008
2018-01-23,17.0525,2.836296820546737,0.2056706331717395,0.20545942067679593,0.0422135735448446,0.20545942067679593
2018-01-24,17.5605,2.8656520616057,2.9790353320627627,2.9355241058962567,8.617301776298017,2.9355241058962567
2018-01-25,17.3075,2.8511399335700434,-1.4407334643091074,-1.4512128035656378,2.1060186012328383,1.4512128035656378
2018-01-26,17.4105,2.85707347249465,0.5951177235302474,0.5933538924606413,0.3520688416981943,0.5933538924606413
2018-01-29,17.1655,2.842901555527068,-1.4071968065247797,-1.4171916967582183,2.008432305360438,1.4171916967582183
2018-01-30,17.1325,2.8409772444778416,-0.1922460749759769,-0.19243110492259885,0.03702973014173225,0.19243110492259885
2018-01-31,17.3425,2.8531601362773196,1.2257405515832431,1.2182891799477558,1.4842285259777752,1.2182891799477558
2018-02-01,17.2305,2.8466810692714315,-0.6458123107971891,-0.6479067005887923,0.41978309266785496,0.6479067005887923
2018-02-02,16.5915,2.8088905160282813,-3.7085400887960307,-3.7790553243150002,14.281259144233552,3.7790553243150002
2018-02-05,16.7345,2.817472456714708,0.8618871108700299,0.8581940686426186,0.7364970594533715,0.8581940686426186
2018-02-06,16.6395,2.811779386864687,-0.5676895037198482,-0.5693069850020588,0.3241104431721344,0.5693069850020588
2018-02-07,16.3775,2.7959084416238946,-1.5745665434658496,-1.5870945240792589,2.5188690283623694,1.5870945240792589
2018-02-08,16.4155,2.7982260104348335,0.23202564493971511,0.2317568810939129,0.05371125193437808,0.2317568810939129
2018-02-09,16.3215,2.7924832570770395,-0.5726295269714687,-0.5742753357794084,0.32979216128455224,0.5742753357794084
2018-02-12,16.5495,2.8063558898863334,1.396930429188492,1.3872632809294003,1.9244994106150042,1.3872632809294003
2018-02-13,16.5775,2.8080463542608856,0.16918940149250883,0.16904643745523973,0.02857669801630828,0.16904643745523973
2018-02-14,16.8605,2.8249736081244894,1.7071331624189279,1.6927253863603517,2.865319233628802,1.6927253863603517
2018-02-15,16.863,2.8251218726880474,0.014827555529195457,0.014826456355832952,0.00021982380807141933,0.014826456355832952
2018-02-16,16.6925,2.814959516749887,-1.011089367253759,-1.0162355938160883,1.0327347821387376,1.0162355938160883
2018-02-19,16.6675,2.813460715510078,-0.14976785981727359,-0.14988012398086906,0.02246405156452068,0.14988012398086906
2018-02-20,16.4535,2.8005382205373612,-1.283935803209857,-1.2922494972716745,1.6699087631988954,1.2922494972716745
2018-02-21,16.5055,2.8036936586966554,0.3160421794755175,0.31554381592940933,0.09956789977129296,0.31554381592940933
2018-02-22,16.62,2.810606789427302,0.6937081578867632,0.6913130730646817,0.47791376499013394,0.6913130730646817
2018-02-23,16.53,2.805176911832933,-0.5415162454873612,-0.5429877594369288,0.29483570689833605,0.5429877594369288
2018-02-26,16.665,2.813310711759703,0.8166969147005432,0.8133799926770185,0.6615870124872667,0.8133799926770185
2018-02-27,16.4275,2.7989567597898857,-1.4251425142514318,-1.4353951969817196,2.0603593715181896,1.4353951969817196
2018-02-28,16.414,2.79813462920752,-0.08217927256123359,-0.0822130582365767,0.006758986944610751,0.0822130582365767
2018-03-01,16.4745,2.801813730914373,0.3685877909101798,0.36791017068531306,0.1353578936936962,0.36791017068531306
2018-03-02,16.5185,2.8044809649388736,0.2670794257792375,0.2667234024500205,0.07114137341451561,0.2667234024500205
2018-03-05,16.437,2.7995348912243885,-0.4933862033477565,-0.49460737144849864,0.24463645189119312,0.49460737144849864
2018-03-06,16.759,2.8189354274027365,1.958994950416737,1.9400536178347947,3.7638080400738754,1.9400536178347947
2018-03-07,16.495,2.8030573046805447,-1.575272987648424,-1.5878122722191585,2.5211478118097674,1.5878122722191585
2018-03-08,16.5,2.803360380906535,0.030312215822969613,0.030307622599010986,0.0009185519876040814,0.030307622599010986
2018-03-09,16.59,2.808800104202353,0.5454545454545379,0.5439723295818122,0.2959058953506637,0.5439723295818122
2018-03-12,16.5435,2.8059932754321744,-0.2802893309222343,-0.2806828770178802,0.07878287745103446,0.2806828770178802
2018-03-13,16.6,2.8094026953624978,0.3415238613352578,0.3409419930323211,0.11624144261285128,0.3409419930323211
2018-03-14,16.55,2.806386101823072,-0.3012048192771122,-0.30165935394256793,0.09099836582104748,0.30165935394256793
2018-03-15,16.41,2.7978909051019993,-0.8459214501510659,-0.8495196721072464,0.7216836732972035,0.8495196721072464
2018-03-16,16.33,2.7930039069823738,-0.48750761730652625,-0.4886998119625844,0.23882750621226534,0.4886998119625844
2018-03-19,16.3265,2.792789554555543,-0.021432945499078038,-0.021435242683083864,0.0004594696288827003,0.021435242683083864
2018-03-20,16.2,2.785011242238338,-0.7748139527761655,-0.7778312317204521,0.6050214250397556,0.7778312317204521
2018-03-21,16.575,2.807895536071926,2.314814814814814,2.2884293833587805,5.236909042619849,2.2884293833587805
2018-03-22,16.39,2.7966713927557385,-1.1161387631975828,-1.1224143316187847,1.259813931823243,1.1224143316187847
2018-03-23,16.56,2.8069901489571136,1.037217815741287,1.0318756201375132,1.0647672954341774,1.0318756201375132
2018-03-26,16.705,2.8157080758087196,0.8756038647342868,0.8717926851606097,0.7600224858995459,0.8717926851606097
2018-03-27,16.532,2.805297896649486,-1.03561807841962,-1.0410179159233781,1.0837183012734535,1.0410179159233781
2018-03-28,16.295,2.790858312289525,-1.4335833534962372,-1.4439584359960935,2.0850159648842843,1.4439584359960935
2018-03-29,16.36,2.794839331174601,0.39889536667687686,0.39810188850759537,0.15848511363331388,0.39810188850759537
2018-04-02,16.599,2.809342452584082,1.4608801955990236,1.450312140948141,2.1034053061815805,1.450312140948141
2018-04-03,16.419,2.7984392008298906,-1.08440267485993,-1.0903251754191583,1.1888089881528183,1.0903251754191583
2018-04-04,16.32,2.792391349535961,-0.6029599853827894,-0.6047851293929855,0.3657650527348902,0.6047851293929855
2018-04-05,16.4,2.797281334830153,0.4901960784313708,0.48899852941917704,0.23911956177411775,0.48899852941917704
2018-04-06,16.37,2.7954503913830435,-0.18292682926828174,-0.18309434471090938,0.03352353906511731,0.18309434471090938
2018-04-09,16.496,2.803117927274604,0.7697006719608934,0.766753589156047,0.5879110664836801,0.766753589156047
2018-04-10,16.573,2.8077748651414067,0.4667798254122335,0.4656937866802915,0.21687070295262884,0.4656937866802915
2018-04-11,16.674,2.8138506199884215,0.6094249683219699,0.6075754847014768,0.3691479696102345,0.6075754847014768
2018-04-12,16.47,2.8015405441895487,-1.2234616768621809,-1.2310075798872715,1.5153796617399171,1.2310075798872715
2018-04-13,16.64,2.8118094353930627,1.0321797207043293,1.0268891203513761,1.054501265496023,1.0268891203513761
2018-04-16,16.672,2.8137306655709566,0.19230769230769162,0.19212301778938723,0.0369112539645012,0.19212301778938723
2018-04-17,16.781,2.820247294019025,0.6537907869481607,0.6516628448068146,0.4246644633017105,0.6516628448068146
2018-04-18,17.196,2.844676798634035,2.47303498003697,2.442950461501062,5.968006957348252,2.442950461501062
2018-04-19,17.254,2.848044000654387,0.33728774133519046,0.3367202020351891,0.11338049445861856,0.3367202020351891
2018-04-20,17.1345,2.8410939748599744,-0.6925930219079723,-0.6950025794412704,0.4830285854300194,0.6950025794412704
2018-04-23,16.621,2.8106669560889728,-2.99687764451837,-3.0427018771001366,9.258034712908694,3.0427018771001366
2018-04-24,16.7245,2.8168747102011986,0.6227062150291784,0.6207754112225468,0.38536211117852204,0.6207754112225468
2018-04-25,16.564,2.8072316656833207,-0.9596699452898427,-0.9643044517877708,0.9298830757377132,0.9643044517877708
2018-04-26,16.5145,2.804238782877326,-0.29884085969571483,-0.2992882805994896,0.08957347490419881,0.2992882805994896
2018-04-27,16.53,2.805176911832933,0.09385691362135962,0.09381289556069596,0.008800859373482047,0.09381289556069596
2018-04-30,16.33,2.7930039069823738,-1.2099213551119314,-1.2173004850559206,1.4818204709173795,1.2173004850559206
2018-05-01,16.16,2.7825390530929495,-1.0410287813839458,-1.0464853889424321,1.0951316692699935,1.0464853889424321
2018-05-02,16.39,2.7966713927557385,1.42326732673268,1.4132339662789064,1.9972302434444091,1.4132339662789064
2018-05-03,16.44,2.799717389628034,0.3050640634533197,0.3045996872295486,0.09278096946033884,0.3045996872295486
2018-05-04,16.52,2.804571768092832,0.48661800486617945,0.4854378464798143,0.23564990279495976,0.4854378464798143
2018-05-07,16.48,2.8021475244813256,-0.2421307506053183,-0.24242436115062801,0.05876957087929012,0.24242436115062801
2018-05-08,16.47,2.8015405441895487,-0.06067961165049374,-0.06069802917767686,0.0036842507460541113,0.06069802917767686
2018-05-09,16.51,2.8039662579320366,0.24286581663632845,0.24257137424878858,0.05884087160494585,0.24257137424878858
2018-05-10,16.72,2.8166056076565553,1.2719563900666087,1.263934972451875,1.5975316145869218,1.263934972451875
2018-05-11,16.68,2.8142103969306005,-0.23923444976076125,-0.2395210725954822,0.05737034421729025,0.2395210725954822
2018-05-14,16.52,2.804571768092832,-0.959232613908878,-0.9638628837768745,0.9290316587226726,0.9638628837768745
2018-05-15,16.27,2.7893229212309465,-1.5133171912832921,-1.5248846861885568,2.3252733061723734,1.5248846861885568
2018-05-16,16.37,2.7954503913830435,0.6146281499692874,0.6127470152097292,0.37545890464843207,0.6127470152097292
2018-05-17,16.43,2.799108932049177,0.36652412950517466,0.3658540666133,0.13384919805748896,0.3658540666133
2018-05-18,16.43,2.799108932049177,0.0,0.0,0.0,0.0
2018-05-21,16.5165,2.8043598812396184,0.5264759586123047,0.5250949190441847,0.2757246740060189,0.5250949190441847
2018-05-22,16.53,2.805176911832933,0.08173644537281533,0.08170305933144145,0.006675389904117042,0.08170305933144145
2018-05-23,16.46,2.800933195248924,-0.4234724742891771,-0.4243716584009117,0.18009130445394006,0.4243716584009117
2018-05-24,16.65,2.8124102164264526,1.154313487241776,1.147702117752886,1.3172201510944597,1.147702117752886
2018-05-25,16.49,2.8027541365715076,-0.960960960960966,-0.9656079854945351,0.9323987816508142,0.9656079854945351
2018-05-28,16.472,2.8016619697254885,-0.1091570648877882,-0.10921668460189835,0.011928284195430539,0.10921668460189835
2018-05-29,16.36,2.794839331174601,-0.6799417192812185,-0.6822638550887469,0.4654839679605586,0.6822638550887469
2018-05-30,16.51,2.8039662579320366,0.9168704156479413,0.9126926757435838,0.8330079203559826,0.9126926757435838
2018-05-31,16.4225,2.798652345784491,-0.5299818291944369,-0.5313912147545777,0.28237662311834577,0.5313912147545777
2018-06-01,16.4,2.797281334830153,-0.13700715481809178,-0.13710109543382867,0.018796710369155797,0.13710109543382867
2018-06-04,16.43,2.799108932049177,0.18292682926830395,0.18275972190240858,0.033401115949845725,0.18275972190240858
2018-06-05,16.49,2.8027541365715076,0.3651856360316508,0.36452045223308355,0.13287516009621175,0.36452045223308355
2018-06-06,16.66,2.8130106367386967,1.030927835051565,1.0256500167189282,1.0519579567955377,1.0256500167189282
2018-06-07,16.7,2.8154087194227095,0.24009603841537164,0.2398082684012846,0.057508005593622555,0.2398082684012846
2018-06-08,16.771,2.8196512043494906,0.42514970059881474,0.4242484926781415,0.1799867835396751,0.4242484926781415
2018-06-11,16.9255,2.8288213604594685,0.921233080913475,0.9170156109977663,0.8409176308136066,0.9170156109977663
2018-06-12,16.86,2.8249439525737094,-0.3869900446072494,-0.3877407885759046,0.15034291912546435,0.3877407885759046
2018-06-13,17.04,2.8355635214011694,1.067615658362997,1.061956882746035,1.127752420811676,1.061956882746035
2018-06-14,17.14,2.8414149131696336,0.5868544600938996,0.5851391768464087,0.3423878562804928,0.5851391768464087
2018-06-15,16.56,2.8069901489571136,-3.3838973162193753,-3.442476421252015,11.850643910876082,3.442476421252015
2018-06-18,16.47,2.8015405441895487,-0.5434782608695676,-0.5449604767564703,0.2969819212266394,0.5449604767564703
2018-06-19,16.29,2.790551422613954,-1.0928961748633892,-1.0989121575595207,1.2076079300321207,1.0989121575595207
2018-06-20,16.28,2.7899373605743945,-0.061387354205022504,-0.06140620395594097,0.0037707218842786207,0.06140620395594097
2018-06-21,16.33,2.7930039069823738,0.30712530712528885,0.30665464079793225,0.09403706872290886,0.30665464079793225
2018-06-22,16.46,2.800933195248924,0.7960808328230318,0.7929288266550075,0.628736124140487,0.7929288266550075
2018-06-25,16.3285,2.79291204728269,-0.7989064398542078,-0.8021147966233546,0.6433881469621255,0.8021147966233546
2018-06-26,16.29,2.790551422613954,-0.2357840585479276,-0.23606246687365054,0.05572548826647336,0.23606246687365054
2018-06-27,16.05,2.775708849576025,-1.4732965009207954,-1.484257303792874,2.2030197438624914,1.484257303792874
2018-06-28,16.01,2.7732135270086236,-0.24922118380061864,-0.2495322567401509,0.06226634715383258,0.2495322567401509
2018-06-29,16.0925,2.778353324944634,0.5153029356651961,0.5139797936010426,0.26417522823017037,0.5139797936010426
2018-07-02,15.85,2.7631695003232895,-1.5069131583035689,-1.5183824621344368,2.3054853013174346,1.5183824621344368
2018-07-03,16.03,2.7744619666214616,1.1356466876971671,1.1292466298172026,1.27519795095351,1.1292466298172026
2018-07-04,16.09,2.7781979610042917,0.37429819089207506,0.37359943828302333,0.13957654028539057,0.37359943828302333
2018-07-05,16.06,2.7763317085186157,-0.18645121193288094,-0.18662524856762605,0.03482898340292821,0.18662524856762605
2018-07-06,16.03,2.7744619666214616,-0.18679950186798466,-0.18697418971539254,0.0349593476197276,0.18697418971539254
2018-07-09,16.09,2.7781979610042917,0.37429819089207506,0.37359943828302333,0.13957654028539057,0.37359943828302333
2018-07-10,16.06,2.7763317085186157,-0.18645121193288094,-0.18662524856762605,0.03482898340292821,0.18662524856762605
2018-07-11,15.8055,2.760357980725555,-1.5846824408468185,-1.5973727793060624,2.551599796067974,1.5973727793060624
2018-07-12,15.9475,2.769302077133973,0.8984214355762132,0.8944096408418287,0.7999686056308091,0.8944096408418287
2018-07-13,15.81,2.7606426512213806,-0.8622041072268383,-0.8659425912592673,0.7498565713568145,0.8659425912592673
2018-07-16,15.81,2.7606426512213806,0.0,0.0,0.0,0.0
2018-07-17,15.57,2.745345985845907,-1.5180265654648917,-1.5296665375473648,2.3398797160921436,1.5296665375473648
2018-07-18,15.56,2.7447035187502458,-0.06422607578676631,-0.06424670956613869,0.004127639690075777,0.06424670956613869
2018-07-19,15.3125,2.728669488304946,-1.5906169665809822,-1.603403044529985,2.570901323208025,1.603403044529985
2018-07-20,15.52,2.7421295147550726,1.355102040816325,1.346002645012693,1.8117231203811655,1.346002645012693
2018-07-23,15.4,2.7343675094195836,-0.773195876288657,-0.7762005335489189,0.6024872682816265,0.7762005335489189
2018-07-24,15.45,2.7376090033437546,0.32467532467532756,0.3241493924171023,0.10507282860437657,0.3241493924171023
2018-07-25,15.61,2.7479117345273405,1.035598705501628,1.0302731183586327,1.0614626984124211,1.0302731183586327
2018-07-26,15.38,2.733067964077498,-1.4734144778987712,-1.4843770449842661,2.203375211676222,1.4843770449842661
2018-07-27,15.5,2.740840023925201,0.7802340702210531,0.7772059847702889,0.6040491427627546,0.7772059847702889
2018-07-30,15.51,2.7414849771884473,0.064516129032266,0.06449532632465971,0.004159647117724343,0.06449532632465971
2018-07-31,15.51,2.7414849771884473,0.0,0.0,0.0,0.0
2018-08-01,15.39,2.733717947850788,-0.7736943907156624,-0.7767029337659547,0.603267447320641,0.7767029337659547
2018-08-02,15.32,2.729159164312445,-0.4548408057180042,-0.45587835383426717,0.2078250734946413,0.45587835383426717
2018-08-03,15.42,2.7356653681351832,0.6527415143602999,0.6506203822738058,0.4233068818301132,0.6506203822738058
2018-08-06,15.31,2.7285062096695922,-0.7133592736705552,-0.7159158465591019,0.5125354993544355,0.7159158465591019
2018-08-07,15.38,2.733067964077498,0.4572175048987548,0.45617544079054884,0.20809603278045152,0.45617544079054884
2018-08-08,15.41,2.7350166493320245,0.19505851755525772,0.1948685254526378,0.03797374221208535,0.1948685254526378
2018-08-09,15.45,2.7376090033437546,0.2595717066839587,0.25923540117299587,0.06720299322132411,0.25923540117299587
2018-08-10,15.33,2.7298116928837226,-0.7766990291262044,-0.7797310460031618,0.6079805041011848,0.7797310460031618
2018-08-13,14.99,2.7073833121145063,-2.217873450750163,-2.2428380769216423,5.030322639289571,2.2428380769216423
2018-08-14,15.05,2.711377991194885,0.4002668445630464,0.39946790803784427,0.1595746095521316,0.39946790803784427
2018-08-15,14.44,2.67000213346468,-4.053156146179415,-4.13758577302047,17.119616029101405,4.13758577302047
2018-08-16,14.66,2.6851226964585053,1.5235457063711877,1.5120562993825228,2.2863142525023696,1.5120562993825228
2018-08-17,14.8155,2.695673930034155,1.0607094133697093,1.0551233575649162,1.1132852996790619,1.0551233575649162
2018-08-20,14.76,2.6919208191723265,-0.3746076743950666,-0.3753110861828275,0.14085841141173377,0.3753110861828275
2018-08-21,14.79,2.6939512767227085,0.20325203252031798,0.20304575503819214,0.04122757863902953,0.20304575503819214
2018-08-22,14.76,2.6919208191723265,-0.20283975659228792,-0.20304575503819516,0.04122757863903076,0.20304575503819516
2018-08-23,14.49,2.673458756332591,-1.8292682926829285,-1.8462062839735442,3.408477642983403,1.8462062839735442
2018-08-24,14.8155,2.695673930034155,2.2463768115942084,2.221517370156368,4.935139425906466,2.221517370156368
2018-08-27,14.89,2.7006898466959175,0.5028517431068913,0.5015916661763077,0.2515941995775245,0.5015916661763077
2018-08-28,14.71,2.688527534613346,-1.2088650100738785,-1.2162312082571503,1.4792183519386477,1.2162312082571503
2018-08-29,14.76,2.6919208191723265,0.3399048266485405,0.3393284558980308,0.11514380098214183,0.3393284558980308
2018-08-30,14.55,2.6775909936175015,-1.4227642276422703,-1.4329825554824855,2.0534390043171147,1.4329825554824855
2018-08-31,14.51,2.6748380668960965,-0.27491408934708916,-0.27529267214051434,0.07578605533426472,0.27529267214051434
2018-09-03,14.498,2.674010708878686,-0.08270158511372028,-0.0827358017410514,0.006845212889734564,0.0827358017410514
2018-09-04,14.18,2.6518325211039815,-2.1934059870326927,-2.2178187774704567,4.918720129700551,2.2178187774704567
2018-09-05,14.1945,2.65285456563426,0.10225669957686367,0.10220445302785294,0.0104457502187226,0.10220445302785294
2018-09-06,14.158,2.6502798353519976,-0.2571418507168244,-0.25747302822624923,0.06629236026399493,0.25747302822624923
2018-09-07,14.16,2.6504210882655737,0.014126289023885796,0.01412529135763224,0.00019952385593800004,0.01412529135763224
2018-09-10,14.17,2.6511270537025893,0.07062146892655718,0.07059654370154013,0.004983871982603466,0.07059654370154013
2018-09-11,14.14,2.6490076604684267,-0.21171489061396764,-0.21193932341623156,0.04491827681013,0.21193932341623156
2018-09-12,14.2525,2.6569323299236,0.7956152758132884,0.792466945517311,0.6280038597375368,0.792466945517311
2018-09-13,14.15,2.649714624089247,-0.7191720750745478,-0.7217705834353242,0.5209527751125683,0.7217705834353242
2018-09-14,14.0675,2.643867172325297,-0.5830388692579458,-0.5847451763949589,0.3419269213171716,0.5847451763949589
2018-09-17,14.1815,2.651938298302042,0.8103785320774826,0.8071125976745089,0.6514307453248938,0.8071125976745089
2018-09-18,14.1505,2.649749959154002,-0.21859464795684902,-0.2188339148040318,0.04788828226845825,0.2188339148040318
2018-09-19,14.2445,2.656370867298751,0.6642874810077526,0.6620908144749262,0.4383642466120712,0.6620908144749262
2018-09-20,14.3185,2.6615524074426293,0.5194987539050233,0.5181540143878648,0.2684835826262596,0.5181540143878648
2018-09-21,14.2995,2.6602245716196053,-0.13269546391032616,-0.13278358230240359,0.017631479729059187,0.13278358230240359
2018-09-24,14.27,2.658159431488745,-0.20630091961257868,-0.2065140130860476,0.04264803760090424,0.2065140130860476
2018-09-25,14.45,2.670694414558441,1.261387526278912,1.253498306969617,1.5712580055756964,1.253498306969617
2018-09-26,14.3285,2.6622505608552856,-0.8408304498269792,-0.8443853703155301,0.7129866536028948,0.8443853703155301
2018-09-27,14.2455,2.65644106736898,-0.5792651010224414,-0.5809493486305964,0.3375021456743143,0.5809493486305964
2018-09-28,14.63,2.683074215032033,2.6990979607595555,2.663314766305328,7.093245544420003,2.663314766305328
2018-10-01,14.5,2.6741486494265287,-0.8885850991114164,-0.8925565605504239,0.7966572137816025,0.8925565605504239
2018-10-02,14.69,2.6871669901857858,1.3103448275862073,1.3018340759257223,1.6947719612413794,1.3018340759257223
2018-10-03,14.65,2.6844403354630764,-0.2722940776038074,-0.27266547227095767,0.07434645976874438,0.27266547227095767
2018-10-04,14.59,2.6803363625346943,-0.4095563139931757,-0.4103972928382051,0.16842593796892746,0.4103972928382051
2018-10-05,14.64,2.6837575085331657,0.34270047978066653,0.3421145998471171,0.11704239942855307,0.3421145998471171
2018-10-08,14.367,2.6649339100285823,-1.8647540983606548,-1.8823598504583487,3.543278606617577,1.8823598504583487
2018-10-09,14.3865,2.6662902668539785,0.13572770933387712,0.1356356825396336,0.018397038377992267,0.1356356825396336
2018-10-10,14.29,2.659559991941776,-0.6707677336391771,-0.6730274912202446,0.45296600393821645,0.6730274912202446
2018-10-11,14.58,2.6796507265805123,2.029391182645224,2.009073463873622,4.036376183241154,2.009073463873622
2018-10-12,14.62,2.6823904543216326,0.274348422496562,0.2739727741120269,0.07506108095463973,0.2739727741120269
2018-10-15,14.7,2.6878474937846906,0.547195622435015,0.5457039463058118,0.2977927970137363,0.5457039463058118
2018-10-16,14.66,2.6851226964585053,-0.2721088435374108,-0.2724797326185142,0.074245204687857,0.2724797326185142
2018-10-17,14.62,2.6823904543216326,-0.27285129604366354,-0.2732242136873062,0.07465147094504676,0.2732242136873062
2018-10-18,14.57,2.6789646202071133,-0.341997264021876,-0.3425834114518862,0.11736339380201236,0.3425834114518862
2018-10-19,14.63,2.683074215032033,0.41180507892930596,0.4109594824919468,0.16888769625004874,0.4109594824919468
2018-10-22,14.5645,2.6785870609515685,-0.44771018455228573,-0.4487154080464296,0.20134551741827383,0.4487154080464296
2018-10-23,14.74,2.6905648867611904,1.2049847231281552,1.1977825809621951,1.4346831112564575,1.1977825809621951
2018-10-24,14.6835,2.6867244143874576,-0.3833107191316132,-0.38404723737328866,0.14749228053405514,0.38404723737328866
2018-10-25,14.65,2.6844403354630764,-0.22814724009943,-0.22840789243813178,0.05217016532802918,0.22840789243813178
2018-10-26,14.7,2.6878474937846906,0.3412969283276279,0.34071583216141343,0.11608727828544445,0.34071583216141343
2018-10-29,14.475,2.672423023459059,-1.5306122448979553,-1.5424470325631638,2.37914284826291,1.5424470325631638
2018-10-30,14.49,2.673458756332591,0.10362694300518616,0.10357328735321183,0.010727425853150991,0.10357328735321183
2018-10-31,14.2655,2.6578440348748917,-1.5493443754313385,-1.5614721457699168,2.438195262015308,1.5614721457699168
2018-11-01,14.74,2.6905648867611904,3.326206582313973,3.2720851886298625,10.706541481650923,3.2720851886298625
2018-11-02,14.74,2.6905648867611904,0.0,0.0,0.0,0.0
2018-11-05,14.65,2.6844403354630764,-0.6105834464043447,-0.612455129811426,0.3751012860323307,0.612455129811426
2018-11-06,14.54,2.6769034721053733,-0.7508532423208258,-0.7536863357703073,0.5680430927268724,0.7536863357703073
2018-11-07,14.58,2.6796507265805123,0.27510316368639653,0.2747254475138924,0.07547407151170844,0.2747254475138924
2018-11-08,14.4345,2.6696211744824283,-0.9979423868312742,-1.0029552098083911,1.005919152881794,1.0029552098083911
2018-11-09,14.1735,2.6513740239086534,-1.8081679309986387,-1.8247150573774813,3.329585040620105,1.8247150573774813
2018-11-12,13.9945,2.6386643952838176,-1.2629202384732086,-1.2709628624835856,1.6153465978124697,1.2709628624835856
2018-11-13,13.9915,2.638450002372255,-0.021436993104440027,-0.02143929115623483,0.000459643205281809,0.02143929115623483
2018-11-14,14.13,2.6483001966964363,0.9898867169352954,0.9850194324181086,0.9702632822412929,0.9850194324181086
2018-11-15,14.28,2.658859956911438,1.0615711252653925,1.0559760215002254,1.1150853579834445,1.0559760215002254
2018-11-16,14.4205,2.668650805319472,0.9838935574229879,0.9790848408033699,0.9586071254909602,0.9790848408033699
2018-11-19,14.4275,2.6691361076029843,0.04854200617177007,0.048530228351260266,0.0023551830638254656,0.048530228351260266
2018-11-20,14.31,2.6609585935683597,-0.8144169121469425,-0.8177514034624904,0.6687173578648727,0.8177514034624904
2018-11-21,14.51,2.6748380668960965,1.3976240391334604,1.3879473327736813,1.926397798553576,1.3879473327736813
2018-11-22,14.4885,2.6733552313053233,-0.1481736733287331,-0.14828355907731905,0.021988013892636767,0.14828355907731905
2018-11-23,14.2805,2.6588949703040647,-1.4356213548676555,-1.4460261001258667,2.090991482245223,1.4460261001258667
2018-11-26,14.22,2.6546494243750947,-0.4236546339413838,-0.4245545928969716,0.1802466023499133,0.4245545928969716
2018-11-27,14.16,2.6504210882655737,-0.42194092827004814,-0.4228336109521176,0.17878826255080674,0.4228336109521176
2018-11-28,14.32,2.6616571615324998,1.1299435028248705,1.123607326692597,1.2624934245972843,1.123607326692597
2018-11-29,14.32,2.6616571615324998,0.0,0.0,0.0,0.0
2018-11-30,14.18,2.6518325211039815,-0.9776536312849249,-0.9824640428518204,0.9652355954967436,0.9824640428518204
2018-12-03,14.38,2.6658383522929006,1.4104372355430161,1.400583118891917,1.9616330729250093,1.400583118891917
2018-12-04,14.54,2.6769034721053733,1.112656467315709,1.1065119812472606,1.224368764643738,1.1065119812472606
2018-12-05,14.5005,2.674183131590633,-0.2716643741402902,-0.27203405147404297,0.07400252516138225,0.27203405147404297
2018-12-06,14.47,2.6720775406433925,-0.21033757456639934,-0.2105590947240311,0.0443351323710035,0.2105590947240311
2018-12-07,14.631,2.6831425653960252,1.1126468555632263,1.1065024752632666,1.224347727763736,1.1065024752632666
2018-12-10,14.5325,2.6763875205933685,-0.6732280773699695,-0.6755044802656676,0.45630630285898965,0.6755044802656676
2018-12-11,14.54,2.6769034721053733,0.05160846378804429,0.05159515120045585,0.002662059627397901,0.05159515120045585
2018-12-12,14.7405,2.6905988074884544,1.3789546079780113,1.3695335383081075,1.8756221125507246,1.3695335383081075
2018-12-13,14.76,2.6919208191723265,0.13228859265288495,0.13220116838721463,0.017477148922944677,0.13220116838721463
2018-12-14,14.59,2.6803363625346943,-1.1517615176151796,-1.1584456637632194,1.341996355891806,1.1584456637632194
2018-12-17,14.66,2.6851226964585053,0.47978067169294203,0.4786333923811172,0.2290899243022565,0.4786333923811172
2018-12-18,14.65,2.6844403354630764,-0.06821282401091588,-0.06823609954291396,0.0046561652808304625,0.06823609954291396
2018-12-19,14.5975,2.6808502811755557,-0.3583617747440315,-0.35900542875207336,0.12888489787346002,0.35900542875207336
2018-12-20,14.77,2.6925980965432883,1.1817091967802673,1.174781536773278,1.3801116591433844,1.174781536773278
2018-12-21,14.63,2.683074215032033,-0.9478672985781866,-0.9523881511255365,0.9070431904043178,0.9523881511255365
2018-12-24,14.7755,2.6929704036671165,0.994531784005459,0.9896188635083448,0.979345495011548,0.9896188635083448
2018-12-26,15.04,2.7107133185216936,1.7901255456668208,1.7742914854577359,3.1481102753678187,1.7742914854577359
2018-12-27,15.23,2.7232671669070703,1.2632978723404298,1.255384838537672,1.575991092830257,1.255384838537672
2018-12-28,15.37,2.7324175575505043,0.9192383453709763,0.915039064343403,0.8372964892744504,0.915039064343403
2018-12-31,15.4935,2.7404205811326605,0.8035133376707915,0.800302358215633,0.6404838645655033,0.800302358215633
2019-01-02,15.53,2.7427736371605955,0.23558266369767544,0.23530560279348772,0.055368726706006614,0.23530560279348772
2019-01-03,15.73,2.7555697170701863,1.2878300064391501,1.2796079909590756,1.6373966105263218,1.2796079909590756
2019-01-04,15.69,2.753023566744941,-0.254291163382081,-0.25461503252453177,0.06482881478746837,0.25461503252453177
2019-01-07,15.67,2.7517480563679295,-0.1274697259400881,-0.1275510377011753,0.01626926721864664,0.1275510377011753
2019-01-08,15.66,2.751109690562657,-0.06381620931716903,-0.06383658052724418,0.0040751090134113314,0.06383658052724418
2019-01-09,15.75,2.7568403652716422,0.5747126436781658,0.5730674708985074,0.32840632620201166,0.5730674708985074
2019-01-10,15.57,2.745345985845907,-1.1428571428571455,-1.1494379425735133,1.3212075838276311,1.1494379425735133
2019-01-11,15.6,2.747270914255491,0.19267822736031004,0.1924928409584418,0.03705349382025197,0.1924928409584418
2019-01-14,15.6515,2.7505667590385334,0.3301282051282106,0.32958447830420934,0.10862592833905783,0.32958447830420934
2019-01-15,15.5815,2.7460843130868047,-0.4472414784525425,-0.4482445951728647,0.20092321710168534,0.4482445951728647
2019-01-16,15.6,2.747270914255491,0.11873054583961817,0.11866011686866348,0.014080223335284876,0.11866011686866348
2019-01-17,15.53,2.7427736371605955,-0.4487179487179471,-0.44972770948956453,0.20225501268273016,0.44972770948956453
2019-01-18,15.34,2.73046379593911,-1.2234385061171915,-1.2309841221485562,1.5153219089818517,1.2309841221485562
2019-01-21,15.2695,2.725857374752076,-0.4595827900912619,-0.4606421187034279,0.21219116152358297,0.4606421187034279
2019-01-22,15.34,2.73046379593911,0.46170470545858766,0.4606421187034244,0.21219116152357975,0.4606421187034244
2019-01-23,15.37,2.7324175575505043,0.19556714471968828,0.1953761611394377,0.03817184434158353,0.1953761611394377
2019-01-24,15.3165,2.7289306786815652,-0.3480806766428035,-0.34868788689391217,0.12158324246654169,0.34868788689391217
2019-01-25,15.73,2.7555697170701863,2.6997029347435753,2.663903838862114,7.096383662704308,2.663903838862114
2019-01-28,15.74,2.756205242989257,0.06357279084552303,0.06355259190707616,0.004038931938107362,0.06355259190707616
2019-01-29,15.84,2.7625383863862796,0.6353240152477735,0.6333143397022599,0.40108705287250945,0.6333143397022599
2019-01-30,16.06,2.7763317085186157,1.388888888888884,1.379332213233577,1.902557354463838,1.379332213233577
2019-01-31,16.0685,2.776860833762453,0.05292652552928434,0.05291252438375674,0.0027997352366616515,0.05291252438375674
2019-02-01,15.9205,2.7676075869582224,-0.9210567258922664,-0.9253246804230685,0.8562257642000538,0.9253246804230685
2019-02-04,15.86,2.7638002162067017,-0.38001319054050686,-0.3807370751520394,0.1449607203953297,0.3807370751520394
2019-02-05,15.85,2.7631695003232895,-0.06305170239596647,-0.06307158834123232,0.003978025255885873,0.06307158834123232
2019-02-06,15.67,2.7517480563679295,-1.135646687697156,-1.142144395536011,1.3044938202543201,1.142144395536011
2019-02-07,15.73,2.7555697170701863,0.38289725590299195,0.38216607022569227,0.14605090523174874,0.38216607022569227
2019-02-08,15.8265,2.7616857502681196,0.6134774316592484,0.6116033197933006,0.3740586207821864,0.6116033197933006
2019-02-11,15.71,2.75429745226753,-0.7361071620383464,-0.7388298000589617,0.5458694734551653,0.7388298000589617
2019-02-12,15.7,2.7536607123542622,-0.06365372374285139,-0.063673991326754,0.004054377171479544,0.063673991326754
2019-02-13,15.57,2.745345985845907,-0.8280254777069951,-0.8314726508355299,0.6913467690874631,0.8314726508355299
2019-02-14,15.61,2.7479117345273405,0.25690430314706525,0.25657486814336095,0.06583066296278306,0.25657486814336095
2019-02-15,15.7915,2.7594718205890763,1.1627162075592556,1.1560086061735462,1.3363558975473049,1.1560086061735462
2019-02-18,15.8065,2.7604212478393304,0.0949878098977397,0.0949427250254236,0.009014121035253196,0.0949427250254236
2019-02-19,15.98,2.7713379403381286,1.0976497010723563,1.0916692498798426,1.1917417511332182,1.0916692498798426
2019-02-20,16.05,2.775708849576025,0.43804755944931717,0.4370909237896318,0.19104847565927374,0.4370909237896318
2019-02-21,15.8,2.760009940032921,-1.5576323987538943,-1.5698909543103754,2.464557608425541,1.5698909543103754
2019-02-22,15.9245,2.767858803791071,0.7879746835443013,0.784886375814999,0.6160466229400038,0.784886375814999
2019-02-25,15.88,2.7650604558189897,-0.2794436246035925,-0.27983479720814125,0.07830751372852154,0.27983479720814125
2019-02-26,15.92,2.767576180416237,0.25188916876572875,0.25157245972471487,0.06328870249194328,0.25157245972471487
2019-02-27,15.76,2.757475084429733,-1.005025125628145,-1.0101095986503934,1.0203214012856587,1.0101095986503934
2019-02-28,15.63,2.749192144433385,-0.8248730964466988,-0.8282939996347808,0.6860709498309823,0.8282939996347808
2019-03-01,15.16,2.7186603802142257,-3.007037747920671,-3.0531764219159703,9.321886263343607,3.0531764219159703
2019-03-04,15.08,2.71336936257981,-0.527704485488123,-0.5291017634415548,0.279948676076963,0.5291017634415548
2019-03-05,15.13,2.7166795278002644,0.3315649867374093,0.3310165220454624,0.10957193786707409,0.3310165220454624
2019-03-06,15.07,2.712706012638404,-0.396563119629878,-0.3973515161860495,0.15788822741535238,0.3973515161860495
2019-03-07,15.02,2.7093826463359885,-0.33178500331785266,-0.3323366302415432,0.1104476358003042,0.3323366302415432
2019-03-08,15.35,2.731115474033206,2.1970705725699036,2.1732827697217445,4.723157997169417,2.1732827697217445
2019-03-11,15.3205,2.7291918008555855,-0.19218241042345818,-0.19236731776207258,0.0370051849429742,0.19236731776207258
2019-03-12,15.4425,2.737123448587917,0.7963186580072668,0.7931647732331879,0.6291103574980544,0.7931647732331879
2019-03-13,15.4525,2.7377708025512915,0.06475635421725467,0.06473539633741499,0.004190671538962201,0.06473539633741499
2019-03-14,15.1915,2.7207360609093927,-1.689047079760564,-1.7034741641898759,2.901824228062396,1.7034741641898759
2019-03-15,15.2935,2.7274279015284466,0.6714281012408341,0.6691840619053936,0.4478073087082016,0.6691840619053936
2019-03-18,15.3525,2.731278327221417,0.3857848105404127,0.38504256929706054,0.14825778017088168,0.38504256929706054
2019-03-19,15.3615,2.7318643792014647,0.05862237420615202,0.05860519800476772,0.00343456923317803,0.05860519800476772
2019-03-20,15.5005,2.740872281469437,0.9048595514761004,0.9007902267972023,0.8114230326933553,0.9007902267972023
2019-03-21,15.4715,2.738999621746145,-0.187090739008422,-0.18726597232918885,0.035068544392396525,0.18726597232918885
2019-03-22,15.44,2.73696154459663,-0.2036001680509436,-0.20380771495150324,0.041537584673753195,0.20380771495150324
2019-03-25,15.5435,2.743642544805333,0.6703367875647626,0.668100020870306,0.44635763788690325,0.668100020870306
2019-03-26,15.4335,2.7365404715018378,-0.7076913179142386,-0.710207330349563,0.5043944520822532,0.710207330349563
2019-03-27,15.2985,2.7277547843765455,-0.8747205753717568,-0.8785687125292102,0.771882982635234,0.8785687125292102
2019-03-28,15.0145,2.7090164008475353,-1.8563911494591023,-1.8738383529010372,3.511270172802872,1.8738383529010372
2019-03-29,15.1395,2.717307222364887,0.8325285557294615,0.8290821517351681,0.6873772143258162,0.8290821517351681
2019-04-01,15.115,2.7156876282314215,-0.1618283298655765,-0.16195941334653852,0.026230851571554917,0.16195941334653852
2019-04-02,15.1245,2.7163159455192427,0.06285147204763142,0.0628317287821275,0.00394782614175083,0.0628317287821275
2019-04-03,15.135,2.7170099424736818,0.06942378260439419,0.06939969544393923,0.004816317727711519,0.06939969544393923
2019-04-04,15.12,2.716018370751387,-0.09910802775024985,-0.09915717222950518,0.009832144804551753,0.09915717222950518
2019-04-05,15.1085,2.715257499351562,-0.07605820105820449,-0.07608713998249277,0.005789252870715449,0.07608713998249277
2019-04-08,15.24,2.7239235502585,0.8703709832213802,0.8666050906938316,0.7510043832164641,0.8666050906938316
2019-04-09,15.22,2.7226103524335397,-0.1312335958005173,-0.1313197824960361,0.017244885274806228,0.1313197824960361
2019-04-10,15.22,2.7226103524335397,0.0,0.0,0.0,0.0
2019-04-11,14.98,2.7067159780890733,-1.5768725361366642,-1.5894374344466378,2.52631135802031,1.5894374344466378
2019-04-12,14.9925,2.7075500760605276,0.08344459279037153,0.08340979714541918,0.006957194259839978,0.08340979714541918
2019-04-15,15.003,2.7082501811048765,0.07003501750875163,0.07001050443485372,0.0049014707312226725,0.07001050443485372
2019-04-16,15.0075,2.7085500761438612,0.029994001199762366,0.029989503898480437,0.0008993703440769733,0.029989503898480437
2019-04-17,15.0,2.70805020110221,-0.04997501249375258,-0.04998750416510425,0.002498750572656315,0.04998750416510425
2019-04-18,15.02,2.7093826463359885,0.13333333333334085,0.1332445233778695,0.01775410301019561,0.1332445233778695
2019-04-22,15.0135,2.7089497963450464,-0.04327563249000299,-0.043284999094242334,0.0018735911465885596,0.043284999094242334
2019-04-23,14.84,2.6973262377392344,-1.1556266027242246,-1.1623558605811868,1.3510711466274312,1.1623558605811868
2019-04-24,14.94,2.7040421797046714,0.6738544474393482,0.6715941965436809,0.4510387648311523,0.6715941965436809
2019-04-25,14.95,2.7047112998366956,0.0669344042838027,0.06691201320241941,0.004477217510800749,0.06691201320241941
2019-04-26,15.0535,2.7116105222969673,0.6923076923077032,0.6899222460271933,0.47599270556320705,0.6899222460271933
2019-04-29,14.91,2.702032128776647,-0.9532666821669311,-0.9578393520320141,0.9174562243011086,0.9578393520320141
2019-04-30,14.94,2.7040421797046714,0.2012072434607548,0.20100509280241,0.04040304733250546,0.20100509280241
2019-05-01,14.68,2.6864860231863696,-1.7402945113788482,-1.755615651830172,3.0821863169510797,1.755615651830172
2019-05-02,14.62,2.6823904543216326,-0.4087193460490468,-0.40955688647370825,0.16773684325803795,0.40955688647370825
2019-05-03,14.92,2.702702594775615,2.0519835841313228,2.031214045398231,4.125830498223046,2.031214045398231
2019-05-06,14.9005,2.7013947694353684,-0.13069705093834427,-0.13078253402466394,0.017104071205912383,0.13078253402466394
2019-05-07,14.92,2.702702594775615,0.13086809167477398,0.13078253402465545,0.01710407120591016,0.13078253402465545
2019-05-08,14.85,2.6979998652487085,-0.4691689008042954,-0.47027295269062264,0.2211566500323566,0.47027295269062264
2019-05-09,14.77,2.6925980965432883,-0.5387205387205385,-0.540176870542019,0.29179105146856915,0.540176870542019
2019-05-10,14.777,2.693071917921497,0.04739336492891599,0.04738213782084904,0.002245066984473933,0.04738213782084904
2019-05-13,14.76,2.6919208191723265,-0.11504364891384844,-0.11510987491703836,0.013250283303416217,0.11510987491703836
2019-05-14,14.8,2.6946271807700692,0.27100271002711285,0.2706361597743067,0.07324393097738408,0.2706361597743067
2019-05-15,14.7985,2.694525824282323,-0.01013513513513642,-0.010135648774663124,0.00010273137608333009,0.010135648774663124
2019-05-16,14.56,2.67827804276854,-1.611649829374595,-1.6247781513782815,2.639904041196226,1.6247781513782815
2019-05-17,14.43,2.6693093727857793,-0.8928571428571508,-0.8968669982760488,0.8043704125966901,0.8968669982760488
2019-05-20,14.46,2.671386216730619,0.20790020790022457,0.20768439448392906,0.04313280771215626,0.20768439448392906
2019-05-21,14.46,2.671386216730619,0.0,0.0,0.0,0.0
2019-05-22,14.44,2.67000213346468,-0.13831258644537714,-0.13840832659385635,0.019156864870511603,0.13840832659385635
2019-05-23,14.59,2.6803363625346943,1.0387811634348987,1.0334229070014065,1.0679629047152377,1.0334229070014065
2019-05-24,14.57,2.6789646202071133,-0.1370801919122644,-0.13717423275807702,0.018816770132767092,0.13717423275807702
2019-05-27,14.59,2.6803363625346943,0.13726835964309458,0.13717423275807367,0.01881677013276617,0.13717423275807367
2019-05-28,14.36,2.664446563620078,-1.5764222069910905,-1.588979891461616,2.5248570954693688,1.588979891461616
2019-05-29,14.41,2.667922410011431,0.3481894150417775,0.3475846391352544,0.12081508136278502,0.3475846391352544
2019-05-30,14.5255,2.67590572555342,0.8015267175572438,0.7983315541989598,0.6373332704297268,0.7983315541989598
2019-05-31,14.58,2.6796507265805123,0.37520223056004554,0.37450010270916495,0.1402503269291751,0.37450010270916495
2019-06-03,14.79,2.6939512767227085,1.4403292181069949,1.430055014219633,2.0450573436947153,1.430055014219633
2019-06-04,14.8,2.6946271807700692,0.06761325219744041,0.06759040473610455,0.004568462812390424,0.06759040473610455
2019-06-05,14.81,2.6953026282797072,0.06756756756756133,0.06754475096379729,0.004562293382761395,0.06754475096379729
2019-06-06,14.89,2.7006898466959175,0.5401755570560329,0.53872184162101,0.2902212226395326,0.53872184162101
2019-06-07,15.02,2.7093826463359885,0.8730691739422314,0.8692799640070952,0.7556476558241767,0.8692799640070952
2019-06-10,14.7,2.6878474937846906,-2.130492676431428,-2.1535152551298102,4.6376279540768115,2.1535152551298102
2019-06-11,14.75,2.691243082785829,0.3401360544217802,0.3395589001138329,0.11530024664651593,0.3395589001138329
2019-06-12,14.7825,2.693444048712848,0.22033898305084954,0.2200965927019097,0.04844251011899033,0.2200965927019097
2019-06-13,14.91,2.702032128776647,0.8625063419583912,0.8588080063799087,0.7375511918222334,0.8588080063799087
2019-06-14,14.86,2.698673039289613,-0.3353454057679506,-0.335908948703404,0.11283482181902608,0.335908948703404
2019-06-17,14.84,2.6973262377392344,-0.1345895020188448,-0.13468015503787387,0.018138744161025743,0.13468015503787387
2019-06-18,15.01,2.7087166456453704,1.1455525606469008,1.1390407906136202,1.297413922681701,1.1390407906136202
2019-06-19,15.16,2.7186603802142257,0.9993337774816702,0.9943734568854926,0.9887785717584047,0.9943734568854926
2019-06-20,15.4245,2.735957154355218,1.744722955145117,1.7296774140992326,2.991783956845008,1.7296774140992326
2019-06-21,15.3335,2.7300399773271296,-0.5899705014749235,-0.5917177028088507,0.3501298398173834,0.5917177028088507
2019-06-24,15.4425,2.737123448587917,0.7108618384582766,0.7083471260787738,0.5017556510240583,0.7083471260787738
2019-06-25,15.37,2.7324175575505043,-0.46948356807512415,-0.4705891037412728,0.22145410456001438,0.4705891037412728
2019-06-26,15.27,2.725890119230541,-0.6506180871828193,-0.6527438319963383,0.42607451020926396,0.6527438319963383
2019-06-27,15.26,2.725235025856311,-0.06548788474132206,-0.06550933742301114,0.004291473289601928,0.06550933742301114
2019-06-28,15.31,2.7285062096695922,0.327653997378774,0.32711838132814985,0.10700643540274886,0.32711838132814985
2019-07-01,15.15,2.7180005319553784,-1.045068582625741,-1.05056777142143,1.1036926423493902,1.05056777142143
2019-07-02,15.32,2.729159164312445,1.1221122112211157,1.1158632357067029,1.2451507608018326,1.1158632357067029
2019-07-03,15.3,2.72785282839839,-0.13054830287205776,-0.1306335914055413,0.017065135203509912,0.1306335914055413
2019-07-04,15.2815,2.7266429464595237,-0.12091503267974701,-0.12098819388659786,0.014638143059940996,0.12098819388659786
2019-07-05,15.02,2.7093826463359885,-1.7112194483525855,-1.7260300123535224,2.979179603545101,1.7260300123535224
2019-07-08,15.03,2.710048203764883,0.06657789613848664,0.06655574288944824,0.004429666911566339,0.06655574288944824
2019-07-09,15.11,2.715356776284648,0.5322687957418415,0.5308572519764998,0.281809421976041,0.5308572519764998
2019-07-10,15.2365,2.7236938650902305,0.8371939113170024,0.8337088805582173,0.695070497521636,0.8337088805582173
2019-07-11,15.115,2.7156876282314215,-0.7974272306632058,-0.8006236858809018,0.640998286393521,0.8006236858809018
2019-07-12,15.23,2.7232671669070703,0.7608336089976797,0.7579538675649021,0.5744940653565932,0.7579538675649021
2019-07-15,15.39,2.733717947850788,1.0505581089954141,1.0450780943717517,1.0921882233356919,1.0450780943717517
2019-07-16,15.5555,2.744414273838136,1.0753736192332664,1.0696325987348043,1.144113896276171,1.0696325987348043
2019-07-17,15.97,2.770711962226921,2.6646523737584804,2.629768838878517,6.915684145936464,2.629768838878517
2019-07-18,16.35,2.7942278973432626,2.37946149029431,2.3515935116341415,5.529992043959793,2.3515935116341415
2019-07-19,16.2,2.785011242238338,-0.9174311926605672,-0.9216655104924176,0.8494673132312488,0.9216655104924176
2019-07-22,16.36,2.794839331174601,0.9876543209876631,0.9828088936262693,0.9659133213908916,0.9828088936262693
2019-07-23,16.41,2.7978909051019993,0.3056234718826545,0.3051573927398671,0.09312103434379349,0.3051573927398671
2019-07-24,16.6,2.8094026953624978,1.157830591102993,1.1511790260498087,1.3252131500169861,1.1511790260498087
2019-07-25,16.41,2.7978909051019993,-1.1445783132530196,-1.1511790260498096,1.3252131500169881,1.1511790260498096
2019-07-26,16.35,2.7942278973432626,-0.3656307129798808,-0.3663007758737035,0.13417625840567718,0.3663007758737035
2019-07-29,16.46,2.800933195248924,0.6727828746177389,0.6705297905661374,0.4496102000366681,0.6705297905661374
2019-07-30,16.57,2.8075938314384716,0.6682867557715744,0.6660636189547859,0.4436407444951463,0.6660636189547859
2019-07-31,16.27,2.7893229212309465,-1.8105009052504561,-1.8270910207525148,3.3382615981144665,1.8270910207525148
2019-08-01,16.3255,2.792728302564834,0.34111862323296105,0.34053813338877625,0.11596622029191196,0.34053813338877625
2019-08-02,16.22,2.7862450486872667,-0.6462282931610219,-0.6483253877567323,0.4203258084099173,0.6483253877567323
2019-08-05,16.3955,2.7970069069343597,1.0819975339087629,1.0761858247092846,1.158175929305203,1.0761858247092846
2019-08-06,16.45,2.800325477211381,0.33240828276051015,0.3318570277021238,0.11012908683528815,0.3318570277021238
2019-08-07,17.11,2.839663087904102,4.012158054711246,3.933761069272121,15.47447615012094,3.933761069272121
2019-08-08,16.93,2.829087196145044,-1.0520163646990044,-1.0575891759058142,1.1184948649931392,1.0575891759058142
2019-08-09,16.98,2.8320361808832013,0.2953337271116352,0.29489847381573003,0.08696510985884681,0.29489847381573003
2019-08-12,17.07,2.837322536806349,0.5300353356890497,0.5286355923148025,0.2794555894620221,0.5286355923148025
2019-08-13,16.97,2.831447079246135,-0.5858230814294152,-0.5875457560214365,0.3452100154188014,0.5875457560214365
2019-08-14,17.22,2.8460714989995846,1.4731879787860835,1.46244197534497,2.1387365312508977,1.46244197534497
2019-08-15,17.27,2.848970892158587,0.29036004645761615,0.28993931590025784,0.08406480690470951,0.28993931590025784
2019-08-16,17.12,2.840247370713596,-0.8685581933989495,-0.8723521444991108,0.7609982640121975,0.8723521444991108
2019-08-19,16.88,2.826129489167811,-1.4018691588785215,-1.4117881545785158,1.9931457934082113,1.4117881545785158
2019-08-20,17.16,2.8425810940598164,1.65876777251186,1.645160489200528,2.706553035226521,1.645160489200528
2019-08-21,17.12,2.840247370713596,-0.2331002331002252,-0.23337233462201,0.05446264656692741,0.23337233462201
2019-08-22,17.0465,2.8359449040646165,-0.42932242990654235,-0.4302466648979736,0.18511219265582918,0.4302466648979736
2019-08-23,17.47,2.8604851241459652,2.484380957967902,2.4540220081348796,6.022224016410347,2.4540220081348796
2019-08-26,17.67,2.871868286331605,1.1448196908987018,1.1383162185640014,1.2957638134458476,1.1383162185640014
2019-08-27,18.2,2.9014215940827497,2.9994340690435717,2.955330775114459,8.733979990338629,2.955330775114459
2019-08-28,18.36,2.9101743851923443,0.879120879120876,0.8752791109594708,0.7661135220820016,0.8752791109594708
2019-08-29,18.27,2.9052603703899154,-0.4901960784313708,-0.49140148024290403,0.24147541478491721,0.49140148024290403
2019-08-30,18.34,2.9090844668283187,0.3831417624521105,0.3824096438403476,0.1462371357021015,0.3824096438403476
2019-09-02,18.4685,2.9160665781357356,0.7006543075245286,0.6982111307416564,0.48749878309154243,0.6982111307416564
2019-09-03,19.26,2.9580304063699794,4.285675609822137,4.196382823424414,17.609628800731453,4.196382823424414
2019-09-04,19.6,2.975529566236472,1.7653167185877505,1.7499159866492087,3.0622059603304734,1.7499159866492087
2019-09-05,18.65,2.9258461460898246,-4.846938775510223,-4.96834201466472,24.684422374682686,4.96834201466472
2019-09-06,18.05,2.89314568477889,-3.2171581769436908,-3.2700461310934528,10.693201699479259,3.2700461310934528
2019-09-09,18.01,2.8909271591878647,-0.2216066481994461,-0.22185255910252172,0.04921855798033789,0.22185255910252172
2019-09-10,18.01,2.8909271591878647,0.0,0.0,0.0,0.0
2019-09-11,18.12,2.8970163006148333,0.6107717934480839,0.6089141426968555,0.37077643317624653,0.6089141426968555
2019-09-12,18.1,2.89591193827178,-0.11037527593819041,-0.11043623430532139,0.012196161847539844,0.11043623430532139
2019-09-13,17.44,2.8587664184808337,-3.646408839779003,-3.7145519790946464,13.797896405395955,3.7145519790946464
2019-09-16,17.845,2.8817233569421234,2.322247706421998,2.29569384612899,5.270210235154515,2.29569384612899
2019-09-17,18.02,2.8914822521801917,0.9806668534603658,0.9758895238068311,0.9523603626759236,0.9758895238068311
2019-09-18,17.76,2.876948737564024,-1.442841287458374,-1.4533514616167795,2.1122304709836293,1.4533514616167795
2019-09-19,17.79,2.8786365016777435,0.16891891891890332,0.16877641137196148,0.02848547703559757,0.16877641137196148
2019-09-20,17.95,2.8875901149342877,0.8993816750983763,0.8953613256544167,0.8016719034776345,0.8953613256544167
2019-09-23,18.64,2.925309809257445,3.844011142061299,3.7719694323157418,14.227753398324339,3.7719694323157418
2019-09-24,18.61,2.9236990706541595,-0.16094420600859527,-0.16107386032858523,0.025944788481152583,0.16107386032858523
2019-09-25,17.91,2.8853592160726205,-3.7614185921547527,-3.833985458153895,14.699444493335532,3.833985458153895
2019-09-26,17.82,2.8803214220426634,-0.5025125628140725,-0.5037794029957181,0.25379368688272214,0.5037794029957181
2019-09-27,17.49,2.8616292890305104,-1.85185185185186,-1.8692133012152632,3.4939583654400623,1.8692133012152632
2019-09-30,16.99,2.8326249356838407,-2.8587764436821095,-2.9004353346670104,8.412525130584934,2.9004353346670104
2019-10-01,17.24,2.847232265235547,1.4714537963507857,1.4607329551706296,2.1337407663215204,1.4607329551706296
2019-10-02,17.56,2.8656235882069705,1.8561484918793614,1.839132297142367,3.3824076063921593,1.839132297142367
2019-10-03,17.5575,2.8654812090510386,-0.014236902050102085,-0.01423791559320124,0.00020271824043912302,0.01423791559320124
2019-10-04,17.55,2.865053949911875,-0.042716787697572034,-0.04272591391637224,0.001825503719989251,0.04272591391637224
2019-10-07,17.434,2.8584223225893846,-0.6609686609686638,-0.663162732249055,0.43978480944403175,0.663162732249055
2019-10-08,17.73,2.8752581200861167,1.6978318228748401,1.6835797496732203,2.834440773509743,1.6835797496732203
2019-10-09,17.73,2.8752581200861167,0.0,0.0,0.0,0.0
2019-10-10,17.52,2.8633430855082453,-1.1844331641285955,-1.191503457787114,1.4196804899186488,1.191503457787114
2019-10-11,17.53,2.863913698933143,0.057077625570789436,0.05706134248978815,0.0032559968067369023,0.05706134248978815
2019-10-14,17.66,2.8713021951758138,0.741585852823734,0.7388496242670857,0.5458987672796136,0.7388496242670857
2019-10-15,17.41,2.8570447537800976,-1.4156285390713452,-1.4257441395716255,2.032746351522835,1.4257441395716255
2019-10-16,17.4,2.856470206220483,-0.05743825387709567,-0.05745475596144654,0.003301048982589376,0.05745475596144654
2019-10-17,17.5485,2.8649684761736287,0.8534482758620898,0.8498269953145702,0.7222059219653905,0.8498269953145702
2019-10-18,17.5585,2.865538163146053,0.05698492748666961,0.056968697242435536,0.0032454324655002823,0.056968697242435536
2019-10-21,17.56,2.8656235882069705,0.008542870974181938,0.00854250609174034,7.29744103274208e-05,0.00854250609174034
2019-10-22,17.52,2.8633430855082453,-0.2277904328018221,-0.22805026987252178,0.05200692558893001,0.22805026987252178
2019-10-23,17.5505,2.8650824395345316,0.1740867579908656,0.1739354026286291,0.03025352428758332,0.1739354026286291
2019-10-24,17.802,2.8793108105367398,1.4330076066208841,1.4228371002207965,2.024465413764725,1.4228371002207965
2019-10-25,18.07,2.8942531046041373,1.505448825974609,1.4942294067397366,2.2327215199657853,1.4942294067397366
2019-10-28,17.8505,2.8820315190378234,-1.2147205312672993,-1.2221585566313766,1.4936715375472898,1.2221585566313766
2019-10-29,17.83,2.8808824318750488,-0.11484272149240304,-0.11490871627744524,0.01320401307653041,0.11490871627744524
2019-10-30,17.88,2.883682769745368,0.2804262478968145,0.2800337870319156,0.07841892187943628,0.2800337870319156
2019-10-31,18.12,2.8970163006148333,1.3422818791946511,1.3333530869465389,1.7778304544698644,1.3333530869465389
2019-11-01,18.117,2.896850723993874,-0.016556291390723565,-0.016557662095940694,0.00027415617408335115,0.016557662095940694
2019-11-04,18.06,2.8936995479888394,-0.3146216260970447,-0.31511760050345416,0.09929910214705454,0.31511760050345416
2019-11-05,17.58,2.866761892257031,-2.657807308970106,-2.6937655731808485,7.256372963254345,2.6937655731808485
2019-11-06,17.64,2.8701690505786455,0.34129692832765013,0.3407158321614356,0.11608727828545955,0.3407158321614356
2019-11-07,17.11,2.839663087904102,-3.0045351473922954,-3.0505962674543188,9.306137587006221,3.0505962674543188
2019-11-08,16.81,2.821973947420524,-1.7533606078316777,-1.7689140483577874,3.1290569104775368,1.7689140483577874
2019-11-11,16.86,2.8249439525737094,0.2974419988102328,0.2970005153185166,0.08820930609946442,0.2970005153185166
2019-11-12,16.7675,2.819442488991755,-0.5486358244365386,-0.5501463581954181,0.3026610154356813,0.5501463581954181
2019-11-13,16.97,2.831447079246135,1.2076934545996787,1.2004590254379772,1.441101871755498,1.2004590254379772
2019-11-14,17.03,2.834976494674597,0.3535651149086716,0.3529415428462057,0.12456773266666006,0.3529415428462057
2019-11-15,16.96,2.830857630363757,-0.41103934233704953,-0.4118864310839872,0.16965043211110414,0.4118864310839872
2019-11-18,17.0375,2.835416797022651,0.45695754716981174,0.45591666588939933,0.2078600062357062,0.45591666588939933
2019-11-19,17.15,2.8419981736119486,0.6603081438004255,0.6581376589297774,0.433145178101568,0.6581376589297774
2019-11-20,17.1485,2.8419107062299376,-0.008746355685129714,-0.00874673820112287,7.650542915898216e-05,0.00874673820112287
2019-11-21,17.1,2.8390784635086144,-0.282823570574664,-0.28322427213233003,0.08021598832488815,0.28322427213233003
2019-11-22,17.0,2.833213344056216,-0.5847953216374324,-0.5865119452398134,0.3439962619089899,0.5865119452398134
2019-11-25,16.89,2.826721730819709,-0.6470588235294117,-0.6491613236507374,0.42141042412397745,0.6491613236507374
2019-11-26,17.08,2.837908188360424,1.1249259917110566,1.1186457540714951,1.251368323102184,1.1186457540714951
2019-11-27,16.96,2.830857630363757,-0.7025761124121677,-0.7050557996666688,0.49710368064360577,0.7050557996666688
2019-11-28,16.9495,2.8302383348662956,-0.06191037735849836,-0.061929549746161806,0.00383526913176233,0.061929549746161806
2019-11-29,17.019,2.83433036701254,0.41004159414730346,0.4092032146244188,0.16744727085895814,0.4092032146244188
2019-12-02,16.91,2.827905162910489,-0.6404606616134845,-0.6425204102050832,0.4128324775301084,0.6425204102050832
2019-12-03,17.17,2.843163674909384,1.5375517445298748,1.5258511998895339,2.3282218842043303,1.5258511998895339
2019-12-04,16.86,2.8249439525737094,-1.8054746651135822,-1.8219722335674888,3.319582819890904,1.8219722335674888
2019-12-05,16.96,2.830857630363757,0.5931198102016699,0.5913677790047707,0.3497158500450353,0.5913677790047707
2019-12-06,16.57,2.8075938314384716,-2.2995283018867996,-2.326379892528554,5.4120434043611665,2.326379892528554
2019-12-09,16.61,2.8100049236252036,0.24140012070006378,0.2411092186731995,0.05813365532920074,0.2411092186731995
2019-12-10,16.67,2.813610696762703,0.36122817579773425,0.3605773137499349,0.130015999191119,0.3605773137499349
2019-12-11,16.86,2.8249439525737094,1.1397720455908589,1.1333255811006537,1.2844268727771344,1.1333255811006537
2019-12-12,16.93,2.829087196145044,0.41518386714116673,0.4143243571334591,0.17166467291405416,0.4143243571334591
2019-12-13,16.9475,2.8301203303229836,0.10336680448908009,0.10331341779397525,0.010673662296272483,0.10331341779397525
2019-12-16,17.04,2.8355635214011694,0.5458032158135229,0.5443191078185858,0.29628329113642127,0.5443191078185858
2019-12-17,17.014,2.8340365345536926,-0.1525821596244148,-0.15269868474770984,0.023316888323680472,0.15269868474770984
2019-12-18,17.015,2.834095307952869,0.005877512636653925,0.005877339917647643,3.454312450757441e-05,0.005877339917647643
2019-12-19,17.06,2.836736542063533,0.2644725242433088,0.26412341106639503,0.06976117627334788,0.26412341106639503
2019-12-20,17.18,2.8437459165561094,0.703399765533419,0.7009374492576328,0.49131330777179655,0.7009374492576328
2019-12-23,17.45,2.859339648648436,1.571594877764837,1.55937320923268,2.4316448056726276,1.55937320923268
2019-12-24,17.7825,2.8782148276255333,1.9054441260744959,1.887517897709699,3.5627238141744413,1.887517897709699
2019-12-26,17.9,2.884800712846709,0.660761985097702,0.6585885221176064,0.433738841465053,0.6585885221176064
2019-12-27,17.75,2.8763855159214247,-0.8379888268156388,-0.8415196925284472,0.7081553929131722,0.8415196925284472
2019-12-30,17.93,2.8864752876170416,1.0140845070422566,1.0089771695616738,1.0180349286966868,1.0089771695616738
2019-12-31,17.853,2.882171561330825,-0.4294478527607226,-0.4303726286216668,0.18522059946672315,0.4303726286216668
2020-01-02,18.02,2.8914822521801917,0.9354170167478637,0.9310690849366934,0.8668896409248515,0.9310690849366934
2020-01-03,18.02,2.8914822521801917,0.0,0.0,0.0,0.0
2020-01-06,18.15,2.8986705607108596,0.7214206437291759,0.7188308530667793,0.5167177953207136,0.7188308530667793
2020-01-07,18.4055,2.912649532992815,1.407713498622587,1.3978972281955138,1.9541166605967002,1.3978972281955138
2020-01-08,18.1,2.89591193827178,-1.6598299421368479,-1.6737594721034748,2.8014707704561026,1.6737594721034748
2020-01-09,17.9,2.884800712846709,-1.1049723756906271,-1.1111225425070945,1.23459330446743,1.1111225425070945
2020-01-10,18.0795,2.894778699714371,1.0027932960893882,0.9977986867661625,0.9956022193122784,0.9977986867661625
2020-01-13,17.96,2.8881470628740535,-0.6609696064603487,-0.6631636840317295,0.43978607181853563,0.6631636840317295
2020-01-14,17.8,2.8791984572980396,-0.8908685968819552,-0.8948605576014034,0.8007754175506946,0.8948605576014034
2020-01-15,18.0055,2.8906772667791287,1.1544943820224862,1.1478809481089298,1.3176306710314556,1.1478809481089298
2020-01-16,17.94,2.88703285663065,-0.3637777345811055,-0.3644410148478614,0.13281725330333913,0.3644410148478614
2020-01-17,18.02,2.8914822521801917,0.4459308807134743,0.4449395549541646,0.19797120756281006,0.4449395549541646
2020-01-20,18.0665,2.8940593946426887,0.2580466148723648,0.2577142462496638,0.06641663272003237,0.2577142462496638
2020-01-21,17.79,2.8786365016777435,-1.5304569230343623,-1.5422892964944883,2.3786562740814636,1.5422892964944883
2020-01-22,17.8375,2.881302982802955,0.2670039347948183,0.26664811252109266,0.07110121591106129,0.26664811252109266
2020-01-23,17.8,2.8791984572980396,-0.21023125437981127,-0.21045255049152756,0.04429027600838895,0.21045255049152756
2020-01-24,18.12,2.8970163006148333,1.7977528089887729,1.7817843316793893,3.174755404618168,1.7817843316793893
2020-01-27,18.1,2.89591193827178,-0.11037527593819041,-0.11043623430532139,0.012196161847539844,0.11043623430532139
2020-01-28,17.47,2.8604851241459652,-3.480662983425431,-3.542681412581504,12.55059159105048,3.542681412581504
2020-01-29,17.56,2.8656235882069705,0.5151688609044136,0.5138464061005464,0.26403812906244767,0.5138464061005464
2020-01-30,17.837,2.881274951576166,1.577448747152621,1.565136336919574,2.4496517531460227,1.565136336919574
2020-01-31,18.0315,2.8921202284302816,1.090430005045695,1.0845276854115282,1.1762003004240866,1.0845276854115282
2020-02-03,17.68,2.8724340572094973,-1.9493663866012367,-1.9686171220784314,3.875453373340366,1.9686171220784314
2020-02-04,17.59,2.8673305587494666,-0.5090497737556543,-0.5103498460030557,0.2604569653153426,0.5103498460030557
2020-02-05,17.61,2.8684669225081145,0.11370096645821892,0.11363637586480103,0.012913225919686334,0.11363637586480103
2020-02-06,17.82,2.8803214220426634,1.192504258943794,1.18544995345486,1.4052915921461295,1.18544995345486
2020-02-07,17.71,2.8741294517947424,-0.6172839506172756,-0.6191970247920995,0.38340495551138787,0.6191970247920995
2020-02-10,17.77,2.87751164216656,0.33879164313945775,0.3382190371817679,0.11439211711216209,0.3382190371817679
2020-02-11,17.65,2.8707357833793057,-0.6752954417557744,-0.6775858787254254,0.4591226230481069,0.6775858787254254
2020-02-12,17.49,2.8616292890305104,-0.9065155807365444,-0.9106494348795078,0.8292823932463669,0.9106494348795078
2020-02-13,17.65,2.8707357833793057,0.914808461978267,0.910649434879501,0.8292823932463546,0.910649434879501
2020-02-14,17.7295,2.8752299188988446,0.4504249291784834,0.44941355195390253,0.20197254067982306,0.44941355195390253
2020-02-17,17.7855,2.878383518584098,0.3158577512055949,0.3153599685252962,0.09945190974827581,0.3153599685252962
2020-02-18,18.17,2.89977188240808,2.1618734362261582,2.1388363823982144,4.574621070670281,2.1388363823982144
2020-02-19,18.435,2.9142510316861077,1.458447991194256,1.4479149278027819,2.096457638154135,1.4479149278027819
2020-02-20,18.367,2.910555576146398,-0.3688635747219893,-0.36954555397098215,0.13656391645972007,0.36954555397098215
2020-02-21,18.5,2.917770732084279,0.7241247890237945,0.7215155937881209,0.5205847520794247,0.7215155937881209
2020-02-24,18.64,2.925309809257445,0.756756756756749,0.7539077173165913,0.5683768462295135,0.7539077173165913
2020-02-25,18.0,2.8903717578961645,-3.433476394849788,-3.493805136128046,12.206674329234716,3.493805136128046
2020-02-26,17.92,2.8859174075467844,-0.4444444444444362,-0.44543503493801967,0.1984123703502348,0.44543503493801967
2020-02-27,17.7775,2.877933612775536,-0.7952008928571508,-0.7983794771248538,0.6374097894941549,0.7983794771248538
2020-02-28,16.62,2.810606789427302,-6.511039234988036,-6.732682334823371,45.32901142164268,6.732682334823371
2020-03-02,16.73,2.8172035149987327,0.6618531889289958,0.6596725571430418,0.43516788264763984,0.6596725571430418
2020-03-03,17.22,2.8460714989995846,2.9288702928870203,2.886798400085205,8.333605002734501,2.886798400085205
2020-03-04,17.22,2.8460714989995846,0.0,0.0,0.0,0.0
2020-03-05,17.44,2.8587664184808337,1.2775842044134844,1.2694919481248945,1.61160980635394,1.2694919481248945
2020-03-06,17.33,2.8524391037275145,-0.6307339449541427,-0.6327314753319001,0.4003491198756829,0.6327314753319001
2020-03-09,17.025,2.834682852035576,-1.7599538372763956,-1.7756251691938612,3.1528447414747283,1.7756251691938612
2020-03-10,16.8925,2.8268697364441926,-0.7782672540381785,-0.7813115591383452,0.6104477524431918,0.7813115591383452
2020-03-11,16.7705,2.819621390536749,-0.7222140002959843,-0.724834590744349,0.5253851839395278,0.724834590744349
2020-03-12,15.8485,2.7630748586209304,-5.497749023583076,-5.6546531915818825,31.97510271706717,5.6546531915818825
2020-03-13,14.7,2.6878474937846906,-7.2467425939363395,-7.522736483623967,56.59156420204708,7.522736483623967
2020-03-16,12.8155,2.5506553758321138,-12.819727891156463,-13.719211795257664,188.216772283137,13.719211795257664
2020-03-17,12.6545,2.5380128831414748,-1.2562912098630585,-1.2642492690639344,1.5983262143286925,1.2642492690639344
2020-03-18,11.9545,2.4811077765308513,-5.53162906475958,-5.690510661062357,32.38191158366434,5.690510661062357
2020-03-19,12.1165,2.4945681600586314,1.3551382324647587,1.3460383527780084,1.8118192471493342,1.3460383527780084
2020-03-20,12.6,2.533696813957432,3.990426278215642,3.9128653898800865,15.310515559321441,3.9128653898800865
2020-03-23,13.2735,2.5857695663933775,5.345238095238103,5.207275243594527,27.11571546255244,5.207275243594527
2020-03-24,14.414,2.6681999565022494,8.592307982069535,8.243039010887179,67.94769213500788,8.243039010887179
2020-03-25,14.5135,2.6750792507655103,0.6903010961565093,0.6879294263260959,0.4732468956053514,0.6879294263260959
2020-03-26,14.3965,2.6669851214836107,-0.8061460019981426,-0.8094129281899624,0.6551492883210491,0.8094129281899624
2020-03-27,14.5025,2.6743210483580824,0.7362900705032427,0.7335926874471579,0.5381582310759435,0.7335926874471579
2020-03-30,14.05,2.642622395779755,-3.120151697983098,-3.1698652578327478,10.048045752815073,3.1698652578327478
2020-03-31,13.978,2.637484665054937,-0.512455516014243,-0.5137730724817573,0.263962770007345,0.5137730724817573
2020-04-01,13.96,2.6361960973342264,-0.12877378738016532,-0.1288567720710831,0.01660406770857906,0.1288567720710831
2020-04-02,14.49,2.673458756332591,3.796561604584525,3.7262658998364575,13.885057556284004,3.7262658998364575
2020-04-03,14.4,2.667228206581955,-0.6211180124223614,-0.6230549750636086,0.388197501951514,0.6230549750636086
2020-04-06,15.02,2.7093826463359885,4.30555555555554,4.21544397540336,17.769967909764485,4.21544397540336
2020-04-07,15.0175,2.7092161877421796,-0.01664447403462166,-0.01664585938092564,0.00027708463452955014,0.01664585938092564
2020-04-08,14.97,2.706048198431537,-0.3162976527384731,-0.3167989310642465,0.1003615627234492,0.3167989310642465
2020-04-09,15.44,2.73696154459663,3.1396125584502332,3.091334616509312,9.556349711228775,3.091334616509312
2020-04-13,15.42,2.7356653681351832,-0.12953367875647714,-0.12961764614466856,0.016800734192084513,0.12961764614466856
2020-04-14,15.75,2.7568403652716422,2.1400778210116655,2.117499713645856,4.483805037290283,2.117499713645856
2020-04-15,15.45,2.7376090033437546,-1.904761904761909,-1.9231361927887645,3.698452816014064,1.9231361927887645
2020-04-16,15.49,2.740194654428777,0.25889967637540146,0.2585651085022764,0.06685591533479396,0.2585651085022764
2020-04-17,15.17,2.719319793360441,-2.0658489347966436,-2.087486106833639,4.357598246223463,2.087486106833639
2020-04-20,15.312,2.7286368347105983,0.9360580092287352,0.931704135015751,0.8680725952054488,0.931704135015751
2020-04-21,14.89,2.7006898466959175,-2.75600835945663,-2.7946988014680776,7.8103413909271096,2.7946988014680776
2020-04-22,15.09,2.7140322727797574,1.3431833445265218,1.3342426083839853,1.7802033380273008,1.3342426083839853
2020-04-23,15.24,2.7239235502585,0.994035785288272,0.98912774787427,0.9783737016148255,0.98912774787427
2020-04-24,15.24,2.7239235502585,0.0,0.0,0.0,0.0
2020-04-27,15.2145,2.722248920502023,-0.16732283464567788,-0.16746297564772875,0.02804384821279179,0.16746297564772875
2020-04-28,15.17,2.719319793360441,-0.2924841434158165,-0.2929127141582094,0.0857978581155289,0.2929127141582094
2020-04-29,15.29,2.727199019940971,0.7910349373764003,0.7879226580530048,0.6208221150733123,0.7879226580530048
2020-04-30,14.961,2.7054468152320954,-2.1517331589273936,-2.1752204708875644,4.731584096968318,2.1752204708875644
2020-05-01,14.95,2.7047112998366956,-0.07352449702561215,-0.07355153953998742,0.005409828968702332,0.07355153953998742
2020-05-04,14.79,2.6939512767227085,-1.070234113712376,-1.0760023113987018,1.1577809741353489,1.0760023113987018
2020-05-05,14.96,2.7053799725463312,1.1494252873563315,1.142869582362285,1.3061508822889436,1.142869582362285
2020-05-06,14.85,2.6979998652487085,-0.7352941176470673,-0.7380107297622646,0.5446598372442303,0.7380107297622646
2020-05-07,15.34,2.73046379593911,3.2996632996632913,3.2463930690401424,10.539067958711874,3.2463930690401424
2020-05-08,15.51,2.7414849771884473,1.1082138200782188,1.1021181249337246,1.214664361307429,1.1021181249337246
2020-05-11,15.49,2.740194654428777,-0.12894906511927706,-0.1290322759670183,0.016649328241228768,0.1290322759670183
2020-05-12,15.45,2.7376090033437546,-0.2582311168495832,-0.2585651085022823,0.06685591533479703,0.2585651085022823
2020-05-13,15.57,2.745345985845907,0.7766990291262266,0.7736982502152622,0.5986089823861585,0.7736982502152622
2020-05-14,15.87,2.7644305345383176,1.9267822736030782,1.9084548692410699,3.642199987929949,1.9084548692410699
2020-05-15,16.62,2.810606789427302,4.725897920604916,4.617625488898444,21.322465155724593,4.617625488898444
2020-05-18,16.979,2.8319772863338746,2.1600481347773703,2.137049690657258,4.566981380338281,2.137049690657258
2020-05-19,17.347,2.853419580779272,2.1673832381176927,2.144229444539728,4.59771991083115,2.144229444539728
2020-05-20,17.55,2.865053949911875,1.170231163890012,1.1634369132602964,1.3535854511366465,1.1634369132602964
2020-05-21,17.11,2.839663087904102,-2.5071225071225167,-2.5390862007772808,6.446958734977605,2.5390862007772808
2020-05-22,17.18,2.8437459165561094,0.40911747516072516,0.4082828652007207,0.16669489801650988,0.4082828652007207
2020-05-25,17.185,2.844036910301797,0.029103608847491635,0.029099374568783913,0.000846773600294388,0.029099374568783913
2020-05-26,17.131,2.8408896877483216,-0.3142275240034853,-0.31472225534756787,0.09905009801105971,0.31472225534756787
2020-05-27,17.24,2.847232265235547,0.6362734224505173,0.6342577487225464,0.40228289181459276,0.6342577487225464
2020-05-28,17.37,2.854744580253014,0.7540603248260114,0.751231501746678,0.5643487692165691,0.751231501746678
2020-05-29,17.86,2.882563575448353,2.820955670696601,2.78189951953394,7.738964936783166,2.78189951953394
2020-06-01,18.31,2.907447358686419,2.519596864501672,2.4883783238066277,6.192026682390682,2.4883783238066277
2020-06-02,18.07,2.8942531046041373,-1.3107591480065461,-1.319425408228214,1.7408834078781892,1.319425408228214
2020-06-03,17.65,2.8707357833793057,-2.3242944106253605,-2.35173212248315,5.5306439759191015,2.35173212248315
2020-06-04,17.71,2.8741294517947424,0.33994334277622773,0.3393668415436635,0.115169853139322,0.3393668415436635
2020-06-05,17.4,2.856470206220483,-1.7504234895539317,-1.7659245574258902,3.1184895425198262,1.7659245574258902
2020-06-08,17.77,2.87751164216656,2.126436781609198,2.1041435946076645,4.427420266728464,2.1041435946076645
2020-06-09,17.52,2.8633430855082453,-1.4068655036578503,-1.4168556658314586,2.007479977798706,1.4168556658314586
2020-06-10,18.11,2.896464271895322,3.3675799086757996,3.312118638707664,10.97012987687471,3.312118638707664
2020-06-11,17.635,2.8698855636880154,-2.622860298177787,-2.657870820730654,7.06427729969144,2.657870820730654
2020-06-12,17.5,2.8622008809294686,-0.765523107456767,-0.7684682758546996,0.5905434909950946,0.7684682758546996
2020-06-15,17.38,2.8553201198372458,-0.6857142857142895,-0.6880761092222428,0.47344873208241983,0.6880761092222428
2020-06-16,17.46,2.859912550411456,0.4602991944764101,0.4592430574210171,0.21090418578940362,0.4592430574210171
2020-06-17,17.5,2.8622008809294686,0.22909507445589838,0.2288330518012216,0.05236456559666057,0.2288330518012216
2020-06-18,17.39,2.855895328366192,-0.6285714285714228,-0.630555256327665,0.39759993128244725,0.630555256327665
2020-06-19,17.66,2.8713021951758138,1.5526164462334568,1.5406866809622186,2.373715448894377,1.5406866809622186
2020-06-22,17.71,2.8741294517947424,0.28312570781428015,0.28272566189283227,0.0799337998927401,0.28272566189283227
2020-06-23,17.95,2.8875901149342877,1.3551665725578754,1.3460663139545694,1.8118945215632416,1.3460663139545694
2020-06-24,17.5,2.8622008809294686,-2.506963788300831,-2.5389234004819463,6.446132033514809,2.5389234004819463
2020-06-25,17.8,2.8791984572980396,1.7142857142857126,1.6997576368571077,2.889176024054059,1.6997576368571077
2020-06-26,17.83,2.8808824318750488,0.16853932584268705,0.16839745770094808,0.028357703760142596,0.16839745770094808
2020-06-29,17.86,2.882563575448353,0.16825574873808868,0.1681143573304016,0.02826243714061395,0.1681143573304016
2020-06-30,18.2,2.9014215940827497,1.903695408734607,1.8858018634396723,3.5562486681525405,1.8858018634396723
2020-07-01,18.01,2.8909271591878647,-1.0439560439560291,-1.0494434894884808,1.101331637629759,1.0494434894884808
2020-07-02,17.96,2.8881470628740535,-0.27762354247640175,-0.2780096313811164,0.07728935514066422,0.2780096313811164
2020-07-03,18.0485,2.8930625788326116,0.4927616926503342,0.49155159585581,0.24162297138839356,0.49155159585581
2020-07-06,18.27,2.9052603703899154,1.2272488018394867,1.2197791557303692,1.4878611887542923,1.2197791557303692
2020-07-07,18.27,2.9052603703899154,0.0,0.0,0.0,0.0
2020-07-08,18.71,2.9290581402859983,2.4083196496989645,2.3797769896082945,5.663338520269117,2.3797769896082945
2020-07-09,18.64,2.925309809257445,-0.37413148049171285,-0.3748331028553094,0.14049985499613896,0.3748331028553094
2020-07-10,18.72,2.929592471049446,0.42918454935620964,0.4282661792000728,0.1834119202466289,0.4282661792000728
2020-07-13,19.08,2.9486406660201405,1.9230769230769162,1.9048194970694412,3.628337316415879,1.9048194970694412
2020-07-14,19.21,2.955430976780465,0.6813417190775883,0.6790310760325013,0.46108320221785665,0.6790310760325013
2020-07-15,19.41,2.9657883971809187,1.0411244143675225,1.0357420400453663,1.0727615735173373,1.0357420400453663
2020-07-16,19.17,2.9533465570575532,-1.2364760432766575,-1.244184012336572,1.547993856553931,1.244184012336572
2020-07-17,19.33,2.9616582932202395,0.8346374543557467,0.8311736162686227,0.6908495803810597,0.8311736162686227
2020-07-20,19.9,2.990719731730447,2.948784273150551,2.9061438510207256,8.445672082825574,2.9061438510207256
2020-07-21,21.3,3.0587070727153796,7.035175879396993,6.79873409849328,46.22278534201523,6.79873409849328
2020-07-22,23.0,3.1354942159291497,7.9812206572769995,7.678714321377029,58.96265362932069,7.678714321377029
2020-07-23,22.598,3.1178614067870543,-1.7478260869565276,-1.7632809142095245,3.1091595824155767,1.7632809142095245
2020-07-24,22.7525,3.124675029469374,0.6836888220196569,0.6813622682319292,0.4642545405701595,0.6813622682319292
2020-07-27,24.6,3.202746442938317,8.119986814635748,7.807141346894336,60.951456010387105,7.807141346894336
2020-07-28,24.42,3.1954024686825586,-0.7317073170731714,-0.7343974255758506,0.5393395786924371,0.7343974255758506
2020-07-29,24.31,3.1908877883280318,-0.45045045045046805,-0.45146803545268055,0.20382338703550282,0.45146803545268055
2020-07-30,23.5,3.1570004211501135,-3.3319621554915635,-3.3887367177918675,11.483536542510798,3.3887367177918675
2020-07-31,24.32,3.1912990570979662,3.489361702127658,3.4298635947852962,11.763964278833514,3.4298635947852962
2020-08-03,24.33,3.1917101567954314,0.04111842105263275,0.04110996974649984,0.0016900296125581318,0.04110996974649984
2020-08-04,26.01,3.25848107946056,6.9050554870530245,6.677092266512896,44.583561135526324,6.677092266512896
2020-08-05,26.959,3.294317193368051,3.6485966935793757,3.583611390749058,12.842270599906398,3.583611390749058
2020-08-06,28.92,3.3645333972905638,7.274008679847177,7.021620392251303,49.30315293287934,7.021620392251303
2020-08-07,28.09,3.335413641116152,-2.8699861687413564,-2.911975617441165,8.479601996571853,2.911975617441165
2020-08-10,29.13,3.3717685709713434,3.7023851904592453,3.6354929855191003,13.216809247758581,3.6354929855191003
2020-08-11,24.803,3.2109646135968646,-14.854102300034322,-16.080395737447848,258.57912707293093,16.080395737447848
2020-08-12,25.513,3.2391881261800792,2.862556948756212,2.822351258321446,7.965666625348649,2.822351258321446
2020-08-13,27.6,3.3178157727231046,8.1801434562772,7.862764654302539,61.82306800894932,7.862764654302539
2020-08-14,26.4,3.2733640101522705,-4.34782608695653,-4.445176257083392,19.759591956537914,4.445176257083392
2020-08-17,27.39,3.3101779832749867,3.750000000000009,3.68139731227164,13.552686170800856,3.68139731227164
2020-08-18,27.67,3.3203487937988347,1.0222709017889686,1.0170810523847693,1.0344538671201098,1.0170810523847693
2020-08-19,26.7,3.2846635654062037,-3.5056017347307677,-3.5685228392630823,12.734355254342251,3.5685228392630823
2020-08-20,27.24,3.3046864812813115,2.0224719101123556,2.002291587510773,4.009171601416411,2.002291587510773
2020-08-21,26.72,3.285412348668445,-1.9089574155653488,-1.9274132612866677,3.7149218797837085,1.9274132612866677
2020-08-24,26.609,3.2812495044262606,-0.4154191616766334,-0.4162844242184097,0.1732927218468529,0.4162844242184097
2020-08-25,26.54,3.2786530289040616,-0.2593107595174615,-0.25964755221993463,0.06741685137380368,0.25964755221993463
2020-08-26,27.51,3.3145495749364833,3.6548605877920304,3.58965460324219,12.885620170577843,3.58965460324219
2020-08-27,27.02,3.2965773325320527,-1.7811704834605702,-1.797224240443048,3.230014970436091,1.797224240443048
2020-08-28,27.51,3.3145495749364833,1.81347150259068,1.7972242404430436,3.230014970436075,1.7972242404430436
2020-08-31,28.14,3.337192051686243,2.2900763358778553,2.2642476749759752,5.126817533634109,2.2642476749759752
2020-09-01,28.11,3.3361253849184407,-0.10660980810235365,-0.10666667678025689,0.011377779935343795,0.10666667678025689
2020-09-02,27.447,3.312256872365508,-2.3585912486659533,-2.38685125529326,5.697058914895011,2.38685125529326
2020-09-03,26.572,3.2798580298029947,-3.1879622545269104,-3.23988425625132,10.49684999390517,3.23988425625132
2020-09-04,26.91,3.2924979647388146,1.2720156555773077,1.2639934935819785,1.5976795518175753,1.2639934935819785
2020-09-07,26.855,3.290452023357423,-0.20438498699367758,-0.20459413813917202,0.0418587613609106,0.20459413813917202
2020-09-08,26.66,3.2831643147505627,-0.7261217650344487,-0.7287708606860105,0.5311069673850285,0.7287708606860105
2020-09-09,26.98,3.2950958507796098,1.2003000750187454,1.193153602904712,1.4236155201244953,1.193153602904712
2020-09-10,26.88,3.2913825156549485,-0.3706449221645758,-0.3713335124661123,0.13788857748042038,0.3713335124661123
2020-09-11,26.7755,3.287487290295774,-0.3887648809523747,-0.3895225359174584,0.15172780598756766,0.3895225359174584
2020-09-14,27.11,3.299902663510574,1.2492763907303361,1.2415373214800054,1.5414149206277463,1.2415373214800054
2020-09-15,27.14,3.301008654406723,0.11066027296200431,0.11059908961489019,0.01223215862364251,0.11059908961489019
2020-09-16,27.165,3.3019293800034863,0.09211495946941373,0.09207255967632721,0.008477356245350837,0.09207255967632721
2020-09-17,27.02,3.2965773325320527,-0.5337750782256512,-0.5352047471433529,0.28644412136478026,0.5352047471433529
2020-09-18,26.81,3.2887749522478678,-0.7772020725388629,-0.7802380284184899,0.6087713809903722,0.7802380284184899
2020-09-21,24.73,3.208017081533325,-7.758299142111147,-8.075787071454304,65.21833682346848,8.075787071454304
2020-09-22,24.38,3.1937631240531252,-1.4152850788516025,-1.4253957480199424,2.0317530384733313,1.4253957480199424
2020-09-23,22.775,3.125663443146022,-6.583264971287939,-6.809968090710343,46.37566539649307,6.809968090710343
2020-09-24,23.14,3.1415627217655304,1.6026344676180138,1.589927861950861,2.527870606207636,1.589927861950861
2020-09-25,22.9,3.131136910560194,-1.0371650821089151,-1.042581120533668,1.0869753928932386,1.042581120533668
2020-09-28,23.688,3.16496859079929,3.441048034934502,3.3831680239096227,11.445825878004541,3.3831680239096227
2020-09-29,24.1815,3.1855878780020257,2.083333333333348,2.0619287202735825,4.2515500474890535,2.0619287202735825
2020-09-30,23.23,3.145444546782318,-3.934826210119302,-4.014333121970802,16.114870414151845,4.014333121970802
2020-10-01,23.79,3.1692653243148663,2.4106758501937,2.3820777532548387,5.67429442255162,2.3820777532548387
2020-10-02,23.7635,3.1681507900432284,-0.11139134089953595,-0.11145342716377014,0.012421866426549816,0.11145342716377014
2020-10-05,24.3615,3.19300401730063,2.5164643255412678,2.4853227257401547,6.176829051080472,2.4853227257401547
2020-10-06,23.07,3.138533072185662,-5.301397697186127,-5.447094511496781,29.670838617178354,5.447094511496781
2020-10-07,23.81,3.170105660498771,3.20762895535327,3.1572588313109087,9.968283327890726,3.1572588313109087
2020-10-08,23.84,3.171364842197149,0.12599748005039935,0.12591816983776014,0.015855385495291006,0.12591816983776014
2020-10-09,25.15,3.224857896545748,5.49496644295302,5.34930543485992,28.615068635421878,5.34930543485992
2020-10-12,25.1,3.2228678461377385,-0.1988071570576455,-0.19900504080099252,0.039603006264204696,0.19900504080099252
2020-10-13,24.13,3.1834558796369405,-3.8645418326693326,-3.9411966500797937,15.533031034600187,3.9411966500797937
2020-10-14,24.2625,3.1889319484951284,0.5491089929548387,0.5476068858188385,0.2998733013962065,0.5476068858188385
2020-10-15,24.2795,3.189632372898532,0.07006697578566534,0.07004244034034735,0.0049059434488311175,0.07004244034034735
2020-10-16,24.14,3.1838702156693857,-0.5745587841594735,-0.5762157229146769,0.33202455933408376,0.5762157229146769
2020-10-19,24.39,3.194173212227829,1.035625517812755,1.0302996558443431,1.0615173808329719,1.0302996558443431
2020-10-20,24.62,3.2035591207563074,0.9430094300943104,0.938590852847863,0.8809527890496789,0.938590852847863
2020-10-21,25.0425,3.2205743815037824,1.7160844841592082,1.7015260747474656,2.8951909830455183,1.7015260747474656
2020-10-22,24.71,3.2072080200005186,-1.327742837176793,-1.3366361503263458,1.7865961983592336,1.3366361503263458
2020-10-23,24.62,3.2035591207563074,-0.3642250101173583,-0.36488992442112217,0.13314465694405225,0.36488992442112217
2020-10-26,24.2915,3.190126494915545,-1.3342810722989484,-1.343262584076278,1.8043543697792797,1.343262584076278
2020-10-27,24.3715,3.193414416830327,0.3293333058888903,0.32879219147822203,0.10810430517705182,0.32879219147822203
2020-10-28,23.3995,3.1527146546139995,-3.9882649816383897,-4.069976221632747,16.564706444655975,4.069976221632747
2020-10-29,23.2805,3.1476161002958256,-0.5085578751682696,-0.5098554318173846,0.2599525613536917,0.5098554318173846
2020-10-30,23.65,3.1633631149379418,1.587165224114595,1.5747014642116295,2.4796847013902497,1.5747014642116295
2020-11-02,24.1,3.1822118404966093,1.902748414376343,1.884872555866755,3.552744551859673,1.884872555866755
2020-11-03,24.23,3.1875915348284343,0.5394190871369275,0.5379694331825033,0.2894111110387039,0.5379694331825033
2020-11-04,23.9,3.173878458937465,-1.3619479983491667,-1.371307589096951,1.8804845039148923,1.371307589096951
2020-11-05,25.37,3.2335673736111907,6.150627615062776,5.968891467372566,35.62766534927302,5.968891467372566
2020-11-06,25.58,3.2418107961506966,0.8277493102089029,0.8243422539506072,0.6795401516483675,0.8243422539506072
2020-11-09,24.1,3.1822118404966093,-5.785770132916324,-5.959895565408713,35.520355150578446,5.959895565408713
2020-11-10,24.24,3.1880041612011136,0.5809128630705374,0.5792320704504371,0.3355097914383002,0.5792320704504371
2020-11-11,24.28,3.1896529661912973,0.16501650165017256,0.16488049901838858,0.02718557895655284,0.16488049901838858
2020-11-12,24.29,3.190064743014081,0.04118616144974663,0.041177682278355394,0.0016956015178171838,0.041177682278355394
2020-11-13,24.63,3.2039652121324464,1.3997529847673995,1.390046911836547,1.9322304171063212,1.390046911836547
2020-11-16,24.77,3.209633243501268,0.568412505075111,0.5668031368821638,0.32126579597946087,0.5668031368821638
2020-11-17,24.49,3.1982648709640764,-1.1303996770286706,-1.1368372537191889,1.2923989414437873,1.1368372537191889
2020-11-18,24.34,3.1921210875593813,-0.6124948958758591,-0.6143783404695172,0.37746074523807804,0.6143783404695172
2020-11-19,24.049,3.1800934156457163,-1.195562859490551,-1.2027671913664866,1.4466489166276266,1.2027671913664866
2020-11-20,24.2,3.186352633162641,0.6278847353320405,0.625921751692456,0.39177803924175253,0.625921751692456
2020-11-23,23.6,3.1612467120315646,-2.4793388429751984,-2.5105921131076245,6.303072758398208,2.5105921131076245
2020-11-24,23.27,3.1471649773142003,-1.3983050847457656,-1.408173471736405,1.9829525265021597,1.408173471736405
2020-11-25,23.3365,3.150018658458613,0.2857756768371411,0.285368114441279,0.08143496073977093,0.285368114441279
2020-11-26,23.3295,3.1497186541705875,-0.02999592912391602,-0.030000428802572164,0.0009000257283382015,0.030000428802572164
2020-11-27,22.6915,3.1219904050244907,-2.734734992177279,-2.7728249146096946,7.68855800708026,2.7728249146096946
2020-11-30,22.63,3.119276459645446,-0.2710265958619007,-0.2713945379044542,0.07365499520437224,0.2713945379044542
2020-12-01,24.0045,3.1782413127720175,6.07379584622183,5.896485312657158,34.76853904238158,5.896485312657158
2020-12-02,24.09,3.18179681662678,0.3561832156470546,0.35555038547623047,0.1264160766122961,0.35555038547623047
2020-12-03,24.06,3.180550710546533,-0.12453300124533051,-0.1246106080247183,0.015527803632289987,0.1246106080247183
2020-12-04,24.17,3.1851121947153915,0.4571903574397407,0.45614841688588914,0.2080713782275029,0.45614841688588914
2020-12-07,24.49,3.1982648709640764,1.323955316508063,1.315267624868468,1.7299289250271412,1.315267624868468
2020-12-08,24.55,3.2007118542405295,0.24499795835035698,0.2446983276453312,0.05987727155242186,0.2446983276453312
2020-12-09,23.96,3.1763857732472487,-2.4032586558044855,-2.432608099328103,5.917582164916687,2.432608099328103
2020-12-10,23.99,3.177637076851603,0.12520868113521377,0.12513036043544898,0.015657607102705376,0.12513036043544898
2020-12-11,23.96,3.1763857732472487,-0.12505210504375475,-0.12513036043544706,0.015657607102704897,0.12513036043544706
2020-12-14,23.84,3.171364842197149,-0.5008347245409106,-0.5020931050099681,0.2520974860985508,0.5020931050099681
2020-12-15,24.5,3.1986731175506815,2.7684563758389347,2.7308275353532374,7.457419027843437,2.7308275353532374
2020-12-16,25.35,3.232778730037192,3.469387755102038,3.410561248651084,11.631928030800442,3.410561248651084
2020-12-17,26.0675,3.260689327681611,2.83037475345167,2.7910597644418904,7.790014608686421,2.7910597644418904
2020-12-18,25.7725,3.2493080319884027,-1.131677376042961,-1.138129569320836,1.2953389165624316,1.138129569320836
2020-12-21,26.17,3.2646137165420543,1.5423416432243764,1.5305684553651846,2.342639796558967,1.5305684553651846
2020-12-22,25.19,3.226447090364519,-3.744745892243029,-3.816662617753569,14.566913537757527,3.816662617753569
2020-12-23,25.56,3.241028629509334,1.4688368400158636,1.4581539144815077,2.126212838317744,1.4581539144815077
2020-12-24,25.7945,3.2501612909072755,0.9174491392801354,0.9132661397941694,0.8340550420945433,0.9132661397941694
2020-12-28,26.26,3.26804686887465,1.8046482777336337,1.7885577967374562,3.1989389922703437,1.7885577967374562
2020-12-29,26.21,3.266141017335315,-0.19040365575019313,-0.19058515393351824,0.03632270089986284,0.19058515393351824
2020-12-30,26.68,3.283914221047423,1.7932086989698615,1.7773203712108019,3.1588677019209026,1.7773203712108019
2020-12-31,26.389,3.272947256655928,-1.0907046476761662,-1.0966964391494947,1.2027430796431813,1.0966964391494947
2021-01-04,27.24,3.3046864812813115,3.224828527037782,3.173922462538356,10.073783798205543,3.173922462538356
2021-01-05,27.58,3.3170908723651555,1.2481644640234935,1.2404391083844122,1.5386891816095154,1.2404391083844122
2021-01-06,27.3,3.3068867021909143,-1.015228426395931,-1.0204170174241622,1.041250889448823,1.0204170174241622
2021-01-07,27.13,3.3006401266708405,-0.6227106227106316,-0.6246575520073762,0.3901970572798478,0.6246575520073762
2021-01-08,25.31,3.2311995745570328,-6.708440840398088,-6.944055211380776,48.21990277870451,6.944055211380776
2021-01-11,24.91,3.215269329274089,-1.5804030027656957,-1.5930245282943536,2.537727147747448,1.5930245282943536
2021-01-12,25.55,3.2406373166497136,2.569249297470888,2.5367987375624317,6.435347834898347,2.5367987375624317
2021-01-13,25.21,3.2272407411998283,-1.3307240704500956,-1.339657544988496,1.7946823378446042,1.339657544988496
2021-01-14,25.51,3.23907053215372,1.1900039666798978,1.182979095389166,1.3994395401277693,1.182979095389166
2021-01-15,24.71,3.2072080200005186,-3.1360250882007112,-3.1862512153201377,10.152196807129055,3.1862512153201377
2021-01-18,24.9715,3.21773517457393,1.0582760016187631,1.0527154573411273,1.1082098341249387,1.0527154573411273
2021-01-19,25.22,3.2276373305367736,0.9951344532767248,0.990215596284327,0.9805269271247252,0.990215596284327
2021-01-20,25.84,3.2519236789144013,2.4583663758921626,2.4286348377627736,5.898267175195014,2.4286348377627736
2021-01-21,25.9375,3.255689797990917,0.3773219814241502,0.3766119076515975,0.14183652898497542,0.3766119076515975
2021-01-22,25.45,3.2367157429965316,-1.8795180722891547,-1.897405499438529,3.6001476292995735,1.897405499438529
2021-01-25,25.34,3.232384174892993,-0.43222003929273,-0.43315681035387477,0.18762482235594263,0.43315681035387477
2021-01-26,25.48,3.2378938307039626,0.5524861878453136,0.55096558109697,0.30356307155352186,0.55096558109697
2021-01-27,25.27,3.2296179214001026,-0.8241758241758323,-0.8275909303859822,0.6849067480571356,0.8275909303859822
2021-01-28,26.47,3.27601201623901,4.748713889988121,4.639409483890698,21.52412035921495,4.639409483890698
2021-01-29,26.91,3.2924979647388146,1.6622591613147053,1.6485948499804632,2.717864979382106,1.6485948499804632
2021-02-01,29.04,3.3686741899565953,7.915273132664424,7.6176225217780775,58.028172884300595,7.6176225217780775
2021-02-02,26.7,3.2846635654062037,-8.057851239669422,-8.40106245503915,70.57785037346845,8.40106245503915
2021-02-03,26.89,3.2917544702807735,0.7116104868913897,0.7090904874569495,0.5028093194019342,0.7090904874569495
2021-02-04,26.37,3.2722270003651954,-1.9338043882484168,-1.9527469915577953,3.8132208130380203,1.9527469915577953
2021-02-05,26.86,3.2906381910950917,1.858172165339389,1.8411190729896079,3.389719440926113,1.8411190729896079
2021-02-08,27.27,3.305787196857497,1.5264333581533895,1.5149005762405658,2.2949237558939983,1.5149005762405658
2021-02-09,27.27,3.305787196857497,0.0,0.0,0.0,0.0
2021-02-10,27.023,3.2966883552363098,-0.9057572423909033,-0.9098841621187298,0.827889188474503,0.9098841621187298
2021-02-11,26.98,3.2950958507796098,-0.15912370943270693,-0.15925044567000265,0.025360704446094468,0.15925044567000265
2021-02-12,27.26,3.3054204262683866,1.0378057820607856,1.032457548877673,1.0659685902344926,1.032457548877673
2021-02-15,27.595,3.3176345968914647,1.2289068231841505,1.221417062307803,1.4918596400966233,1.221417062307803
2021-02-16,27.24,3.3046864812813115,-1.2864649393006022,-1.2948115610153033,1.6765369785388864,1.2948115610153033
2021-02-17,27.3915,3.3102327462880616,0.5561674008810691,0.5546265006749956,0.30761055525099096,0.5546265006749956
2021-02-18,27.03,3.2969473602883563,-1.3197524779584913,-1.3285385999705224,1.7650148116116358,1.3285385999705224
2021-02-19,27.19,3.3028492586443794,0.5919348871624042,0.5901898356023028,0.34832404204827316,0.5901898356023028
2021-02-22,28.14,3.337192051686243,3.493931592497246,3.434279304186369,11.794274339162811,3.434279304186369
2021-02-23,27.68,3.3207101307494686,-1.6346837242359635,-1.6481920936774186,2.7165371776607525,1.6481920936774186
2021-02-24,27.99,3.331847303527362,1.119942196531798,1.1137172777893394,1.2403661748464965,1.1137172777893394
2021-02-25,27.45,3.3123661679555396,-1.9292604501607635,-1.9481135571822426,3.7951464316772507,1.9481135571822426
2021-02-26,26.55,3.279029747687948,-3.2786885245901565,-3.333642026759172,11.113169162575,3.333642026759172
2021-03-01,26.58,3.2801590532850993,0.11299435028246929,0.11293055971512653,0.012753311317571759,0.11293055971512653
2021-03-02,26.76,3.286908235260028,0.6772009029345494,0.674918197492855,0.4555145733070044,0.674918197492855
2021-03-03,26.09,3.261552099148637,-2.5037369207772886,-2.5356136111390732,6.429336384993731,2.5356136111390732
2021-03-04,25.36,3.233173129569025,-2.7980068991950935,-2.837896957961189,8.053659144005369,2.837896957961189
2021-03-05,25.18,3.2260500286162013,-0.7097791798107211,-0.7123100952824022,0.5073856718412249,0.7123100952824022
2021-03-08,25.13,3.2240623515555007,-0.19857029388403724,-0.19876770607003208,0.039508600976342664,0.19876770607003208
2021-03-09,25.93,3.255400599550573,3.183446080382013,3.1338247995072206,9.820857874006471,3.1338247995072206
2021-03-10,26.21,3.266141017335315,1.0798303123794817,1.074041778474194,1.1535657419080096,1.074041778474194
2021-03-11,26.13,3.263084079532521,-0.30522701259062535,-0.30569378027939653,0.09344868730150796,0.30569378027939653
2021-03-12,25.9,3.254242968705492,-0.8802143130501316,-0.8841110827029032,0.7816524065580996,0.8841110827029032
2021-03-15,26.2485,3.2676088445477744,1.3455598455598405,1.3365875842282522,1.7864663703131152,1.3365875842282522
2021-03-16,25.9605,3.2565761520510264,-1.09720555460312,-1.1032692496748189,1.2172030372780378,1.1032692496748189
2021-03-17,26.3835,3.2727388147583523,1.629398509273705,1.6162662707325668,2.612316657907759,1.6162662707325668
2021-03-18,26.0595,3.260382385019927,-1.2280402524305067,-1.235642973842539,1.5268135588064333,1.235642973842539
2021-03-19,26.24,3.267284964075888,0.6926456762408995,0.6902579055961364,0.47645597623796476,0.6902579055961364
2021-03-22,25.7895,3.2499674323458745,-1.7168445121951148,-1.7317531730013738,2.998969052200326,1.7317531730013738
2021-03-23,25.0595,3.221252997153952,-2.8306093565210633,-2.87144351919225,8.245187883911173,2.87144351919225
2021-03-24,25.1095,3.2232462605857357,0.19952513019014795,0.19932634317837167,0.03973099108486199,0.19932634317837167
2021-03-25,25.0915,3.222529143366103,-0.07168601525319174,-0.07171172196325105,0.005142571066934624,0.07171172196325105
2021-03-26,25.07,3.221671912170202,-0.08568638782057159,-0.08572311959011024,0.007348453232260342,0.08572311959011024
2021-03-29,24.6475,3.2046754754670594,-1.6852812126047056,-1.6996436703142663,2.8887886060393506,1.6996436703142663
2021-03-30,24.02,3.1788868166518376,-2.5458971498123595,-2.5788658815221925,6.650549234879235,2.5788658815221925
2021-03-31,24.416,3.1952386551020466,1.6486261448792616,1.635183845020896,2.6738262070173215,1.635183845020896
2021-04-01,24.959,3.217234478596075,2.223951507208377,2.1995823494028612,4.838162511804611,2.1995823494028612
2021-04-05,24.88,3.2140642678709788,-0.31651909130975264,-0.31702107250965716,0.10050236041517331,0.31702107250965716
2021-04-06,25.164,3.2254144017077833,1.1414790996784774,1.1350133836804717,1.2882553811337936,1.1350133836804717
2021-04-07,25.15,3.224857896545748,-0.055635034175816056,-0.055650516203508686,0.0030969799537169827,0.055650516203508686
2021-04-08,25.45,3.2367157429965316,1.1928429423459175,1.1857846450783467,1.4060852245035806,1.1857846450783467
2021-04-09,25.25,3.228826155721369,-0.7858546168958758,-0.7889587275162933,0.6224558737241287,0.7889587275162933
2021-04-12,24.816,3.211488606434183,-1.7188118811881203,-1.7337549287185838,3.0059061528559816,1.7337549287185838
2021-04-13,25.343,3.2325025577828574,2.123629916183112,2.101395134867462,4.41586151284464,2.101395134867462
2021-04-14,25.422,3.2356149408724773,0.3117231582685509,0.3112383089619534,0.09686928496549638,0.3112383089619534
2021-04-15,25.849,3.252271915486629,1.6796475493666918,1.665697461415214,2.7745480329650882,1.665697461415214
2021-04-16,25.96,3.2565568918358894,0.42941699872336425,0.42849763492600457,0.18361022313717948,0.42849763492600457
2021-04-19,25.825,3.2513430150057023,-0.5200308166409928,-0.521387683018707,0.27184511600361566,0.521387683018707
2021-04-20,25.845,3.2521171586480024,0.07744433688285923,0.07741436423003296,0.0059929837891402075,0.07741436423003296
2021-04-21,26.555,3.2792180538743625,2.747146449990323,2.7100895226359807,7.344585220701318,2.7100895226359807
2021-04-22,26.155,3.2640403768225745,-1.506307663340234,-1.5177677051788052,2.3036188068837364,1.5177677051788052
2021-04-23,26.0,3.258096538021482,-0.592620913783215,-0.5943838801092343,0.35329219693370856,0.5943838801092343
2021-04-26,26.22,3.2665224783355535,0.846153846153852,0.8425940314071796,0.7099647017630032,0.8425940314071796
2021-04-27,26.263,3.268161104542958,0.1639969488939741,0.16386262074040367,0.026850958475913372,0.16386262074040367
2021-04-28,26.205,3.2659502322541294,-0.22084301108024063,-0.22108722888283788,0.048879562775092346,0.22108722888283788
2021-04-29,26.1,3.261935314328648,-0.4006868918145279,-0.40149179254817385,0.16119565948354586,0.40149179254817385
2021-04-30,25.87,3.2530839961979376,-0.8812260536398497,-0.8851318130709993,0.7834583265103544,0.8851318130709993
2021-05-03,26.9105,3.292516545019563,4.022033243138767,3.943254882162522,15.549259065698566,3.943254882162522
2021-05-04,26.515,3.2777106105890934,-1.469686553575733,-1.4805934430469614,2.192156943593656,1.4805934430469614
2021-05-05,26.495,3.2769560359447256,-0.07542900245144368,-0.0754574644367922,0.00569382893922976,0.0754574644367922
2021-05-06,27.308,3.307179699556034,3.068503491224761,3.0223663611308482,9.134698420895324,3.0223663611308482
2021-05-07,27.45,3.3123661679555396,0.5199941409110842,0.5186468399505726,0.26899454459071487,0.5186468399505726
2021-05-10,27.305,3.307069835604117,-0.5282331511839655,-0.5296332351422566,0.28051136376725283,0.5296332351422566
2021-05-11,27.62,3.318540147981146,1.1536348654092698,1.1470312377029082,1.3156806602662654,1.1470312377029082
2021-05-12,27.021,3.2966143414697155,-2.1687183200579274,-2.1925806511430577,4.807409911766915,2.1925806511430577
2021-05-13,27.0935,3.2992938467179442,0.26830983309276135,0.26795052482287113,0.07179748375285208,0.26795052482287113
2021-05-14,27.41,3.3109079103146946,1.1681768689907113,1.1614063596750002,1.3488647322935359,1.1614063596750002
2021-05-17,28.178,3.338541531631085,2.801897117840202,2.763362131639049,7.636170270576708,2.763362131639049
2021-05-18,28.195,3.3391446572591454,0.0603307544893239,0.06031256280605642,0.0036376052322345006,0.06031256280605642
2021-05-19,27.735,3.322695153507198,-1.631494945912404,-1.6449503751947665,2.7058617368534033,1.6449503751947665
2021-05-20,27.765,3.3237762346935704,0.10816657652785722,0.10810811863727016,0.011687365315290079,0.10810811863727016
2021-05-21,27.53,3.315276319154516,-0.8463893390959876,-0.8499915539054609,0.72248564171062,0.8499915539054609
2021-05-24,27.77,3.323956301318708,0.8717762440973331,0.8679982164192083,0.7534209037069267,0.8679982164192083
2021-05-25,27.996,3.332061642827293,0.813827871804107,0.8105341508585064,0.6569656097079201,0.8105341508585064
2021-05-26,27.68,3.3207101307494686,-1.1287326760965777,-1.1351512077824335,1.2885682645299175,1.1351512077824335
2021-05-27,27.849,3.326797059085905,0.6105491329479795,0.6086928336436406,0.37050696572912467,0.6086928336436406
2021-05-28,27.93,3.3297013799570854,0.2908542497037647,0.29043208711802493,0.08435079722773202,0.29043208711802493
2021-05-31,28.0395,3.333614230338359,0.3920515574650896,0.3912850381273607,0.1531039810623301,0.3912850381273607
2021-06-01,27.893,3.328375761290291,-0.5224772196365857,-0.5238469048068084,0.27441557967567337,0.5238469048068084
2021-06-02,28.173,3.3383640724905863,1.0038360879073505,0.9988311200295176,0.9976636063394205,0.9988311200295176
2021-06-03,27.4305,3.31165553300066,-2.6355020764561754,-2.670853948992588,7.133460816849303,2.670853948992588
2021-06-04,27.78,3.3243163373261977,1.2741291627932583,1.2660804325537596,1.6029596616955148,1.2660804325537596
2021-06-07,27.889,3.328232345851373,0.39236861051115124,0.39160085251753773,0.15335122769246234,0.39160085251753773
2021-06-08,27.609,3.3181418065248294,-1.003980063824439,-1.0090539326543555,1.0181898390052206,1.0090539326543555
2021-06-09,27.77,3.323956301318708,0.583143177949208,0.581449479387854,0.3380834970804064,0.581449479387854
2021-06-10,27.996,3.332061642827293,0.813827871804107,0.8105341508585064,0.6569656097079201,0.8105341508585064
2021-06-11,27.9125,3.329074617166276,-0.29825689384196385,-0.29870256610168266,0.0892232229957301,0.29870256610168266
2021-06-14,27.86,3.3271919683516598,-0.18808777429467627,-0.18826488146166764,0.035443665591775766,0.18826488146166764
2021-06-15,27.66,3.319987326236612,-0.7178750897343877,-0.7204642115047506,0.519068680059162,0.7204642115047506
2021-06-16,26.986,3.2953182130085956,-2.4367317425885715,-2.4669113228016535,6.085651474567004,2.4669113228016535
2021-06-17,25.906,3.2544746021080644,-4.002075150077822,-4.084361090053138,16.682005513940055,4.084361090053138
2021-06-18,25.7625,3.2489199462165774,-0.5539257314907675,-0.5554655891486752,0.3085420207282848,0.5554655891486752
2021-06-21,25.955,3.2563642692791923,0.7472100921882552,0.7444323062614898,0.5541794586058005,0.7444323062614898
2021-06-22,25.768,3.2491334120288977,-0.7204777499518311,-0.7230857250294557,0.5228529657413736,0.7230857250294557
2021-06-23,25.88,3.2534704696327,0.434647624961193,0.4337057603802122,0.18810068658697804,0.4337057603802122
2021-06-24,25.934,3.2555548491266926,0.20865533230294275,0.20843794939927668,0.04344637874977542,0.20843794939927668
2021-06-25,26.07,3.2607852279454104,0.5244081129019751,0.5230378818717772,0.2735686258729152,0.5230378818717772
2021-06-28,26.098,3.261858683040055,0.1074031453778268,0.10734550946447258,0.011523058402187172,0.10734550946447258
2021-06-29,25.775,3.2494050299030235,-1.237642731243771,-1.2453653137031462,1.5509347645749356,1.2453653137031462
2021-06-30,26.138,3.2633901941748444,1.408341416100889,1.3985164271820711,1.9558481970981052,1.3985164271820711
2021-07-01,26.026,3.2590960383545657,-0.4284949116229342,-0.42941558202786956,0.18439774208833398,0.42941558202786956
2021-07-02,26.48,3.2763897310688073,1.7444094367171203,1.7293692714241797,2.990718076946198,1.7293692714241797
2021-07-05,26.4775,3.276295315735687,-0.00944108761329332,-0.00944153331202269,8.914255128203414e-05,0.00944153331202269
2021-07-06,26.152,3.2639256694219094,-1.2293456708525996,-1.2369646313777631,1.5300814992795255,1.2369646313777631
2021-07-07,26.14,3.2634667081960758,-0.045885591924132996,-0.045896122583357554,0.0021064540681865833,0.045896122583357554
2021-07-08,25.928,3.2553234658392465,-0.8110175975516443,-0.8143242356829626,0.6631239608206413,0.8143242356829626
2021-07-09,26.12,3.2627013044082305,0.7405121875964316,0.7377838568984163,0.5443250194999029,0.7377838568984163
2021-07-12,26.195,3.265568552860183,0.2871362940275679,0.2867248451952757,0.08221113685225481,0.2867248451952757
2021-07-13,25.981,3.2573655016487244,-0.816949799580069,-0.8203051211458536,0.6729004917781136,0.8203051211458536
2021-07-14,26.2455,3.267494545770647,1.0180516531311357,1.012904412192266,1.0259753482385596,1.012904412192266
2021-07-15,26.345,3.271278503661249,0.3791126097807185,0.378395789060193,0.1431833731784861,0.378395789060193
2021-07-16,25.66,3.2449333591874905,-2.600113873600296,-2.6345144473758655,6.940666373432162,2.6345144473758655
2021-07-19,25.176,3.2258911597621056,-1.8862042088854336,-1.9042199425384716,3.62605358956122,1.9042199425384716
2021-07-20,24.94,3.2164729402518906,-0.9374006990784722,-0.9418219510215197,0.8870285874259818,0.9418219510215197
2021-07-21,25.262,3.2293012903517835,1.2910986367281385,1.2828350099893022,1.6456656628542532,1.2828350099893022
2021-07-22,25.4285,3.2358705922440625,0.6590927084157983,0.6569301892279038,0.4315572735190095,0.6569301892279038
2021-07-23,25.1865,3.2263081366854967,-0.9516880665395133,-0.9562455558565987,0.9144055630954954,0.9562455558565987
2021-07-26,25.19,3.226447090364519,0.013896333353202728,0.013895367902239898,0.0001930812491385988,0.013895367902239898
2021-07-27,24.689,3.2063578003092283,-1.9888844779674564,-2.008929005529067,4.035795749256007,2.008929005529067
2021-07-28,24.968,3.2175950049684783,1.130057920531402,1.1237204659249973,1.262747685538693,1.1237204659249973
2021-07-29,25.513,3.2391881261800792,2.1827939762896653,2.159312121160084,4.662628836588862,2.159312121160084
2021-07-30,25.48,3.2378938307039626,-0.12934582369772407,-0.12942954761164221,0.01675200779495436,0.12942954761164221
2021-08-02,25.406,3.234985366601269,-0.2904238618524402,-0.29084641026936914,0.0845916343665782,0.29084641026936914
2021-08-03,25.525,3.239658364050729,0.46839329292294174,0.46729974494603793,0.21836905162663212,0.46729974494603793
2021-08-04,25.391,3.234394780525871,-0.5249755142017642,-0.5263583524858046,0.27705311523157056,0.5263583524858046
2021-08-05,25.1455,3.224678954095151,-0.9668780276475886,-0.9715826430720251,0.9439728323188222,0.9715826430720251
2021-08-06,24.3095,3.190867220448888,-3.324650533892737,-3.3811733646262736,11.432333321658156,3.3811733646262736
2021-08-09,23.447,3.154742554938599,-3.5479956395647827,-3.6124665510289455,13.049914582302964,3.6124665510289455
2021-08-10,23.341,3.1502114708420503,-0.45208342218620023,-0.45310840965485566,0.20530723089995248,0.45310840965485566
2021-08-11,23.545,3.158913483695518,0.8739985433357633,0.8702012853467846,0.7572502770191961,0.8702012853467846
2021-08-12,23.181,3.1433329776195564,-1.5459757910384453,-1.5580506075961469,2.4275216958307224,1.5580506075961469
2021-08-13,23.72,3.1663185741295248,2.325180104395841,2.298559650996818,5.283376469190613,2.298559650996818
2021-08-16,23.844,3.17153261335768,0.5227655986509427,0.5214039228155555,0.27186205072744973,0.5214039228155555
2021-08-17,23.658,3.163701324123545,-0.7800704579768447,-0.7831289234134932,0.6132909106867769,0.7831289234134932
2021-08-18,23.515,3.1576385153970112,-0.6044466987911057,-0.6062808726533814,0.36757649654534563,0.6062808726533814
2021-08-19,23.245,3.146090055142548,-1.1482032745056325,-1.154846025446322,1.333669342489167,1.154846025446322
2021-08-20,23.04,3.1372318358276905,-0.881910088191018,-0.8858219314857663,0.7846804943011736,0.8858219314857663
2021-08-23,23.638,3.162855586590049,2.5954861111111116,2.5623750762358366,6.56576603131461,2.5623750762358366
2021-08-24,23.868,3.1725386496598356,0.9730095608765366,0.9683063069786427,0.9376171041346175,0.9683063069786427
2021-08-25,23.839,3.171322895008653,-0.12150159208982325,-0.12157546511822476,0.014780593718712685,0.12157546511822476
2021-08-26,23.554,3.1592956574193565,-1.195519946306478,-1.202723758929649,1.446544440293864,1.202723758929649
2021-08-27,24.07,3.1809662517949806,2.1907107073108723,2.1670594375623966,4.69614660592825,2.1670594375623966
2021-08-30,24.0365,3.179573508385458,-0.1391773992521772,-0.1392743409522214,0.01939734204767562,0.1392743409522214
2021-08-31,23.8915,3.173522747143961,-0.6032492251367705,-0.6050761241497458,0.36611711601607855,0.6050761241497458
2021-09-01,24.1455,3.1840980273322566,1.0631396103216506,1.0575280188295784,1.118365510609613,1.0575280188295784
2021-09-02,23.897,3.1737529280462398,-1.0291772794102427,-1.0345099286016741,1.070210792375441,1.0345099286016741
2021-09-03,24.7095,3.2071877850730095,3.4000083692513616,3.3434857026769524,11.178896644005194,3.3434857026769524
2021-09-06,24.6945,3.2065805467740494,-0.060705396709759274,-0.06072382989604447,0.0036873835172437437,0.06072382989604447
2021-09-07,24.3195,3.1912784976760964,-1.5185567636518238,-1.5302049097952624,2.341527065961527,1.5302049097952624
2021-09-08,23.9395,3.1755298143645194,-1.5625321244269075,-1.5748683311576874,2.4802102604833993,1.5748683311576874
2021-09-09,24.0415,3.1797815037271127,0.4260740616971903,0.42516893625928304,0.18076862435985028,0.42516893625928304
2021-09-10,23.7555,3.1678140826177534,-1.1896096333423367,-1.196742110935921,1.4321916800873644,1.196742110935921
2021-09-13,23.7455,3.1673930388440334,-0.04209551472291739,-0.04210437737198876,0.001772778593882839,0.04210437737198876
2021-09-14,23.8595,3.1721824608760163,0.4800909646038187,0.47894220319827235,0.2293856340044152,0.47894220319827235
2021-09-15,23.8465,3.1716374560413296,-0.05448563465286771,-0.054500483468677995,0.002970302698319643,0.054500483468677995
2021-09-16,22.9065,3.131420713079209,-3.9418782630574634,-4.021674296212052,16.173864144812704,4.021674296212052
2021-09-17,22.3935,3.1087707381796172,-2.239538995481638,-2.2649974899591454,5.130213629521229,2.2649974899591454
2021-09-20,22.2745,3.103442526415829,-0.5314042021122178,-0.5328211763788494,0.28389840599774097,0.5328211763788494
2021-09-21,22.4925,3.113181920309137,0.9786976138633774,0.973939389330775,0.9485579340900028,0.973939389330775
2021-09-22,22.6985,3.12229884300887,0.9158608425030579,0.9116922699733219,0.8311827951291084,0.9116922699733219
2021-09-23,22.5145,3.1141595460896694,-0.8106262528360775,-0.8139296919200613,0.6624815433890858,0.8139296919200613
2021-09-24,22.3725,3.1078325260748763,-0.6307046569988373,-0.6327020014793178,0.4003118226759346,0.6327020014793178
2021-09-27,22.629,3.1192322695396038,1.1464968152866462,1.1399743464727508,1.2995415106159751,1.1399743464727508
2021-09-28,22.4585,3.1116691616837935,-0.7534579521852547,-0.7563107855810342,0.572006004386201,0.7563107855810342
2021-09-29,21.5345,3.0696563002193504,-4.114255181779725,-4.201286146444297,17.650805284304774,4.201286146444297
2021-09-30,22.1755,3.0989880758557606,2.976618913835938,2.9331775636410478,8.603530619847232,2.9331775636410478
2021-10-01,22.5015,3.1135819736549175,1.470090866045859,1.4593897799156914,2.12981852972237,1.4593897799156914
2021-10-04,22.6815,3.1215496142386963,0.7999466702219848,0.7967640583778832,0.6348329647227949,0.7967640583778832
2021-10-05,22.6215,3.1189007814867122,-0.26453276899675027,-0.2648832751984131,0.07016314947983825,0.2648832751984131
2021-10-06,22.6195,3.118812366111221,-0.008841146696736413,-0.008841537549148373,7.817278623300062e-05,0.008841537549148373
2021-10-07,22.5905,3.1175294639224376,-0.12820796215654573,-0.12829021887830855,0.016458380259844314,0.12829021887830855
2021-10-08,22.6465,3.120005314602452,0.24789181293021212,0.247585068001418,0.061298365897266775,0.247585068001418
2021-10-11,22.5825,3.1171752700418613,-0.2826043759521335,-0.2830044560590448,0.08009152214927581,0.2830044560590448
2021-10-12,22.5625,3.1162892360931,-0.08856415365880999,-0.08860339487618862,0.007850561583585809,0.08860339487618862
2021-10-13,23.0915,3.1394645844439144,2.3445983379501323,2.317534835081483,5.370967711816156,2.317534835081483
2021-10-14,23.5185,3.1577873454864775,1.849165277266529,1.832276104256322,3.357235722228724,1.832276104256322
2021-10-15,23.3225,3.149418559852979,-0.8333864829814686,-0.8368785633498574,0.7003657297945214,0.8368785633498574
2021-10-18,23.1965,3.1440014052224723,-0.54025083074285,-0.5417154630506913,0.2934556429082249,0.5417154630506913
2021-10-19,23.6675,3.164102799020909,2.0304787360162058,2.0101393798437006,4.0406603263984175,2.0101393798437006
2021-10-20,24.2985,3.190414620046165,2.666103306221612,2.631182102525603,6.923119256651053,2.631182102525603
2021-10-21,24.1535,3.184429297133833,-0.5967446550198541,-0.5985322912332454,0.3582409036489184,0.5985322912332454
2021-10-22,24.3335,3.1918540017718935,0.7452336100358004,0.7424704638060583,0.5512623896243833,0.7424704638060583
2021-10-25,24.5715,3.201587234730659,0.978075492633601,0.9733232958765086,0.9473582382959095,0.9733232958765086
2021-10-26,24.1555,3.184512097440241,-1.6930183342490301,-1.707513729041748,2.9156031348660556,1.707513729041748
2021-10-27,24.0655,3.180779279601356,-0.37258595350955215,-0.37328178388852673,0.13933929018300079,0.37328178388852673
2021-10-28,24.0755,3.1811947259005118,0.041553260892146504,0.041544629915578016,0.0017259562748223399,0.041544629915578016
2021-10-29,23.8785,3.172978472481163,-0.8182592261843036,-0.821625341934858,0.6750682025095723,0.821625341934858
2021-11-01,24.0135,3.178616172204122,0.5653621458634461,0.5637699722958655,0.3178365816624809,0.5637699722958655
2021-11-02,23.5165,3.157702302433381,-2.06966914443959,-2.0913869770740905,4.373899487875103,2.0913869770740905
2021-11-03,23.5905,3.1608440886167526,0.31467267663130016,0.3141786183371854,0.09870820422026282,0.3141786183371854
2021-11-04,23.7745,3.1686135777160933,0.779974989932386,0.7769489099340647,0.6036496086477314,0.7769489099340647
2021-11-05,24.1635,3.184843230123993,1.6362068602914892,1.6229652407899475,2.6340161728123723,1.6229652407899475
2021-11-08,24.4575,3.1969369173494466,1.2167111552548349,1.2093687225454006,1.462572707071094,1.2093687225454006
2021-11-09,24.3085,3.190826083421444,-0.6092200756414257,-0.6110833928002981,0.3734229129563234,0.6110833928002981
2021-11-10,24.6395,3.2043508462516375,1.3616636156077222,1.3524762830193386,1.8291920961298063,1.3524762830193386
2021-11-11,25.2555,3.229043953783827,2.5000507315489306,2.4693107532189806,6.097495595962889,2.4693107532189806
2021-11-12,25.3045,3.23098224552991,0.19401714478033405,0.19382917460829557,0.03756974892933313,0.19382917460829557
2021-11-15,25.0645,3.2214525023816507,-0.9484479045229199,-0.9529743148259547,0.9081600447179979,0.9529743148259547
2021-11-16,24.8325,3.212153279107374,-0.9256119212431857,-0.9299223274276602,0.8647555350484766,0.9299223274276602
2021-11-17,25.0845,3.2222501255071503,1.014799154334023,1.0096846399776043,1.0194630722067044,1.0096846399776043
2021-11-18,24.8055,3.2110654027762235,-1.1122406266818152,-1.1184722730926457,1.25098022567703,1.1184722730926457
2021-11-19,24.5865,3.2021975118153874,-0.8828687186309359,-0.8867890960836166,0.7863949009327977,0.8867890960836166
2021-11-22,24.1845,3.185711932089767,-1.63504362149961,-1.648557972562037,2.717743388897854,1.648557972562037
2021-11-23,23.6595,3.1637647256135013,-2.1708118836444745,-2.1947206476265646,4.816798721118367,2.1947206476265646
2021-11-24,23.5505,3.1591470516595486,-0.4607028889029863,-0.4617673953952862,0.2132291274501466,0.4617673953952862
2021-11-25,23.6015,3.1613102693337902,0.2165559117640825,0.2163217674241568,0.04679510706151098,0.2163217674241568
2021-11-26,23.1435,3.141713963569053,-1.9405546257653228,-1.9596305764737052,3.840151996250666,1.9596305764737052
2021-11-29,22.9065,3.131420713079209,-1.024045628362169,-1.0293250489844301,1.0595100564667994,1.0293250489844301
2021-11-30,22.8385,3.1284477083754694,-0.2968589701613178,-0.2973004703739616,0.08838756968457884,0.2973004703739616
2021-12-01,22.3345,3.1061325681644276,-2.2067999211857203,-2.231514021104177,4.979654826384532,2.231514021104177
2021-12-02,22.3855,3.1084134278294484,0.22834628041819016,0.22808596650206714,0.052023208115182094,0.22808596650206714
2021-12-03,22.5455,3.1155354894936114,0.7147483862321558,0.7122061664163218,0.5072376234814335,0.7122061664163218
2021-12-06,22.3875,3.10850276738683,-0.7008050386995257,-0.7032722106781406,0.49459180231211897,0.7032722106781406
2021-12-07,22.4995,3.113493086741235,0.5002791736460122,0.49903193544048646,0.24903287258947784,0.49903193544048646
2021-12-08,22.4325,3.1105108001900756,-0.29778439520877775,-0.29822865511592145,0.08894033073225122,0.29822865511592145
2021-12-09,21.9615,3.0892909203195096,-2.099632230023407,-2.121987987056626,4.502833017212632,2.121987987056626
2021-12-10,22.1765,3.099033169650862,0.9789859526899258,0.9742249331352556,0.9491142203423932,0.9742249331352556
2021-12-13,22.3345,3.1061325681644276,0.7124658985863341,0.7099398513565386,0.5040145925441442,0.7099398513565386
2021-12-14,21.9485,3.088698800056252,-1.7282679263023515,-1.743376810817578,3.0393627044964693,1.743376810817578
2021-12-15,22.0895,3.0951023824995336,0.6424129211563434,0.6403582443281758,0.4100586810790637,0.6403582443281758
2021-12-16,22.4815,3.112692748778059,1.7745987912809236,1.759036627852538,3.0942098581268285,1.759036627852538
2021-12-17,22.3635,3.1074301655544265,-0.5248760091631,-0.5262583223632576,0.2769478218565904,0.5262583223632576
2021-12-20,22.2655,3.1030383952922325,-0.4382140541507318,-0.43917702621938304,0.19287646035890066,0.43917702621938304
2021-12-21,22.5155,3.114203960924231,1.1228133210572366,1.1165565631998684,1.2466985588247017,1.1165565631998684
2021-12-22,22.7995,3.1267386058953717,1.2613532899558022,1.2534644971140207,1.571173245525305,1.2534644971140207
2021-12-23,22.8815,3.1303287238032302,0.359657010022163,0.35901179078589573,0.12888946592329578,0.35901179078589573
2021-12-27,23.0595,3.138077832038627,0.7779210279046378,0.7749108235396349,0.6004867844388752,0.7749108235396349
2021-12-28,23.0145,3.136124452071233,-0.1951473362388545,-0.1953379967393654,0.03815693297014832,0.1953379967393654
2021-12-29,22.8285,3.128009755360827,-0.8081861435182303,-0.8114696710406162,0.6584830270187658,0.8114696710406162
2021-12-30,23.0415,3.1372969378751727,0.9330442210395029,0.9287182514345993,0.8625175905477396,0.9287182514345993
2021-12-31,23.2665,3.147014557750778,0.976498925851188,0.9717619875605324,0.9443213604675964,0.9717619875605324
2022-01-03,22.8985,3.131071406231426,-1.581673221154889,-1.5943151519352081,2.5418408036901856,1.5943151519352081
2022-01-04,23.0495,3.1376440772334138,0.6594318405135802,0.6572671001987567,0.43200004100368244,0.6572671001987567
2022-01-05,22.7965,3.126607015404788,-1.0976376927915865,-1.1037061828625696,1.2181673380890639,1.1037061828625696
2022-01-06,22.1945,3.099844510435943,-2.6407562564428777,-2.676250496884483,7.162316722074442,2.676250496884483
2022-01-07,22.3065,3.104878115814711,0.5046295253328559,0.5033605378767961,0.25337183109161754,0.5033605378767961
2022-01-10,22.4685,3.112114328294746,0.7262457131329336,0.7236212480035296,0.5236277105621856,0.7236212480035296
2022-01-11,22.7815,3.125948803085618,1.393061397067008,1.3834474790871985,1.9139269273927244,1.3834474790871985
2022-01-12,23.1435,3.141713963569053,1.58900862541973,1.5765160483434781,2.485402850684536,1.5765160483434781
2022-01-13,23.0875,3.139291345525358,-0.2419685872923294,-0.24226180436948846,0.0586907818563603,0.24226180436948846
2022-01-14,22.9445,3.133078256369443,-0.6193827828911647,-0.621308915591549,0.38602476859354656,0.621308915591549
2022-01-17,23.0245,3.1365588663789836,0.34866743664059285,0.34806100095408404,0.12114646038515889,0.34806100095408404
2022-01-18,23.4795,3.1561277000142502,1.976155834002924,1.956883363526682,3.8293924984475005,1.956883363526682
2022-01-19,24.1445,3.184056610889923,2.8322579271279125,2.7928910875672925,7.800240627012814,2.7928910875672925
2022-01-20,24.4755,3.1976726172170977,1.370912630205634,1.3616006327174497,1.8539562830165592,1.3616006327174497
2022-01-21,24.2285,3.187529626184936,-1.009172437743866,-1.0142991032161615,1.0288026707851095,1.0142991032161615
2022-01-24,23.9825,3.177324397709966,-1.0153331819964029,-1.0205228474970491,1.0414668822634854,1.0205228474970491
2022-01-25,23.8125,3.1702106528869196,-0.7088502032732258,-0.7113744823045924,0.506053654074127,0.7113744823045924
2022-01-26,23.5265,3.158127445394103,-1.2010498687664128,-1.208320749281692,1.4600390331446698,1.208320749281692
2022-01-27,22.7765,3.1257293026676862,-3.1878945019446103,-3.2398142726416674,10.496396521212656,3.2398142726416674
2022-01-28,22.4075,3.1093957242493797,-1.6200908831471073,-1.6333578418306502,2.6678578394696797,1.6333578418306502
2022-01-31,22.4685,3.112114328294746,0.27223028004017547,0.2718604045366705,0.07390807955484213,0.2718604045366705
2022-02-01,22.6405,3.1197403378967703,0.7655161670783617,0.7626009602023935,0.5815602245016126,0.7626009602023935
2022-02-02,22.6545,3.120358507692369,0.06183609019234648,0.061816979559867896,0.003821338961905125,0.061816979559867896
2022-02-03,22.4225,3.110064919010021,-1.0240791012823047,-1.0293588682347805,1.0595796796135881,1.0293588682347805
2022-02-04,22.5035,3.113670852668419,0.36124428587356316,0.36059336583979934,0.13002757548767538,0.36059336583979934
2022-02-07,23.0105,3.135950633493935,2.2529828693314435,2.227978082551595,4.963886336330282,2.227978082551595
2022-02-08,23.1895,3.143699590017318,0.7779057386845034,0.774895652338306,0.6004632720128089,0.774895652338306
2022-02-09,23.3135,3.1490325919264106,0.5347247676750433,0.5333001909092385,0.28440909362383027,0.5333001909092385
2022-02-10,23.1965,3.1440014052224723,-0.5018551483046307,-0.5031186703938187,0.253128396498844,0.5031186703938187
2022-02-11,23.6125,3.161776232827628,1.7933740003879928,1.777482760515578,3.15944496393008,1.777482760515578
2022-02-14,23.8525,3.171889033643864,1.016410799364742,1.011280081623598,1.022687403488631,1.011280081623598
2022-02-15,23.3655,3.1512605754526333,-2.0417147049575424,-2.0628458191230643,4.255332873473506,2.0628458191230643
2022-02-16,23.5895,3.1608016977731688,0.9586783933577259,0.9541122320535426,0.910330151354193,0.9541122320535426
2022-02-17,23.8345,3.1711341108827398,1.0385976811716935,1.0332413109571048,1.0675876066683565,1.0332413109571048
2022-02-18,23.9265,3.1749866312984754,0.3859950911494048,0.3852520415735878,0.1484191355366174,0.3852520415735878
2022-02-21,23.9575,3.17628142723578,0.12956345474681719,0.12947959373045875,0.016764965192604654,0.12947959373045875
2022-02-22,24.1055,3.1824400302269873,0.617760617760621,0.6158602991207025,0.3792839080330412,0.6158602991207025
2022-02-23,24.5515,3.200772952170347,1.8502001617888064,1.8332921943359899,3.360960269813269,1.8332921943359899
2022-02-24,24.2225,3.1872819532770222,-1.3400403234018365,-1.3490998893325012,1.820070511396967,1.3490998893325012
2022-02-25,24.2475,3.1883135192855607,0.10320982557538994,0.10315660085386019,0.01064128429972263,0.10315660085386019
2022-02-28,24.4525,3.196732460182511,0.8454479843282847,0.841894089695017,0.7087856582634013,0.841894089695017
2022-03-01,25.3745,3.233744732734319,3.77057560576628,3.701227255180803,13.699083194493221,3.701227255180803
2022-03-02,25.3005,3.230824158384042,-0.2916313621943334,-0.29205743502771236,0.08529754535496643,0.29205743502771236
2022-03-03,25.1835,3.2261890181624255,-0.4624414537262145,-0.46351402216164883,0.21484524874046948,0.46351402216164883
2022-03-04,25.5905,3.242221188863192,1.6161375503802144,1.6032170700766508,2.5703049737851607,1.6032170700766508
2022-03-07,25.6755,3.2455372298216916,0.3321545104628676,0.3316040958499719,0.10996127638447736,0.3316040958499719
2022-03-08,26.412,3.273818452332325,2.8684933107437027,2.8281222510633293,7.998275466959512,2.8281222510633293
2022-03-09,25.7795,3.249579602443206,-2.3947448129638005,-2.4238849889118415,5.875218439472158,2.4238849889118415
2022-03-10,25.9175,3.2549184162151303,0.5353090634030888,0.5338813771923602,0.28502932491281113,0.5338813771923602
2022-03-11,25.8215,3.2512074782314637,-0.3704060962670064,-0.3710937983666551,0.13771060718619169,0.3710937983666551
2022-03-14,25.1005,3.2228877662580566,-2.792246771101603,-2.831971197340723,8.02006086256745,2.831971197340723
2022-03-15,24.8815,3.214124555442714,-0.8724925798290872,-0.8763210815342345,0.7679386379413304,0.8763210815342345
2022-03-16,25.0625,3.2213727050667877,0.7274481040130176,0.7248149624073863,0.5253567297296208,0.7248149624073863
2022-03-17,25.3345,3.2321671031894104,1.085286783042383,1.0794398122622395,1.165190308296739,1.0794398122622395
2022-03-18,24.9715,3.21773517457393,-1.4328287513075022,-1.4431928615480296,2.08280563562319,1.4431928615480296
2022-03-21,25.2295,3.2280139447792253,1.0331778227179012,1.0278770205295307,1.056531169332665,1.0278770205295307
2022-03-22,24.7795,3.210016698434876,-1.783626310469899,-1.7997246344349338,3.239008759791956,1.7997246344349338
2022-03-23,25.1505,3.2248777770638353,1.4972053511975725,1.4861078628959075,2.2085165801610414,1.4861078628959075
2022-03-24,25.5475,3.240539464504227,1.5784974453788125,1.5661687440391838,2.4528845348052744,1.5661687440391838
2022-03-25,25.5245,3.2396387752202798,-0.0900283785106204,-0.09006892839473553,0.008112411862175995,0.09006892839473553
2022-03-28,24.8745,3.2138431823401263,-2.5465729005465287,-2.57955928801536,6.654126120386312,2.57955928801536
2022-03-29,24.7775,3.2099359832987266,-0.3899575870871863,-0.3907199041399712,0.15266204349114829,0.3907199041399712
2022-03-30,24.8665,3.2135215161062756,0.35919685198264606,0.35855328075491066,0.1285604551401098,0.35855328075491066
2022-03-31,24.7925,3.210541188078143,-0.29758912593247366,-0.29803280281324196,0.08882355155271676,0.29803280281324196
2022-04-01,24.6035,3.202888709240751,-0.7623273167288502,-0.765247883739208,0.5856043235673365,0.765247883739208
2022-04-04,24.5355,3.200121048384553,-0.27638344138030124,-0.2767660856198174,0.0765994661493161,0.2767660856198174
2022-04-05,24.3295,3.1916896058238833,-0.8395997636078345,-0.8431442560669615,0.71089223653871,0.8431442560669615
2022-04-06,24.4585,3.1969778037669845,0.5302205141906047,0.5288197943101419,0.2796503748542208,0.5288197943101419
2022-04-07,24.5905,3.202360189490269,0.5396896784348959,0.5382385723284143,0.2897007607421297,0.5382385723284143
2022-04-08,24.7265,3.2078755430093353,0.5530591081921887,0.5515353519066544,0.3041912444027971,0.5515353519066544
2022-04-11,25.0915,3.222529143366103,1.4761490708349312,1.4653600356767797,2.147280034158653,1.4653600356767797
2022-04-12,25.3755,3.233784141601319,1.1318574019089978,1.1254998235215814,1.2667498527471108,1.1254998235215814
2022-04-13,25.7405,3.2480656269987422,1.4383953025556284,1.4281485397423372,2.03960825156817,1.4281485397423372
2022-04-14,25.65,3.2445435716167785,-0.3515860220275502,-0.35220553819638967,0.1240487411362085,0.35220553819638967
2022-04-18,25.8675,3.2529873544969687,0.8479532163742753,0.8443782880190133,0.7129746932779197,0.8443782880190133
2022-04-19,25.1815,3.2261095979300793,-2.6519764182854955,-2.6877756566889124,7.224137980689514,2.6877756566889124
2022-04-20,25.1955,3.22666540714303,0.055596370351240765,0.055580921295070716,0.0030892388120088454,0.055580921295070716
2022-04-21,24.6565,3.2050405574117278,-2.1392709015498723,-2.162484973130255,4.67634125901416,2.162484973130255
2022-04-22,24.1715,3.1851742531951857,-1.9670269502970794,-1.9866304216541983,3.946700432241938,1.9866304216541983
2022-04-25,23.6315,3.162580567812995,-2.234035951430413,-2.259368538219058,5.104746191494123,2.259368538219058
2022-04-26,23.5145,3.157617252147348,-0.49510187673231787,-0.496331566564703,0.24634502396857222,0.496331566564703
2022-04-27,23.3095,3.1488610027961608,-0.8718025048374489,-0.8756249351187396,0.7667190270016969,0.8756249351187396
2022-04-28,23.1575,3.1423187021460453,-0.6520946395246585,-0.6542300650115234,0.4280169779649821,0.6542300650115234
2022-04-29,22.7695,3.125421921116941,-1.675483104825637,-1.6896781029104195,2.855012091454954,1.6896781029104195
2022-05-02,22.6415,3.119784505557216,-0.5621555150530311,-0.5637415559724813,0.3178045419302743,0.5637415559724813
2022-05-03,22.5735,3.1167766519127458,-0.30033345847227944,-0.30078536444705006,0.09047183546554473,0.30078536444705006
2022-05-04,22.9795,3.1346025141334213,1.7985691186568342,1.782586222067523,3.1776136391049645,1.782586222067523
2022-05-05,22.5205,3.1144260055116963,-1.9974324941796073,-2.017650862172468,4.070915001625303,2.017650862172468
2022-05-06,22.3735,3.1078772228075526,-0.652738615927706,-0.6548782704144034,0.42886554906096047,0.6548782704144034
2022-05-09,21.7985,3.0818411600882603,-2.5700046930520415,-2.603606271929223,6.778765619229186,2.603606271929223
2022-05-10,21.2735,3.0574621666859265,-2.4084225978851848,-2.4378993402333706,5.943353193110304,2.4378993402333706
2022-05-11,21.5755,3.0715584116719876,1.4196065527534385,1.4096244986060968,1.98704122707049,1.4096244986060968
2022-05-12,20.6865,3.029481313600365,-4.120414358879298,-4.2077098071622565,17.704821821289435,4.2077098071622565
2022-05-13,21.0455,3.0466867605527996,1.7354313199429594,1.720544695243462,2.9602740483304175,1.720544695243462
2022-05-16,21.6225,3.07373443919853,2.741678743674414,2.704767864573021,7.3157692012269,2.704767864573021
2022-05-17,21.6325,3.074196813498757,0.04624812117008936,0.046237430022706735,0.002137899935104702,0.046237430022706735
2022-05-18,21.4125,3.0639748636502384,-1.0169883277475922,-1.0221949848518441,1.044882587056262,1.0221949848518441
2022-05-19,21.9285,3.0877871606376432,2.4098073555166355,2.381229698740489,5.670254878163719,2.381229698740489
2022-05-20,21.7625,3.0801883050943073,-0.7570057231456762,-0.7598855543335755,0.5774260556848454,0.7598855543335755
2022-05-23,21.7985,3.0818411600882603,0.16542217116599645,0.16528549939527787,0.0273192963103464,0.16528549939527787
2022-05-24,22.1115,3.0960978351733055,1.4358786155010517,1.4256675085045152,2.0325278448054718,1.4256675085045152
2022-05-25,21.9905,3.090610541916178,-0.5472265563168377,-0.5487293257127434,0.301103872897162,0.5487293257127434
2022-05-26,22.0145,3.091701327162383,0.10913803687957468,0.10907852462051007,0.011898124533387221,0.10907852462051007
2022-05-27,22.0795,3.094649576224958,0.2952599423107438,0.29482490625750946,0.08692172534974923,0.29482490625750946
2022-05-30,21.9825,3.09024668227102,-0.4393215426073849,-0.4402893953937839,0.1938547516962238,0.4402893953937839
2022-05-31,21.5595,3.070816554677259,-1.9242579324462716,-1.9430127593761066,3.775298583098352,1.9430127593761066
2022-06-01,21.8355,3.083537085690688,1.2801781117372846,1.272053101342902,1.618119092636095,1.272053101342902
2022-06-02,22.3095,3.105012596718625,2.17077694579928,2.147551102793717,4.611975739110511,2.147551102793717
2022-06-03,21.9255,3.08765034301532,-1.7212398305654575,-1.7362253703305242,3.014478536579366,1.7362253703305242
2022-06-06,22.0845,3.094876004991436,0.725183006088792,0.7225661976115737,0.5221019099308478,0.7225661976115737
2022-06-07,22.2305,3.1014652198509163,0.6610971495845552,0.6589214859480559,0.434177524643994,0.6589214859480559
2022-06-08,22.0475,3.093199216780199,-0.8231933604732178,-0.8266003070717522,0.6832680676511151,0.8266003070717522
2022-06-09,21.6895,3.076828272475338,-1.6237668669917271,-1.637094430486042,2.6800781743284183,1.637094430486042
2022-06-10,21.8765,3.085413001321337,0.8621683302980854,0.8584728845998337,0.7369756935931594,0.8584728845998337
2022-06-13,21.0925,3.048917527057645,-3.5837542568509573,-3.649547426369186,13.319196417317947,3.649547426369186
2022-06-14,21.0365,3.046259024221959,-0.26549721464975695,-0.2658502835685804,0.07067637327349462,0.2658502835685804
2022-06-15,21.6805,3.076413239036132,3.0613457561856627,3.0154214814173006,9.092766710592908,3.0154214814173006
2022-06-16,21.9505,3.088789918305022,1.245358732501578,1.23766792688902,1.5318218972497646,1.23766792688902
2022-06-17,21.6585,3.0753979870972463,-1.3302658253798394,-1.339193120777576,1.7934382147379833,1.339193120777576
2022-06-20,21.6015,3.07276275672341,-0.2631761202299243,-0.26352303738363464,0.0694443912318965,0.26352303738363464
2022-06-21,21.6905,3.0768743766708284,0.41200842534083737,0.41116199474184706,0.16905418592009466,0.41116199474184706
2022-06-22,21.4235,3.064488450364301,-1.230953643300059,-1.2385926306527566,1.5341117047073158,1.2385926306527566
2022-06-23,20.9595,3.042592004206475,-2.165845916867004,-2.1896446157825684,4.794543543425592,2.1896446157825684
2022-06-24,21.1455,3.0514271168969525,0.8874257496600535,0.8835112690477461,0.7805921625343588,0.8835112690477461
2022-06-27,21.1515,3.051710824963257,0.028374831524446975,0.028370806630480028,0.0008049026688640895,0.028370806630480028
2022-06-28,20.8605,3.0378574186046383,-1.3757889511382237,-1.3853406358619338,1.9191686773703471,1.3853406358619338
2022-06-29,20.7485,3.032473954907094,-0.5368998825531435,-0.5383463697544316,0.2898168138277752,0.5383463697544316
2022-06-30,20.2755,3.009413260609855,-2.2796828686410975,-2.3060694297238618,5.317956214706937,2.3060694297238618
2022-07-01,19.8725,2.9893368664651305,-1.9876205272373215,-2.007639414472458,4.030616018543314,2.007639414472458
2022-07-04,19.9715,2.994306257275912,0.49817587117877427,0.4969390810781526,0.24694845030279872,0.4969390810781526
2022-07-05,19.2285,2.956393553438162,-3.7203014295370873,-3.7912703837750077,14.373731122889494,3.7912703837750077
2022-07-06,19.2025,2.9550404788907,-0.13521595548274812,-0.13530745474620323,0.018308107309895835,0.13530745474620323
2022-07-07,19.2355,2.956757530147671,0.17185262335632778,0.1717051256971083,0.02948265019065976,0.1717051256971083
2022-07-08,19.3005,2.9601310023110177,0.3379168724493731,0.33734721633463427,0.11380314436872653,0.33734721633463427
2022-07-11,19.1185,2.9506564526629,-0.942980751793987,-0.9474549648117281,0.8976709103463929,0.9474549648117281
2022-07-12,18.9375,2.941144083269588,-0.9467269921803578,-0.9512369393312304,0.904851714748247,0.9512369393312304
2022-07-13,19.2145,2.9556652023407497,1.4627062706270788,1.452111907116189,2.1086289907886155,1.452111907116189
2022-07-14,18.4255,2.9137355747492597,-4.106273907725944,-4.192962759148986,17.580936699610277,4.192962759148986
2022-07-15,18.6645,2.9266233239016586,1.297115410707983,1.2887749152398658,1.6609407821515232,1.2887749152398658
2022-07-18,18.6985,2.9284433067394904,0.18216400117869735,0.18199828378317473,0.033123375300021005,0.18199828378317473
2022-07-19,18.7525,2.9313270768616544,0.28879321870738384,0.2883770122163921,0.08316130117485317,0.2883770122163921
2022-07-20,18.6775,2.9273195908678193,-0.3999466737768409,-0.40074859938351676,0.16059943990785042,0.40074859938351676
2022-07-21,18.8565,2.9368576820408583,0.9583723731762861,0.9538091173039183,0.9097518322520797,0.9538091173039183
2022-07-22,18.5805,2.922112643680227,-1.4636862620316604,-1.4745038360631137,2.1741615625648376,1.4745038360631137
2022-07-25,18.4355,2.9142781536399753,-0.78038804122601,-0.7834490040252137,0.6137923419080993,0.7834490040252137
2022-07-26,18.6265,2.924585297935452,1.0360445878874858,1.0307144295476656,1.0623722352777696,1.0307144295476656
2022-07-27,19.0895,2.9491384456712315,2.485705849193365,2.455314773577993,6.028570637350352,2.455314773577993
2022-07-28,20.0145,2.9964570108684483,4.845595746352704,4.731856519721632,22.390466123232112,4.731856519721632
2022-07-29,20.2695,3.0091172931641132,1.2740762946863438,1.26602822956653,1.6028274780593623,1.26602822956653
2022-08-01,20.3595,3.0135476334239923,0.44401687264115086,0.44303402598789565,0.1962791481830434,0.44303402598789565
2022-08-02,19.9895,2.9952071356932377,-1.8173334315675804,-1.8340497730754899,3.363738570118256,1.8340497730754899
2022-08-03,20.0605,2.9987527074474882,0.3551864728982723,0.3545571754250638,0.12571079064539947,0.3545571754250638
2022-08-04,20.1815,3.0047663431838623,0.603175394431843,0.6013635736373888,0.3616381476979311,0.6013635736373888
2022-08-05,19.8815,2.9897896510983126,-1.4865099224537381,-1.497669208554946,2.243013058253598,1.497669208554946
2022-08-08,20.6715,3.0287559400011723,3.9735432437190576,3.896628890285965,15.183716708611232,3.896628890285965
2022-08-09,20.5335,3.0220576987215395,-0.6675858065452567,-0.6698241279632747,0.44866436240176144,0.6698241279632747
2022-08-10,20.5945,3.0250240498560204,0.2970755107507328,0.29663511344806626,0.08799239053034714,0.29663511344806626
2022-08-11,20.3105,3.0111379937038394,-1.3790089587025656,-1.3886056152180917,1.928225554615215,1.3886056152180917
2022-08-12,20.8045,3.035169309461664,2.4322394820412985,2.403131575782484,5.775041370522805,2.403131575782484
2022-08-15,20.2695,3.0091172931641132,-2.571559037708193,-2.6052016297550824,6.787075531678537,2.6052016297550824
2022-08-16,20.1365,3.002534088672919,-0.6561582673474842,-0.6583204491194125,0.43338581372878493,0.6583204491194125
2022-08-17,19.7955,2.9854546391428567,-1.6934422565987206,-1.707944953006247,2.917075962499511,1.707944953006247
2022-08-18,19.5415,2.972540409277315,-1.283119900987606,-1.291422986554159,1.6677733302004638,1.291422986554159
2022-08-19,19.0525,2.9471983265581354,-2.502366757925445,-2.534208271917984,6.422211565457536,2.534208271917984
2022-08-22,18.9925,2.9440441643952395,-0.3149193019288732,-0.31541621628957844,0.09948738949843414,0.31541621628957844
2022-08-23,19.1145,2.9504472093383063,0.6423588258523072,0.6403044943066846,0.40998984542933903,0.6403044943066846
2022-08-24,19.1165,2.9505518364734495,0.010463260875237523,0.010462713514277676,0.00010946837408184873,0.010462713514277676
2022-08-25,19.2515,2.957588979775948,0.7061962179269354,0.703714330249863,0.4952138585990132,0.703714330249863
2022-08-26,18.8555,2.936804648523663,-2.0569825727865365,-2.0784331252284796,4.3198842560470245,2.0784331252284796
2022-08-29,18.7875,2.933191755079093,-0.3606374797804235,-0.36128934445701044,0.13052999041817634,0.36128934445701044
2022-08-30,18.4345,2.9142239089966204,-1.878908848968741,-1.8967846082472717,3.597791850083756,1.8967846082472717
2022-08-31,17.9945,2.8900661556489986,-2.386829043369776,-2.4157753347621482,5.835970468045169,2.4157753347621482
2022-09-01,17.8135,2.879956596803936,-1.0058629025535448,-1.010955884506278,1.022031800417871,1.010955884506278
2022-09-02,17.9855,2.88956587770638,0.9655598282201527,0.9609280902444148,0.9233827946207782,0.9609280902444148
2022-09-05,18.1535,2.8988633795856704,0.9340857913319178,0.9297501879290253,0.8644354119540579,0.9297501879290253
2022-09-06,18.0095,2.8908993964482357,-0.7932354642355532,-0.7963983137434704,0.634250274133443,0.7963983137434704
2022-09-07,18.4585,2.9155249690017984,2.4931286265582164,2.462557255356251,6.064188235907713,2.462557255356251
2022-09-08,18.5395,2.9199035910577575,0.4388222228241645,0.43786220559593514,0.19172331108933696,0.43786220559593514
2022-09-09,18.7985,2.9337770794186904,1.397017179535598,1.3873488360932784,1.9247367930093744,1.3873488360932784
2022-09-12,19.8045,2.9859091846052284,5.3514908104369985,5.21321051865381,27.177563911802725,5.21321051865381
2022-09-13,19.3455,2.9624598342904185,-2.3176550783912675,-2.344935031480979,5.498720301866701,2.344935031480979
2022-09-14,19.6355,2.977339152437099,1.4990566281564144,1.4879318146680653,2.213941085101402,1.4879318146680653
2022-09-15,19.1755,2.953633422532653,-2.342695627816971,-2.3705729904446535,5.619616303025707,2.3705729904446535
2022-09-16,19.5365,2.9722845108164275,1.8826106229303141,1.8651088283774886,3.478630941691648,1.8651088283774886
2022-09-19,19.5615,2.973563348782929,0.1279656028459586,0.12788379665015726,0.016354265445658774,0.12788379665015726
2022-09-20,19.2785,2.9589904853258826,-1.4467193211154417,-1.4572863457046454,2.1236834933771993,1.4572863457046454
2022-09-21,19.5635,2.9736655852047433,1.4783307829965953,1.4675099878860822,2.153585564545409,1.4675099878860822
2022-09-22,19.6385,2.977491925264203,0.38336698443530715,0.3826340059459622,0.14640878250625464,0.3826340059459622
2022-09-23,18.8635,2.937228837930591,-3.946329913180757,-4.026308733361204,16.2111620163407,4.026308733361204
2022-09-26,18.3615,2.9102560812015397,-2.661224057041367,-2.697275672905117,7.275296055645751,2.697275672905117
2022-09-27,18.3935,2.9119973413340547,0.17427770062359293,0.17412601325152427,0.030319868490870004,0.17412601325152427
2022-09-28,18.8995,2.9391354666892013,2.7509718106939918,2.7138125355146268,7.364778477916327,2.7138125355146268
2022-09-29,18.8245,2.935159212908256,-0.39683589512949924,-0.3976253780945127,0.15810594130480418,0.3976253780945127
2022-09-30,19.0195,2.945464768653935,1.035884087226746,1.0305555745678652,1.0620447922729028,1.0305555745678652
2022-10-03,20.7095,3.030592532189925,8.885617392675925,8.512776353599005,72.46736124639438,8.512776353599005
2022-10-04,21.0665,3.0476841010610016,1.7238465438566886,1.709156887107678,2.9212172647476082,1.709156887107678
2022-10-05,20.6495,3.02769110603884,-1.9794460399212066,-1.9992995022161806,3.9971984995618675,1.9992995022161806
2022-10-06,20.6565,3.0280300398531534,0.033899125886827086,0.03389338143132443,0.0011487613048492475,0.03389338143132443
2022-10-07,20.0945,3.000446145780211,-2.720693244257266,-2.758389407294217,7.608712122272943,2.758389407294217
2022-10-10,19.6065,2.975861143911579,-2.428525218343325,-2.458500186863199,6.0442231688063845,2.458500186863199
2022-10-11,19.1585,2.9527464813778326,-2.284956519521586,-2.3114662533746673,5.342876240489922,2.3114662533746673
2022-10-12,19.0225,2.945622489068541,-0.7098676827517747,-0.7123992309291621,0.5075126642284616,0.7123992309291621
2022-10-13,18.8865,2.938447381127728,-0.7149428308581895,-0.7175107940812826,0.5148217396231527,0.7175107940812826
2022-10-14,18.2545,2.904411624976263,-3.3463055621740456,-3.4035756151465155,11.584326968019981,3.4035756151465155
2022-10-17,18.6715,2.926998297122251,2.284368237968737,2.2586672145988347,5.101577586303659,2.2586672145988347
2022-10-18,18.7355,2.930420119906612,0.34276839032747475,0.3421822784360957,0.11708871167571774,0.3421822784360957
2022-10-19,18.4555,2.9153624290437006,-1.4944890715486547,-1.5057690862911406,2.2673405412300562,1.5057690862911406
2022-10-20,18.6745,2.9271589568987437,1.1866381295548623,1.1796527855043073,1.3915806943480713,1.1796527855043073
2022-10-21,19.2815,2.9591460869859474,3.2504216980374423,3.1987130087203663,10.231764912156898,3.1987130087203663
2022-10-24,19.2225,2.9560814679241987,-0.3059927910173066,-0.30646190617487645,0.09391889993633878,0.30646190617487645
2022-10-25,19.3465,2.962511524562321,0.6450773832747947,0.6430056638121955,0.41345628369456217,0.6430056638121955
2022-10-26,19.5895,2.9749937084045905,1.2560411443930608,1.24821838422698,1.5580491347222127,1.24821838422698
2022-10-27,19.6045,2.975759131721034,0.0765716327624455,0.07654233164433495,0.00585872853355136,0.07654233164433495
2022-10-28,19.2695,2.9585235350216625,-1.7087913489249984,-1.7235596699371265,2.9706579358337764,1.7235596699371265
2022-10-31,19.1505,2.9523288249463784,-0.6175562417291558,-0.6194710075284542,0.38374432916831813,0.6194710075284542
2022-11-01,19.6335,2.977237290917747,2.522127359598958,2.4908465971368394,6.204316770468172,2.4908465971368394
2022-11-02,19.2075,2.955300827759653,-2.169760867904358,-2.193646315809379,4.812084158864061,2.193646315809379
2022-11-03,19.4575,2.9682325998514063,1.3015749056358272,1.2931772091753315,1.672307294330499,1.2931772091753315
2022-11-04,20.8615,3.037905354945187,7.215726583579607,6.967275509378103,48.542928023579904,6.967275509378103
2022-11-07,20.8035,3.0351212417823623,-0.27802411140138705,-0.2784113162824674,0.0775128610341361,0.2784113162824674
2022-11-08,21.3555,3.061309317739773,2.6533996683250294,2.618807595741054,6.8581532235110405,2.618807595741054
2022-11-09,21.0705,3.047873957956937,-1.3345508182903698,-1.3435359782835954,1.8050889249424578,1.3435359782835954
2022-11-10,21.6835,3.076551602655945,2.9092807479651706,2.8677644699008007,8.224073054825421,2.8677644699008007
2022-11-11,21.6565,3.075305640335089,-0.12451864320796036,-0.12459623208559173,0.015524221049926639,0.12459623208559173
2022-11-14,21.9885,3.090519589416058,1.5330270357629239,1.52139490809692,2.3146424663832357,1.52139490809692
2022-11-15,21.5645,3.0710484441134156,-1.9282806921799955,-1.9471145302642747,3.7912549939662674,1.9471145302642747
2022-11-16,21.4705,3.06667989992879,-0.43590159753297275,-0.4368544184625552,0.19084178293025728,0.4368544184625552
2022-11-17,20.9555,3.042401141746156,-2.398639994410934,-2.427875818263405,5.8945809889081975,2.427875818263405
2022-11-18,20.9035,3.0399166090650485,-0.24814487843286548,-0.24845326811075832,0.06172902643491636,0.24845326811075832
2022-11-21,20.8485,3.0372820032107857,-0.263113832611761,-0.26346058542628287,0.0694114800731597,0.26346058542628287
2022-11-22,21.0865,3.048633025289444,1.1415689378132754,1.135102207865859,1.2884570223019478,1.135102207865859
2022-11-23,21.5345,3.0696563002193504,2.124582078581083,2.102327492990629,4.419780887784263,2.102327492990629
2022-11-24,21.5075,3.068401711513366,-0.1253802038589269,-0.12545887059841257,0.01573992821182923,0.12545887059841257
2022-11-25,21.4605,3.0662140360923615,-0.21852842031849784,-0.2187675421004815,0.04785923747668594,0.2187675421004815
2022-11-28,20.9355,3.0414462826346718,-2.4463549311525723,-2.4767753457689627,6.134416113408965,2.4767753457689627
2022-11-29,21.2585,3.056756815391753,1.542833942346733,1.5310532757081152,2.34412413305655,1.5310532757081152
2022-11-30,22.1925,3.099754393960337,4.39353670296585,4.299757856858437,18.48791762761586,4.299757856858437
2022-12-01,22.7495,3.1245431671334614,2.5098569336487575,2.47887731731238,6.144832754285822,2.47887731731238
2022-12-02,23.137,3.1414330677255453,1.7033341392118428,1.6889900592083884,2.8526874201047554,1.6889900592083884
2022-12-05,22.251,3.1023869514225306,-3.829364221809217,-3.904611630301433,15.245991983485213,3.904611630301433
2022-12-06,22.198,3.1000021947297878,-0.23819154195316994,-0.2384756692742946,0.056870644835822735,0.2384756692742946
2022-12-07,22.725,3.1234656400635425,2.3740877556536644,2.346344533375479,5.505332669300995,2.346344533375479
2022-12-08,23.067,3.1384030247181536,1.5049504950495063,1.4937384654610923,2.231254603198059,1.4937384654610923
2022-12-09,23.421,3.1536330558062637,1.5346599037586062,1.523003108811004,2.3195384694479833,1.523003108811004
2022-12-12,23.315,3.149096930260284,-0.45258528670850673,-0.45361255459793703,0.2057643496888664,0.45361255459793703
2022-12-13,23.733,3.166866484707369,1.7928372292515427,1.7769554447084719,3.157570652479083,1.7769554447084719
2022-12-14,23.937,3.1754253789942535,0.8595626343066654,0.8558894286884602,0.7325467141406588,0.8558894286884602
2022-12-15,23.092,3.139486237198687,-3.5300998454275923,-3.5939141795566556,12.916219130018389,3.5939141795566556
2022-12-16,23.205,3.144367772693139,0.48934695998614774,0.48815354944520445,0.23829388783595165,0.48815354944520445
2022-12-19,22.987,3.13492883874228,-0.9394527041585832,-0.9438933950859134,0.8909347412868123,0.9438933950859134
2022-12-20,24.148,3.18420156093418,5.0506808195937,4.927272219189992,24.278011522001467,4.927272219189992
2022-12-21,23.97,3.176803048446293,-0.7371210866324418,-0.7398512487886819,0.5473798703341721,0.7398512487886819
2022-12-22,23.573,3.1601019892898106,-1.65623696287025,-1.6701059156482436,2.7892537694832584,1.6701059156482436
2022-12-23,23.734,3.1669086192429474,0.6829847707122694,0.6806629953136962,0.46330211318941283,0.6806629953136962
2022-12-27,24.045,3.179927074729626,1.3103564506614873,1.3018455486678524,1.6948018325863017,1.3018455486678524
2022-12-28,23.549,3.159083356715844,-2.06279891869412,-2.0843718013782,4.344605806380604,2.0843718013782
2022-12-29,23.906,3.174129473455789,1.515987940039909,1.5046116739945126,2.2638562895205694,1.5046116739945126
2022-12-30,23.935,3.175341822844472,0.12130845812765578,0.12123493886830258,0.014697910402401064,0.12123493886830258
2023-01-03,24.009,3.178428760053019,0.3091706705661279,0.3086937208546564,0.09529181329509254,0.3086937208546564
2023-01-04,23.76,3.168003494494444,-1.0371110833437447,-1.042526555857461,1.0868616196680199,1.042526555857461
2023-01-05,23.243,3.1460040114322902,-2.1759259259259367,-2.19994830621541,4.839772550020051,2.19994830621541
2023-01-06,23.846,3.17161648838394,2.594329475541035,2.561247695165015,6.559989755988102,2.561247695165015
2023-01-09,23.655,3.1635745090831113,-0.8009729095026397,-0.8041979300828804,0.6467343107495894,0.8041979300828804
2023-01-10,23.609,3.1616279952660764,-0.1944620587613577,-0.19465138170352234,0.03788916039909035,0.19465138170352234
2023-01-11,23.417,3.1534622543198756,-0.8132491846329803,-0.8165740946200736,0.6667932520045928,0.8165740946200736
2023-01-12,23.774,3.1685925465584326,1.5245334585984427,1.5130292238557066,2.289257432241402,1.5130292238557066
2023-01-13,24.275,3.1894470141773885,2.107344157482949,2.085446761895586,4.349088196700785,2.085446761895586
2023-01-16,24.2875,3.1899618147035587,0.0514933058702427,0.05148005261699244,0.00265019581744831,0.05148005261699244
2023-01-17,23.933,3.1752582597124777,-1.459598558929498,-1.470355499108101,2.1619452937574324,1.470355499108101
2023-01-18,23.474,3.1558934256779323,-1.917854009108766,-1.9364834034545413,3.7499679718548835,1.9364834034545413
2023-01-19,23.838,3.171280946060517,1.5506517849535717,1.5387520382584783,2.3677578352446216,1.5387520382584783
2023-01-20,23.938,3.1754671544511788,0.41949828005705125,0.41862083906618236,0.17524340690047455,0.41862083906618236
2023-01-23,23.459,3.155254216570876,-2.0010025900242256,-2.0212937880302757,4.085628577529781,2.0212937880302757
2023-01-24,23.671,3.164250670204254,0.9037043352231544,0.8996453633377831,0.8093617797751718,0.8996453633377831
2023-01-25,23.911,3.174338604100465,1.0138988635883583,1.0087933896210923,1.017664102943213,1.0087933896210923
2023-01-26,23.915,3.17450587713226,0.016728702270918383,0.01672730317955108,0.0002798026716606197,0.01672730317955108
2023-01-27,23.565,3.159762560375694,-1.4635166213673334,-1.4743316756565947,2.1736538898443825,1.4743316756565947
2023-01-30,23.606,3.1615009170068773,0.17398684489708938,0.17383566311830642,0.030218837771781318,0.17383566311830642
2023-01-31,23.733,3.166866484707369,0.5379988138608738,0.5365567700491657,0.28789316748559324,0.5365567700491657
2023-02-01,23.969,3.1767613287608536,0.9943959887077192,0.9894844053484472,0.9790793884277701,0.9894844053484472
2023-02-02,23.464,3.15546733167515,-2.106888063749024,-2.1293997085703604,4.534343118859536,2.1293997085703604
2023-02-03,22.349,3.1067815773292855,-4.75196045005114,-4.868575434586432,23.70302676225846,4.868575434586432
2023-02-06,22.273,3.1033751825693474,-0.34005995793995325,-0.3406394759938114,0.11603525260533841,0.3406394759938114
2023-02-07,22.18,3.099190981922221,-0.41754590760113564,-0.41842006471265397,0.17507535055414153,0.41842006471265397
2023-02-08,22.322,3.1055727392335233,0.6402164111812381,0.6381757311302129,0.4072682638035817,0.6381757311302129
2023-02-09,21.98,3.090132948975475,-1.5321207777080903,-1.5439790258047859,2.3838712321250957,1.5439790258047859
2023-02-10,22.021,3.091996543524055,0.18653321201091977,0.18635945485798203,0.03472984641496424,0.18635945485798203
2023-02-13,21.993,3.0907242209095593,-0.1271513555242798,-0.12723226144959712,0.01618804835357864,0.12723226144959712
2023-02-14,21.854,3.0843839711485534,-0.6320192788614509,-0.6340249761005544,0.4019876703193086,0.6340249761005544
2023-02-15,21.624,3.0738038089741466,-1.0524389127848477,-1.0580162174407173,1.1193983163675632,1.0580162174407173
2023-02-16,21.583,3.0719059677768334,-0.18960414354420863,-0.18978411973130774,0.03601801210218735,0.18978411973130774
2023-02-17,21.767,3.0803950614327,0.8525228188852374,0.8489093655866687,0.7206471109807604,0.8489093655866687
2023-02-20,21.8175,3.082712400055329,0.23200257270179492,0.23173386226292828,0.05370058291929381,0.23173386226292828
2023-02-21,21.838,3.0836515715918744,0.09396126962302187,0.09391715365452935,0.008820431750568476,0.09391715365452935
2023-02-22,21.519,3.068936265812407,-1.4607564795311,-1.4715305779467516,2.1654022418323007,1.4715305779467516
2023-02-23,21.317,3.0595048764510575,-0.9387053301733284,-0.9431389361349534,0.8895110528537716,0.9431389361349534
2023-02-24,20.766,3.033317033881262,-2.584791480977633,-2.618784256979535,6.8580309846038565,2.618784256979535
2023-02-27,20.631,3.026794799005809,-0.6501011268419399,-0.6522234875453311,0.42539547770579467,0.6522234875453311
2023-02-28,20.897,3.0396056079979608,1.2893218942368279,1.2810808992152212,1.6411682703340797,1.2810808992152212
2023-03-01,20.992,3.0441414127616784,0.45461070967125483,0.4535804763717668,0.2057352485456389,0.4535804763717668
2023-03-02,20.899,3.039701310936114,-0.4430259146341431,-0.444010182556429,0.1971450422137934,0.444010182556429
2023-03-03,21.256,3.0566392084575122,1.7082157041006685,1.6937897521398106,2.868923724453841,1.6937897521398106
2023-03-06,21.052,3.0469955674915323,-0.959729017689126,-0.9643640965979883,0.929998110807254,0.9643640965979883
2023-03-07,20.075,2.9994752598328254,-4.640889226676803,-4.752030765870718,22.581796399781847,4.752030765870718
2023-03-08,20.026,2.997031429285611,-0.24408468244084824,-0.24438305472143407,0.05972307743497944,0.24438305472143407
2023-03-09,20.07,2.9992261628082466,0.2197143713172922,0.21947335226357767,0.048168552353812455,0.21947335226357767
2023-03-10,20.527,3.021741092735042,2.2770303936223257,2.2514929926795038,5.0692206960849076,2.2514929926795038
2023-03-13,21.777,3.0808543669708133,6.0895406050567535,5.911327423577149,34.94379190873526,5.911327423577149
2023-03-14,21.692,3.076943528978814,-0.3903200624512104,-0.391083799199906,0.15294653799663238,0.391083799199906
2023-03-15,21.797,3.0817723456463755,0.48404941914070854,0.4828816667561419,0.2331747040891897,0.4828816667561419
2023-03-16,21.72,3.0782334950657346,-0.3532596228838947,-0.353885058064095,0.12523463432102788,0.353885058064095
2023-03-17,22.604,3.118126881767597,4.069981583793747,3.989338670186229,15.914823025443228,3.989338670186229
2023-03-20,22.537,3.1151584030365287,-0.2964077154485989,-0.296847873106839,0.088118659768054,0.296847873106839
2023-03-21,22.382,3.1082570643958354,-0.6877579092159469,-0.6901338640693045,0.4762847503352293,0.6901338640693045
2023-03-22,22.888,3.1306127557478094,2.260745241712092,2.235569135197373,4.997769358247131,2.235569135197373
2023-03-23,23.08,3.138966441639899,0.8388675288360625,0.835368589208959,0.6978406798369664,0.835368589208959
2023-03-24,23.225,3.1452292846999024,0.6282495667244481,0.6262843060003515,0.39223203194234185,0.6262843060003515
2023-03-27,23.078,3.138879782772476,-0.6329386437029183,-0.6349501927426359,0.40316174726391046,0.6349501927426359
2023-03-28,23.327,3.149611487966419,1.0789496490163808,1.073170519394302,1.151694963697036,1.073170519394302
2023-03-29,23.34,3.15016862685841,0.055729412269034384,0.05571388919908447,0.0031040374496878608,0.05571388919908447
2023-03-30,23.912,3.1743804249816368,2.450728363324761,2.421179812322678,5.8621116835988785,2.421179812322678
2023-03-31,24.081,3.1814231478175494,0.7067581130812961,0.7042722835912739,0.49599944943486773,0.7042722835912739
2023-04-03,23.986,3.1774703268095292,-0.3945018894564112,-0.39528210080201126,0.1562479392144514,0.39528210080201126
2023-04-04,25.0,3.2188758248682006,4.227466021846071,4.140549805867138,17.1441526948664,4.140549805867138
2023-04-05,24.947,3.2167535744870994,-0.21200000000000108,-0.2122250381101165,0.0450394668008404,0.2122250381101165
2023-04-06,24.9765,3.2179353827911443,0.11825069146591538,0.11818083040445633,0.01396670867508687,0.11818083040445633
2023-04-10,24.872,3.2137426727564526,-0.41839328969232037,-0.4192710034691491,0.17578817435002722,0.4192710034691491
2023-04-11,25.052,3.2209536646631665,0.7237053715020814,0.7210991906713641,0.5199840427868963,0.7210991906713641
2023-04-12,25.504,3.2388353026078045,1.8042471658949344,1.7881637944638071,3.1975297558312006,1.7881637944638071
2023-04-13,25.824,3.2513042920875384,1.2547051442910906,1.246898947973375,1.5547569864571094,1.246898947973375
2023-04-14,25.379,3.233922060406767,-1.7232032218091664,-1.7382231680771405,3.021419782040131,1.7382231680771405
2023-04-17,25.036,3.220314789062455,-1.3515110918475903,-1.3607271344311822,1.8515783343772967,1.3607271344311822
2023-04-18,25.192,3.2265264837987235,0.6231027320658278,0.6211694736268516,0.3858515149658599,0.6211694736268516
2023-04-19,25.287,3.2302904296834547,0.3771038424896789,0.3763945884731275,0.141672886231855,0.3763945884731275
2023-04-20,25.29,3.2304090606818736,0.011863803535416828,0.011863099841901188,0.000140733137858916,0.011863099841901188
2023-04-21,25.036,3.220314789062455,-1.0043495452748075,-1.00942716194187,1.0189431952660182,1.00942716194187
2023-04-24,25.159,3.2252156854143803,0.49129253874420353,0.49008963519253723,0.24018785052315422,0.49008963519253723
2023-04-25,25.014,3.2194356681267147,-0.5763345125004982,-0.5780017287665625,0.33408599845713494,0.5780017287665625
2023-04-26,24.884,3.214225026652773,-0.519708962980725,-0.5210641473941439,0.2715078456995861,0.5210641473941439
2023-04-27,24.925,3.215871315847902,0.16476450731393033,0.16462891951286204,0.02710268113997241,0.16462891951286204
2023-04-28,25.035,3.220274845781908,0.44132397191574135,0.4403529934006004,0.19391075879686923,0.4403529934006004
2023-05-01,24.995,3.2186758048655335,-0.1597763131615748,-0.1599040916374418,0.02556931852239538,0.1599040916374418
2023-05-02,25.378,3.233882656974723,1.5323064612922543,1.5206852109189102,2.3124835107074904,1.5206852109189102
2023-05-03,25.574,3.2415762103889767,0.7723224840413101,0.769355341425384,0.5919076413797691,0.769355341425384
2023-05-04,26.048,3.2599409898201297,1.8534449049816049,1.8364779431153104,3.3726512355490414,1.8364779431153104
2023-05-05,25.66,3.2449333591874905,-1.4895577395577342,-1.5007630632639368,2.252289772057355,1.5007630632639368
2023-05-08,25.558,3.2409503791865117,-0.39750584567420644,-0.39829800009788774,0.15864129688197698,0.39829800009788774
2023-05-09,25.606,3.242826699023987,0.1878081227013162,0.1876319837475807,0.03520576132505238,0.1876319837475807
2023-05-10,25.395,3.2345523042532083,-0.8240256189955608,-0.827439477077906,0.6846560882269586,0.827439477077906
2023-05-11,24.188,3.1858566424109664,-4.75290411498327,-4.869566184224192,23.71267482253976,4.869566184224192
2023-05-12,23.984,3.177386941360242,-0.8433934182239033,-0.846970105072448,0.7173583588864335,0.846970105072448
2023-05-15,24.094,3.181962846844661,0.4586390927284745,0.45759054844189795,0.20938911002335694,0.45759054844189795
2023-05-16,23.751,3.1676246348574066,-1.4235909355026166,-1.43382119872546,2.0558432299145153,1.43382119872546
2023-05-17,23.743,3.1672877501951056,-0.03368279230349103,-0.03368846623010488,0.0011349127569369169,0.03368846623010488
2023-05-18,23.496,3.156830193896319,-1.0403066166870256,-1.0457556298786512,1.0936048374228946,1.0457556298786512
2023-05-19,23.818,3.170441597345804,1.3704460333674007,1.3611403449485309,1.8527030386466057,1.3611403449485309
2023-05-22,23.629,3.162474771217431,-0.7935175077672385,-0.7966826128373162,0.6347031855972931,0.7966826128373162
2023-05-23,23.45,3.1548704948922883,-0.7575436963053961,-0.7604276325142661,0.5782501842912519,0.7604276325142661
2023-05-24,23.065,3.138316317009784,-1.6417910447761086,-1.6554177882504413,2.7404080536559827,1.6554177882504413
2023-05-25,22.737,3.1239935534980017,-1.4220680685020692,-1.4322763511782193,2.0514155461443937,1.4322763511782193
2023-05-26,23.295,3.14823874526876,2.454149623960955,2.4245191770758434,5.878293240008525,2.4245191770758434
2023-05-29,23.1705,3.142879917840278,-0.5344494526722476,-0.5358827428481706,0.28717031408247856,0.5358827428481706
2023-05-30,23.194,3.1438936245345115,0.10142206685224142,0.10137066942330607,0.0102760126193292,0.10137066942330607
2023-05-31,23.519,3.15780860511975,1.4012244546003139,1.3914980585238257,1.9362668468755762,1.3914980585238257
2023-06-01,23.878,3.1729575329231965,1.52642544325865,1.514892780344673,2.2949001359404138,1.514892780344673
2023-06-02,23.62,3.1620938107692163,-1.0804925035597601,-1.0863722153980282,1.1802045903888199,1.0863722153980282
2023-06-05,23.577,3.1602716605521475,-0.18204911092294385,-0.18221502170686518,0.03320231413563335,0.18221502170686518
2023-06-06,23.593,3.1609500578645764,0.06786274759298383,0.0678397312428592,0.004602229135103367,0.0678397312428592
2023-06-07,23.444,3.1546145986141827,-0.6315432543551047,-0.6335459250393451,0.40138043913395954,0.6335459250393451
2023-06-08,24.269,3.1891998157581996,3.5190240573280906,3.4585217144016793,11.96137244898793,3.4585217144016793
2023-06-09,24.273,3.1893646214938123,0.01648193168239942,0.016480573561267184,0.0002716093049083389,0.016480573561267184
2023-06-12,24.063,3.180675391052897,-0.8651588184402481,-0.8689230440915164,0.7550272565532674,0.8689230440915164
2023-06-13,23.673,3.1643351582070074,-1.6207455429497641,-1.6340232845889626,2.670032094578902,1.6340232845889626
2023-06-14,23.923,3.174840339278444,1.0560554217885265,1.0505181071436551,1.103588293436688,1.0505181071436551
2023-06-15,23.884,3.173208778684746,-0.1630230322283932,-0.16315605936982253,0.026619899709089054,0.16315605936982253
2023-06-16,24.15,3.184284380098582,1.1137162954278912,1.1075601413835603,1.226689466781572,1.1075601413835603
2023-06-19,23.9555,3.1761979425864717,-0.8053830227743197,-0.8086437512110017,0.6539047163726005,0.8086437512110017
2023-06-20,23.156,3.142253926216758,-3.3374381666005815,-3.394401636971352,11.521962473073794,3.394401636971352
2023-06-21,22.662,3.120689512958375,-2.133356365520811,-2.1564413258383337,4.65023919178339,2.1564413258383337
2023-06-22,22.255,3.1025667024678176,-1.7959579913511603,-1.812281049055716,3.2843626007664866,1.812281049055716
2023-06-23,22.413,3.109641147661774,0.7099528195911198,0.7074445193956401,0.5004777480229282,0.7074445193956401
2023-06-26,22.79,3.126321843257593,1.6820595190291332,1.6680695595818993,2.7824560556037516,1.6680695595818993
2023-06-27,22.86,3.1293886583666644,0.30715225976305494,0.3066815109071718,0.09405354913230572,0.3066815109071718
2023-06-28,22.693,3.1220565068874855,-0.7305336832895803,-0.7332151479179196,0.5376044531362968,0.7332151479179196
2023-06-29,22.574,3.1167988015334345,-0.5243907812982007,-0.5257705354050772,0.27643465590014155,0.5257705354050772
2023-06-30,22.775,3.125663443146022,0.890404890582075,0.886464161258734,0.7858187091961507,0.886464161258734
2023-07-03,22.9045,3.131333397805529,0.568605927552146,0.5669954659507185,0.3214838584086724,0.5669954659507185
2023-07-04,22.973,3.134319613310034,0.29906786875941727,0.2986215504504772,0.08917483039344691,0.2986215504504772
2023-07-05,23.1285,3.14106562329738,0.6768815566099429,0.6746009987346219,0.4550865074937493,0.6746009987346219
2023-07-06,22.7205,3.123267600653053,-1.764057331863278,-1.7798022644327216,3.1676961004798434,1.7798022644327216
2023-07-07,23.094,3.139572843529664,1.6438898791840018,1.6305242876611397,2.658609452652867,1.6305242876611397
2023-07-10,23.145,3.141778774483234,0.22083658093010605,0.22059309535697288,0.04866131371917053,0.22059309535697288
2023-07-11,23.1245,3.1408926615431167,-0.08857204579821865,-0.08861129401171153,0.007851961426429983,0.08861129401171153
2023-07-12,24.1265,3.183310821457995,4.333066660900764,4.2418159914878295,17.993002905641877,4.2418159914878295
2023-07-13,24.8765,3.2139235827341315,3.108615008393256,3.061276127613624,9.371411529497065,3.061276127613624
2023-07-14,24.901,3.2149079633068154,0.09848652342572262,0.09843805726838548,0.009690051118773938,0.09843805726838548
2023-07-17,24.839,3.2124149986059636,-0.24898598449861753,-0.2492964700851411,0.06214872999691166,0.2492964700851411
2023-07-18,25.056,3.2211133198083925,0.8736261524216138,0.8698321202428966,0.7566079174062529,0.8698321202428966
2023-07-19,25.156,3.2250964366812567,0.39910600255426143,0.3983116872864162,0.1586522002289518,0.3983116872864162
2023-07-20,24.7625,3.2093304120246695,-1.5642391477182382,-1.5766024656587612,2.485675334721285,1.5766024656587612
2023-07-21,24.602,3.2028277404465935,-0.6481574962140302,-0.6502671578076016,0.4228473765231762,0.6502671578076016
2023-07-24,24.3455,3.1923470275219326,-1.0425981627509961,-1.0480712924660787,1.0984534340915166,1.0480712924660787
2023-07-25,24.687,3.2062767892916857,1.40272329588631,1.3929761769753142,1.9403826296207618,1.3929761769753142
2023-07-26,24.935,3.216272438998086,1.0045773078948272,0.9995649706400146,0.9991301305305732,0.9995649706400146
2023-07-27,24.1325,3.1835594797406332,-3.2183677561660295,-3.271295925745272,10.701377033797614,3.271295925745272
2023-07-28,24.322,3.191381290558808,0.7852481093960417,0.7821810818174657,0.611807244753141,0.7821810818174657
2023-07-31,24.7555,3.209047686549221,1.782336978866872,1.7666395990413104,3.121015472900842,1.7666395990413104
2023-08-01,24.2965,3.1903323070509546,-1.8541334248954766,-1.871537949826619,3.502654297641224,1.871537949826619
2023-08-02,23.715,3.1661077593295452,-2.3933488362521405,-2.4224547721409695,5.868287123068557,2.4224547721409695
2023-08-03,23.5755,3.1602080372023567,-0.5882352941176339,-0.589972212718816,0.34806721178033584,0.589972212718816
2023-08-04,23.604,3.1614161891949224,0.12088821021822849,0.12081519925655236,0.01459631237140045,0.12081519925655236
2023-08-07,23.1345,3.1413250098496417,-1.9890696492119941,-2.009117934528061,4.036554874842302,2.009117934528061
2023-08-08,22.7765,3.1257293026676862,-1.547472389720983,-1.559570718195555,2.432260825052999,1.559570718195555
2023-08-09,22.6735,3.1211968416631053,-0.4522204904177429,-0.45324610045805874,0.2054320275804367,0.45324610045805874
2023-08-10,22.698,3.1222768148789473,0.10805565969083109,0.10799732158417695,0.011663421469356132,0.10799732158417695
2023-08-11,22.6805,3.121505524471924,-0.07709930390343844,-0.07712904070230947,0.005948888919658511,0.07712904070230947
2023-08-14,22.6025,3.1180605196293842,-0.34390776217455565,-0.34450048425397706,0.11868058365122469,0.34450048425397706
2023-08-15,22.5325,3.114958711448428,-0.30970025439663873,-0.31018081809566656,0.09621213991449698,0.31018081809566656
2023-08-16,22.415,3.1097303776074026,-0.5214689892377611,-0.5228333841024908,0.2733547475320627,0.5228333841024908
2023-08-17,22.6895,3.121902262409683,1.2246263662725854,1.2171884802279858,1.4815477963997137,1.2171884802279858
2023-08-18,22.757,3.124872790377082,0.29749443575222134,0.29705279673989304,0.08824036405099221,0.29705279673989304
2023-08-21,23.3115,3.1489468010416393,2.436612910313296,2.407401066455752,5.795579894772293,2.407401066455752
2023-08-22,23.4075,3.153056483830907,0.41181391158870984,0.41096827892679666,0.16889492628405334,0.41096827892679666
2023-08-23,24.313,3.191011186719896,3.868418242016447,3.7954702888989065,14.405594713914349,3.7954702888989065
2023-08-24,24.125,3.1832486472250494,-0.7732488792004277,-0.776253949484658,0.6025701940905299,0.776253949484658
2023-08-25,24.2355,3.187818500402858,0.4580310880828886,0.456985317780808,0.20883558066722605,0.456985317780808
2023-08-28,24.2385,3.187942278098275,0.012378535619239628,0.012377769541738044,0.000153209178828378,0.012377769541738044
2023-08-29,24.722,3.2076935354656313,1.9947604018400567,1.9751257367356303,3.9011216759154665,1.9751257367356303
2023-08-30,24.614,3.203315386750145,-0.4368578593964889,-0.43781487154864784,0.19168186174915902,0.43781487154864784
2023-08-31,24.438,3.1961392978943306,-0.7150402210124418,-0.7176088855814486,0.5149625126654487,0.7176088855814486
2023-09-01,24.174,3.1852776754372654,-1.0802848023569789,-1.0861622457065252,1.179748423998242,1.0861622457065252
2023-09-04,23.985,3.177428634954027,-0.7818317200297797,-0.7849040483237926,0.6160743650750785,0.7849040483237926
2023-09-05,23.5455,3.1589347194012345,-1.8323952470293836,-1.8493915552792857,3.4202491247383353,1.8493915552792857
2023-09-06,23.1745,3.1430525362461443,-1.5756726338366223,-1.5882183155089884,2.5224374177182085,1.5882183155089884
2023-09-07,22.9715,3.134254317137455,-0.875962803943986,-0.8798219108689775,0.7740865948451391,0.8798219108689775
2023-09-08,22.92,3.132009891846539,-0.2241908451777075,-0.22444252909157278,0.050374448865021494,0.22444252909157278
2023-09-11,23.079,3.1389231131449074,0.6937172774869049,0.6913221298368432,0.477926287202149,0.6913221298368432
2023-09-12,23.0705,3.1385547451194196,-0.03683001863166169,-0.03683680254875348,0.001356950022015851,0.03683680254875348
2023-09-13,22.8345,3.1282725501852813,-1.0229513881363728,-1.02821949341385,1.0572353266362342,1.02821949341385
2023-09-14,22.648,3.1200715478095984,-0.8167465895903114,-0.8201002375682916,0.6725643996595684,0.8201002375682916
2023-09-15,23.018,3.1362765185462993,1.6336983398092642,1.6204970736700945,2.62601076577334,1.6204970736700945
2023-09-18,23.249,3.146262120355688,1.003562429403071,0.998560180938882,0.9971224349566927,0.998560180938882
2023-09-19,23.2015,3.1442169317546225,-0.20430986278979768,-0.204518860106571,0.04182796413929116,0.204518860106571
2023-09-20,23.2425,3.145982499347876,0.1767127125401391,0.1765567593253466,0.03117228926346836,0.1765567593253466
2023-09-21,23.4005,3.152757389656741,0.6797891793051569,0.6774890308865137,0.4589913869715475,0.6774890308865137
2023-09-22,23.5475,3.1590196577148353,0.6281917053054364,0.626226805809405,0.3921600123142503,0.626226805809405
2023-09-25,23.1305,3.141152092957392,-1.770888629366163,-1.7867564757443068,3.192498703614216,1.7867564757443068
2023-09-26,22.8495,3.1289292352627283,-1.2148461987419257,-1.2222857694663607,1.4939825022399735,1.2222857694663607
2023-09-27,22.546,3.1155576666223395,-1.328256635812597,-1.3371568640388811,1.7879884790462948,1.3371568640388811
2023-09-28,22.621,3.1188786783756983,0.3326532422602613,0.33210117533588684,0.11029119065947746,0.33210117533588684
2023-09-29,22.181,3.0992360665686522,-1.945095265461283,-1.9642611807046073,3.858321986023058,1.9642611807046073
2023-10-02,21.044,3.046615483868561,-5.126008746224253,-5.262058270009155,27.68925723697174,5.262058270009155
2023-10-03,21.1625,3.052230747459254,0.5631058734081096,0.5615263590693031,0.31531185192962796,0.5615263590693031
2023-10-04,21.0085,3.044927117734183,-0.7277023036030728,-0.7303629725070951,0.5334300716093998,0.7303629725070951
2023-10-05,20.9725,3.0432120557383127,-0.1713592117476348,-0.17150619958702448,0.029414376496784276,0.17150619958702448
2023-10-06,21.5315,3.0695169791770036,2.6653951603289983,2.6304923438690837,6.919489971153865,2.6304923438690837
2023-10-09,21.8865,3.08587000839005,1.6487471843578128,1.6353029213046366,2.6742156444274787,1.6353029213046366
2023-10-10,21.8385,3.0836744671993532,-0.21931327530670952,-0.21955411906966685,0.04820401120045745,0.21955411906966685
2023-10-11,22.0405,3.0928816700527983,0.924971953201914,0.9207202853444896,0.8477258438448383,0.9207202853444896
2023-10-12,21.825,3.0830561017256657,-0.9777455139402536,-0.9825568327132275,0.9654179295114492,0.9825568327132275
2023-10-13,22.6845,3.121681871876768,3.93814432989692,3.8625770151102086,14.919501197657688,3.8625770151102086
2023-10-16,22.61,3.1183922862898785,-0.3284180828318939,-0.32895855868894297,0.10821373333470674,0.32895855868894297
2023-10-17,22.807,3.1270675063840128,0.8712958867757692,0.8675220094134448,0.752594436816741,0.8675220094134448
2023-10-18,22.854,3.129126156724522,0.2060770815977664,0.20586503405092396,0.042380412244788085,0.20586503405092396
2023-10-19,23.054,3.1378392901788206,0.8751203290452425,0.8713133454298826,0.7591869459242139,0.8713133454298826
2023-10-20,23.3495,3.1505755706094076,1.281773228073213,1.273628043058669,1.622128392065455,1.273628043058669
2023-10-23,22.9795,3.1346025141334213,-1.584616372941594,-1.5973056475986342,2.551385331850492,1.5973056475986342
2023-10-24,22.917,3.1318789932273323,-0.271981548771727,-0.2723520906088749,0.07417566125902479,0.2723520906088749
2023-10-25,22.861,3.129432401941834,-0.24436008203517767,-0.24465912854984417,0.05985808918276918,0.24465912854984417
2023-10-26,22.794,3.1264973434335435,-0.29307554350203047,-0.29350585082904146,0.08614568447087954,0.29350585082904146
2023-10-27,23.105,3.1400490443222298,1.3643941388084668,1.3551700888686269,1.8364859697642022,1.3551700888686269
2023-10-30,23.2965,3.1483031346960386,0.8288249296689143,0.8254090373808783,0.6813000789900282,0.8254090373808783
2023-10-31,22.85,3.128951117340214,-1.9165969136994865,-1.9352017355824707,3.745005757401407,1.9352017355824707
2023-11-01,22.991,3.1351028350017995,0.6170678336980151,0.6151717661585512,0.3784363018786312,0.6151717661585512
2023-11-02,22.723,3.1233776273896607,-1.1656735244226057,-1.1725207612138742,1.3748049354775629,1.1725207612138742
2023-11-03,23.216,3.144841696141832,2.1696078862826207,2.146406875217134,4.607062473979382,2.146406875217134
2023-11-06,23.0305,3.136819424408902,-0.799017918676781,-0.8022271732930165,0.6435684375697035,0.8022271732930165
2023-11-07,22.635,3.119497380887922,-1.7172879442478362,-1.7322043520979924,3.000531917427226,1.7322043520979924
2023-11-08,22.549,3.1156907190673744,-0.3799425668213008,-0.3806661820547461,0.1449067421601371,0.3806661820547461
2023-11-09,22.639,3.1196740827481686,0.3991307818528522,0.39833636807942274,0.15867186213470535,0.39833636807942274
2023-11-10,22.21,3.100542637906336,-1.8949600247360698,-1.9131444841832632,3.660121817360844,1.9131444841832632
2023-11-13,22.314,3.105214284170988,0.46825754164789846,0.4671646264651839,0.2182427882203548,0.4671646264651839
2023-11-14,23.087,3.139269688550187,3.4641928833915925,3.4055404379199232,11.597705674307823,3.4055404379199232
2023-11-15,23.4425,3.1545506143116433,1.5398276086109108,1.5280925761456,2.335066921271296,1.5280925761456
2023-11-16,23.7455,3.1673930388440334,1.2925242614908905,1.2842424532390377,1.649278678701422,1.2842424532390377
2023-11-17,23.7345,3.1669296858450107,-0.046324566760014285,-0.0463352999022909,0.002146960017035239,0.0463352999022909
2023-11-20,23.4355,3.1542519667562003,-1.2597695338010029,-1.2677719088810278,1.607245612947845,1.2677719088810278
2023-11-21,23.7465,3.167435151199805,1.3270465746410443,1.3183184443604747,1.7379635207410222,1.3183184443604747
2023-11-22,23.6385,3.1628767387480985,-0.4548038658328646,-0.4558412451706369,0.2077912407987167,0.4558412451706369
2023-11-23,23.8355,3.1711760659907804,0.833386213169196,0.829932724268184,0.6887883268112095,0.829932724268184
2023-11-24,24.3325,3.191812905318512,2.0851251284848216,2.063683932773122,4.25879137438594,2.063683932773122
2023-11-27,24.649,3.204736331714479,1.3007294770368993,1.2923426395967585,1.6701494981199174,1.2923426395967585
2023-11-28,25.03,3.2200751054436827,1.545701651182596,1.5338773729203707,2.352779795157098,1.5338773729203707
2023-11-29,25.023,3.2197954019275845,-0.027966440271676163,-0.027970351609841872,0.0007823405691781838,0.027970351609841872
2023-11-30,25.271,3.2296574932328777,0.9910881988570486,0.9862091305292977,0.9726084491393534,0.9862091305292977
2023-12-01,25.467,3.2373834964239405,0.7755925764710403,0.7726003191062847,0.596911253083133,0.7726003191062847
2023-12-04,24.5035,3.1988159644904286,-3.7833274433580755,-3.856753193351196,14.874545194424647,3.856753193351196
2023-12-05,24.16,3.184698373066614,-1.4018405533903322,-1.4117591423814329,1.9930638760975588,1.4117591423814329
2023-12-06,23.902,3.1739621374446894,-1.0678807947019808,-1.0736235621924897,1.1526675532948907,1.0736235621924897
2023-12-07,23.8035,3.16983262868887,-0.4120994059074623,-0.4129508755819682,0.17052842564391418,0.4129508755819682
2023-12-08,23.0285,3.1367325792754315,-3.255823723402018,-3.3100049413438097,10.956132711720437,3.3100049413438097
2023-12-11,22.824,3.127812613911199,-0.8880300497210003,-0.8919965364232662,0.7956578209911032,0.8919965364232662
2023-12-12,22.771,3.1254877965465275,-0.23221170697511617,-0.23248173646711873,0.05404775779076684,0.23248173646711873
2023-12-13,23.807,3.169979655080372,4.5496464801721315,4.4491858533843835,19.795254757955725,4.4491858533843835
2023-12-14,24.1785,3.1854638085229583,1.5604654093333892,1.548415344258678,2.3975900783357207,1.548415344258678
2023-12-15,23.83,3.170945291110651,-1.441363194573697,-1.4518517412307794,2.107873478514846,1.4518517412307794
2023-12-18,23.8055,3.1699166464166595,-0.10281158203944152,-0.10286446939911033,0.010581099064760504,0.10286446939911033
2023-12-19,24.0525,3.1802389412532825,1.0375753502341878,1.0322294836622998,1.0654977069417382,1.0322294836622998
2023-12-20,24.1505,3.1843050838180056,0.40744205384057874,0.40661425647232224,0.16533515356653944,0.40661425647232224
2023-12-21,24.3985,3.1945216549996296,1.0268938531293292,1.0216571181623981,1.0437832670918963,1.0216571181623981
2023-12-22,24.156,3.1845327964456547,-0.9939135602598514,-0.9988858553974916,0.9977729521131786,0.9988858553974916
2023-12-26,24.2275,3.187488351626568,0.29599271402549476,0.2955555180913262,0.08735306427423224,0.2955555180913262
2023-12-27,24.27,3.18924101973851,0.17542049324115183,0.17526681119419496,0.030718455106181583,0.17526681119419496
2023-12-28,23.977,3.1770950375196336,-1.2072517511330871,-1.2145982218876317,1.4752488406125965,1.2145982218876317
2023-12-29,23.7955,3.1694964871701266,-0.7569754347916735,-0.7598550349507199,0.5773796741399598,0.7598550349507199
2024-01-02,23.6585,3.1637224584001724,-0.5757391103359932,-0.5774028769954082,0.33339408236257445,0.5774028769954082
2024-01-03,22.9855,3.1348635823389723,-2.844643574191097,-2.885887606120025,8.328347275157169,2.885887606120025
2024-01-04,23.008,3.1358419815386362,0.09788779882971,0.09783991996640752,0.00957264993903303,0.09783991996640752
2024-01-05,23.181,3.1433329776195564,0.75191237830321,0.7490996080920445,0.5611502228436546,0.7490996080920445
2024-01-08,23.1075,3.1401572401567956,-0.3170700142357985,-0.31757374627609114,0.10085308432383111,0.31757374627609114
2024-01-09,22.9765,3.1344719544674686,-0.5669155036243656,-0.5685285689327221,0.3232247336926889,0.5685285689327221
2024-01-10,22.899,3.131093241484443,-0.33730115552847995,-0.33787129830254575,0.11415701421664785,0.33787129830254575
2024-01-11,22.751,3.124609100474877,-0.6463164330320126,-0.6484141009566162,0.4204408463193769,0.6484141009566162
2024-01-12,23.158,3.1423402931900815,1.788932354621764,1.7731192715204311,3.1439519510371445,1.7731192715204311
2024-01-15,23.2245,3.145207755942864,0.28715778564643024,0.286746275278289,0.0822234263859723,0.286746275278289
2024-01-16,22.9185,3.1319444446787417,-1.3175741135438734,-1.3263311264122395,1.75915425688996,1.3263311264122395
2024-01-17,22.557,3.1160454390639996,-1.5773283591858256,-1.589900561474225,2.527783795376056,1.589900561474225
2024-01-18,22.746,3.1243893057622527,0.8378773773108028,0.8343866698253152,0.6962011147821795,0.8343866698253152
2024-01-19,22.582,3.1171531287583303,-0.7210058911456874,-0.7236177003922277,0.5236225763209359,0.7236177003922277
2024-01-22,22.098,3.095487106690983,-2.1432999734301683,-2.1666022067347206,4.694165122227761,2.1666022067347206
2024-01-23,22.443,3.1109787615583775,1.561227260385567,1.5491654867394422,2.399913705304653,1.5491654867394422
2024-01-24,22.67,3.1210424645194377,1.0114512320099855,1.0063702961060117,1.0127811728845018,1.0063702961060117
2024-01-25,22.912,3.131660790778235,1.0674900749889638,1.06183262587974,1.1274885253826636,1.06183262587974
2024-01-26,22.807,3.1270675063840128,-0.4582751396648099,-0.4593284394222301,0.21098261526206133,0.4593284394222301
2024-01-29,23.205,3.144367772693139,1.7450782654448105,1.7300266309126182,2.9929921436668647,1.7300266309126182
2024-01-30,23.1605,3.142448241418216,-0.19176901529842638,-0.19195312749231722,0.036846003154081784,0.19195312749231722
2024-01-31,22.9385,3.1328167215947245,-0.9585285291768164,-0.9631519823491366,0.9276617411030715,0.9631519823491366
2024-02-01,23.177,3.1431604076204227,1.0397366872288982,1.034368602569812,1.0699184059822258,1.034368602569812
2024-02-02,22.6625,3.1207115760809696,-2.2198731501057,-2.2448831539453,5.039500374867397,2.2448831539453
2024-02-05,22.358,3.107184198848134,-1.343629343629349,-1.35273772328355,1.8298993479943624,1.35273772328355
2024-02-06,22.428,3.110310178261426,0.3130870381966133,0.3125979413292043,0.09771747292325667,0.3125979413292043
2024-02-07,22.217,3.1008577615949906,-0.9407883003388684,-0.9452416666435582,0.8934818083590916,0.9452416666435582
2024-02-08,22.5845,3.1172638302739473,1.6541387225998072,1.6406068678956613,2.691590894986412,1.6406068678956613
2024-02-09,22.612,3.1184807388130444,0.12176492727313803,0.12169085390972276,0.014808663925277486,0.12169085390972276
2024-02-12,22.693,3.1220565068874855,0.35821687599506546,0.35757680744411313,0.12786117322192436,0.35757680744411313
2024-02-13,22.123,3.0966177913278496,-2.5117877759661567,-2.5438715559635745,6.471282493240538,2.5438715559635745
2024-02-14,22.371,3.1077654772297674,1.1210052886136523,1.1147685901917816,1.2427090096781723,1.1147685901917816
2024-02-15,22.925,3.1322280181425284,2.4764203656519657,2.446254091276114,5.984159079085126,2.446254091276114
2024-02-16,23.39,3.1523085805960878,2.028353326063259,2.0080562453559203,4.032289884512916,2.0080562453559203
2024-02-19,22.9885,3.134994090887467,-1.716545532278757,-1.7314489708620322,2.9979155386991905,1.7314489708620322
2024-02-20,23.009,3.1358854437373958,0.08917502229377483,0.08913528499284595,0.007945099030755869,0.08913528499284595
2024-02-21,22.887,3.130569063776202,-0.5302273023599424,-0.5316379961193657,0.2826389589178147,0.5316379961193657
2024-02-22,22.747,3.124433268569725,-0.6117009656136707,-0.6135795206477249,0.3764798281582919,0.6135795206477249
2024-02-23,22.959,3.1337100164958938,0.9319910317844071,0.9276747926168933,0.860580520856796,0.9276747926168933
2024-02-26,22.521,3.114448207258975,-1.9077485953220896,-1.9261809236918657,3.710172950794449,1.9261809236918657
2024-02-27,22.457,3.1116023695964046,-0.2841792105146346,-0.28458376625706955,0.0809879200170584,0.28458376625706955
2024-02-28,22.462,3.1118249925408445,0.02226477267666116,0.022262294443991196,0.0004956097539109613,0.022262294443991196
2024-02-29,22.671,3.1210865747066925,0.930460333006855,0.9261582165848157,0.8577690421475663,0.9261582165848157
2024-03-01,23.16,3.1424266527047946,2.1569405848881784,2.1340077998101923,4.553989289650738,2.1340077998101923
2024-03-04,23.8905,3.1734808903778084,3.154145077720205,3.105423767301399,9.643656774520412,3.105423767301399
2024-03-05,23.6725,3.1643140368755183,-0.9124965990665701,-0.9166853502290345,0.8403120313245277,0.9166853502290345
2024-03-06,24.1755,3.1853397236487453,2.1248283873693152,2.102568677322736,4.420795042858679,2.102568677322736
2024-03-07,24.2955,3.190291148012424,0.4963702922380131,0.4951424363678611,0.24516603229230138,0.4951424363678611
2024-03-08,24.295,3.1902705678578664,-0.002057994278770181,-0.0020580154557629862,4.2354276161593315e-06,0.0020580154557629862
2024-03-11,24.485,3.1980606851542808,0.7820539205597665,0.779011729641419,0.6068592749189152,0.779011729641419
2024-03-12,24.1415,3.183932351269998,-1.4028997345313376,-1.412833388428282,1.9960981834577407,1.412833388428282
2024-03-13,25.035,3.220274845781908,3.7010956237184978,3.6342494511910344,13.207769073482334,3.6342494511910344
2024-03-14,24.816,3.211488606434183,-0.8747753145596171,-0.8786239347725088,0.7719800187551258,0.8786239347725088
2024-03-15,25.182,3.226129453579509,1.4748549323017501,1.46408471453259,2.1435440513279755,1.46408471453259
2024-03-18,25.032,3.220155006366581,-0.5956635692160983,-0.5974447212927717,0.35694019500059765,0.5974447212927717
2024-03-19,24.915,3.2154700317333678,-0.4674017257909946,-0.46849746332131975,0.21948987313851134,0.46849746332131975
2024-03-20,25.6385,3.2440951280010473,2.9038731687738295,2.862509626767914,8.193961363338984,2.862509626767914
2024-03-21,24.749,3.20878508415803,-3.469391735085914,-3.5310043843017085,12.467991961957887,3.5310043843017085
2024-03-22,24.674,3.205750057649273,-0.30304254717361534,-0.3035026508757103,0.09211385908858331,0.3035026508757103
2024-03-25,24.663,3.205304144838106,-0.04458134068249242,-0.044591281116673334,0.0019883823516261877,0.044591281116673334
2024-03-26,24.409,3.194951916748827,-1.029882820419259,-1.0352228089278714,1.0716862641245122,1.0352228089278714
2024-03-27,24.581,3.2019737867928444,0.7046581179073419,0.702187004401715,0.4930665891506541,0.702187004401715
2024-03-28,24.97,3.217675104291682,1.582523086937071,1.570131749883747,2.4653137119929975,1.570131749883747
2024-04-01,25.085,3.2222700579362162,0.46055266319584565,0.4594953644534551,0.21113598995421354,0.4594953644534551
2024-04-02,26.14,3.2634667081960758,4.205700617899133,4.11966502598595,16.971639926331815,4.11966502598595
2024-04-03,27.1825,3.3025733838897677,3.988140780413163,3.9106675693691617,15.293320838115708,3.9106675693691617
2024-04-04,26.911,3.292535124955091,-0.9988043778166089,-1.0038258934676294,1.0076664243960844,1.0038258934676294
2024-04-05,27.384,3.3099589012278843,1.75764557244249,1.7423776272792975,3.0358797960434343,1.7423776272792975
2024-04-08,27.853,3.326940680500105,1.7126789366053163,1.6981779272220678,2.883808272504239,1.6981779272220678
2024-04-09,28.1525,3.3376361605890437,1.0752881197716446,1.0695480088938547,1.143932943328809,1.0695480088938547
2024-04-10,27.9275,3.329611866462866,-0.7992185418701725,-0.8024294126177207,0.6438929622340203,0.8024294126177207
2024-04-11,28.4455,3.3479899758298073,1.8548026139110219,1.8378109366940911,3.3775490390324125,1.8378109366940911
2024-04-12,28.0305,3.3332932030482825,-1.4589302350108024,-1.4696772781524645,2.1599513019176366,1.4696772781524645
2024-04-15,28.8755,3.362993484709353,3.0145734111057587,2.9700281661070576,8.821067307469251,2.9700281661070576
2024-04-16,28.104,3.3359119149635257,-2.6718152066630863,-2.7081569745827205,7.334114198981034,2.7081569745827205
2024-04-17,28.2235,3.3401549642479598,0.4252063763165559,0.42430492844340295,0.1800346723013613,0.42430492844340295
2024-04-18,28.2405,3.3407571178507394,0.060233493365458024,0.060215360277939,0.003625889613401994,0.060215360277939
2024-04-19,28.6715,3.355903598024394,1.526176944459201,1.5146480173654973,2.2941586165092316,1.5146480173654973
2024-04-22,27.194,3.3029963607334945,-5.153200913799427,-5.2907237290899936,27.991757577555926,5.2907237290899936
2024-04-23,27.307,3.307143079579833,0.4155328381260537,0.4146718846338459,0.17195277190578562,0.4146718846338459
2024-04-24,27.166,3.301966191400299,-0.5163511187607495,-0.517688817953368,0.26800171223395536,0.517688817953368
2024-04-25,27.442,3.3120746864989834,1.0159758521681495,1.0108495098684434,1.021816731601272,1.0108495098684434
2024-04-26,27.226,3.304172399090281,-0.7871146417899655,-0.7902287408702191,0.6244614628973318,0.7902287408702191
2024-04-29,27.142,3.301082343659179,-0.3085286123558295,-0.30900554311023204,0.09548442567284947,0.30900554311023204
2024-04-30,26.295,3.2693788070413077,-3.1206248618377286,-3.170353661787131,10.05114234080707,3.170353661787131
2024-05-01,26.6495,3.2827703887097712,1.3481650503897935,1.3391581668463708,1.7933445958313323,1.3391581668463708
2024-05-02,26.678,3.2838392557188523,0.10694384510028243,0.10688670090809373,0.011424766831016285,0.10688670090809373
2024-05-03,26.504,3.277295664997595,-0.652222805307745,-0.654359072125758,0.4281857952732829,0.654359072125758
2024-05-06,27.447,3.312256872365508,3.5579535164503406,3.496120736791309,12.222860206222206,3.496120736791309
2024-05-07,27.24,3.3046864812813115,-0.75418078478523,-0.7570391084196352,0.5731082116767962,0.7570391084196352
2024-05-08,27.337,3.308241095940791,0.35609397944200705,0.3554614659479439,0.1263528537738613,0.3554614659479439
2024-05-09,28.334,3.344062496957159,3.647071734279539,3.582140101636816,12.83172770775462,3.582140101636816
2024-05-10,28.2085,3.3396233509663724,-0.4429307545704808,-0.4439145990786687,0.19706017127517517,0.4439145990786687
2024-05-13,28.2035,3.339446083717805,-0.017725153765713042,-0.017726724856748078,0.00031423677414685016,0.017726724856748078
2024-05-14,28.6115,3.3538087349082075,1.4466289644902375,1.4362651190402669,2.062857492171752,1.4362651190402669
2024-05-15,29.6725,3.390220690948523,3.708299110497526,3.6411956040315605,13.25830542681876,3.6411956040315605
2024-05-16,29.581,3.3871322633373215,-0.3083663324627173,-0.3088427611201859,0.0953838510963402,0.3088427611201859
2024-05-17,31.516,3.4504953533834417,6.5413610087556195,6.33630900461203,40.14881180192749,6.33630900461203
2024-05-20,31.831,3.460440657702794,0.9994923213605844,0.9945304319352751,0.9890907800453649,0.9945304319352751
2024-05-21,31.978,3.465048166363229,0.4618139549495748,0.4607508660434228,0.21229136055976414,0.4607508660434228
2024-05-22,30.798,3.427449752806221,-3.690036900369009,-3.759841355700755,14.13640702003769,3.759841355700755
2024-05-23,30.1255,3.4053719891834553,-2.1835833495681523,-2.207776362276574,4.874276465827182,2.207776362276574
2024-05-24,30.3525,3.412878886435993,0.7535144644902125,0.7506897252537883,0.5635350636016082,0.7506897252537883
2024-05-27,31.643,3.454516955092372,4.2517090849188754,4.163806865637892,17.33728761433325,4.163806865637892
2024-05-28,32.1,3.4688560301359703,1.4442372720664842,1.4339075043597957,2.0560907310593377,1.4339075043597957
2024-05-29,31.9765,3.4650012580143157,-0.3847352024922146,-0.3854772121654501,0.14859268109884743,0.3854772121654501
2024-05-30,31.166,3.4393277570234226,-2.534673901146156,-2.5673500990892975,6.591286531293825,2.5673500990892975
2024-05-31,30.382,3.413850327785471,-2.5155618301995752,-2.547742923795182,6.490994005748423,2.547742923795182
2024-06-03,30.732,3.4253044570053883,1.1519978934895647,1.1454129219917568,1.3119707618656944,1.1454129219917568
2024-06-04,29.496,3.3842546609318434,-4.02186645841468,-4.104979607354509,16.85085757679638,4.104979607354509
2024-06-05,30.006,3.4013973616648214,1.7290480065093705,1.7142700732978384,2.9387218842045764,1.7142700732978384
2024-06-06,31.3255,3.444432462346685,4.397453842564825,4.30351006818633,18.520198906981108,4.30351006818633
2024-06-07,29.1725,3.3732264846981255,-6.872994844455804,-7.120597764855968,50.702912528871806,7.120597764855968
2024-06-10,29.7485,3.3927787105524323,1.974462250407072,1.955222585430692,3.8228953585782794,1.955222585430692
2024-06-11,29.285,3.3770754395417457,-1.5580617510126515,-1.570327101068649,2.4659272043506673,1.570327101068649
2024-06-12,29.7285,3.3921061816503753,1.514427181150757,1.5030742108629407,2.259232083361252,1.5030742108629407
2024-06-13,28.965,3.3660882045485874,-2.5682425954891785,-2.6017977101787593,6.769351324691435,2.6017977101787593
2024-06-14,29.5795,3.3870815538267416,2.1215259796305785,2.0993349278154225,4.407207139145785,2.0993349278154225
2024-06-17,29.465,3.3832031182898765,-0.38709241197451005,-0.38784355368651163,0.15042262213618204,0.38784355368651163
2024-06-18,29.5415,3.385796054419325,0.2596300695740794,0.25929361294483994,0.06723317771398847,0.25929361294483994
2024-06-19,29.761,3.393198811550889,0.7430225276306324,0.7402757131564264,0.5480081314892556,0.7402757131564264
2024-06-20,30.737,3.4254671406348938,3.279459695574749,3.226832908400459,10.412450618736166,3.226832908400459
2024-06-21,29.5405,3.3857622031617476,-3.8927026059797587,-3.9704937473146114,15.764820597464425,3.9704937473146114
2024-06-24,29.582,3.3871660682491784,0.1404850967316129,0.14038650874308026,0.01970837183707095,0.14038650874308026
2024-06-25,28.914,3.3643259068862506,-2.25812994388479,-2.2840161362927525,5.216729710845673,2.2840161362927525
2024-06-26,28.7705,3.3593505566268993,-0.49629937054714857,-0.4975350259351527,0.24754110203229307,0.4975350259351527
2024-06-27,28.9775,3.366519666780763,0.7194869745051458,0.716911015386387,0.5139614039823405,0.716911015386387
2024-06-28,29.1125,3.3711676352104596,0.4658786989905961,0.4647968429696363,0.21603610523454075,0.4647968429696363
2024-07-01,29.4495,3.3826769320247765,1.1575783598110734,1.1509296814316923,1.3246391316004567,1.1509296814316923
2024-07-02,29.5235,3.3851865563897903,0.25127761082530675,0.25096243650139477,0.06298214453471661,0.25096243650139477
2024-07-03,30.498,3.4176611076928203,3.3007604111978672,3.247455130303019,10.545964823331397,3.247455130303019
2024-07-04,30.409,3.414738617228822,-0.2918224145845749,-0.29224904639984767,0.08540950512162032,0.29224904639984767
2024-07-05,31.218,3.4409948515362214,2.6603965931138784,2.625623430739934,6.893898400050541,2.625623430739934
2024-07-08,30.7625,3.4262964157171742,-1.4590941123710732,-1.4698435819047262,2.1604401552665156,1.4698435819047262
2024-07-09,30.7985,3.4274659874948807,0.11702559934985146,0.11695717777064178,0.013678981432073503,0.11695717777064178
2024-07-10,30.8165,3.4280502608215726,0.058444404759971924,0.05842733266919722,0.0034137532028370404,0.05842733266919722
2024-07-11,31.4575,3.448637428483986,2.0800545162493966,2.0587167662413064,4.238314723603062,2.0587167662413064
2024-07-12,30.7875,3.427108763446656,-2.1298577445760136,-2.15286650373296,4.634834182895379,2.15286650373296
2024-07-15,30.6805,3.4236272736283166,-0.34754364596022436,-0.34814898183399545,0.1212077135520477,0.34814898183399545
2024-07-16,31.2515,3.4420673750304474,1.861116996137624,1.8440101402131006,3.400373397208739,1.8440101402131006
2024-07-17,30.3055,3.411329214194712,-3.027054701374343,-3.073816083573521,9.448345315635258,3.073816083573521
2024-07-18,29.829,3.3954810746660464,-1.5723218557687435,-1.5848139528665917,2.5116352652006313,1.5848139528665917
2024-07-19,29.22,3.3748534063225533,-2.041637332796953,-2.0627668343492904,4.255007012891393,2.0627668343492904
2024-07-22,29.1295,3.3717514063887424,-0.3097193702943146,-0.31019999338108295,0.09622403589362391,0.31019999338108295
2024-07-23,29.2365,3.375417928674668,0.3673252201376487,0.3666522285925314,0.1344338567318699,0.3666522285925314
2024-07-24,28.9005,3.3638588960067874,-1.1492483710430434,-1.155903266788044,1.336112362171272,1.155903266788044
2024-07-25,27.8555,3.3270304334104033,-3.615854396982754,-3.6828462596384304,13.563356572132777,3.6828462596384304
2024-07-26,27.903,3.3287342099284394,0.17052287699017565,0.17037765180362904,0.02902854423411866,0.17037765180362904
2024-07-29,27.861,3.327227861461981,-0.15052144930651767,-0.15063484664585497,0.022690857024020242,0.15063484664585497
2024-07-30,28.386,3.345896065877066,1.8843544739959084,1.8668204415085055,3.4850185608340114,1.8668204415085055
2024-07-31,29.005,3.3674682289180278,2.180652434298591,2.157216304096156,4.653582182658278,2.157216304096156
2024-08-01,28.5225,3.3506932494883874,-1.6635062920186128,-1.677497942964024,2.8139993486485317,1.677497942964024
2024-08-02,28.5335,3.3510788355840226,0.03856604435095168,0.038558609563541464,0.0014867663714736312,0.038558609563541464
2024-08-05,27.2495,3.3050351723170617,-4.499973715106798,-4.604366326696089,21.20018927041283,4.604366326696089
2024-08-06,26.9675,3.294632437267447,-1.0348813739701646,-1.0402735049614744,1.0821689651248307,1.0402735049614744
2024-08-07,26.6095,3.2812682948844665,-1.3275238713265969,-1.3364142382980446,1.7860030163257428,1.3364142382980446
2024-08-08,27.5405,3.3156576485460136,3.4987504462691943,3.4389353661547015,11.826276452589571,3.4389353661547015
2024-08-09,27.4019,3.310612354055599,-0.5032588369855318,-0.5045294490414877,0.2545499649501071,0.5045294490414877
2024-08-12,27.9575,3.3306854999202065,2.0275966265112855,2.0073145864607467,4.029311849018079,2.0073145864607467
2024-08-13,27.856,3.3270483830258333,-0.3630510596440928,-0.36371168943730164,0.13228619303333616,0.36371168943730164
2024-08-14,27.567,3.3166194051868576,-1.037478460654806,-1.0428977838975748,1.0876357876584726,1.0428977838975748
2024-08-15,28.357,3.3448739132758667,2.865745275147824,2.825450808900926,7.983172273518896,2.825450808900926
2024-08-16,28.969,3.366226292718103,2.1581972705152275,2.1352379442236273,4.5592410784523425,2.1352379442236273
2024-08-19,29.4455,3.3825410970640446,1.6448617487659245,1.6314804345941574,2.6617284084635404,1.6314804345941574
2024-08-20,29.4385,3.3823033414756685,-0.023772732675608754,-0.02377555883761592,0.0005652771980409365,0.02377555883761592
2024-08-21,29.6045,3.3879263768021044,0.563887426329468,0.5623035326436105,0.31618526282348397,0.5623035326436105
2024-08-22,28.984,3.3667439535927763,-2.09596514043473,-2.1182423209328216,4.4869505301908665,2.1182423209328216
2024-08-23,29.8325,3.3955984032616735,2.9274772288159,2.885444966889763,8.325792656949465,2.885444966889763
2024-08-26,29.911,3.398226305717201,0.26313584178330185,0.26279024555275976,0.06905871315767977,0.26279024555275976
2024-08-27,29.974,3.4003303392228044,0.21062485373273265,0.2104033505603078,0.044269569927003774,0.2104033505603078
2024-08-28,29.141,3.3721461172681515,-2.7790751985053763,-2.818422195465272,7.943503671891284,2.818422195465272
2024-08-29,29.4255,3.381861645355413,0.9762877046086249,0.9715528087261251,0.9439148601436227,0.9715528087261251
2024-08-30,28.8625,3.3625431746806136,-1.9133064858710913,-1.9318470674799149,3.7320330921307465,1.9318470674799149
2024-09-02,28.5525,3.351744497942625,-1.074058033780867,-1.0798676737988784,1.1661141929158008,1.0798676737988784
2024-09-03,28.0505,3.334006457121779,-1.7581647841695136,-1.7738040820845773,3.14638092161991,1.7738040820845773
2024-09-04,28.271,3.341836544267007,0.7860822445232785,0.7830087145227486,0.6131026470185672,0.7830087145227486
2024-09-05,28.824,3.361208373445792,1.9560680556046872,1.9371829178785445,3.7526776573204317,1.9371829178785445
2024-09-06,27.9205,3.3293611860432755,-3.1345406605606474,-3.1847187402516695,10.142433454510181,3.1847187402516695
2024-09-09,28.35,3.3446270301737613,1.538296233949965,1.5265844130485626,2.3304599701628246,1.5265844130485626
2024-09-10,28.4,3.3463891451671604,0.17636684303350414,0.17621149933992233,0.03105049249962345,0.17621149933992233
2024-09-11,28.676,3.356060535990626,0.9718309859154894,0.9671390823465409,0.9353580046021092,0.9671390823465409
2024-09-12,29.873,3.396955062404023,4.174222346212875,4.0894526413397365,16.723622905760546,4.0894526413397365
2024-09-13,30.73,3.425239376142393,2.8688113011749783,2.8284313738370295,8.000024036505627,2.8284313738370295
2024-09-16,30.7335,3.4253532648732263,0.011389521640081668,0.01138887308331026,0.00012970643010774897,0.01138887308331026
2024-09-17,30.7035,3.4243766546095604,-0.0976133535067647,-0.09766102636658858,0.009537676070975509,0.09766102636658858
2024-09-18,30.0835,3.403976848695739,-2.0193137590176935,-2.039980591382163,4.16152081321592,2.039980591382163
2024-09-19,30.786,3.427060041187883,2.3351671181877087,2.3083192492143794,5.328337756293636,2.3083192492143794
2024-09-20,31.1455,3.4386697725184883,1.167738582472544,1.1609731330605455,1.3478586156884191,1.1609731330605455
2024-09-23,30.6925,3.4240183250728577,-1.4544637267020932,-1.4651447445630372,2.1466491225206874,1.4651447445630372
2024-09-24,32.0975,3.4687781454831015,4.577665553473964,4.475982041024361,20.034415231572602,4.475982041024361
2024-09-25,31.812,3.459843577094889,-0.8894773736272121,-0.8934568388212676,0.7982651228364925,0.8934568388212676
2024-09-26,32.018,3.4662982446559027,0.6475543819942198,0.6454667561013941,0.41662733323205664,0.6454667561013941
2024-09-27,31.634,3.454232491541297,-1.1993253794740477,-1.2065753114605675,1.4558239822261656,1.2065753114605675
2024-09-30,31.16,3.4391352210025476,-1.4983878105835458,-1.5097270538749497,2.279275777201935,1.5097270538749497
2024-10-01,31.4405,3.4480968707424378,0.9001925545571332,0.8961649739890147,0.8031116606047315,0.8961649739890147
2024-10-02,31.8345,3.4605506073616685,1.2531607321766502,1.2453736619230913,1.55095555781173,1.2453736619230913
2024-10-03,32.028,3.4666105202103874,0.6078311266079162,0.6059912848718806,0.36722543734067276,0.6059912848718806
2024-10-04,32.196,3.4718422212314874,0.5245410266017103,0.523170102109987,0.2737069557417743,0.523170102109987
2024-10-07,31.687,3.4559065021342086,-1.5809417318921493,-1.593571909727872,2.539471431473737,1.593571909727872
2024-10-08,30.671,3.423317582746238,-3.2063622305677497,-3.2588919387970936,10.62037666875668,3.2588919387970936
2024-10-09,30.5015,3.417775862731922,-0.5526393009683384,-0.5541720014315571,0.30710660717065774,0.5541720014315571
2024-10-10,31.1625,3.4392154488496764,2.1671065357441455,2.143958611775417,4.596558529005973,2.143958611775417
2024-10-11,31.5665,3.4520964316789393,1.2964300040112287,1.2880982829262806,1.6591971864776325,1.2880982829262806
2024-10-14,31.189,3.4400654685475374,-1.1958880458714183,-1.2030963131401724,1.4474407386914758,1.2030963131401724
2024-10-15,31.5075,3.45022561272951,1.021193369457185,1.0160144181972393,1.0322852979846746,1.0160144181972393
2024-10-16,31.679,3.4556540007914536,0.5443148456716562,0.5428388061943771,0.2946739695105365,0.5428388061943771
2024-10-17,31.695,3.4561589397361296,0.050506644780456966,0.050493894467611565,0.002549633378506294,0.050493894467611565
2024-10-18,33.619,3.515091383338221,6.070358100646778,5.893244360209121,34.73032908913662,5.893244360209121
2024-10-21,33.787,3.52007611312089,0.4997174216960554,0.4984729782668809,0.24847531006225435,0.4984729782668809
2024-10-22,34.854,3.5511679082384506,3.1580193565572623,3.1091795117560572,9.666997236323635,3.1091795117560572
2024-10-23,33.7005,3.517512674043504,-3.309519710793596,-3.365523419494634,11.326747887166855,3.365523419494634
2024-10-24,33.675,3.5167557222964274,-0.07566653313749727,-0.07569517470764935,0.005729759474021557,0.07569517470764935
2024-10-25,33.587,3.514139087340295,-0.26132145508536153,-0.2616634956132696,0.06846778493655557,0.2616634956132696
2024-10-28,33.656,3.51619134628822,0.20543662726648648,0.20522589479247552,0.042117667893372235,0.20522589479247552
2024-10-29,34.449,3.5394799694621617,2.356192060850959,2.328862317394215,5.423599693378753,2.328862317394215
2024-10-30,33.771,3.5196024460407767,-1.968126796133407,-1.987752342138523,3.951159373677184,1.987752342138523
2024-10-31,32.6735,3.4865643518000775,-3.249829735571952,-3.3038094240699105,10.915156710573154,3.3038094240699105
2024-11-01,32.4475,3.479623398579777,-0.691692044011194,-0.6940953220300594,0.4817683160640119,0.6940953220300594
2024-11-04,32.458,3.47994694589369,0.03235996609909364,0.03235473139133329,0.0010468286434053278,0.03235473139133329
2024-11-05,32.6535,3.4859520475269634,0.6023168402242929,0.6005101633273422,0.3606124562594312,0.6005101633273422
2024-11-06,31.1755,3.4396325299298667,-4.526314177653246,-4.631951759709707,21.454977104277848,4.631951759709707
2024-11-07,32.0375,3.4669070916901896,2.7649917403089086,2.7274561760322995,7.439017192176734,2.7274561760322995
2024-11-08,31.253,3.4421153715747055,-2.448692937963326,-2.4791720115484117,6.146293862844998,2.4791720115484117
2024-11-11,30.6915,3.4239857432925866,-1.79662752375771,-1.812962828211873,3.2868342164779936,1.812962828211873
2024-11-12,30.7155,3.4247674131745875,0.07819754655196132,0.07816698820007754,0.006110078044271062,0.07816698820007754
2024-11-13,30.3125,3.411560168697702,-1.3120411518614317,-1.320724447688548,1.7443130667222202,1.320724447688548
2024-11-14,30.444,3.415888930405145,0.4338144329896876,0.43287617074431417,0.18738177919826063,0.43287617074431417
2024-11-15,30.251,3.4095292417816916,-0.6339508605964994,-0.6359688623453659,0.4044563938728589,0.6359688623453659
2024-11-18,31.173,3.4395523355386195,3.0478331294833128,3.0023093756927848,9.0138615873728,3.0023093756927848
2024-11-19,31.2135,3.440850693538807,0.12992012318353563,0.12983580001876674,0.01685733496651319,0.12983580001876674
2024-11-20,30.8585,3.429412239143176,-1.1373283995707029,-1.143845439563078,1.308382389609251,1.143845439563078
2024-11-21,30.7935,3.427303628746635,-0.2106388839379636,-0.21086103965413228,0.04446237804402155,0.21086103965413228
2024-11-22,31.2285,3.441331139401801,1.4126357835257508,1.4027510655166227,1.9677105518080202,1.4027510655166227
2024-11-25,30.3065,3.411362210961032,-2.9524312727156277,-2.9968928440768745,8.981366718879178,2.9968928440768745
2024-11-26,30.446,3.4159546226370625,0.4602972959596219,0.4592411676030279,0.21090245002139238,0.4592411676030279
2024-11-27,30.103,3.404624834562414,-1.1265847730407952,-1.1329788074648528,1.28364097816448,1.1329788074648528
2024-11-28,30.224,3.408636310759154,0.4019532936916592,0.4011476196739919,0.16091941277010963,0.4011476196739919
2024-11-29,30.631,3.422012568042741,1.3466119640021201,1.3376257283587294,1.7892425891672212,1.3376257283587294
2024-12-02,30.5075,3.4179725550238573,-0.40318631451796705,-0.40400130188834227,0.16321705192747546,0.40400130188834227
2024-12-03,31.0335,3.4350672661697708,1.724166188642129,1.7094711145912969,2.9222914916220106,1.7094711145912969
2024-12-04,31.297,3.443522246307157,0.8490824431662602,0.8454980137386346,0.7148668912359765,0.8454980137386346
2024-12-05,31.3285,3.4445282263841697,0.10064862446879097,0.10059800770129339,0.010119959153469483,0.10059800770129339
2024-12-06,30.9925,3.4337452397301647,-1.0725058652664488,-1.078298665400502,1.1627280118045038,1.078298665400502
2024-12-09,31.8265,3.460299276090023,2.6909736226506498,2.6554036359858237,7.051168470006733,2.6554036359858237
2024-12-10,31.904,3.462731393779428,0.24350776868333757,0.2432117689404888,0.05915196455116171,0.2432117689404888
2024-12-11,31.914,3.4630447849882358,0.03134403209630321,0.031339120880784783,0.0009821404975804409,0.031339120880784783
2024-12-12,30.9665,3.4329059750058755,-2.9689164629942977,-3.013880998236012,9.0834786715281,3.013880998236012
2024-12-13,30.4755,3.416923082123638,-1.5855844218752524,-1.5982892882237583,2.5545286488508077,1.5982892882237583
2024-12-16,30.531,3.418742560877904,0.18211350100900692,0.18194787542663535,0.03310502937226641,0.18194787542663535
2024-12-17,30.5375,3.418955436583859,0.021289836559579278,0.021287570595483273,0.00045316066185768403,0.021287570595483273
2024-12-18,29.3585,3.3795821125229244,-3.8608268522308697,-3.9373324060934545,15.502586476073672,3.9373324060934545
2024-12-19,29.0465,3.368897994111679,-1.0627245942401609,-1.0684118411245374,1.1415038622551237,1.0684118411245374
2024-12-20,29.5405,3.3857622031617476,1.7007212572943464,1.686420905006869,2.844015468844187,1.686420905006869
2024-12-23,29.653,3.3895633007637875,0.3808330935495263,0.38010976020401105,0.1444834298023508,0.38010976020401105
2024-12-24,29.619,3.3884160472974223,-0.11465956227025842,-0.11472534663654375,0.013161905160875122,0.11472534663654375
2024-12-26,29.804,3.394642612691481,0.6245990749181196,0.6226565394058731,0.3877011660648976,0.6226565394058731
2024-12-27,29.381,3.3803482069261945,-1.4192725808616191,-1.4294405765286609,2.0433003618265904,1.4294405765286609
2024-12-30,28.9575,3.365829237824364,-1.4414077124672464,-1.451896910183036,2.1080046377990467,1.451896910183036
2024-12-31,28.9015,3.363893496885653,-0.1933868600535349,-0.1935740938710838,0.03747092981801116,0.1935740938710838
2025-01-02,29.5645,3.3865743172407274,2.293998581388501,2.2680820355074216,5.144196119791489,2.2680820355074216
2025-01-03,29.612,3.388179684580852,0.1606656632109349,0.16053673401242075,0.025772042967374727,0.16053673401242075
2025-01-06,29.948,3.399462544368439,1.1346751317033776,1.1282859787587003,1.2730292498634783,1.1282859787587003
2025-01-07,30.05,3.4028626609812167,0.3405903566181312,0.3400116612777737,0.11560792980487153,0.3400116612777737
2025-01-08,30.11,3.4048573424936426,0.19966722129782788,0.1994681512425786,0.03978754336013221,0.1994681512425786
2025-01-09,30.11,3.4048573424936426,0.0,0.0,0.0,0.0
2025-01-10,30.328,3.4120713782140335,0.7240119561607417,0.721403572039123,0.5204231137508061,0.721403572039123
2025-01-13,29.62,3.3884498088396526,-2.3344763914534328,-2.362156937438089,5.5797853970868925,2.362156937438089
2025-01-14,29.906,3.398059129161652,0.9655638082376683,0.9609320321999132,0.923390370507855,0.9609320321999132
2025-01-15,30.679,3.4235783814437224,2.5847655988764817,2.551925228207052,6.512322370359615,2.551925228207052
2025-01-16,30.8195,3.4281476065287038,0.45796799113400066,0.4569225084981455,0.2087781787722378,0.4569225084981455
2025-01-17,30.3135,3.4115931578442757,-1.64181768036471,-1.655444868442823,2.740497712453675,1.655444868442823
2025-01-20,30.523,3.418480497784715,0.6911112210731041,0.6887339940439178,0.47435451455168737,0.6887339940439178
2025-01-21,30.841,3.4288449735909667,1.0418373030174122,1.0364475806251698,1.074223587383768,1.0364475806251698
2025-01-22,30.8275,3.4284071487625485,-0.04377289971142506,-0.04378248284181553,0.0019169058037938715,0.04378248284181553
2025-01-23,30.4455,3.415938199983654,-1.239153353337119,-1.2468948778894624,1.5547468365069774,1.2468948778894624
2025-01-24,30.646,3.4225021481559845,0.6585538092657384,0.6563948172330659,0.43085415609043,0.6563948172330659
2025-01-27,30.218,3.408437773317649,-1.3965933563923505,-1.4064374838335292,1.9780663959319886,1.4064374838335292
2025-01-28,30.4125,3.414853708109641,0.6436560990138451,0.641593479199192,0.411642192550924,0.641593479199192
2025-01-29,30.838,3.428747695749161,1.3990957665433568,1.389398763951989,1.9304289252713147,1.389398763951989
2025-01-30,31.6435,3.454532756250597,2.6120370970879936,2.578506050143629,6.6486934506273,2.578506050143629
2025-01-31,31.336,3.4447675963635302,-0.9717635533363911,-0.9765159887067224,0.9535834761998676,0.9765159887067224
2025-02-03,31.5945,3.452983054811386,0.8249297932090949,0.8215458447855739,0.6749375750844423,0.8215458447855739
2025-02-04,32.14,3.4701013603093664,1.726566332747792,1.7118305497980706,2.9303638312219644,1.7118305497980706
2025-02-05,32.312,3.4754386782611117,0.535158680771608,0.5337317951745054,0.2848696291802002,0.5337317951745054
2025-02-06,32.218,3.472525302575774,-0.290913592473363,-0.29133756853376847,0.08487757883916824,0.29133756853376847
2025-02-07,31.856,3.4612257473218406,-1.1235955056179803,-1.1299555253933395,1.276799489366938,1.1299555253933395
2025-02-10,32.045,3.4671411649561903,0.5932948267202365,0.5915417634349645,0.34992165788774743,0.5915417634349645
2025-02-11,31.827,3.460314986145244,-0.6802933374941533,-0.6826178810946031,0.46596717159008566,0.6826178810946031
2025-02-12,32.235,3.4730528187625835,1.2819304364219075,1.2737832617339306,1.6225237978735312,1.2737832617339306
2025-02-13,32.345,3.4764594494959487,0.3412439894524555,0.34066307333652485,0.11605132953508651,0.34066307333652485
2025-02-14,32.18,3.471345141564237,-0.5101252125521705,-0.5114307931711586,0.2615614562036804,0.5114307931711586
2025-02-17,32.402,3.4782201492882265,0.6898694841516617,0.6875007723989446,0.4726573120491454,0.6875007723989446
2025-02-18,32.885,3.4930166267533145,1.4906487253873113,1.4796477465087787,2.189357453748507,1.4796477465087787
2025-02-19,32.7045,3.4875126831140757,-0.5488824692108762,-0.5503943639238754,0.30293395583916743,0.5503943639238754
2025-02-20,32.9515,3.495036783432838,0.7552477487807518,0.7524100318762346,0.5661208560679963,0.7524100318762346
2025-02-21,32.5395,3.482454735969089,-1.2503224435913562,-1.2582047463749102,1.5830791838003522,1.2582047463749102
2025-02-24,32.3575,3.476845833334456,-0.5593202108206796,-0.5608902634632554,0.3145978876478801,0.5608902634632554
2025-02-25,31.7515,3.4579399683172216,-1.8728270107393974,-1.8905865017234422,3.574317320498883,1.8905865017234422
2025-02-26,31.8565,3.4612414428290017,0.3306930381241857,0.33014745117801403,0.10899733951933915,0.33014745117801403
2025-02-27,31.265,3.442499261019261,-1.8567639257294433,-1.874218180974064,3.5126937898937287,1.874218180974064
2025-02-28,31.1075,3.437448947667649,-0.5037581960658843,-0.5050313351611972,0.2550566494947015,0.5050313351611972
2025-03-03,31.6895,3.455985395730456,1.870931447400137,1.8536448062806978,3.4359990678514056,1.8536448062806978
2025-03-04,31.985,3.465267042902101,0.9324855235961493,0.9281647171644721,0.8614897421890045,0.9281647171644721
2025-03-05,32.659,3.486120468579993,2.107237767703607,2.0853425677892306,4.348653625033782,2.0853425677892306
2025-03-06,32.6375,3.4854619340252473,-0.06583177684557073,-0.06585345547459055,0.004336677597943881,0.06585345547459055
2025-03-07,32.4915,3.4809785166670055,-0.4473381846036073,-0.44834173582418513,0.20101031208184342,0.44834173582418513
2025-03-10,32.046,3.467172370585688,-1.371127833433372,-1.3806146081317323,1.9060966961867367,1.3806146081317323
2025-03-11,32.9395,3.494672545520751,2.7881794919802916,2.7500174935062454,7.562596214590372,2.7500174935062454
2025-03-12,33.2605,3.504370506724546,0.9745138815100418,0.9697961203795605,0.9405045151032471,0.9697961203795605
2025-03-13,33.876,3.5227067990593524,1.8505434374107343,1.8336292334806321,3.3621961658747703,1.8336292334806321
2025-03-14,33.806,3.520638301527986,-0.20663596646594007,-0.2068497531366645,0.04278682037269905,0.2068497531366645
2025-03-17,33.831,3.5213775419182602,0.07395136957937254,0.07392403902744082,0.005464763546130594,0.07392403902744082
2025-03-18,34.0,3.5263605246161616,0.4995418403239471,0.49829826979009056,0.24830116567579788,0.49829826979009056
2025-03-19,33.853,3.522027621723673,-0.4323529411764615,-0.4332902892488365,0.1877404747573404,0.4332902892488365
2025-03-20,33.536,3.512619488698577,-0.9364015006055548,-0.940813302509592,0.8851296701790051,0.940813302509592
2025-03-21,33.038,3.4976584141329488,-1.4849713740458181,-1.4961074565628227,2.2383375215828787,1.4961074565628227
2025-03-24,32.9465,3.494885033758808,-0.27695381076334735,-0.2773380374140359,0.07691638699666918,0.2773380374140359
2025-03-25,33.729,3.518358001435732,2.3750626014902965,2.3472967676923875,5.50980211561913,2.3472967676923875
2025-03-26,33.635,3.5155671914775692,-0.2786919268285448,-0.27908099581631246,0.07788620222582461,0.27908099581631246
2025-03-27,34.434,3.5390444483542804,2.37550170952876,2.347725687671135,5.511815904550905,2.347725687671135
2025-03-28,34.129,3.530147462753068,-0.8857524539699124,-0.8896985601212863,0.7915635278818902,0.8896985601212863
2025-03-31,34.088,3.528945416197611,-0.12013243868849166,-0.12020465554565948,0.014449159214850646,0.12020465554565948
2025-04-01,33.693,3.5172901006490087,-1.1587655479934345,-1.1655315548602228,1.3584638053748885,1.1655315548602228
2025-04-02,33.8875,3.523046214824784,0.5772712432849714,0.5756114175775334,0.33132850404561753,0.5756114175775334
2025-04-03,31.856,3.4612257473218406,-5.994835853928437,-6.182046750294341,38.217702022824824,6.182046750294341
2025-04-04,29.741,3.3925265652145242,-6.639251632345566,-6.869918210731635,47.19577622214215,6.869918210731635
2025-04-07,30.085,3.404026708672315,1.1566524326687144,1.1500143457790906,1.3225329954977096,1.1500143457790906
2025-04-08,29.808,3.3947768138592327,-0.9207246135948144,-0.9249894813082428,0.855605540530892,0.9249894813082428
2025-04-09,31.032,3.435018930137666,4.106280193236711,4.024211627843337,16.19427922566952,4.024211627843337
2025-04-10,31.2185,3.4410108678087545,0.6009925238463554,0.5991937671088682,0.3590331705421166,0.5991937671088682
2025-04-11,32.1005,3.4688716063386478,2.825247849832624,2.7860738529893276,7.762207514310798,2.7860738529893276
2025-04-14,32.352,3.476675842838061,0.7834768928832947,0.7804236499412929,0.6090610733876897,0.7804236499412929
2025-04-15,32.316,3.4755624636174622,-0.1112759643916772,-0.11133792205986019,0.012396132888607502,0.11133792205986019
2025-04-16,32.761,3.4892387835495144,1.3770268597598667,1.367631993205223,1.870417268838491,1.367631993205223
2025-04-17,32.5545,3.482915607947013,-0.6303226397240791,-0.6323175602501392,0.3998254970006884,0.6323175602501392
2025-04-21,32.6875,3.4869927418251416,0.40854566956949334,0.4077133878128465,0.16623020660182858,0.4077133878128465
2025-04-22,32.5045,3.481378541289239,-0.5598470363288754,-0.5614200535902425,0.31519247657327076,0.5614200535902425
2025-04-23,33.5805,3.513945541353909,3.310310880031997,3.256700006466959,10.60609493212189,3.256700006466959
2025-04-24,33.584,3.5140497630782774,0.010422715564106788,0.010422172436846882,0.00010862167830337087,0.010422172436846882
2025-04-25,33.037,3.4976281454988185,-1.6287517865650414,-1.6421617579458567,2.6966952392598267,1.6421617579458567
2025-04-28,33.1625,3.501419719463858,0.3798771074855489,0.37915739650393515,0.1437603313236423,0.37915739650393515
2025-04-29,32.9325,3.494460012121845,-0.693554466641555,-0.6959707342013063,0.48437526286470534,0.6959707342013063
2025-04-30,32.6175,3.484848954157766,-0.9565019357777205,-0.9611057964078977,0.9237243518888594,0.9611057964078977
2025-05-01,32.4145,3.4786058535504116,-0.622365294703775,-0.6243100607354483,0.3897630519354991,0.6243100607354483
2025-05-02,32.024,3.4664856216902726,-1.2047077696709652,-1.212023186013909,1.4690002034353067,1.212023186013909
2025-05-05,32.487,3.480840009314352,1.445790657007251,1.4354387624079636,2.0604844406233065,1.4354387624079636
2025-05-06,33.222,3.503212307068885,2.262443438914019,2.2372297754532986,5.005197068174817,2.2372297754532986
2025-05-07,32.4615,3.48005477173965,-2.2891457467942966,-2.3157535329235235,5.3627144252477805,2.3157535329235235
2025-05-08,32.46,3.480008562086445,-0.004620858555515195,-0.004620965320473129,2.135332049301533e-05,0.004620965320473129
2025-05-09,32.758,3.4891472070601877,0.9180529882932831,0.9138644973742622,0.8351483195611129,0.9138644973742622
2025-05-12,32.6015,3.4843582995840685,-0.4777458941327306,-0.4788907476119196,0.22933634814830325,0.4788907476119196
2025-05-13,32.9075,3.4937005953174256,0.9386071193043133,0.9342295733357012,0.8727848956950064,0.9342295733357012
2025-05-14,32.2265,3.472789095453344,-2.0694370584213195,-2.091149986408143,4.372908265654776,2.091149986408143
2025-05-15,32.639,3.485507892371674,1.2800024824290546,1.2718796918329824,1.6176779504971623,1.2718796918329824
2025-05-16,32.2445,3.4733474860620737,-1.2086767364196227,-1.2160406309600358,1.478754816145682,1.2160406309600358
2025-05-19,32.359,3.476892189364225,0.35509931926374083,0.354470330215126,0.12564921500282045,0.354470330215126
2025-05-20,33.088,3.499170678885964,2.2528508297537053,2.2278489521738942,4.963310953702319,2.2278489521738942
2025-05-21,33.3925,3.508331323869123,0.9202732108317235,0.9160644983159463,0.8391741650748463,0.9160644983159463
2025-05-22,33.0555,3.498187966975784,-1.0092086546380052,-1.0143356893339424,1.028876890656564,1.0143356893339424
2025-05-23,33.4845,3.511082645191398,1.2978173072559551,1.2894678215614195,1.6627272628423528,1.2894678215614195
2025-05-26,33.4895,3.5112319568648624,0.014932282100676986,0.014931167346404102,0.0002229397583263241,0.014931167346404102
2025-05-27,33.2665,3.504550884616718,-0.665880350557635,-0.6681072248143908,0.4463672638491869,0.6681072248143908
2025-05-28,32.9765,3.495795186575608,-0.8717478544481683,-0.8755698041110174,0.7666224818710053,0.8755698041110174
2025-05-29,33.3235,3.506262853798922,1.0522644913802282,1.0467667223314203,1.0957205709804647,1.0467667223314203
2025-05-30,32.9935,3.496310572368432,-0.9902921361801931,-0.9952281430490407,0.9904790567168419,0.9952281430490407
2025-06-02,34.7545,3.5483090600297436,5.337414945368035,5.19984876613114,27.03842719063554,5.19984876613114
2025-06-03,34.5245,3.5416692169312545,-0.6617848048454111,-0.663984309848895,0.4408751637255134,0.663984309848895
2025-06-04,34.5045,3.541089750314046,-0.05792987588525422,-0.05794666172084349,0.0033578156045898687,0.05794666172084349
2025-06-05,35.6515,3.5737912217114713,3.3242040893216807,3.27014713974252,10.693862315566184,3.27014713974252
2025-06-06,35.953,3.582212529920411,0.8456867172489391,0.8421308208939443,0.7091843194995086,0.8421308208939443
2025-06-09,36.759,3.6043830936354193,2.241815703835548,2.217056371500837,4.915338954412458,2.217056371500837
2025-06-10,36.5295,3.5981201533332827,-0.6243368970864305,-0.626294030213653,0.39224421228126016,0.626294030213653
2025-06-11,36.2475,3.590370413405212,-0.7719788116453685,-0.7749739928070751,0.6005846895273406,0.7749739928070751
2025-06-12,36.357,3.59338675765446,0.30208979929648994,0.3016344249248128,0.09098332629972253,0.3016344249248128
2025-06-13,36.264,3.5908255136385483,-0.25579668289461566,-0.25612440159117716,0.0655997090904386,0.25612440159117716
2025-06-16,36.32,3.5923685537330927,0.15442311934701358,0.15430400945444356,0.023809727333717008,0.15430400945444356
2025-06-17,37.13,3.6144252681889886,2.2301762114537604,2.2056714455896325,4.864986525889459,2.2056714455896325
2025-06-18,36.7435,3.603961339267071,-1.0409372475087664,-1.0463928921917895,1.094938084829498,1.0463928921917895
2025-06-19,36.4065,3.594747330129287,-0.9171690230925122,-0.9214009137784196,0.8489796439117067,0.9214009137784196
2025-06-20,36.017,3.583991049216507,-1.0698638979303121,-1.0756280912779557,1.1569757907462581,1.0756280912779557
2025-06-23,36.109,3.586542141746114,0.2554349335036177,0.25510925296070663,0.06508073094616981,0.25510925296070663
2025-06-24,35.92,3.581294243433999,-0.5234152150433435,-0.5247898312115391,0.2754043669430357,0.5247898312115391
2025-06-25,36.265,3.5908530888153756,0.9604677060133682,0.9558845381376904,0.9137152502507057,0.9558845381376904
2025-06-26,36.651,3.6014407130900326,1.0643871501447855,1.0587624274656957,1.1209778778130526,1.0587624274656957
2025-06-27,35.9215,3.5813360020275757,-1.9903958964284763,-2.010471106245702,4.041994069048816,2.010471106245702
2025-06-30,36.112,3.58662522007518,0.5303230655735458,0.5289218047604423,0.2797582755510434,0.5289218047604423
2025-07-01,36.033,3.584435185240463,-0.21876384581303032,-0.2190034834716985,0.047962525772738525,0.2190034834716985
2025-07-02,36.554,3.5987906193322505,1.4458968168068242,1.4355434091787556,2.060784879636564,1.4355434091787556
2025-07-03,36.8445,3.606706353764556,0.7947146687092843,0.7915734432305118,0.6265885160278083,0.7915734432305118
2025-07-04,36.9265,3.608929450476581,0.22255696236888056,0.22230967120255707,0.04942158991018903,0.22230967120255707
2025-07-07,36.7735,3.6047774770764267,-0.4143365875455274,-0.41519734001545655,0.17238883115591064,0.41519734001545655
2025-07-08,36.7585,3.604369491431862,-0.040790242973887114,-0.040798564456475374,0.0016645228617091757,0.040798564456475374
2025-07-09,36.3795,3.594005429180246,-1.0310540419222747,-1.0364062251615989,1.0741378635537147,1.0364062251615989
2025-07-10,37.03,3.6117283949255214,1.7880949435808757,1.7722965745275467,3.141035148082076,1.7722965745275467
2025-07-11,38.5075,3.6508530275164754,3.9900081015392885,3.9124632590954276,15.307368753771614,3.9124632590954276
2025-07-14,38.1375,3.6411980500427883,-0.9608517821203644,-0.9654977473687589,0.9321859001741478,0.9654977473687589
2025-07-15,37.706,3.6298192329843912,-1.131432317273029,-1.1378817058396695,1.2947747764845963,1.1378817058396695
2025-07-16,37.91,3.635214929528243,0.5410279531108841,0.5395696543851833,0.2911354119333462,0.5395696543851833
2025-07-17,38.142,3.6413160371823268,0.61197573199685,0.6101107654083392,0.3722351460671495,0.6101107654083392
2025-07-18,38.117,3.6406603768433343,-0.06554454407217136,-0.06556603389924538,0.0042989048012769945,0.06556603389924538
2025-07-21,38.932,3.661816534564247,2.1381535797675655,2.11561577209128,4.475830095121382,2.11561577209128
2025-07-22,39.2945,3.6710845599720106,0.9311106544744652,0.9268025407763207,0.8589629495894436,0.9268025407763207
2025-07-23,39.2655,3.670346270732773,-0.07380167707947694,-0.07382892392375247,0.0054507100077392295,0.07382892392375247
2025-07-24,39.0615,3.6651373271689347,-0.5195400542460926,-0.5208943563838083,0.2713309305125019,0.5208943563838083
2025-07-25,38.1695,3.6420367673787037,-2.2835784596085706,-2.310055979023103,5.3363586262203855,2.310055979023103
2025-07-28,38.168,3.641997468213806,-0.003929839269578572,-0.0039299164897850895,1.544424361668476e-05,0.0039299164897850895
2025-07-29,38.204,3.6429402221724914,0.09431984908825353,0.09427539586853728,0.008887850266169416,0.09427539586853728
2025-07-30,37.128,3.614371401938875,-2.816459009527794,-2.8568820233616408,8.161774895406902,2.8568820233616408
2025-07-31,36.7145,3.603171772398749,-1.1137147166558892,-1.1199629540125413,1.2543170183604977,1.1199629540125413
2025-08-01,36.9795,3.6103637050455055,0.7217856705116432,0.7191932646756357,0.517238951954799,0.7191932646756357
2025-08-04,37.415,3.622071693532322,1.1776795251422945,1.1707988486816046,1.3707699440741707,1.1707988486816046
2025-08-05,37.81,3.6325736179028416,1.0557263129760797,1.050192437051964,1.1029041548411433,1.050192437051964
2025-08-06,37.831,3.6331288723426174,0.05554086220576071,0.055525443977568346,0.003083074928906081,0.055525443977568346
2025-08-07,38.267,3.6445879059808113,1.152493986413261,1.1459033638194072,1.3130945192126326,1.1459033638194072
2025-08-08,38.394,3.6479011973853783,0.33187864217210095,0.33132914045668826,0.10977899931576786,0.33132914045668826
2025-08-11,37.625,3.6276687230690396,-2.0029171224670517,-2.0232474316338402,4.093530169612931,2.0232474316338402
2025-08-12,37.914,3.6353204370193732,0.7681063122923604,0.7651713950333424,0.5854872637772713,0.7651713950333424
2025-08-13,38.508,3.65086601191572,1.566703592340568,1.5545574896346999,2.41664898857934,1.5545574896346999
2025-08-14,38.021,3.638138638660737,-1.2646722758907325,-1.2727373254983207,1.6198602997166185,1.2727373254983207
2025-08-15,37.992,3.6373756112468207,-0.07627363825255529,-0.07630274139163973,0.00582210834387945,0.07630274139163973
2025-08-18,38.029,3.638349026564209,0.09738892398400978,0.09734153173880516,0.009475373801256813,0.09734153173880516
2025-08-19,37.39,3.6214032889890224,-1.6802966157406285,-1.6945737575186384,2.871580219670837,1.6945737575186384
2025-08-20,37.908,3.6351621716079485,1.3853971650173769,1.3758882618926027,1.8930685092138473,1.3758882618926027
2025-08-21,38.146,3.641420902954235,0.6278358130209938,0.6258731346286395,0.3917171806498791,0.6258731346286395
2025-08-22,38.921,3.661533950718456,2.031667802652959,2.011304776422082,4.045346903658282,2.011304776422082
2025-08-25,38.565,3.6523451293859623,-0.9146733126075945,-0.9188821332493322,0.8443443748048435,0.9188821332493322
2025-08-26,38.612,3.653563108986369,0.12187216387917754,0.12179796004063137,0.014834743070059235,0.12179796004063137
2025-08-27,38.596,3.6531486441581373,-0.04143789495495431,-0.041446482823148945,0.0017178109384095805,0.041446482823148945
2025-08-28,39.054,3.6649453038183055,1.186651466473232,1.179665966016811,1.3916117913783759,1.179665966016811
2025-08-29,39.829,3.6845952901748844,1.9844318123623639,1.9649986356579145,3.8612196381374657,1.9649986356579145
2025-09-01,40.717,3.7066456956578806,2.2295312460769656,2.205040548299582,4.8622038196453214,2.205040548299582
2025-09-02,40.8885,3.7108488499179177,0.421199990176091,0.4203154260037271,0.1766650573366946,0.4203154260037271
2025-09-03,41.217,3.718850792609921,0.8034043802046975,0.8001942692003083,0.6403108684610155,0.8001942692003083
2025-09-04,40.673,3.7055644816442075,-1.3198437537909058,-1.3286310965713315,1.7652605907763388,1.3286310965713315
2025-09-05,40.989,3.7133037380244605,0.7769281833156949,0.7739256380252835,0.5989608931928421,0.7739256380252835
2025-09-08,41.349,3.7220482373804114,0.878284417770625,0.874449935595102,0.764662689862278,0.874449935595102
2025-09-09,40.872,3.710445232028497,-1.1535950083435997,-1.1603005351914517,1.3462973319655693,1.1603005351914517
2025-09-10,41.167,3.717636964533132,0.7217655118418431,0.7191732504635333,0.517210164182284,0.7191732504635333
2025-09-11,41.561,3.727162227539241,0.9570772706293917,0.9525263006108946,0.9073063533554764,0.9525263006108946
2025-09-12,42.212,3.7427045408088437,1.5663723202040458,1.5542313269602714,2.415635017704686,1.5542313269602714
2025-09-15,42.684,3.7538241427543184,1.1181654505827643,1.111960194547461,1.2364554742580276,1.111960194547461
2025-09-16,42.56,3.750914845033389,-0.29050698153874066,-0.290929772092942,0.08464013229005118,0.290929772092942
2025-09-17,41.672,3.72982944044289,-2.0864661654135475,-2.1085404590498666,4.445942867450222,2.1085404590498666
2025-09-18,41.82,3.7333746940004877,0.3551545402188605,0.3545253557597186,0.12568822787655504,0.3545253557597186
2025-09-19,42.989,3.7609442690141033,2.7953132472501085,2.7569575013615735,7.600814664313851,2.7569575013615735
2025-09-22,44.071,3.7858019697695884,2.5169229337737686,2.485770075548527,6.17905286849253,2.485770075548527
2025-09-23,44.037,3.785030189643206,-0.07714823807037918,-0.07717801263825393,0.005956445634790483,0.07717801263825393
2025-09-24,43.91,3.782142084573626,-0.2883938506256123,-0.28881050695798355,0.08341150892932746,0.28881050695798355
2025-09-25,45.188,3.8108315648646824,2.9104987474379618,2.8689480291056464,8.230862793709173,2.8689480291056464
2025-09-26,46.106,3.8309430933774045,2.0315127910064623,2.0111528512721892,4.044735791180257,2.0111528512721892
2025-09-29,46.933,3.8487210527578837,1.7936927948640102,1.7777959380479589,3.160558397339822,1.7777959380479589
2025-09-30,46.65,3.8426729272933526,-0.6029872371252631,-0.6048125464530967,0.3657982163470792,0.6048125464530967
2025-10-01,47.321,3.856954171600334,1.4383708467309742,1.4281244306980947,2.039539389556757,1.4281244306980947
2025-10-02,46.9875,3.8498816088902963,-0.7047610997231724,-0.7072562710037461,0.5002114328741244,0.7072562710037461
2025-10-03,47.979,3.8707634151768433,2.110135674381497,2.08818062865471,4.36049833788878,2.08818062865471
2025-10-06,48.524,3.882058520908673,1.1359136288793037,1.129510573182962,1.2757941349321034,1.129510573182962
2025-10-07,47.831,3.8676739648539544,-1.4281592613964222,-1.438455605471841,2.0691545289133604,1.438455605471841
2025-10-08,48.8655,3.8890716260110376,2.162823273609149,2.139766115708277,4.5785990299332875,2.139766115708277
2025-10-09,49.173,3.8953446923753328,0.6292783251987677,0.6273066364295328,0.393513616108534,0.6273066364295328
2025-10-10,49.998,3.9119830046281248,1.6777499847477229,1.6638312252791956,2.7683343462140693,1.6638312252791956
2025-10-13,52.403,3.9589638415965656,4.810192407696312,4.698083696844078,22.07199042255212,4.698083696844078
2025-10-14,51.502,3.9416206418670896,-1.7193672118008485,-1.7343199729475876,3.007865768564921,1.7343199729475876
2025-10-15,52.994,3.970178699596494,2.896974874762148,2.8558057729404456,8.155626612759976,2.8558057729404456
2025-10-16,54.153,3.991813373574434,2.1870400422689285,2.1634673977940015,4.680591181317548,2.1634673977940015
2025-10-17,51.771,3.9468301469335514,-4.398648274333827,-4.498322664088247,20.234906790249987,4.498322664088247
2025-10-20,52.438,3.9596315193428713,1.2883660736705993,1.2801372409319978,1.6387513556209876,1.2801372409319978
2025-10-21,48.717,3.8860280451510603,-7.095999084633286,-7.360347419181125,54.17471413104625,7.360347419181125
2025-10-22,48.498,3.8815225599797625,-0.4495350698934697,-0.45054851712979427,0.20299396628785651,0.45054851712979427
2025-10-23,48.913,3.890043209820087,0.8557053899129752,0.8520649840324442,0.7260147370142095,0.8520649840324442
2025-10-24,48.5095,3.8817596550508418,-0.8249340666080518,-0.8283554769244985,0.6861727961508134,0.8283554769244985
2025-10-27,46.9025,3.848070978935629,-3.3127531720590797,-3.3688676115212846,11.349268983957124,3.3688676115212846
2025-10-28,46.905,3.8481242795779145,0.005330206278975069,0.005330064228527886,2.8409584680232566e-05,0.005330064228527886
2025-10-29,47.782,3.8666489995398283,1.869736701844138,1.8524719961914158,3.4316524966734088,1.8524719961914158
2025-10-30,49.024,3.892309974118126,2.5993051776819875,2.566097457829765,6.5848561630803815,2.566097457829765
2025-10-31,48.68,3.8852682681193262,-0.7016971279373396,-0.7041705998799709,0.49585623373531806,0.7041705998799709
2025-11-03,48.0835,3.872939082918598,-1.2253492193919469,-1.2329185200728374,1.5200880771385956,1.2329185200728374
2025-11-04,47.161,3.8535672798548775,-1.9185375440639696,-1.937180306372079,3.7526675393958215,1.937180306372079
2025-11-05,48.016,3.8715342886980113,1.812938656941121,1.7967008843134114,3.2281340676925945,1.7967008843134114
2025-11-06,48.03,3.871825815676733,0.029156947684105816,0.02915269787217144,0.0008498797932261093,0.02915269787217144
2025-11-07,48.405,3.879603114172035,0.7807620237351598,0.7777298495301771,0.6048637188502319,0.7777298495301771
2025-11-10,50.512,3.922210931815636,4.352856109905989,4.260781764360089,18.15426124350347,4.260781764360089
2025-11-11,51.22,3.9361300807713793,1.4016471333544445,1.3919148955743288,1.9374270765216945,1.3919148955743288
2025-11-12,53.267,3.9753170024667623,3.9964857477547966,3.9186921695383305,15.356148319601028,3.9186921695383305
2025-11-13,52.2905,3.956814710212078,-1.8332175643456572,-1.8502292254684496,3.423348186777579,1.8502292254684496
2025-11-14,50.674,3.925412958546906,-3.091383712146567,-3.1401751665172095,9.860700076411385,3.1401751665172095
2025-11-17,50.213,3.916273957315684,-0.9097367486284869,-0.9139001231221979,0.8352134350427686,0.9139001231221979
2025-11-18,50.703,3.925985080444201,0.9758429092067811,0.9711123128516894,0.9430591241721575,0.9711123128516894
2025-11-19,51.367,3.938995942929572,1.3095872039129652,1.3010862485371237,1.692825426132406,1.3010862485371237
2025-11-20,50.664,3.925215599214129,-1.368582942355978,-1.3780343715442835,1.8989787291574485,1.3780343715442835
2025-11-21,49.961,3.9112427010698694,-1.3875730301594835,-1.3972898144259729,1.9524188254985697,1.3972898144259729
2025-11-24,51.36,3.9388596593817056,2.800184143632034,2.761695831183628,7.626963863977031,2.761695831183628
2025-11-25,51.485,3.941290503108714,0.2433800623052873,0.24308437270083252,0.05909001225135725,0.24308437270083252
2025-11-26,53.348,3.976836488760148,3.6185296688355795,3.554598565143391,12.635170959319455,3.554598565143391
2025-11-27,53.3905,3.977632827517878,0.07966559196221912,0.07963387577298113,0.006341554170626591,0.07963387577298113
2025-11-28,56.4205,4.032832567640218,5.675166930446407,5.519974012234028,30.470113095739038,5.519974012234028
2025-12-01,58.009,4.060598170922218,2.8154660096950668,2.776560328200052,7.70928725613438,2.776560328200052
2025-12-02,58.456,4.068274334488917,0.7705700839524932,0.7676163566697992,0.5892348710270164,0.7676163566697992
2025-12-03,58.509,4.0691805885585515,0.09066648419322476,0.09062540696342328,0.008212964387286088,0.09062540696342328
2025-12-04,57.145,4.045591897349562,-2.3312652754277075,-2.358869120898977,5.564263529530712,2.358869120898977
2025-12-05,58.386,4.067076135067907,2.171668562428919,2.148423771834578,4.615724703383916,2.148423771834578
2025-12-08,58.158,4.063163444738526,-0.39050457301408326,-0.39126903293810933,0.15309145613632327,0.39126903293810933
2025-12-09,60.669,4.1054328592075215,4.317548746518107,4.226941446899531,17.867033995517097,4.226941446899531
2025-12-10,61.826,4.124323987963287,1.9070695083156286,1.8891128755765465,3.5687474566690884,1.8891128755765465
2025-12-11,63.5735,4.152196716849734,2.8264807686086746,2.7872728886447518,7.768890155774058,2.7872728886447518
2025-12-12,61.863,4.124922262686239,-2.690586486507751,-2.727445416349528,7.43895849916605,2.727445416349528
2025-12-15,64.093,4.160335153595218,3.604739505035326,3.5412890908979677,12.540728425312954,3.5412890908979677
2025-12-16,63.7505,4.1549770271450335,-0.5343797294556363,-0.5358126450185295,0.28709519056175276,0.5358126450185295
2025-12-17,66.225,4.193058035158133,3.8815381840142216,3.8081008013100006,14.501631712937868,3.8081008013100006
2025-12-18,65.4935,4.181950901075703,-1.104567761419395,-1.1107134082429717,1.2336842752507184,1.1107134082429717
2025-12-19,67.201,4.207688128370765,2.6071289517280327,2.573722729506093,6.624048688376293,2.573722729506093
2025-12-22,69.0535,4.234881566478026,2.7566554069135885,2.719343810726157,7.394830760934658,2.719343810726157
2025-12-23,71.484,4.269473648434551,3.519734698458432,3.459208195652451,11.966121340869085,3.459208195652451
2025-12-24,71.833,4.274343980493697,0.48822114039506204,0.487033205914592,0.23720134366344536,0.487033205914592
2025-12-26,78.425,4.362142754076742,9.176840727799206,8.779877358304537,77.08624642686866,8.779877358304537
2025-12-29,72.1325,4.278504705557262,-8.023589416640108,-8.363804851947968,69.95323160146837,8.363804851947968
2025-12-30,76.241,4.333899375734219,5.6957682043461855,5.539467017695611,30.68569484013751,5.539467017695611
2025-12-31,71.6275,4.271479078439734,-6.051206043992085,-6.2420297294483955,38.96293514331761,6.2420297294483955
2026-01-02,72.56,4.2844138058068815,1.3018742801298444,1.29347273671469,1.67307172062419,1.29347273671469
2026-01-05,76.6085,4.338708036647709,5.579520396912896,5.429423084082814,29.47863502597134,5.429423084082814
2026-01-06,81.26,4.397653890559581,6.071780546545091,5.894585391187131,34.74613693399674,5.894585391187131
2026-01-07,78.19,4.359141762136423,-3.7779965542702576,-3.8512128423158187,14.831840356818287,3.8512128423158187
2026-01-08,76.981,4.343558638158339,-1.54623353369997,-1.5583123978083482,2.4283375291632034,1.5583123978083482
2026-01-09,79.83,4.379899373657707,3.700913212351109,3.6340735499368346,13.206490566350507,3.6340735499368346
2026-01-12,85.163,4.444567067211276,6.680445947638725,6.4667693553568455,41.81910589538239,6.4667693553568455
2026-01-13,86.946,4.465287236291842,2.0936322111715144,2.0720169080566024,4.293254067272443,2.0720169080566024
2026-01-14,93.274,4.535541398063421,7.278080647758389,7.025416177157862,49.356472462271384,7.025416177157862
2026-01-15,92.384,4.525953803480524,-0.9541780131655075,-0.9587594582895977,0.919219698859763,0.9587594582895977
2026-01-16,89.334,4.492382154501469,-3.3014374783512213,-3.357164897905606,11.270556151729558,3.357164897905606
2026-01-19,94.625,4.549921711757613,5.92271699464928,5.753955725614427,33.10800649233104,5.753955725614427
2026-01-20,94.5755,4.5493984573145285,-0.0523117569352638,-0.05232544430844381,0.0027379521220760547,0.05232544430844381
2026-01-21,93.0975,4.533647331076075,-1.56277259966906,-1.5751126238452935,2.4809797777968052,1.5751126238452935
2026-01-22,96.1905,4.566330600196549,3.3223233706597854,3.268326912047369,10.68196080401309,3.268326912047369
2026-01-23,102.5025,4.629887188524928,6.5619785737676795,6.355658832837885,40.394399199430225,6.355658832837885
2026-01-26,103.71,4.641598542601643,1.178020048291506,1.171135407671472,1.371558143101825,1.171135407671472
2026-01-27,112.052,4.7189630492621175,8.043583068170879,7.736450666047437,59.852668908185834,7.736450666047437
2026-01-28,116.849,4.760882502967931,4.281048084817751,4.191945370581342,17.572405989938346,4.191945370581342
2026-01-29,115.518,4.749426361975253,-1.1390769283434188,-1.1456140992677137,1.312431664440975,1.1456140992677137
2026-01-30,83.136,4.420477821048134,-28.03199501376409,-32.89485409271191,1082.0714257808054,32.89485409271191
2026-02-02,79.271,4.3728723618824,-4.64900885296381,-4.760545916573436,22.66279742380402,4.760545916573436
2026-02-03,85.321,4.446420614115805,7.632047028547628,7.354825223340518,54.093454065885894,7.354825223340518
2026-02-04,88.204,4.479652313458321,3.3790039966713925,3.323169934251633,11.043458411914003,3.323169934251633
2026-02-05,70.958,4.262088152711225,-19.552401251643914,-21.75641607470964,473.34164041588406,21.75641607470964
2026-02-06,77.478,4.3499940250925695,9.188534062403097,8.790587238134433,77.27442399125196,8.790587238134433
2026-02-09,83.317,4.4226526099836265,7.536332894499087,7.2658584891057005,52.79269958370937,7.2658584891057005
2026-02-10,80.797,4.391939836124891,-3.0245928201927508,-3.071277385873577,9.432744780978432,3.071277385873577
2026-02-11,84.307,4.434464898333876,4.344220701263657,4.252506220898525,18.083809158780653,4.252506220898525
2026-02-12,75.322,4.321772256808695,-10.657478026735623,-11.26926415251806,126.99631453922859,11.26926415251806
2026-02-13,77.012,4.343961253867089,2.2437003797031396,2.218899705839368,4.923515904574033,2.218899705839368
2026-02-16,76.625,4.338923394256375,-0.50251908793435,-0.5037859610713634,0.2538002945725973,0.5037859610713634
2026-02-17,73.532,4.297720685620625,-4.036541598694942,-4.120270863575021,16.97663198922525,4.120270863575021
2026-02-18,77.191,4.346282869923837,4.976064842517558,4.8562184303211895,23.582857442991198,4.8562184303211895
2026-02-19,78.533,4.363518918618141,1.7385446489875722,1.7236048694303872,2.970813745924142,1.7236048694303872
2026-02-20,84.542,4.437248452299076,7.651560490494447,7.37295336809351,54.36044136808144,7.37295336809351
2026-02-23,88.205,4.479663650748369,4.332757682571975,4.24151984492932,17.99049059492924,4.24151984492932
2026-02-24,87.165,4.467802874195178,-1.1790714812085379,-1.1860776553190513,1.4067802044471382,1.1860776553190513
2026-02-25,89.22,4.491105229700119,2.357597659611077,2.3302355504940073,5.429997720786109,2.3302355504940073
2026-02-26,88.312,4.4808759987160505,-1.0177090338489125,-1.0229230984068138,1.0463716652541961,1.0229230984068138
2026-02-27,93.82,4.541378052900312,6.236977987136516,6.05020541842614,36.604985605153026,6.05020541842614
2026-03-02,89.349,4.492550049601005,-4.7655084203794384,-4.882800329930695,23.841739061971303,4.882800329930695
2026-03-03,82.05,4.4073288175361,-8.169089749185787,-8.52212320649051,72.6265839466041,8.52212320649051
2026-03-04,83.544,4.425373439177247,1.820840950639857,1.8044621641147598,3.2560837017217223,1.8044621641147598
2026-03-05,82.231,4.4095323599206555,-1.5716269271282224,-1.5841079256591704,2.5093979201361996,1.5841079256591704
2026-03-06,83.898,4.429601775286769,2.0272160134255923,2.006941536611278,4.027814331375637,2.006941536611278
2026-03-09,86.846,4.464136435207371,3.513790555197982,3.453465992060254,11.926427358316714,3.453465992060254
2026-03-10,88.356,4.48137410817458,1.7387099002832418,1.723767296720883,2.971373693244421,1.723767296720883
2026-03-11,85.851,4.452613235499291,-2.8351215537145147,-2.8760872675289657,8.271877970442233,2.8760872675289657
2026-03-12,83.431,4.424019942938279,-2.8188372878591994,-2.8593292561011436,8.17576379479592,2.8593292561011436
2026-03-13,80.6,4.389498649512583,-3.39322314247702,-3.4521293425696404,11.917196997830297,3.4521293425696404
2026-03-16,80.855,4.392657427029907,0.31637717121588693,0.31587775173246035,0.09977875403955386,0.31587775173246035
2026-03-17,79.252,4.372632649032012,-1.9825613753014726,-2.0024777997894745,4.009917338649695,2.0024777997894745
2026-03-18,75.704,4.3268309992059315,-4.476858628173419,-4.580164982608088,20.97791126790935,4.580164982608088
2026-03-19,73.1,4.291828366755733,-3.439712564725772,-3.5002632450198723,12.251842784437047,3.5002632450198723
2026-03-20,67.915,4.2182569232744545,-7.093023255813935,-7.3571443481278544,54.127572959189635,7.3571443481278544
2026-03-23,69.498,4.241297975178264,2.3308547449017114,2.3041051903809886,5.308900728340611,2.3041051903809886
2026-03-24,71.255,4.266264992125175,2.5281303059080606,2.4967016946911276,6.233519352273548,2.4967016946911276
2026-03-25,71.289,4.266742037818362,0.047715949757920484,0.04770456931865986,0.0022757259338788234,0.04770456931865986
2026-03-26,68.335,4.224422080416764,-4.143696783514994,-4.23199574015983,17.909787944730947,4.23199574015983
2026-03-27,69.7745,4.245268613506349,2.1065339869759336,2.0846533089585173,4.345779418551696,2.0846533089585173
2026-03-30,70.139,4.250478987410511,0.522397150821563,0.5210373904162265,0.2714799622117513,0.5210373904162265
2026-03-31,75.128,4.3191933255023125,7.1130184348222825,6.871433809180121,47.21660259394363,6.871433809180121
2026-04-01,75.114,4.319006959505581,-0.018634863166855364,-0.01863659967321534,0.0003473228473796902,0.01863659967321534
2026-04-02,73.005,4.290527931953528,-2.8077322469845956,-2.847902755205305,8.110550103105966,2.847902755205305
2026-04-03,73.005,4.290527931953528,0.0,0.0,0.0,0.0
2026-04-06,72.828,4.288100496641719,-0.2424491473186685,-0.2427435311808819,0.058924421930163784,0.2427435311808819
2026-04-07,72.961,4.2899250518124985,0.1826220684352009,0.18245551707799648,0.03329001571219906,0.18245551707799648
2026-04-08,74.098,4.305388541384484,1.5583667987006722,1.5463489571984745,2.3911950974288096,1.5463489571984745
2026-04-09,75.292,4.321373887461932,1.6113795244136142,1.5985346077448215,2.5553128921578905,1.5985346077448215
2026-04-10,76.347,4.335288738161817,1.4012112840673607,1.39148506998855,1.9362307000010397,1.39148506998855
2026-04-13,75.574,4.325112308689127,-1.012482481302468,-1.017642947268961,1.0355971681262572,1.017642947268961
2026-04-14,79.568,4.376612001972383,5.284886336570782,5.149969328325536,26.522184082693773,5.149969328325536
2026-04-15,78.969,4.369055370392717,-0.7528152020912948,-0.7556631579666242,0.5710268083080913,0.7556631579666242
2026-04-16,78.442,4.362359498198406,-0.6673504793020091,-0.6695872194310466,0.4483470444254005,0.6695872194310466
2026-04-17,81.345,4.398699368961133,3.700823538410547,3.633987076272759,13.205862070517435,3.633987076272759
2026-04-20,79.732,4.378671010860519,-1.982912287171923,-2.0028358100614474,4.011351282064494,2.0028358100614474
2026-04-21,76.705,4.339966895296737,-3.79646816836402,-3.8704115563782477,14.98008561574629,3.8704115563782477
2026-04-22,77.731,4.353254148205045,1.3375920735284375,1.3287252908308331,1.765510898493482,1.3287252908308331
2026-04-23,75.441,4.323350893804686,-2.946057557473847,-2.990325440035908,8.942046237325947,2.990325440035908
2026-04-24,76.009,4.330851754327743,0.7529062446149926,0.750086052305719,0.5626290858635778,0.750086052305719
2026-04-27,75.509,4.3242518544486055,-0.6578168374797744,-0.659989987913803,0.43558678414646185,0.659989987913803
2026-04-28,73.116,4.292047221054357,-3.1691586433405305,-3.2204633394247693,10.371384120578936,3.2204633394247693
2026-04-29,71.318,4.267148749976948,-2.459106078013018,-2.4898471077409385,6.199338619925917,2.4898471077409385
2026-04-30,73.745,4.300613196311466,3.4030679491853455,3.3464446334517497,11.198691684758016,3.3464446334517497
2026-05-01,75.454,4.323523199050482,2.3174452505254406,2.291000273901583,5.248682255017129,2.291000273901583
2026-05-04,72.727,4.286712704862525,-3.61412251172899,-3.681049418795608,13.550124823615485,3.681049418795608
2026-05-05,72.818,4.2879631773879705,0.1251254692204995,0.12504725254445112,0.015636815368915737,0.12504725254445112
2026-05-06,77.357,4.348431070661959,6.23334889725069,6.046789327398847,36.5636611699446,6.046789327398847
2026-05-07,78.537,4.363569851323315,1.525395245420591,1.5138780661356857,2.2918267991267234,1.5138780661356857
2026-05-08,80.678,4.390465923487725,2.7261036199498268,2.6896072164409888,7.233986978731444,2.6896072164409888
2026-05-11,86.102,4.455532639967617,6.723022385284727,6.5066716479892195,42.33677593474675,6.5066716479892195
2026-05-12,86.547,4.460687618976415,0.5168288773779839,0.5154979008797698,0.2657380858114489,0.5154979008797698
2026-05-13,87.49,4.471524501118173,1.0895813835257062,1.0836882141758057,1.174380145543547,1.0836882141758057
2026-05-14,83.53,4.425205848767815,-4.526231569322203,-4.631865235035821,21.454175555533446,4.631865235035821
2026-05-15,76.295,4.334607405343699,-8.66155872141745,-9.059844342411594,82.08077950872737,9.059844342411594
2026-05-18,77.684,4.3526493159632045,1.820564912510636,1.8041910619505892,3.255105388022395,1.8041910619505892
2026-05-19,73.7,4.300002799195291,-5.128469182843309,-5.264651676791397,27.716557277942467,5.264651676791397
2026-05-20,75.853,4.32879725675926,2.9213025780189916,2.87944575639694,8.291207864032344,2.87944575639694
2026-05-21,76.677,4.339601793781422,1.0863116818056184,1.0804537022161467,1.1673802026325777,1.0804537022161467
2026-05-22,75.582,4.32521815959822,-1.4280683907821334,-1.4383634183200922,2.0688893231614607,1.4383634183200922
2026-05-25,78.042,4.3572471433096585,3.254743192823706,3.202898371143798,10.258557975875595,3.202898371143798
2026-05-26,76.964,4.34333778005877,-1.3813075010891573,-1.3909363250888842,1.9347038604517701,1.3909363250888842
2026-05-27,74.648,4.312783731931721,-3.0091991060755663,-3.0554048127049023,9.33549856950028,3.0554048127049023
2026-05-28,75.653,4.3261570957600375,1.346318722537787,1.3373363828316407,1.7884686008452166,1.3373363828316407
2026-05-29,75.59,4.325323999304086,-0.08327495274477181,-0.0833096455951854,0.006940497049195395,0.0833096455951854
2026-06-01,74.853,4.31552619022277,-0.9749966926842268,-0.979780908131559,0.9599706279391026,0.979780908131559
2026-06-02,75.131,4.319233256554701,0.37139460008284164,0.3707066331930937,0.13742340789335894,0.3707066331930937
2026-06-03,72.732,4.286781452757149,-3.193089403841287,-3.2451803797552325,10.531195697148314,3.2451803797552325
2026-06-04,73.892,4.302604567696391,1.594896331738438,1.582311493924266,2.5037096638048424,1.582311493924266
2026-06-05,67.985,4.219287092607649,-7.994099496562546,-8.331747508874155,69.41801655163069,8.331747508874155
2026-06-08,68.18,4.222151266709757,0.28682797675958493,0.2864174102107759,0.08203493287184786,0.2864174102107759
2026-06-09,65.339,4.179589101495049,-4.166911117629812,-4.256216521470812,18.115379077641094,4.256216521470812
2026-06-10,63.413,4.149668887742464,-2.947703515511413,-2.9920213752585,8.952191910003766,2.9920213752585
2026-06-11,67.338,4.209724713262173,6.189582577704877,6.0055825519709645,36.067021788538085,6.0055825519709645
2026-06-12,67.789,4.216399939895806,0.6697555614957551,0.6675226633631867,0.4455865061034822,0.6675226633631867
2026-06-15,69.979,4.248195197040357,3.230612636268426,3.1795257144551536,10.109383768881555,3.1795257144551536
2026-06-16,70.034,4.248980838414072,0.07859500707356748,0.07856413737152042,0.006172323680931131,0.07856413737152042
2026-06-17,67.945,4.218698554372461,-2.982836907787667,-3.0282284041611445,9.170167267768353,3.0282284041611445
2026-06-18,65.72,4.185403293169068,-3.274707483994399,-3.329526120339335,11.085744186021904,3.329526120339335
2026-06-19,64.925,4.173232757548812,-1.2096774193548376,-1.2170535620255178,1.481219372839001,1.2170535620255178
2026-06-22,65.09,4.175770927584296,0.2541393916057011,0.25381700354838277,0.06442307129027976,0.25381700354838277
2026-06-23,61.557,4.11996357483972,-5.427869104317096,-5.5807352744575685,31.14460620357499,5.5807352744575685
2026-06-24,57.448,4.050880190808017,-6.675114121870784,-6.908338403170379,47.72513949271867,6.908338403170379
2026-06-25,57.864,4.05809542954698,0.7241331290906539,0.721523873896319,0.5205967006023512,0.721523873896319
2026-06-26,58.942,4.076553909546874,1.8629890778376845,1.8458479999894335,3.4071548390649915,1.8458479999894335
2026-06-29,58.301,4.065619245868004,-1.0875097553527113,-1.0934663678870284,1.1956686977000501,1.0934663678870284
2026-06-30,58.589,4.0705469656520386,0.49398809625906814,0.4927719784034527,0.24282422269965287,0.4927719784034527
2026-07-01,59.111,4.07941703230441,0.890952226527153,0.8870066652371978,0.7867808241752143,0.8870066652371978
2026-07-02,60.974,4.110447543803498,3.1516976535670205,3.103051149908796,9.6289264389503,3.103051149908796
2026-07-03,62.425,4.133965836165837,2.3797028241545615,2.3518292362338773,5.531100756404423,2.3518292362338773
2026-07-06,62.043,4.127827693038649,-0.6119343211854145,-0.6138143127187848,0.37676801049843417,0.6138143127187848
2026-07-07,59.98,4.094011173320863,-3.3251132279225715,-3.3816519717785973,11.435570058234076,3.3816519717785973
2026-07-08,58.286,4.0653619272976185,-2.8242747582527428,-2.8649246023244808,8.207792977004084,2.8649246023244808
2026-07-09,59.969,4.09382776203722,2.8874858456576113,2.8465834739601994,8.103037474223317,2.8465834739601994
2026-07-10,59.696,4.089265016478802,-0.4552352048558528,-0.4562745558418284,0.2081864703086578,0.4562745558418284
2026-07-13,57.651,4.0544075926184,-3.425690163495032,-3.4857423860402186,12.150399981837356,3.4857423860402186
2026-07-14,58.697,4.072388618202644,1.814365752545477,1.7981025584243737,3.2331728106122783,1.7981025584243737
2026-07-15,57.775,4.056556156160444,-1.570778745080681,-1.583246204219931,2.506668543176819,1.583246204219931
2026-07-16,55.523,4.016797349320866,-3.8978797057550807,-3.9758806839578207,15.807627213068908,3.9758806839578207
2026-07-17,56.149,4.028008871586859,1.1274606919654984,1.1211522265993459,1.256982315208671,1.1211522265993459
2026-07-20,56.427,4.032947767356777,0.4951112219273801,0.4938895769917679,0.2439269142611074,0.4938895769917679
2026-07-21,58.79,4.073971772414164,4.187711556524354,4.102400505738635,16.82968990948461,4.102400505738635
2026-07-22,59.715,4.08958324512039,1.5733968361966388,1.5611472706226712,2.437180800572616,1.5611472706226712
2026-07-23,57.658,4.054529005517802,-3.444695637611994,-3.505423960258805,12.287997141156524,3.505423960258805
2026-07-24,58.203,4.063936899800675,0.94522876270422,0.9407894282872897,0.8850847483771255,0.9407894282872897
2026-07-27,58.403,4.067367258377809,0.3436248990601687,0.3430358577133555,0.11767359967713747,0.3430358577133555
2026-07-28,57.114,4.045049270497223,-2.207078403506668,-2.231798788058563,4.98092583037967,2.231798788058563
2026-07-29,57.629,4.054025913224454,0.9017053612074166,0.8976642727230071,0.8058011465233252,0.8976642727230071
2026-07-30,58.991,4.077384889897067,2.3633934303909587,2.3358976672613903,5.456417911917205,2.3358976672613903
2026-07-31,57.928,4.05920086008652,-1.8019697920021782,-1.818402981054747,3.306589401508791,1.818402981054747
2026-08-03,58.191,4.063730703604264,0.4540118768125989,0.45298435177447643,0.2051948229525426,0.45298435177447643
2026-08-04,59.529,4.086463588771225,2.299324637830602,2.2732885166960553,5.1678406801421515,2.2732885166960553
2026-08-05,62.054,4.128004973714714,4.24163012985268,4.1541384943489055,17.256866630231393,4.1541384943489055
2026-08-06,61.534,4.119589867578139,-0.8379798240242375,-0.8415106136575309,0.7081401128982742,0.8415106136575309
2026-08-07,63.627,4.153037908561319,3.401371599440961,3.344804098318051,11.18771445612523,3.344804098318051
2026-08-10,65.745,4.1857836225388825,3.328775519826488,3.274571397756316,10.722817839003751,3.274571397756316
2026-08-11,64.681,4.169467495319137,-1.6183740208380981,-1.6316127219745613,2.662160074509237,1.6316127219745613
2026-08-12,65.325,4.179374811406676,0.9956556021088137,0.990731608753952,0.981549120584194,0.990731608753952
2026-08-13,64.478,4.166324080347597,-1.2965939533103876,-1.3050731059079106,1.7032158117641205,1.3050731059079106
2026-08-14,64.721,4.170085723805157,0.37687273178450553,0.37616434575602953,0.14149961501806174,0.37616434575602953
2026-08-17,65.79,4.186467851097906,1.6517050107384135,1.6382127292749318,2.6837409463584208,1.6382127292749318
2026-08-18,63.333,4.1484065203206315,-3.734610123119031,-3.806133077727543,14.486649005371738,3.806133077727543
2026-08-19,67.003,4.204737394507949,5.794767340880735,5.633087418731723,31.731673867073624,5.633087418731723
2026-08-20,68.097,4.220933159321675,1.6327627121173638,1.61957648137261,2.623027979015284,1.61957648137261
2026-08-21,69.396,4.239829228964082,1.9075730208379271,1.889606964240689,3.5706144793069123,1.889606964240689
2026-08-24,68.97,4.2336716274432,-0.6138682344803748,-0.6157601520881657,0.37916056489964095,0.6157601520881657
2026-08-25,68.669,4.229297860126668,-0.43642163259388633,-0.4373767316531176,0.19129840539156323,0.4373767316531176
2026-08-26,68.127,4.221373610350642,-0.7892935676943047,-0.7924249776027215,0.6279373451286736,0.7924249776027215
2026-08-27,69.272,4.2380407841455,1.6806846037547674,1.666717379485867,2.7779468230802355,1.666717379485867
2026-08-28,66.454,4.196509978983386,-4.068021711514048,-4.153080516211408,17.248077774134813,4.153080516211408
2026-08-31,66.56,4.198103796512953,0.15950883317785713,0.15938175295671939,0.02540254317555673,0.15938175295671939
