Date,Open,High,Low,Close,log_price
2016-01-04,22490.0,22524.5,22438.0,22424.0,10.017887092844624
2016-01-05,22505.0,22507.0,22445.0,22458.0,10.019402177132484
2016-01-06,22472.5,22507.5,22465.0,22465.0,10.01971382150426
2016-01-07,22495.0,22510.0,22445.0,22428.0,10.018065457243564
2016-01-08,22475.5,22489.0,22450.5,22426.0,10.017976279020827
2016-01-11,22475.0,22505.0,22419.5,22418.0,10.01761948658104
2016-01-12,22467.5,22482.0,22390.0,22428.0,10.018065457243564
2016-01-13,22429.5,22475.0,22392.5,22393.0,10.016503689004832
2016-01-14,22416.5,22493.5,22409.0,22436.0,10.018422090628228
2016-01-15,22437.5,22479.5,22409.0,22415.0,10.01748565658954
2016-01-18,22430.5,22467.5,22376.5,22365.0,10.015252515866948
2016-01-19,22422.5,22477.0,22401.0,22392.0,10.01645903119529
2016-01-20,22425.0,22477.0,22408.0,22396.0,10.016637650468784
2016-01-21,22423.0,22475.0,22376.5,22336.0,10.0139550055621
2016-01-22,22410.0,22477.0,22381.0,22392.0,10.01645903119529
2016-01-25,22430.5,22476.0,22348.5,22314.0,10.012969563153126
2016-01-26,22358.0,22387.5,22296.5,22303.0,10.012476477547958
2016-01-27,22305.0,22330.0,22284.0,22268.0,10.010905949303398
2016-01-28,22257.5,22300.0,22213.0,22171.0,10.00654040759221
2016-01-29,22233.5,22257.5,22214.0,22198.0,10.007757473711925
2016-02-01,22230.0,22293.0,22206.0,22236.0,10.00946787607336
2016-02-02,22215.0,22310.0,22213.5,22263.0,10.010681386638243
2016-02-03,22294.0,22314.5,22257.0,22219.0,10.008703057680439
2016-02-04,22289.5,22300.0,22284.5,22288.0,10.011803696019587
2016-02-05,22288.5,22325.5,22262.5,22236.0,10.00946787607336
2016-02-08,22286.0,22287.0,22275.0,22214.0,10.008477999727065
2016-02-09,22286.0,22288.0,22264.0,22192.0,10.007487142554613
2016-02-10,22286.0,22288.0,22275.0,22214.0,10.008477999727065
2016-02-11,22286.0,22287.0,22275.0,22214.0,10.008477999727065
2016-02-12,22286.0,22319.0,22286.0,22246.0,10.009917496151974
2016-02-15,22320.0,22385.0,22320.0,22330.0,10.013686344834204
2016-02-16,22371.5,22403.5,22360.5,22348.0,10.01449211057904
2016-02-17,22371.5,22421.5,22364.5,22356.0,10.01485002038959
2016-02-18,22365.0,22397.5,22343.0,22316.0,10.01305918896542
2016-02-19,22357.5,22392.5,22323.5,22333.0,10.013820684220475
2016-02-22,22358.0,22402.0,22337.5,22358.0,10.014939477830271
2016-02-23,22371.5,22397.5,22344.0,22335.0,10.01391023378622
2016-02-24,22377.5,22398.5,22344.5,22348.0,10.01449211057904
2016-02-25,22315.0,22366.5,22307.5,22301.0,10.012386799492118
2016-02-26,22322.5,22369.0,22265.5,22293.0,10.01202800682558
2016-02-29,22375.0,22400.0,22282.0,22277.0,10.011310035064874
2016-03-01,22302.5,22317.0,22284.0,22297.0,10.012207419250371
2016-03-02,22315.0,22332.0,22292.0,22310.0,10.012790287426578
2016-03-03,22297.5,22317.0,22273.5,22268.0,10.010905949303398
2016-03-04,22294.5,22325.5,22254.5,22219.0,10.008703057680439
2016-03-07,22294.0,22368.5,22281.0,22272.0,10.011085563134147
2016-03-08,22302.5,22303.5,22285.0,22276.0,10.01126514470956
2016-03-09,22375.0,22375.0,22284.5,22273.0,10.011130461551485
2016-03-10,22296.0,22308.0,22254.5,22219.0,10.008703057680439
2016-03-11,22290.0,22307.5,22254.5,22238.0,10.009557816263195
2016-03-14,22290.0,22309.5,22254.5,22268.0,10.010905949303398
2016-03-15,22295.5,22297.0,22287.0,22282.0,10.011534456619263
2016-03-16,22295.0,22298.5,22292.5,22290.0,10.011893426379915
2016-03-17,22291.0,22296.5,22269.5,22247.0,10.009962447043133
2016-03-18,22290.0,22314.0,22264.5,22270.0,10.010995760251413
2016-03-21,22292.0,22300.5,22280.0,22268.0,10.010905949303398
2016-03-22,22295.0,22307.5,22290.0,22290.0,10.011893426379915
2016-03-23,22363.0,22380.0,22287.5,22345.0,10.014357861367552
2016-03-24,22347.5,22376.0,22288.5,22323.0,10.01337281606537
2016-03-25,22325.0,22345.0,22301.5,22300.0,10.01234195744821
2016-03-28,22302.0,22363.5,22295.0,22301.0,10.012386799492118
2016-03-29,22309.0,22363.5,22301.5,22301.0,10.012386799492118
2016-03-30,22297.0,22341.5,22261.5,22228.0,10.009108034399812
2016-03-31,22289.5,22343.5,22277.0,22264.0,10.010726303205727
2016-04-01,22291.5,22343.5,22282.0,22272.0,10.011085563134147
2016-04-04,22295.0,22346.5,22276.5,22273.0,10.011130461551485
2016-04-05,22295.0,22346.5,22278.5,22274.0,10.011175357953045
2016-04-06,22295.0,22314.8,22280.0,22265.0,10.010771217755803
2016-04-07,22300.0,22320.0,22274.8,22260.0,10.010546624829535
2016-04-08,22289.0,22295.0,22287.3,22289.0,10.011848562206193
2016-04-11,22347.5,22348.0,22288.0,22285.0,10.011669085380657
2016-04-12,22290.0,22348.5,22260.5,22238.0,10.009557816263195
2016-04-13,22295.0,22349.0,22276.5,22278.0,10.011354923405134
2016-04-14,22325.0,22359.0,22275.0,22288.0,10.011803696019587
2016-04-15,22325.0,22361.0,22287.5,22282.0,10.011534456619263
2016-04-18,22339.0,22342.0,22337.0,22282.0,10.011534456619263
2016-04-19,22305.0,22352.5,22277.5,22272.0,10.011085563134147
2016-04-20,22294.5,22345.5,22277.0,22271.0,10.01104066270085
2016-04-21,22288.5,22341.0,22277.5,22266.0,10.010816130288653
2016-04-22,22288.5,22342.5,22274.5,22266.0,10.010816130288653
2016-04-25,22300.0,22305.0,22277.5,22276.0,10.01126514470956
2016-04-26,22304.0,22305.0,22272.0,22254.0,10.010277046717645
2016-04-27,22297.5,22306.0,22267.5,22244.0,10.009827588307454
2016-04-28,22293.5,22303.5,22279.0,22278.0,10.011354923405134
2016-04-29,22292.5,22316.0,22266.0,22244.0,10.009827588307454
2016-05-02,22295.0,22310.5,22257.0,22222.0,10.008838068143953
2016-05-03,22279.0,22297.0,22279.0,22228.0,10.009108034399812
2016-05-04,22287.5,22322.5,22259.0,22228.0,10.009108034399812
2016-05-05,22290.0,22320.5,22259.0,22228.0,10.009108034399812
2016-05-06,22294.5,22311.5,22266.5,22241.0,10.009692711382444
2016-05-09,22287.5,22302.5,22265.5,22251.0,10.010142230404668
2016-05-10,22294.5,22314.0,22268.0,22271.0,10.01104066270085
2016-05-11,22300.0,22301.5,22271.5,22252.0,10.010187171195184
2016-05-12,22295.0,22322.0,22278.5,22300.0,10.01234195744821
2016-05-13,22276.5,22321.5,22276.0,22310.0,10.012790287426578
2016-05-16,22317.5,22370.0,22267.5,22234.0,10.00937792779356
2016-05-17,22307.5,22323.5,22287.0,22278.0,10.011354923405134
2016-05-18,22307.5,22316.0,22269.0,22234.0,10.00937792779356
2016-05-19,22307.5,22317.5,22307.5,22313.0,10.012924747234504
2016-05-20,22316.0,22320.0,22315.0,22315.0,10.01301437706337
2016-05-23,22317.5,22323.0,22295.0,22276.0,10.01126514470956
2016-05-24,22321.5,22333.5,22293.0,22309.0,10.01274546347265
2016-05-25,22342.5,22357.0,22313.5,22306.0,10.012610979554482
2016-05-26,22357.5,22382.5,22315.5,22356.0,10.01485002038959
2016-05-27,22380.0,22401.0,22367.5,22370.0,10.015476054484175
2016-05-30,22415.0,22437.5,22390.5,22415.0,10.01748565658954
2016-05-31,22395.0,22412.5,22376.0,22366.0,10.015297227588134
2016-06-01,22428.0,22461.0,22410.0,22409.0,10.01721794286315
2016-06-02,22455.0,22470.5,22400.5,22364.0,10.015207802146536
2016-06-03,22439.5,22458.5,22389.5,22388.0,10.016280380011251
2016-06-06,22370.0,22474.5,22340.0,22348.0,10.01449211057904
2016-06-07,22397.5,22397.5,22329.5,22318.0,10.013148806745647
2016-06-08,22340.0,22367.5,22310.5,22288.0,10.011803696019587
2016-06-09,22357.5,22372.5,22320.0,22296.0,10.012162569161784
2016-06-10,22335.0,22357.5,22317.5,22320.0,10.013238416495247
2016-06-13,22325.0,22436.0,22307.5,22344.0,10.014313107625012
2016-06-14,22352.5,22436.0,22288.0,22344.0,10.014313107625012
2016-06-15,22317.5,22415.0,22299.0,22322.0,10.01332801821566
2016-06-16,22320.0,22332.5,22285.0,22262.0,10.010636468053171
2016-06-17,22302.5,22415.0,22285.5,22322.0,10.01332801821566
2016-06-20,22300.0,22428.0,22295.0,22322.0,10.01332801821566
2016-06-21,22300.0,22415.0,22285.0,22322.0,10.01332801821566
2016-06-22,22303.0,22317.5,22278.5,22257.0,10.010411844857636
2016-06-23,22302.5,22318.5,22287.5,22281.0,10.011489576337405
2016-06-24,22301.5,22352.5,22280.5,22288.0,10.011803696019587
2016-06-27,22301.5,22362.0,22280.5,22313.0,10.012924747234504
2016-06-28,22317.5,22350.5,22285.5,22265.0,10.010771217755803
2016-06-29,22311.5,22335.0,22285.5,22258.0,10.01045677353337
2016-06-30,22304.5,22337.0,22281.5,22281.0,10.011489576337405
2016-07-01,22304.0,22335.5,22292.0,22281.0,10.011489576337405
2016-07-04,22306.0,22310.5,22303.0,22305.0,10.012566147562366
2016-07-05,22307.5,22310.5,22303.0,22305.0,10.012566147562366
2016-07-06,22322.5,22337.5,22292.0,22278.0,10.011354923405134
2016-07-07,22302.5,22336.0,22290.5,22278.0,10.011354923405134
2016-07-08,22300.0,22305.0,22287.5,22275.0,10.01122025233901
2016-07-11,22304.0,22308.5,22286.5,22273.0,10.011130461551485
2016-07-12,22300.5,22318.5,22277.5,22254.0,10.010277046717645
2016-07-13,22300.5,22323.0,22290.5,22279.0,10.011399809730523
2016-07-14,22301.5,22309.5,22289.5,22277.0,10.011310035064874
2016-07-15,22300.5,22326.0,22269.5,22278.0,10.011354923405134
2016-07-18,22302.5,22316.0,22285.5,22278.0,10.011354923405134
2016-07-19,22302.0,22316.0,22285.5,22270.0,10.010995760251413
2016-07-20,22302.5,22319.5,22275.5,22248.0,10.010007395913801
2016-07-21,22305.0,22317.3,22286.5,22280.0,10.01144469404122
2016-07-22,22301.5,22306.5,22290.5,22282.0,10.011534456619263
2016-07-25,22304.5,22310.5,22291.5,22278.0,10.011354923405134
2016-07-26,22301.5,22313.5,22290.0,22278.0,10.011354923405134
2016-07-27,22305.0,22316.0,22285.5,22300.0,10.01234195744821
2016-07-28,22298.5,22315.0,22284.5,22278.0,10.011354923405134
2016-07-29,22300.5,22313.0,22285.5,22273.0,10.011130461551485
2016-08-01,22295.0,22315.0,22275.5,22253.0,10.010232109966116
2016-08-02,22300.5,22319.0,22255.0,22278.0,10.011354923405134
2016-08-03,22295.0,22318.5,22267.5,22234.0,10.00937792779356
2016-08-04,22299.5,22315.0,22280.0,22260.0,10.010546624829535
2016-08-05,22295.0,22315.0,22280.0,22295.0,10.012117717061576
2016-08-08,22301.5,22322.5,22267.0,22238.0,10.009557816263195
2016-08-09,22295.0,22324.0,22269.0,22273.0,10.011130461551485
2016-08-10,22295.0,22326.0,22280.0,22276.0,10.01126514470956
2016-08-11,22299.5,22329.0,22288.0,22278.0,10.011354923405134
2016-08-12,22319.0,22330.0,22289.0,22298.0,10.012252267327517
2016-08-15,22300.0,22332.5,22280.0,22278.0,10.011354923405134
2016-08-16,22299.5,22315.0,22280.0,22278.0,10.011354923405134
2016-08-17,22302.0,22315.8,22285.0,22279.0,10.011399809730523
2016-08-18,22300.5,22316.3,22278.5,22257.0,10.010411844857636
2016-08-19,22305.0,22319.8,22274.0,22248.0,10.010007395913801
2016-08-22,22300.0,22321.8,22263.0,22248.0,10.010007395913801
2016-08-23,22299.5,22323.5,22274.0,22275.0,10.01122025233901
2016-08-24,22295.0,22324.5,22274.0,22276.0,10.01126514470956
2016-08-25,22295.0,22328.3,22280.0,22278.0,10.011354923405134
2016-08-26,22304.5,22331.5,22281.0,22283.0,10.011579334886969
2016-08-29,22301.0,22335.5,22275.0,22248.0,10.010007395913801
2016-08-30,22307.5,22335.5,22278.5,22248.0,10.010007395913801
2016-08-31,22300.0,22323.5,22281.0,22300.0,10.01234195744821
2016-09-01,22302.0,22320.0,22285.5,22273.0,10.011130461551485
2016-09-02,22292.5,22294.5,22281.5,22251.0,10.010142230404668
2016-09-05,22307.5,22320.0,22281.0,22301.0,10.012386799492118
2016-09-06,22295.0,22315.5,22275.5,22276.0,10.01126514470956
2016-09-07,22300.0,22312.5,22288.0,22277.0,10.011310035064874
2016-09-08,22295.0,22317.5,22274.0,22255.0,10.010321981449955
2016-09-09,22300.0,22315.5,22285.3,22277.0,10.011310035064874
2016-09-12,22301.5,22318.0,22263.5,22226.0,10.009018053745592
2016-09-13,22300.0,22318.5,22285.5,22278.0,10.011354923405134
2016-09-14,22309.5,22326.5,22267.0,22258.0,10.01045677353337
2016-09-15,22309.5,22329.5,22279.5,22283.0,10.011579334886969
2016-09-16,22310.0,22330.5,22285.0,22288.0,10.011803696019587
2016-09-19,22301.5,22333.0,22281.0,22261.0,10.010591547450328
2016-09-20,22310.0,22336.5,22288.5,22276.0,10.01126514470956
2016-09-21,22316.0,22351.0,22296.5,22298.0,10.012252267327517
2016-09-22,22316.0,22336.5,22291.5,22283.0,10.011579334886969
2016-09-23,22311.5,22330.0,22281.0,22289.0,10.011848562206193
2016-09-26,22323.0,22340.0,22296.0,22289.0,10.011848562206193
2016-09-27,22311.5,22339.0,22286.0,22278.0,10.011354923405134
2016-09-28,22311.5,22332.5,22286.0,22291.0,10.011938288540932
2016-09-29,22311.5,22328.0,22281.8,22280.0,10.01144469404122
2016-09-30,22304.5,22324.5,22282.5,22281.0,10.011489576337405
2016-10-03,22304.5,22324.5,22281.5,22304.0,10.012521313560251
2016-10-04,22305.0,22326.0,22291.0,22283.0,10.011579334886969
2016-10-05,22307.0,22325.5,22290.3,22275.0,10.01122025233901
2016-10-06,22305.0,22323.5,22279.0,22253.0,10.010232109966116
2016-10-07,22307.0,22322.5,22278.0,22253.0,10.010232109966116
2016-10-10,22303.5,22319.0,22285.5,22295.0,10.012117717061576
2016-10-11,22303.5,22322.0,22277.0,22258.0,10.01045677353337
2016-10-12,22303.5,22323.0,22275.0,22248.0,10.010007395913801
2016-10-13,22307.5,22326.0,22277.0,22253.0,10.010232109966116
2016-10-14,22307.5,22327.0,22280.0,22256.0,10.010366914163225
2016-10-17,22305.0,22324.5,22291.8,22308.0,10.012700637509445
2016-10-18,22307.5,22328.3,22280.5,22265.0,10.010771217755803
2016-10-19,22307.3,22329.0,22281.3,22255.0,10.010321981449955
2016-10-20,22306.5,22330.0,22281.0,22258.0,10.01045677353337
2016-10-21,22310.0,22337.5,22283.0,22273.0,10.011130461551485
2016-10-24,22315.0,22339.5,22287.5,22265.0,10.010771217755803
2016-10-25,22337.5,22354.0,22299.0,22283.0,10.011579334886969
2016-10-26,22337.0,22356.0,22309.5,22313.0,10.012924747234504
2016-10-27,22333.0,22352.0,22317.0,22325.0,10.0134624057447
2016-10-28,22325.0,22344.0,22304.0,22283.0,10.011579334886969
2016-10-31,22322.0,22341.5,22303.5,22284.0,10.011624211140706
2016-11-01,22323.0,22346.5,22303.5,22284.0,10.011624211140706
2016-11-02,22319.0,22342.5,22293.8,22268.0,10.010905949303398
2016-11-03,22326.0,22345.5,22293.8,22268.0,10.010905949303398
2016-11-04,22322.5,22346.5,22296.0,22268.0,10.010905949303398
2016-11-07,22308.5,22352.5,22290.0,22295.0,10.012117717061576
2016-11-08,22334.0,22358.5,22322.0,22312.0,10.012879929307324
2016-11-09,22335.5,22361.0,22301.5,22268.0,10.010905949303398
2016-11-10,22325.5,22355.0,22295.0,22275.0,10.01122025233901
2016-11-11,22331.5,22340.0,22304.0,22320.0,10.013238416495247
2016-11-14,22335.0,22365.0,22290.0,22304.0,10.012521313560251
2016-11-15,22300.0,22372.0,22300.0,22307.0,10.012655809536781
2016-11-16,22362.5,22406.5,22354.5,22381.0,10.01596766362013
2016-11-17,22362.5,22437.0,22362.5,22366.0,10.015297227588134
2016-11-18,22550.0,22590.0,22470.0,22456.0,10.019313118041719
2016-11-21,22550.0,22575.0,22522.5,22560.0,10.023933705611995
2016-11-22,22520.0,22563.0,22508.0,22478.0,10.020292332078212
2016-11-23,22625.0,22667.5,22594.5,22554.0,10.023667712792234
2016-11-24,22757.5,22777.5,22666.0,22760.0,10.032759888240268
2016-11-25,22752.5,22780.0,22660.0,22725.0,10.03122091904568
2016-11-28,22717.5,22750.0,22690.0,22700.0,10.030120203469494
2016-11-29,22715.0,22735.0,22660.0,22670.0,10.028797743501574
2016-11-30,22680.0,22692.5,22645.0,22640.0,10.027473532317119
2016-12-01,22692.5,22715.0,22675.0,22680.0,10.029238757841688
2016-12-02,22685.0,22730.0,22669.0,22660.0,10.028356534581997
2016-12-05,22710.0,22735.0,22660.0,22710.0,10.030560635099604
2016-12-06,22730.0,22750.0,22709.0,22720.0,10.031000872835088
2016-12-07,22720.0,22747.5,22692.5,22680.0,10.029238757841688
2016-12-08,22643.0,22700.0,22627.0,22630.0,10.027031738627583
2016-12-09,22615.0,22620.0,22570.0,22585.0,10.025041248088705
2016-12-12,22650.0,22667.5,22612.5,22620.0,10.026589749670112
2016-12-13,22665.0,22678.0,22595.0,22655.0,10.028135857101239
2016-12-14,22732.5,22745.0,22626.5,22710.0,10.030560635099604
2016-12-15,22747.5,22765.0,22719.0,22740.0,10.031880767304527
2016-12-16,22755.0,22757.5,22750.0,22745.0,10.032100620004105
2016-12-19,22760.0,22766.0,22755.0,22755.0,10.032540180450741
2016-12-20,22750.0,22779.0,22737.0,22760.0,10.032759888240268
2016-12-21,22767.0,22783.5,22754.0,22766.0,10.033023473885162
2016-12-22,22758.5,22763.0,22757.0,22759.0,10.032715950543913
2016-12-23,22762.0,22779.0,22735.0,22755.0,10.032540180450741
2016-12-26,22760.0,22782.5,22730.5,22762.0,10.032847757841836
2016-12-27,22763.0,22781.0,22740.5,22762.0,10.032847757841836
2016-12-28,22766.5,22785.0,22749.0,22770.0,10.033199159057785
2016-12-29,22770.0,22794.0,22751.0,22777.0,10.033506533859862
2016-12-30,22765.0,22790.0,22742.5,22770.0,10.033199159057785
2017-01-02,22770.0,22770.0,22770.0,22770.0,10.033199159057785
2017-01-03,22760.0,22775.0,22725.0,22745.0,10.032100620004105
2017-01-04,22734.0,22748.0,22700.0,22725.0,10.03122091904568
2017-01-05,22775.0,22777.5,22637.5,22675.0,10.029018274983338
2017-01-06,22572.5,22595.0,22547.5,22560.0,10.023933705611995
2017-01-09,22538.5,22582.5,22520.0,22580.0,10.024819837703653
2017-01-10,22580.0,22595.0,22555.0,22570.0,10.024376869811581
2017-01-11,22572.5,22591.0,22551.5,22570.0,10.024376869811581
2017-01-12,22640.0,22640.0,22549.5,22570.0,10.024376869811581
2017-01-13,22568.0,22587.5,22549.5,22560.0,10.023933705611995
2017-01-16,22560.0,22585.0,22544.5,22570.0,10.024376869811581
2017-01-17,22570.0,22586.0,22555.0,22570.0,10.024376869811581
2017-01-18,22575.0,22586.0,22555.0,22572.0,10.02446547908903
2017-01-19,22569.0,22574.0,22562.5,22564.0,10.024110994859866
2017-01-20,22566.0,22586.5,22547.5,22570.0,10.024376869811581
2017-01-23,22570.0,22585.0,22542.5,22550.0,10.023490344930824
2017-01-24,22567.5,22585.0,22545.0,22570.0,10.024376869811581
2017-01-25,22567.5,22605.0,22562.5,22590.0,10.025262609462049
2017-01-26,22590.0,22590.0,22590.0,22590.0,10.025262609462049
2017-01-27,22590.0,22590.0,22590.0,22590.0,10.025262609462049
2017-01-30,22590.0,22590.0,22590.0,22590.0,10.025262609462049
2017-01-31,22590.0,22590.0,22590.0,22590.0,10.025262609462049
2017-02-01,22590.0,22590.0,22590.0,22590.0,10.025262609462049
2017-02-02,22572.5,22645.0,22552.5,22640.0,10.027473532317119
2017-02-03,22640.0,22660.0,22614.0,22615.0,10.026368681911944
2017-02-06,22625.0,22637.5,22576.5,22580.0,10.024819837703653
2017-02-07,22585.0,22615.0,22567.5,22590.0,10.025262609462049
2017-02-08,22655.0,22672.5,22572.5,22650.0,10.02791513091118
2017-02-09,22675.0,22695.0,22657.5,22665.0,10.02857716337495
2017-02-10,22645.0,22672.5,22582.5,22640.0,10.027473532317119
2017-02-13,22660.0,22685.0,22582.5,22670.0,10.028797743501574
2017-02-14,22720.0,22750.0,22662.0,22740.0,10.031880767304527
2017-02-15,22750.0,22782.5,22732.5,22775.0,10.03341872212816
2017-02-16,22760.0,22792.5,22742.5,22760.0,10.032759888240268
2017-02-17,22755.0,22805.0,22710.0,22760.0,10.032759888240268
2017-02-20,22795.0,22837.5,22765.0,22814.0,10.035129661587844
2017-02-21,22830.5,22845.0,22797.5,22830.0,10.035830739523842
2017-02-22,22835.0,22862.5,22805.0,22830.0,10.035830739523842
2017-02-23,22830.0,22852.0,22755.0,22790.0,10.03407712223973
2017-02-24,22830.0,22850.0,22802.0,22815.0,10.035173493361503
2017-02-27,22830.0,22842.5,22767.5,22777.0,10.033506533859862
2017-02-28,22760.0,22817.5,22740.0,22750.0,10.032320424379096
2017-03-01,22785.0,22820.0,22758.5,22790.0,10.03407712223973
2017-03-02,22820.0,22840.0,22765.5,22815.0,10.035173493361503
2017-03-03,22839.5,22860.0,22812.5,22840.0,10.036268663769947
2017-03-06,22843.0,22850.0,22790.0,22800.0,10.034515814942532
2017-03-07,22807.5,22822.5,22781.0,22800.0,10.034515814942532
2017-03-08,22798.0,22810.0,22774.5,22795.0,10.034296492647542
2017-03-09,22817.5,22837.5,22784.5,22800.0,10.034515814942532
2017-03-10,22805.0,22826.0,22713.5,22760.0,10.032759888240268
2017-03-13,22800.0,22836.0,22780.0,22800.0,10.034515814942532
2017-03-14,22795.0,22822.0,22785.0,22800.0,10.034515814942532
2017-03-15,22820.0,22837.5,22792.5,22825.0,10.03561170546317
2017-03-16,22770.0,22821.5,22752.5,22770.0,10.033199159057785
2017-03-17,22782.5,22821.5,22755.0,22782.0,10.033726029459856
2017-03-20,22792.5,22830.0,22772.0,22790.0,10.03407712223973
2017-03-21,22783.0,22812.0,22766.0,22780.0,10.033638237001172
2017-03-22,22772.0,22789.0,22760.5,22773.0,10.033330902684877
2017-03-23,22774.0,22810.0,22757.5,22790.0,10.03407712223973
2017-03-24,22775.0,22805.0,22760.0,22785.0,10.033857703697983
2017-03-27,22774.0,22797.5,22761.0,22773.0,10.033330902684877
2017-03-28,22774.0,22792.5,22751.0,22770.0,10.033199159057785
2017-03-29,22774.0,22805.0,22751.0,22773.0,10.033330902684877
2017-03-30,22774.0,22786.5,22738.5,22765.0,10.032979547768882
2017-03-31,22769.0,22784.0,22737.5,22750.0,10.032320424379096
2017-04-03,22761.0,22797.0,22720.0,22730.0,10.03144091684659
2017-04-04,22775.0,22780.5,22681.0,22690.0,10.029679577773887
2017-04-05,22691.5,22735.0,22676.5,22680.0,10.029238757841688
2017-04-06,22707.5,22707.5,22690.0,22640.0,10.027473532317119
2017-04-07,22713.5,22733.5,22632.5,22605.0,10.025926399728705
2017-04-10,22673.0,22722.5,22632.5,22595.0,10.02548392184538
2017-04-11,22657.5,22693.0,22630.0,22653.0,10.028047572471536
2017-04-12,22672.5,22687.0,22646.0,22670.0,10.028797743501574
2017-04-13,22665.0,22725.0,22634.0,22590.0,10.025262609462049
2017-04-14,22682.5,22787.5,22652.0,22750.0,10.032320424379096
2017-04-17,22700.0,22745.0,22681.0,22670.0,10.028797743501574
2017-04-18,22737.0,22803.0,22680.0,22650.0,10.02791513091118
2017-04-19,22776.5,22787.5,22705.0,22734.0,10.031616880246656
2017-04-20,22734.0,22763.5,22712.0,22690.0,10.029679577773887
2017-04-21,22730.0,22767.5,22682.0,22650.0,10.02791513091118
2017-04-24,22717.5,22735.0,22690.0,22715.0,10.030780778193504
2017-04-25,22740.0,22770.0,22707.5,22760.0,10.032759888240268
2017-04-26,22751.0,22769.5,22697.5,22710.0,10.030560635099604
2017-04-27,22741.0,22766.0,22717.0,22730.0,10.03144091684659
2017-04-28,22727.5,22755.0,22709.5,22740.0,10.031880767304527
2017-05-01,22750.0,22762.5,22740.0,22700.0,10.030120203469494
2017-05-02,22700.0,22700.0,22700.0,22700.0,10.030120203469494
2017-05-03,22743.5,22762.0,22718.0,22740.0,10.031880767304527
2017-05-04,22750.0,22769.0,22718.0,22740.0,10.031880767304527
2017-05-05,22737.5,22755.5,22713.0,22730.0,10.03144091684659
2017-05-08,22742.0,22755.0,22710.0,22690.0,10.029679577773887
2017-05-09,22735.5,22752.5,22716.5,22730.0,10.03144091684659
2017-05-10,22737.5,22754.0,22713.5,22738.0,10.031792812689051
2017-05-11,22726.0,22763.0,22707.5,22722.0,10.03108889712985
2017-05-12,22726.0,22765.5,22672.0,22690.0,10.029679577773887
2017-05-15,22695.0,22736.5,22664.0,22678.0,10.029150570531785
2017-05-16,22684.5,22697.5,22640.0,22600.0,10.025705185260378
2017-05-17,22681.5,22702.0,22656.5,22630.0,10.027031738627583
2017-05-18,22695.0,22713.0,22670.5,22680.0,10.029238757841688
2017-05-19,22712.5,22725.0,22650.0,22600.0,10.025705185260378
2017-05-22,22697.0,22748.0,22660.5,22625.0,10.026810768568128
2017-05-23,22684.5,22730.0,22670.5,22675.0,10.029018274983338
2017-05-24,22683.5,22706.5,22642.0,22600.0,10.025705185260378
2017-05-25,22685.0,22706.5,22654.0,22625.0,10.026810768568128
2017-05-26,22715.0,22750.0,22685.0,22675.0,10.029018274983338
2017-05-29,22735.0,22762.0,22637.5,22740.0,10.031880767304527
2017-05-30,22725.0,22776.5,22691.0,22700.0,10.030120203469494
2017-05-31,22715.0,22730.5,22687.5,22710.0,10.030560635099604
2017-06-01,22700.0,22728.0,22679.0,22700.0,10.030120203469494
2017-06-02,22714.0,22733.0,22688.0,22675.0,10.029018274983338
2017-06-05,22705.0,22728.5,22695.0,22700.0,10.030120203469494
2017-06-06,22725.0,22740.5,22700.0,22700.0,10.030120203469494
2017-06-07,22715.0,22740.5,22686.0,22700.0,10.030120203469494
2017-06-08,22695.0,22767.5,22673.0,22685.0,10.029459192098065
2017-06-09,22690.0,22709.0,22670.0,22675.0,10.029018274983338
2017-06-12,22690.0,22710.5,22671.0,22685.0,10.029459192098065
2017-06-13,22695.0,22716.5,22675.0,22690.0,10.029679577773887
2017-06-14,22695.0,22720.0,22683.5,22700.0,10.030120203469494
2017-06-15,22705.0,22728.0,22670.5,22670.0,10.028797743501574
2017-06-16,22684.0,22700.0,22668.0,22685.0,10.029459192098065
2017-06-19,22705.0,22761.0,22671.0,22700.0,10.030120203469494
2017-06-20,22685.0,22740.5,22685.0,22720.0,10.031000872835088
2017-06-21,22725.0,22743.0,22696.5,22675.0,10.029018274983338
2017-06-22,22697.5,22741.0,22687.5,22670.0,10.028797743501574
2017-06-23,22724.0,22740.0,22708.0,22710.0,10.030560635099604
2017-06-26,22730.0,22752.5,22710.0,22705.0,10.030340443532051
2017-06-27,22743.5,22759.0,22713.0,22700.0,10.030120203469494
2017-06-28,22737.5,22761.0,22718.5,22725.0,10.03122091904568
2017-06-29,22743.5,22756.5,22720.0,22725.0,10.03122091904568
2017-06-30,22732.0,22752.0,22713.0,22700.0,10.030120203469494
2017-07-03,22735.0,22752.5,22717.0,22735.0,10.031660866259111
2017-07-04,22738.0,22753.5,22718.0,22736.0,10.031704850336881
2017-07-05,22741.0,22759.0,22719.5,22735.0,10.031660866259111
2017-07-06,22742.5,22757.0,22724.5,22730.0,10.03144091684659
2017-07-07,22745.0,22762.0,22721.5,22705.0,10.030340443532051
2017-07-10,22743.0,22773.5,22721.5,22705.0,10.030340443532051
2017-07-11,22737.5,22768.5,22716.5,22700.0,10.030120203469494
2017-07-12,22732.0,22755.0,22711.0,22705.0,10.030340443532051
2017-07-13,22725.0,22748.0,22716.0,22705.0,10.030340443532051
2017-07-14,22730.5,22751.0,22714.0,22705.0,10.030340443532051
2017-07-17,22732.5,22762.0,22707.5,22715.0,10.030780778193504
2017-07-18,22728.0,22744.0,22709.5,22715.0,10.030780778193504
2017-07-19,22732.5,22739.5,22727.5,22730.0,10.03144091684659
2017-07-20,22734.5,22749.5,22717.0,22725.0,10.03122091904568
2017-07-21,22735.0,22752.5,22711.5,22700.0,10.030120203469494
2017-07-24,22735.0,22752.5,22715.0,22710.0,10.030560635099604
2017-07-25,22725.0,22752.5,22716.0,22725.0,10.03122091904568
2017-07-26,22730.0,22748.5,22716.0,22705.0,10.030340443532051
2017-07-27,22735.0,22751.0,22715.5,22700.0,10.030120203469494
2017-07-28,22729.0,22748.5,22714.5,22728.0,10.031352923534024
2017-07-31,22732.0,22761.0,22711.5,22726.0,10.031264922477954
2017-08-01,22727.0,22747.0,22711.0,22720.0,10.031000872835088
2017-08-02,22725.0,22745.0,22709.0,22720.0,10.031000872835088
2017-08-03,22720.0,22752.0,22712.5,22725.0,10.03122091904568
2017-08-04,22735.0,22753.0,22717.5,22725.0,10.03122091904568
2017-08-07,22735.0,22740.0,22729.0,22730.0,10.03144091684659
2017-08-08,22728.0,22738.5,22727.5,22725.0,10.03122091904568
2017-08-09,22729.5,22732.5,22728.0,22729.0,10.031396921158159
2017-08-10,22728.0,22735.0,22728.0,22730.0,10.03144091684659
2017-08-11,22727.0,22730.0,22726.5,22727.0,10.031308923974013
2017-08-14,22731.0,22731.0,22725.5,22727.0,10.031308923974013
2017-08-15,22726.0,22728.5,22726.0,22727.0,10.031308923974013
2017-08-16,22726.0,22728.5,22725.5,22727.0,10.031308923974013
2017-08-17,22728.0,22729.0,22726.0,22728.0,10.031352923534024
2017-08-18,22726.5,22731.5,22726.5,22728.0,10.031352923534024
2017-08-21,22728.0,22729.0,22726.5,22727.0,10.031308923974013
2017-08-22,22727.5,22729.0,22726.5,22728.0,10.031352923534024
2017-08-23,22729.0,22738.5,22726.5,22730.0,10.03144091684659
2017-08-24,22730.0,22739.0,22725.0,22738.0,10.031792812689051
2017-08-25,22735.0,22738.0,22729.5,22732.0,10.031528902417012
2017-08-28,22732.5,22738.5,22727.5,22725.0,10.03122091904568
2017-08-29,22731.0,22740.5,22727.5,22725.0,10.03122091904568
2017-08-30,22730.0,22740.5,22728.0,22725.0,10.03122091904568
2017-08-31,22731.0,22735.5,22723.0,22715.0,10.030780778193504
2017-09-01,22729.0,22735.5,22727.5,22725.0,10.03122091904568
2017-09-04,22725.0,22725.0,22725.0,22725.0,10.03122091904568
2017-09-05,22728.0,22733.0,22727.5,22728.0,10.031352923534024
2017-09-06,22727.0,22733.0,22724.0,22720.0,10.031000872835088
2017-09-07,22727.5,22732.0,22724.0,22720.0,10.031000872835088
2017-09-08,22726.5,22728.0,22725.0,22725.0,10.03122091904568
2017-09-11,22725.5,22730.0,22718.0,22710.0,10.030560635099604
2017-09-12,22725.0,22734.0,22723.0,22720.0,10.031000872835088
2017-09-13,22725.5,22729.0,22723.0,22720.0,10.031000872835088
2017-09-14,22725.5,22728.0,22723.0,22720.0,10.031000872835088
2017-09-15,22725.0,22730.0,22720.5,22715.0,10.030780778193504
2017-09-18,22725.0,22730.5,22723.0,22721.0,10.031044885951003
2017-09-19,22729.5,22730.5,22723.5,22720.0,10.031000872835088
2017-09-20,22728.5,22730.0,22726.0,22725.0,10.03122091904568
2017-09-21,22725.0,22733.5,22724.5,22720.0,10.031000872835088
2017-09-22,22722.5,22739.5,22721.0,22715.0,10.030780778193504
2017-09-25,22736.0,22738.0,22726.0,22730.0,10.03144091684659
2017-09-26,22733.5,22737.5,22726.0,22720.0,10.031000872835088
2017-09-27,22732.5,22739.0,22725.0,22720.0,10.031000872835088
2017-09-28,22729.5,22734.5,22721.5,22715.0,10.030780778193504
2017-09-29,22726.0,22736.0,22723.0,22720.0,10.031000872835088
2017-10-02,22726.0,22733.5,22720.5,22715.0,10.030780778193504
2017-10-03,22727.5,22733.5,22721.0,22715.0,10.030780778193504
2017-10-04,22729.5,22737.0,22723.8,22720.0,10.031000872835088
2017-10-05,22729.5,22732.0,22721.5,22715.0,10.030780778193504
2017-10-06,22728.5,22731.5,22721.5,22715.0,10.030780778193504
2017-10-09,22728.5,22729.5,22725.5,22725.0,10.03122091904568
2017-10-10,22723.0,22733.5,22721.5,22720.0,10.031000872835088
2017-10-11,22718.0,22723.5,22715.5,22718.0,10.030912840791366
2017-10-12,22717.5,22722.0,22716.5,22719.0,10.030956857781932
2017-10-13,22720.0,22725.5,22715.0,22710.0,10.030560635099604
2017-10-16,22719.0,22725.0,22708.5,22705.0,10.030340443532051
2017-10-17,22719.5,22720.5,22716.0,22718.0,10.030912840791366
2017-10-18,22719.0,22720.5,22717.0,22719.0,10.030956857781932
2017-10-19,22717.5,22727.5,22714.5,22710.0,10.030560635099604
2017-10-20,22718.3,22719.5,22716.5,22718.0,10.030912840791366
2017-10-23,22718.0,22723.5,22716.5,22723.0,10.031132906371798
2017-10-24,22722.0,22730.0,22719.0,22719.0,10.030956857781932
2017-10-25,22720.0,22733.5,22719.0,22720.0,10.031000872835088
2017-10-26,22720.5,22725.5,22718.0,22720.0,10.031000872835088
2017-10-27,22719.0,22722.0,22708.5,22700.0,10.030120203469494
2017-10-30,22716.5,22719.0,22708.5,22700.0,10.030120203469494
2017-10-31,22716.3,22721.5,22706.5,22700.0,10.030120203469494
2017-11-01,22711.5,22723.0,22706.5,22701.0,10.030164255362632
2017-11-02,22712.5,22719.5,22706.0,22700.0,10.030120203469494
2017-11-03,22713.5,22719.0,22706.0,22700.0,10.030120203469494
2017-11-06,22713.0,22719.0,22708.5,22705.0,10.030340443532051
2017-11-07,22712.5,22719.3,22706.5,22701.0,10.030164255362632
2017-11-08,22715.0,22716.5,22706.5,22700.0,10.030120203469494
2017-11-09,22707.5,22719.5,22704.0,22700.0,10.030120203469494
2017-11-10,22712.5,22720.0,22707.5,22701.0,10.030164255362632
2017-11-13,22713.5,22716.5,22698.0,22695.0,10.029899914890565
2017-11-14,22711.5,22716.5,22710.0,22710.0,10.030560635099604
2017-11-15,22711.5,22717.0,22706.0,22701.0,10.030164255362632
2017-11-16,22711.5,22716.0,22705.0,22701.0,10.030164255362632
2017-11-17,22711.5,22714.0,22709.5,22712.0,10.030648698152808
2017-11-20,22729.0,22729.0,22705.0,22700.0,10.030120203469494
2017-11-21,22715.0,22718.0,22706.5,22700.0,10.030120203469494
2017-11-22,22723.0,22729.0,22714.5,22715.0,10.030780778193504
2017-11-23,22720.0,22731.0,22716.5,22727.0,10.031308923974013
2017-11-24,22729.0,22731.5,22719.0,22715.0,10.030780778193504
2017-11-27,22725.5,22729.0,22717.5,22715.0,10.030780778193504
2017-11-28,22716.0,22726.5,22710.0,22705.0,10.030340443532051
2017-11-29,22712.5,22725.0,22708.0,22715.0,10.030780778193504
2017-11-30,22717.5,22727.5,22711.5,22705.0,10.030340443532051
2017-12-01,22717.5,22727.5,22707.5,22700.0,10.030120203469494
2017-12-04,22715.5,22727.5,22708.5,22702.0,10.030208305315284
2017-12-05,22713.5,22722.0,22708.0,22705.0,10.030340443532051
2017-12-06,22715.5,22720.0,22710.0,22705.0,10.030340443532051
2017-12-07,22713.0,22720.5,22707.0,22701.0,10.030164255362632
2017-12-08,22711.0,22717.5,22710.0,22710.0,10.030560635099604
2017-12-11,22711.5,22717.0,22705.5,22700.0,10.030120203469494
2017-12-12,22714.0,22729.0,22706.0,22701.0,10.030164255362632
2017-12-13,22712.5,22719.0,22706.0,22701.0,10.030164255362632
2017-12-14,22711.5,22720.0,22708.5,22705.0,10.030340443532051
2017-12-15,22717.0,22721.5,22708.0,22700.0,10.030120203469494
2017-12-18,22717.5,22717.8,22711.0,22714.0,10.030736753451592
2017-12-19,22712.5,22721.0,22707.0,22701.0,10.030164255362632
2017-12-20,22715.0,22719.8,22707.0,22700.0,10.030120203469494
2017-12-21,22712.5,22719.5,22706.0,22705.0,10.030340443532051
2017-12-22,22712.0,22719.0,22706.5,22701.0,10.030164255362632
2017-12-25,22710.5,22713.0,22710.0,22710.5,10.030582651589956
2017-12-26,22712.5,22713.5,22700.0,22690.0,10.029679577773887
2017-12-27,22710.5,22712.5,22709.0,22710.0,10.030560635099604
2017-12-28,22709.3,22712.5,22708.0,22710.0,10.030560635099604
2017-12-29,22708.5,22714.5,22701.5,22700.0,10.030120203469494
2018-01-01,22700.0,22700.0,22700.0,22700.0,10.030120203469494
2018-01-02,22709.5,22715.5,22705.0,22700.0,10.030120203469494
2018-01-03,22709.5,22711.0,22708.0,22708.0,10.030472564290617
2018-01-04,22713.5,22718.0,22705.5,22710.0,10.030560635099604
2018-01-05,22710.5,22711.0,22707.0,22709.0,10.030516600664669
2018-01-08,22709.0,22717.5,22704.5,22700.0,10.030120203469494
2018-01-09,22710.5,22710.5,22707.4,22709.0,10.030516600664669
2018-01-10,22709.0,22718.5,22705.4,22701.0,10.030164255362632
2018-01-11,22709.0,22714.5,22702.0,22695.0,10.029899914890565
2018-01-12,22708.5,22710.5,22707.0,22708.0,10.030472564290617
2018-01-15,22708.5,22710.5,22706.9,22709.0,10.030516600664669
2018-01-16,22708.5,22729.0,22707.0,22710.0,10.030560635099604
2018-01-17,22710.8,22718.0,22704.5,22700.0,10.030120203469494
2018-01-18,22711.0,22719.5,22706.0,22701.0,10.030164255362632
2018-01-19,22709.5,22718.0,22705.0,22700.0,10.030120203469494
2018-01-22,22709.0,22715.5,22705.0,22701.0,10.030164255362632
2018-01-23,22709.5,22711.0,22708.0,22710.0,10.030560635099604
2018-01-24,22709.5,22718.0,22703.0,22696.0,10.029943976488687
2018-01-25,22709.5,22718.0,22705.5,22701.0,10.030164255362632
2018-01-26,22709.5,22711.0,22708.5,22710.0,10.030560635099604
2018-01-29,22709.4,22715.5,22705.3,22701.0,10.030164255362632
2018-01-30,22709.5,22715.5,22705.0,22700.0,10.030120203469494
2018-01-31,22709.5,22715.0,22704.5,22700.0,10.030120203469494
2018-02-01,22710.5,22711.0,22702.5,22709.0,10.030516600664669
2018-02-02,22708.5,22710.5,22708.0,22709.0,10.030516600664669
2018-02-05,22709.5,22729.0,22702.5,22695.0,10.029899914890565
2018-02-06,22709.5,22715.0,22705.0,22700.0,10.030120203469494
2018-02-07,22703.5,22712.0,22694.0,22691.0,10.02972364908127
2018-02-08,22691.0,22708.5,22683.5,22698.0,10.030032093861085
2018-02-09,22703.0,22709.5,22685.5,22690.0,10.029679577773887
2018-02-12,22692.0,22708.5,22689.5,22702.0,10.030208305315284
2018-02-13,22700.0,22720.0,22692.5,22700.0,10.030120203469494
2018-02-14,22710.0,22710.0,22707.5,22695.0,10.029899914890565
2018-02-15,22695.0,22695.0,22695.0,22695.0,10.029899914890565
2018-02-16,22710.0,22712.5,22705.0,22695.0,10.029899914890565
2018-02-19,22695.0,22695.0,22695.0,22695.0,10.029899914890565
2018-02-20,22698.0,22700.5,22692.5,22685.0,10.029459192098065
2018-02-21,22700.0,22722.0,22697.5,22715.0,10.030780778193504
2018-02-22,22720.0,22729.0,22712.5,22710.0,10.030560635099604
2018-02-23,22738.5,22742.5,22736.0,22740.0,10.031880767304527
2018-02-26,22740.5,22747.5,22736.5,22732.0,10.031528902417012
2018-02-27,22745.5,22751.5,22742.5,22750.0,10.032320424379096
2018-02-28,22758.0,22759.5,22749.0,22756.0,10.032584125870539
2018-03-01,22757.5,22758.0,22749.0,22750.0,10.032320424379096
2018-03-02,22761.0,22764.5,22759.0,22760.0,10.032759888240268
2018-03-05,22764.0,22769.0,22761.0,22765.0,10.032979547768882
2018-03-06,22770.0,22773.0,22766.0,22769.0,10.033155240658164
2018-03-07,22761.0,22770.5,22757.5,22759.0,10.032715950543913
2018-03-08,22760.5,22761.5,22755.5,22756.0,10.032584125870539
2018-03-09,22760.0,22763.5,22757.0,22760.0,10.032759888240268
2018-03-12,22761.5,22762.5,22757.0,22758.0,10.032672010916954
2018-03-13,22762.0,22769.0,22755.0,22762.0,10.032847757841836
2018-03-14,22766.5,22769.5,22762.0,22765.0,10.032979547768882
2018-03-15,22768.0,22769.0,22761.0,22767.0,10.033067398072022
2018-03-16,22764.5,22766.5,22762.5,22764.0,10.032935619723014
2018-03-19,22766.0,22771.5,22765.5,22765.0,10.032979547768882
2018-03-20,22777.0,22779.0,22763.5,22774.0,10.03337481337055
2018-03-21,22777.0,22777.5,22772.3,22773.5,10.033352858268733
2018-03-22,22785.0,22795.0,22774.5,22794.0,10.03425262241568
2018-03-23,22799.0,22803.5,22785.0,22802.0,10.034603530393666
2018-03-26,22797.5,22815.0,22797.5,22810.0,10.034954315278434
2018-03-27,22813.5,22815.5,22809.0,22815.0,10.035173493361503
2018-03-28,22817.5,22822.0,22813.0,22818.0,10.035304977156315
2018-03-29,22807.5,22819.0,22807.0,22809.0,10.034910473896547
2018-03-30,22789.5,22810.0,22787.5,22793.0,10.034208750259138
2018-04-02,22788.5,22793.5,22782.0,22792.0,10.034164876177744
2018-04-03,22790.5,22814.0,22787.0,22809.0,10.034910473896547
2018-04-04,22817.5,22817.5,22810.0,22815.0,10.035173493361503
2018-04-05,22809.0,22814.0,22806.0,22813.0,10.035085827892875
2018-04-06,22803.0,22812.5,22801.0,22800.0,10.034515814942532
2018-04-09,22789.5,22812.5,22788.5,22790.0,10.03407712223973
2018-04-10,22806.0,22811.0,22789.5,22790.0,10.03407712223973
2018-04-11,22789.0,22792.5,22787.0,22788.0,10.033989360600286
2018-04-12,22786.5,22790.5,22786.0,22786.0,10.033901591258061
2018-04-13,22785.5,22806.0,22783.5,22784.0,10.033813814211703
2018-04-16,22786.5,22788.0,22774.0,22775.0,10.03341872212816
2018-04-17,22768.0,22777.0,22767.0,22770.0,10.033199159057785
2018-04-18,22771.0,22774.5,22770.0,22773.0,10.033330902684877
2018-04-19,22776.0,22781.5,22773.0,22778.0,10.033550436834297
2018-04-20,22770.0,22776.0,22770.0,22771.0,10.033243075528665
2018-04-23,22771.0,22773.0,22770.0,22769.0,10.033155240658164
2018-04-24,22769.0,22771.5,22766.5,22768.0,10.033111320329633
2018-04-25,22768.0,22768.0,22768.0,22768.0,10.033111320329633
2018-04-26,22766.5,22769.0,22766.0,22765.0,10.032979547768882
2018-04-27,22765.0,22767.5,22760.5,22763.0,10.03289168974739
2018-04-30,22763.0,22763.0,22763.0,22763.0,10.03289168974739
2018-05-01,22763.0,22763.0,22763.0,22763.0,10.03289168974739
2018-05-02,22763.5,22765.0,22761.0,22760.0,10.032759888240268
2018-05-03,22761.0,22767.0,22760.0,22762.0,10.032847757841836
2018-05-04,22767.0,22772.0,22764.5,22767.0,10.033067398072022
2018-05-07,22762.5,22790.5,22762.5,22767.0,10.033067398072022
2018-05-08,22771.5,22773.5,22770.0,22772.0,10.033286990070973
2018-05-09,22770.0,22777.0,22770.0,22774.0,10.03337481337055
2018-05-10,22771.0,22775.0,22770.0,22769.0,10.033155240658164
2018-05-11,22770.0,22775.0,22768.5,22769.0,10.033155240658164
2018-05-14,22767.0,22770.5,22766.0,22765.0,10.032979547768882
2018-05-15,22770.0,22773.0,22768.5,22768.0,10.033111320329633
2018-05-16,22773.8,22775.0,22772.0,22770.0,10.033199159057785
2018-05-17,22775.0,22776.5,22773.5,22773.0,10.033330902684877
2018-05-18,22784.0,22786.0,22775.0,22785.0,10.033857703697983
2018-05-21,22767.0,22777.0,22767.0,22770.0,10.033199159057785
2018-05-22,22770.0,22771.0,22765.0,22769.0,10.033155240658164
2018-05-23,22774.0,22775.0,22767.0,22773.0,10.033330902684877
2018-05-24,22778.0,22780.0,22775.0,22777.0,10.033506533859862
2018-05-25,22780.0,22783.0,22770.0,22769.0,10.033155240658164
2018-05-28,22812.0,22817.0,22770.0,22814.0,10.035129661587844
2018-05-29,22840.0,22845.5,22832.5,22830.0,10.035830739523842
2018-05-30,22868.5,22875.5,22840.0,22850.0,10.036706396322352
2018-05-31,22813.5,22817.5,22775.0,22804.0,10.034691238151472
2018-06-01,22792.0,22802.0,22789.5,22796.0,10.03434036095489
2018-06-04,22792.0,22828.0,22792.0,22826.0,10.035655516113545
2018-06-05,22824.5,22829.5,22813.5,22829.0,10.035786936549613
2018-06-06,22829.5,22829.5,22806.0,22805.0,10.034735089145801
2018-06-07,22806.0,22807.5,22801.5,22801.0,10.034559673629849
2018-06-08,22795.0,22797.5,22793.0,22790.0,10.03407712223973
2018-06-11,22815.5,22816.5,22814.5,22814.0,10.035129661587844
2018-06-12,22812.0,22818.5,22805.5,22812.0,10.03504199227643
2018-06-13,22814.5,22819.5,22812.0,22810.0,10.034954315278434
2018-06-14,22814.5,22814.5,22808.0,22812.0,10.03504199227643
2018-06-15,22814.0,22817.5,22814.0,22815.0,10.035173493361503
2018-06-18,22816.5,22836.0,22816.5,22835.0,10.0360497256191
2018-06-19,22837.0,22853.5,22837.0,22852.0,10.036793919844353
2018-06-20,22866.5,22867.5,22857.0,22866.0,10.037406370101916
2018-06-21,22872.5,22883.0,22872.5,22876.0,10.037843605035206
2018-06-22,22896.5,22896.5,22892.5,22891.0,10.038499099192006
2018-06-25,22892.5,22898.0,22887.5,22895.0,10.038673825091196
2018-06-26,22897.5,22924.0,22897.5,22920.0,10.039765170828677
2018-06-27,22938.5,22939.5,22937.5,22935.0,10.040419407031273
2018-06-28,22939.5,22948.5,22937.5,22935.0,10.040419407031273
2018-06-29,22967.5,22967.5,22957.5,22956.0,10.041334619228254
2018-07-02,22965.0,22965.0,22954.5,22952.0,10.0411603576612
2018-07-03,23042.5,23046.0,23042.5,23045.0,10.045204105154609
2018-07-04,23042.0,23045.0,23032.5,23038.0,10.044900305486452
2018-07-05,23038.5,23045.5,23034.0,23040.0,10.044987114809828
2018-07-06,23042.5,23043.5,23036.5,23035.0,10.044770077370018
2018-07-09,23040.5,23043.0,23039.0,23038.0,10.044900305486452
2018-07-10,23040.0,23043.5,23039.0,23039.0,10.044943711090122
2018-07-11,23044.5,23045.0,23038.5,23043.0,10.045117314666792
2018-07-12,23044.0,23048.5,23041.0,23047.0,10.045290888110491
2018-07-13,23048.5,23051.0,23045.5,23050.0,10.045421048424794
2018-07-16,23050.0,23052.5,23047.5,23050.0,10.045421048424794
2018-07-17,23049.5,23052.5,23046.5,23050.0,10.045421048424794
2018-07-18,23050.0,23052.5,23048.5,23049.0,10.045377663535744
2018-07-19,23050.5,23053.5,23049.0,23050.0,10.045421048424794
2018-07-20,23056.5,23057.5,23049.5,23053.0,10.045551191799596
2018-07-23,23205.0,23225.0,23205.0,23220.0,10.052769255251883
2018-07-24,23250.0,23255.0,23249.5,23248.0,10.053974385810065
2018-07-25,23251.0,23251.0,23215.0,23215.0,10.052553900454022
2018-07-26,23180.0,23185.0,23175.0,23175.0,10.050829390434055
2018-07-27,23217.5,23232.5,23217.5,23230.0,10.053199825764455
2018-07-30,23259.5,23262.5,23250.0,23255.0,10.054275441658197
2018-07-31,23285.0,23285.0,23277.5,23280.0,10.055349901845375
2018-08-01,23291.5,23293.0,23282.0,23290.0,10.055779362878386
2018-08-02,23274.0,23285.0,23272.5,23280.0,10.055349901845375
2018-08-03,23280.5,23307.5,23280.5,23304.0,10.05638029863927
2018-08-06,23310.5,23312.5,23307.0,23306.0,10.056466117133208
2018-08-07,23310.0,23312.5,23302.0,23302.0,10.056294472779886
2018-08-08,23301.0,23302.5,23281.5,23282.0,10.055435808808186
2018-08-09,23280.0,23286.5,23277.0,23275.0,10.055135102145268
2018-08-10,23278.0,23281.0,23271.0,23275.0,10.055135102145268
2018-08-13,23315.0,23315.0,23312.5,23310.0,10.056637732029802
2018-08-14,23317.0,23320.5,23311.0,23314.0,10.056809317479777
2018-08-15,23313.0,23317.5,23311.5,23310.0,10.056637732029802
2018-08-16,23315.5,23317.5,23311.5,23312.0,10.056723528434986
2018-08-17,23315.5,23315.5,23286.5,23293.0,10.055908165231354
2018-08-20,23274.0,23320.0,23250.0,23272.0,10.055006200175038
2018-08-21,23267.5,23275.0,23259.0,23268.0,10.054834305030653
2018-08-22,23277.5,23283.5,23263.5,23274.0,10.055092136668023
2018-08-23,23279.0,23283.0,23270.0,23281.0,10.05539285624928
2018-08-24,23305.0,23307.0,23282.5,23300.0,10.056208639553791
2018-08-27,23305.0,23305.0,23287.5,23293.0,10.055908165231354
2018-08-28,23285.0,23297.5,23270.0,23295.0,10.055994024250897
2018-08-29,23295.0,23312.5,23292.0,23300.0,10.056208639553791
2018-08-30,23302.5,23307.5,23296.5,23302.0,10.056294472779886
2018-08-31,23304.0,23306.5,23293.5,23303.0,10.056337386630338
2018-09-03,23303.0,23303.0,23303.0,23303.0,10.056337386630338
2018-09-04,23302.5,23317.0,23296.5,23312.0,10.056723528434986
2018-09-05,23316.5,23332.5,23285.0,23313.0,10.056766423877352
2018-09-06,23312.5,23317.0,23307.5,23314.0,10.056809317479777
2018-09-07,23311.5,23313.0,23302.0,23302.0,10.056294472779886
2018-09-10,23310.5,23312.5,23295.5,23302.0,10.056294472779886
2018-09-11,23287.5,23312.5,23273.5,23283.0,10.055478759522249
2018-09-12,23282.5,23287.5,23281.0,23280.0,10.055349901845375
2018-09-13,23276.0,23280.5,23272.5,23276.0,10.05517806577656
2018-09-14,23260.5,23277.5,23238.5,23247.0,10.05393137043206
2018-09-17,23247.5,23291.5,23247.5,23289.0,10.05573642507379
2018-09-18,23302.5,23317.5,23278.5,23280.0,10.055349901845375
2018-09-19,23296.5,23314.0,23282.5,23305.0,10.05642320880684
2018-09-20,23305.0,23330.5,23296.5,23320.0,10.057066640464429
2018-09-21,23327.5,23341.5,23327.5,23332.0,10.057581087873528
2018-09-24,23337.5,23341.0,23334.0,23337.0,10.057795362874884
2018-09-25,23342.5,23346.5,23342.5,23345.0,10.058138107405037
2018-09-26,23350.5,23350.5,23341.0,23348.0,10.058266606323683
2018-09-27,23346.0,23348.0,23342.5,23345.0,10.058138107405037
2018-09-28,23335.0,23345.5,23322.5,23325.0,10.057281025715545
2018-10-01,23324.0,23345.5,23323.0,23330.0,10.057495365015475
2018-10-02,23332.5,23335.5,23322.0,23325.0,10.057281025715545
2018-10-03,23342.5,23342.5,23311.5,23340.0,10.057923905840546
2018-10-04,23347.5,23351.5,23343.5,23348.0,10.058266606323683
2018-10-05,23352.5,23352.5,23331.5,23330.0,10.057495365015475
2018-10-08,23347.5,23354.0,23311.5,23350.0,10.058352263097044
2018-10-09,23357.5,23358.5,23347.5,23355.0,10.058566372936209
2018-10-10,23355.5,23356.5,23348.0,23350.0,10.058352263097044
2018-10-11,23342.5,23357.5,23342.5,23345.0,10.058138107405037
2018-10-12,23345.5,23348.0,23342.5,23343.0,10.05805243228504
2018-10-15,23353.0,23353.0,23332.5,23330.0,10.057495365015475
2018-10-16,23337.5,23342.5,23333.0,23338.0,10.057838212366052
2018-10-17,23342.5,23346.5,23311.5,23342.0,10.058009591972299
2018-10-18,23347.5,23349.0,23343.0,23347.0,10.058223775185438
2018-10-19,23349.5,23353.0,23345.5,23351.0,10.058395088732475
2018-10-22,23351.5,23352.0,23345.0,23348.0,10.058266606323683
2018-10-23,23347.5,23352.5,23346.0,23348.0,10.058266606323683
2018-10-24,23350.5,23352.5,23345.0,23348.0,10.058266606323683
2018-10-25,23351.5,23355.0,23347.0,23350.0,10.058352263097044
2018-10-26,23352.5,23357.0,23348.5,23355.0,10.058566372936209
2018-10-29,23350.0,23353.0,23345.5,23343.0,10.05805243228504
2018-10-30,23342.5,23348.5,23331.5,23343.0,10.05805243228504
2018-10-31,23347.5,23348.5,23342.5,23343.0,10.05805243228504
2018-11-01,23345.5,23349.0,23334.5,23345.0,10.058138107405037
2018-11-02,23332.5,23347.5,23317.5,23330.0,10.057495365015475
2018-11-05,23325.5,23332.5,23306.0,23310.0,10.056637732029802
2018-11-06,23312.5,23328.5,23312.5,23325.0,10.057281025715545
2018-11-07,23322.5,23333.0,23311.5,23326.0,10.057323897250996
2018-11-08,23317.5,23328.0,23312.5,23318.0,10.056980873493236
2018-11-09,23312.5,23326.0,23295.0,23290.0,10.055779362878386
2018-11-12,23314.0,23325.0,23280.0,23300.0,10.056208639553791
2018-11-13,23310.5,23313.0,23302.5,23308.0,10.056551928262964
2018-11-14,23305.5,23317.5,23302.5,23315.0,10.056852209242422
2018-11-15,23315.5,23347.5,23302.5,23308.0,10.056551928262964
2018-11-16,23311.5,23312.5,23301.5,23306.0,10.056466117133208
2018-11-19,23311.5,23347.5,23304.5,23310.0,10.056637732029802
2018-11-20,23324.0,23347.5,23324.0,23336.0,10.057752511547557
2018-11-21,23317.5,23353.5,23317.5,23352.0,10.05843791253395
2018-11-22,23352.5,23354.0,23347.5,23345.0,10.058138107405037
2018-11-23,23317.5,23362.5,23317.5,23360.0,10.058780436942163
2018-11-26,23346.0,23360.0,23312.5,23340.0,10.057923905840546
2018-11-27,23347.5,23348.5,23332.5,23345.0,10.058138107405037
2018-11-28,23347.5,23347.5,23332.0,23335.0,10.057709658383915
2018-11-29,23347.5,23347.5,23326.5,23327.0,10.057366766948556
2018-11-30,23347.5,23347.5,23312.5,23315.0,10.056852209242422
2018-12-03,23313.5,23317.0,23296.0,23300.0,10.056208639553791
2018-12-04,23347.5,23347.5,23284.0,23283.0,10.055478759522249
2018-12-05,23301.5,23308.0,23293.5,23306.0,10.056466117133208
2018-12-06,23322.5,23344.5,23302.5,23332.0,10.057581087873528
2018-12-07,23327.5,23328.0,23312.5,23310.0,10.056637732029802
2018-12-10,23317.0,23347.5,23297.5,23305.0,10.05642320880684
2018-12-11,23304.0,23328.0,23297.5,23300.0,10.056208639553791
2018-12-12,23304.0,23320.0,23290.5,23300.0,10.056208639553791
2018-12-13,23290.0,23303.5,23282.5,23285.0,10.055564655416477
2018-12-14,23294.0,23294.0,23282.0,23287.0,10.055650543933236
2018-12-17,23285.0,23328.0,23285.0,23318.0,10.056980873493236
2018-12-18,23327.5,23334.0,23294.0,23318.0,10.056980873493236
2018-12-19,23308.0,23316.5,23303.5,23307.0,10.056509023618531
2018-12-20,23305.0,23326.5,23291.0,23300.0,10.056208639553791
2018-12-21,23297.5,23297.5,23278.0,23282.0,10.055435808808186
2018-12-24,23281.0,23290.0,23279.0,23278.0,10.055263987501922
2018-12-25,23281.0,23282.5,23275.0,23277.0,10.055221027562059
2018-12-26,23287.5,23287.5,23262.5,23260.0,10.054490426072656
2018-12-27,23287.5,23287.5,23220.0,23230.0,10.053199825764455
2018-12-28,23190.0,23232.5,23185.0,23190.0,10.051476430249577
2018-12-31,23190.0,23190.0,23190.0,23190.0,10.051476430249577
2019-01-01,23190.0,23190.0,23190.0,23190.0,10.051476430249577
2019-01-02,23193.5,23210.0,23192.5,23205.0,10.052123051675276
2019-01-03,23202.5,23206.5,23192.5,23200.0,10.0519075576544
2019-01-04,23199.0,23202.5,23194.0,23198.0,10.051821347041821
2019-01-07,23198.5,23204.0,23192.5,23198.0,10.051821347041821
2019-01-08,23200.5,23200.5,23193.5,23198.0,10.051821347041821
2019-01-09,23199.5,23201.0,23194.5,23198.0,10.051821347041821
2019-01-10,23198.5,23201.0,23193.0,23196.0,10.05173512899633
2019-01-11,23199.0,23201.0,23193.5,23198.0,10.051821347041821
2019-01-14,23197.0,23202.5,23196.0,23199.0,10.051864453277146
2019-01-15,23202.0,23204.0,23197.0,23203.0,10.052036859639367
2019-01-16,23202.5,23203.5,23196.0,23198.0,10.051821347041821
2019-01-17,23199.5,23203.5,23196.5,23198.0,10.051821347041821
2019-01-18,23202.5,23203.3,23196.5,23197.0,10.05177823894827
2019-01-21,23197.0,23202.5,23196.0,23198.0,10.051821347041821
2019-01-22,23199.0,23202.3,23196.5,23198.0,10.051821347041821
2019-01-23,23198.0,23200.5,23196.0,23196.0,10.05173512899633
2019-01-24,23201.0,23201.0,23195.0,23196.0,10.05173512899633
2019-01-25,23198.5,23200.0,23190.0,23192.0,10.051562670601491
2019-01-28,23191.0,23214.0,23171.0,23194.0,10.051648903516648
2019-01-29,23198.5,23199.5,23192.0,23196.0,10.05173512899633
2019-01-30,23203.0,23208.0,23194.0,23203.0,10.052036859639367
2019-01-31,23201.5,23202.5,23197.0,23198.0,10.051821347041821
2019-02-01,23196.5,23215.0,23187.5,23200.0,10.0519075576544
2019-02-04,23200.0,23200.0,23200.0,23200.0,10.0519075576544
2019-02-05,23200.0,23200.0,23200.0,23200.0,10.0519075576544
2019-02-06,23200.0,23200.0,23200.0,23200.0,10.0519075576544
2019-02-07,23200.0,23200.0,23200.0,23200.0,10.0519075576544
2019-02-08,23200.0,23200.0,23200.0,23200.0,10.0519075576544
2019-02-11,23200.0,23220.0,23199.0,23210.0,10.052338499268483
2019-02-12,23202.5,23212.5,23202.5,23208.0,10.05225232580124
2019-02-13,23201.5,23212.5,23197.5,23196.0,10.05173512899633
2019-02-14,23202.5,23204.0,23196.5,23201.0,10.05195066017375
2019-02-15,23199.0,23206.5,23196.0,23201.0,10.05195066017375
2019-02-18,23199.5,23225.0,23179.5,23199.0,10.051864453277146
2019-02-19,23200.0,23202.5,23196.0,23199.0,10.051864453277146
2019-02-20,23198.0,23202.5,23193.5,23198.0,10.051821347041821
2019-02-21,23199.0,23213.5,23199.0,23210.0,10.052338499268483
2019-02-22,23211.0,23257.0,23180.0,23209.0,10.052295413463094
2019-02-25,23223.0,23223.5,23170.0,23216.0,10.052596975123969
2019-02-26,23209.0,23218.5,23197.5,23200.0,10.0519075576544
2019-02-27,23197.5,23202.5,23195.5,23199.0,10.051864453277146
2019-02-28,23197.5,23216.0,23170.0,23199.0,10.051864453277146
2019-03-01,23198.5,23204.0,23180.0,23202.0,10.051993760835352
2019-03-04,23199.0,23202.5,23196.0,23200.0,10.0519075576544
2019-03-05,23200.5,23202.0,23197.0,23198.0,10.051821347041821
2019-03-06,23200.0,23202.0,23197.0,23200.0,10.0519075576544
2019-03-07,23202.5,23202.5,23197.0,23197.0,10.05177823894827
2019-03-08,23199.0,23201.0,23196.0,23199.0,10.051864453277146
2019-03-11,23196.0,23201.5,23196.0,23198.0,10.051821347041821
2019-03-12,23199.5,23200.5,23197.5,23198.0,10.051821347041821
2019-03-13,23199.0,23200.5,23197.0,23199.0,10.051864453277146
2019-03-14,23199.0,23206.5,23197.5,23198.0,10.051821347041821
2019-03-15,23200.5,23205.5,23198.5,23198.0,10.051821347041821
2019-03-18,23201.0,23209.0,23199.0,23202.0,10.051993760835352
2019-03-19,23208.0,23221.0,23199.0,23208.0,10.05225232580124
2019-03-20,23210.0,23212.0,23177.0,23209.0,10.052295413463094
2019-03-21,23210.0,23210.0,23196.5,23200.0,10.0519075576544
2019-03-22,23201.5,23203.5,23198.5,23199.0,10.051864453277146
2019-03-25,23201.0,23202.5,23198.0,23199.0,10.051864453277146
2019-03-26,23200.0,23201.0,23195.5,23198.0,10.051821347041821
2019-03-27,23200.0,23200.5,23196.0,23198.0,10.051821347041821
2019-03-28,23199.0,23203.5,23198.0,23200.0,10.0519075576544
2019-03-29,23204.0,23204.0,23197.0,23203.0,10.052036859639367
2019-04-01,23197.0,23204.0,23197.0,23199.0,10.051864453277146
2019-04-02,23201.0,23202.0,23196.5,23197.0,10.05177823894827
2019-04-03,23199.5,23201.5,23197.0,23199.0,10.051864453277146
2019-04-04,23200.0,23203.0,23197.0,23198.0,10.051821347041821
2019-04-05,23198.0,23206.0,23187.0,23199.0,10.051864453277146
2019-04-08,23197.0,23203.0,23197.0,23199.0,10.051864453277146
2019-04-09,23199.0,23201.0,23195.5,23198.0,10.051821347041821
2019-04-10,23201.0,23201.5,23196.5,23200.0,10.0519075576544
2019-04-11,23196.0,23201.5,23195.0,23196.0,10.05173512899633
2019-04-12,23200.5,23201.0,23195.0,23199.0,10.051864453277146
2019-04-15,23199.0,23199.0,23199.0,23199.0,10.051864453277146
2019-04-16,23199.5,23205.0,23197.5,23199.0,10.051864453277146
2019-04-17,23197.0,23202.5,23196.0,23198.0,10.051821347041821
2019-04-18,23204.0,23204.0,23199.0,23203.0,10.052036859639367
2019-04-19,23212.5,23213.0,23201.0,23210.0,10.052338499268483
2019-04-22,23206.0,23219.0,23206.0,23218.0,10.052683118897981
2019-04-23,23210.0,23222.5,23210.0,23210.0,10.052338499268483
2019-04-24,23222.5,23226.0,23214.0,23215.0,10.052553900454022
2019-04-25,23222.5,23269.0,23220.0,23215.0,10.052553900454022
2019-04-26,23221.5,23291.0,23221.5,23285.0,10.055564655416477
2019-04-29,23285.0,23285.0,23285.0,23285.0,10.055564655416477
2019-04-30,23285.0,23285.0,23285.0,23285.0,10.055564655416477
2019-05-01,23285.0,23285.0,23285.0,23285.0,10.055564655416477
2019-05-02,23265.0,23266.0,23252.0,23260.0,10.054490426072656
2019-05-03,23255.5,23270.0,23251.5,23249.0,10.054017399337825
2019-05-06,23265.0,23302.5,23265.0,23280.0,10.055349901845375
2019-05-07,23295.0,23347.0,23295.0,23290.0,10.055779362878386
2019-05-08,23295.0,23395.5,23295.0,23365.0,10.058994455134526
2019-05-09,23375.0,23410.0,23372.5,23380.0,10.05963623502606
2019-05-10,23395.0,23397.5,23342.5,23345.0,10.058138107405037
2019-05-13,23350.0,23375.0,23305.0,23325.0,10.057281025715545
2019-05-14,23368.0,23382.5,23352.5,23375.0,10.059422354156888
2019-05-15,23340.0,23360.5,23297.5,23300.0,10.056208639553791
2019-05-16,23342.5,23343.5,23277.5,23300.0,10.056208639553791
2019-05-17,23332.5,23401.0,23332.5,23388.0,10.05997834929556
2019-05-20,23407.5,23437.5,23390.0,23400.0,10.060491301345794
2019-05-21,23402.5,23407.5,23380.0,23390.0,10.060063859578225
2019-05-22,23407.5,23407.5,23375.0,23370.0,10.059208427532903
2019-05-23,23388.5,23389.5,23375.0,23388.0,10.05997834929556
2019-05-24,23392.5,23403.5,23375.0,23380.0,10.05963623502606
2019-05-27,23396.5,23402.5,23383.0,23386.0,10.059892831700264
2019-05-28,23397.5,23401.5,23385.0,23392.0,10.060149362549504
2019-05-29,23397.5,23416.0,23395.0,23406.0,10.060747678734712
2019-05-30,23405.0,23422.5,23405.0,23415.0,10.061132121617643
2019-05-31,23419.5,23421.5,23409.5,23410.0,10.060918560484957
2019-06-03,23415.5,23419.5,23390.0,23393.0,10.060192111293768
2019-06-04,23405.0,23410.0,23393.0,23395.0,10.060277603300317
2019-06-05,23406.0,23417.5,23406.0,23412.0,10.06100399041111
2019-06-06,23407.0,23421.5,23392.5,23402.0,10.060576767778903
2019-06-07,23406.0,23412.5,23387.0,23395.0,10.060277603300317
2019-06-10,23393.5,23421.5,23357.0,23360.0,10.058780436942163
2019-06-11,23381.5,23381.5,23340.0,23337.0,10.057795362874884
2019-06-12,23332.0,23350.0,23320.0,23315.0,10.056852209242422
2019-06-13,23347.5,23350.0,23312.0,23310.0,10.056637732029802
2019-06-14,23332.5,23335.0,23316.5,23330.0,10.057495365015475
2019-06-17,23324.0,23372.5,23324.0,23345.0,10.058138107405037
2019-06-18,23332.5,23351.5,23322.5,23335.0,10.057709658383915
2019-06-19,23330.0,23342.0,23297.0,23315.0,10.056852209242422
2019-06-20,23310.0,23315.0,23295.0,23295.0,10.055994024250897
2019-06-21,23295.0,23312.5,23285.0,23280.0,10.055349901845375
2019-06-24,23291.5,23302.5,23282.5,23286.0,10.05560760059696
2019-06-25,23290.5,23307.5,23286.0,23296.0,10.056036950996413
2019-06-26,23301.0,23325.0,23288.0,23300.0,10.056208639553791
2019-06-27,23305.0,23335.0,23305.0,23310.0,10.056637732029802
2019-06-28,23310.0,23319.0,23287.0,23300.0,10.056208639553791
2019-07-01,23316.0,23316.0,23250.0,23250.0,10.054060411015502
2019-07-02,23275.0,23275.0,23228.5,23230.0,10.053199825764455
2019-07-03,23227.5,23250.0,23225.0,23245.0,10.053845334124684
2019-07-04,23243.0,23254.5,23215.0,23240.0,10.053630210965848
2019-07-05,23248.0,23248.5,23235.0,23235.0,10.053415041519079
2019-07-08,23240.0,23252.5,23235.0,23245.0,10.053845334124684
2019-07-09,23252.5,23252.5,23225.5,23220.0,10.052769255251883
2019-07-10,23216.0,23245.0,23212.5,23210.0,10.052338499268483
2019-07-11,23225.0,23237.5,23197.5,23200.0,10.0519075576544
2019-07-12,23192.5,23205.0,23192.5,23200.0,10.0519075576544
2019-07-15,23198.0,23206.0,23185.0,23199.0,10.051864453277146
2019-07-16,23195.0,23202.5,23195.0,23200.0,10.0519075576544
2019-07-17,23185.0,23204.0,23185.0,23200.0,10.0519075576544
2019-07-18,23216.0,23222.5,23202.5,23214.0,10.052510823928568
2019-07-19,23242.0,23250.5,23199.5,23244.0,10.053802313194996
2019-07-22,23216.0,23246.0,23210.0,23211.0,10.052381583217564
2019-07-23,23241.0,23251.0,23206.5,23209.0,10.052295413463094
2019-07-24,23217.0,23224.5,23208.5,23205.0,10.052123051675276
2019-07-25,23210.5,23213.0,23201.5,23209.0,10.052295413463094
2019-07-26,23208.0,23216.5,23203.5,23205.0,10.052123051675276
2019-07-29,23211.0,23217.5,23208.5,23205.0,10.052123051675276
2019-07-30,23201.5,23216.0,23200.5,23200.0,10.0519075576544
2019-07-31,23201.0,23232.5,23198.5,23230.0,10.053199825764455
2019-08-01,23205.0,23222.5,23199.0,23200.0,10.0519075576544
2019-08-02,23216.5,23236.0,23205.0,23215.0,10.052553900454022
2019-08-05,23230.0,23280.5,23223.0,23268.0,10.054834305030653
2019-08-06,23280.0,23292.5,23249.0,23250.0,10.054060411015502
2019-08-07,23215.0,23264.5,23213.0,23215.0,10.052553900454022
2019-08-08,23220.0,23242.5,23208.5,23220.0,10.052769255251883
2019-08-09,23204.0,23215.0,23199.5,23204.0,10.052079956585954
2019-08-12,23201.0,23252.0,23197.5,23197.0,10.05177823894827
2019-08-13,23203.5,23208.0,23199.0,23205.0,10.052123051675276
2019-08-14,23202.5,23212.5,23199.0,23200.0,10.0519075576544
2019-08-15,23209.0,23209.5,23203.5,23208.0,10.05225232580124
2019-08-16,23206.0,23217.5,23206.0,23211.0,10.052381583217564
2019-08-19,23215.0,23217.0,23206.0,23205.0,10.052123051675276
2019-08-20,23209.0,23214.0,23200.0,23203.0,10.052036859639367
2019-08-21,23202.5,23211.5,23201.0,23200.0,10.0519075576544
2019-08-22,23205.0,23211.5,23199.5,23200.0,10.0519075576544
2019-08-23,23201.0,23212.5,23195.0,23198.0,10.051821347041821
2019-08-26,23217.5,23217.5,23196.5,23198.0,10.051821347041821
2019-08-27,23202.5,23205.5,23196.5,23197.0,10.05177823894827
2019-08-28,23205.0,23212.0,23197.5,23206.0,10.05216614490749
2019-08-29,23203.0,23208.5,23195.5,23195.0,10.051692017185845
2019-08-30,23203.0,23204.0,23183.5,23185.0,10.051260796825561
2019-09-02,23185.0,23185.0,23185.0,23185.0,10.051260796825561
2019-09-03,23186.0,23203.0,23186.0,23198.0,10.051821347041821
2019-09-04,23199.0,23202.5,23194.0,23199.0,10.051864453277146
2019-09-05,23197.5,23206.0,23196.0,23198.0,10.051821347041821
2019-09-06,23195.0,23202.0,23194.0,23198.0,10.051821347041821
2019-09-09,23195.0,23202.5,23195.0,23199.0,10.051864453277146
2019-09-10,23197.0,23202.0,23196.0,23199.0,10.051864453277146
2019-09-11,23199.5,23204.0,23196.0,23199.0,10.051864453277146
2019-09-12,23200.5,23211.5,23199.0,23205.0,10.052123051675276
2019-09-13,23215.0,23221.5,23206.0,23205.0,10.052123051675276
2019-09-16,23215.0,23222.5,23213.0,23218.0,10.052683118897981
2019-09-17,23225.0,23231.0,23219.0,23225.0,10.05298456368204
2019-09-18,23217.5,23230.0,23208.5,23209.0,10.052295413463094
2019-09-19,23212.0,23226.0,23207.5,23211.0,10.052381583217564
2019-09-20,23211.0,23213.0,23202.0,23203.0,10.052036859639367
2019-09-23,23209.0,23209.0,23201.0,23202.0,10.051993760835352
2019-09-24,23203.5,23208.0,23200.0,23200.0,10.0519075576544
2019-09-25,23203.5,23206.5,23201.0,23200.0,10.0519075576544
2019-09-26,23205.0,23205.0,23199.5,23200.0,10.0519075576544
2019-09-27,23202.0,23205.5,23200.0,23200.0,10.0519075576544
2019-09-30,23202.0,23206.5,23200.5,23200.0,10.0519075576544
2019-10-01,23201.0,23205.5,23201.0,23201.0,10.05195066017375
2019-10-02,23201.0,23205.5,23201.0,23200.0,10.0519075576544
2019-10-03,23201.0,23206.0,23201.0,23200.0,10.0519075576544
2019-10-04,23205.0,23207.0,23201.0,23200.0,10.0519075576544
2019-10-07,23201.5,23207.0,23201.0,23200.0,10.0519075576544
2019-10-08,23205.0,23206.0,23200.0,23200.0,10.0519075576544
2019-10-09,23205.0,23226.0,23200.0,23225.0,10.05298456368204
2019-10-10,23226.0,23226.0,23190.0,23200.0,10.0519075576544
2019-10-11,23201.0,23208.0,23196.0,23200.0,10.0519075576544
2019-10-14,23201.5,23205.5,23199.0,23200.0,10.0519075576544
2019-10-15,23200.5,23205.5,23200.5,23201.0,10.05195066017375
2019-10-16,23201.0,23204.5,23201.0,23202.0,10.051993760835352
2019-10-17,23203.5,23211.5,23201.0,23206.0,10.05216614490749
2019-10-18,23202.5,23208.5,23201.5,23203.0,10.052036859639367
2019-10-21,23202.5,23208.0,23201.0,23205.0,10.052123051675276
2019-10-22,23203.5,23209.0,23202.0,23201.0,10.05195066017375
2019-10-23,23207.0,23210.0,23203.0,23205.0,10.052123051675276
2019-10-24,23207.0,23209.5,23203.0,23203.0,10.052036859639367
2019-10-25,23202.0,23207.0,23198.5,23200.0,10.0519075576544
2019-10-28,23201.0,23203.5,23199.0,23200.0,10.0519075576544
2019-10-29,23201.5,23206.0,23199.5,23202.0,10.051993760835352
2019-10-30,23201.0,23204.5,23199.0,23200.0,10.0519075576544
2019-10-31,23202.0,23204.5,23198.5,23202.0,10.051993760835352
2019-11-01,23199.5,23202.0,23199.0,23200.0,10.0519075576544
2019-11-04,23202.0,23202.5,23198.5,23199.0,10.051864453277146
2019-11-05,23200.0,23202.5,23198.5,23199.0,10.051864453277146
2019-11-06,23199.5,23202.5,23198.0,23199.0,10.051864453277146
2019-11-07,23199.5,23202.5,23198.0,23199.0,10.051864453277146
2019-11-08,23200.0,23202.5,23197.5,23198.0,10.051821347041821
2019-11-11,23202.0,23202.0,23198.0,23200.0,10.0519075576544
2019-11-12,23200.0,23200.5,23198.5,23199.0,10.051864453277146
2019-11-13,23199.5,23203.0,23198.5,23199.0,10.051864453277146
2019-11-14,23201.5,23203.5,23200.5,23200.0,10.0519075576544
2019-11-15,23202.0,23206.0,23201.0,23204.0,10.052079956585954
2019-11-18,23202.0,23207.0,23201.5,23205.0,10.052123051675276
2019-11-19,23202.0,23207.0,23198.5,23200.0,10.0519075576544
2019-11-20,23201.0,23208.5,23198.5,23199.0,10.051864453277146
2019-11-21,23197.5,23201.5,23192.5,23193.0,10.051605787988585
2019-11-22,23195.0,23201.0,23192.5,23195.0,10.051692017185845
2019-11-25,23197.5,23202.0,23195.5,23197.0,10.05177823894827
2019-11-26,23197.5,23198.0,23186.0,23190.0,10.051476430249577
2019-11-27,23203.5,23207.5,23196.0,23200.0,10.0519075576544
2019-11-28,23206.5,23207.5,23197.5,23200.0,10.0519075576544
2019-11-29,23200.0,23202.5,23180.0,23179.0,10.051001975324677
2019-12-02,23165.0,23202.5,23165.0,23175.0,10.050829390434055
2019-12-03,23173.5,23180.0,23171.0,23170.0,10.050613617426421
2019-12-04,23175.0,23177.5,23166.5,23170.0,10.050613617426421
2019-12-05,23175.0,23181.0,23167.0,23167.0,10.05048413127047
2019-12-06,23178.5,23210.0,23166.5,23175.0,10.050829390434055
2019-12-09,23171.0,23177.5,23168.0,23170.0,10.050613617426421
2019-12-10,23170.0,23176.0,23168.5,23170.0,10.050613617426421
2019-12-11,23172.0,23177.5,23169.0,23175.0,10.050829390434055
2019-12-12,23173.5,23176.5,23167.5,23169.0,10.050570457237374
2019-12-13,23169.0,23199.5,23168.0,23173.0,10.050743086817882
2019-12-16,23171.0,23178.0,23169.5,23176.0,10.050872539449186
2019-12-17,23176.0,23178.0,23169.0,23176.0,10.050872539449186
2019-12-18,23173.0,23177.0,23171.5,23173.0,10.050743086817882
2019-12-19,23171.0,23176.5,23168.5,23169.0,10.050570457237374
2019-12-20,23176.0,23195.0,23170.0,23175.0,10.050829390434055
2019-12-23,23171.0,23178.0,23170.5,23173.0,10.050743086817882
2019-12-24,23179.0,23179.0,23172.5,23176.0,10.050872539449186
2019-12-25,23171.0,23178.0,23170.0,23173.0,10.050743086817882
2019-12-26,23171.0,23177.5,23169.0,23174.0,10.050786239557008
2019-12-27,23172.0,23177.0,23171.0,23171.0,10.05065677575275
2019-12-30,23170.5,23175.5,23169.0,23170.0,10.050613617426421
2019-12-31,23172.5,23176.5,23169.0,23171.0,10.05065677575275
2020-01-01,23171.0,23171.0,23171.0,23171.0,10.05065677575275
2020-01-02,23171.0,23175.5,23168.5,23168.0,10.050527295185443
2020-01-03,23173.5,23174.5,23169.0,23171.0,10.05065677575275
2020-01-06,23177.0,23178.0,23171.5,23176.0,10.050872539449186
2020-01-07,23175.0,23179.0,23172.5,23175.0,10.050829390434055
2020-01-08,23178.0,23181.0,23174.0,23175.0,10.050829390434055
2020-01-09,23180.0,23180.0,23173.5,23173.0,10.050743086817882
2020-01-10,23174.0,23205.0,23172.0,23176.0,10.050872539449186
2020-01-13,23174.0,23177.0,23172.0,23173.0,10.050743086817882
2020-01-14,23174.0,23177.5,23172.0,23175.0,10.050829390434055
2020-01-15,23175.0,23177.5,23172.5,23170.0,10.050613617426421
2020-01-16,23171.0,23177.5,23169.0,23171.0,10.05065677575275
2020-01-17,23170.0,23175.5,23164.0,23170.0,10.050613617426421
2020-01-20,23170.0,23172.5,23167.5,23169.0,10.050570457237374
2020-01-21,23170.0,23174.0,23167.5,23170.0,10.050613617426421
2020-01-22,23171.0,23204.5,23167.5,23169.0,10.050570457237374
2020-01-23,23169.0,23169.0,23169.0,23169.0,10.050570457237374
2020-01-24,23169.0,23169.0,23169.0,23169.0,10.050570457237374
2020-01-27,23169.0,23169.0,23169.0,23169.0,10.050570457237374
2020-01-28,23169.0,23169.0,23169.0,23169.0,10.050570457237374
2020-01-29,23169.0,23169.0,23169.0,23169.0,10.050570457237374
2020-01-30,23180.0,23186.5,23169.0,23182.0,10.05113139444869
2020-01-31,23180.0,23228.0,23168.0,23222.0,10.052855384186952
2020-02-03,23255.0,23278.0,23220.0,23250.0,10.054060411015502
2020-02-04,23255.0,23267.5,23234.0,23230.0,10.053199825764455
2020-02-05,23255.0,23267.0,23217.5,23220.0,10.052769255251883
2020-02-06,23223.0,23228.5,23217.0,23221.0,10.05281232064669
2020-02-07,23242.0,23242.5,23219.5,23230.0,10.053199825764455
2020-02-10,23255.0,23262.5,23214.5,23258.0,10.05440443785299
2020-02-11,23225.0,23262.5,23217.5,23240.0,10.053630210965848
2020-02-12,23226.5,23255.0,23219.5,23250.0,10.054060411015502
2020-02-13,23241.5,23242.5,23221.5,23239.0,10.053587180780166
2020-02-14,23237.5,23254.0,23230.0,23245.0,10.053845334124684
2020-02-17,23250.5,23253.5,23224.5,23228.0,10.05311372649194
2020-02-18,23230.0,23245.0,23225.0,23239.0,10.053587180780166
2020-02-19,23230.0,23248.0,23225.5,23225.0,10.05298456368204
2020-02-20,23240.0,23288.5,23226.0,23236.0,10.053458079112422
2020-02-21,23239.0,23251.5,23230.0,23242.0,10.05371626578282
2020-02-24,23246.0,23255.5,23240.0,23247.0,10.05393137043206
2020-02-25,23290.0,23290.0,23250.0,23270.0,10.054920256296338
2020-02-26,23270.0,23280.0,23236.0,23240.0,10.053630210965848
2020-02-27,23241.0,23259.5,23222.5,23240.0,10.053630210965848
2020-02-28,23240.0,23245.5,23230.5,23240.0,10.053630210965848
2020-03-02,23239.0,23243.5,23225.5,23240.0,10.053630210965848
2020-03-03,23225.0,23241.0,23216.5,23218.0,10.052683118897981
2020-03-04,23226.0,23232.0,23202.0,23206.0,10.05216614490749
2020-03-05,23209.0,23227.5,23201.0,23210.0,10.052338499268483
2020-03-06,23220.0,23220.0,23199.5,23205.0,10.052123051675276
2020-03-09,23207.5,23218.0,23173.5,23172.0,10.050699932216515
2020-03-10,23174.5,23210.0,23172.5,23174.0,10.050786239557008
2020-03-11,23175.0,23183.0,23171.5,23172.0,10.050699932216515
2020-03-12,23180.0,23196.5,23171.5,23195.0,10.051692017185845
2020-03-13,23172.5,23223.5,23172.5,23208.0,10.05225232580124
2020-03-16,23220.0,23236.0,23214.5,23225.0,10.05298456368204
2020-03-17,23220.0,23255.0,23214.5,23238.0,10.053544148742807
2020-03-18,23248.0,23285.0,23241.0,23282.0,10.055435808808186
2020-03-19,23295.0,23430.0,23246.5,23354.0,10.058523554635661
2020-03-20,23412.5,23472.5,23369.5,23455.0,10.062838970762558
2020-03-23,23460.0,23558.5,23460.0,23540.0,10.066456380814268
2020-03-24,23635.0,23651.0,23587.5,23580.0,10.068154174091362
2020-03-25,23590.0,23630.0,23565.0,23600.0,10.069001991013701
2020-03-26,23640.0,23645.0,23597.5,23620.0,10.069849089751353
2020-03-27,23624.0,23640.0,23617.0,23620.0,10.069849089751353
2020-03-30,23627.5,23642.5,23618.0,23640.0,10.070695471520034
2020-03-31,23622.5,23635.0,23612.0,23616.0,10.0696797274002
2020-04-01,23590.0,23628.0,23587.5,23590.0,10.06857817240172
2020-04-02,23590.0,23590.0,23590.0,23590.0,10.06857817240172
2020-04-03,23560.0,23605.0,23481.0,23550.0,10.066881099444563
2020-04-06,23555.0,23555.0,23450.0,23440.0,10.06219924369095
2020-04-07,23460.0,23470.0,23447.5,23450.0,10.062625773874425
2020-04-08,23460.0,23565.0,23460.0,23550.0,10.066881099444563
2020-04-09,23514.0,23532.0,23471.0,23488.0,10.064244931414242
2020-04-10,23491.0,23517.0,23420.0,23435.0,10.061985910356807
2020-04-13,23437.5,23460.0,23420.0,23432.0,10.06185788850757
2020-04-14,23460.0,23475.5,23435.0,23471.0,10.063520895521542
2020-04-15,23470.5,23478.5,23442.5,23440.0,10.06219924369095
2020-04-16,23448.0,23465.0,23437.5,23440.0,10.06219924369095
2020-04-17,23460.0,23460.0,23418.5,23424.0,10.061516416761037
2020-04-20,23422.5,23455.0,23422.5,23450.0,10.062625773874425
2020-04-21,23460.0,23465.0,23447.5,23460.0,10.063052122207466
2020-04-22,23490.0,23500.0,23460.0,23479.0,10.063861683597258
2020-04-23,23489.0,23524.0,23452.5,23485.0,10.064117198461096
2020-04-24,23502.0,23518.0,23493.5,23505.0,10.06496844345823
2020-04-27,23497.5,23510.0,23454.0,23455.0,10.062838970762558
2020-04-28,23465.0,23477.5,23440.0,23442.0,10.062284564283125
2020-04-29,23450.0,23450.0,23423.5,23428.0,10.061687167209673
2020-04-30,23428.0,23428.0,23428.0,23428.0,10.061687167209673
2020-05-01,23428.0,23428.0,23428.0,23428.0,10.061687167209673
2020-05-04,23475.0,23475.0,23439.0,23445.0,10.062412531523687
2020-05-05,23424.0,23427.5,23419.5,23421.0,10.0613883347884
2020-05-06,23420.0,23437.5,23418.0,23423.0,10.06147372459291
2020-05-07,23422.5,23432.5,23421.5,23425.0,10.061559107106623
2020-05-08,23475.0,23475.0,23373.5,23377.0,10.059507911994038
2020-05-11,23382.5,23405.0,23318.0,23322.0,10.057152400080279
2020-05-12,23331.0,23382.5,23318.0,23330.0,10.057495365015475
2020-05-13,23375.0,23380.0,23334.0,23347.0,10.058223775185438
2020-05-14,23374.5,23386.0,23349.0,23350.0,10.058352263097044
2020-05-15,23355.0,23371.5,23351.0,23355.0,10.058566372936209
2020-05-18,23349.0,23360.0,23335.0,23338.0,10.057838212366052
2020-05-19,23317.5,23370.0,23292.5,23295.0,10.055994024250897
2020-05-20,23297.5,23311.5,23271.0,23270.0,10.054920256296338
2020-05-21,23272.5,23285.0,23252.5,23275.0,10.055135102145268
2020-05-22,23271.0,23282.0,23252.5,23267.0,10.054791326627294
2020-05-25,23277.5,23320.0,23272.5,23312.0,10.056723528434986
2020-05-26,23301.0,23338.0,23301.0,23336.0,10.057752511547557
2020-05-27,23324.0,23331.5,23300.0,23325.0,10.057281025715545
2020-05-28,23295.0,23329.0,23287.5,23300.0,10.056208639553791
2020-05-29,23281.0,23305.0,23275.0,23280.0,10.055349901845375
2020-06-01,23281.5,23301.0,23254.0,23260.0,10.054490426072656
2020-06-02,23257.5,23282.0,23247.5,23253.0,10.05418943494962
2020-06-03,23262.5,23273.0,23252.5,23260.0,10.054490426072656
2020-06-04,23264.5,23274.0,23257.5,23263.0,10.054619394540044
2020-06-05,23255.5,23262.0,23250.0,23255.0,10.054275441658197
2020-06-08,23257.5,23265.0,23239.5,23255.0,10.054275441658197
2020-06-09,23232.0,23265.0,23202.0,23205.0,10.052123051675276
2020-06-10,23200.0,23220.0,23186.5,23190.0,10.051476430249577
2020-06-11,23200.0,23217.5,23190.0,23215.0,10.052553900454022
2020-06-12,23217.5,23225.0,23199.0,23206.0,10.05216614490749
2020-06-15,23222.5,23243.0,23205.0,23220.0,10.052769255251883
2020-06-16,23222.0,23235.5,23206.5,23210.0,10.052338499268483
2020-06-17,23198.5,23240.0,23194.0,23196.0,10.05173512899633
2020-06-18,23206.5,23218.0,23193.5,23210.0,10.052338499268483
2020-06-19,23208.0,23225.0,23194.0,23215.0,10.052553900454022
2020-06-22,23212.5,23220.0,23207.5,23210.0,10.052338499268483
2020-06-23,23215.0,23219.0,23207.5,23213.0,10.052467745547446
2020-06-24,23222.0,23223.0,23204.0,23195.0,10.051692017185845
2020-06-25,23205.0,23220.5,23200.0,23208.0,10.05225232580124
2020-06-26,23211.0,23219.0,23200.0,23210.0,10.052338499268483
2020-06-29,23211.0,23216.0,23197.5,23198.0,10.051821347041821
2020-06-30,23205.0,23210.0,23199.0,23204.0,10.052079956585954
2020-07-01,23205.0,23213.5,23198.5,23203.0,10.052036859639367
2020-07-02,23205.0,23210.0,23195.0,23202.0,10.051993760835352
2020-07-03,23199.5,23210.0,23197.5,23199.0,10.051864453277146
2020-07-06,23201.5,23207.5,23198.0,23201.0,10.05195066017375
2020-07-07,23197.5,23211.5,23183.0,23180.0,10.051045116893743
2020-07-08,23205.0,23210.0,23185.0,23188.0,10.051390182459624
2020-07-09,23191.0,23206.0,23183.5,23184.0,10.051217664560463
2020-07-10,23192.5,23204.5,23173.0,23177.0,10.05091568660256
2020-07-13,23193.5,23197.5,23175.0,23179.0,10.051001975324677
2020-07-14,23185.5,23232.5,23175.0,23181.0,10.051088256601693
2020-07-15,23180.0,23192.5,23175.5,23183.0,10.051174530434894
2020-07-16,23185.0,23187.5,23176.5,23184.0,10.051217664560463
2020-07-17,23195.0,23195.5,23177.5,23191.0,10.05151955135521
2020-07-20,23190.0,23195.5,23179.0,23188.0,10.051390182459624
2020-07-21,23183.0,23190.0,23176.0,23180.0,10.051045116893743
2020-07-22,23187.5,23195.0,23175.5,23184.0,10.051217664560463
2020-07-23,23183.0,23186.0,23176.0,23180.0,10.051045116893743
2020-07-24,23180.0,23186.5,23173.0,23175.0,10.050829390434055
2020-07-27,23187.5,23187.5,23178.5,23181.0,10.051088256601693
2020-07-28,23176.5,23200.0,23174.0,23170.0,10.050613617426421
2020-07-29,23180.0,23184.5,23173.5,23175.0,10.050829390434055
2020-07-30,23175.0,23183.0,23173.0,23175.0,10.050829390434055
2020-07-31,23177.0,23183.5,23173.0,23170.0,10.050613617426421
2020-08-03,23180.0,23183.0,23169.0,23170.0,10.050613617426421
2020-08-04,23174.5,23183.0,23172.5,23175.0,10.050829390434055
2020-08-05,23174.5,23182.5,23172.5,23174.0,10.050786239557008
2020-08-06,23175.0,23182.5,23172.5,23173.0,10.050743086817882
2020-08-07,23180.0,23182.5,23172.5,23173.0,10.050743086817882
2020-08-10,23175.0,23200.0,23172.5,23170.0,10.050613617426421
2020-08-11,23175.0,23182.0,23172.5,23174.0,10.050786239557008
2020-08-12,23174.5,23183.0,23172.5,23175.0,10.050829390434055
2020-08-13,23179.0,23184.0,23172.5,23174.0,10.050786239557008
2020-08-14,23176.0,23184.0,23172.5,23174.0,10.050786239557008
2020-08-17,23187.5,23187.5,23170.0,23174.0,10.050786239557008
2020-08-18,23174.5,23182.5,23172.5,23174.0,10.050786239557008
2020-08-19,23174.5,23177.5,23172.5,23174.0,10.050786239557008
2020-08-20,23175.5,23182.5,23172.5,23174.0,10.050786239557008
2020-08-21,23175.5,23183.0,23173.0,23175.0,10.050829390434055
2020-08-24,23187.5,23187.5,23174.5,23177.0,10.05091568660256
2020-08-25,23178.0,23183.5,23171.0,23170.0,10.050613617426421
2020-08-26,23175.5,23182.5,23171.0,23174.0,10.050786239557008
2020-08-27,23175.0,23182.5,23172.5,23174.0,10.050786239557008
2020-08-28,23175.0,23182.5,23171.0,23174.0,10.050786239557008
2020-08-31,23175.0,23182.0,23171.0,23174.0,10.050786239557008
2020-09-01,23174.5,23182.0,23172.0,23174.0,10.050786239557008
2020-09-02,23174.0,23174.0,23174.0,23174.0,10.050786239557008
2020-09-03,23174.0,23177.0,23171.0,23174.0,10.050786239557008
2020-09-04,23175.0,23184.0,23171.0,23178.0,10.050958831894336
2020-09-07,23180.0,23184.0,23172.5,23174.0,10.050786239557008
2020-09-08,23178.5,23184.0,23173.0,23176.0,10.050872539449186
2020-09-09,23182.0,23187.5,23173.0,23175.0,10.050829390434055
2020-09-10,23176.0,23185.0,23173.0,23172.5,10.050721509749987
2020-09-11,23180.0,23183.0,23172.5,23174.0,10.050786239557008
2020-09-14,23182.0,23185.5,23172.5,23175.0,10.050829390434055
2020-09-15,23177.0,23178.0,23175.0,23175.0,10.050829390434055
2020-09-16,23177.5,23184.0,23173.0,23178.0,10.050958831894336
2020-09-17,23175.5,23183.5,23173.0,23170.0,10.050613617426421
2020-09-18,23180.0,23185.0,23173.0,23170.0,10.050613617426421
2020-09-21,23180.0,23186.0,23173.0,23178.0,10.050958831894336
2020-09-22,23179.0,23184.5,23173.0,23177.0,10.05091568660256
2020-09-23,23175.0,23187.5,23173.0,23185.0,10.051260796825561
2020-09-24,23180.0,23187.5,23173.0,23184.0,10.051217664560463
2020-09-25,23197.5,23197.5,23177.5,23191.0,10.05151955135521
2020-09-28,23192.5,23195.5,23172.5,23188.0,10.051390182459624
2020-09-29,23189.0,23191.0,23176.0,23190.0,10.051476430249577
2020-09-30,23182.5,23187.0,23173.0,23181.0,10.051088256601693
2020-10-01,23184.0,23191.5,23175.0,23188.0,10.051390182459624
2020-10-02,23180.0,23195.0,23173.0,23191.0,10.05151955135521
2020-10-05,23185.5,23206.5,23173.0,23203.0,10.052036859639367
2020-10-06,23207.0,23209.5,23191.0,23205.0,10.052123051675276
2020-10-07,23204.0,23209.0,23192.0,23205.0,10.052123051675276
2020-10-08,23194.5,23207.5,23190.0,23191.0,10.05151955135521
2020-10-09,23184.0,23207.5,23181.5,23180.0,10.051045116893743
2020-10-12,23183.5,23207.5,23174.0,23178.0,10.050958831894336
2020-10-13,23178.0,23185.5,23174.0,23177.0,10.05091568660256
2020-10-14,23176.0,23183.5,23173.0,23175.0,10.050829390434055
2020-10-15,23176.0,23183.5,23173.0,23170.0,10.050613617426421
2020-10-16,23182.5,23185.0,23173.0,23175.0,10.050829390434055
2020-10-19,23181.0,23183.5,23173.0,23175.0,10.050829390434055
2020-10-20,23178.5,23184.5,23174.0,23179.0,10.051001975324677
2020-10-21,23178.0,23182.0,23178.0,23177.0,10.05091568660256
2020-10-22,23180.0,23180.0,23176.0,23176.0,10.050872539449186
2020-10-23,23177.0,23185.0,23173.5,23176.0,10.050872539449186
2020-10-26,23178.5,23183.5,23172.5,23175.0,10.050829390434055
2020-10-27,23175.5,23183.0,23173.0,23175.0,10.050829390434055
2020-10-28,23176.5,23183.5,23173.0,23176.0,10.050872539449186
2020-10-29,23179.5,23186.0,23175.0,23170.0,10.050613617426421
2020-10-30,23176.0,23185.5,23173.5,23180.0,10.051045116893743
2020-11-02,23178.5,23183.5,23173.5,23177.0,10.05091568660256
2020-11-03,23178.0,23188.0,23172.0,23176.0,10.050872539449186
2020-11-04,23177.0,23178.5,23176.0,23176.0,10.050872539449186
2020-11-05,23176.5,23183.0,23173.0,23175.0,10.050829390434055
2020-11-06,23174.0,23185.0,23172.5,23176.0,10.050872539449186
2020-11-09,23175.0,23182.5,23172.5,23170.0,10.050613617426421
2020-11-10,23176.0,23182.5,23172.5,23173.0,10.050743086817882
2020-11-11,23174.5,23182.5,23172.5,23175.0,10.050829390434055
2020-11-12,23175.0,23176.0,23174.5,23175.0,10.050829390434055
2020-11-13,23176.0,23185.0,23172.5,23175.0,10.050829390434055
2020-11-16,23176.0,23183.0,23173.0,23175.0,10.050829390434055
2020-11-17,23167.0,23183.0,23162.5,23163.0,10.050311456976926
2020-11-18,23172.5,23183.0,23163.0,23160.0,10.050181931686932
2020-11-19,23177.0,23183.0,23171.0,23176.0,10.050872539449186
2020-11-20,23181.0,23186.0,23173.5,23176.0,10.050872539449186
2020-11-23,23169.0,23186.0,23168.5,23177.0,10.05091568660256
2020-11-24,23151.0,23180.0,23151.0,23151.0,10.049793255125712
2020-11-25,23165.0,23167.5,23151.5,23160.0,10.050181931686932
2020-11-26,23165.5,23167.0,23157.5,23164.0,10.05035462834568
2020-11-27,23161.5,23182.5,23155.0,23160.0,10.050181931686932
2020-11-30,23178.5,23178.5,23132.5,23140.0,10.049318000747668
2020-12-01,23132.0,23142.5,23125.0,23129.0,10.0488425203955
2020-12-02,23130.0,23141.0,23123.0,23129.0,10.0488425203955
2020-12-03,23129.0,23137.5,23119.5,23125.0,10.048669562380626
2020-12-04,23131.0,23137.5,23128.0,23130.0,10.048885755225484
2020-12-07,23130.0,23137.5,23126.5,23127.0,10.048756045127371
2020-12-08,23129.5,23137.5,23127.0,23128.0,10.048799283696182
2020-12-09,23131.5,23137.5,23127.0,23128.0,10.048799283696182
2020-12-10,23130.0,23137.5,23127.0,23128.0,10.048799283696182
2020-12-11,23178.5,23178.5,23127.0,23128.0,10.048799283696182
2020-12-14,23178.5,23178.5,23126.0,23126.0,10.048712804688908
2020-12-15,23152.5,23153.5,23126.0,23126.0,10.048712804688908
2020-12-16,23126.0,23136.0,23125.8,23126.0,10.048712804688908
2020-12-17,23124.0,23135.5,23119.5,23120.0,10.048453322786314
2020-12-18,23125.0,23132.0,23120.0,23124.0,10.048626318202366
2020-12-21,23125.0,23132.5,23122.5,23120.0,10.048453322786314
2020-12-22,23130.0,23137.0,23124.0,23127.0,10.048756045127371
2020-12-23,23126.0,23140.0,23123.5,23130.0,10.048885755225484
2020-12-24,23129.0,23140.5,23127.0,23125.0,10.048669562380626
2020-12-25,23127.0,23154.5,23124.5,23130.0,10.048885755225484
2020-12-28,23125.0,23149.5,23124.0,23125.0,10.048669562380626
2020-12-29,23124.0,23135.0,23121.5,23120.0,10.048453322786314
2020-12-30,23090.5,23135.0,23075.0,23088.0,10.047068281013653
2020-12-31,23091.5,23111.0,23077.5,23070.0,10.0462883511678
2021-01-01,23070.0,23070.0,23070.0,23070.0,10.0462883511678
2021-01-04,23100.0,23100.0,23077.0,23070.0,10.0462883511678
2021-01-05,23099.0,23125.5,23080.0,23080.0,10.046721720622037
2021-01-06,23091.5,23098.0,23086.5,23090.0,10.047154902348542
2021-01-07,23092.0,23130.0,23075.0,23078.0,10.046635061754612
2021-01-08,23079.0,23084.0,23063.5,23066.0,10.046114950785885
2021-01-11,23070.0,23080.0,23057.5,23050.0,10.045421048424794
2021-01-12,23071.0,23072.5,23062.5,23065.0,10.04607159599192
2021-01-13,23072.5,23072.5,23057.0,23064.0,10.046028239318238
2021-01-14,23069.0,23070.5,23062.5,23064.0,10.046028239318238
2021-01-15,23067.0,23075.0,23058.5,23065.0,10.04607159599192
2021-01-18,23100.0,23100.0,23063.5,23069.0,10.046245003891086
2021-01-19,23070.5,23075.0,23065.0,23069.0,10.046245003891086
2021-01-20,23087.5,23090.0,23066.0,23072.0,10.046375040084676
2021-01-21,23075.5,23077.5,23067.0,23060.0,10.04585479382305
2021-01-22,23072.5,23081.5,23041.0,23070.0,10.0462883511678
2021-01-25,23070.0,23077.5,23065.0,23060.0,10.04585479382305
2021-01-26,23072.5,23075.0,23064.5,23069.0,10.046245003891086
2021-01-27,23072.5,23075.0,23064.5,23069.0,10.046245003891086
2021-01-28,23070.0,23075.0,23056.0,23059.0,10.045811427748324
2021-01-29,23072.5,23072.5,23042.5,23048.0,10.045334276764365
2021-02-01,23037.5,23052.5,23033.5,23045.0,10.045204105154609
2021-02-02,23065.5,23065.5,23016.0,23027.0,10.04442271945762
2021-02-03,23065.5,23065.5,23018.0,23020.0,10.044118682275874
2021-02-04,23025.5,23030.0,23019.0,23015.0,10.043901456251342
2021-02-05,23017.5,23025.0,22997.0,23000.0,10.043249494911286
2021-02-08,22977.0,23033.5,22965.0,22970.0,10.041944295683145
2021-02-09,22952.5,23015.0,22952.5,23010.0,10.043684183029411
2021-02-10,23010.0,23010.0,23010.0,23010.0,10.043684183029411
2021-02-11,23010.0,23010.0,23010.0,23010.0,10.043684183029411
2021-02-12,23010.0,23010.0,23010.0,23010.0,10.043684183029411
2021-02-15,23010.0,23010.0,23010.0,23010.0,10.043684183029411
2021-02-16,23010.0,23010.0,23010.0,23010.0,10.043684183029411
2021-02-17,22987.5,23024.0,22987.5,23010.0,10.043684183029411
2021-02-18,23010.0,23057.5,23002.5,23015.0,10.043901456251342
2021-02-19,23017.5,23024.0,22987.5,23018.0,10.044031797528437
2021-02-22,23023.5,23029.0,23015.0,23020.0,10.044118682275874
2021-02-23,23025.0,23030.0,23019.5,23025.0,10.044335861123507
2021-02-24,23024.0,23030.0,23019.5,23020.0,10.044118682275874
2021-02-25,23030.0,23030.0,23015.0,23025.0,10.044335861123507
2021-02-26,23022.5,23027.5,23007.5,23015.0,10.043901456251342
2021-03-01,23015.0,23040.0,23015.0,23020.0,10.044118682275874
2021-03-02,23027.5,23035.0,23022.0,23022.0,10.044205559475007
2021-03-03,23027.5,23035.0,23021.0,23020.0,10.044118682275874
2021-03-04,23020.5,23030.5,23015.0,23019.0,10.044075240845775
2021-03-05,23025.5,23040.0,23016.5,23033.0,10.044683249202905
2021-03-08,23036.5,23046.0,23020.5,23025.0,10.044335861123507
2021-03-09,23032.5,23062.5,23030.0,23060.0,10.04585479382305
2021-03-10,23032.5,23062.5,23032.5,23052.0,10.045507812556558
2021-03-11,23052.0,23059.0,23032.5,23051.0,10.045464431431677
2021-03-12,23057.5,23058.5,23037.5,23055.0,10.045637944640806
2021-03-15,23077.0,23082.0,23055.0,23081.0,10.04676504723975
2021-03-16,23076.0,23083.5,23064.5,23082.0,10.046808371980351
2021-03-17,23070.0,23080.5,23055.0,23045.0,10.045204105154609
2021-03-18,23061.5,23070.0,23054.0,23065.0,10.04607159599192
2021-03-19,23065.0,23077.5,23060.5,23073.0,10.046418381725163
2021-03-22,23065.0,23085.0,23060.0,23076.0,10.04654839537678
2021-03-23,23075.5,23083.0,23065.0,23070.0,10.0462883511678
2021-03-24,23081.5,23085.5,23065.0,23080.0,10.046721720622037
2021-03-25,23080.0,23092.5,23072.5,23084.0,10.046895015830858
2021-03-26,23085.0,23095.0,23077.0,23084.0,10.046895015830858
2021-03-29,23090.0,23092.5,23069.5,23070.0,10.0462883511678
2021-03-30,23071.5,23077.5,23067.5,23070.0,10.0462883511678
2021-03-31,23075.0,23077.5,23068.5,23074.0,10.046461721487235
2021-04-01,23075.0,23078.0,23069.5,23065.0,10.04607159599192
2021-04-02,23072.0,23079.5,23069.0,23073.0,10.046418381725163
2021-04-05,23079.5,23083.0,23069.0,23079.0,10.046678392127044
2021-04-06,23091.5,23096.0,23075.0,23090.0,10.047154902348542
2021-04-07,23093.0,23093.5,23088.0,23090.0,10.047154902348542
2021-04-08,23090.0,23095.0,23083.0,23085.0,10.046938334941089
2021-04-09,23075.0,23086.5,23064.0,23065.0,10.04607159599192
2021-04-12,23063.5,23075.0,23061.0,23067.0,10.04615830370029
2021-04-13,23071.0,23075.5,23065.5,23069.0,10.046245003891086
2021-04-14,23077.0,23081.5,23066.5,23078.0,10.046635061754612
2021-04-15,23076.0,23079.0,23064.5,23073.0,10.046418381725163
2021-04-16,23067.5,23076.5,23064.5,23067.0,10.04615830370029
2021-04-19,23073.5,23076.5,23067.0,23073.0,10.046418381725163
2021-04-20,23077.0,23080.0,23068.5,23074.0,10.046461721487235
2021-04-21,23074.0,23074.0,23074.0,23074.0,10.046461721487235
2021-04-22,23069.0,23076.0,23065.0,23070.0,10.0462883511678
2021-04-23,23071.0,23075.5,23057.5,23070.0,10.0462883511678
2021-04-26,23050.5,23075.0,23042.5,23040.0,10.044987114809828
2021-04-27,23048.5,23058.0,23040.0,23042.0,10.045073916598
2021-04-28,23046.5,23060.0,23036.5,23047.0,10.045290888110491
2021-04-29,23062.5,23065.0,23041.0,23054.0,10.045594569160958
2021-04-30,23054.0,23054.0,23054.0,23054.0,10.045594569160958
2021-05-03,23054.0,23054.0,23054.0,23054.0,10.045594569160958
2021-05-04,23064.0,23071.5,23047.5,23050.0,10.045421048424794
2021-05-05,23063.5,23071.0,23047.5,23060.0,10.04585479382305
2021-05-06,23066.5,23071.0,23047.5,23067.0,10.04615830370029
2021-05-07,23070.5,23070.5,23055.5,23060.0,10.04585479382305
2021-05-10,23059.5,23066.0,23049.5,23060.0,10.04585479382305
2021-05-11,23061.0,23065.0,23050.0,23055.0,10.045637944640806
2021-05-12,23058.5,23064.0,23050.0,23053.0,10.045551191799596
2021-05-13,23062.5,23070.5,23045.0,23040.0,10.044987114809828
2021-05-14,23051.5,23052.5,23047.0,23048.0,10.045334276764365
2021-05-17,23052.0,23054.5,23041.5,23046.0,10.04524749757396
2021-05-18,23044.5,23048.0,23039.0,23040.0,10.044987114809828
2021-05-19,23043.0,23051.5,23042.0,23045.0,10.045204105154609
2021-05-20,23046.0,23052.5,23041.5,23045.0,10.045204105154609
2021-05-21,23052.5,23057.5,23042.0,23054.0,10.045594569160958
2021-05-24,23054.5,23060.5,23047.5,23056.0,10.045681318239303
2021-05-25,23060.5,23065.0,23051.5,23060.0,10.04585479382305
2021-05-26,23054.5,23062.5,23050.5,23055.0,10.045637944640806
2021-05-27,23060.5,23062.0,23045.0,23045.0,10.045204105154609
2021-05-28,23049.0,23057.0,23043.0,23045.0,10.045204105154609
2021-05-31,23047.5,23054.0,23042.5,23040.0,10.044987114809828
2021-06-01,23046.5,23062.0,23042.5,23044.0,10.045160710852274
2021-06-02,23046.0,23048.0,23041.5,23040.0,10.044987114809828
2021-06-03,23042.5,23053.0,23042.0,23041.0,10.045030516645731
2021-06-04,23044.5,23056.0,23043.0,23044.0,10.045160710852274
2021-06-07,23051.5,23055.0,23005.0,23000.0,10.043249494911286
2021-06-08,23012.0,23012.5,22943.5,22952.0,10.0411603576612
2021-06-09,22955.5,23010.5,22955.5,22955.0,10.041291056683322
2021-06-10,22957.5,23005.0,22943.0,22947.0,10.040942487989975
2021-06-11,22946.5,22965.0,22943.0,22945.0,10.040855326828934
2021-06-14,22947.5,22954.0,22941.0,22944.0,10.040811743399347
2021-06-15,22951.0,22956.0,22946.5,22947.0,10.040942487989975
2021-06-16,22950.0,22953.5,22942.0,22946.0,10.040898908359088
2021-06-17,22952.0,22968.0,22948.5,22960.0,10.041508850433503
2021-06-18,22972.5,23015.0,22949.0,22995.0,10.043032079974024
2021-06-21,22947.5,23050.0,22947.5,23014.0,10.043858005383404
2021-06-22,23017.5,23027.5,23011.0,23025.0,10.044335861123507
2021-06-23,23027.5,23028.0,23022.5,23020.0,10.044118682275874
2021-06-24,23007.5,23030.0,23002.5,23003.0,10.043379921188018
2021-06-25,23002.5,23052.0,23002.5,23020.0,10.044118682275874
2021-06-28,23025.0,23025.0,23012.0,23020.0,10.044118682275874
2021-06-29,23025.0,23030.0,23014.5,23020.0,10.044118682275874
2021-06-30,23025.0,23028.0,23016.0,23014.0,10.043858005383404
2021-07-01,23025.0,23025.0,23005.0,23010.0,10.043684183029411
2021-07-02,23005.0,23025.0,22999.5,22998.0,10.04316253460861
2021-07-05,22994.5,23011.5,22989.5,22996.0,10.043075566743182
2021-07-06,23004.5,23016.0,22992.5,23007.0,10.043553796432969
2021-07-07,23010.5,23017.5,22999.5,23015.0,10.043901456251342
2021-07-08,23020.0,23032.0,23006.0,23007.0,10.043553796432969
2021-07-09,23000.0,23031.5,22997.5,23000.0,10.043249494911286
2021-07-12,23004.5,23022.0,23000.0,23020.0,10.044118682275874
2021-07-13,23022.5,23029.0,23002.5,23010.0,10.043684183029411
2021-07-14,23012.5,23021.0,23012.0,23011.0,10.043727641450573
2021-07-15,23012.5,23020.0,23011.0,23009.0,10.043640722719532
2021-07-16,23004.5,23016.5,23000.0,23011.0,10.043727641450573
2021-07-19,23012.5,23027.5,23012.0,23020.0,10.044118682275874
2021-07-20,23019.0,23028.5,23017.5,23026.0,10.044379291233609
2021-07-21,23021.5,23029.0,23015.0,23022.0,10.044205559475007
2021-07-22,23022.5,23025.0,23009.5,23010.0,10.043684183029411
2021-07-23,23015.5,23025.0,23004.5,23005.0,10.043466862589568
2021-07-26,23007.0,23022.5,23004.5,23008.0,10.043597260520773
2021-07-27,23009.5,23022.5,23006.5,23005.0,10.043466862589568
2021-07-28,23005.0,23022.5,22999.5,22999.0,10.043206015705211
2021-07-29,23020.0,23020.0,22966.5,22965.0,10.041726596759894
2021-07-30,22987.5,22992.5,22952.5,22950.0,10.04107321548869
2021-08-02,22955.0,22961.5,22952.5,22950.0,10.04107321548869
2021-08-03,22955.0,22985.0,22928.5,22950.0,10.04107321548869
2021-08-04,22945.0,22957.0,22930.0,22945.0,10.040855326828934
2021-08-05,22940.0,22952.0,22938.0,22936.0,10.040463007563206
2021-08-06,22955.0,22957.0,22921.5,22927.0,10.040070534322663
2021-08-09,22930.0,22966.0,22920.5,22925.0,10.039983297124666
2021-08-10,22931.0,22943.0,22882.0,22887.0,10.038324342758338
2021-08-11,22955.0,22955.0,22790.0,22809.0,10.034910473896547
2021-08-12,22800.0,22845.0,22785.0,22805.0,10.034735089145801
2021-08-13,22805.0,22832.5,22800.0,22830.0,10.035830739523842
2021-08-16,22817.5,22846.0,22817.5,22830.0,10.035830739523842
2021-08-17,22805.0,22840.5,22805.0,22830.0,10.035830739523842
2021-08-18,22832.5,22839.0,22798.0,22807.0,10.03482278536615
2021-08-19,22805.0,22837.5,22805.0,22812.0,10.03504199227643
2021-08-20,22830.5,22834.0,22808.5,22820.0,10.035392623416067
2021-08-23,22825.0,22832.5,22814.5,22825.0,10.03561170546317
2021-08-24,22825.0,22833.5,22821.0,22820.0,10.035392623416067
2021-08-25,22815.0,22830.0,22792.5,22790.0,10.03407712223973
2021-08-26,22791.0,22819.0,22782.5,22785.0,10.033857703697983
2021-08-27,22785.0,22794.5,22777.5,22789.0,10.03403324238277
2021-08-30,22800.0,22800.5,22777.5,22775.0,10.03341872212816
2021-08-31,22782.5,22785.5,22771.5,22775.0,10.03341872212816
2021-09-01,22765.0,22795.0,22763.0,22760.0,10.032759888240268
2021-09-02,22760.0,22760.0,22760.0,22760.0,10.032759888240268
2021-09-03,22760.0,22760.0,22760.0,22760.0,10.032759888240268
2021-09-06,22772.5,22781.5,22762.5,22760.0,10.032759888240268
2021-09-07,22760.5,22790.0,22755.0,22758.0,10.032672010916954
2021-09-08,22764.5,22769.0,22751.0,22757.0,10.032628069359218
2021-09-09,22760.0,22767.5,22754.5,22765.0,10.032979547768882
2021-09-10,22764.0,22767.0,22754.5,22757.0,10.032628069359218
2021-09-13,22766.0,22767.5,22756.5,22759.0,10.032715950543913
2021-09-14,22765.0,22766.5,22756.5,22759.0,10.032715950543913
2021-09-15,22757.5,22766.0,22754.5,22758.0,10.032672010916954
2021-09-16,22761.0,22765.0,22753.0,22753.0,10.032452283817127
2021-09-17,22756.0,22772.5,22754.0,22770.0,10.033199159057785
2021-09-20,22775.0,22782.0,22771.0,22769.0,10.033155240658164
2021-09-21,22764.5,22781.0,22760.0,22755.0,10.032540180450741
2021-09-22,22760.5,22780.0,22755.5,22760.0,10.032759888240268
2021-09-23,22765.0,22772.5,22756.0,22762.0,10.032847757841836
2021-09-24,22770.0,22774.5,22764.5,22760.0,10.032759888240268
2021-09-27,22763.0,22773.5,22757.0,22766.0,10.033023473885162
2021-09-28,22769.0,22785.0,22756.0,22761.0,10.032803824006184
2021-09-29,22768.0,22768.5,22755.5,22753.0,10.032452283817127
2021-09-30,22755.5,22768.5,22753.0,22750.0,10.032320424379096
2021-10-01,22760.5,22765.0,22754.0,22757.0,10.032628069359218
2021-10-04,22758.0,22764.5,22754.0,22757.0,10.032628069359218
2021-10-05,22758.5,22764.0,22753.0,22754.0,10.032496233099662
2021-10-06,22762.0,22805.0,22755.5,22750.0,10.032320424379096
2021-10-07,22760.5,22766.0,22753.0,22750.0,10.032320424379096
2021-10-08,22758.0,22765.0,22753.5,22757.0,10.032628069359218
2021-10-11,22759.5,22764.0,22752.5,22750.0,10.032320424379096
2021-10-12,22754.5,22763.5,22750.0,22757.0,10.032628069359218
2021-10-13,22755.0,22763.5,22752.0,22757.0,10.032628069359218
2021-10-14,22760.0,22765.5,22752.0,22757.0,10.032628069359218
2021-10-15,22759.0,22762.5,22757.5,22758.0,10.032672010916954
2021-10-18,22792.5,22794.0,22757.0,22758.0,10.032672010916954
2021-10-19,22757.0,22764.0,22753.5,22755.0,10.032540180450741
2021-10-20,22756.5,22763.0,22753.0,22755.0,10.032540180450741
2021-10-21,22754.5,22762.5,22751.0,22750.0,10.032320424379096
2021-10-22,22755.0,22762.0,22748.5,22754.0,10.032496233099662
2021-10-25,22755.0,22759.5,22750.0,22745.0,10.032100620004105
2021-10-26,22758.5,22761.5,22752.0,22757.0,10.032628069359218
2021-10-27,22755.0,22764.5,22752.5,22755.0,10.032540180450741
2021-10-28,22755.0,22762.5,22753.0,22750.0,10.032320424379096
2021-10-29,22753.0,22756.0,22745.5,22750.0,10.032320424379096
2021-11-01,22753.0,22757.5,22745.5,22750.0,10.032320424379096
2021-11-02,22749.5,22758.5,22742.5,22748.0,10.03223250842669
2021-11-03,22748.0,22754.0,22744.0,22747.0,10.032188547551861
2021-11-04,22680.0,22723.5,22680.0,22680.0,10.029238757841688
2021-11-05,22681.0,22690.0,22676.0,22680.0,10.029238757841688
2021-11-08,22672.5,22685.0,22657.0,22660.0,10.028356534581997
2021-11-09,22663.5,22669.5,22658.5,22662.0,10.028444791940512
2021-11-10,22661.5,22667.5,22657.5,22660.0,10.028356534581997
2021-11-11,22647.5,22659.0,22644.0,22645.0,10.027694355990315
2021-11-12,22646.0,22662.0,22637.0,22640.0,10.027473532317119
2021-11-15,22650.0,22662.0,22644.5,22645.0,10.027694355990315
2021-11-16,22650.0,22655.0,22645.0,22650.0,10.02791513091118
2021-11-17,22649.5,22655.5,22645.0,22648.0,10.027826826791735
2021-11-18,22665.0,22665.0,22647.5,22650.0,10.02791513091118
2021-11-19,22654.0,22665.0,22651.5,22657.0,10.028224133937455
2021-11-22,22667.5,22675.0,22643.5,22670.0,10.028797743501574
2021-11-23,22670.0,22680.0,22665.5,22675.0,10.029018274983338
2021-11-24,22685.0,22695.0,22670.0,22680.0,10.029238757841688
2021-11-25,22685.0,22690.0,22669.5,22670.0,10.028797743501574
2021-11-26,22675.0,22685.0,22667.0,22678.0,10.029150570531785
2021-11-29,22675.0,22695.0,22670.0,22690.0,10.029679577773887
2021-11-30,22693.0,22726.0,22675.0,22688.0,10.029591429331854
2021-12-01,22690.0,22715.0,22690.0,22710.0,10.030560635099604
2021-12-02,22715.0,22735.0,22696.0,22730.0,10.03144091684659
2021-12-03,22693.5,22857.5,22693.5,22830.0,10.035830739523842
2021-12-06,22855.0,23125.0,22825.0,23020.0,10.044118682275874
2021-12-07,23075.0,23120.0,23015.0,23070.0,10.0462883511678
2021-12-08,23065.0,23080.0,22920.0,22920.0,10.039765170828677
2021-12-09,22937.5,22997.5,22910.0,22980.0,10.042379551402746
2021-12-10,23010.0,23075.0,22967.5,23025.0,10.044335861123507
2021-12-13,23051.5,23051.5,22960.0,22975.0,10.042161947223887
2021-12-14,22977.5,23025.0,22960.0,23000.0,10.043249494911286
2021-12-15,23020.0,23075.0,23010.0,23030.0,10.044552992814731
2021-12-16,23030.0,23060.0,22987.5,22990.0,10.042814617757227
2021-12-17,23035.0,23035.0,22910.0,22980.0,10.042379551402746
2021-12-20,22930.0,22985.0,22915.0,22928.0,10.040114150067954
2021-12-21,22935.0,22936.5,22885.0,22933.0,10.040332200263972
2021-12-22,22980.0,22982.5,22917.5,22955.0,10.041291056683322
2021-12-23,22970.0,22980.0,22920.0,22950.0,10.04107321548869
2021-12-24,22940.0,22955.0,22850.0,22840.0,10.036268663769947
2021-12-27,22835.0,22838.5,22790.0,22810.0,10.034954315278434
2021-12-28,22820.0,22890.0,22802.5,22835.0,10.0360497256191
2021-12-29,22840.0,22842.5,22820.0,22820.0,10.035392623416067
2021-12-30,22822.5,22840.0,22770.0,22765.0,10.032979547768882
2021-12-31,22760.0,22857.5,22747.5,22825.0,10.03561170546317
2022-01-03,22825.0,22825.0,22825.0,22825.0,10.03561170546317
2022-01-04,22770.0,22782.5,22750.0,22752.0,10.032408332602968
2022-01-05,22750.0,22770.0,22735.0,22755.0,10.032540180450741
2022-01-06,22757.5,22811.0,22747.5,22745.0,10.032100620004105
2022-01-07,22745.0,22751.5,22685.0,22685.0,10.029459192098065
2022-01-10,22752.5,22760.0,22675.0,22695.0,10.029899914890565
2022-01-11,22705.0,22730.0,22680.0,22698.0,10.030032093861085
2022-01-12,22690.0,22710.0,22690.0,22698.0,10.030032093861085
2022-01-13,22702.5,22715.0,22685.0,22710.0,10.030560635099604
2022-01-14,22730.0,22730.0,22690.0,22710.0,10.030560635099604
2022-01-17,22720.0,22736.5,22710.0,22720.0,10.031000872835088
2022-01-18,22750.0,22815.0,22730.0,22750.0,10.032320424379096
2022-01-19,22735.0,22810.0,22700.0,22700.0,10.030120203469494
2022-01-20,22700.0,22740.0,22640.0,22645.0,10.027694355990315
2022-01-21,22650.0,22675.0,22617.5,22625.0,10.026810768568128
2022-01-24,22630.0,22700.0,22625.0,22675.0,10.029018274983338
2022-01-25,22635.0,22702.5,22635.0,22630.0,10.027031738627583
2022-01-26,22635.0,22675.0,22630.0,22630.0,10.027031738627583
2022-01-27,22640.0,22659.5,22635.0,22630.0,10.027031738627583
2022-01-28,22650.0,22670.0,22637.5,22645.0,10.027694355990315
2022-01-31,22645.0,22645.0,22645.0,22645.0,10.027694355990315
2022-02-01,22645.0,22645.0,22645.0,22645.0,10.027694355990315
2022-02-02,22645.0,22645.0,22645.0,22645.0,10.027694355990315
2022-02-03,22645.0,22645.0,22645.0,22645.0,10.027694355990315
2022-02-04,22645.0,22645.0,22645.0,22645.0,10.027694355990315
2022-02-07,22652.5,22682.5,22640.0,22665.0,10.02857716337495
2022-02-08,22695.0,22722.5,22670.0,22715.0,10.030780778193504
2022-02-09,22742.5,22750.0,22690.0,22680.0,10.029238757841688
2022-02-10,22685.0,22707.5,22681.5,22680.0,10.029238757841688
2022-02-11,22684.0,22700.0,22675.5,22685.0,10.029459192098065
2022-02-14,22695.0,22755.0,22695.0,22725.0,10.03122091904568
2022-02-15,22747.5,22765.0,22740.0,22750.0,10.032320424379096
2022-02-16,22752.5,22765.0,22745.0,22750.0,10.032320424379096
2022-02-17,22752.5,22790.0,22752.5,22785.0,10.033857703697983
2022-02-18,22790.0,22905.0,22790.0,22820.0,10.035392623416067
2022-02-21,22835.0,22842.5,22800.0,22800.0,10.034515814942532
2022-02-22,22810.0,22839.0,22800.0,22815.0,10.035173493361503
2022-02-23,22825.0,22837.0,22823.0,22825.0,10.03561170546317
2022-02-24,22830.0,22845.0,22820.0,22840.0,10.036268663769947
2022-02-25,22845.0,22845.0,22815.0,22820.0,10.035392623416067
2022-02-28,22842.5,22869.5,22805.0,22805.0,10.034735089145801
2022-03-01,22810.0,22821.5,22805.0,22815.0,10.035173493361503
2022-03-02,22821.0,22845.0,22810.0,22840.0,10.036268663769947
2022-03-03,22845.0,22855.0,22818.0,22835.0,10.0360497256191
2022-03-04,22840.0,22845.0,22835.0,22830.0,10.035830739523842
2022-03-07,22845.0,22862.5,22837.5,22845.0,10.036487553997372
2022-03-08,22850.0,22854.0,22842.5,22845.0,10.036487553997372
2022-03-09,22847.5,22852.5,22834.0,22835.0,10.0360497256191
2022-03-10,22850.0,22856.5,22835.0,22835.0,10.0360497256191
2022-03-11,22840.0,22920.0,22837.5,22873.0,10.037712454627359
2022-03-14,22850.0,22902.0,22836.5,22890.0,10.038455412946613
2022-03-15,22892.5,22902.5,22876.5,22880.0,10.038018445493734
2022-03-16,22879.5,22886.5,22866.5,22879.0,10.03797473824488
2022-03-17,22875.5,22882.0,22863.5,22865.0,10.037362636092155
2022-03-18,22872.5,22877.5,22857.0,22860.0,10.037143937348802
2022-03-21,22865.0,22894.5,22842.5,22860.0,10.037143937348802
2022-03-22,22870.0,22877.5,22842.5,22870.0,10.037581287016828
2022-03-23,22877.5,22883.5,22860.0,22872.0,10.037668734002148
2022-03-24,22874.5,22880.0,22842.5,22869.0,10.037537560656384
2022-03-25,22869.5,22877.0,22842.5,22861.0,10.03718768092397
2022-03-28,22872.0,22877.5,22842.5,22860.0,10.037143937348802
2022-03-29,22877.5,22879.0,22865.0,22865.0,10.037362636092155
2022-03-30,22878.0,22879.0,22852.0,22854.0,10.03688143570666
2022-03-31,22856.5,22868.0,22832.0,22838.0,10.036181094261593
2022-04-01,22839.5,22855.0,22832.0,22837.0,10.036137306631591
2022-04-04,22850.0,22853.5,22835.5,22846.0,10.036531326293892
2022-04-05,22848.5,22876.5,22842.5,22873.0,10.037712454627359
2022-04-06,22877.5,22878.5,22842.5,22866.0,10.037406370101916
2022-04-07,22866.0,22875.0,22840.0,22859.0,10.037100191860048
2022-04-08,22857.5,22874.0,22842.5,22860.0,10.037143937348802
2022-04-11,22860.0,22860.0,22860.0,22860.0,10.037143937348802
2022-04-12,22874.5,22890.5,22863.0,22888.0,10.038368034729945
2022-04-13,22894.5,22943.0,22875.0,22887.0,10.038324342758338
2022-04-14,22891.0,22903.0,22888.5,22900.0,10.03889218954233
2022-04-15,22902.0,22906.5,22842.5,22899.0,10.03884852046658
2022-04-18,22902.5,22931.5,22892.5,22890.0,10.038455412946613
2022-04-19,22923.5,22965.0,22903.0,22955.0,10.041291056683322
2022-04-20,22962.5,22986.5,22916.5,22962.0,10.041595954653758
2022-04-21,22966.0,22986.5,22926.0,22962.0,10.041595954653758
2022-04-22,22970.5,22972.5,22963.0,22965.0,10.041726596759894
2022-04-25,22971.5,22986.5,22963.0,22983.0,10.04251009118493
2022-04-26,22985.0,22986.0,22970.0,22970.0,10.041944295683145
2022-04-27,22974.5,22983.5,22960.0,22965.0,10.041726596759894
2022-04-28,22961.5,22968.0,22948.5,22956.0,10.041334619228254
2022-04-29,22959.5,22975.5,22954.0,22962.0,10.041595954653758
2022-05-02,22962.0,22962.0,22962.0,22962.0,10.041595954653758
2022-05-03,22962.0,22962.0,22962.0,22962.0,10.041595954653758
2022-05-04,22964.5,22976.5,22957.5,22966.0,10.041770140336135
2022-05-05,22967.5,22976.0,22947.0,22955.0,10.041291056683322
2022-05-06,22960.5,22971.5,22952.0,22955.0,10.041291056683322
2022-05-09,22960.0,22963.0,22944.0,22950.0,10.04107321548869
2022-05-10,22952.5,22962.5,22937.0,22941.0,10.040680981712335
2022-05-11,22945.5,23105.0,22945.5,23050.0,10.045421048424794
2022-05-12,23055.0,23102.5,23040.0,23096.0,10.04741472134277
2022-05-13,23097.5,23097.5,23084.0,23086.0,10.046981652174857
2022-05-16,23097.5,23097.5,23078.0,23095.0,10.047371422864705
2022-05-17,23097.5,23175.5,23085.0,23120.0,10.048453322786314
2022-05-18,23122.5,23142.5,23118.5,23139.0,10.049274784602108
2022-05-19,23142.5,23174.5,23112.0,23140.0,10.049318000747668
2022-05-20,23169.0,23178.0,23129.0,23160.0,10.050181931686932
2022-05-23,23167.0,23175.0,23129.0,23170.0,10.050613617426421
2022-05-24,23177.5,23225.0,23172.5,23210.0,10.052338499268483
2022-05-25,23208.0,23215.0,23170.0,23190.0,10.051476430249577
2022-05-26,23200.0,23215.0,23195.0,23205.0,10.052123051675276
2022-05-27,23210.0,23210.0,23188.0,23195.0,10.051692017185845
2022-05-30,23187.0,23205.0,23178.5,23176.0,10.050872539449186
2022-05-31,23182.0,23191.5,23181.0,23185.0,10.051260796825561
2022-06-01,23190.0,23211.0,23185.0,23196.0,10.05173512899633
2022-06-02,23205.0,23211.0,23190.0,23193.0,10.051605787988585
2022-06-03,23198.0,23204.0,23184.5,23187.0,10.05134705577498
2022-06-06,23190.0,23208.5,23185.0,23180.0,10.051045116893743
2022-06-07,23187.5,23201.0,23186.5,23185.0,10.051260796825561
2022-06-08,23190.0,23193.0,23187.5,23187.0,10.05134705577498
2022-06-09,23192.0,23192.0,23160.0,23155.0,10.049966018914853
2022-06-10,23160.0,23193.0,23160.0,23177.0,10.05091568660256
2022-06-13,23188.0,23212.5,23170.0,23195.0,10.051692017185845
2022-06-14,23210.0,23250.0,23201.0,23210.0,10.052338499268483
2022-06-15,23218.0,23235.0,23217.5,23230.0,10.053199825764455
2022-06-16,23240.0,23242.5,23219.0,23232.0,10.053285917624523
2022-06-17,23240.0,23245.0,23224.5,23220.0,10.052769255251883
2022-06-20,23193.0,23250.0,23193.0,23230.0,10.053199825764455
2022-06-21,23227.0,23241.5,23222.5,23226.0,10.053027619805704
2022-06-22,23234.0,23246.0,23225.0,23235.0,10.053415041519079
2022-06-23,23236.5,23256.0,23225.0,23244.0,10.053802313194996
2022-06-24,23250.0,23259.0,23237.5,23247.0,10.05393137043206
2022-06-27,23245.0,23256.5,23245.0,23245.0,10.053845334124684
2022-06-28,23248.0,23262.0,23204.0,23255.0,10.054275441658197
2022-06-29,23260.0,23270.0,23238.0,23265.0,10.05470536427875
2022-06-30,23270.0,23292.5,23237.5,23255.0,10.054275441658197
2022-07-01,23265.0,23320.0,23260.0,23300.0,10.056208639553791
2022-07-04,23345.0,23377.5,23317.5,23335.0,10.057709658383915
2022-07-05,23358.0,23375.0,23353.0,23360.0,10.058780436942163
2022-07-06,23370.0,23380.0,23363.0,23373.0,10.059336788998968
2022-07-07,23375.0,23388.0,23350.0,23350.0,10.058352263097044
2022-07-08,23380.0,23384.5,23339.0,23355.0,10.058566372936209
2022-07-11,23355.0,23357.5,23330.0,23347.0,10.058223775185438
2022-07-12,23363.0,23394.0,23363.0,23389.0,10.060021105350893
2022-07-13,23395.0,23399.0,23379.5,23388.0,10.05997834929556
2022-07-14,23395.0,23420.0,23340.0,23415.0,10.061132121617643
2022-07-15,23420.0,23455.0,23401.5,23450.0,10.062625773874425
2022-07-18,23435.0,23447.5,23401.5,23440.0,10.06219924369095
2022-07-19,23460.0,23460.0,23401.5,23412.0,10.06100399041111
2022-07-20,23435.0,23443.5,23412.0,23410.0,10.060918560484957
2022-07-21,23415.0,23429.5,23382.5,23410.0,10.060918560484957
2022-07-22,23415.0,23427.5,23397.5,23400.0,10.060491301345794
2022-07-25,23395.0,23409.5,23385.0,23385.0,10.059850070159987
2022-07-26,23385.0,23387.5,23350.0,23370.0,10.059208427532903
2022-07-27,23355.0,23383.5,23355.0,23375.0,10.059422354156888
2022-07-28,23370.0,23380.0,23354.5,23358.0,10.05869481683851
2022-07-29,23372.5,23401.5,23340.0,23335.0,10.057709658383915
2022-08-01,23345.0,23364.0,23341.0,23355.0,10.058566372936209
2022-08-02,23362.0,23381.5,23347.5,23353.0,10.058480734501627
2022-08-03,23357.5,23402.5,23356.0,23394.0,10.060234858210652
2022-08-04,23405.0,23416.5,23375.5,23393.0,10.060192111293768
2022-08-05,23395.0,23412.5,23372.5,23385.0,10.059850070159987
2022-08-08,23395.0,23398.5,23385.0,23388.0,10.05997834929556
2022-08-09,23390.0,23401.5,23387.5,23385.0,10.059850070159987
2022-08-10,23390.0,23394.5,23384.5,23385.0,10.059850070159987
2022-08-11,23385.0,23395.0,23380.0,23390.0,10.060063859578225
2022-08-12,23398.0,23404.5,23380.0,23392.0,10.060149362549504
2022-08-15,23400.0,23408.5,23393.5,23400.0,10.060491301345794
2022-08-16,23410.0,23413.5,23385.0,23403.0,10.060619498256424
2022-08-17,23408.0,23413.0,23397.5,23401.0,10.060534035475412
2022-08-18,23405.0,23406.0,23394.5,23401.0,10.060534035475412
2022-08-19,23406.0,23406.0,23398.5,23400.0,10.060491301345794
2022-08-22,23405.0,23415.0,23401.0,23410.0,10.060918560484957
2022-08-23,23420.0,23435.0,23405.0,23430.0,10.061772531501841
2022-08-24,23435.0,23489.0,23405.0,23425.0,10.061559107106623
2022-08-25,23440.0,23460.0,23415.0,23423.0,10.06147372459291
2022-08-26,23425.0,23440.5,23411.5,23412.0,10.06100399041111
2022-08-29,23420.0,23445.0,23397.0,23430.0,10.061772531501841
2022-08-30,23435.0,23435.0,23402.5,23415.0,10.061132121617643
2022-08-31,23435.0,23467.5,23420.0,23450.0,10.062625773874425
2022-09-01,23450.0,23450.0,23450.0,23450.0,10.062625773874425
2022-09-02,23450.0,23450.0,23450.0,23450.0,10.062625773874425
2022-09-05,23470.0,23567.5,23445.0,23505.0,10.06496844345823
2022-09-06,23530.0,23552.5,23475.0,23520.0,10.065606402012563
2022-09-07,23547.5,23635.0,23530.0,23580.0,10.068154174091362
2022-09-08,23600.0,23632.5,23510.0,23542.0,10.066541338972426
2022-09-09,23550.0,23620.0,23522.5,23515.0,10.065393794379148
2022-09-12,23522.5,23570.0,23511.0,23520.0,10.065606402012563
2022-09-13,23535.0,23560.0,23520.0,23553.0,10.067008479866365
2022-09-14,23590.0,23607.5,23582.5,23590.0,10.06857817240172
2022-09-15,23600.0,23630.0,23595.0,23620.0,10.069849089751353
2022-09-16,23645.0,23672.5,23590.0,23650.0,10.071118393920079
2022-09-19,23660.0,23681.0,23645.0,23670.0,10.071963702508029
2022-09-20,23675.0,23682.0,23667.0,23670.0,10.071963702508029
2022-09-21,23680.0,23698.5,23667.5,23690.0,10.07280829715283
2022-09-22,23710.0,23715.0,23702.5,23700.0,10.073230327123223
2022-09-23,23715.0,23715.0,23704.5,23700.0,10.073230327123223
2022-09-26,23740.0,23742.5,23707.5,23715.0,10.073863038311682
2022-09-27,23727.5,23740.5,23722.5,23730.0,10.074495349429808
2022-09-28,23732.5,23782.5,23731.0,23730.0,10.074495349429808
2022-09-29,23741.0,23860.0,23741.0,23820.0,10.07828084290929
2022-09-30,23825.0,23887.5,23815.0,23855.0,10.079749117950207
2022-10-03,23835.0,23913.5,23835.0,23880.0,10.080796567506539
2022-10-04,23872.5,23907.5,23860.0,23875.0,10.08058716534893
2022-10-05,23835.0,23907.5,23835.0,23865.0,10.080168229439996
2022-10-06,23875.0,23887.5,23825.0,23870.0,10.080377719332876
2022-10-07,23885.0,23895.0,23860.0,23875.0,10.08058716534893
2022-10-10,23890.0,23895.0,23877.5,23870.0,10.080377719332876
2022-10-11,23887.5,23942.5,23885.0,23925.0,10.082679216321155
2022-10-12,23935.0,23977.5,23891.5,23945.0,10.08351481277671
2022-10-13,23965.0,24155.0,23965.0,24120.0,10.090796650841122
2022-10-14,24105.0,24183.5,24100.0,24110.0,10.090381971175217
2022-10-17,24135.0,24355.0,24135.0,24310.0,10.098643067310169
2022-10-18,24340.0,24445.0,24325.0,24430.0,10.103567164251785
2022-10-19,24450.0,24580.0,24445.0,24450.0,10.104385494903019
2022-10-20,24455.0,24564.0,24455.0,24530.0,10.107652137252535
2022-10-21,24555.0,24845.0,24552.5,24820.0,10.119405058758598
2022-10-24,24855.0,24872.5,24810.0,24830.0,10.119807878502213
2022-10-25,24850.0,24867.5,24825.0,24840.0,10.120210536047415
2022-10-26,24855.0,24862.5,24832.5,24830.0,10.119807878502213
2022-10-27,24830.0,24851.0,24810.0,24830.0,10.119807878502213
2022-10-28,24850.0,24850.0,24812.5,24820.0,10.119405058758598
2022-10-31,24830.0,24860.0,24830.0,24840.0,10.120210536047415
2022-11-01,24855.0,24875.0,24822.5,24850.0,10.120613031524774
2022-11-02,24860.0,24872.5,24840.0,24835.0,10.12000922754145
2022-11-03,24859.0,24872.5,24855.0,24860.0,10.121015365064702
2022-11-04,24867.0,24883.0,24840.0,24870.0,10.12141753679745
2022-11-07,24864.0,24874.5,24840.0,24870.0,10.12141753679745
2022-11-08,24861.0,24871.5,24861.0,24871.0,10.12145774507634
2022-11-09,24861.0,24873.5,24860.5,24862.0,10.12109581235166
2022-11-10,24860.0,24872.0,24855.0,24865.0,10.12121647114884
2022-11-11,24855.0,24869.0,24800.0,24805.0,10.11880052473515
2022-11-14,24810.0,24830.0,24735.0,24735.0,10.115974523661809
2022-11-15,24765.0,24848.5,24760.0,24765.0,10.117186645022338
2022-11-16,24771.5,24807.5,24764.0,24775.0,10.11759035919819
2022-11-17,24785.0,24836.0,24782.5,24805.0,10.11880052473515
2022-11-18,24800.0,24816.0,24790.0,24800.0,10.118598932153073
2022-11-21,24817.5,24842.5,24795.0,24835.0,10.12000922754145
2022-11-22,24845.0,24854.5,24822.5,24850.0,10.120613031524774
2022-11-23,24840.0,24852.5,24839.5,24844.0,10.120371553679194
2022-11-24,24845.0,24851.5,24835.0,24833.0,10.119928692790662
2022-11-25,24835.0,24853.5,24755.0,24760.0,10.116984726798533
2022-11-28,24780.0,24826.5,24767.5,24770.0,10.117388522483406
2022-11-29,24765.0,24795.0,24720.0,24750.0,10.116580767996837
2022-11-30,24740.0,24741.5,24635.0,24630.0,10.111720491114584
2022-12-01,24530.0,24550.0,24490.0,24500.0,10.106428396532818
2022-12-02,24455.0,24455.0,24362.5,24350.0,10.100287128510736
2022-12-05,24115.0,24125.0,23925.0,23980.0,10.084975428581505
2022-12-06,24025.0,24095.0,24000.0,23980.0,10.084975428581505
2022-12-07,24000.0,24015.0,23825.5,23900.0,10.081633737919603
2022-12-08,23895.0,23930.0,23805.0,23780.0,10.076600170244772
2022-12-09,23625.0,23625.0,23515.0,23550.0,10.066881099444563
2022-12-12,23575.0,23705.0,23525.0,23680.0,10.072386088997941
2022-12-13,23705.0,23705.0,23575.0,23600.0,10.069001991013701
2022-12-14,23525.0,23575.0,23475.0,23520.0,10.065606402012563
2022-12-15,23545.0,23592.5,23492.5,23500.0,10.06475570013225
2022-12-16,23555.0,23610.0,23525.0,23580.0,10.068154174091362
2022-12-19,23605.0,23715.0,23590.0,23700.0,10.073230327123223
2022-12-20,23785.0,23855.0,23730.0,23730.0,10.074495349429808
2022-12-21,23740.0,23760.0,23692.0,23700.0,10.073230327123223
2022-12-22,23715.0,23745.0,23647.5,23630.0,10.070272370180954
2022-12-23,23640.0,23675.0,23570.0,23560.0,10.067305637765523
2022-12-26,23605.0,23657.5,23587.5,23590.0,10.06857817240172
2022-12-27,23605.0,23630.0,23565.0,23580.0,10.068154174091362
2022-12-28,23600.0,23642.5,23577.5,23620.0,10.069849089751353
2022-12-29,23640.0,23675.0,23620.0,23600.0,10.069001991013701
2022-12-30,23620.0,23645.0,23555.0,23610.0,10.069425630079559
2023-01-02,23610.0,23610.0,23610.0,23610.0,10.069425630079559
2023-01-03,23575.0,23590.0,23490.0,23515.0,10.065393794379148
2023-01-04,23530.0,23562.5,23504.0,23510.0,10.065181141534115
2023-01-05,23520.0,23522.5,23470.0,23475.0,10.063691304076464
2023-01-06,23485.0,23515.0,23460.0,23460.0,10.063052122207466
2023-01-09,23470.0,23485.0,23452.0,23447.0,10.062497833920736
2023-01-10,23450.0,23482.5,23447.5,23445.0,10.062412531523687
2023-01-11,23449.0,23465.0,23444.5,23440.0,10.06219924369095
2023-01-12,23445.0,23460.0,23441.0,23438.0,10.062113915818548
2023-01-13,23442.5,23450.5,23439.5,23435.0,10.061985910356807
2023-01-16,23440.0,23450.0,23427.5,23445.0,10.062412531523687
2023-01-17,23439.0,23450.0,23430.0,23427.0,10.061644482330784
2023-01-18,23435.0,23470.0,23430.0,23437.0,10.062071249151874
2023-01-19,23450.0,23485.0,23435.0,23440.0,10.06219924369095
2023-01-20,23440.0,23440.0,23440.0,23440.0,10.06219924369095
2023-01-23,23440.0,23440.0,23440.0,23440.0,10.06219924369095
2023-01-24,23440.0,23440.0,23440.0,23440.0,10.06219924369095
2023-01-25,23440.0,23440.0,23440.0,23440.0,10.06219924369095
2023-01-26,23440.0,23440.0,23440.0,23440.0,10.06219924369095
2023-01-27,23485.0,23485.0,23445.0,23460.0,10.063052122207466
2023-01-30,23475.0,23477.5,23447.5,23470.0,10.063478288845069
2023-01-31,23450.0,23476.0,23445.0,23445.0,10.062412531523687
2023-02-01,23449.0,23495.0,23445.0,23440.0,10.06219924369095
2023-02-02,23449.0,23454.5,23442.5,23449.0,10.062583129041906
2023-02-03,23447.5,23505.0,23444.0,23440.0,10.06219924369095
2023-02-06,23451.0,23505.0,23450.5,23480.0,10.063904273942033
2023-02-07,23505.0,23615.0,23505.0,23600.0,10.069001991013701
2023-02-08,23625.0,23634.5,23587.5,23590.0,10.06857817240172
2023-02-09,23610.0,23640.0,23565.0,23560.0,10.067305637765523
2023-02-10,23575.0,23630.0,23565.0,23565.0,10.067517839357832
2023-02-13,23590.0,23610.0,23561.0,23595.0,10.068790104160488
2023-02-14,23605.0,23622.5,23590.0,23600.0,10.069001991013701
2023-02-15,23610.0,23641.5,23605.0,23615.0,10.069637382330217
2023-02-16,23640.0,23707.5,23607.5,23680.0,10.072386088997941
2023-02-17,23780.0,23835.0,23755.0,23810.0,10.077860939480908
2023-02-20,23830.0,23855.0,23690.0,23725.0,10.074284623478128
2023-02-21,23740.0,23805.0,23695.0,23705.0,10.073441275336219
2023-02-22,23735.0,23805.0,23735.0,23780.0,10.076600170244772
2023-02-23,23870.0,23870.0,23750.0,23815.0,10.07807091323496
2023-02-24,23830.0,23847.5,23771.0,23780.0,10.076600170244772
2023-02-27,23825.0,23835.0,23788.0,23805.0,10.077650921628619
2023-02-28,23795.0,23807.5,23760.0,23740.0,10.07491666816366
2023-03-01,23745.0,23790.0,23720.0,23710.0,10.07365217905945
2023-03-02,23715.0,23735.0,23699.5,23700.0,10.073230327123223
2023-03-03,23730.0,23738.5,23715.0,23710.0,10.07365217905945
2023-03-06,23725.0,23733.0,23657.5,23650.0,10.071118393920079
2023-03-07,23635.0,23667.5,23600.0,23640.0,10.070695471520034
2023-03-08,23725.0,23757.5,23695.0,23710.0,10.07365217905945
2023-03-09,23725.0,23756.0,23695.0,23680.0,10.072386088997941
2023-03-10,23695.0,23705.0,23675.0,23660.0,10.071541137532378
2023-03-13,23675.0,23675.0,23537.5,23570.0,10.067729995930177
2023-03-14,23580.0,23610.0,23567.5,23570.0,10.067729995930177
2023-03-15,23585.0,23602.5,23572.5,23565.0,10.067517839357832
2023-03-16,23582.5,23587.5,23562.5,23560.0,10.067305637765523
2023-03-17,23585.0,23607.5,23575.0,23570.0,10.067729995930177
2023-03-20,23590.0,23590.0,23576.0,23570.0,10.067729995930177
2023-03-21,23590.0,23595.0,23577.5,23570.0,10.067729995930177
2023-03-22,23565.0,23570.0,23490.0,23510.0,10.065181141534115
2023-03-23,23505.0,23520.0,23490.0,23490.0,10.064330077652958
2023-03-24,23515.0,23525.0,23495.0,23510.0,10.065181141534115
2023-03-27,23515.0,23532.5,23510.0,23500.0,10.06475570013225
2023-03-28,23517.0,23521.0,23492.5,23480.0,10.063904273942033
2023-03-29,23515.0,23515.0,23481.0,23480.0,10.063904273942033
2023-03-30,23480.0,23490.0,23470.0,23470.0,10.063478288845069
2023-03-31,23472.5,23510.0,23456.0,23450.0,10.062625773874425
2023-04-03,23465.0,23515.0,23456.0,23470.0,10.063478288845069
2023-04-04,23485.0,23495.0,23456.0,23460.0,10.063052122207466
2023-04-05,23470.0,23497.5,23455.0,23465.0,10.063265228228518
2023-04-06,23457.5,23475.0,23447.5,23451.0,10.06266841688844
2023-04-07,23450.0,23460.0,23444.5,23442.0,10.062284564283125
2023-04-10,23450.0,23452.5,23442.0,23440.0,10.06219924369095
2023-04-11,23447.0,23457.0,23444.0,23445.0,10.062412531523687
2023-04-12,23450.0,23454.5,23445.0,23442.0,10.062284564283125
2023-04-13,23447.0,23453.5,23440.0,23440.0,10.06219924369095
2023-04-14,23445.5,23451.0,23442.5,23440.0,10.06219924369095
2023-04-17,23455.0,23495.0,23446.5,23485.0,10.064117198461096
2023-04-18,23510.0,23517.0,23472.5,23505.0,10.06496844345823
2023-04-19,23517.5,23518.0,23452.0,23511.0,10.065223675720974
2023-04-20,23500.0,23562.5,23482.5,23488.0,10.064244931414242
2023-04-21,23492.5,23508.5,23450.0,23485.0,10.064117198461096
2023-04-24,23490.0,23497.0,23477.5,23494.0,10.064500348383831
2023-04-25,23480.0,23496.0,23473.0,23473.0,10.063606103428887
2023-04-26,23492.5,23495.0,23472.5,23465.0,10.063265228228518
2023-04-27,23475.0,23492.5,23455.0,23445.0,10.062412531523687
2023-04-28,23455.0,23483.0,23451.0,23450.0,10.062625773874425
2023-05-01,23450.0,23450.0,23450.0,23450.0,10.062625773874425
2023-05-02,23450.0,23450.0,23450.0,23450.0,10.062625773874425
2023-05-03,23450.0,23450.0,23450.0,23450.0,10.062625773874425
2023-05-04,23452.5,23457.5,23444.5,23445.0,10.062412531523687
2023-05-05,23452.5,23455.0,23445.0,23440.0,10.06219924369095
2023-05-08,23450.0,23460.0,23444.0,23443.0,10.062327221849518
2023-05-09,23452.5,23469.0,23448.0,23460.0,10.063052122207466
2023-05-10,23467.5,23475.0,23449.5,23465.0,10.063265228228518
2023-05-11,23470.0,23475.0,23462.5,23465.0,10.063265228228518
2023-05-12,23460.0,23475.0,23455.0,23450.0,10.062625773874425
2023-05-15,23464.0,23471.5,23446.5,23458.0,10.06296686708145
2023-05-16,23457.0,23472.5,23449.0,23450.0,10.062625773874425
2023-05-17,23455.0,23455.5,23446.5,23450.0,10.062625773874425
2023-05-18,23455.0,23460.0,23411.0,23450.0,10.062625773874425
2023-05-19,23465.0,23546.0,23427.5,23460.0,10.063052122207466
2023-05-22,23455.0,23467.5,23438.0,23438.0,10.062113915818548
2023-05-23,23444.0,23482.5,23442.5,23470.0,10.063478288845069
2023-05-24,23495.0,23510.0,23445.0,23470.0,10.063478288845069
2023-05-25,23485.0,23492.5,23469.0,23470.0,10.063478288845069
2023-05-26,23477.5,23485.0,23472.5,23475.0,10.063691304076464
2023-05-29,23482.5,23484.0,23465.0,23465.0,10.063265228228518
2023-05-30,23477.5,23492.0,23472.5,23480.0,10.063904273942033
2023-05-31,23485.0,23497.5,23485.0,23485.0,10.064117198461096
2023-06-01,23491.0,23492.5,23476.5,23485.0,10.064117198461096
2023-06-02,23480.0,23483.5,23455.0,23475.0,10.063691304076464
2023-06-05,23487.5,23508.5,23472.5,23495.0,10.064542911536916
2023-06-06,23495.0,23500.0,23470.0,23485.0,10.064117198461096
2023-06-07,23485.0,23492.5,23476.5,23485.0,10.064117198461096
2023-06-08,23487.5,23499.0,23482.5,23490.0,10.064330077652958
2023-06-09,23487.5,23495.0,23477.0,23470.0,10.063478288845069
2023-06-12,23472.5,23488.5,23470.5,23480.0,10.063904273942033
2023-06-13,23498.0,23504.0,23482.5,23495.0,10.064542911536916
2023-06-14,23505.5,23514.0,23503.0,23500.0,10.06475570013225
2023-06-15,23512.5,23546.5,23479.5,23525.0,10.06581896445358
2023-06-16,23530.0,23542.5,23512.5,23520.0,10.065606402012563
2023-06-19,23530.5,23531.5,23506.0,23520.0,10.065606402012563
2023-06-20,23536.0,23536.0,23517.5,23520.0,10.065606402012563
2023-06-21,23525.0,23531.5,23510.0,23505.0,10.06496844345823
2023-06-22,23502.5,23527.5,23502.0,23515.0,10.065393794379148
2023-06-23,23520.0,23527.5,23497.5,23515.0,10.065393794379148
2023-06-26,23525.0,23540.0,23490.0,23530.0,10.066031481721408
2023-06-27,23539.0,23541.5,23515.0,23520.0,10.065606402012563
2023-06-28,23537.5,23562.5,23526.5,23555.0,10.067093391134142
2023-06-29,23580.0,23583.5,23532.5,23569.0,10.067687568216387
2023-06-30,23585.0,23596.5,23530.0,23575.0,10.067942107501658
2023-07-03,23546.5,23710.0,23546.5,23695.0,10.073019334401689
2023-07-04,23690.0,23710.0,23655.0,23700.0,10.073230327123223
2023-07-05,23717.5,23790.0,23717.5,23745.0,10.075127260983223
2023-07-06,23772.5,23772.5,23710.0,23710.0,10.07365217905945
2023-07-07,23712.5,23717.5,23640.0,23635.0,10.070483943227337
2023-07-10,23630.0,23672.5,23603.0,23640.0,10.070695471520034
2023-07-11,23635.0,23715.0,23628.5,23690.0,10.07280829715283
2023-07-12,23700.0,23700.0,23655.0,23660.0,10.071541137532378
2023-07-13,23630.0,23677.5,23625.0,23665.0,10.071752442340347
2023-07-14,23660.0,23665.0,23627.5,23630.0,10.070272370180954
2023-07-17,23645.0,23672.0,23625.0,23630.0,10.070272370180954
2023-07-18,23635.0,23650.5,23625.0,23635.0,10.070483943227337
2023-07-19,23642.5,23654.5,23630.0,23630.0,10.070272370180954
2023-07-20,23697.5,23697.5,23635.5,23647.0,10.070991535979658
2023-07-21,23665.0,23670.0,23636.5,23656.0,10.071372061532314
2023-07-24,23665.0,23676.5,23645.5,23665.0,10.071752442340347
2023-07-25,23677.5,23723.5,23654.5,23655.0,10.071329788065249
2023-07-26,23667.5,23682.5,23661.5,23665.0,10.071752442340347
2023-07-27,23675.0,23680.0,23657.0,23661.0,10.0715834020661
2023-07-28,23661.5,23698.5,23661.5,23685.0,10.072597215357852
2023-07-31,23682.5,23691.5,23670.0,23680.0,10.072386088997941
2023-08-01,23677.5,23695.0,23664.5,23680.0,10.072386088997941
2023-08-02,23692.5,23751.5,23670.0,23735.0,10.074706030985418
2023-08-03,23770.0,23775.5,23745.0,23750.0,10.075337809462788
2023-08-04,23750.0,23763.5,23684.5,23725.0,10.074284623478128
2023-08-07,23710.0,23750.0,23676.5,23720.0,10.074073853111662
2023-08-08,23745.0,23746.5,23693.5,23730.0,10.074495349429808
2023-08-09,23735.0,23750.5,23681.0,23735.0,10.074706030985418
2023-08-10,23740.0,23755.0,23710.0,23740.0,10.07491666816366
2023-08-11,23750.0,23760.0,23687.5,23750.0,10.075337809462788
2023-08-14,23770.0,23825.5,23727.5,23815.0,10.07807091323496
2023-08-15,23855.0,23980.0,23830.0,23965.0,10.084349711593731
2023-08-16,23975.0,24007.5,23915.0,23935.0,10.08309710182661
2023-08-17,23965.0,23975.0,23865.0,23850.0,10.079539496316487
2023-08-18,23867.5,23875.0,23780.0,23805.0,10.077650921628619
2023-08-21,23795.0,23819.0,23747.5,23805.0,10.077650921628619
2023-08-22,23812.5,23935.0,23805.0,23920.0,10.082470208064567
2023-08-23,24000.0,24021.0,23965.0,23985.0,10.085183913936165
2023-08-24,23995.0,24010.5,23967.5,23995.0,10.085600754292345
2023-08-25,24040.0,24040.0,23980.0,24024.0,10.086808609663166
2023-08-28,23995.0,24095.0,23970.0,24080.0,10.089136899422757
2023-08-29,24175.0,24200.0,24150.0,24180.0,10.093281124168783
2023-08-30,24165.0,24191.5,24110.0,24110.0,10.090381971175217
2023-08-31,24100.0,24122.5,24055.0,24060.0,10.08830598952867
2023-09-01,24060.0,24060.0,24060.0,24060.0,10.08830598952867
2023-09-04,24060.0,24060.0,24060.0,24060.0,10.08830598952867
2023-09-05,24120.0,24120.0,24057.5,24050.0,10.087890275533907
2023-09-06,24085.0,24105.0,23995.0,24055.0,10.088098154133554
2023-09-07,24060.0,24096.5,24040.0,24060.0,10.08830598952867
2023-09-08,24055.0,24125.0,24055.0,24055.0,10.088098154133554
2023-09-11,24070.0,24085.0,24045.0,24075.0,10.088929236666326
2023-09-12,24085.0,24115.0,24079.0,24100.0,10.089967119478747
2023-09-13,24100.0,24176.5,24095.0,24155.0,10.092246676988507
2023-09-14,24165.0,24240.0,24160.0,24220.0,10.094934017107084
2023-09-15,24255.0,24270.0,24230.5,24250.0,10.096171896365629
2023-09-18,24275.0,24385.0,24255.0,24370.0,10.101108146619252
2023-09-19,24385.0,24416.5,24382.5,24370.0,10.101108146619252
2023-09-20,24372.5,24380.0,24285.0,24270.0,10.096996298720647
2023-09-21,24295.0,24335.0,24255.0,24310.0,10.098643067310169
2023-09-22,24320.0,24375.0,24285.0,24360.0,10.100697721823833
2023-09-25,24340.0,24397.5,24325.0,24380.0,10.101518403035262
2023-09-26,24352.5,24442.5,24352.5,24380.0,10.101518403035262
2023-09-27,24435.0,24437.5,24374.5,24385.0,10.101723468144153
2023-09-28,24435.0,24445.0,24390.0,24385.0,10.101723468144153
2023-09-29,24415.0,24420.0,24265.0,24280.0,10.097408245173435
2023-10-02,24305.0,24387.5,24297.5,24340.0,10.099876366541519
2023-10-03,24375.0,24414.0,24375.0,24385.0,10.101723468144153
2023-10-04,24395.0,24440.0,24379.0,24420.0,10.103157747664696
2023-10-05,24410.0,24428.0,24380.0,24380.0,10.101518403035262
2023-10-06,24375.0,24426.5,24363.5,24360.0,10.100697721823833
2023-10-09,24367.5,24402.5,24352.5,24370.0,10.101108146619252
2023-10-10,24392.5,24425.0,24372.0,24390.0,10.101928491209966
2023-10-11,24402.0,24455.0,24380.0,24440.0,10.103976413285531
2023-10-12,24440.0,24460.0,24425.0,24435.0,10.103771809704256
2023-10-13,24485.0,24485.0,24435.0,24440.0,10.103976413285531
2023-10-16,24452.5,24481.5,24445.0,24460.0,10.104794409241164
2023-10-17,24455.0,24503.0,24454.0,24490.0,10.106020149946213
2023-10-18,24487.5,24577.5,24479.5,24555.0,10.108670778473344
2023-10-19,24585.0,24597.5,24490.0,24550.0,10.108467133222666
2023-10-20,24565.0,24582.5,24480.0,24520.0,10.107244390050148
2023-10-23,24535.0,24617.5,24485.0,24590.0,10.110095135210239
2023-10-24,24560.0,24597.5,24525.0,24550.0,10.108467133222666
2023-10-25,24565.0,24585.0,24550.0,24560.0,10.108874382261078
2023-10-26,24590.0,24620.0,24570.0,24590.0,10.110095135210239
2023-10-27,24606.0,24612.0,24555.0,24570.0,10.109281465515226
2023-10-30,24570.0,24590.0,24555.0,24558.0,10.108792945720458
2023-10-31,24555.0,24573.5,24551.5,24560.0,10.108874382261078
2023-11-01,24575.0,24593.0,24560.0,24585.0,10.10989177984604
2023-11-02,24565.0,24585.0,24558.0,24570.0,10.109281465515226
2023-11-03,24575.0,24580.0,24535.0,24520.0,10.107244390050148
2023-11-06,24565.0,24565.0,24315.0,24335.0,10.099670922267554
2023-11-07,24360.0,24377.5,24262.5,24310.0,10.098643067310169
2023-11-08,24345.0,24385.0,24290.0,24370.0,10.101108146619252
2023-11-09,24375.0,24395.0,24330.0,24340.0,10.099876366541519
2023-11-10,24380.0,24380.0,24305.0,24315.0,10.098848722837886
2023-11-13,24320.0,24395.5,24320.0,24383.0,10.101641447146731
2023-11-14,24383.0,24389.0,24352.5,24355.0,10.100492446240644
2023-11-15,24378.0,24381.0,24269.0,24290.0,10.097820021996219
2023-11-16,24288.0,24312.5,24274.5,24288.0,10.097737680195356
2023-11-17,24300.0,24305.0,24225.0,24250.0,10.096171896365629
2023-11-20,24215.0,24235.0,24158.0,24170.0,10.09286747369753
2023-11-21,24110.0,24172.5,24097.0,24130.0,10.091211158619078
2023-11-22,24145.0,24217.5,24142.5,24205.0,10.094314502373795
2023-11-23,24210.0,24247.5,24165.0,24240.0,10.09575944018325
2023-11-24,24260.0,24282.0,24210.0,24260.0,10.096584182498042
2023-11-27,24230.0,24270.0,24221.5,24230.0,10.095346813810572
2023-11-28,24257.5,24260.0,24228.5,24230.0,10.095346813810572
2023-11-29,24190.0,24270.0,24182.0,24260.0,10.096584182498042
2023-11-30,24260.0,24277.5,24200.0,24250.0,10.096171896365629
2023-12-01,24300.0,24315.0,24260.0,24290.0,10.097820021996219
2023-12-04,24280.0,24295.0,24225.0,24250.0,10.096171896365629
2023-12-05,24255.0,24283.5,24237.5,24266.0,10.096831472611818
2023-12-06,24280.0,24305.0,24263.0,24274.0,10.097161097666307
2023-12-07,24280.0,24290.0,24267.5,24275.0,10.097202293159526
2023-12-08,24260.0,24267.5,24230.0,24220.0,10.094934017107084
2023-12-11,24210.0,24277.5,24180.0,24250.0,10.096171896365629
2023-12-12,24270.0,24280.0,24263.5,24260.0,10.096584182498042
2023-12-13,24262.5,24283.0,24257.5,24279.0,10.097367058163812
2023-12-14,24227.5,24265.0,24200.0,24245.0,10.095965689539453
2023-12-15,24245.0,24275.0,24220.0,24260.0,10.096584182498042
2023-12-18,24265.0,24375.0,24230.0,24350.0,10.100287128510736
2023-12-19,24360.0,24378.0,24340.0,24350.0,10.100287128510736
2023-12-20,24330.0,24349.0,24275.0,24335.0,10.099670922267554
2023-12-21,24342.5,24357.5,24320.0,24320.0,10.099054336080103
2023-12-22,24300.0,24317.5,24235.0,24235.0,10.095553148279476
2023-12-25,24220.0,24265.0,24180.0,24230.0,10.095346813810572
2023-12-26,24250.0,24335.0,24210.0,24325.0,10.099259907054206
2023-12-27,24375.0,24391.0,24315.0,24345.0,10.100081768616802
2023-12-28,24300.0,24355.0,24250.0,24235.0,10.095553148279476
2023-12-29,24270.0,24300.0,24240.0,24260.0,10.096584182498042
2024-01-01,24260.0,24260.0,24260.0,24260.0,10.096584182498042
2024-01-02,24265.0,24337.5,24250.0,24325.0,10.099259907054206
2024-01-03,24345.0,24387.5,24310.0,24370.0,10.101108146619252
2024-01-04,24365.0,24400.0,24357.5,24360.0,10.100697721823833
2024-01-05,24370.0,24380.0,24337.0,24370.0,10.101108146619252
2024-01-08,24370.0,24390.0,24327.5,24330.0,10.099465435777569
2024-01-09,24350.0,24392.5,24337.5,24360.0,10.100697721823833
2024-01-10,24370.0,24420.0,24345.0,24405.0,10.102543308321248
2024-01-11,24455.0,24492.5,24445.0,24475.0,10.105407467398711
2024-01-12,24495.0,24535.0,24480.0,24490.0,10.106020149946213
2024-01-15,24460.0,24490.0,24460.0,24470.0,10.105203156436717
2024-01-16,24505.0,24547.5,24470.0,24500.0,10.106428396532818
2024-01-17,24520.0,24556.5,24520.0,24530.0,10.107652137252535
2024-01-18,24520.0,24580.0,24520.0,24545.0,10.108263446492153
2024-01-19,24550.0,24570.0,24535.0,24540.0,10.108059718264903
2024-01-22,24535.0,24565.0,24510.0,24550.0,10.108467133222666
2024-01-23,24565.0,24575.0,24510.0,24565.0,10.109077944602749
2024-01-24,24575.0,24617.5,24541.0,24600.0,10.110501721920453
2024-01-25,24595.0,24615.0,24577.5,24605.0,10.110704953300079
2024-01-26,24620.0,24625.0,24600.0,24595.0,10.11029844922944
2024-01-29,24595.0,24610.0,24535.0,24530.0,10.107652137252535
2024-01-30,24510.0,24510.0,24395.0,24395.0,10.102133472249937
2024-01-31,24400.0,24465.0,24395.0,24415.0,10.10295297649576
2024-02-01,24414.5,24430.0,24362.5,24400.0,10.102338411281293
2024-02-02,24400.0,24417.5,24330.0,24335.0,10.099670922267554
2024-02-05,24415.0,24417.5,24360.0,24370.0,10.101108146619252
2024-02-06,24385.0,24387.5,24342.5,24355.0,10.100492446240644
2024-02-07,24375.0,24465.0,24370.0,24400.0,10.102338411281293
2024-02-08,24400.0,24400.0,24400.0,24400.0,10.102338411281293
2024-02-09,24400.0,24400.0,24400.0,24400.0,10.102338411281293
2024-02-12,24400.0,24400.0,24400.0,24400.0,10.102338411281293
2024-02-13,24400.0,24400.0,24400.0,24400.0,10.102338411281293
2024-02-14,24400.0,24400.0,24400.0,24400.0,10.102338411281293
2024-02-15,24455.0,24465.0,24400.0,24450.0,10.104385494903019
2024-02-16,24422.5,24550.0,24422.5,24510.0,10.106836476522158
2024-02-19,24530.0,24540.0,24490.0,24530.0,10.107652137252535
2024-02-20,24545.0,24550.0,24527.5,24525.0,10.107448284433564
2024-02-21,24532.5,24550.0,24490.0,24525.0,10.107448284433564
2024-02-22,24555.0,24615.0,24552.5,24590.0,10.110095135210239
2024-02-23,24610.0,24660.0,24597.5,24630.0,10.111720491114584
2024-02-26,24650.0,24707.5,24640.0,24660.0,10.112937776718335
2024-02-27,24670.0,24674.0,24632.5,24625.0,10.11151746604029
2024-02-28,24645.0,24655.0,24606.0,24620.0,10.111314399738445
2024-02-29,24645.0,24657.5,24639.0,24640.0,10.112126417647456
2024-03-01,24652.5,24660.0,24639.0,24640.0,10.112126417647456
2024-03-04,24660.0,24700.0,24649.5,24676.0,10.113586390329528
2024-03-05,24690.0,24705.0,24649.5,24690.0,10.114153582339226
2024-03-06,24707.5,24721.5,24642.5,24665.0,10.113140513667839
2024-03-07,24642.5,24715.0,24642.5,24680.0,10.113748478019325
2024-03-08,24685.0,24700.0,24632.5,24640.0,10.112126417647456
2024-03-11,24645.0,24670.0,24602.5,24635.0,10.111923474978063
2024-03-12,24655.0,24680.0,24625.0,24645.0,10.112329319139478
2024-03-13,24650.0,24687.5,24640.0,24675.0,10.113545864301683
2024-03-14,24685.0,24707.5,24636.5,24690.0,10.114153582339226
2024-03-15,24725.0,24744.0,24700.0,24710.0,10.114963298982655
2024-03-18,24745.0,24745.0,24690.0,24715.0,10.11516562574106
2024-03-19,24730.0,24755.0,24695.0,24740.0,10.11617664594648
2024-03-20,24770.0,24790.0,24715.0,24775.0,10.11759035919819
2024-03-21,24765.0,24801.5,24765.0,24785.0,10.117993910454674
2024-03-22,24805.0,24821.5,24756.0,24768.0,10.117307776389454
2024-03-25,24799.0,24806.0,24746.5,24740.0,10.11617664594648
2024-03-26,24770.0,24792.5,24750.0,24770.0,10.117388522483406
2024-03-27,24780.0,24797.5,24778.0,24785.0,10.117993910454674
2024-03-28,24810.0,24818.5,24772.5,24790.0,10.118195625029236
2024-03-29,24795.0,24822.5,24792.5,24810.0,10.119002076685847
2024-04-01,24817.5,24818.5,24770.0,24795.0,10.118397298923234
2024-04-02,24815.0,24937.5,24800.0,24900.0,10.1226230824528
2024-04-03,24935.0,25010.0,24915.0,25000.0,10.126631103850338
2024-04-04,25000.0,25014.0,24920.0,24935.0,10.124027717980223
2024-04-05,24970.0,25005.0,24949.5,24950.0,10.124629101179664
2024-04-08,24930.0,24975.0,24930.0,24960.0,10.125029822483365
2024-04-09,24965.0,25010.0,24943.0,24945.0,10.124428680295138
2024-04-10,24955.0,24961.0,24943.0,24935.0,10.124027717980223
2024-04-11,25000.0,25012.5,24950.0,24980.0,10.125830783679568
2024-04-12,24990.0,25025.0,24970.0,25015.0,10.127230923922305
2024-04-15,25035.0,25195.0,24994.5,25180.0,10.133805307598339
2024-04-16,25265.0,25295.0,25245.0,25280.0,10.137768848260794
2024-04-17,25350.0,25430.0,25345.0,25400.0,10.142504453006628
2024-04-18,25400.0,25400.0,25400.0,25400.0,10.142504453006628
2024-04-19,25461.0,25463.0,25405.0,25440.0,10.144078017454058
2024-04-22,25445.0,25461.5,25440.0,25455.0,10.144667466336436
2024-04-23,25460.0,25464.0,25445.0,25440.0,10.144078017454058
2024-04-24,25445.0,25460.0,25402.5,25405.0,10.142701284027833
2024-04-25,25395.0,25445.0,25315.0,25350.0,10.14053400901933
2024-04-26,25355.0,25375.0,25317.5,25330.0,10.13974474299572
2024-04-29,25330.0,25330.0,25330.0,25330.0,10.13974474299572
2024-04-30,25330.0,25330.0,25330.0,25330.0,10.13974474299572
2024-05-01,25330.0,25330.0,25330.0,25330.0,10.13974474299572
2024-05-02,25360.0,25405.0,25320.0,25390.0,10.142110674698724
2024-05-03,25415.0,25423.0,25407.5,25400.0,10.142504453006628
2024-05-06,25390.0,25415.0,25360.0,25370.0,10.141322652593328
2024-05-07,25405.0,25412.5,25375.0,25400.0,10.142504453006628
2024-05-08,25430.0,25437.0,25395.0,25425.0,10.14348822091676
2024-05-09,25445.0,25447.5,25425.0,25440.0,10.144078017454058
2024-05-10,25447.5,25464.0,25432.0,25450.0,10.144471021978669
2024-05-13,25449.5,25456.5,25435.0,25453.0,10.144588893224116
2024-05-14,25457.5,25460.0,25445.0,25450.0,10.144471021978669
2024-05-15,25450.0,25457.0,25445.0,25445.0,10.144274539022932
2024-05-16,25430.0,25456.5,25400.0,25431.0,10.143724181276514
2024-05-17,25453.5,25453.5,25437.5,25448.0,10.14439243342898
2024-05-20,25456.0,25457.0,25444.0,25452.0,10.144549604352683
2024-05-21,25458.0,25462.5,25430.0,25461.0,10.144903148637786
2024-05-22,25463.0,25465.5,25445.0,25464.0,10.145020968961928
2024-05-23,25467.5,25470.0,25445.0,25469.0,10.145217305326018
2024-05-24,25476.0,25476.5,25465.0,25465.0,10.145060239318704
2024-05-27,25450.0,25475.0,25448.5,25445.0,10.144274539022932
2024-05-28,25472.5,25473.5,25445.0,25448.0,10.14439243342898
2024-05-29,25457.5,25460.0,25447.5,25450.0,10.144471021978669
2024-05-30,25458.0,25460.0,25450.0,25450.0,10.144471021978669
2024-05-31,25460.0,25460.5,25445.0,25440.0,10.144078017454058
2024-06-03,25440.0,25455.5,25404.5,25432.0,10.14376350259064
2024-06-04,25412.5,25430.5,25405.0,25410.0,10.142898076314209
2024-06-05,25415.0,25424.0,25405.0,25415.0,10.143094829881003
2024-06-06,25425.0,25432.5,25404.5,25420.0,10.143291544743445
2024-06-07,25432.5,25434.0,25407.5,25400.0,10.142504453006628
2024-06-10,25420.0,25456.0,25410.0,25415.0,10.143094829881003
2024-06-11,25427.5,25445.0,25415.0,25435.0,10.143881457256866
2024-06-12,25442.5,25451.0,25415.0,25435.0,10.143881457256866
2024-06-13,25437.5,25445.0,25420.0,25435.0,10.143881457256866
2024-06-14,25452.5,25455.0,25415.0,25450.0,10.144471021978669
2024-06-17,25457.5,25460.0,25414.0,25450.0,10.144471021978669
2024-06-18,25455.0,25457.5,25447.0,25445.0,10.144274539022932
2024-06-19,25454.0,25456.0,25440.0,25450.0,10.144471021978669
2024-06-20,25455.0,25456.5,25430.0,25450.0,10.144471021978669
2024-06-21,25455.0,25460.0,25449.0,25450.0,10.144471021978669
2024-06-24,25453.0,25458.5,25450.5,25455.0,10.144667466336436
2024-06-25,25457.5,25462.5,25445.0,25455.0,10.144667466336436
2024-06-26,25454.5,25469.0,25450.5,25465.0,10.145060239318704
2024-06-27,25470.0,25470.0,25457.5,25455.0,10.144667466336436
2024-06-28,25460.0,25465.0,25443.0,25445.0,10.144274539022932
2024-07-01,25450.0,25458.5,25443.5,25450.0,10.144471021978669
2024-07-02,25447.5,25457.0,25447.5,25450.0,10.144471021978669
2024-07-03,25447.5,25456.0,25444.5,25450.0,10.144471021978669
2024-07-04,25454.0,25456.5,25445.0,25450.0,10.144471021978669
2024-07-05,25450.0,25455.5,25365.0,25412.0,10.142976782386423
2024-07-08,25410.0,25452.5,25405.0,25415.0,10.143094829881003
2024-07-09,25415.0,25452.5,25413.0,25413.0,10.14301613309966
2024-07-10,25420.0,25447.5,25414.0,25415.0,10.143094829881003
2024-07-11,25422.5,25430.0,25416.5,25423.0,10.143409555089155
2024-07-12,25420.0,25447.5,25415.0,25410.0,10.142898076314209
2024-07-15,25415.0,25422.5,25370.0,25360.0,10.140928408551162
2024-07-16,25375.0,25430.0,25375.0,25375.0,10.141519716344089
2024-07-17,25380.0,25380.0,25322.5,25315.0,10.13915238440401
2024-07-18,25305.0,25375.0,25273.0,25310.0,10.13895485353917
2024-07-19,25330.0,25373.5,25290.0,25315.0,10.13915238440401
2024-07-22,25335.0,25342.5,25322.5,25325.0,10.139547329116883
2024-07-23,25355.0,25365.0,25347.5,25355.0,10.14073122822912
2024-07-24,25367.5,25411.5,25330.0,25350.0,10.14053400901933
2024-07-25,25350.0,25377.5,25295.0,25285.0,10.137966613514083
2024-07-26,25335.0,25339.0,25294.5,25300.0,10.138559674715612
2024-07-29,25315.0,25332.5,25280.0,25275.0,10.137571043888672
2024-07-30,25290.0,25305.0,25267.0,25275.0,10.137571043888672
2024-07-31,25285.0,25330.0,25235.0,25235.0,10.135987198774362
2024-08-01,25215.0,25252.5,25190.0,25215.0,10.135194334510826
2024-08-02,25225.0,25280.0,25192.5,25205.0,10.13479766651673
2024-08-05,25110.0,25125.0,25075.0,25080.0,10.129825994746858
2024-08-06,25122.5,25150.0,25100.0,25130.0,10.131817630537638
2024-08-07,25155.0,25179.0,25105.0,25155.0,10.13281196292542
2024-08-08,25160.0,25162.5,25105.0,25135.0,10.132016576126675
2024-08-09,25155.0,25160.0,25102.5,25090.0,10.130224639360469
2024-08-12,25127.5,25132.5,25075.0,25120.0,10.131419620582134
2024-08-13,25130.0,25132.5,25085.0,25115.0,10.131220556184145
2024-08-14,25083.5,25125.0,25035.0,25020.0,10.127430784020902
2024-08-15,25040.0,25095.0,25027.5,25035.0,10.128030124764045
2024-08-16,25070.0,25086.0,25035.0,25050.0,10.12862910651301
2024-08-19,25069.0,25069.0,24970.0,24960.0,10.125029822483365
2024-08-20,24915.0,24968.5,24917.5,24915.0,10.123225310715505
2024-08-21,24915.0,24945.0,24902.5,24930.0,10.123827176517604
2024-08-22,24935.0,24975.0,24905.0,24960.0,10.125029822483365
2024-08-23,24933.0,25017.5,24933.0,24965.0,10.12523012293471
2024-08-26,24890.0,24948.0,24855.0,24860.0,10.121015365064702
2024-08-27,24852.5,24867.0,24810.0,24820.0,10.119405058758598
2024-08-28,24825.0,24890.0,24819.0,24855.0,10.120814218528773
2024-08-29,24895.0,24905.0,24825.0,24870.0,10.12141753679745
2024-08-30,24895.0,24900.0,24865.5,24860.0,10.121015365064702
2024-09-02,24860.0,24860.0,24860.0,24860.0,10.121015365064702
2024-09-03,24860.0,24860.0,24860.0,24860.0,10.121015365064702
2024-09-04,24885.0,24897.5,24850.0,24852.0,10.120693511183584
2024-09-05,24840.0,24840.0,24735.0,24730.0,10.115772360515463
2024-09-06,24665.0,24712.5,24590.0,24600.0,10.110501721920453
2024-09-09,24635.0,24695.0,24608.5,24680.0,10.113748478019325
2024-09-10,24700.0,24705.0,24620.0,24660.0,10.112937776718335
2024-09-11,24650.0,24665.0,24535.0,24550.0,10.108467133222666
2024-09-12,24585.0,24605.0,24527.5,24575.0,10.109484945015367
2024-09-13,24585.0,24598.0,24520.0,24530.0,10.107652137252535
2024-09-16,24545.0,24618.0,24540.0,24530.0,10.107652137252535
2024-09-17,24582.0,24635.0,24557.5,24620.0,10.111314399738445
2024-09-18,24655.0,24687.5,24611.5,24600.0,10.110501721920453
2024-09-19,24640.0,24675.0,24575.0,24565.0,10.109077944602749
2024-09-20,24570.0,24635.0,24528.0,24590.0,10.110095135210239
2024-09-23,24620.0,24655.0,24533.0,24615.0,10.111111292192302
2024-09-24,24655.0,24655.0,24585.0,24590.0,10.110095135210239
2024-09-25,24545.0,24605.5,24536.0,24580.0,10.109688383120027
2024-09-26,24625.0,24640.0,24552.5,24615.0,10.111111292192302
2024-09-27,24620.0,24630.0,24585.0,24590.0,10.110095135210239
2024-09-30,24580.0,24615.0,24545.0,24555.0,10.108670778473344
2024-10-01,24575.0,24615.0,24552.5,24595.0,10.11029844922944
2024-10-02,24630.0,24675.0,24591.0,24652.0,10.112613312082134
2024-10-03,24710.0,24762.5,24640.0,24745.0,10.116378727385987
2024-10-04,24770.0,24772.5,24720.0,24755.0,10.116782767795524
2024-10-07,24855.0,24860.0,24837.5,24840.0,10.120210536047415
2024-10-08,24845.0,24855.0,24831.5,24835.0,10.12000922754145
2024-10-09,24837.5,24847.5,24820.0,24830.0,10.119807878502213
2024-10-10,24870.0,24870.0,24825.0,24830.0,10.119807878502213
2024-10-11,24840.0,24855.5,24805.0,24805.0,10.11880052473515
2024-10-14,24817.0,24852.5,24805.0,24840.0,10.120210536047415
2024-10-15,24865.0,24959.0,24835.0,24925.0,10.12362659483004
2024-10-16,24975.0,25010.0,24895.0,24970.0,10.12543038327382
2024-10-17,25030.0,25207.5,25030.0,25180.0,10.133805307598339
2024-10-18,25225.0,25275.0,25165.0,25150.0,10.132613175527885
2024-10-21,25165.0,25305.0,25165.0,25285.0,10.137966613514083
2024-10-22,25390.0,25405.0,25360.0,25390.0,10.142110674698724
2024-10-23,25415.0,25432.5,25375.0,25400.0,10.142504453006628
2024-10-24,25394.0,25455.0,25385.0,25385.0,10.141913727381494
2024-10-25,25412.5,25430.0,25370.0,25355.0,10.14073122822912
2024-10-28,25400.0,25435.0,25350.0,25345.0,10.14033675090645
2024-10-29,25355.0,25355.0,25278.5,25295.0,10.138362026726037
2024-10-30,25345.0,25405.0,25290.0,25280.0,10.137768848260794
2024-10-31,25330.0,25350.0,25275.0,25270.0,10.13737320038224
2024-11-01,25280.0,25345.0,25260.0,25280.0,10.137768848260794
2024-11-04,25280.0,25335.0,25267.5,25310.0,10.13895485353917
2024-11-05,25322.5,25365.0,25290.0,25330.0,10.13974474299572
2024-11-06,25380.0,25417.5,25355.0,25370.0,10.141322652593328
2024-11-07,25415.0,25420.0,25365.0,25350.0,10.14053400901933
2024-11-08,25305.0,25315.0,25275.0,25260.0,10.136977395904482
2024-11-11,25285.0,25332.5,25255.0,25310.0,10.13895485353917
2024-11-12,25355.0,25357.5,25303.5,25340.0,10.14013945387513
2024-11-13,25350.0,25363.5,25295.0,25330.0,10.13974474299572
2024-11-14,25375.0,25405.0,25335.0,25390.0,10.142110674698724
2024-11-15,25385.0,25397.5,25375.0,25380.0,10.141716741268379
2024-11-18,25385.0,25417.5,25342.5,25405.0,10.142701284027833
2024-11-19,25395.0,25417.5,25375.0,25395.0,10.142307583235345
2024-11-20,25400.0,25425.0,25395.0,25415.0,10.143094829881003
2024-11-21,25425.0,25434.0,25403.5,25415.0,10.143094829881003
2024-11-22,25422.5,25432.5,25415.0,25417.0,10.143173520469649
2024-11-25,25415.0,25425.0,25388.5,25410.0,10.142898076314209
2024-11-26,25425.0,25425.0,25405.0,25405.0,10.142701284027833
2024-11-27,25405.0,25417.5,25385.0,25375.0,10.141519716344089
2024-11-28,25355.0,25407.5,25327.5,25358.0,10.140849541087894
2024-11-29,25340.0,25405.0,25340.0,25344.0,10.140297294614152
2024-12-02,25367.5,25392.5,25340.0,25374.0,10.141480306700544
2024-12-03,25400.0,25408.0,25346.5,25395.0,10.142307583235345
2024-12-04,25405.0,25412.5,25365.0,25400.0,10.142504453006628
2024-12-05,25410.0,25414.0,25346.5,25380.0,10.141716741268379
2024-12-06,25395.0,25396.5,25366.5,25375.0,10.141519716344089
2024-12-09,25373.5,25395.0,25365.0,25370.0,10.141322652593328
2024-12-10,25380.0,25382.5,25365.0,25360.0,10.140928408551162
2024-12-11,25360.0,25390.0,25346.5,25380.0,10.141716741268379
2024-12-12,25367.5,25399.0,25360.0,25394.0,10.142268204629737
2024-12-13,25404.5,25410.0,25385.0,25400.0,10.142504453006628
2024-12-16,25390.0,25405.0,25346.5,25385.0,10.141913727381494
2024-12-17,25392.5,25440.0,25346.5,25430.0,10.143684858416165
2024-12-18,25445.0,25457.5,25395.0,25445.0,10.144274539022932
2024-12-19,25465.0,25469.0,25450.0,25450.0,10.144471021978669
2024-12-20,25465.0,25467.5,25450.0,25445.0,10.144274539022932
2024-12-23,25440.0,25465.0,25425.5,25440.0,10.144078017454058
2024-12-24,25450.0,25465.0,25432.5,25425.0,10.14348822091676
2024-12-25,25437.5,25455.0,25415.0,25420.0,10.143291544743445
2024-12-26,25420.0,25451.0,25420.0,25425.0,10.14348822091676
2024-12-27,25445.0,25456.5,25425.0,25445.0,10.144274539022932
2024-12-30,25446.5,25485.5,25444.0,25476.0,10.145492111491256
2024-12-31,25495.0,25512.5,25446.5,25480.0,10.145649109686099
2025-01-01,25480.0,25480.0,25480.0,25480.0,10.145649109686099
2025-01-02,25460.0,25485.0,25446.5,25450.0,10.144471021978669
2025-01-03,25460.0,25462.5,25422.5,25400.0,10.142504453006628
2025-01-06,25390.0,25455.0,25375.0,25370.0,10.141322652593328
2025-01-07,25390.5,25422.5,25362.5,25360.0,10.140928408551162
2025-01-08,25385.0,25395.0,25376.0,25370.0,10.141322652593328
2025-01-09,25382.5,25389.0,25375.0,25375.0,10.141519716344089
2025-01-10,25382.5,25385.0,25367.5,25360.0,10.140928408551162
2025-01-13,25375.0,25433.5,25370.0,25390.0,10.142110674698724
2025-01-14,25395.0,25400.0,25375.0,25380.0,10.141716741268379
2025-01-15,25385.0,25394.0,25382.0,25375.0,10.141519716344089
2025-01-16,25387.5,25388.5,25372.5,25370.0,10.141322652593328
2025-01-17,25355.0,25385.0,25318.5,25315.0,10.13915238440401
2025-01-20,25330.0,25380.5,25280.0,25315.0,10.13915238440401
2025-01-21,25295.0,25315.0,25245.0,25260.0,10.136977395904482
2025-01-22,25255.0,25270.0,25075.0,25050.0,10.12862910651301
2025-01-23,25050.0,25157.5,25005.0,25080.0,10.129825994746858
2025-01-24,25130.0,25142.5,25025.0,25060.0,10.129028228450059
2025-01-27,25060.0,25060.0,25060.0,25060.0,10.129028228450059
2025-01-28,25060.0,25060.0,25060.0,25060.0,10.129028228450059
2025-01-29,25060.0,25060.0,25060.0,25060.0,10.129028228450059
2025-01-30,25060.0,25060.0,25060.0,25060.0,10.129028228450059
2025-01-31,25060.0,25060.0,25060.0,25060.0,10.129028228450059
2025-02-03,25025.0,25355.0,25025.0,25280.0,10.137768848260794
2025-02-04,25280.0,25282.5,25160.0,25160.0,10.133010710814377
2025-02-05,25195.0,25195.0,25115.0,25145.0,10.132414348606066
2025-02-06,25165.0,25275.0,25147.5,25260.0,10.136977395904482
2025-02-07,25340.0,25342.5,25282.5,25290.0,10.13816433966401
2025-02-10,25375.0,25405.0,25367.5,25380.0,10.141716741268379
2025-02-11,25420.0,25540.0,25420.0,25530.0,10.14760951023553
2025-02-12,25490.0,25607.0,25490.0,25550.0,10.14839259563185
2025-02-13,25535.0,25535.0,25400.0,25440.0,10.144078017454058
2025-02-14,25415.0,25460.5,25385.0,25370.0,10.141322652593328
2025-02-17,25390.0,25482.5,25390.0,25470.0,10.145256567973503
2025-02-18,25510.0,25580.0,25425.0,25500.0,10.146433731146518
2025-02-19,25530.0,25574.5,25500.0,25515.0,10.147021793498071
2025-02-20,25525.0,25574.5,25515.0,25500.0,10.146433731146518
2025-02-21,25480.0,25545.0,25475.0,25510.0,10.146825811135857
2025-02-24,25485.0,25535.0,25468.5,25468.0,10.145178041136916
2025-02-25,25470.0,25537.5,25466.0,25520.0,10.147217737458726
2025-02-26,25482.5,25572.5,25482.5,25535.0,10.147805339081744
2025-02-27,25551.5,25566.0,25489.5,25520.0,10.147217737458726
2025-02-28,25553.5,25573.0,25540.0,25530.0,10.14760951023553
2025-03-03,25554.0,25617.5,25548.0,25575.0,10.149370590819828
2025-03-04,25580.0,25596.5,25555.0,25540.0,10.14800112958653
2025-03-05,25515.0,25586.0,25495.0,25490.0,10.146041497370161
2025-03-06,25450.0,25516.5,25430.0,25485.0,10.145845322774143
2025-03-07,25449.0,25552.5,25435.0,25480.0,10.145649109686099
2025-03-10,25515.0,25568.5,25510.0,25525.0,10.147413643032866
2025-03-11,25512.5,25520.0,25462.0,25450.0,10.144471021978669
2025-03-12,25485.0,25515.0,25450.0,25445.0,10.144274539022932
2025-03-13,25475.0,25512.5,25465.0,25490.0,10.146041497370161
2025-03-14,25520.0,25532.5,25465.0,25500.0,10.146433731146518
2025-03-17,25520.0,25586.0,25475.0,25510.0,10.146825811135857
2025-03-18,25525.0,25550.0,25520.0,25510.0,10.146825811135857
2025-03-19,25530.0,25550.0,25525.0,25535.0,10.147805339081744
2025-03-20,25545.0,25567.5,25542.5,25545.0,10.148196881764898
2025-03-21,25560.0,25605.0,25545.0,25585.0,10.149761521239192
2025-03-24,25538.0,25657.5,25538.0,25620.0,10.151128575450725
2025-03-25,25651.5,25664.0,25611.0,25600.0,10.150347630467653
2025-03-26,25615.0,25635.0,25567.5,25555.0,10.14858827120238
2025-03-27,25580.0,25629.5,25562.5,25560.0,10.14878390849147
2025-03-28,25600.0,25620.0,25555.0,25550.0,10.14839259563185
2025-03-31,25538.5,25592.5,25536.5,25565.0,10.148979507514099
2025-04-01,25605.0,25660.0,25545.0,25620.0,10.151128575450725
2025-04-02,25650.0,25658.5,25612.5,25600.0,10.150347630467653
2025-04-03,25700.0,25837.0,25700.0,25790.0,10.15774209887539
2025-04-04,25805.0,25810.0,25760.0,25780.0,10.157354276493178
2025-04-07,25780.0,25780.0,25780.0,25780.0,10.157354276493178
2025-04-08,25850.0,26033.0,25836.5,25995.0,10.165659490817816
2025-04-09,26025.0,26130.0,25982.5,25960.0,10.164312170818027
2025-04-10,25830.0,25874.5,25753.5,25740.0,10.155801481150117
2025-04-11,25670.0,25782.5,25660.5,25715.0,10.154829758209017
2025-04-14,25735.0,25843.0,25705.0,25824.0,10.159059571069676
2025-04-15,25850.0,25923.5,25808.0,25790.0,10.15774209887539
2025-04-16,25832.5,25905.0,25796.5,25830.0,10.159291886089886
2025-04-17,25852.5,25900.0,25848.0,25837.0,10.159562852085312
2025-04-18,25900.0,25976.5,25865.0,25925.0,10.162963033097729
2025-04-21,25950.0,25964.5,25858.5,25871.0,10.16087792924552
2025-04-22,25900.0,25994.0,25890.0,25965.0,10.164504756278419
2025-04-23,26005.0,26018.5,25927.5,25995.0,10.165659490817816
2025-04-24,26032.5,26067.0,25985.0,26029.0,10.166966580039741
2025-04-25,26050.0,26062.0,26007.5,26021.5,10.166678398368022
2025-04-26,26025.0,26035.0,26015.0,26025.0,10.16681289348317
2025-04-28,26000.0,26050.0,25927.5,26000.0,10.165851817003619
2025-04-29,26000.0,26010.0,25960.0,26005.0,10.166044106207172
2025-04-30,26005.0,26005.0,26005.0,26005.0,10.166044106207172
2025-05-01,26005.0,26005.0,26005.0,26005.0,10.166044106207172
2025-05-02,26005.0,26005.0,26005.0,26005.0,10.166044106207172
2025-05-05,26000.0,26018.5,25934.0,25957.5,10.164215864177608
2025-05-06,25955.0,25988.5,25949.0,25963.5,10.164446984534564
2025-05-07,25965.0,25980.0,25912.5,25962.5,10.164408468184368
2025-05-08,25960.0,25988.0,25951.0,25963.5,10.164446984534564
2025-05-09,25967.5,25997.0,25948.0,25978.5,10.165024551837208
2025-05-12,25970.0,25982.5,25918.0,25971.0,10.164735809883883
2025-05-13,25975.0,25986.5,25913.5,25961.5,10.164369950350606
2025-05-14,25945.0,25985.0,25914.0,25930.0,10.16315587853271
2025-05-15,25930.0,25962.5,25906.0,25947.5,10.163830544839444
2025-05-16,25925.0,25971.0,25903.0,25921.5,10.162828019162156
2025-05-19,25920.0,25961.0,25907.5,25947.5,10.163830544839444
2025-05-20,25950.0,25978.0,25935.0,25970.0,10.164697304656794
2025-05-21,25970.0,25984.5,25930.0,25973.0,10.16481281589039
2025-05-22,25980.0,25988.5,25945.0,25976.5,10.164947562134543
2025-05-23,25970.0,25987.0,25939.5,25954.0,10.164081019297177
2025-05-26,25961.0,25965.0,25890.5,25912.5,10.162480756744035
2025-05-27,25915.0,25960.0,25889.5,25917.5,10.162673695197267
2025-05-28,25915.0,25975.0,25911.5,25970.0,10.164697304656794
2025-05-29,25995.5,26074.5,25994.5,26025.0,10.16681289348317
2025-05-30,25985.0,26045.0,25935.0,26021.5,10.166678398368022
2025-06-02,26025.0,26046.5,25980.0,26029.0,10.166966580039741
2025-06-03,26030.0,26083.5,25998.5,26055.0,10.167964967343314
2025-06-04,26045.0,26098.0,26025.0,26084.0,10.169077378513093
2025-06-05,26085.0,26126.5,26058.0,26082.5,10.169019870342124
2025-06-06,26075.0,26097.0,26030.5,26054.0,10.16792658625751
2025-06-09,26094.0,26094.0,26022.5,26042.5,10.167485097858604
2025-06-10,26042.5,26065.0,26010.0,26012.5,10.16633247070189
2025-06-11,26005.0,26040.0,26000.0,26030.0,10.167004997988611
2025-06-12,26020.0,26042.5,26010.0,26037.5,10.167293085569227
2025-06-13,26055.0,26099.5,26025.0,26075.0,10.168732279868973
2025-06-16,26070.0,26102.5,26043.0,26061.5,10.16821440850048
2025-06-17,26070.0,26093.0,26048.5,26081.5,10.16898152972407
2025-06-18,26095.0,26115.0,26065.0,26101.5,10.169748062923743
2025-06-19,26105.0,26143.5,26085.0,26128.0,10.170762815210246
2025-06-20,26125.0,26152.5,26114.0,26128.5,10.170781951585626
2025-06-23,26135.0,26222.5,26115.0,26215.0,10.174087045006633
2025-06-24,26180.0,26190.5,26131.0,26170.0,10.172368995524192
2025-06-25,26155.0,26180.0,26128.5,26155.0,10.171795655804711
2025-06-26,26140.0,26147.5,26098.5,26120.0,10.170456583390367
2025-06-27,26120.0,26140.0,26061.5,26095.0,10.169499004077514
2025-06-30,26082.5,26129.0,26055.0,26120.5,10.170475725626755
2025-07-01,26105.0,26170.0,26065.0,26130.0,10.170839358514659
2025-07-02,26127.5,26185.5,26095.0,26170.0,10.172368995524192
2025-07-03,26215.0,26241.5,26145.0,26200.0,10.173514689749188
2025-07-04,26210.0,26264.5,26155.0,26180.0,10.172751039463892
2025-07-07,26202.5,26205.0,26086.5,26145.0,10.171413246622231
2025-07-08,26148.0,26153.5,26086.5,26135.0,10.171030691147022
2025-07-09,26137.5,26160.0,26122.5,26139.0,10.171183730899397
2025-07-10,26137.5,26150.0,26098.0,26114.5,10.170245994602485
2025-07-11,26105.0,26137.0,26065.0,26114.5,10.170245994602485
2025-07-14,26110.0,26137.5,26085.0,26125.0,10.170647989267112
2025-07-15,26140.0,26151.5,26100.0,26137.5,10.171126343736889
2025-07-16,26160.0,26182.5,26125.0,26160.0,10.171986805571136
2025-07-17,26167.5,26172.5,26129.0,26160.0,10.171986805571136
2025-07-18,26155.0,26173.0,26138.0,26160.0,10.171986805571136
2025-07-21,26155.0,26168.5,26139.0,26155.0,10.171795655804711
2025-07-22,26145.0,26162.5,26128.5,26145.0,10.171413246622231
2025-07-23,26147.0,26166.5,26120.0,26150.0,10.171604469493069
2025-07-24,26157.5,26163.0,26116.5,26135.0,10.171030691147022
2025-07-25,26132.5,26158.0,26112.5,26145.0,10.171413246622231
2025-07-28,26145.0,26221.0,26127.5,26200.0,10.173514689749188
2025-07-29,26162.5,26260.0,26162.5,26225.0,10.174468433264497
2025-07-30,26225.5,26266.5,26190.0,26202.5,10.173610105044332
2025-07-31,26227.5,26232.5,26172.5,26199.0,10.173476521081843
2025-08-01,26212.5,26234.0,26170.5,26220.0,10.174277757317691
2025-08-04,26207.5,26226.0,26147.5,26176.5,10.172617340687035
2025-08-05,26185.0,26263.5,26164.0,26250.0,10.17542126801977
2025-08-06,26245.0,26282.5,26186.0,26225.0,10.174468433264497
2025-08-07,26213.0,26237.0,26199.0,26215.0,10.174087045006633
2025-08-08,26210.0,26237.5,26170.0,26225.0,10.174468433264497
2025-08-11,26228.0,26239.0,26218.5,26233.0,10.174773439176352
2025-08-12,26238.5,26282.5,26200.0,26270.0,10.176182882679585
2025-08-13,26261.0,26332.5,26230.0,26290.0,10.176943917723927
2025-08-14,26282.0,26303.5,26245.0,26265.0,10.175992533388062
2025-08-15,26270.0,26332.5,26245.0,26270.0,10.176182882679585
2025-08-18,26272.0,26309.5,26245.0,26300.0,10.177324218165856
2025-08-19,26305.0,26331.0,26282.5,26320.0,10.178084385439254
2025-08-20,26321.0,26390.0,26290.0,26390.0,10.18074042949737
2025-08-21,26400.5,26457.0,26328.5,26432.5,10.182349592606682
2025-08-22,26428.0,26447.5,26320.0,26350.0,10.179223553969509
2025-08-25,26300.0,26368.0,26289.0,26305.0,10.177514314164908
2025-08-26,26319.0,26377.5,26295.5,26365.0,10.17979265196457
2025-08-27,26370.0,26402.5,26325.0,26380.0,10.180361426271306
2025-08-28,26356.0,26382.0,26325.0,26375.0,10.180171870778368
2025-08-29,26345.0,26375.0,26332.5,26345.0,10.179033782643387
2025-09-01,26345.0,26345.0,26345.0,26345.0,10.179033782643387
2025-09-02,26345.0,26345.0,26345.0,26345.0,10.179033782643387
2025-09-03,26329.0,26390.0,26295.5,26387.5,10.180645692156576
2025-09-04,26385.0,26405.0,26367.5,26390.0,10.18074042949737
2025-09-05,26395.0,26415.0,26380.0,26400.0,10.181119289134408
2025-09-08,26374.5,26431.5,26367.5,26415.0,10.181687309598416
2025-09-09,26407.0,26425.0,26365.0,26387.5,10.180645692156576
2025-09-10,26385.0,26408.5,26355.5,26395.0,10.180929877257716
2025-09-11,26397.5,26417.5,26370.0,26402.5,10.18121398162063
2025-09-12,26389.0,26412.5,26370.5,26385.0,10.180550945839768
2025-09-15,26387.0,26402.5,26362.0,26385.0,10.180550945839768
2025-09-16,26380.0,26401.5,26362.0,26382.5,10.180456190545245
2025-09-17,26370.5,26394.5,26346.0,26375.0,10.180171870778368
2025-09-18,26360.0,26399.0,26352.5,26385.0,10.180550945839768
2025-09-19,26384.0,26405.0,26362.5,26382.5,10.180456190545245
2025-09-22,26385.5,26428.0,26360.0,26417.5,10.181781948315185
2025-09-23,26414.0,26436.0,26370.0,26420.0,10.181876578076317
2025-09-24,26415.0,26432.0,26365.0,26419.0,10.181838727246433
2025-09-25,26418.0,26428.0,26391.5,26405.0,10.181308665141033
2025-09-26,26397.5,26422.5,26383.0,26410.0,10.181498005291179
2025-09-29,26410.0,26433.5,26395.0,26421.0,10.181914427473568
2025-09-30,26425.0,26432.0,26404.5,26427.0,10.182141493777905
2025-10-01,26427.5,26429.0,26351.0,26410.0,10.181498005291179
2025-10-02,26412.5,26425.0,26369.0,26395.5,10.180948820059927
2025-10-03,26377.5,26399.0,26363.5,26381.0,10.18039933305852
2025-10-06,26372.5,26406.5,26349.0,26365.0,10.17979265196457
2025-10-07,26357.5,26385.0,26347.5,26365.0,10.17979265196457
2025-10-08,26357.5,26373.5,26342.0,26360.0,10.179602988616443
2025-10-09,26362.0,26428.5,26336.0,26347.5,10.179128672808092
2025-10-10,26345.0,26402.5,26325.0,26340.0,10.178843975297273
2025-10-13,26334.5,26357.5,26320.0,26345.0,10.179033782643387
2025-10-14,26347.5,26364.0,26305.0,26355.5,10.179432260841466
2025-10-15,26355.0,26359.5,26322.5,26340.0,10.178843975297273
2025-10-16,26340.5,26356.0,26322.5,26335.0,10.17865413191749
2025-10-17,26335.0,26349.5,26331.5,26342.0,10.178919902558992
2025-10-20,26340.0,26360.0,26334.5,26342.5,10.178938883473682
2025-10-21,26343.5,26352.5,26331.5,26343.0,10.178957864028105
2025-10-22,26341.5,26356.0,26290.0,26347.5,10.179128672808092
2025-10-23,26339.5,26351.5,26315.0,26332.0,10.178540208587767
2025-10-24,26334.5,26346.0,26291.0,26305.0,10.177514314164908
2025-10-27,26302.0,26345.0,26276.5,26305.0,10.177514314164908
2025-10-28,26302.0,26338.0,26287.5,26328.0,10.178388290623175
2025-10-29,26329.5,26339.0,26305.0,26336.0,10.178692103476797
2025-10-30,26332.0,26342.0,26295.0,26330.0,10.178464252490356
2025-10-31,26329.5,26338.5,26291.5,26315.0,10.17789439778788
2025-11-03,26306.0,26326.5,26275.0,26312.0,10.177780387868893
2025-11-04,26316.0,26341.0,26302.5,26320.0,10.178084385439254
2025-11-05,26319.5,26345.0,26302.5,26322.5,10.178179365730914
2025-11-06,26323.5,26338.0,26298.0,26315.0,10.17789439778788
2025-11-07,26314.5,26330.0,26293.0,26310.0,10.177704374034338
2025-11-10,26314.5,26326.5,26282.0,26300.0,10.177324218165856
2025-11-11,26312.5,26333.0,26293.5,26315.0,10.17789439778788
2025-11-12,26321.0,26368.0,26305.0,26355.0,10.179413289289307
2025-11-13,26344.5,26369.5,26306.0,26355.0,10.179413289289307
2025-11-14,26356.0,26368.5,26332.5,26350.0,10.179223553969509
2025-11-17,26350.0,26367.5,26310.0,26355.0,10.179413289289307
2025-11-18,26364.5,26386.5,26325.0,26383.0,10.180475142322448
2025-11-19,26383.5,26387.5,26351.0,26377.0,10.180247697287351
2025-11-20,26383.0,26386.0,26354.5,26376.0,10.180209784751566
2025-11-21,26382.0,26386.5,26353.0,26353.0,10.179337399481271
2025-11-24,26360.0,26391.5,26312.5,26375.5,10.180190827944651
2025-11-25,26377.0,26392.0,26357.5,26373.0,10.180096038519288
2025-11-26,26365.5,26390.0,26354.0,26376.5,10.18022874119913
2025-11-27,26379.5,26391.5,26359.0,26375.5,10.180190827944651
2025-11-28,26372.0,26393.0,26341.5,26365.0,10.17979265196457
2025-12-01,26359.5,26388.0,26320.0,26370.0,10.179982279347332
2025-12-02,26368.5,26397.0,26348.0,26375.0,10.180171870778368
2025-12-03,26379.5,26395.5,26320.0,26372.5,10.180077079555964
2025-12-04,26364.5,26392.0,26350.0,26374.5,10.180152913252703
2025-12-05,26377.0,26392.0,26346.5,26360.0,10.179602988616443
2025-12-08,26359.5,26385.0,26330.0,26360.0,10.179602988616443
2025-12-09,26361.5,26384.5,26344.0,26372.5,10.180077079555964
2025-12-10,26371.5,26371.5,26353.0,26357.0,10.179489173338517
2025-12-11,26354.5,26370.5,26315.0,26327.5,10.178369299254753
2025-12-12,26314.5,26372.0,26270.0,26306.0,10.177552329028725
2025-12-15,26270.0,26335.0,26269.0,26320.0,10.178084385439254
2025-12-16,26322.5,26361.5,26281.0,26345.0,10.179033782643387
2025-12-17,26344.5,26369.0,26305.0,26335.0,10.17865413191749
2025-12-18,26335.0,26352.5,26310.0,26325.0,10.178274337002176
2025-12-19,26334.5,26344.0,26288.0,26312.5,10.177799390424736
2025-12-22,26316.0,26365.0,26291.5,26340.0,10.178843975297273
2025-12-23,26334.5,26356.0,26320.0,26331.0,10.178502231260227
2025-12-24,26339.5,26352.5,26288.0,26320.0,10.178084385439254
2025-12-25,26289.5,26318.5,26255.0,26280.0,10.176563472598547
2025-12-26,26284.5,26320.0,26260.0,26291.0,10.176981954277059
2025-12-29,26289.5,26311.0,26261.5,26285.0,10.176753713253548
2025-12-30,26287.0,26301.0,26239.0,26265.0,10.175992533388062
2025-12-31,26270.5,26327.0,26260.0,26300.0,10.177324218165856
2026-01-01,26300.0,26300.0,26300.0,26300.0,10.177324218165856
2026-01-02,26300.0,26300.0,26300.0,26300.0,10.177324218165856
2026-01-05,26290.0,26307.5,26262.5,26274.5,10.17635416606837
2026-01-06,26279.5,26294.5,26267.0,26275.5,10.176392225059812
2026-01-07,26279.5,26293.0,26270.5,26274.0,10.176335136029452
2026-01-08,26277.0,26310.5,26247.5,26270.0,10.176182882679585
2026-01-09,26272.0,26297.5,26246.0,26270.0,10.176182882679585
2026-01-10,26269.0,26274.0,26249.0,26255.0,10.17561172607196
2026-01-12,26267.0,26290.0,26242.5,26275.0,10.176373195745152
2026-01-13,26268.5,26305.0,26245.0,26287.5,10.176848820010955
2026-01-14,26285.0,26316.5,26255.0,26277.5,10.176468338697509
2026-01-15,26282.5,26300.0,26248.5,26270.0,10.176182882679585
2026-01-16,26274.5,26317.5,26250.0,26275.0,10.176373195745152
2026-01-19,26274.5,26297.5,26241.0,26265.0,10.175992533388062
2026-01-20,26265.5,26285.5,26243.0,26265.0,10.175992533388062
2026-01-21,26264.5,26290.0,26245.0,26265.0,10.175992533388062
2026-01-22,26270.0,26296.0,26247.5,26269.5,10.17616384938083
2026-01-23,26269.5,26285.0,26220.0,26245.0,10.1752307736864
2026-01-26,26234.5,26256.0,26163.0,26187.5,10.173037476664494
2026-01-27,26169.5,26170.0,26124.0,26134.0,10.170992427549091
2026-01-28,26102.0,26135.0,26040.5,26065.0,10.168348697202207
2026-01-29,26064.5,26102.5,25980.0,26000.0,10.165851817003619
2026-01-30,25999.5,25999.5,25884.0,25940.0,10.163541457870435
2026-02-02,25923.5,26057.5,25889.5,26020.0,10.166620752066496
2026-02-03,26024.5,26036.5,25984.5,26002.0,10.165928737122114
2026-02-04,25999.5,26027.0,25940.0,25982.0,10.165159269555678
2026-02-05,25977.0,25997.5,25927.0,25955.0,10.16411954826133
2026-02-06,25969.5,25994.0,25927.0,25950.0,10.163926888594034
2026-02-09,25958.5,25979.0,25886.5,25910.0,10.162384273556155
2026-02-10,25899.5,25932.5,25844.5,25885.0,10.161418929336001
2026-02-11,25882.0,26024.0,25867.5,26000.0,10.165851817003619
2026-02-12,25927.5,26044.0,25920.0,25960.0,10.164312170818027
2026-02-13,25979.5,26019.5,25915.0,25970.0,10.164697304656794
2026-02-16,25970.0,25970.0,25970.0,25970.0,10.164697304656794
2026-02-17,25970.0,25970.0,25970.0,25970.0,10.164697304656794
2026-02-18,25970.0,25970.0,25970.0,25970.0,10.164697304656794
2026-02-19,25970.0,25970.0,25970.0,25970.0,10.164697304656794
2026-02-20,25970.0,25970.0,25970.0,25970.0,10.164697304656794
2026-02-23,25970.0,26127.0,25948.5,26120.0,10.170456583390367
2026-02-24,26129.5,26224.5,26115.0,26195.0,10.17332383184232
2026-02-25,26198.5,26202.0,26087.5,26102.0,10.169767218727474
2026-02-26,26100.0,26159.5,26039.0,26075.0,10.168732279868973
2026-02-27,26059.5,26105.0,25998.0,26045.0,10.167581090179292
2026-03-02,26041.5,26232.0,26041.5,26165.0,10.172177918806309
2026-03-03,26210.0,26232.0,26143.5,26200.0,10.173514689749188
2026-03-04,26244.5,26255.0,26181.0,26220.0,10.174277757317691
2026-03-05,26207.0,26256.5,26170.0,26215.0,10.174087045006633
2026-03-06,26230.0,26269.5,26197.5,26240.0,10.175040243058024
2026-03-09,26274.5,26302.0,26215.0,26277.5,10.176468338697509
2026-03-10,26259.5,26284.5,26182.5,26235.0,10.174849676120813
2026-03-11,26245.0,26281.5,26215.0,26250.0,10.17542126801977
2026-03-12,26260.0,26296.0,26207.5,26275.0,10.176373195745152
2026-03-13,26287.5,26308.5,26257.5,26294.0,10.17709605525655
2026-03-16,26291.0,26308.0,26243.5,26290.0,10.176943917723927
2026-03-17,26284.5,26309.0,26254.0,26300.0,10.177324218165856
2026-03-18,26292.0,26317.0,26272.0,26310.0,10.177704374034338
2026-03-19,26286.5,26322.5,26274.5,26290.0,10.176943917723927
2026-03-20,26309.5,26327.0,26279.5,26312.0,10.177780387868893
2026-03-23,26316.0,26341.5,26302.0,26341.0,10.17888193964875
2026-03-24,26356.5,26363.5,26314.0,26357.0,10.179489173338517
2026-03-25,26339.5,26355.5,26325.0,26350.0,10.179223553969509
2026-03-26,26347.0,26354.0,26326.0,26351.0,10.179261503913537
2026-03-27,26347.0,26350.0,26307.0,26337.5,10.178749058112444
2026-03-30,26339.0,26349.5,26316.5,26345.0,10.179033782643387
2026-03-31,26345.5,26351.5,26330.0,26340.0,10.178843975297273
2026-04-01,26342.0,26372.0,26313.0,26335.0,10.17865413191749
2026-04-02,26345.0,26358.5,26291.5,26336.0,10.178692103476797
2026-04-03,26339.5,26353.5,26319.0,26340.0,10.178843975297273
2026-04-06,26345.5,26353.0,26320.0,26336.5,10.178711088715774
2026-04-07,26339.5,26352.5,26320.0,26334.0,10.17861615891629
2026-04-08,26331.0,26348.0,26308.5,26332.5,10.178559196710697
2026-04-09,26330.5,26332.5,26315.5,26325.0,10.178274337002176
2026-04-10,26332.0,26349.0,26315.0,26336.0,10.178692103476797
2026-04-13,26335.5,26352.5,26322.5,26343.0,10.178957864028105
2026-04-14,26344.5,26352.5,26322.0,26342.5,10.178938883473682
2026-04-15,26324.5,26344.5,26309.0,26330.0,10.178464252490356
2026-04-16,26328.0,26342.0,26302.5,26333.5,10.178597171874944
2026-04-17,26337.0,26346.0,26322.0,26335.0,10.17865413191749
2026-04-20,26335.0,26346.5,26315.5,26333.0,10.178578184473086
2026-04-21,26328.5,26343.5,26298.0,26330.0,10.178464252490356
2026-04-22,26325.0,26337.5,26302.5,26322.5,10.178179365730914
2026-04-23,26330.0,26344.0,26309.5,26327.0,10.17835030752565
2026-04-24,26333.0,26359.0,26309.0,26359.0,10.179565051629774
2026-04-27,26359.0,26359.0,26359.0,26359.0,10.179565051629774
2026-04-28,26345.5,26357.0,26330.0,26348.0,10.179147649760584
2026-04-29,26330.5,26361.5,26325.5,26356.0,10.17945123203371
2026-04-30,26356.0,26356.0,26356.0,26356.0,10.17945123203371
2026-05-01,26356.0,26356.0,26356.0,26356.0,10.17945123203371
2026-05-04,26356.0,26361.0,26282.5,26339.5,10.178824992581035
2026-05-05,26338.5,26350.5,26302.5,26323.0,10.178198360706745
2026-05-06,26314.5,26359.0,26295.5,26325.0,10.178274337002176
2026-05-07,26309.0,26340.0,26266.0,26310.0,10.177704374034338
2026-05-08,26294.5,26340.0,26279.0,26308.0,10.177628354421241
2026-05-11,26320.0,26350.0,26295.0,26325.0,10.178274337002176
2026-05-12,26328.0,26358.0,26300.5,26339.0,10.178806009504447
2026-05-13,26330.0,26374.5,26320.0,26348.0,10.179147649760584
2026-05-14,26353.5,26368.0,26302.5,26345.0,10.179033782643387
2026-05-15,26359.0,26375.5,26311.0,26355.0,10.179413289289307
2026-05-18,26354.5,26378.5,26328.5,26357.0,10.179489173338517
2026-05-19,26361.5,26374.5,26324.0,26359.0,10.179565051629774
2026-05-20,26354.5,26382.5,26330.0,26373.0,10.180096038519288
2026-05-21,26378.5,26381.5,26328.0,26355.0,10.179413289289307
2026-05-22,26358.5,26379.0,26317.5,26365.0,10.17979265196457
2026-05-25,26362.0,26377.5,26327.5,26356.0,10.17945123203371
2026-05-26,26361.5,26377.0,26309.5,26344.0,10.1789958240562
2026-05-27,26342.0,26377.0,26286.5,26333.0,10.178578184473086
2026-05-28,26337.0,26375.0,26287.5,26327.5,10.178369299254753
2026-05-29,26329.5,26372.5,26275.0,26312.5,10.177799390424736
2026-06-01,26314.5,26372.5,26276.5,26322.5,10.178179365730914
2026-06-02,26326.0,26366.5,26295.0,26332.5,10.178559196710697
2026-06-03,26339.5,26376.5,26307.5,26345.0,10.179033782643387
2026-06-04,26341.5,26372.0,26302.5,26335.0,10.17865413191749
2026-06-05,26332.0,26372.0,26290.0,26330.0,10.178464252490356
2026-06-08,26347.0,26377.5,26309.0,26345.0,10.179033782643387
2026-06-09,26344.5,26376.5,26300.5,26330.0,10.178464252490356
2026-06-10,26334.5,26362.5,26282.5,26320.0,10.178084385439254
2026-06-11,26315.5,26359.0,26290.5,26326.5,10.178331315435855
2026-06-12,26332.0,26368.0,26278.5,26310.0,10.177704374034338
2026-06-15,26312.5,26351.0,26255.0,26290.0,10.176943917723927
2026-06-16,26282.5,26339.0,26254.5,26300.0,10.177324218165856
2026-06-17,26285.0,26359.5,26268.0,26322.5,10.178179365730914
2026-06-18,26319.5,26358.0,26288.5,26330.0,10.178464252490356
2026-06-19,26363.5,26367.5,26290.0,26320.0,10.178084385439254
2026-06-22,26319.5,26358.5,26272.5,26320.0,10.178084385439254
2026-06-23,26325.0,26362.0,26288.5,26325.0,10.178274337002176
2026-06-24,26323.5,26364.5,26297.0,26335.0,10.17865413191749
2026-06-25,26334.5,26366.0,26289.5,26320.0,10.178084385439254
2026-06-26,26334.5,26355.0,26262.5,26300.0,10.177324218165856
2026-06-29,26314.0,26342.5,26243.0,26290.0,10.176943917723927
2026-06-30,26294.0,26344.0,26270.0,26315.0,10.17789439778788
2026-07-01,26313.5,26325.5,26293.5,26300.5,10.177343229391985
2026-07-02,26299.5,26335.0,26287.0,26290.0,10.176943917723927
2026-07-03,26293.0,26306.0,26288.5,26296.0,10.177172115344055
2026-07-06,26303.5,26318.0,26272.5,26300.0,10.177324218165856
2026-07-07,26296.5,26310.0,26272.5,26292.0,10.177019989383467
2026-07-08,26304.5,26312.5,26288.5,26295.0,10.177134086023445
2026-07-09,26302.0,26310.5,26290.5,26295.0,10.177134086023445
2026-07-10,26290.0,26302.5,26256.5,26267.5,10.17608771256293
2026-07-13,26291.0,26295.0,26252.0,26255.0,10.17561172607196
2026-07-14,26259.5,26271.0,26245.5,26261.5,10.175859267322165
2026-07-15,26266.0,26283.0,26252.5,26255.5,10.175630769882245
2026-07-16,26232.0,26273.0,26225.0,26253.5,10.175554592465005
2026-07-17,26261.0,26298.0,26253.5,26295.0,10.177134086023445
2026-07-20,26261.0,26297.0,26261.0,26295.0,10.177134086023445
2026-07-21,26294.5,26327.5,26290.0,26315.0,10.17789439778788
2026-07-22,26324.5,26344.5,26311.0,26313.5,10.177837394453169
2026-07-23,26340.5,26342.5,26306.5,26316.5,10.177951397873395
2026-07-24,26324.5,26331.0,26313.5,26327.0,10.17835030752565
2026-07-27,26318.5,26325.0,26313.0,26315.0,10.17789439778788
2026-07-28,26318.5,26342.0,26314.5,26335.0,10.17865413191749
2026-07-29,26339.5,26345.0,26318.5,26322.5,10.178179365730914
2026-07-30,26320.5,26340.0,26264.5,26281.5,10.176620548595253
2026-07-31,26282.0,26335.0,26254.5,26300.5,10.177343229391985
2026-08-03,26307.0,26310.5,26260.0,26287.0,10.176829799383084
2026-08-04,26279.5,26288.0,26258.0,26263.5,10.175935421534481
2026-08-05,26264.5,26285.0,26244.5,26251.0,10.17545936253226
2026-08-06,26249.5,26272.0,26211.0,26235.0,10.174849676120813
2026-08-07,26231.5,26240.0,26171.0,26204.5,10.173686430726054
2026-08-10,26194.5,26202.0,26115.0,26155.0,10.171795655804711
2026-08-11,26152.0,26157.5,26118.0,26136.5,10.171088083798866
2026-08-12,26127.0,26145.0,26027.0,26054.5,10.167945776984551
2026-08-13,26059.5,26125.0,26013.5,26075.0,10.168732279868973
2026-08-14,26053.0,26148.5,26042.5,26148.5,10.17154710647117
2026-08-17,26137.5,26221.5,26076.5,26205.0,10.173705511236266
2026-08-18,26207.0,26215.5,26164.5,26177.0,10.172636441606745
2026-08-19,26178.0,26195.5,26164.0,26180.5,10.172770137830026
2026-08-20,26179.5,26180.0,26093.5,26102.0,10.169767218727474
2026-08-21,26099.5,26152.0,26057.5,26124.5,10.170628850327983
2026-08-22,26099.5,26152.0,26057.5,26124.5,10.170628850327983
2026-08-24,26063.5,26193.5,26063.5,26173.5,10.172502727506394
2026-08-25,26179.5,26188.5,26098.0,26112.0,10.170150257763833
2026-08-26,26109.5,26142.5,26072.0,26105.0,10.169882145844653
2026-08-27,26102.0,26105.0,26064.5,26078.0,10.168847325983418
2026-08-28,26130.5,26130.5,26072.5,26072.5,10.168636397995368
2026-08-31,26072.5,26072.5,26072.5,26072.5,10.168636397995368
