Date,Close,log_price,simple_return,log_return,squared_return,abs_return
2016-01-05,22458.0,10.019402177132484,0.15162326079201094,0.1515084287859784,0.022954803993195886,0.1515084287859784
2016-01-06,22465.0,10.01971382150426,0.03116929379285427,0.031164437177632114,0.0009712221445985787,0.031164437177632114
2016-01-07,22428.0,10.018065457243564,-0.16470064544847896,-0.16483642606972143,0.02717104735943874,0.16483642606972143
2016-01-08,22426.0,10.017976279020827,-0.008917424647758576,-0.008917822273709157,7.952755410546315e-05,0.008917822273709157
2016-01-11,22418.0,10.01761948658104,-0.035672879693215975,-0.03567924397853824,0.0012730084508800574,0.03567924397853824
2016-01-12,22428.0,10.018065457243564,0.044607012222330766,0.04459706625225722,0.00198889831830822,0.04459706625225722
2016-01-13,22393.0,10.016503689004832,-0.15605493133582504,-0.15617682387317838,0.02439120031511378,0.15617682387317838
2016-01-14,22436.0,10.018422090628228,0.19202429330593684,0.19184016233961554,0.03680264788649004,0.19184016233961554
2016-01-15,22415.0,10.01748565658954,-0.09359957211624303,-0.09364340386876772,0.008769087088129141,0.09364340386876772
2016-01-18,22365.0,10.015252515866948,-0.22306491188935906,-0.22331407225913788,0.049869174868959455,0.22331407225913788
2016-01-19,22392.0,10.01645903119529,0.12072434607646176,0.12065153283409916,0.014556792375217707,0.12065153283409916
2016-01-20,22396.0,10.016637650468784,0.017863522686667466,0.017861927349439703,0.00031904844863666205,0.017861927349439703
2016-01-21,22336.0,10.0139550055621,-0.2679049830326852,-0.26826449066848934,0.071965836953624,0.26826449066848934
2016-01-22,22392.0,10.01645903119529,0.2507163323782313,0.25040256331905036,0.06270144371675103,0.25040256331905036
2016-01-25,22314.0,10.012969563153126,-0.3483386923901377,-0.3489468042164384,0.12176387217286541,0.3489468042164384
2016-01-26,22303.0,10.012476477547958,-0.049296405843868296,-0.049308560516722624,0.0024313341402312973,0.049308560516722624
2016-01-27,22268.0,10.010905949303398,-0.15692956104560452,-0.15705282445595206,0.024665589669592095,0.15705282445595206
2016-01-28,22171.0,10.00654040759221,-0.4356026585234374,-0.43655417111883,0.1905795443212487,0.43655417111883
2016-01-29,22198.0,10.007757473711925,0.12178070452393275,0.12170661197148194,0.014812499397576872,0.12170661197148194
2016-02-01,22236.0,10.00946787607336,0.1711865933867962,0.17104023614353267,0.02925476238003542,0.17104023614353267
2016-02-02,22263.0,10.010681386638243,0.12142471667566657,0.12135105648832059,0.014726078910831575,0.12135105648832059
2016-02-03,22219.0,10.008703057680439,-0.19763733548937568,-0.1978328957805201,0.03913785465290613,0.1978328957805201
2016-02-04,22288.0,10.011803696019587,0.3105450290292078,0.31006383391488956,0.09613958110200022,0.31006383391488956
2016-02-05,22236.0,10.00946787607336,-0.23330940416367296,-0.23358199462268214,0.05456054821191071,0.23358199462268214
2016-02-08,22214.0,10.008477999727065,-0.09893865803202173,-0.09898763462947802,0.009798551809539036,0.09898763462947802
2016-02-09,22192.0,10.007487142554613,-0.0990366435581147,-0.09908571724524817,0.00981797936200527,0.09908571724524817
2016-02-10,22214.0,10.008477999727065,0.09913482335976997,0.09908571724525067,0.009817979362005767,0.09908571724525067
2016-02-11,22214.0,10.008477999727065,0.0,0.0,0.0,0.0
2016-02-12,22246.0,10.009917496151974,0.1440532997208921,0.14394964249092218,0.02072149957326431,0.14394964249092218
2016-02-15,22330.0,10.013686344834204,0.37759597230961894,0.37688486822288686,0.1420422038953828,0.37688486822288686
2016-02-16,22348.0,10.01449211057904,0.08060904612627873,0.08057657448357439,0.006492584355507011,0.08057657448357439
2016-02-17,22356.0,10.01485002038959,0.035797386790759056,0.035790981054932246,0.001280994324874519,0.035790981054932246
2016-02-18,22316.0,10.01305918896542,-0.1789228842368984,-0.17908314241698484,0.03207077189794207,0.17908314241698484
2016-02-19,22333.0,10.013820684220475,0.07617852661767621,0.07614952550556667,0.005798750234722949,0.07614952550556667
2016-02-22,22358.0,10.014939477830271,0.11194196928312472,0.11187936097964571,0.012516991413213871,0.11187936097964571
2016-02-23,22335.0,10.01391023378622,-0.10287145540746057,-0.1029244044051999,0.010593433022165132,0.1029244044051999
2016-02-24,22348.0,10.01449211057904,0.05820461159615764,0.0581876792820422,0.0033858060202298034,0.0581876792820422
2016-02-25,22301.0,10.012386799492118,-0.21030964739574554,-0.21053110869214448,0.04432334772714355,0.21053110869214448
2016-02-26,22293.0,10.01202800682558,-0.03587283081476489,-0.03587926665390936,0.001287321775622332,0.03587926665390936
2016-02-29,22277.0,10.011310035064874,-0.07177140806531312,-0.07179717607050265,0.005154834491698759,0.07179717607050265
2016-03-01,22297.0,10.012207419250371,0.08977869551556328,0.08973841854967457,0.008052983763796578,0.08973841854967457
2016-03-02,22310.0,10.012790287426578,0.05830380768714338,0.05828681762077227,0.003397353108357169,0.05828681762077227
2016-03-03,22268.0,10.010905949303398,-0.18825638727028027,-0.1884338123179791,0.03550730162468737,0.1884338123179791
2016-03-04,22219.0,10.008703057680439,-0.22004670379018876,-0.22028916229603224,0.04852731502508763,0.22028916229603224
2016-03-07,22272.0,10.011085563134147,0.2385345875151934,0.2382505453708203,0.0567633223694933,0.2382505453708203
2016-03-08,22276.0,10.01126514470956,0.01795977011493921,0.01795815754129976,0.0003224954222781415,0.01795815754129976
2016-03-09,22273.0,10.011130461551485,-0.013467408870537767,-0.013468315807474382,0.00018139553068986433,0.013468315807474382
2016-03-10,22219.0,10.008703057680439,-0.2424460108651716,-0.24274038710464826,0.05892289553171449,0.24274038710464826
2016-03-11,22238.0,10.009557816263195,0.08551239929790455,0.08547585827565558,0.007306122347959959,0.08547585827565558
2016-03-14,22268.0,10.010905949303398,0.13490421800521624,0.13481330402038638,0.018174626940893127,0.13481330402038638
2016-03-15,22282.0,10.011534456619263,0.0628704867972063,0.06285073158635354,0.003950214460939859,0.06285073158635354
2016-03-16,22290.0,10.011893426379915,0.03590341980073131,0.035896976065265825,0.0012885928906302675,0.035896976065265825
2016-03-17,22247.0,10.009962447043133,-0.19291161956034308,-0.19309793367809808,0.037286811990751165,0.19309793367809808
2016-03-18,22270.0,10.010995760251413,0.10338472603048654,0.1033313208279833,0.010677361864055615,0.1033313208279833
2016-03-21,22268.0,10.010905949303398,-0.008980691513249539,-0.008981094801495384,8.066006383344742e-05,0.008981094801495384
2016-03-22,22290.0,10.011893426379915,0.09879647925274959,0.09874770765162579,0.009751109766450954,0.09874770765162579
2016-03-23,22345.0,10.014357861367552,0.24674742036787656,0.24644349876373245,0.0607343980829098,0.24644349876373245
2016-03-24,22323.0,10.01337281606537,-0.09845603043185935,-0.09850453021809079,0.009703142473486762,0.09850453021809079
2016-03-25,22300.0,10.01234195744821,-0.10303274649464678,-0.10308586171607984,0.010626694885746734,0.10308586171607984
2016-03-28,22301.0,10.012386799492118,0.004484304932739214,0.004484204390791292,2.0108089018391902e-05,0.004484204390791292
2016-03-29,22301.0,10.012386799492118,0.0,0.0,0.0,0.0
2016-03-30,22228.0,10.009108034399812,-0.32733958118470463,-0.32787650923061745,0.10750300530525517,0.32787650923061745
2016-03-31,22264.0,10.010726303205727,0.1619578909483499,0.16182688059148007,0.026187939281969146,0.16182688059148007
2016-04-01,22272.0,10.011085563134147,0.03593244699964249,0.035925992841950485,0.0012906769616798776,0.035925992841950485
2016-04-04,22273.0,10.011130461551485,0.004489942528729252,0.004489841733826772,2.0158678794812597e-05,0.004489841733826772
2016-04-05,22274.0,10.011175357953045,0.004489740941937548,0.00448964015608559,2.0156868731136244e-05,0.00448964015608559
2016-04-06,22265.0,10.010771217755803,-0.040405854359337745,-0.040414019724268,0.001633292990273523,0.040414019724268
2016-04-07,22260.0,10.010546624829535,-0.02245677071637253,-0.022459292626694383,0.0005044198252914887,0.022459292626694383
2016-04-08,22289.0,10.011848562206193,0.13027852650493443,0.13019373766570388,0.016950409327366123,0.13019373766570388
2016-04-11,22285.0,10.011669085380657,-0.017946072053476314,-0.017947682553670956,0.0003221193090473448,0.017947682553670956
2016-04-12,22238.0,10.009557816263195,-0.210904195647299,-0.21112691174617013,0.04457457286347511,0.21112691174617013
2016-04-13,22278.0,10.011354923405134,0.17987229067362165,0.17971071419405607,0.032295940796137707,0.17971071419405607
2016-04-14,22288.0,10.011803696019587,0.044887332794685264,0.044877261445185564,0.0020139685948195388,0.044877261445185564
2016-04-15,22282.0,10.011534456619263,-0.026920315865042177,-0.026923940032513024,0.0007248985468743574,0.026923940032513024
2016-04-18,22282.0,10.011534456619263,0.0,0.0,0.0,0.0
2016-04-19,22272.0,10.011085563134147,-0.044879274750919684,-0.04488934851156376,0.0020150536097926315,0.04488934851156376
2016-04-20,22271.0,10.01104066270085,-0.004489942528740354,-0.004490043329677192,2.0160489102378644e-05,0.004490043329677192
2016-04-21,22266.0,10.010816130288653,-0.022450720668132362,-0.022453241219686674,0.0005041480412694367,0.022453241219686674
2016-04-22,22266.0,10.010816130288653,0.0,0.0,0.0,0.0
2016-04-25,22276.0,10.01126514470956,0.04491152429713097,0.044901442090659625,0.0020161395018208597,0.044901442090659625
2016-04-26,22254.0,10.010277046717645,-0.09876099838390662,-0.09880979919133774,0.009763376416232488,0.09880979919133774
2016-04-27,22244.0,10.009827588307454,-0.044935741889096104,-0.04494584101911771,0.002020128624915804,0.04494584101911771
2016-04-28,22278.0,10.011354923405134,0.15285020679733918,0.15273350976804856,0.023327525006066583,0.15273350976804856
2016-04-29,22244.0,10.009827588307454,-0.15261693150192546,-0.15273350976804329,0.023327525006064973,0.15273350976804329
2016-05-02,22222.0,10.008838068143953,-0.09890307498651163,-0.09895201635005726,0.009791501539742,0.09895201635005726
2016-05-03,22228.0,10.009108034399812,0.027000270002708326,0.026996625585794076,0.0007288177930195514,0.026996625585794076
2016-05-04,22228.0,10.009108034399812,0.0,0.0,0.0,0.0
2016-05-05,22228.0,10.009108034399812,0.0,0.0,0.0,0.0
2016-05-06,22241.0,10.009692711382444,0.05848479395356154,0.05846769826320402,0.0034184717401970705,0.05846769826320402
2016-05-09,22251.0,10.010142230404668,0.04496200710399911,0.04495190222237661,0.0020206735134101076,0.04495190222237661
2016-05-10,22271.0,10.01104066270085,0.0898836007370507,0.08984322961817581,0.008071805908224263,0.08984322961817581
2016-05-11,22252.0,10.010187171195184,-0.08531273853891186,-0.08534915056656851,0.007284477502434782,0.08534915056656851
2016-05-12,22300.0,10.01234195744821,0.21571094733057183,0.21547862530262432,0.04643103796230877,0.21547862530262432
2016-05-13,22310.0,10.012790287426578,0.04484304932734773,0.044832997836800496,0.002009997695034558,0.044832997836800496
2016-05-16,22234.0,10.00937792779356,-0.3406544150605151,-0.34123596330179423,0.11644198265050346,0.34123596330179423
2016-05-17,22278.0,10.011354923405134,0.19789511558874207,0.19769956115748272,0.03908511648186125,0.19769956115748272
2016-05-18,22234.0,10.00937792779356,-0.19750426429661072,-0.19769956115747384,0.03908511648185774,0.19769956115747384
2016-05-19,22313.0,10.012924747234504,0.355311684807047,0.3546819440942904,0.12579928146650532,0.3546819440942904
2016-05-20,22315.0,10.01301437706337,0.008963384574012245,0.008962982886700143,8.033506222727964e-05,0.008962982886700143
2016-05-23,22276.0,10.01126514470956,-0.1747703338561557,-0.1749232353811109,0.03059813827619553,0.1749232353811109
2016-05-24,22309.0,10.01274546347265,0.14814149757587103,0.1480318763090538,0.021913436403579,0.1480318763090538
2016-05-25,22306.0,10.012610979554482,-0.01344748756106906,-0.01344839181674494,0.00018085924245669227,0.01344839181674494
2016-05-26,22356.0,10.01485002038959,0.2241549358916961,0.22390408351066265,0.05013303861274979,0.22390408351066265
2016-05-27,22370.0,10.015476054484175,0.06262300948292054,0.0626034094586602,0.003919186875848666,0.0626034094586602
2016-05-30,22415.0,10.01748565658954,0.201162270898525,0.200960210536458,0.04038500621885752,0.200960210536458
2016-05-31,22366.0,10.015297227588134,-0.218603613651569,-0.21884290014061947,0.04789221494195715,0.21884290014061947
2016-06-01,22409.0,10.01721794286315,0.1922561030134995,0.19207152750169737,0.03689147167683529,0.19207152750169737
2016-06-02,22364.0,10.015207802146536,-0.20081217368022042,-0.20101407166147434,0.04040665700592434,0.20101407166147434
2016-06-03,22388.0,10.016280380011251,0.10731532820604794,0.10725778647142953,0.011504232758750772,0.10725778647142953
2016-06-06,22348.0,10.01449211057904,-0.17866714311237653,-0.17882694322107548,0.03197907562179375,0.17882694322107548
2016-06-07,22318.0,10.013148806745647,-0.1342402004653631,-0.13433038333928352,0.01804465188807886,0.13433038333928352
2016-06-08,22288.0,10.011803696019587,-0.13442064701137957,-0.13451107260595757,0.01809322865360519,0.13451107260595757
2016-06-09,22296.0,10.012162569161784,0.0358937544867155,0.03588731421971607,0.001287899321904635,0.03588731421971607
2016-06-10,22320.0,10.013238416495247,0.10764262648008671,0.107584733346311,0.01157447484919684,0.107584733346311
2016-06-13,22344.0,10.014313107625012,0.10752688172042113,0.10746911297653593,0.011549610243963443,0.10746911297653593
2016-06-14,22344.0,10.014313107625012,0.0,0.0,0.0,0.0
2016-06-15,22322.0,10.01332801821566,-0.09846043680630245,-0.09850894093524809,0.009704011444184197,0.09850894093524809
2016-06-16,22262.0,10.010636468053171,-0.2687931188961601,-0.2691550162489138,0.07244442277195305,0.2691550162489138
2016-06-17,22322.0,10.01332801821566,0.2695175635612168,0.2691550162489014,0.07244442277194639,0.2691550162489014
2016-06-20,22322.0,10.01332801821566,0.0,0.0,0.0,0.0
2016-06-21,22322.0,10.01332801821566,0.0,0.0,0.0,0.0
2016-06-22,22257.0,10.010411844857636,-0.29119254547083084,-0.29161733580245797,0.08504067054052353,0.29161733580245797
2016-06-23,22281.0,10.011489576337405,0.10783124410298495,0.10777314797706049,0.011615051424885376,0.10777314797706049
2016-06-24,22288.0,10.011803696019587,0.03141690229342409,0.031411968218070886,0.0009867117473330955,0.031411968218070886
2016-06-27,22313.0,10.012924747234504,0.11216798277100537,0.11210512149163888,0.012567558264655115,0.11210512149163888
2016-06-28,22265.0,10.010771217755803,-0.2151212297763605,-0.21535294787004686,0.04637689215631912,0.21535294787004686
2016-06-29,22258.0,10.01045677353337,-0.03143947900291488,-0.03144442224322791,0.0009887516902104061,0.03144442224322791
2016-06-30,22281.0,10.011489576337405,0.1033336328511103,0.10328028040357091,0.010666816320240234,0.10328028040357091
2016-07-01,22281.0,10.011489576337405,0.0,0.0,0.0,0.0
2016-07-04,22305.0,10.012566147562366,0.10771509357749842,0.10765712249591164,0.011590056024099724,0.10765712249591164
2016-07-05,22305.0,10.012566147562366,0.0,0.0,0.0,0.0
2016-07-06,22278.0,10.011354923405134,-0.12104909213180859,-0.12112241572300533,0.01467063959057653,0.12112241572300533
2016-07-07,22278.0,10.011354923405134,0.0,0.0,0.0,0.0
2016-07-08,22275.0,10.01122025233901,-0.0134661998384078,-0.013467106612504495,0.00018136296051256227,0.013467106612504495
2016-07-11,22273.0,10.011130461551485,-0.008978675645343603,-0.008979078752554631,8.062385524457803e-05,0.008979078752554631
2016-07-12,22254.0,10.010277046717645,-0.08530507789700215,-0.08534148338386896,0.007283168786159182,0.08534148338386896
2016-07-13,22279.0,10.011399809730523,0.11233935472274581,0.11227630128777803,0.012605967830863906,0.11227630128777803
2016-07-14,22277.0,10.011310035064874,-0.008977063602499946,-0.008977466564970874,8.059490592516994e-05,0.008977466564970874
2016-07-15,22278.0,10.011354923405134,0.004488934775781495,0.004488834026119435,2.014963091404762e-05,0.004488834026119435
2016-07-18,22278.0,10.011354923405134,0.0,0.0,0.0,0.0
2016-07-19,22270.0,10.010995760251413,-0.03590986623575043,-0.0359163153721795,0.0012899817099138575,0.0359163153721795
2016-07-20,22248.0,10.010007395913801,-0.09878760664571162,-0.09883643376125344,0.009768640638642637,0.09883643376125344
2016-07-21,22280.0,10.01144469404122,0.14383315354189463,0.1437298127419584,0.020658259070838427,0.1437298127419584
2016-07-22,22282.0,10.011534456619263,0.008976660682225024,0.008976257804149823,8.05732041665606e-05,0.008976257804149823
2016-07-25,22278.0,10.011354923405134,-0.017951709900365653,-0.01795332141267295,0.000322321749746741,0.01795332141267295
2016-07-26,22278.0,10.011354923405134,0.0,0.0,0.0,0.0
2016-07-27,22300.0,10.01234195744821,0.09875213214831646,0.09870340430751319,0.009742362021892414,0.09870340430751319
2016-07-28,22278.0,10.011354923405134,-0.09865470852017388,-0.098703404307499,0.00974236202188961,0.098703404307499
2016-07-29,22273.0,10.011130461551485,-0.022443666397342632,-0.022446185365055597,0.0005038312374424361,0.022446185365055597
2016-08-01,22253.0,10.010232109966116,-0.0897948188389508,-0.08983515853684938,0.008070355709340863,0.08983515853684938
2016-08-02,22278.0,10.011354923405134,0.11234440300185167,0.11228134390191642,0.012607100188420425,0.11228134390191642
2016-08-03,22234.0,10.00937792779356,-0.19750426429661072,-0.19769956115747384,0.03908511648185774,0.19769956115747384
2016-08-04,22260.0,10.010546624829535,0.11693802284789001,0.11686970359755225,0.013658527618979717,0.11686970359755225
2016-08-05,22295.0,10.012117717061576,0.15723270440251014,0.1571092232041146,0.024683308015800303,0.1571092232041146
2016-08-08,22238.0,10.009557816263195,-0.255662704642301,-0.2559900798382551,0.06553092097559622,0.2559900798382551
2016-08-09,22273.0,10.011130461551485,0.15738825433941894,0.15726452882900047,0.024732132027807517,0.15726452882900047
2016-08-10,22276.0,10.01126514470956,0.013469222825834848,0.013468315807461825,0.00018139553068952606,0.013468315807461825
2016-08-11,22278.0,10.011354923405134,0.00897827258035111,0.008977869557581283,8.060214179294473e-05,0.008977869557581283
2016-08-12,22298.0,10.012252267327517,0.08977466558937053,0.08973439223817065,0.008052261150353861,0.08973439223817065
2016-08-15,22278.0,10.011354923405134,-0.08969414297246292,-0.08973439223816981,0.00805226115035371,0.08973439223816981
2016-08-16,22278.0,10.011354923405134,0.0,0.0,0.0,0.0
2016-08-17,22279.0,10.011399809730523,0.004488733279472967,0.004488632538855336,2.0147822068870904e-05,0.004488632538855336
2016-08-18,22257.0,10.010411844857636,-0.098747699627455,-0.09879648728880344,0.0097607459006067,0.09879648728880344
2016-08-19,22248.0,10.010007395913801,-0.04043671653861658,-0.04044489438348097,0.0016357894816909305,0.04044489438348097
2016-08-22,22248.0,10.010007395913801,0.0,0.0,0.0,0.0
2016-08-23,22275.0,10.01122025233901,0.12135922330096527,0.12128564252092296,0.014710207081713115,0.12128564252092296
2016-08-24,22276.0,10.01126514470956,0.004489337822666251,0.0044892370549116795,2.015324933519209e-05,0.0044892370549116795
2016-08-25,22278.0,10.011354923405134,0.00897827258035111,0.008977869557581283,8.060214179294473e-05,0.008977869557581283
2016-08-26,22283.0,10.011579334886969,0.022443666397342632,0.02244114818331518,0.0005036051317855102,0.02244114818331518
2016-08-29,22248.0,10.010007395913801,-0.15707041242202235,-0.15719389731674266,0.024709921353626634,0.15719389731674266
2016-08-30,22248.0,10.010007395913801,0.0,0.0,0.0,0.0
2016-08-31,22300.0,10.01234195744821,0.23372887450556767,0.23345615344092951,0.05450177557943483,0.23345615344092951
2016-09-01,22273.0,10.011130461551485,-0.12107623318385885,-0.12114958967256247,0.014677223077830254,0.12114958967256247
2016-09-02,22251.0,10.010142230404668,-0.0987743007228481,-0.09882311468167608,0.009766007995387703,0.09882311468167608
2016-09-05,22301.0,10.012386799492118,0.22470900184261566,0.22445690874502572,0.0503809038833728,0.22445690874502572
2016-09-06,22276.0,10.01126514470956,-0.1121025962961264,-0.11216547825587389,0.012581094512368919,0.11216547825587389
2016-09-07,22277.0,10.011310035064874,0.004489136290186657,0.004489035531478951,2.0151440002880506e-05,0.004489035531478951
2016-09-08,22255.0,10.010321981449955,-0.09875656506710406,-0.0988053614919173,0.009762499459548456,0.0988053614919173
2016-09-09,22277.0,10.011310035064874,0.09885419006965268,0.09880536149192824,0.009762499459550617,0.09880536149192824
2016-09-12,22226.0,10.009018053745592,-0.22893567356466749,-0.22919813192821648,0.052531783679384124,0.22919813192821648
2016-09-13,22278.0,10.011354923405134,0.23396022676145378,0.23368696595433094,0.05460959805694063,0.23368696595433094
2016-09-14,22258.0,10.01045677353337,-0.08977466558937053,-0.08981498717646519,0.008066731921508606,0.08981498717646519
2016-09-15,22283.0,10.011579334886969,0.11231916614251602,0.11225613535978601,0.0126014399259146,0.11225613535978601
2016-09-16,22288.0,10.011803696019587,0.022438630346011124,0.022436113261877864,0.0005033791782998117,0.022436113261877864
2016-09-19,22261.0,10.010591547450328,-0.1211414213926787,-0.12121485692578729,0.014693041539539082,0.12121485692578729
2016-09-20,22276.0,10.01126514470956,0.06738241768113884,0.06735972592300737,0.004537332676422672,0.06735972592300737
2016-09-21,22298.0,10.012252267327517,0.09876099838390662,0.0987122617957522,0.009744110628833118,0.0987122617957522
2016-09-22,22283.0,10.011579334886969,-0.06727060722935274,-0.0672932440548604,0.004528380695427004,0.0672932440548604
2016-09-23,22289.0,10.011848562206193,0.02692635641521335,0.026922731922478974,0.0007248334941696683,0.026922731922478974
2016-09-26,22289.0,10.011848562206193,0.0,0.0,0.0,0.0
2016-09-27,22278.0,10.011354923405134,-0.049351698147070966,-0.04936388010578817,0.002436792659098629,0.04936388010578817
2016-09-28,22291.0,10.011938288540932,0.05835353263308196,0.05833651357971888,0.0034031488166367248,0.05833651357971888
2016-09-29,22280.0,10.01144469404122,-0.04934727019872964,-0.04935944997119828,0.002436355301459226,0.04935944997119828
2016-09-30,22281.0,10.011489576337405,0.004488330341123614,0.004488229618591188,2.01442051091992e-05,0.004488229618591188
2016-10-03,22304.0,10.012521313560251,0.10322696467841563,0.10317372228442004,0.010644816970022631,0.10317372228442004
2016-10-04,22283.0,10.011579334886969,-0.0941535150645656,-0.09419786732822291,0.008873238209185485,0.09419786732822291
2016-10-05,22275.0,10.01122025233901,-0.035901808553606696,-0.03590825479581832,0.0012894027624814094,0.03590825479581832
2016-10-06,22253.0,10.010232109966116,-0.09876543209876854,-0.09881423728940802,0.009764253491087435,0.09881423728940802
2016-10-07,22253.0,10.010232109966116,0.0,0.0,0.0,0.0
2016-10-10,22295.0,10.012117717061576,0.18873859704309215,0.18856070954609847,0.035555141184528107,0.18856070954609847
2016-10-11,22258.0,10.01045677353337,-0.1659564924871071,-0.16609435282066212,0.027587334038914592,0.16609435282066212
2016-10-12,22248.0,10.010007395913801,-0.04492766645700641,-0.044937761956967706,0.002019402449701094,0.044937761956967706
2016-10-13,22253.0,10.010232109966116,0.022473930240929363,0.022471405231532474,0.000504964053079745,0.022471405231532474
2016-10-14,22256.0,10.010366914163225,0.01348132836023197,0.01348041971082461,0.00018172171557998866,0.01348041971082461
2016-10-17,22308.0,10.012700637509445,0.2336448598130758,0.23337233462200965,0.054462646566927245,0.23337233462200965
2016-10-18,22265.0,10.010771217755803,-0.19275596198673473,-0.1929419753641609,0.037226605857424475,0.1929419753641609
2016-10-19,22255.0,10.010321981449955,-0.04491354143274506,-0.04492363058480864,0.002018132584920354,0.04492363058480864
2016-10-20,22258.0,10.01045677353337,0.013480116827668809,0.01347920834156278,0.00018168905751525562,0.01347920834156278
2016-10-21,22273.0,10.011130461551485,0.06739149968550961,0.06736880181141298,0.004538555457505441,0.06736880181141298
2016-10-24,22265.0,10.010771217755803,-0.0359179275355781,-0.0359243795681742,0.001290561047358252,0.0359243795681742
2016-10-25,22283.0,10.011579334886969,0.08084437457893667,0.08081171311654928,0.006530532976831462,0.08081171311654928
2016-10-26,22313.0,10.012924747234504,0.13463178207602233,0.13454123475350202,0.01810134384899694,0.13454123475350202
2016-10-27,22325.0,10.0134624057447,0.053780307444095676,0.05376585101965921,0.002890766735868189,0.05376585101965921
2016-10-28,22283.0,10.011579334886969,-0.18812989921612733,-0.18830708577315813,0.03545955855237953,0.18830708577315813
2016-10-31,22284.0,10.011624211140706,0.004487726069202225,0.004487625373788475,2.0138781495470153e-05,0.004487625373788475
2016-11-01,22284.0,10.011624211140706,0.0,0.0,0.0,0.0
2016-11-02,22268.0,10.010905949303398,-0.07180039490217727,-0.07182618373077722,0.005159000669327366,0.07182618373077722
2016-11-03,22268.0,10.010905949303398,0.0,0.0,0.0,0.0
2016-11-04,22268.0,10.010905949303398,0.0,0.0,0.0,0.0
2016-11-07,22295.0,10.012117717061576,0.12125022453746137,0.12117677581787263,0.014683810997614961,0.12117677581787263
2016-11-08,22312.0,10.012879929307324,0.07625028033191317,0.07622122457478572,0.005809675075679919,0.07622122457478572
2016-11-09,22268.0,10.010905949303398,-0.19720329867336517,-0.1973980003926552,0.0389659705590187,0.1973980003926552
2016-11-10,22275.0,10.01122025233901,0.03143524339859205,0.03143030356116057,0.0009878639819467028,0.03143030356116057
2016-11-11,22320.0,10.013238416495247,0.20202020202020332,0.20181641562371952,0.0407298656152059,0.20181641562371952
2016-11-14,22304.0,10.012521313560251,-0.07168458781362519,-0.0717102934996861,0.005142366193811123,0.0717102934996861
2016-11-15,22307.0,10.012655809536781,0.013450502152090316,0.013449597653155123,0.00018089167703175577,0.013449597653155123
2016-11-16,22381.0,10.01596766362013,0.3317344331375871,0.3311854083347517,0.1096837746938562,0.3311854083347517
2016-11-17,22366.0,10.015297227588134,-0.06702113399759124,-0.06704360319957307,0.004494844729981805,0.06704360319957307
2016-11-18,22456.0,10.019313118041719,0.4023964946794134,0.40158904535846734,0.16127376135192514,0.40158904535846734
2016-11-21,22560.0,10.023933705611995,0.4631278945493422,0.46205875702767935,0.213498294945964,0.46205875702767935
2016-11-22,22478.0,10.020292332078212,-0.3634751773049616,-0.3641373533782773,0.1325960121253364,0.3641373533782773
2016-11-23,22554.0,10.023667712792234,0.33810837263101856,0.33753807140206116,0.11393194964582294,0.33753807140206116
2016-11-24,22760.0,10.032759888240268,0.9133634831958837,0.9092175448034213,0.8266765437783614,0.9092175448034213
2016-11-25,22725.0,10.03122091904568,-0.1537785588752172,-0.1538969194587616,0.023684261818896556,0.1538969194587616
2016-11-28,22700.0,10.030120203469494,-0.11001100110010764,-0.11007155761855161,0.012115747796574127,0.11007155761855161
2016-11-29,22670.0,10.028797743501574,-0.1321585903083733,-0.1322459967919397,0.01748900366749373,0.1322459967919397
2016-11-30,22640.0,10.027473532317119,-0.13233348037053894,-0.13242111844554932,0.017535352610370203,0.13242111844554932
2016-12-01,22680.0,10.029238757841688,0.17667844522968323,0.17652255245691492,0.03116021152590428,0.17652255245691492
2016-12-02,22660.0,10.028356534581997,-0.08818342151675207,-0.08822232596910375,0.007783178799398797,0.08822232596910375
2016-12-05,22710.0,10.030560635099604,0.22065313327448433,0.22041005176067618,0.04858059091714396,0.22041005176067618
2016-12-06,22720.0,10.031000872835088,0.044033465433734875,0.044023773548355315,0.0019380926374368691,0.044023773548355315
2016-12-07,22680.0,10.029238757841688,-0.17605633802817433,-0.17621149933993321,0.031050492499627283,0.17621149933993321
2016-12-08,22630.0,10.027031738627583,-0.22045855379189128,-0.2207019214105356,0.04870933811430223,0.2207019214105356
2016-12-09,22585.0,10.025041248088705,-0.19885108263367757,-0.19904905388785776,0.039620525853651306,0.19904905388785776
2016-12-12,22620.0,10.026589749670112,0.15497011290679374,0.15485015814068842,0.02397857147619621,0.15485015814068842
2016-12-13,22655.0,10.028135857101239,0.15473032714412582,0.154610743112718,0.023904481885866875,0.154610743112718
2016-12-14,22710.0,10.030560635099604,0.2427720150077306,0.24247779983656398,0.05879548341358078,0.24247779983656398
2016-12-15,22740.0,10.031880767304527,0.13210039630118242,0.13201322049228162,0.017427490384743765,0.13201322049228162
2016-12-16,22745.0,10.032100620004105,0.021987686895341696,0.021985269957745947,0.00048335209511496646,0.021985269957745947
2016-12-19,22755.0,10.032540180450741,0.043965706748738675,0.04395604466378798,0.001932133862484924,0.04395604466378798
2016-12-20,22760.0,10.032759888240268,0.02197319270489384,0.02197077895248478,0.0004827151277789481,0.02197077895248478
2016-12-21,22766.0,10.033023473885162,0.02636203866432929,0.026358564489478726,0.0006947739219460089,0.026358564489478726
2016-12-22,22759.0,10.032715950543913,-0.030747606079239986,-0.03075233412483673,0.0009457060541255977,0.03075233412483673
2016-12-23,22755.0,10.032540180450741,-0.01757546465134263,-0.01757700931712196,0.00030895125653419224,0.01757700931712196
2016-12-26,22762.0,10.032847757841836,0.030762469786860258,0.030757739109280625,0.000946038515114571,0.030757739109280625
2016-12-27,22762.0,10.032847757841836,0.0,0.0,0.0,0.0
2016-12-28,22770.0,10.033199159057785,0.03514629645902101,0.03514012159502872,0.0012348281457134037,0.03514012159502872
2016-12-29,22777.0,10.033506533859862,0.03074220465524302,0.030737480207749107,0.0009447926895217681,0.030737480207749107
2016-12-30,22770.0,10.033199159057785,-0.03073275672828002,-0.03073748020775571,0.000944792689522174,0.03073748020775571
2017-01-02,22770.0,10.033199159057785,0.0,0.0,0.0,0.0
2017-01-03,22745.0,10.032100620004105,-0.10979358805446315,-0.10985390536808959,0.012067880524621183,0.10985390536808959
2017-01-04,22725.0,10.03122091904568,-0.08793141349747735,-0.08797009584249323,0.007738737762537444,0.08797009584249323
2017-01-05,22675.0,10.029018274983338,-0.22002200220021528,-0.2202644062342183,0.04851640865371275,0.2202644062342183
2017-01-06,22560.0,10.023933705611995,-0.5071664829106926,-0.5084569371342131,0.25852845691990517,0.5084569371342131
2017-01-09,22580.0,10.024819837703653,0.08865248226950229,0.08861320916577982,0.007852300838658245,0.08861320916577982
2017-01-10,22570.0,10.024376869811581,-0.04428697962799433,-0.04429678920716831,0.001962205534064303,0.04429678920716831
2017-01-11,22570.0,10.024376869811581,0.0,0.0,0.0,0.0
2017-01-12,22570.0,10.024376869811581,0.0,0.0,0.0,0.0
2017-01-13,22560.0,10.023933705611995,-0.044306601683652413,-0.04431641995861928,0.001963945077948709,0.04431641995861928
2017-01-16,22570.0,10.024376869811581,0.04432624113475114,0.0443164199586171,0.001963945077948516,0.0443164199586171
2017-01-17,22570.0,10.024376869811581,0.0,0.0,0.0,0.0
2017-01-18,22572.0,10.02446547908903,0.008861320336728262,0.008860927744930084,7.851604050087175e-05,0.008860927744930084
2017-01-19,22564.0,10.024110994859866,-0.03544214070529961,-0.03544842291639906,0.001256590687259886,0.03544842291639906
2017-01-20,22570.0,10.024376869811581,0.026591029959233126,0.026587495171472096,0.000706894899493052,0.026587495171472096
2017-01-23,22550.0,10.023490344930824,-0.08861320336730483,-0.08865248807570016,0.007859263642012159,0.08865248807570016
2017-01-24,22570.0,10.024376869811581,0.08869179600887733,0.0886524880757052,0.007859263642013052,0.0886524880757052
2017-01-25,22590.0,10.025262609462049,0.08861320336730483,0.08857396504676068,0.007845347284104784,0.08857396504676068
2017-01-26,22590.0,10.025262609462049,0.0,0.0,0.0,0.0
2017-01-27,22590.0,10.025262609462049,0.0,0.0,0.0,0.0
2017-01-30,22590.0,10.025262609462049,0.0,0.0,0.0,0.0
2017-01-31,22590.0,10.025262609462049,0.0,0.0,0.0,0.0
2017-02-01,22590.0,10.025262609462049,0.0,0.0,0.0,0.0
2017-02-02,22640.0,10.027473532317119,0.2213368747233213,0.22109228550702079,0.048881798710717995,0.22109228550702079
2017-02-03,22615.0,10.026368681911944,-0.11042402826855202,-0.11048504051757152,0.012206944178169421,0.11048504051757152
2017-02-06,22580.0,10.024819837703653,-0.15476453681184665,-0.154884420829048,0.023989183815549635,0.154884420829048
2017-02-07,22590.0,10.025262609462049,0.04428697962799433,0.04427717583959919,0.001960468300330786,0.04427717583959919
2017-02-08,22650.0,10.02791513091118,0.26560424966799445,0.26525214491311233,0.07035870038100675,0.26525214491311233
2017-02-09,22665.0,10.02857716337495,0.06622516556291647,0.0662032463769582,0.004382869830848228,0.0662032463769582
2017-02-10,22640.0,10.027473532317119,-0.11030222810500812,-0.11036310578304022,0.012180015118078525,0.11036310578304022
2017-02-13,22670.0,10.028797743501574,0.13250883392226243,0.13242111844554508,0.01753535261036908,0.13242111844554508
2017-02-14,22740.0,10.031880767304527,0.30877812086458345,0.30830238029524015,0.09505035769571088,0.30830238029524015
2017-02-15,22775.0,10.03341872212816,0.15391380826736967,0.15379548236320315,0.02365305039533033,0.15379548236320315
2017-02-16,22760.0,10.032759888240268,-0.06586169045005308,-0.06588338878918283,0.004340620918346622,0.06588338878918283
2017-02-17,22760.0,10.032759888240268,0.0,0.0,0.0,0.0
2017-02-20,22814.0,10.035129661587844,0.2372583479789192,0.23697733475760469,0.05615825718881783,0.23697733475760469
2017-02-21,22830.0,10.035830739523842,0.07013237485753443,0.07010779359979374,0.00491510272343128,0.07010779359979374
2017-02-22,22830.0,10.035830739523842,0.0,0.0,0.0,0.0
2017-02-23,22790.0,10.03407712223973,-0.1752080595707417,-0.17536172841112846,0.03075173579133838,0.17536172841112846
2017-02-24,22815.0,10.035173493361503,0.10969723562965772,0.10963711217729351,0.01202029636657644,0.10963711217729351
2017-02-27,22777.0,10.033506533859862,-0.16655708963401183,-0.16669595016400682,0.027787539801081045,0.16669595016400682
2017-02-28,22750.0,10.032320424379096,-0.11854063309478802,-0.11861094807663636,0.014068557003638526,0.11861094807663636
2017-03-01,22790.0,10.03407712223973,0.17582417582417964,0.17566978606335054,0.030859873735543348,0.17566978606335054
2017-03-02,22815.0,10.035173493361503,0.10969723562965772,0.10963711217729351,0.01202029636657644,0.10963711217729351
2017-03-03,22840.0,10.036268663769947,0.10957703265395136,0.1095170408443555,0.011993982235304231,0.1095170408443555
2017-03-06,22800.0,10.034515814942532,-0.17513134851138146,-0.17528488274143605,0.030724790117678986,0.17528488274143605
2017-03-07,22800.0,10.034515814942532,0.0,0.0,0.0,0.0
2017-03-08,22795.0,10.034296492647542,-0.021929824561406353,-0.02193222949903832,0.0004810226907984866,0.02193222949903832
2017-03-09,22800.0,10.034515814942532,0.021934634788323137,0.021932229499027837,0.00048102269079802686,0.021932229499027837
2017-03-10,22760.0,10.032759888240268,-0.17543859649122862,-0.175592670226492,0.03083278583726957,0.175592670226492
2017-03-13,22800.0,10.034515814942532,0.17574692442883233,0.17559267022650124,0.030832785837272815,0.17559267022650124
2017-03-14,22800.0,10.034515814942532,0.0,0.0,0.0,0.0
2017-03-15,22825.0,10.03561170546317,0.10964912280702066,0.10958905206371096,0.01200976033222275,0.10958905206371096
2017-03-16,22770.0,10.033199159057785,-0.24096385542168308,-0.24125464053838783,0.058203801581306724,0.24125464053838783
2017-03-17,22782.0,10.033726029459856,0.052700922266146755,0.0526870402072095,0.00277592420579611,0.0526870402072095
2017-03-20,22790.0,10.03407712223973,0.03511544201562078,0.035109277987256,0.0012326614007864187,0.035109277987256
2017-03-21,22780.0,10.033638237001172,-0.04387889425186975,-0.04388852385568572,0.0019262025262310948,0.04388852385568572
2017-03-22,22773.0,10.033330902684877,-0.030728709394201026,-0.030733431629518946,0.0009445438197263155,0.030733431629518946
2017-03-23,22790.0,10.03407712223973,0.07464980459315207,0.07462195548519769,0.005568436240434826,0.07462195548519769
2017-03-24,22785.0,10.033857703697983,-0.021939447125929323,-0.021941854174698846,0.0004814449646237492,0.021941854174698846
2017-03-27,22773.0,10.033330902684877,-0.05266622778143937,-0.05268010131050646,0.0027751930740852245,0.05268010131050646
2017-03-28,22770.0,10.033199159057785,-0.013173494928209184,-0.013174362709264534,0.00017356383279525998,0.013174362709264534
2017-03-29,22773.0,10.033330902684877,0.01317523056654224,0.013174362709267128,0.0001735638327953283,0.013174362709267128
2017-03-30,22765.0,10.032979547768882,-0.03512931980854672,-0.035135491599545564,0.0012345027699417368,0.035135491599545564
2017-03-31,22750.0,10.032320424379096,-0.06589062156819869,-0.06591233897860038,0.004344436429629923,0.06591233897860038
2017-04-03,22730.0,10.03144091684659,-0.08791208791208982,-0.0879507532507604,0.007735334997376142,0.0879507532507604
2017-04-04,22690.0,10.029679577773887,-0.1759788825341002,-0.1761339072701521,0.03102315329025054,0.1761339072701521
2017-04-05,22680.0,10.029238757841688,-0.044072278536799736,-0.04408199321990318,0.0019432221262395898,0.04408199321990318
2017-04-06,22640.0,10.027473532317119,-0.17636684303351524,-0.17652255245691922,0.031160211525905798,0.17652255245691922
2017-04-07,22605.0,10.025926399728705,-0.15459363957597283,-0.15471325884137227,0.023936192461317455,0.15471325884137227
2017-04-10,22595.0,10.02548392184538,-0.04423800044237591,-0.04424778833254265,0.0019578667723214975,0.04424778833254265
2017-04-11,22653.0,10.028047572471536,0.2566939588404482,0.2563650626155161,0.0657230453298575,0.2563650626155161
2017-04-12,22670.0,10.028797743501574,0.07504524787003142,0.07501710300393483,0.005627565743102967,0.07501710300393483
2017-04-13,22590.0,10.025262609462049,-0.352889280988089,-0.3535134039525716,0.12497172677413405,0.3535134039525716
2017-04-14,22750.0,10.032320424379096,0.7082779991146593,0.7057814917047589,0.49812751403299466,0.7057814917047589
2017-04-17,22670.0,10.028797743501574,-0.3516483516483482,-0.3522680877521761,0.12409280564857485,0.3522680877521761
2017-04-18,22650.0,10.02791513091118,-0.08822232024702226,-0.08826125903945971,0.007790049847230608,0.08826125903945971
2017-04-19,22734.0,10.031616880246656,0.37086092715232777,0.3701749335475821,0.1370294814269568,0.3701749335475821
2017-04-20,22690.0,10.029679577773887,-0.19354271135744172,-0.1937302472768425,0.037531408709946534,0.1937302472768425
2017-04-21,22650.0,10.02791513091118,-0.17628911414719894,-0.1764446862707308,0.031132727313176616,0.1764446862707308
2017-04-24,22715.0,10.030780778193504,0.2869757174392973,0.28656472823236323,0.08211934346688819,0.28656472823236323
2017-04-25,22760.0,10.032759888240268,0.1981069777679867,0.19791100467634695,0.03916876577200103,0.19791100467634695
2017-04-26,22710.0,10.030560635099604,-0.2196836555360293,-0.2199253140663084,0.048367143767164396,0.2199253140663084
2017-04-27,22730.0,10.03144091684659,0.08806693086746975,0.08802817469848424,0.007748959540746862,0.08802817469848424
2017-04-28,22740.0,10.031880767304527,0.04399472063352228,0.04398504579381263,0.001934684253483794,0.04398504579381263
2017-05-01,22700.0,10.030120203469494,-0.17590149516271136,-0.17605638350330144,0.03099585017226155,0.17605638350330144
2017-05-02,22700.0,10.030120203469494,0.0,0.0,0.0,0.0
2017-05-03,22740.0,10.031880767304527,0.17621145374449032,0.1760563835032959,0.030995850172259597,0.1760563835032959
2017-05-04,22740.0,10.031880767304527,0.0,0.0,0.0,0.0
2017-05-05,22730.0,10.03144091684659,-0.04397537379067229,-0.043985045793809394,0.0019346842534835095,0.043985045793809394
2017-05-08,22690.0,10.029679577773887,-0.1759788825341002,-0.1761339072701521,0.03102315329025054,0.1761339072701521
2017-05-09,22730.0,10.03144091684659,0.17628911414719894,0.17613390727014533,0.031023153290248153,0.17613390727014533
2017-05-10,22738.0,10.031792812689051,0.03519577650681338,0.03518958424629397,0.0012383068394270205,0.03518958424629397
2017-05-11,22722.0,10.03108889712985,-0.0703667868765967,-0.0703915559202084,0.004954971144867827,0.0703915559202084
2017-05-12,22690.0,10.029679577773887,-0.1408326731801801,-0.1409319355962439,0.019861810470903837,0.1409319355962439
2017-05-15,22678.0,10.029150570531785,-0.052886734244161904,-0.05290072421023187,0.0027984866219670124,0.05290072421023187
2017-05-16,22600.0,10.025705185260378,-0.34394567422171285,-0.3445385271407863,0.11870679668434235,0.3445385271407863
2017-05-17,22630.0,10.027031738627583,0.13274336283186638,0.13265533672058927,0.01759743836045292,0.13265533672058927
2017-05-18,22680.0,10.029238757841688,0.22094564737074052,0.2207019214105252,0.04870933811429764,0.2207019214105252
2017-05-19,22600.0,10.025705185260378,-0.3527336860670194,-0.35335725813111274,0.12486135187393783,0.35335725813111274
2017-05-22,22625.0,10.026810768568128,0.11061946902655162,0.11055833077496541,0.012223144503746662,0.11055833077496541
2017-05-23,22675.0,10.029018274983338,0.22099447513812542,0.220750641521052,0.04873084573195601,0.220750641521052
2017-05-24,22600.0,10.025705185260378,-0.3307607497243681,-0.33130897229601264,0.10976563512384006,0.33130897229601264
2017-05-25,22625.0,10.026810768568128,0.11061946902655162,0.11055833077496541,0.012223144503746662,0.11055833077496541
2017-05-26,22675.0,10.029018274983338,0.22099447513812542,0.220750641521052,0.04873084573195601,0.220750641521052
2017-05-29,22740.0,10.031880767304527,0.2866593164277731,0.28624923211895725,0.08193862288869266,0.28624923211895725
2017-05-30,22700.0,10.030120203469494,-0.17590149516271136,-0.17605638350330144,0.03099585017226155,0.17605638350330144
2017-05-31,22710.0,10.030560635099604,0.04405286343611703,0.04404316301100455,0.0019398002080139192,0.04404316301100455
2017-06-01,22700.0,10.030120203469494,-0.044033465433734875,-0.04404316301101611,0.0019398002080149375,0.04404316301101611
2017-06-02,22675.0,10.029018274983338,-0.11013215859030367,-0.11019284861566439,0.01214246388603473,0.11019284861566439
2017-06-05,22700.0,10.030120203469494,0.11025358324145973,0.11019284861567347,0.01214246388603673,0.11019284861567347
2017-06-06,22700.0,10.030120203469494,0.0,0.0,0.0,0.0
2017-06-07,22700.0,10.030120203469494,0.0,0.0,0.0,0.0
2017-06-08,22685.0,10.029459192098065,-0.06607929515418665,-0.06610113714297855,0.004369360331594858,0.06610113714297855
2017-06-09,22675.0,10.029018274983338,-0.04408199250606204,-0.04409171147269294,0.0019440790205912022,0.04409171147269294
2017-06-12,22685.0,10.029459192098065,0.04410143329658389,0.044091711472693924,0.0019440790205912891,0.044091711472693924
2017-06-13,22690.0,10.029679577773887,0.02204099625302547,0.0220385675823086,0.0004856984610799835,0.0220385675823086
2017-06-14,22700.0,10.030120203469494,0.044072278536799736,0.04406256956066253,0.0019415100362882244,0.04406256956066253
2017-06-15,22670.0,10.028797743501574,-0.1321585903083733,-0.1322459967919397,0.01748900366749373,0.1322459967919397
2017-06-16,22685.0,10.029459192098065,0.06616674018526947,0.06614485964896215,0.004375142457980901,0.06614485964896215
2017-06-19,22700.0,10.030120203469494,0.06612298875909861,0.06610113714298362,0.004369360331595528,0.06610113714298362
2017-06-20,22720.0,10.031000872835088,0.08810572687225626,0.08806693655937049,0.007755785314952187,0.08806693655937049
2017-06-21,22675.0,10.029018274983338,-0.1980633802816878,-0.19825978517502765,0.039306942417648115,0.19825978517502765
2017-06-22,22670.0,10.028797743501574,-0.022050716648291946,-0.022053148176268262,0.00048634134448444417,0.022053148176268262
2017-06-23,22710.0,10.030560635099604,0.1764446404940445,0.17628915980294685,0.03107786786402893,0.17628915980294685
2017-06-26,22705.0,10.030340443532051,-0.022016732716867438,-0.022019156755267635,0.0004848432642130483,0.022019156755267635
2017-06-27,22700.0,10.030120203469494,-0.022021581149522795,-0.02202400625574211,0.0004850568515529676,0.02202400625574211
2017-06-28,22725.0,10.03122091904568,0.11013215859030367,0.1100715576185493,0.012115747796573617,0.1100715576185493
2017-06-29,22725.0,10.03122091904568,0.0,0.0,0.0,0.0
2017-06-30,22700.0,10.030120203469494,-0.11001100110010764,-0.11007155761855161,0.012115747796574127,0.11007155761855161
2017-07-03,22735.0,10.031660866259111,0.1541850220264207,0.15406627896167815,0.023736418313097633,0.15406627896167815
2017-07-04,22736.0,10.031704850336881,0.004398504508462686,0.00439840777708961,1.9345990973562363e-05,0.00439840777708961
2017-07-05,22735.0,10.031660866259111,-0.004398311048559034,-0.004398407777095725,1.9345990973616153e-05,0.004398407777095725
2017-07-06,22730.0,10.03144091684659,-0.021992522542335635,-0.021994941252204553,0.0004837774406879296,0.021994941252204553
2017-07-07,22705.0,10.030340443532051,-0.1099868015838057,-0.11004733145373452,0.012110415160088107,0.11004733145373452
2017-07-10,22705.0,10.030340443532051,0.0,0.0,0.0,0.0
2017-07-11,22700.0,10.030120203469494,-0.022021581149522795,-0.02202400625574211,0.0004850568515529676,0.02202400625574211
2017-07-12,22705.0,10.030340443532051,0.022026431718069617,0.022024006255753795,0.00048505685155348234,0.022024006255753795
2017-07-13,22705.0,10.030340443532051,0.0,0.0,0.0,0.0
2017-07-14,22705.0,10.030340443532051,0.0,0.0,0.0,0.0
2017-07-17,22715.0,10.030780778193504,0.04404316229904559,0.0440334661452098,0.001938946140761338,0.0440334661452098
2017-07-18,22715.0,10.030780778193504,0.0,0.0,0.0,0.0
2017-07-19,22730.0,10.03144091684659,0.06603565925600297,0.06601386530852622,0.004357830412972242,0.06601386530852622
2017-07-20,22725.0,10.03122091904568,-0.02199736031676114,-0.0219997800909298,0.00048399032404927115,0.0219997800909298
2017-07-21,22700.0,10.030120203469494,-0.11001100110010764,-0.11007155761855161,0.012115747796574127,0.11007155761855161
2017-07-24,22710.0,10.030560635099604,0.04405286343611703,0.04404316301100455,0.0019398002080139192,0.04404316301100455
2017-07-25,22725.0,10.03122091904568,0.06605019815060231,0.06602839460755097,0.004359748894450466,0.06602839460755097
2017-07-26,22705.0,10.030340443532051,-0.08800880088009055,-0.08804755136281067,0.007752371300986783,0.08804755136281067
2017-07-27,22700.0,10.030120203469494,-0.022021581149522795,-0.02202400625574211,0.0004850568515529676,0.02202400625574211
2017-07-28,22728.0,10.031352923534024,0.12334801762114989,0.12327200645298657,0.015195987574945162,0.12327200645298657
2017-07-31,22726.0,10.031264922477954,-0.008799718409013835,-0.008800105606949276,7.74418586934601e-05,0.008800105606949276
2017-08-01,22720.0,10.031000872835088,-0.026401478482795948,-0.026404964286675676,0.0006972221389806179,0.026404964286675676
2017-08-02,22720.0,10.031000872835088,0.0,0.0,0.0,0.0
2017-08-03,22725.0,10.03122091904568,0.022007042253524567,0.022004621059196483,0.00048420334795883335,0.022004621059196483
2017-08-04,22725.0,10.03122091904568,0.0,0.0,0.0,0.0
2017-08-07,22730.0,10.03144091684659,0.022002200220017087,0.021999780090925736,0.00048399032404909236,0.021999780090925736
2017-08-08,22725.0,10.03122091904568,-0.02199736031676114,-0.0219997800909298,0.00048399032404927115,0.0219997800909298
2017-08-09,22729.0,10.031396921158159,0.01760176017602255,0.01760021124797248,0.000309767435973257,0.01760021124797248
2017-08-10,22730.0,10.03144091684659,0.004399665625420823,0.004399568842971471,1.9356206004045327e-05,0.004399568842971471
2017-08-11,22727.0,10.031308923974013,-0.013198416190052242,-0.013199287257647466,0.00017422118410989477,0.013199287257647466
2017-08-14,22727.0,10.031308923974013,0.0,0.0,0.0,0.0
2017-08-15,22727.0,10.031308923974013,0.0,0.0,0.0,0.0
2017-08-16,22727.0,10.031308923974013,0.0,0.0,0.0,0.0
2017-08-17,22728.0,10.031352923534024,0.004400052800623833,0.004399956001140066,1.9359612811968483e-05,0.004399956001140066
2017-08-18,22728.0,10.031352923534024,0.0,0.0,0.0,0.0
2017-08-21,22727.0,10.031308923974013,-0.004399859204506917,-0.004399956001151302,1.935961281206736e-05,0.004399956001151302
2017-08-22,22728.0,10.031352923534024,0.004400052800623833,0.004399956001140066,1.9359612811968483e-05,0.004399956001140066
2017-08-23,22730.0,10.03144091684659,0.008799718409013835,0.008799331256505498,7.742823056171462e-05,0.008799331256505498
2017-08-24,22738.0,10.031792812689051,0.03519577650681338,0.03518958424629397,0.0012383068394270205,0.03518958424629397
2017-08-25,22732.0,10.031528902417012,-0.026387545078720986,-0.02639102720397578,0.0006964863168809897,0.02639102720397578
2017-08-28,22725.0,10.03122091904568,-0.030793594932254642,-0.03079833713325333,0.000948537570173531,0.03079833713325333
2017-08-29,22725.0,10.03122091904568,0.0,0.0,0.0,0.0
2017-08-30,22725.0,10.03122091904568,0.0,0.0,0.0,0.0
2017-08-31,22715.0,10.030780778193504,-0.04400440044004528,-0.044014085217592126,0.0019372396975414618,0.044014085217592126
2017-09-01,22725.0,10.03122091904568,0.04402377283734271,0.0440140852176014,0.0019372396975422777,0.0440140852176014
2017-09-04,22725.0,10.03122091904568,0.0,0.0,0.0,0.0
2017-09-05,22728.0,10.031352923534024,0.013201320132005812,0.013200448834420685,0.00017425184943015842,0.013200448834420685
2017-09-06,22720.0,10.031000872835088,-0.03519887363604424,-0.03520506989362171,0.0012393969462147897,0.03520506989362171
2017-09-07,22720.0,10.031000872835088,0.0,0.0,0.0,0.0
2017-09-08,22725.0,10.03122091904568,0.022007042253524567,0.022004621059196483,0.00048420334795883335,0.022004621059196483
2017-09-11,22710.0,10.030560635099604,-0.06600660066006236,-0.06602839460753947,0.004359748894448947,0.06602839460753947
2017-09-12,22720.0,10.031000872835088,0.044033465433734875,0.044023773548355315,0.0019380926374368691,0.044023773548355315
2017-09-13,22720.0,10.031000872835088,0.0,0.0,0.0,0.0
2017-09-14,22720.0,10.031000872835088,0.0,0.0,0.0,0.0
2017-09-15,22715.0,10.030780778193504,-0.022007042253524567,-0.022009464158401246,0.00048441651253994906,0.022009464158401246
2017-09-18,22721.0,10.031044885951003,0.026414263702401186,0.026410775749964272,0.0006975290757149008,0.026410775749964272
2017-09-19,22720.0,10.031000872835088,-0.00440121473527233,-0.0044013115915699725,1.9371543726088203e-05,0.0044013115915699725
2017-09-20,22725.0,10.03122091904568,0.022007042253524567,0.022004621059196483,0.00048420334795883335,0.022004621059196483
2017-09-21,22720.0,10.031000872835088,-0.022002200220017087,-0.02200462105918813,0.0004842033479584657,0.02200462105918813
2017-09-22,22715.0,10.030780778193504,-0.022007042253524567,-0.022009464158401246,0.00048441651253994906,0.022009464158401246
2017-09-25,22730.0,10.03144091684659,0.06603565925600297,0.06601386530852622,0.004357830412972242,0.06601386530852622
2017-09-26,22720.0,10.031000872835088,-0.04399472063352228,-0.044004401150122,0.001936387320580858,0.044004401150122
2017-09-27,22720.0,10.031000872835088,0.0,0.0,0.0,0.0
2017-09-28,22715.0,10.030780778193504,-0.022007042253524567,-0.022009464158401246,0.00048441651253994906,0.022009464158401246
2017-09-29,22720.0,10.031000872835088,0.022011886418660254,0.02200946415839198,0.0004844165125395412,0.02200946415839198
2017-10-02,22715.0,10.030780778193504,-0.022007042253524567,-0.022009464158401246,0.00048441651253994906,0.022009464158401246
2017-10-03,22715.0,10.030780778193504,0.0,0.0,0.0,0.0
2017-10-04,22720.0,10.031000872835088,0.022011886418660254,0.02200946415839198,0.0004844165125395412,0.02200946415839198
2017-10-05,22715.0,10.030780778193504,-0.022007042253524567,-0.022009464158401246,0.00048441651253994906,0.022009464158401246
2017-10-06,22715.0,10.030780778193504,0.0,0.0,0.0,0.0
2017-10-09,22725.0,10.03122091904568,0.04402377283734271,0.0440140852176014,0.0019372396975422777,0.0440140852176014
2017-10-10,22720.0,10.031000872835088,-0.022002200220017087,-0.02200462105918813,0.0004842033479584657,0.02200462105918813
2017-10-11,22718.0,10.030912840791366,-0.008802816901409827,-0.00880320437207588,7.74964072165359e-05,0.00880320437207588
2017-10-12,22719.0,10.030956857781932,0.004401795932751362,0.004401699056557046,1.9374954584495188e-05,0.004401699056557046
2017-10-13,22710.0,10.030560635099604,-0.03961441964874801,-0.03962226823281768,0.001569924139913353,0.03962226823281768
2017-10-16,22705.0,10.030340443532051,-0.022016732716867438,-0.022019156755267635,0.0004848432642130483,0.022019156755267635
2017-10-17,22718.0,10.030912840791366,0.05725611098876815,0.05723972593153974,0.003276386224717783,0.05723972593153974
2017-10-18,22719.0,10.030956857781932,0.004401795932751362,0.004401699056557046,1.9374954584495188e-05,0.004401699056557046
2017-10-19,22710.0,10.030560635099604,-0.03961441964874801,-0.03962226823281768,0.001569924139913353,0.03962226823281768
2017-10-20,22718.0,10.030912840791366,0.03522677234697458,0.03522056917626644,0.0012404884931001695,0.03522056917626644
2017-10-23,22723.0,10.031132906371798,0.022008979663712402,0.02200655804309269,0.00048428859690400765,0.02200655804309269
2017-10-24,22719.0,10.030956857781932,-0.01760330942217614,-0.01760485898654161,0.00030993105993601486,0.01760485898654161
2017-10-25,22720.0,10.031000872835088,0.004401602183201625,0.004401505315535206,1.937324904268467e-05,0.004401505315535206
2017-10-26,22720.0,10.031000872835088,0.0,0.0,0.0,0.0
2017-10-27,22700.0,10.030120203469494,-0.08802816901408717,-0.08806693655936361,0.0077557853149509744,0.08806693655936361
2017-10-30,22700.0,10.030120203469494,0.0,0.0,0.0,0.0
2017-10-31,22700.0,10.030120203469494,0.0,0.0,0.0,0.0
2017-11-01,22701.0,10.030164255362632,0.004405286343622805,0.004405189313733578,1.940569288983251e-05,0.004405189313733578
2017-11-02,22700.0,10.030120203469494,-0.004405092286685619,-0.004405189313725321,1.9405692889759767e-05,0.004405189313725321
2017-11-03,22700.0,10.030120203469494,0.0,0.0,0.0,0.0
2017-11-06,22705.0,10.030340443532051,0.022026431718069617,0.022024006255753795,0.00048505685155348234,0.022024006255753795
2017-11-07,22701.0,10.030164255362632,-0.017617264919622677,-0.017618816942024194,0.00031042271043655873,0.017618816942024194
2017-11-08,22700.0,10.030120203469494,-0.004405092286685619,-0.004405189313725321,1.9405692889759767e-05,0.004405189313725321
2017-11-09,22700.0,10.030120203469494,0.0,0.0,0.0,0.0
2017-11-10,22701.0,10.030164255362632,0.004405286343622805,0.004405189313733578,1.940569288983251e-05,0.004405189313733578
2017-11-13,22695.0,10.029899914890565,-0.026430553720102612,-0.02643404720653113,0.0006987588517171163,0.02643404720653113
2017-11-14,22710.0,10.030560635099604,0.06609385327165374,0.0660720209038247,0.004365511946315449,0.0660720209038247
2017-11-15,22701.0,10.030164255362632,-0.039630118890354726,-0.03963797369728581,0.001571168958826722,0.03963797369728581
2017-11-16,22701.0,10.030164255362632,0.0,0.0,0.0,0.0
2017-11-17,22712.0,10.030648698152808,0.0484560151535085,0.048444279017575205,0.0023468481695326773,0.048444279017575205
2017-11-20,22700.0,10.030120203469494,-0.05283550545966964,-0.05284946833130802,0.002793066302901929,0.05284946833130802
2017-11-21,22700.0,10.030120203469494,0.0,0.0,0.0,0.0
2017-11-22,22715.0,10.030780778193504,0.06607929515418665,0.06605747240096475,0.00436358966000422,0.06605747240096475
2017-11-23,22727.0,10.031308923974013,0.05282852740480237,0.05281457805087286,0.0027893796546917416,0.05281457805087286
2017-11-24,22715.0,10.030780778193504,-0.052800633607608116,-0.0528145780508739,0.0027893796546918513,0.0528145780508739
2017-11-27,22715.0,10.030780778193504,0.0,0.0,0.0,0.0
2017-11-28,22705.0,10.030340443532051,-0.04402377283733161,-0.04403346614521673,0.0019389461407619477,0.04403346614521673
2017-11-29,22715.0,10.030780778193504,0.04404316229904559,0.0440334661452098,0.001938946140761338,0.0440334661452098
2017-11-30,22705.0,10.030340443532051,-0.04402377283733161,-0.04403346614521673,0.0019389461407619477,0.04403346614521673
2017-12-01,22700.0,10.030120203469494,-0.022021581149522795,-0.02202400625574211,0.0004850568515529676,0.02202400625574211
2017-12-04,22702.0,10.030208305315284,0.008810572687223406,0.008810184579064222,7.761935231718103e-05,0.008810184579064222
2017-12-05,22705.0,10.030340443532051,0.013214694740559807,0.01321382167668868,0.00017460508330332763,0.01321382167668868
2017-12-06,22705.0,10.030340443532051,0.0,0.0,0.0,0.0
2017-12-07,22701.0,10.030164255362632,-0.017617264919622677,-0.017618816942024194,0.00031042271043655873,0.017618816942024194
2017-12-08,22710.0,10.030560635099604,0.03964583058015947,0.03963797369729657,0.0015711689588275746,0.03963797369729657
2017-12-11,22700.0,10.030120203469494,-0.044033465433734875,-0.04404316301101611,0.0019398002080149375,0.04404316301101611
2017-12-12,22701.0,10.030164255362632,0.004405286343622805,0.004405189313733578,1.940569288983251e-05,0.004405189313733578
2017-12-13,22701.0,10.030164255362632,0.0,0.0,0.0,0.0
2017-12-14,22705.0,10.030340443532051,0.017620369146742476,0.017618816942031594,0.00031042271043681954,0.017618816942031594
2017-12-15,22700.0,10.030120203469494,-0.022021581149522795,-0.02202400625574211,0.0004850568515529676,0.02202400625574211
2017-12-18,22714.0,10.030736753451592,0.06167400881056384,0.061654998209748166,0.0038013388042440494,0.061654998209748166
2017-12-19,22701.0,10.030164255362632,-0.057233424319802495,-0.057249808896033635,0.003277540618632372,0.057249808896033635
2017-12-20,22700.0,10.030120203469494,-0.004405092286685619,-0.004405189313725321,1.9405692889759767e-05,0.004405189313725321
2017-12-21,22705.0,10.030340443532051,0.022026431718069617,0.022024006255753795,0.00048505685155348234,0.022024006255753795
2017-12-22,22701.0,10.030164255362632,-0.017617264919622677,-0.017618816942024194,0.00031042271043655873,0.017618816942024194
2017-12-25,22710.5,10.030582651589956,0.04184837672349673,0.041839622732508366,0.001750554030398631,0.041839622732508366
2017-12-26,22690.0,10.029679577773887,-0.09026661676316827,-0.09030738160688731,0.008155423172691969,0.09030738160688731
2017-12-27,22710.0,10.030560635099604,0.08814455707359947,0.08810573257167278,0.0077626201119911226,0.08810573257167278
2017-12-28,22710.0,10.030560635099604,0.0,0.0,0.0,0.0
2017-12-29,22700.0,10.030120203469494,-0.044033465433734875,-0.04404316301101611,0.0019398002080149375,0.04404316301101611
2018-01-01,22700.0,10.030120203469494,0.0,0.0,0.0,0.0
2018-01-02,22700.0,10.030120203469494,0.0,0.0,0.0,0.0
2018-01-03,22708.0,10.030472564290617,0.03524229074889362,0.035236082112275156,0.0012415814826229972,0.035236082112275156
2018-01-04,22710.0,10.030560635099604,0.008807468733484924,0.008807080898729584,7.75646739567675e-05,0.008807080898729584
2018-01-05,22709.0,10.030516600664669,-0.004403346543369047,-0.0044034434935189964,1.9390314600614784e-05,0.0044034434935189964
2018-01-08,22700.0,10.030120203469494,-0.039631864018674356,-0.0396397195174913,0.0015713073634253804,0.0396397195174913
2018-01-09,22709.0,10.030516600664669,0.03964757709251643,0.039639719517493364,0.0015713073634255443,0.039639719517493364
2018-01-10,22701.0,10.030164255362632,-0.03522832357215622,-0.03523453020376906,0.001241472118680314,0.03523453020376906
2018-01-11,22695.0,10.029899914890565,-0.026430553720102612,-0.02643404720653113,0.0006987588517171163,0.02643404720653113
2018-01-12,22708.0,10.030472564290617,0.05728133950209102,0.057264940005084114,0.003279273353785883,0.057264940005084114
2018-01-15,22709.0,10.030516600664669,0.004403734366742462,0.0044036374052072065,1.939202239654006e-05,0.0044036374052072065
2018-01-16,22710.0,10.030560635099604,0.004403540446529242,0.004403443493533153,1.9390314600739457e-05,0.004403443493533153
2018-01-17,22700.0,10.030120203469494,-0.044033465433734875,-0.04404316301101611,0.0019398002080149375,0.04404316301101611
2018-01-18,22701.0,10.030164255362632,0.004405286343622805,0.004405189313733578,1.940569288983251e-05,0.004405189313733578
2018-01-19,22700.0,10.030120203469494,-0.004405092286685619,-0.004405189313725321,1.9405692889759767e-05,0.004405189313725321
2018-01-22,22701.0,10.030164255362632,0.004405286343622805,0.004405189313733578,1.940569288983251e-05,0.004405189313733578
2018-01-23,22710.0,10.030560635099604,0.03964583058015947,0.03963797369729657,0.0015711689588275746,0.03963797369729657
2018-01-24,22696.0,10.029943976488687,-0.061646851607222164,-0.06166586109168817,0.003802678424179381,0.06166586109168817
2018-01-25,22701.0,10.030164255362632,0.022030313711662863,0.022027887394395356,0.0004852278230601618,0.022027887394395356
2018-01-26,22710.0,10.030560635099604,0.03964583058015947,0.03963797369729657,0.0015711689588275746,0.03963797369729657
2018-01-29,22701.0,10.030164255362632,-0.039630118890354726,-0.03963797369728581,0.001571168958826722,0.03963797369728581
2018-01-30,22700.0,10.030120203469494,-0.004405092286685619,-0.004405189313725321,1.9405692889759767e-05,0.004405189313725321
2018-01-31,22700.0,10.030120203469494,0.0,0.0,0.0,0.0
2018-02-01,22709.0,10.030516600664669,0.03964757709251643,0.039639719517493364,0.0015713073634255443,0.039639719517493364
2018-02-02,22709.0,10.030516600664669,0.0,0.0,0.0,0.0
2018-02-05,22695.0,10.029899914890565,-0.06164956625126505,-0.06166857741029283,0.003803013439809279,0.06166857741029283
2018-02-06,22700.0,10.030120203469494,0.02203128442388458,0.022028857892808514,0.00048527058006155195,0.022028857892808514
2018-02-07,22691.0,10.02972364908127,-0.03964757709251643,-0.039655438822421916,0.0015725538281988474,0.039655438822421916
2018-02-08,22698.0,10.030032093861085,0.030849235379659667,0.030844477981430952,0.0009513818219469789,0.030844477981430952
2018-02-09,22690.0,10.029679577773887,-0.03524539607013821,-0.03525160871968376,0.001242675917325684,0.03525160871968376
2018-02-12,22702.0,10.030208305315284,0.0528867342441508,0.05287275413971902,0.002795528130319175,0.05287275413971902
2018-02-13,22700.0,10.030120203469494,-0.008809796493702837,-0.008810184579067327,7.761935231723575e-05,0.008810184579067327
2018-02-14,22695.0,10.029899914890565,-0.022026431718058515,-0.02202885789280269,0.0004852705800612953,0.02202885789280269
2018-02-15,22695.0,10.029899914890565,0.0,0.0,0.0,0.0
2018-02-16,22695.0,10.029899914890565,0.0,0.0,0.0,0.0
2018-02-19,22695.0,10.029899914890565,0.0,0.0,0.0,0.0
2018-02-20,22685.0,10.029459192098065,-0.04406256884776916,-0.0440722792501764,0.0019423657983055293,0.0440722792501764
2018-02-21,22715.0,10.030780778193504,0.13224597751817502,0.13215860954393124,0.017465898076585273,0.13215860954393124
2018-02-22,22710.0,10.030560635099604,-0.022011886418671356,-0.022014309389957545,0.0004846298179167729,0.022014309389957545
2018-02-23,22740.0,10.031880767304527,0.13210039630118242,0.13201322049228162,0.017427490384743765,0.13201322049228162
2018-02-26,22732.0,10.031528902417012,-0.03518029903254449,-0.03518648875149492,0.0012380889906590782,0.03518648875149492
2018-02-27,22750.0,10.032320424379096,0.07918352982578813,0.07915219620842828,0.006265070164617529,0.07915219620842828
2018-02-28,22756.0,10.032584125870539,0.026373626373632497,0.02637014914415959,0.0006953847658852208,0.02637014914415959
2018-03-01,22750.0,10.032320424379096,-0.02636667252592373,-0.026370149144149965,0.0006953847658847131,0.026370149144149965
2018-03-02,22760.0,10.032759888240268,0.04395604395603936,0.04394638611707035,0.0019312848527506337,0.04394638611707035
2018-03-05,22765.0,10.032979547768882,0.02196836555359294,0.021965952861513666,0.00048250308511424043,0.021965952861513666
2018-03-06,22769.0,10.033155240658164,0.017570832418178917,0.017569288928219618,0.00030867991344326045,0.017569288928219618
2018-03-07,22759.0,10.032715950543913,-0.043919364047606546,-0.04392901142511292,0.0019297580447877015,0.04392901142511292
2018-03-08,22756.0,10.032584125870539,-0.01318159848850975,-0.013182467337556278,0.0001737774451057381,0.013182467337556278
2018-03-09,22760.0,10.032759888240268,0.01757778168394175,0.017576236972911746,0.0003089241061279499,0.017576236972911746
2018-03-12,22758.0,10.032672010916954,-0.008787346221439396,-0.008787732331326847,7.72242395270472e-05,0.008787732331326847
2018-03-13,22762.0,10.032847757841836,0.017576236927663302,0.017574692488107536,0.0003088698160515435,0.017574692488107536
2018-03-14,22765.0,10.032979547768882,0.013179861172130103,0.013178992704735213,0.00017368584871146398,0.013178992704735213
2018-03-15,22767.0,10.033067398072022,0.00878541620910056,0.00878503031401222,7.717675761811364e-05,0.00878503031401222
2018-03-16,22764.0,10.032935619723014,-0.01317696666227608,-0.013177834900800678,0.00017365533267276042,0.013177834900800678
2018-03-19,22765.0,10.032979547768882,0.004392901071859079,0.004392804586785595,1.9296732137684564e-05,0.004392804586785595
2018-03-20,22774.0,10.03337481337055,0.039534372940908113,0.03952656016677531,0.0015623489586177087,0.03952656016677531
2018-03-21,22773.5,10.033352858268733,-0.0021954860806139287,-0.002195510181762338,4.820264958222095e-06,0.002195510181762338
2018-03-22,22794.0,10.03425262241568,0.09001690561398767,0.0899764146947992,0.008095755201330476,0.0899764146947992
2018-03-23,22802.0,10.034603530393666,0.03509695533912005,0.03509079779844707,0.001231364090131498,0.03509079779844707
2018-03-26,22810.0,10.034954315278434,0.035084641698102104,0.03507848847686836,0.0012305003538217864,0.03507848847686836
2018-03-27,22815.0,10.035173493361503,0.021920210434012155,0.021917808306912596,0.00048039032097856683,0.021917808306912596
2018-03-28,22818.0,10.035304977156315,0.013149243918464393,0.013148379481163404,0.00017287988298067883,0.013148379481163404
2018-03-29,22809.0,10.034910473896547,-0.03944254535892533,-0.039450325976830375,0.0015563282196781774,0.039450325976830375
2018-03-30,22793.0,10.034208750259138,-0.07014774869569251,-0.07017236374086773,0.004924160632980648,0.07017236374086773
2018-04-02,22792.0,10.034164876177744,-0.004387311894005208,-0.004387408139348551,1.9249350181221912e-05,0.004387408139348551
2018-04-03,22809.0,10.034910473896547,0.07458757458758125,0.07455977188021806,0.005559159582830156,0.07455977188021806
2018-04-04,22815.0,10.035173493361503,0.02630540576087359,0.02630194649564824,0.0006917923894599428,0.02630194649564824
2018-04-05,22813.0,10.035085827892875,-0.008766162612316997,-0.008766546862807905,7.685234389780712e-05,0.008766546862807905
2018-04-06,22800.0,10.034515814942532,-0.05698505238241891,-0.05700129503427628,0.0032491476355846092,0.05700129503427628
2018-04-09,22790.0,10.03407712223973,-0.0438596491228016,-0.04386927028021424,0.0019245128749184885,0.04386927028021424
2018-04-10,22790.0,10.03407712223973,0.0,0.0,0.0,0.0
2018-04-11,22788.0,10.033989360600286,-0.00877577885037839,-0.008776163944380709,7.702105357864797e-05,0.008776163944380709
2018-04-12,22786.0,10.033901591258061,-0.00877654906090708,-0.008776934222510269,7.703457434627194e-05,0.008776934222510269
2018-04-13,22784.0,10.033813814211703,-0.00877731940664983,-0.008777704635871695,7.704809867460344e-05,0.008777704635871695
2018-04-16,22775.0,10.03341872212816,-0.03950140449437978,-0.0395092083543221,0.0015609775447852354,0.0395092083543221
2018-04-17,22770.0,10.033199159057785,-0.02195389681668436,-0.021956307037376242,0.0004820794187195375,0.021956307037376242
2018-04-18,22773.0,10.033330902684877,0.01317523056654224,0.013174362709267128,0.0001735638327953283,0.013174362709267128
2018-04-19,22778.0,10.033550436834297,0.021955824880337538,0.02195341494184812,0.00048195242760896035,0.02195341494184812
2018-04-20,22771.0,10.033243075528665,-0.03073140749846326,-0.030736130563165067,0.0009447097219959298,0.030736130563165067
2018-04-23,22769.0,10.033155240658164,-0.00878310131307014,-0.008783487050000129,7.714964475751996e-05,0.008783487050000129
2018-04-24,22768.0,10.033111320329633,-0.004391936404757324,-0.004392032853108218,1.9289952582781916e-05,0.004392032853108218
2018-04-25,22768.0,10.033111320329633,0.0,0.0,0.0,0.0
2018-04-26,22765.0,10.032979547768882,-0.01317638791286102,-0.013177256075115626,0.00017364007766917166,0.013177256075115626
2018-04-27,22763.0,10.03289168974739,-0.008785416209089458,-0.008785802149383766,7.719031940811641e-05,0.008785802149383766
2018-04-30,22763.0,10.03289168974739,0.0,0.0,0.0,0.0
2018-05-01,22763.0,10.03289168974739,0.0,0.0,0.0,0.0
2018-05-02,22760.0,10.032759888240268,-0.013179282168429562,-0.013180150712134658,0.00017371637279458375,0.013180150712134658
2018-05-03,22762.0,10.032847757841836,0.008787346221450498,0.008786960156798813,7.721066879716983e-05,0.008786960156798813
2018-05-04,22767.0,10.033067398072022,0.021966435286890906,0.021964023018747923,0.00048241830716808863,0.021964023018747923
2018-05-07,22767.0,10.033067398072022,0.0,0.0,0.0,0.0
2018-05-08,22772.0,10.033286990070973,0.021961611103793466,0.021959199895002498,0.0004822064600286777,0.021959199895002498
2018-05-09,22774.0,10.03337481337055,0.008782715615662795,0.008782329957775526,7.712931948724147e-05,0.008782329957775526
2018-05-10,22769.0,10.033155240658164,-0.021954860806183696,-0.02195727123855996,0.00048212176024369245,0.02195727123855996
2018-05-11,22769.0,10.033155240658164,0.0,0.0,0.0,0.0
2018-05-14,22765.0,10.032979547768882,-0.017567745619040398,-0.017569288928223476,0.000308679913443396,0.017569288928223476
2018-05-15,22768.0,10.033111320329633,0.013178124313628636,0.013177256075104041,0.00017364007766886634,0.013177256075104041
2018-05-16,22770.0,10.033199159057785,0.008784258608574014,0.008783872815170063,7.715642163308365e-05,0.008783872815170063
2018-05-17,22773.0,10.033330902684877,0.01317523056654224,0.013174362709267128,0.0001735638327953283,0.013174362709267128
2018-05-18,22785.0,10.033857703697983,0.05269397971281453,0.05268010131049897,0.002775193074084435,0.05268010131049897
2018-05-21,22770.0,10.033199159057785,-0.06583278472679366,-0.06585446401976176,0.004336810431330097,0.06585446401976176
2018-05-22,22769.0,10.033155240658164,-0.004391743522180747,-0.004391839962060175,1.928825825234872e-05,0.004391839962060175
2018-05-23,22773.0,10.033330902684877,0.0175677456190515,0.017566202671325595,0.00030857147629008647,0.017566202671325595
2018-05-24,22777.0,10.033506533859862,0.017564659904278912,0.017563117498500723,0.0003084630962661423,0.017563117498500723
2018-05-25,22769.0,10.033155240658164,-0.03512315054660098,-0.035129320169808895,0.001234069135592942,0.035129320169808895
2018-05-28,22814.0,10.035129661587844,0.197637138214235,0.19744209296784215,0.038983380075522024,0.19744209296784215
2018-05-29,22830.0,10.035830739523842,0.07013237485753443,0.07010779359979374,0.00491510272343128,0.07010779359979374
2018-05-30,22850.0,10.036706396322352,0.08760402978535975,0.08756567985094423,0.00766774828775806,0.08756567985094423
2018-05-31,22804.0,10.034691238151472,-0.20131291028446796,-0.20151581708783145,0.04060862453657634,0.20151581708783145
2018-06-01,22796.0,10.03434036095489,-0.035081564637784446,-0.03508771965823203,0.0012311480708146823,0.03508771965823203
2018-06-04,22826.0,10.035655516113545,0.13160203544482219,0.13151551586552218,0.017296330913374416,0.13151551586552218
2018-06-05,22829.0,10.035786936549613,0.013142907211083354,0.013142043606701213,0.00017271331016043622,0.013142043606701213
2018-06-06,22805.0,10.034735089145801,-0.1051294406237635,-0.1051847403811406,0.01106382960904795,0.1051847403811406
2018-06-07,22801.0,10.034559673629849,-0.01754001315501519,-0.017541551595220285,0.00030770603236777533,0.017541551595220285
2018-06-08,22790.0,10.03407712223973,-0.04824349809219308,-0.04825513901187574,0.002328558441055452,0.04825513901187574
2018-06-11,22814.0,10.035129661587844,0.10530934620447407,0.10525393481132252,0.01107839079326613,0.10525393481132252
2018-06-12,22812.0,10.03504199227643,-0.008766546857197355,-0.008766931141375485,7.685908163761926e-05,0.008766931141375485
2018-06-13,22810.0,10.034954315278434,-0.00876731544801057,-0.008767699799576437,7.687255977549269e-05,0.008767699799576437
2018-06-14,22812.0,10.03504199227643,0.008768084173604862,0.00876769979957248,7.68725597754233e-05,0.00876769979957248
2018-06-15,22815.0,10.035173493361503,0.013150973172004754,0.013150108507334947,0.00017292535375468295,0.013150108507334947
2018-06-18,22835.0,10.0360497256191,0.08766162612316997,0.08762322575964729,0.007677829692526116,0.08762322575964729
2018-06-19,22852.0,10.036793919844353,0.07444712064812453,0.07441942252537793,0.0055382504490107285,0.07441942252537793
2018-06-20,22866.0,10.037406370101916,0.06126378435147295,0.06124502575620019,0.0037509531798776245,0.06124502575620019
2018-06-21,22876.0,10.037843605035206,0.043733053441785685,0.04372349332915353,0.0019117438689045334,0.04372349332915353
2018-06-22,22891.0,10.038499099192006,0.0655709040041863,0.06554941567980595,0.00429672589596399,0.06554941567980595
2018-06-25,22895.0,10.038673825091196,0.017474116464977207,0.017472589919077065,0.00030529139848023347,0.017472589919077065
2018-06-26,22920.0,10.039765170828677,0.10919414719370302,0.1091345737479963,0.011910355187156843,0.1091345737479963
2018-06-27,22935.0,10.040419407031273,0.06544502617800152,0.06542362025964106,0.004280250087877717,0.06542362025964106
2018-06-28,22935.0,10.040419407031273,0.0,0.0,0.0,0.0
2018-06-29,22956.0,10.041334619228254,0.09156311314584276,0.09152121969807764,0.008376133655023795,0.09152121969807764
2018-07-02,22952.0,10.0411603576612,-0.017424638438756634,-0.0174261567052511,0.0003036709375159678,0.0174261567052511
2018-07-03,23045.0,10.045204105154609,0.40519344719414097,0.40437474934078993,0.16351893790442668,0.40437474934078993
2018-07-04,23038.0,10.044900305486452,-0.030375352571054837,-0.03037996681569296,0.0009229423837226054,0.03037996681569296
2018-07-05,23040.0,10.044987114809828,0.008681309141422844,0.008680932337588312,7.535858624978647e-05,0.008680932337588312
2018-07-06,23035.0,10.044770077370018,-0.021701388888883955,-0.021703743981013785,0.0004710525027933921,0.021703743981013785
2018-07-09,23038.0,10.044900305486452,0.013023659648370156,0.013022811643443691,0.00016959362310061258,0.013022811643443691
2018-07-10,23039.0,10.044943711090122,0.004340654570711422,0.004340560367026939,1.8840464299805033e-05,0.004340560367026939
2018-07-11,23043.0,10.045117314666792,0.017361864664255933,0.017360357666958863,0.0003013820183247374,0.017360357666958863
2018-07-12,23047.0,10.045290888110491,0.017358850844084728,0.017357344369906807,0.00030127740357553553,0.017357344369906807
2018-07-13,23050.0,10.045421048424794,0.013016878552529754,0.013016031430405271,0.0001694170741972979,0.013016031430405271
2018-07-16,23050.0,10.045421048424794,0.0,0.0,0.0,0.0
2018-07-17,23050.0,10.045421048424794,0.0,0.0,0.0,0.0
2018-07-18,23049.0,10.045377663535744,-0.004338394793923506,-0.004338488904992395,1.882248597874211e-05,0.004338488904992395
2018-07-19,23050.0,10.045421048424794,0.004338583018781428,0.0043384889049905,1.8822485978725666e-05,0.0043384889049905
2018-07-20,23053.0,10.045551191799596,0.013015184381770517,0.013014337480131137,0.00016937298004674609,0.013014337480131137
2018-07-23,23220.0,10.052769255251883,0.7244176462933183,0.7218063452286463,0.5210044000123357,0.7218063452286463
2018-07-24,23248.0,10.053974385810065,0.12058570198105745,0.12051305581817165,0.014523396622633756,0.12051305581817165
2018-07-25,23215.0,10.052553900454022,-0.14194769442532618,-0.14204853560420516,0.02017778646729914,0.14204853560420516
2018-07-26,23175.0,10.050829390434055,-0.17230239069566666,-0.17245100199661373,0.02973934808963607,0.17245100199661373
2018-07-27,23230.0,10.053199825764455,0.2373247033441217,0.2370435330398932,0.05618963655603494,0.2370435330398932
2018-07-30,23255.0,10.054275441658197,0.10761945759794056,0.10756158937426313,0.011569495508717597,0.10756158937426313
2018-07-31,23280.0,10.055349901845375,0.10750376263168882,0.10744601871767043,0.011544646938277984,0.10744601871767043
2018-08-01,23290.0,10.055779362878386,0.04295532646048095,0.04294610330125523,0.0018443677887620851,0.04294610330125523
2018-08-02,23280.0,10.055349901845375,-0.04293688278230734,-0.04294610330125272,0.0018443677887618696,0.04294610330125272
2018-08-03,23304.0,10.05638029863927,0.10309278350515427,0.10303967938964016,0.010617175528719837,0.10303967938964016
2018-08-06,23306.0,10.056466117133208,0.00858221764503675,0.008581849393807479,7.36481390179938e-05,0.008581849393807479
2018-08-07,23302.0,10.056294472779886,-0.017162962327299525,-0.01716443533222203,0.000294617840274032,0.01716443533222203
2018-08-08,23282.0,10.055435808808186,-0.08582954252853714,-0.08586639717001289,0.007373038162958398,0.08586639717001289
2018-08-09,23275.0,10.055135102145268,-0.030066145520146748,-0.030070666291849513,0.0009042449712357745,0.030070666291849513
2018-08-10,23275.0,10.055135102145268,0.0,0.0,0.0,0.0
2018-08-13,23310.0,10.056637732029802,0.15037593984963404,0.15026298845350966,0.02257896569897958,0.15026298845350966
2018-08-14,23314.0,10.056809317479777,0.017160017160011698,0.017158544997480193,0.0002944156664305526,0.017158544997480193
2018-08-15,23310.0,10.056637732029802,-0.01715707300334879,-0.017158544997488815,0.00029441566643084846,0.017158544997488815
2018-08-16,23312.0,10.056723528434986,0.008580008580016951,0.008579640518333783,7.361023142383479e-05,0.008579640518333783
2018-08-17,23293.0,10.055908165231354,-0.08150308853809296,-0.08153632036316867,0.006648171538365274,0.08153632036316867
2018-08-20,23272.0,10.055006200175038,-0.09015584081054628,-0.09019650563168564,0.0081354096281667,0.09019650563168564
2018-08-21,23268.0,10.054834305030653,-0.017188037126159017,-0.01718951443854336,0.0002954794066328907,0.01718951443854336
2018-08-22,23274.0,10.055092136668023,0.025786487880341546,0.02578316373699647,0.0006647715322887697,0.02578316373699647
2018-08-23,23281.0,10.05539285624928,0.030076480192486876,0.030071958125879285,0.0009043226655246372,0.030071958125879285
2018-08-24,23300.0,10.056208639553791,0.08161161462136857,0.08157833045109782,0.0066550239991885135,0.08157833045109782
2018-08-27,23293.0,10.055908165231354,-0.030042918454931122,-0.030047432243749467,0.0009028481844427152,0.030047432243749467
2018-08-28,23295.0,10.055994024250897,0.008586270553379016,0.008585901954268064,7.371771236830416e-05,0.008585901954268064
2018-08-29,23300.0,10.056208639553791,0.021463833440660274,0.02146153028948756,0.00046059728236659195,0.02146153028948756
2018-08-30,23302.0,10.056294472779886,0.008583690987129522,0.008583322609454826,7.36734270179784e-05,0.008583322609454826
2018-08-31,23303.0,10.056337386630338,0.004291477126416865,0.004291385045171653,1.8415985605922908e-05,0.004291385045171653
2018-09-03,23303.0,10.056337386630338,0.0,0.0,0.0,0.0
2018-09-04,23312.0,10.056723528434986,0.0386216366991432,0.038614180464787984,0.001491054932967214,0.038614180464787984
2018-09-05,23313.0,10.056766423877352,0.004289636238841155,0.004289544236576879,1.840018975754992e-05,0.004289544236576879
2018-09-06,23314.0,10.056809317479777,0.004289452236938551,0.00428936024256678,1.8398611290512545e-05,0.00428936024256678
2018-09-07,23302.0,10.056294472779886,-0.05147121901003526,-0.05148446998912256,0.0026506506500608615,0.05148446998912256
2018-09-10,23302.0,10.056294472779886,0.0,0.0,0.0,0.0
2018-09-11,23283.0,10.055478759522249,-0.08153806540210917,-0.08157132576378945,0.00665388118686226,0.08157132576378945
2018-09-12,23280.0,10.055349901845375,-0.012884937508050864,-0.012885767687436624,0.0001660430088945858,0.012885767687436624
2018-09-13,23276.0,10.05517806577656,-0.01718213058419238,-0.017183606881358067,0.0002952763454530563,0.017183606881358067
2018-09-14,23247.0,10.05393137043206,-0.1245918542704949,-0.1246695344500687,0.015542492819996867,0.1246695344500687
2018-09-17,23289.0,10.05573642507379,0.18066847335140857,0.18050546417302404,0.03258222259631886,0.18050546417302404
2018-09-18,23280.0,10.055349901845375,-0.03864485379363458,-0.03865232284158866,0.0014940020610503966,0.03865232284158866
2018-09-19,23305.0,10.05642320880684,0.10738831615120237,0.10733069614671897,0.011519878335339314,0.10733069614671897
2018-09-20,23320.0,10.057066640464429,0.06436387041406366,0.0643431657587256,0.004140042979854839,0.0643431657587256
2018-09-21,23332.0,10.057581087873528,0.05145797598626878,0.05144474090994605,0.0026465613672914767,0.05144474090994605
2018-09-24,23337.0,10.057795362874884,0.02142979598833694,0.02142750013554829,0.00045913776205892197,0.02142750013554829
2018-09-25,23345.0,10.058138107405037,0.03428032737713416,0.034274453015370694,0.0011747381295028534,0.034274453015370694
2018-09-26,23348.0,10.058266606323683,0.012850717498391617,0.012849891864423002,0.00016511972092736447,0.012849891864423002
2018-09-27,23345.0,10.058138107405037,-0.012849066301179324,-0.012849891864422255,0.00016511972092734525,0.012849891864422255
2018-09-28,23325.0,10.057281025715545,-0.08567144998928855,-0.08570816894927977,0.007345890224638284,0.08570816894927977
2018-10-01,23330.0,10.057495365015475,0.02143622722401428,0.02143392999311351,0.0004594133549496909,0.02143392999311351
2018-10-02,23325.0,10.057281025715545,-0.021431633090440716,-0.021433929993107028,0.00045941335494941306,0.021433929993107028
2018-10-03,23340.0,10.057923905840546,0.06430868167202064,0.0642880125002352,0.004132948551230398,0.0642880125002352
2018-10-04,23348.0,10.058266606323683,0.03427592116538314,0.034270048313468866,0.0011744362114074903,0.034270048313468866
2018-10-05,23330.0,10.057495365015475,-0.07709439780709815,-0.077124130820605,0.005948131554833794,0.077124130820605
2018-10-08,23350.0,10.058352263097044,0.08572653236176286,0.08568980815676863,0.007342743221943812,0.08568980815676863
2018-10-09,23355.0,10.058566372936209,0.021413276231263545,0.02141098391650272,0.0004584302322727381,0.02141098391650272
2018-10-10,23350.0,10.058352263097044,-0.021408691928925805,-0.02141098391650522,0.00045843023227284523,0.02141098391650522
2018-10-11,23345.0,10.058138107405037,-0.021413276231263545,-0.021415569200597406,0.0004586266041855762,0.021415569200597406
2018-10-12,23343.0,10.05805243228504,-0.008567144998927745,-0.008567511999756054,7.340226186596397e-05,0.008567511999756054
2018-10-15,23330.0,10.057495365015475,-0.05569121364006335,-0.05570672695641702,0.0031032394281967986,0.05570672695641702
2018-10-16,23338.0,10.057838212366052,0.034290612944709586,0.034284735057699564,0.0011754430579766536,0.034284735057699564
2018-10-17,23342.0,10.058009591972299,0.017139429257007066,0.01713796062463853,0.00029370969437166066,0.01713796062463853
2018-10-18,23347.0,10.058223775185438,0.02142061520007399,0.021418321313866753,0.0004587444879040388,0.021418321313866753
2018-10-19,23351.0,10.058395088732475,0.01713282220414669,0.01713135470377706,0.00029348331398662433,0.01713135470377706
2018-10-22,23348.0,10.058266606323683,-0.01284741552823876,-0.01284824087935915,0.00016507729369403558,0.01284824087935915
2018-10-23,23348.0,10.058266606323683,0.0,0.0,0.0,0.0
2018-10-24,23348.0,10.058266606323683,0.0,0.0,0.0,0.0
2018-10-25,23350.0,10.058352263097044,0.008566044200786216,0.00856567733617034,7.337082822738222e-05,0.00856567733617034
2018-10-26,23355.0,10.058566372936209,0.021413276231263545,0.02141098391650272,0.0004584302322727381,0.02141098391650272
2018-10-29,23343.0,10.05805243228504,-0.05138086062941305,-0.05139406511685472,0.0026413499292355035,0.05139406511685472
2018-10-30,23343.0,10.05805243228504,0.0,0.0,0.0,0.0
2018-10-31,23343.0,10.05805243228504,0.0,0.0,0.0,0.0
2018-11-01,23345.0,10.058138107405037,0.008567879021548208,0.008567511999757407,7.340226186598716e-05,0.008567511999757407
2018-11-02,23330.0,10.057495365015475,-0.06425358749196919,-0.06427423895617537,0.004131177793395532,0.06427423895617537
2018-11-05,23310.0,10.056637732029802,-0.08572653236176286,-0.08576329856728056,0.0073553433811405075,0.08576329856728056
2018-11-06,23325.0,10.057281025715545,0.06435006435006052,0.06432936857417203,0.004138267661151672,0.06432936857417203
2018-11-07,23326.0,10.057323897250996,0.004287245444811738,0.004287153545070853,1.8379685519013586e-05,0.004287153545070853
2018-11-08,23318.0,10.056980873493236,-0.034296493183572085,-0.03430237577584923,0.001176652983867568,0.03430237577584923
2018-11-09,23290.0,10.055779362878386,-0.1200789089973453,-0.12015106148500544,0.014436277575973558,0.12015106148500544
2018-11-12,23300.0,10.056208639553791,0.04293688278231844,0.04292766754053381,0.0018427846404705998,0.04292766754053381
2018-11-13,23308.0,10.056551928262964,0.03433476394849588,0.03432887091728587,0.0011784713784556756,0.03432887091728587
2018-11-14,23315.0,10.056852209242422,0.030032606830276976,0.030028097945646336,0.0009016866662333296,0.030028097945646336
2018-11-15,23308.0,10.056551928262964,-0.030023589963545927,-0.030028097945645375,0.000901686666233272,0.030028097945645375
2018-11-16,23306.0,10.056466117133208,-0.008580744808650564,-0.008581112975619051,7.363549990033765e-05,0.008581112975619051
2018-11-19,23310.0,10.056637732029802,0.017162962327299525,0.017161489659420163,0.0002945167273303852,0.017161489659420163
2018-11-20,23336.0,10.057752511547557,0.11154011154010934,0.11147795177545088,0.012427333732049751,0.11147795177545088
2018-11-21,23352.0,10.05843791253395,0.06856359273226253,0.06854009863933685,0.004697745121490026,0.06854009863933685
2018-11-22,23345.0,10.058138107405037,-0.029976019184652092,-0.029980512891328238,0.0008988311532270987,0.029980512891328238
2018-11-23,23360.0,10.058780436942163,0.06425358749195809,0.06423295371258604,0.004125872342643221,0.06423295371258604
2018-11-26,23340.0,10.057923905840546,-0.08561643835616195,-0.0856531101616358,0.007336455280361319,0.0856531101616358
2018-11-27,23345.0,10.058138107405037,0.02142245072835891,0.021420156449037588,0.00045882310230124654,0.021420156449037588
2018-11-28,23335.0,10.057709658383915,-0.042835724994649826,-0.04284490211214569,0.0018356856369993464,0.04284490211214569
2018-11-29,23327.0,10.057366766948556,-0.03428326548103877,-0.03428914353599684,0.0011757453644321938,0.03428914353599684
2018-11-30,23315.0,10.056852209242422,-0.05144253440219071,-0.05145577061347566,0.002647696329426625,0.05145577061347566
2018-12-03,23300.0,10.056208639553791,-0.06433626420758731,-0.0643569688629257,0.004141819441223589,0.0643569688629257
2018-12-04,23283.0,10.055478759522249,-0.07296137339055653,-0.0729880031543405,0.005327248604458018,0.0729880031543405
2018-12-05,23306.0,10.056466117133208,0.09878452089506773,0.09873576109600596,0.009748750519207565,0.09873576109600596
2018-12-06,23332.0,10.057581087873528,0.1115592551274247,0.11149707403194968,0.012431597517686068,0.11149707403194968
2018-12-07,23310.0,10.056637732029802,-0.09429110234870919,-0.09433558437254518,0.00889920247890959,0.09433558437254518
2018-12-10,23305.0,10.05642320880684,-0.021450021450020174,-0.02145232229614841,0.0004602021318978262,0.02145232229614841
2018-12-11,23300.0,10.056208639553791,-0.021454623471361955,-0.021456925304942486,0.0004603996435418812,0.021456925304942486
2018-12-12,23300.0,10.056208639553791,0.0,0.0,0.0,0.0
2018-12-13,23285.0,10.055564655416477,-0.06437768240343811,-0.06439841373143947,0.004147155691125651,0.06439841373143947
2018-12-14,23287.0,10.055650543933236,0.008589220528243402,0.008588851675817868,7.376837310919941e-05,0.008588851675817868
2018-12-17,23318.0,10.056980873493236,0.1331214840898376,0.13303295600010123,0.01769776738212487,0.13303295600010123
2018-12-18,23318.0,10.056980873493236,0.0,0.0,0.0,0.0
2018-12-19,23307.0,10.056509023618531,-0.04717385710609756,-0.04718498747062137,0.002226423042602696,0.04718498747062137
2018-12-20,23300.0,10.056208639553791,-0.030033895396230914,-0.03003840647385177,0.0009023058634883399,0.03003840647385177
2018-12-21,23282.0,10.055435808808186,-0.07725321888412129,-0.07728307456056542,0.005972673613533914,0.07728307456056542
2018-12-24,23278.0,10.055263987501922,-0.017180654582937827,-0.017182130626462365,0.000295225612864816,0.017182130626462365
2018-12-25,23277.0,10.055221027562059,-0.004295901709772121,-0.004295993986272369,1.8455564330088358e-05,0.004295993986272369
2018-12-26,23260.0,10.054490426072656,-0.07303346651200693,-0.07306014894035329,0.005337785363186605,0.07306014894035329
2018-12-27,23230.0,10.053199825764455,-0.12897678417884695,-0.1290600308200584,0.016656491555274426,0.1290600308200584
2018-12-28,23190.0,10.051476430249577,-0.17219113215669601,-0.17233955148775096,0.029700921006999163,0.17233955148775096
2018-12-31,23190.0,10.051476430249577,0.0,0.0,0.0,0.0
2019-01-01,23190.0,10.051476430249577,0.0,0.0,0.0,0.0
2019-01-02,23205.0,10.052123051675276,0.06468305304010435,0.0646621425698859,0.00418119268172825,0.0646621425698859
2019-01-03,23200.0,10.0519075576544,-0.021547080370609706,-0.021549402087486316,0.00046437673032815956,0.021549402087486316
2019-01-04,23198.0,10.051821347041821,-0.008620689655169933,-0.008621061257977222,7.432269721379581e-05,0.008621061257977222
2019-01-07,23198.0,10.051821347041821,0.0,0.0,0.0,0.0
2019-01-08,23198.0,10.051821347041821,0.0,0.0,0.0,0.0
2019-01-09,23198.0,10.051821347041821,0.0,0.0,0.0,0.0
2019-01-10,23196.0,10.05173512899633,-0.008621432882149893,-0.00862180454903676,7.433551368179098e-05,0.00862180454903676
2019-01-11,23198.0,10.051821347041821,0.008622176237271795,0.008621804549021386,7.433551368152586e-05,0.008621804549021386
2019-01-14,23199.0,10.051864453277146,0.0043107164410693954,0.00431062353235823,1.8581475237720545e-05,0.00431062353235823
2019-01-15,23203.0,10.052036859639367,0.017242122505289892,0.017240636222189503,0.00029723953734587274,0.017240636222189503
2019-01-16,23198.0,10.051821347041821,-0.021548937637372312,-0.021551259754539188,0.0004644567970076205,0.021551259754539188
2019-01-17,23198.0,10.051821347041821,0.0,0.0,0.0,0.0
2019-01-18,23197.0,10.05177823894827,-0.0043107164410693954,-0.004310809355120756,1.858307729619663e-05,0.004310809355120756
2019-01-21,23198.0,10.051821347041821,0.004310902271842387,0.004310809355120757,1.858307729619664e-05,0.004310809355120757
2019-01-22,23198.0,10.051821347041821,0.0,0.0,0.0,0.0
2019-01-23,23196.0,10.05173512899633,-0.008621432882149893,-0.00862180454903676,7.433551368179098e-05,0.00862180454903676
2019-01-24,23196.0,10.05173512899633,0.0,0.0,0.0,0.0
2019-01-25,23192.0,10.051562670601491,-0.017244352474565794,-0.01724583948397968,0.00029741897950719256,0.01724583948397968
2019-01-28,23194.0,10.051648903516648,0.008623663332185671,0.008623291515715316,7.436115656500775e-05,0.008623291515715316
2019-01-29,23196.0,10.05173512899633,0.008622919720613353,0.008622547968261264,7.434833346496646e-05,0.008622547968261264
2019-01-30,23203.0,10.052036859639367,0.030177616830484588,0.030173064303569808,0.0009104138094673586,0.030173064303569808
2019-01-31,23198.0,10.051821347041821,-0.021548937637372312,-0.021551259754539188,0.0004644567970076205,0.021551259754539188
2019-02-01,23200.0,10.0519075576544,0.008621432882138791,0.008621061257973484,7.432269721373135e-05,0.008621061257973484
2019-02-04,23200.0,10.0519075576544,0.0,0.0,0.0,0.0
2019-02-05,23200.0,10.0519075576544,0.0,0.0,0.0,0.0
2019-02-06,23200.0,10.0519075576544,0.0,0.0,0.0,0.0
2019-02-07,23200.0,10.0519075576544,0.0,0.0,0.0,0.0
2019-02-08,23200.0,10.0519075576544,0.0,0.0,0.0,0.0
2019-02-11,23210.0,10.052338499268483,0.04310344827587187,0.04309416140814983,0.0018571067474716704,0.04309416140814983
2019-02-12,23208.0,10.05225232580124,-0.008616975441622099,-0.00861734672427995,7.425866456645839e-05,0.00861734672427995
2019-02-13,23196.0,10.05173512899633,-0.05170630816959676,-0.051719680490873846,0.0026749253500780766,0.051719680490873846
2019-02-14,23201.0,10.05195066017375,0.021555440593212793,0.021553117741911515,0.00046453688439670093,0.021553117741911515
2019-02-15,23201.0,10.05195066017375,0.0,0.0,0.0,0.0
2019-02-18,23199.0,10.051864453277146,-0.008620318089735957,-0.008620689660509674,7.431629022281839e-05,0.008620689660509674
2019-02-19,23199.0,10.051864453277146,0.0,0.0,0.0,0.0
2019-02-20,23198.0,10.051821347041821,-0.004310530626316922,-0.004310623532358162,1.858147523771996e-05,0.004310623532358162
2019-02-21,23210.0,10.052338499268483,0.051728597292877154,0.05171522266612682,0.002674464255407077,0.05171522266612682
2019-02-22,23209.0,10.052295413463094,-0.004308487720805498,-0.004308580538803744,1.8563866259358362e-05,0.004308580538803744
2019-02-25,23216.0,10.052596975123969,0.030160713516313997,0.030156166087449948,0.0009093943530938663,0.030156166087449948
2019-02-26,23200.0,10.0519075576544,-0.0689179875947632,-0.06894174695677704,0.004752964473452277,0.06894174695677704
2019-02-27,23199.0,10.051864453277146,-0.0043103448275849665,-0.004310437725617123,1.8579873386423316e-05,0.004310437725617123
2019-02-28,23199.0,10.051864453277146,0.0,0.0,0.0,0.0
2019-03-01,23202.0,10.051993760835352,0.012931591878961868,0.012930755820695567,0.0001672044460944523,0.012930755820695567
2019-03-04,23200.0,10.0519075576544,-0.008619946556331914,-0.008620318095076199,7.430988406029815e-05,0.008620318095076199
2019-03-05,23198.0,10.051821347041821,-0.008620689655169933,-0.008621061257977222,7.432269721379581e-05,0.008621061257977222
2019-03-06,23200.0,10.0519075576544,0.008621432882138791,0.008621061257973484,7.432269721373135e-05,0.008621061257973484
2019-03-07,23197.0,10.05177823894827,-0.0129310344827549,-0.012931870613099848,0.00016723327755395546,0.012931870613099848
2019-03-08,23199.0,10.051864453277146,0.008621804543684775,0.008621432887478988,7.432910503330428e-05,0.008621432887478988
2019-03-11,23198.0,10.051821347041821,-0.004310530626316922,-0.004310623532358162,1.858147523771996e-05,0.004310623532358162
2019-03-12,23198.0,10.051821347041821,0.0,0.0,0.0,0.0
2019-03-13,23199.0,10.051864453277146,0.0043107164410693954,0.00431062353235823,1.8581475237720545e-05,0.00431062353235823
2019-03-14,23198.0,10.051821347041821,-0.004310530626316922,-0.004310623532358162,1.858147523771996e-05,0.004310623532358162
2019-03-15,23198.0,10.051821347041821,0.0,0.0,0.0,0.0
2019-03-18,23202.0,10.051993760835352,0.017242865764299786,0.0172413793530651,0.0002972651619962995,0.0172413793530651
2019-03-19,23208.0,10.05225232580124,0.02585983966898464,0.025856496588777148,0.0006685584158454443,0.025856496588777148
2019-03-20,23209.0,10.052295413463094,0.0043088590141238114,0.004308766185460355,1.8565466040966576e-05,0.004308766185460355
2019-03-21,23200.0,10.0519075576544,-0.038778060235256095,-0.03878558086933433,0.001504321283371673,0.03878558086933433
2019-03-22,23199.0,10.051864453277146,-0.0043103448275849665,-0.004310437725617123,1.8579873386423316e-05,0.004310437725617123
2019-03-25,23199.0,10.051864453277146,0.0,0.0,0.0,0.0
2019-03-26,23198.0,10.051821347041821,-0.004310530626316922,-0.004310623532358162,1.858147523771996e-05,0.004310623532358162
2019-03-27,23198.0,10.051821347041821,0.0,0.0,0.0,0.0
2019-03-28,23200.0,10.0519075576544,0.008621432882138791,0.008621061257973484,7.432269721373135e-05,0.008621061257973484
2019-03-29,23203.0,10.052036859639367,0.012931034482766002,0.01293019849656903,0.00016719003316067598,0.01293019849656903
2019-04-01,23199.0,10.051864453277146,-0.01723915010990451,-0.01724063622218494,0.0002972395373457154,0.01724063622218494
2019-04-02,23197.0,10.05177823894827,-0.008621061252644946,-0.008621432887489953,7.432910503349335e-05,0.008621432887489953
2019-04-03,23199.0,10.051864453277146,0.008621804543684775,0.008621432887478988,7.432910503330428e-05,0.008621432887478988
2019-04-04,23198.0,10.051821347041821,-0.004310530626316922,-0.004310623532358162,1.858147523771996e-05,0.004310623532358162
2019-04-05,23199.0,10.051864453277146,0.0043107164410693954,0.00431062353235823,1.8581475237720545e-05,0.00431062353235823
2019-04-08,23199.0,10.051864453277146,0.0,0.0,0.0,0.0
2019-04-09,23198.0,10.051821347041821,-0.004310530626316922,-0.004310623532358162,1.858147523771996e-05,0.004310623532358162
2019-04-10,23200.0,10.0519075576544,0.008621432882138791,0.008621061257973484,7.432269721373135e-05,0.008621061257973484
2019-04-11,23196.0,10.05173512899633,-0.017241379310339866,-0.01724286580700662,0.00029731642123843806,0.01724286580700662
2019-04-12,23199.0,10.051864453277146,0.012933264355918794,0.012932428081388581,0.00016724769608028793,0.012932428081388581
2019-04-15,23199.0,10.051864453277146,0.0,0.0,0.0,0.0
2019-04-16,23199.0,10.051864453277146,0.0,0.0,0.0,0.0
2019-04-17,23198.0,10.051821347041821,-0.004310530626316922,-0.004310623532358162,1.858147523771996e-05,0.004310623532358162
2019-04-18,23203.0,10.052036859639367,0.02155358220536918,0.021551259754548,0.0004644567970080003,0.021551259754548
2019-04-19,23210.0,10.052338499268483,0.03016851269233012,0.030163962911584234,0.0009098646585314293,0.030163962911584234
2019-04-22,23218.0,10.052683118897981,0.034467901766488396,0.03446196294984528,0.0011876268903565086,0.03446196294984528
2019-04-23,23210.0,10.052338499268483,-0.034456025497453524,-0.034461962949831504,0.0011876268903555592,0.034461962949831504
2019-04-24,23215.0,10.052553900454022,0.0215424386040608,0.021540118553946684,0.0004639767073180782,0.021540118553946684
2019-04-25,23215.0,10.052553900454022,0.0,0.0,0.0,0.0
2019-04-26,23285.0,10.055564655416477,0.30152918371741944,0.3010754962455456,0.09064645443950153,0.3010754962455456
2019-04-29,23285.0,10.055564655416477,0.0,0.0,0.0,0.0
2019-04-30,23285.0,10.055564655416477,0.0,0.0,0.0,0.0
2019-05-01,23285.0,10.055564655416477,0.0,0.0,0.0,0.0
2019-05-02,23260.0,10.054490426072656,-0.10736525660296481,-0.1074229343822182,0.011539686831286356,0.1074229343822182
2019-05-03,23249.0,10.054017399337825,-0.04729148753224166,-0.047302673483014084,0.002237542918640644,0.047302673483014084
2019-05-06,23280.0,10.055349901845375,0.13333906834702702,0.13325025075488872,0.017755629326240724,0.13325025075488872
2019-05-07,23290.0,10.055779362878386,0.04295532646048095,0.04294610330125523,0.0018443677887620851,0.04294610330125523
2019-05-08,23365.0,10.058994455134526,0.3220266208673328,0.3215092256139943,0.1033681821549103,0.3215092256139943
2019-05-09,23380.0,10.05963623502606,0.06419858763107023,0.06417798915328417,0.004118814291759061,0.06417798915328417
2019-05-10,23345.0,10.058138107405037,-0.14970059880239361,-0.1498127621021992,0.022443863688690134,0.1498127621021992
2019-05-13,23325.0,10.057281025715545,-0.08567144998928855,-0.08570816894927977,0.007345890224638284,0.08570816894927977
2019-05-14,23375.0,10.059422354156888,0.2143622722400762,0.2141328441343078,0.04585287493704776,0.2141328441343078
2019-05-15,23300.0,10.056208639553791,-0.3208556149732589,-0.3213714603095783,0.10327961550151087,0.3213714603095783
2019-05-16,23300.0,10.056208639553791,0.0,0.0,0.0,0.0
2019-05-17,23388.0,10.05997834929556,0.3776824034334769,0.3769709741769193,0.14210711537189558,0.3769709741769193
2019-05-20,23400.0,10.060491301345794,0.05130836326321386,0.051295205023169456,0.002631198058368989,0.051295205023169456
2019-05-21,23390.0,10.060063859578225,-0.04273504273504258,-0.042744176756808513,0.0018270646466172892,0.042744176756808513
2019-05-22,23370.0,10.059208427532903,-0.08550662676357623,-0.08554320453210909,0.007317639841622249,0.08554320453210909
2019-05-23,23388.0,10.05997834929556,0.07702182284980985,0.07699217626575061,0.005927795206136411,0.07699217626575061
2019-05-24,23380.0,10.05963623502606,-0.03420557550880554,-0.034211426950169155,0.0011704217339667605,0.034211426950169155
2019-05-27,23386.0,10.059892831700264,0.02566295979469224,0.025659667420433532,0.0006584185321272581,0.025659667420433532
2019-05-28,23392.0,10.060149362549504,0.025656375609339754,0.025653084924127722,0.000658080766124509,0.025653084924127722
2019-05-29,23406.0,10.060747678734712,0.05984952120383635,0.05983161852065202,0.0035798225748008296,0.05983161852065202
2019-05-30,23415.0,10.061132121617643,0.038451679056650256,0.03844428829305998,0.0014779633023599085,0.03844428829305998
2019-05-31,23410.0,10.060918560484957,-0.021353833013026957,-0.021356113268569114,0.0004560835739399538,0.021356113268569114
2019-06-03,23393.0,10.060192111293768,-0.0726185390858558,-0.0726449191189202,0.005277284273794457,0.0726449191189202
2019-06-04,23395.0,10.060277603300317,0.00854956610951696,0.00854920065494336,7.308883183848397e-05,0.00854920065494336
2019-06-05,23412.0,10.06100399041111,0.07266509938022025,0.07263871107949675,0.005276382347290604,0.07263871107949675
2019-06-06,23402.0,10.060576767778903,-0.042713138561423225,-0.04272226322083018,0.0018251917747098988,0.04272226322083018
2019-06-07,23395.0,10.060277603300317,-0.029911973335616793,-0.029916447858661953,0.0008949938524800393,0.029916447858661953
2019-06-10,23360.0,10.058780436942163,-0.14960461637102407,-0.1497166358153348,0.022415071039861588,0.1497166358153348
2019-06-11,23337.0,10.057795362874884,-0.09845890410958846,-0.09850740672795867,0.009703709180267478,0.09850740672795867
2019-06-12,23315.0,10.056852209242422,-0.09427090028709673,-0.09431536324625237,0.008895387744272532,0.09431536324625237
2019-06-13,23310.0,10.056637732029802,-0.021445421402532805,-0.021447721261844025,0.00046000474732575626,0.021447721261844025
2019-06-14,23330.0,10.057495365015475,0.0858000858000807,0.08576329856727856,0.007355343381140165,0.08576329856727856
2019-06-17,23345.0,10.058138107405037,0.06429489927133325,0.06427423895618326,0.004131177793396545,0.06427423895618326
2019-06-18,23335.0,10.057709658383915,-0.042835724994649826,-0.04284490211214569,0.0018356856369993464,0.04284490211214569
2019-06-19,23315.0,10.056852209242422,-0.08570816370259138,-0.08574491414947366,0.0073521903025006085,0.08574491414947366
2019-06-20,23295.0,10.055994024250897,-0.08578168561012012,-0.08581849915240773,0.007364814796771806,0.08581849915240773
2019-06-21,23280.0,10.055349901845375,-0.06439150032195862,-0.06441224055230209,0.00414893673296763,0.06441224055230209
2019-06-24,23286.0,10.05560760059696,0.025773195876288568,0.02576987515871796,0.000664086465695909,0.02576987515871796
2019-06-25,23296.0,10.056036950996413,0.0429442583526507,0.042935039945113475,0.0018434176550884897,0.042935039945113475
2019-06-26,23300.0,10.056208639553791,0.017170329670324058,0.017168855737936074,0.00029476960735006044,0.017168855737936074
2019-06-27,23310.0,10.056637732029802,0.042918454935625405,0.04290924760109138,0.0018412035296917666,0.04290924760109138
2019-06-28,23300.0,10.056208639553791,-0.04290004290004035,-0.04290924760108574,0.0018412035296912824,0.04290924760108574
2019-07-01,23250.0,10.054060411015502,-0.21459227467811592,-0.21482285382896063,0.046148858527218985,0.21482285382896063
2019-07-02,23230.0,10.053199825764455,-0.08602150537634357,-0.08605852510475397,0.007406069743205569,0.08605852510475397
2019-07-03,23245.0,10.053845334124684,0.06457167455875545,0.06455083602302396,0.004166810431271328,0.06455083602302396
2019-07-04,23240.0,10.053630210965848,-0.02151000215100396,-0.021512315883761898,0.00046277973468275443,0.021512315883761898
2019-07-05,23235.0,10.053415041519079,-0.021514629948360398,-0.02151694467687894,0.000462978908227869,0.02151694467687894
2019-07-08,23245.0,10.053845334124684,0.04303851947493609,0.04302926056064761,0.001851517264396104,0.04302926056064761
2019-07-09,23220.0,10.052769255251883,-0.1075500107549976,-0.1076078872802587,0.011579457404920864,0.1076078872802587
2019-07-10,23210.0,10.052338499268483,-0.04306632213608719,-0.04307559833997434,0.0018555071723468002,0.04307559833997434
2019-07-11,23200.0,10.0519075576544,-0.04308487720809939,-0.043094161408139466,0.0018571067474707768,0.043094161408139466
2019-07-12,23200.0,10.0519075576544,0.0,0.0,0.0,0.0
2019-07-15,23199.0,10.051864453277146,-0.0043103448275849665,-0.004310437725617123,1.8579873386423316e-05,0.004310437725617123
2019-07-16,23200.0,10.0519075576544,0.004310530626328024,0.004310437725626288,1.8579873386502324e-05,0.004310437725626288
2019-07-17,23200.0,10.0519075576544,0.0,0.0,0.0,0.0
2019-07-18,23214.0,10.052510823928568,0.060344827586211736,0.06032662741666889,0.0036393019754695864,0.06032662741666889
2019-07-19,23244.0,10.053802313194996,0.1292323597828826,0.1291489266428153,0.01667944525299129,0.1291489266428153
2019-07-22,23211.0,10.052381583217564,-0.14197212183789665,-0.1420729977432057,0.020184736687740932,0.1420729977432057
2019-07-23,23209.0,10.052295413463094,-0.008616604196287625,-0.00861697544695329,7.425226585339584e-05,0.00861697544695329
2019-07-24,23205.0,10.052123051675276,-0.0172346934378953,-0.017236178781850225,0.0002970858589999039,0.017236178781850225
2019-07-25,23209.0,10.052295413463094,0.017237664296487765,0.017236178781845336,0.0002970858589997354,0.017236178781845336
2019-07-26,23205.0,10.052123051675276,-0.0172346934378953,-0.017236178781850225,0.0002970858589999039,0.017236178781850225
2019-07-29,23205.0,10.052123051675276,0.0,0.0,0.0,0.0
2019-07-30,23200.0,10.0519075576544,-0.021547080370609706,-0.021549402087486316,0.00046437673032815956,0.021549402087486316
2019-07-31,23230.0,10.053199825764455,0.1293103448275934,0.1292268110053574,0.016699568682614362,0.1292268110053574
2019-08-01,23200.0,10.0519075576544,-0.129143349117522,-0.12922681100535177,0.016699568682612905,0.12922681100535177
2019-08-02,23215.0,10.052553900454022,0.0646551724137856,0.0646342799620684,0.004177590146215037,0.0646342799620684
2019-08-05,23268.0,10.054834305030653,0.22830066767176582,0.22804045766300515,0.05200245033115285,0.22804045766300515
2019-08-06,23250.0,10.054060411015502,-0.07735946364104684,-0.07738940151496922,0.00598911946684512,0.07738940151496922
2019-08-07,23215.0,10.052553900454022,-0.15053763440859846,-0.15065105614802513,0.02269574071851542,0.15065105614802513
2019-08-08,23220.0,10.052769255251883,0.021537798836956945,0.021535479786038945,0.000463776889614892,0.021535479786038945
2019-08-09,23204.0,10.052079956585954,-0.06890611541774394,-0.06892986659275521,0.004751326508495031,0.06892986659275521
2019-08-12,23197.0,10.05177823894827,-0.030167212549558897,-0.03017176376846422,0.0009103353289000103,0.03017176376846422
2019-08-13,23205.0,10.052123051675276,0.0344872181747613,0.03448127270058729,0.0011889581670522663,0.03448127270058729
2019-08-14,23200.0,10.0519075576544,-0.021547080370609706,-0.021549402087486316,0.00046437673032815956,0.021549402087486316
2019-08-15,23208.0,10.05225232580124,0.03448275862067973,0.034476814683852275,0.0011886507507446918,0.034476814683852275
2019-08-16,23211.0,10.052381583217564,0.012926577042393639,0.012925741632415975,0.0001670747967479716,0.012925741632415975
2019-08-19,23205.0,10.052123051675276,-0.025849812588862875,-0.02585315422880145,0.0006683855835781943,0.02585315422880145
2019-08-20,23203.0,10.052036859639367,-0.008618832148243882,-0.008619203590924714,7.429067054180949e-05,0.008619203590924714
2019-08-21,23200.0,10.0519075576544,-0.012929362582425608,-0.012930198496562571,0.00016719003316050898,0.012930198496562571
2019-08-22,23200.0,10.0519075576544,0.0,0.0,0.0,0.0
2019-08-23,23198.0,10.051821347041821,-0.008620689655169933,-0.008621061257977222,7.432269721379581e-05,0.008621061257977222
2019-08-26,23198.0,10.051821347041821,0.0,0.0,0.0,0.0
2019-08-27,23197.0,10.05177823894827,-0.0043107164410693954,-0.004310809355120756,1.858307729619663e-05,0.004310809355120756
2019-08-28,23206.0,10.05216614490749,0.03879812044660369,0.038790595922039234,0.001504710331986927,0.038790595922039234
2019-08-29,23195.0,10.051692017185845,-0.04740153408601122,-0.04741277216466786,0.0022479709643387037,0.04741277216466786
2019-08-30,23185.0,10.051260796825561,-0.04311273981461028,-0.04312203602827951,0.0018595099912242364,0.04312203602827951
2019-09-02,23185.0,10.051260796825561,0.0,0.0,0.0,0.0
2019-09-03,23198.0,10.051821347041821,0.056070735389268656,0.05605502162604055,0.003142165449495874,0.05605502162604055
2019-09-04,23199.0,10.051864453277146,0.0043107164410693954,0.00431062353235823,1.8581475237720545e-05,0.00431062353235823
2019-09-05,23198.0,10.051821347041821,-0.004310530626316922,-0.004310623532358162,1.858147523771996e-05,0.004310623532358162
2019-09-06,23198.0,10.051821347041821,0.0,0.0,0.0,0.0
2019-09-09,23199.0,10.051864453277146,0.0043107164410693954,0.00431062353235823,1.8581475237720545e-05,0.00431062353235823
2019-09-10,23199.0,10.051864453277146,0.0,0.0,0.0,0.0
2019-09-11,23199.0,10.051864453277146,0.0,0.0,0.0,0.0
2019-09-12,23205.0,10.052123051675276,0.025863183757923736,0.02585983981310789,0.0006687313151595999,0.02585983981310789
2019-09-13,23205.0,10.052123051675276,0.0,0.0,0.0,0.0
2019-09-16,23218.0,10.052683118897981,0.056022408963585235,0.05600672227049029,0.003136752939483833,0.05600672227049029
2019-09-17,23225.0,10.05298456368204,0.030149022310266282,0.030144478405807192,0.0009086895783581761,0.030144478405807192
2019-09-18,23209.0,10.052295413463094,-0.0688912809472586,-0.06891502189446601,0.004749280242714729,0.06891502189446601
2019-09-19,23211.0,10.052381583217564,0.0086173467189532,0.00861697544695987,7.425226585350927e-05,0.00861697544695987
2019-09-20,23203.0,10.052036859639367,-0.0344664167851505,-0.03447235781972758,0.0011883434536513332,0.03447235781972758
2019-09-23,23202.0,10.051993760835352,-0.004309787527478903,-0.004309880401490021,1.8575069075147787e-05,0.004309880401490021
2019-09-24,23200.0,10.0519075576544,-0.008619946556331914,-0.008620318095076199,7.430988406029815e-05,0.008620318095076199
2019-09-25,23200.0,10.0519075576544,0.0,0.0,0.0,0.0
2019-09-26,23200.0,10.0519075576544,0.0,0.0,0.0,0.0
2019-09-27,23200.0,10.0519075576544,0.0,0.0,0.0,0.0
2019-09-30,23200.0,10.0519075576544,0.0,0.0,0.0,0.0
2019-10-01,23201.0,10.05195066017375,0.004310344827596069,0.004310251934902725,1.8578271742332684e-05,0.004310251934902725
2019-10-02,23200.0,10.0519075576544,-0.004310159044873529,-0.004310251934897639,1.8578271742288838e-05,0.004310251934897639
2019-10-03,23200.0,10.0519075576544,0.0,0.0,0.0,0.0
2019-10-04,23200.0,10.0519075576544,0.0,0.0,0.0,0.0
2019-10-07,23200.0,10.0519075576544,0.0,0.0,0.0,0.0
2019-10-08,23200.0,10.0519075576544,0.0,0.0,0.0,0.0
2019-10-09,23225.0,10.05298456368204,0.10775862068965747,0.1077006027637966,0.011599419835685113,0.1077006027637966
2019-10-10,23200.0,10.0519075576544,-0.10764262648008671,-0.1077006027637949,0.011599419835684745,0.1077006027637949
2019-10-11,23200.0,10.0519075576544,0.0,0.0,0.0,0.0
2019-10-14,23200.0,10.0519075576544,0.0,0.0,0.0,0.0
2019-10-15,23201.0,10.05195066017375,0.004310344827596069,0.004310251934902725,1.8578271742332684e-05,0.004310251934902725
2019-10-16,23202.0,10.051993760835352,0.004310159044873529,0.004310066160187544,1.85766703051938e-05,0.004310066160187544
2019-10-17,23206.0,10.05216614490749,0.01723989311266383,0.017238407213866935,0.0002971626832710996,0.017238407213866935
2019-10-18,23203.0,10.052036859639367,-0.01292769111436165,-0.012928526812374472,0.00016714680553828564,0.012928526812374472
2019-10-21,23205.0,10.052123051675276,0.008619575054957807,0.00861920359093276,7.429067054194819e-05,0.00861920359093276
2019-10-22,23201.0,10.05195066017375,-0.017237664296487765,-0.017239150152593467,0.0002971882979836634,0.017239150152593467
2019-10-23,23205.0,10.052123051675276,0.017240636179471913,0.01723915015259042,0.00029718829798355833,0.01723915015259042
2019-10-24,23203.0,10.052036859639367,-0.008618832148243882,-0.008619203590924714,7.429067054180949e-05,0.008619203590924714
2019-10-25,23200.0,10.0519075576544,-0.012929362582425608,-0.012930198496562571,0.00016719003316050898,0.012930198496562571
2019-10-28,23200.0,10.0519075576544,0.0,0.0,0.0,0.0
2019-10-29,23202.0,10.051993760835352,0.008620689655169933,0.008620318095073154,7.430988406024566e-05,0.008620318095073154
2019-10-30,23200.0,10.0519075576544,-0.008619946556331914,-0.008620318095076199,7.430988406029815e-05,0.008620318095076199
2019-10-31,23202.0,10.051993760835352,0.008620689655169933,0.008620318095073154,7.430988406024566e-05,0.008620318095073154
2019-11-01,23200.0,10.0519075576544,-0.008619946556331914,-0.008620318095076199,7.430988406029815e-05,0.008620318095076199
2019-11-04,23199.0,10.051864453277146,-0.0043103448275849665,-0.004310437725617123,1.8579873386423316e-05,0.004310437725617123
2019-11-05,23199.0,10.051864453277146,0.0,0.0,0.0,0.0
2019-11-06,23199.0,10.051864453277146,0.0,0.0,0.0,0.0
2019-11-07,23199.0,10.051864453277146,0.0,0.0,0.0,0.0
2019-11-08,23198.0,10.051821347041821,-0.004310530626316922,-0.004310623532358162,1.858147523771996e-05,0.004310623532358162
2019-11-11,23200.0,10.0519075576544,0.008621432882138791,0.008621061257973484,7.432269721373135e-05,0.008621061257973484
2019-11-12,23199.0,10.051864453277146,-0.0043103448275849665,-0.004310437725617123,1.8579873386423316e-05,0.004310437725617123
2019-11-13,23199.0,10.051864453277146,0.0,0.0,0.0,0.0
2019-11-14,23200.0,10.0519075576544,0.004310530626328024,0.004310437725626288,1.8579873386502324e-05,0.004310437725626288
2019-11-15,23204.0,10.052079956585954,0.017241379310339866,0.01723989315535721,0.00029721391600813236,0.01723989315535721
2019-11-18,23205.0,10.052123051675276,0.004309601792784612,0.004309508932114491,1.8571867235974577e-05,0.004309508932114491
2019-11-19,23200.0,10.0519075576544,-0.021547080370609706,-0.021549402087486316,0.00046437673032815956,0.021549402087486316
2019-11-20,23199.0,10.051864453277146,-0.0043103448275849665,-0.004310437725617123,1.8579873386423316e-05,0.004310437725617123
2019-11-21,23193.0,10.051605787988585,-0.025863183757923736,-0.02586652885607257,0.000669077315062035,0.02586652885607257
2019-11-22,23195.0,10.051692017185845,0.008623291510367892,0.008622919725958744,7.435474460032843e-05,0.008622919725958744
2019-11-25,23197.0,10.05177823894827,0.008622547962922056,0.008622176242622879,7.434192315885039e-05,0.008622176242622879
2019-11-26,23190.0,10.051476430249577,-0.030176315902918915,-0.03018086986929551,0.0009108849060673496,0.03018086986929551
2019-11-27,23200.0,10.0519075576544,0.04312203536007697,0.04311274048240662,0.0018587083919033424,0.04311274048240662
2019-11-28,23200.0,10.0519075576544,0.0,0.0,0.0,0.0
2019-11-29,23179.0,10.051001975324677,-0.0905172413793065,-0.09055823297241407,0.008200793559086022,0.09055823297241407
2019-12-02,23175.0,10.050829390434055,-0.017256999870574052,-0.017258489062125706,0.0002978554447075126,0.017258489062125706
2019-12-03,23170.0,10.050613617426421,-0.021574973031279754,-0.02157730076339733,0.00046557990823410694,0.02157730076339733
2019-12-04,23170.0,10.050613617426421,0.0,0.0,0.0,0.0
2019-12-05,23167.0,10.05048413127047,-0.012947777298233376,-0.012948615595279536,0.0001676666458343164,0.012948615595279536
2019-12-06,23175.0,10.050829390434055,0.034531877239185604,0.034525916358687105,0.0011920389004070578,0.034525916358687105
2019-12-09,23170.0,10.050613617426421,-0.021574973031279754,-0.02157730076339733,0.00046557990823410694,0.02157730076339733
2019-12-10,23170.0,10.050613617426421,0.0,0.0,0.0,0.0
2019-12-11,23175.0,10.050829390434055,0.02157962883038156,0.021577300763398727,0.00046557990823416727,0.021577300763398727
2019-12-12,23169.0,10.050570457237374,-0.025889967637537925,-0.025893319668231548,0.0006704640034412268,0.025893319668231548
2019-12-13,23173.0,10.050743086817882,0.01726444818508366,0.017262958050734495,0.0002980097206614189,0.017262958050734495
2019-12-16,23176.0,10.050872539449186,0.01294610106590266,0.012945263130557808,0.00016757983751937935,0.012945263130557808
2019-12-17,23176.0,10.050872539449186,0.0,0.0,0.0,0.0
2019-12-18,23173.0,10.050743086817882,-0.012944425267513715,-0.012945263130546397,0.0001675798375190839,0.012945263130546397
2019-12-19,23169.0,10.050570457237374,-0.01726146808785911,-0.01726295805072396,0.00029800972066105526,0.01726295805072396
2019-12-20,23175.0,10.050829390434055,0.025896672277614385,0.025893319668236135,0.0006704640034414642,0.025893319668236135
2019-12-23,23173.0,10.050743086817882,-0.008629989212516342,-0.008630361617511212,7.448314164901074e-05,0.008630361617511212
2019-12-24,23176.0,10.050872539449186,0.01294610106590266,0.012945263130557808,0.00016757983751937935,0.012945263130557808
2019-12-25,23173.0,10.050743086817882,-0.012944425267513715,-0.012945263130546397,0.0001675798375190839,0.012945263130546397
2019-12-26,23174.0,10.050786239557008,0.004315367021967553,0.004315273912683544,1.862158894148714e-05,0.004315273912683544
2019-12-27,23171.0,10.05065677575275,-0.012945542418230094,-0.012946380425896478,0.00016760876613203547,0.012946380425896478
2019-12-30,23170.0,10.050613617426421,-0.0043157395019588485,-0.0043158326326756214,1.8626411313267785e-05,0.0043158326326756214
2019-12-31,23171.0,10.05065677575275,0.0043159257660851935,0.004315832632688804,1.862641131338157e-05,0.004315832632688804
2020-01-01,23171.0,10.05065677575275,0.0,0.0,0.0,0.0
2020-01-02,23168.0,10.050527295185443,-0.012947218505887648,-0.012948056730574812,0.0001676521730981837,0.012948056730574812
2020-01-03,23171.0,10.05065677575275,0.012948895027631302,0.01294805673058514,0.00016765217309845117,0.01294805673058514
2020-01-06,23176.0,10.050872539449186,0.02157869750982755,0.02157636964377254,0.00046553972700470915,0.02157636964377254
2020-01-07,23175.0,10.050829390434055,-0.004314808422500871,-0.0043149015130372805,1.8618375067211413e-05,0.0043149015130372805
2020-01-08,23175.0,10.050829390434055,0.0,0.0,0.0,0.0
2020-01-09,23173.0,10.050743086817882,-0.008629989212516342,-0.008630361617511212,7.448314164901074e-05,0.008630361617511212
2020-01-10,23176.0,10.050872539449186,0.01294610106590266,0.012945263130557808,0.00016757983751937935,0.012945263130557808
2020-01-13,23173.0,10.050743086817882,-0.012944425267513715,-0.012945263130546397,0.0001675798375190839,0.012945263130546397
2020-01-14,23175.0,10.050829390434055,0.008630734043935107,0.008630361617513023,7.4483141649042e-05,0.008630361617513023
2020-01-15,23170.0,10.050613617426421,-0.021574973031279754,-0.02157730076339733,0.00046557990823410694,0.02157730076339733
2020-01-16,23171.0,10.05065677575275,0.0043159257660851935,0.004315832632688804,1.862641131338157e-05,0.004315832632688804
2020-01-17,23170.0,10.050613617426421,-0.0043157395019588485,-0.0043158326326756214,1.8626411313267785e-05,0.0043158326326756214
2020-01-20,23169.0,10.050570457237374,-0.004315925766074091,-0.0043160189048300586,1.8628019186850458e-05,0.0043160189048300586
2020-01-21,23170.0,10.050613617426421,0.004316112046276466,0.004316018904840535,1.8628019186940894e-05,0.004316018904840535
2020-01-22,23169.0,10.050570457237374,-0.004315925766074091,-0.0043160189048300586,1.8628019186850458e-05,0.0043160189048300586
2020-01-23,23169.0,10.050570457237374,0.0,0.0,0.0,0.0
2020-01-24,23169.0,10.050570457237374,0.0,0.0,0.0,0.0
2020-01-27,23169.0,10.050570457237374,0.0,0.0,0.0,0.0
2020-01-28,23169.0,10.050570457237374,0.0,0.0,0.0,0.0
2020-01-29,23169.0,10.050570457237374,0.0,0.0,0.0,0.0
2020-01-30,23182.0,10.05113139444869,0.05610945660148303,0.05609372113166507,0.003146505550397008,0.05609372113166507
2020-01-31,23222.0,10.052855384186952,0.1725476662928216,0.17239897382612188,0.029721406176299855,0.17239897382612188
2020-02-03,23250.0,10.054060411015502,0.12057531651019637,0.12050268285508228,0.014520896575272542,0.12050268285508228
2020-02-04,23230.0,10.053199825764455,-0.08602150537634357,-0.08605852510475397,0.007406069743205569,0.08605852510475397
2020-02-05,23220.0,10.052769255251883,-0.043047783039174004,-0.04305705125723398,0.0018539096629680745,0.04305705125723398
2020-02-06,23221.0,10.05281232064669,0.004306632213602057,0.00430653948085937,1.8546282300200494e-05,0.00430653948085937
2020-02-07,23230.0,10.053199825764455,0.03875802075707924,0.038750511776373085,0.001501602162930829,0.038750511776373085
2020-02-10,23258.0,10.05440443785299,0.12053379250969165,0.12046120885337558,0.014510902838416571,0.12046120885337558
2020-02-11,23240.0,10.053630210965848,-0.07739272508384687,-0.07742268871410385,0.005994272727721023,0.07742268871410385
2020-02-12,23250.0,10.054060411015502,0.043029259896720795,0.04302000496547493,0.0018507208272294875,0.04302000496547493
2020-02-13,23239.0,10.053587180780166,-0.047311827956986185,-0.047323023533669926,0.0022394685563682775,0.047323023533669926
2020-02-14,23245.0,10.053845334124684,0.025818666896171294,0.025815334451952592,0.0006664314928661704,0.025815334451952592
2020-02-17,23228.0,10.05311372649194,-0.07313400731340236,-0.07316076327446397,0.005352497282902156,0.07316076327446397
2020-02-18,23239.0,10.053587180780166,0.04735663853969729,0.04734542882251893,0.002241589630388206,0.04734542882251893
2020-02-19,23225.0,10.05298456368204,-0.06024355609105525,-0.060261709812638835,0.0036314736695426918,0.060261709812638835
2020-02-20,23236.0,10.053458079112422,0.04736275565124792,0.04735154303839544,0.002242168628117016,0.04735154303839544
2020-02-21,23242.0,10.05371626578282,0.02582200034428883,0.025818667039584884,0.0006666035677009469,0.025818667039584884
2020-02-24,23247.0,10.05393137043206,0.021512778590482284,0.02151046492408554,0.00046270010125031436,0.02151046492408554
2020-02-25,23270.0,10.054920256296338,0.09893749731149093,0.09888858642776405,0.00977895252568136,0.09888858642776405
2020-02-26,23240.0,10.053630210965848,-0.12892135797163418,-0.12900453304898535,0.016642169547186753,0.12900453304898535
2020-02-27,23240.0,10.053630210965848,0.0,0.0,0.0,0.0
2020-02-28,23240.0,10.053630210965848,0.0,0.0,0.0,0.0
2020-03-02,23240.0,10.053630210965848,0.0,0.0,0.0,0.0
2020-03-03,23218.0,10.052683118897981,-0.09466437177280129,-0.09470920678663969,0.008969833850154476,0.09470920678663969
2020-03-04,23206.0,10.05216614490749,-0.05168403824619139,-0.05169739904903852,0.002672621068435529,0.05169739904903852
2020-03-05,23210.0,10.052338499268483,0.017236921485830337,0.017235436099206292,0.0002970602575298234,0.017235436099206292
2020-03-06,23205.0,10.052123051675276,-0.021542438604049696,-0.02154475932065336,0.0004641766541848799,0.02154475932065336
2020-03-09,23172.0,10.050699932216515,-0.14221073044602406,-0.14231194587614304,0.020252689939054266,0.14231194587614304
2020-03-10,23174.0,10.050786239557008,0.008631106507861475,0.008630734049295102,7.448957022966183e-05,0.008630734049295102
2020-03-11,23172.0,10.050699932216515,-0.008630361612149695,-0.00863073404928608,7.44895702295061e-05,0.00863073404928608
2020-03-12,23195.0,10.051692017185845,0.09925772484031814,0.09920849693292333,0.009842325863689858,0.09920849693292333
2020-03-13,23208.0,10.05225232580124,0.05604656175899336,0.056030861539583206,0.0031394574448679446,0.056030861539583206
2020-03-16,23225.0,10.05298456368204,0.07325060324026023,0.07322378807993035,0.0053617231407745505,0.07322378807993035
2020-03-17,23238.0,10.053544148742807,0.05597416576963443,0.055958506076782204,0.0031313544023452706,0.055958506076782204
2020-03-18,23282.0,10.055435808808186,0.1893450382993267,0.18916600653789928,0.03578377802949655,0.18916600653789928
2020-03-19,23354.0,10.058523554635661,0.3092517824929031,0.30877458274738134,0.09534174295081944,0.30877458274738134
2020-03-20,23455.0,10.062838970762558,0.4324740943735472,0.43154161268981256,0.1862281634829242,0.43154161268981256
2020-03-23,23540.0,10.066456380814268,0.36239607759540604,0.3617410051709413,0.130856554822083,0.3617410051709413
2020-03-24,23580.0,10.068154174091362,0.1699235344095218,0.16977932770942702,0.028825020117465017,0.16977932770942702
2020-03-25,23600.0,10.069001991013701,0.08481764206955678,0.08478169223395803,0.0071879353380535785,0.08478169223395803
2020-03-26,23620.0,10.069849089751353,0.08474576271186862,0.0847098737651903,0.0071757627133144765,0.0847098737651903
2020-03-27,23620.0,10.069849089751353,0.0,0.0,0.0,0.0
2020-03-30,23640.0,10.070695471520034,0.08467400508043177,0.08463817686811173,0.007163620983557764,0.08463817686811173
2020-03-31,23616.0,10.0696797274002,-0.10152284263958977,-0.10157441198354164,0.010317361169802248,0.10157441198354164
2020-04-01,23590.0,10.06857817240172,-0.11009485094850557,-0.11015549984782903,0.012134234146725062,0.11015549984782903
2020-04-02,23590.0,10.06857817240172,0.0,0.0,0.0,0.0
2020-04-03,23550.0,10.066881099444563,-0.16956337431114354,-0.16970729571568535,0.028800566219131078,0.16970729571568535
2020-04-06,23440.0,10.06219924369095,-0.4670912951167727,-0.4681855753614888,0.2191977329765683,0.4681855753614888
2020-04-07,23450.0,10.062625773874425,0.04266211604095904,0.04265301834765393,0.0018192799741653025,0.04265301834765393
2020-04-08,23550.0,10.066881099444563,0.4264392324093924,0.4255325570138491,0.18107795707874474,0.4255325570138491
2020-04-09,23488.0,10.064244931414242,-0.2632696390658218,-0.26361680303217233,0.06949381884090314,0.26361680303217233
2020-04-10,23435.0,10.061985910356807,-0.22564713896457977,-0.2259021057435651,0.051031761379376865,0.2259021057435651
2020-04-13,23432.0,10.06185788850757,-0.012801365478987137,-0.012802184923711926,0.00016389593882091692,0.012802184923711926
2020-04-14,23471.0,10.063520895521542,0.1664390576988639,0.1663007013972345,0.027655923285212148,0.1663007013972345
2020-04-15,23440.0,10.06219924369095,-0.13207788334540504,-0.13216518305929278,0.01746763561309637,0.13216518305929278
2020-04-16,23440.0,10.06219924369095,0.0,0.0,0.0,0.0
2020-04-17,23424.0,10.061516416761037,-0.06825938566552558,-0.06828269299107778,0.004662526162113783,0.06828269299107778
2020-04-20,23450.0,10.062625773874425,0.11099726775956054,0.11093571133872944,0.012306732050229904,0.11093571133872944
2020-04-21,23460.0,10.063052122207466,0.04264392324093702,0.0426348333041021,0.0018177290108685738,0.0426348333041021
2020-04-22,23479.0,10.063861683597258,0.0809889173060574,0.08095613897910617,0.006553896438404353,0.08095613897910617
2020-04-23,23485.0,10.064117198461096,0.025554751054124303,0.02555148638379085,0.0006528784564210492,0.02555148638379085
2020-04-24,23505.0,10.06496844345823,0.08516074089843784,0.08512449971353418,0.007246180451479481,0.08512449971353418
2020-04-27,23455.0,10.062838970762558,-0.21272069772388935,-0.21294726956724985,0.04534653961614697,0.21294726956724985
2020-04-28,23442.0,10.062284564283125,-0.05542528245576772,-0.055440647943283114,0.0030736654443710622,0.055440647943283114
2020-04-29,23428.0,10.061687167209673,-0.05972186673491864,-0.05973970734526746,0.0035688326336982034,0.05973970734526746
2020-04-30,23428.0,10.061687167209673,0.0,0.0,0.0,0.0
2020-05-01,23428.0,10.061687167209673,0.0,0.0,0.0,0.0
2020-05-04,23445.0,10.062412531523687,0.07256274543281371,0.0725364314013763,0.00526153388044657,0.0725364314013763
2020-05-05,23421.0,10.0613883347884,-0.10236724248240403,-0.1024196735286028,0.010489789525705583,0.1024196735286028
2020-05-06,23423.0,10.06147372459291,0.008539345032243517,0.008538980450930708,7.291418714137679e-05,0.008538980450930708
2020-05-07,23425.0,10.061559107106623,0.00853861589036331,0.008538251371306468,7.290173647961679e-05,0.008538251371306468
2020-05-08,23377.0,10.059507911994038,-0.2049092849519707,-0.20511951125850825,0.04207401389892929,0.20511951125850825
2020-05-11,23322.0,10.057152400080279,-0.23527398725242676,-0.23555119137596453,0.05548436375863627,0.23555119137596453
2020-05-12,23330.0,10.057495365015475,0.03430237543950998,0.0342964935197597,0.001176249467750919,0.0342964935197597
2020-05-13,23347.0,10.058223775185438,0.0728675525075051,0.0728410169961989,0.0053058137570405365,0.0728410169961989
2020-05-14,23350.0,10.058352263097044,0.012849616653110019,0.012848791160583684,0.0001650914342882934,0.012848791160583684
2020-05-15,23355.0,10.058566372936209,0.021413276231263545,0.02141098391650272,0.0004584302322727381,0.02141098391650272
2020-05-18,23338.0,10.057838212366052,-0.07278955255833885,-0.0728160570155781,0.0053021781592959205,0.0728160570155781
2020-05-19,23295.0,10.055994024250897,-0.18424886451281486,-0.18441881151555123,0.034010298040808414,0.18441881151555123
2020-05-20,23270.0,10.054920256296338,-0.10731916720325696,-0.10737679545596637,0.01152977620239244,0.10737679545596637
2020-05-21,23275.0,10.055135102145268,0.021486892995281615,0.021484584893049045,0.0004615873880266313,0.021484584893049045
2020-05-22,23267.0,10.054791326627294,-0.03437164339420429,-0.034377551797468035,0.0011818160675875977,0.034377551797468035
2020-05-25,23312.0,10.056723528434986,0.19340697124683448,0.19322018076929284,0.0373340382565182,0.19322018076929284
2020-05-26,23336.0,10.057752511547557,0.10295126973232094,0.10289831125712191,0.010588062459567543,0.10289831125712191
2020-05-27,23325.0,10.057281025715545,-0.04713747000343327,-0.04714858320128231,0.0022229888978882407,0.04714858320128231
2020-05-28,23300.0,10.056208639553791,-0.1071811361200381,-0.10723861617525937,0.011500120799184601,0.10723861617525937
2020-05-29,23280.0,10.055349901845375,-0.08583690987123971,-0.08587377084177582,0.007374304518585827,0.08587377084177582
2020-06-01,23260.0,10.054490426072656,-0.0859106529209619,-0.08594757727187045,0.007386986038904143,0.08594757727187045
2020-06-02,23253.0,10.05418943494962,-0.030094582975059847,-0.03009911230342651,0.0009059565614542811,0.03009911230342651
2020-06-03,23260.0,10.054490426072656,0.030103642540746378,0.0300991123034301,0.0009059565614544973,0.0300991123034301
2020-06-04,23263.0,10.054619394540044,0.012897678417878033,0.012896846738845934,0.000166328655805281,0.012896846738845934
2020-06-05,23255.0,10.054275441658197,-0.0343893736835299,-0.034395288184653754,0.0011830358493053821,0.034395288184653754
2020-06-08,23255.0,10.054275441658197,0.0,0.0,0.0,0.0
2020-06-09,23205.0,10.052123051675276,-0.21500752526338873,-0.21523899829212464,0.04632782638579724,0.21523899829212464
2020-06-10,23190.0,10.051476430249577,-0.06464124111182912,-0.0646621425698848,0.004181192681728107,0.0646621425698848
2020-06-11,23215.0,10.052553900454022,0.10780508840018133,0.10774702044448338,0.01160942041466392,0.10774702044448338
2020-06-12,23206.0,10.05216614490749,-0.0387680379065225,-0.038775554653131,0.001503543638657949,0.038775554653131
2020-06-15,23220.0,10.052769255251883,0.060329225200383974,0.06031103443918008,0.0036374208751239656,0.06031103443918008
2020-06-16,23210.0,10.052338499268483,-0.04306632213608719,-0.04307559833997434,0.0018555071723468002,0.04307559833997434
2020-06-17,23196.0,10.05173512899633,-0.06031882809134359,-0.06033702721515527,0.0036405568531623876,0.06033702721515527
2020-06-18,23210.0,10.052338499268483,0.060355233660969176,0.06033702721514477,0.003640556853161121,0.06033702721514477
2020-06-19,23215.0,10.052553900454022,0.0215424386040608,0.021540118553946684,0.0004639767073180782,0.021540118553946684
2020-06-22,23210.0,10.052338499268483,-0.021537798836956945,-0.021540118553933948,0.00046397670731752953,0.021540118553933948
2020-06-23,23213.0,10.052467745547446,0.012925463162427597,0.012924627896411675,0.00016704600626070288,0.012924627896411675
2020-06-24,23195.0,10.051692017185845,-0.07754275621418838,-0.07757283616027959,0.006017544909949581,0.07757283616027959
2020-06-25,23208.0,10.05225232580124,0.05604656175899336,0.056030861539583206,0.0031394574448679446,0.056030861539583206
2020-06-26,23210.0,10.052338499268483,0.008617718028269827,0.008617346724281555,7.425866456648604e-05,0.008617346724281555
2020-06-29,23198.0,10.051821347041821,-0.05170185264972149,-0.05171522266612128,0.002674464255406504,0.05171522266612128
2020-06-30,23204.0,10.052079956585954,0.025864298646438577,0.025860954413345415,0.0006687889631691298,0.025860954413345415
2020-07-01,23203.0,10.052036859639367,-0.004309601792795714,-0.004309694658801889,1.857346805210553e-05,0.004309694658801889
2020-07-02,23202.0,10.051993760835352,-0.004309787527478903,-0.004309880401490021,1.8575069075147787e-05,0.004309880401490021
2020-07-03,23199.0,10.051864453277146,-0.01292991983449232,-0.012930755820689293,0.00016720444609429004,0.012930755820689293
2020-07-06,23201.0,10.05195066017375,0.008621061252633844,0.008620689660504872,7.431629022273561e-05,0.008620689660504872
2020-07-07,23180.0,10.051045116893743,-0.0905133399422442,-0.09055432800075533,0.00820008631966838,0.09055432800075533
2020-07-08,23188.0,10.051390182459624,0.03451251078516737,0.03450655658808644,0.0011907024475668118,0.03450655658808644
2020-07-09,23184.0,10.051217664560463,-0.017250301880278318,-0.017251789915982682,0.00029762425530520175,0.017251789915982682
2020-07-10,23177.0,10.05091568660256,-0.03019323671497043,-0.03019779579039844,0.0009119068705986058,0.03019779579039844
2020-07-13,23179.0,10.051001975324677,0.0086292445096392,0.008628872211752674,7.445743564675747e-05,0.008628872211752674
2020-07-14,23181.0,10.051088256601693,0.008628499935281475,0.008628127701637775,7.444458763576915e-05,0.008628127701637775
2020-07-15,23183.0,10.051174530434894,0.008627755489398758,0.008627383319981259,7.443174294989085e-05,0.008627383319981259
2020-07-16,23184.0,10.051217664560463,0.004313505585984423,0.0043134125570074185,1.8605527886949277e-05,0.0043134125570074185
2020-07-17,23191.0,10.05151955135521,0.03019323671498153,0.030188679474560744,0.0009113563684177651,0.030188679474560744
2020-07-20,23188.0,10.051390182459624,-0.012936052779100038,-0.01293688955857249,0.00016736311145070193,0.01293688955857249
2020-07-21,23180.0,10.051045116893743,-0.03450060376056774,-0.03450655658808062,0.00119070244756641,0.03450655658808062
2020-07-22,23184.0,10.051217664560463,0.017256255392572584,0.01725476667208419,0.00029772697290806737,0.01725476667208419
2020-07-23,23180.0,10.051045116893743,-0.01725327812284183,-0.01725476667208991,0.0002977269729082647,0.01725476667208991
2020-07-24,23175.0,10.050829390434055,-0.021570319240726832,-0.02157264596868201,0.00046537905409009225,0.02157264596868201
2020-07-27,23181.0,10.051088256601693,0.025889967637549027,0.025886616763775277,0.0006701169274745712,0.025886616763775277
2020-07-28,23170.0,10.050613617426421,-0.04745265519174868,-0.047463917527164806,0.0022528234670255026,0.047463917527164806
2020-07-29,23175.0,10.050829390434055,0.02157962883038156,0.021577300763398727,0.00046557990823416727,0.021577300763398727
2020-07-30,23175.0,10.050829390434055,0.0,0.0,0.0,0.0
2020-07-31,23170.0,10.050613617426421,-0.021574973031279754,-0.02157730076339733,0.00046557990823410694,0.02157730076339733
2020-08-03,23170.0,10.050613617426421,0.0,0.0,0.0,0.0
2020-08-04,23175.0,10.050829390434055,0.02157962883038156,0.021577300763398727,0.00046557990823416727,0.021577300763398727
2020-08-05,23174.0,10.050786239557008,-0.004314994606258171,-0.0043150877048285735,1.8619981900362727e-05,0.0043150877048285735
2020-08-06,23173.0,10.050743086817882,-0.004315180806080399,-0.004315273912685834,1.8621588941506904e-05,0.004315273912685834
2020-08-07,23173.0,10.050743086817882,0.0,0.0,0.0,0.0
2020-08-10,23170.0,10.050613617426421,-0.012946101065891558,-0.012946939145888833,0.00016762323324734867,0.012946939145888833
2020-08-11,23174.0,10.050786239557008,0.017263703064296365,0.017262213058563215,0.0002979839996792304,0.017262213058563215
2020-08-12,23175.0,10.050829390434055,0.004315180806080399,0.004315087704831768,1.8619981900390296e-05,0.004315087704831768
2020-08-13,23174.0,10.050786239557008,-0.004314994606258171,-0.0043150877048285735,1.8619981900362727e-05,0.0043150877048285735
2020-08-14,23174.0,10.050786239557008,0.0,0.0,0.0,0.0
2020-08-17,23174.0,10.050786239557008,0.0,0.0,0.0,0.0
2020-08-18,23174.0,10.050786239557008,0.0,0.0,0.0,0.0
2020-08-19,23174.0,10.050786239557008,0.0,0.0,0.0,0.0
2020-08-20,23174.0,10.050786239557008,0.0,0.0,0.0,0.0
2020-08-21,23175.0,10.050829390434055,0.004315180806080399,0.004315087704831768,1.8619981900390296e-05,0.004315087704831768
2020-08-24,23177.0,10.05091568660256,0.008629989212516342,0.008629616850370355,7.447028698419597e-05,0.008629616850370355
2020-08-25,23170.0,10.050613617426421,-0.030202355783748303,-0.030206917613765955,0.0009124578717248439,0.030206917613765955
2020-08-26,23174.0,10.050786239557008,0.017263703064296365,0.017262213058563215,0.0002979839996792304,0.017262213058563215
2020-08-27,23174.0,10.050786239557008,0.0,0.0,0.0,0.0
2020-08-28,23174.0,10.050786239557008,0.0,0.0,0.0,0.0
2020-08-31,23174.0,10.050786239557008,0.0,0.0,0.0,0.0
2020-09-01,23174.0,10.050786239557008,0.0,0.0,0.0,0.0
2020-09-02,23174.0,10.050786239557008,0.0,0.0,0.0,0.0
2020-09-03,23174.0,10.050786239557008,0.0,0.0,0.0,0.0
2020-09-04,23178.0,10.050958831894336,0.01726072322429939,0.017259233732863793,0.00029788114904562345,0.017259233732863793
2020-09-07,23174.0,10.050786239557008,-0.017257744412801923,-0.017259233732864174,0.0002978811490456366,0.017259233732864174
2020-09-08,23176.0,10.050872539449186,0.008630361612160797,0.008629989217878841,7.447671390070505e-05,0.008629989217878841
2020-09-09,23175.0,10.050829390434055,-0.004314808422500871,-0.0043149015130372805,1.8618375067211413e-05,0.0043149015130372805
2020-09-10,23172.5,10.050721509749987,-0.010787486515639877,-0.0107880684068145,0.00011638241995010915,0.0107880684068145
2020-09-11,23174.0,10.050786239557008,0.006473190203903911,0.006472980701987754,4.189947916830588e-05,0.006472980701987754
2020-09-14,23175.0,10.050829390434055,0.004315180806080399,0.004315087704831768,1.8619981900390296e-05,0.004315087704831768
2020-09-15,23175.0,10.050829390434055,0.0,0.0,0.0,0.0
2020-09-16,23178.0,10.050958831894336,0.012944983818763411,0.012944146028033541,0.0001675509163950565,0.012944146028033541
2020-09-17,23170.0,10.050613617426421,-0.03451548882561495,-0.03452144679144609,0.0011917302885746438,0.03452144679144609
2020-09-18,23170.0,10.050613617426421,0.0,0.0,0.0,0.0
2020-09-21,23178.0,10.050958831894336,0.034527406128614935,0.034521446791441986,0.0011917302885743602,0.034521446791441986
2020-09-22,23177.0,10.05091568660256,-0.004314436103203256,-0.004314529177674801,1.8615162025007195e-05,0.004314529177674801
2020-09-23,23185.0,10.051260796825561,0.034516978038579005,0.034511022300168955,0.001191010660202759,0.034511022300168955
2020-09-24,23184.0,10.051217664560463,-0.004313133491484766,-0.0043132265097620215,1.860392292451387e-05,0.0043132265097620215
2020-09-25,23191.0,10.05151955135521,0.03019323671498153,0.030188679474560744,0.0009113563684177651,0.030188679474560744
2020-09-28,23188.0,10.051390182459624,-0.012936052779100038,-0.01293688955857249,0.00016736311145070193,0.01293688955857249
2020-09-29,23190.0,10.051476430249577,0.008625150940133608,0.00862477899537695,7.438681271909545e-05,0.00862477899537695
2020-09-30,23181.0,10.051088256601693,-0.03880983182406039,-0.03881736478837502,0.0015067878091137767,0.03881736478837502
2020-10-01,23188.0,10.051390182459624,0.03019714421292896,0.030192585792987888,0.0009115922368669341,0.030192585792987888
2020-10-02,23191.0,10.05151955135521,0.012937726410222616,0.012936889558578227,0.00016736311145085036,0.012936889558578227
2020-10-05,23203.0,10.052036859639367,0.05174421111637795,0.051730828415773894,0.00267607860858224,0.051730828415773894
2020-10-06,23205.0,10.052123051675276,0.008619575054957807,0.00861920359093276,7.429067054194819e-05,0.00861920359093276
2020-10-07,23205.0,10.052123051675276,0.0,0.0,0.0,0.0
2020-10-08,23191.0,10.05151955135521,-0.060331825037707176,-0.06035003200670183,0.0036421263632099355,0.06035003200670183
2020-10-09,23180.0,10.051045116893743,-0.0474321935233446,-0.047443446146641505,0.0022508805822692725,0.047443446146641505
2020-10-12,23178.0,10.050958831894336,-0.008628127696286292,-0.008628499940635975,7.445101122555503e-05,0.008628499940635975
2020-10-13,23177.0,10.05091568660256,-0.004314436103203256,-0.004314529177674801,1.8615162025007195e-05,0.004314529177674801
2020-10-14,23175.0,10.050829390434055,-0.0086292445096392,-0.008629616850363517,7.447028698407795e-05,0.008629616850363517
2020-10-15,23170.0,10.050613617426421,-0.021574973031279754,-0.02157730076339733,0.00046557990823410694,0.02157730076339733
2020-10-16,23175.0,10.050829390434055,0.02157962883038156,0.021577300763398727,0.00046557990823416727,0.021577300763398727
2020-10-19,23175.0,10.050829390434055,0.0,0.0,0.0,0.0
2020-10-20,23179.0,10.051001975324677,0.017259978425032685,0.01725848906212987,0.0002978554447076563,0.01725848906212987
2020-10-21,23177.0,10.05091568660256,-0.008628499935281475,-0.00862887221175188,7.445743564674377e-05,0.00862887221175188
2020-10-22,23176.0,10.050872539449186,-0.0043146222548196,-0.004314715337323058,1.861676844213083e-05,0.004314715337323058
2020-10-23,23176.0,10.050872539449186,0.0,0.0,0.0,0.0
2020-10-26,23175.0,10.050829390434055,-0.004314808422500871,-0.0043149015130372805,1.8618375067211413e-05,0.0043149015130372805
2020-10-27,23175.0,10.050829390434055,0.0,0.0,0.0,0.0
2020-10-28,23176.0,10.050872539449186,0.004314994606247069,0.004314901513032778,1.8618375067172558e-05,0.004314901513032778
2020-10-29,23170.0,10.050613617426421,-0.025888850535038532,-0.025892202276446025,0.0006704061387243968,0.025892202276446025
2020-10-30,23180.0,10.051045116893743,0.04315925766076312,0.043149946732076117,0.0018619179029810064,0.043149946732076117
2020-11-02,23177.0,10.05091568660256,-0.012942191544429438,-0.012943029118307024,0.0001675220027573435,0.012943029118307024
2020-11-03,23176.0,10.050872539449186,-0.0043146222548196,-0.004314715337323058,1.861676844213083e-05,0.004314715337323058
2020-11-04,23176.0,10.050872539449186,0.0,0.0,0.0,0.0
2020-11-05,23175.0,10.050829390434055,-0.004314808422500871,-0.0043149015130372805,1.8618375067211413e-05,0.0043149015130372805
2020-11-06,23176.0,10.050872539449186,0.004314994606247069,0.004314901513032778,1.8618375067172558e-05,0.004314901513032778
2020-11-09,23170.0,10.050613617426421,-0.025888850535038532,-0.025892202276446025,0.0006704061387243968,0.025892202276446025
2020-11-10,23173.0,10.050743086817882,0.012947777298233376,0.012946939145895838,0.00016762323324753006,0.012946939145895838
2020-11-11,23175.0,10.050829390434055,0.008630734043935107,0.008630361617513023,7.4483141649042e-05,0.008630361617513023
2020-11-12,23175.0,10.050829390434055,0.0,0.0,0.0,0.0
2020-11-13,23175.0,10.050829390434055,0.0,0.0,0.0,0.0
2020-11-16,23175.0,10.050829390434055,0.0,0.0,0.0,0.0
2020-11-17,23163.0,10.050311456976926,-0.05177993527507585,-0.051793345713038515,0.002682550660150325,0.051793345713038515
2020-11-18,23160.0,10.050181931686932,-0.012951690195572851,-0.012952528999394424,0.00016776800748015354,0.012952528999394424
2020-11-19,23176.0,10.050872539449186,0.0690846286701241,0.06906077622548132,0.0047693908128660055,0.06906077622548132
2020-11-20,23176.0,10.050872539449186,0.0,0.0,0.0,0.0
2020-11-23,23177.0,10.05091568660256,0.004314808422511973,0.00431471533733098,1.8616768442199195e-05,0.00431471533733098
2020-11-24,23151.0,10.049793255125712,-0.11218017862536511,-0.1122431476846877,0.012598524202166613,0.1122431476846877
2020-11-25,23160.0,10.050181931686932,0.03887521057406307,0.038867656121886564,0.001510694692409226,0.038867656121886564
2020-11-26,23164.0,10.05035462834568,0.017271157167519924,0.017269665874876924,0.00029824135942988856,0.017269665874876924
2020-11-27,23160.0,10.050181931686932,-0.017268174753926058,-0.01726966587488477,0.0002982413594301595,0.01726966587488477
2020-11-30,23140.0,10.049318000747668,-0.08635578583765513,-0.08639309392640183,0.007463766678176089,0.08639309392640183
2020-12-01,23129.0,10.0488425203955,-0.04753673292998695,-0.047548035216842435,0.0022608156529820883,0.047548035216842435
2020-12-02,23129.0,10.0488425203955,0.0,0.0,0.0,0.0
2020-12-03,23125.0,10.048669562380626,-0.017294305849802072,-0.017295801487318775,0.00029914474908873835,0.017295801487318775
2020-12-04,23130.0,10.048885755225484,0.02162162162162584,0.021619284485896458,0.0004673934616821233,0.021619284485896458
2020-12-07,23127.0,10.048756045127371,-0.012970168612191912,-0.01297100981129847,0.00016824709552480115,0.01297100981129847
2020-12-08,23128.0,10.048799283696182,0.004323950361051487,0.004323856881012541,1.8695738327479497e-05,0.004323856881012541
2020-12-09,23128.0,10.048799283696182,0.0,0.0,0.0,0.0
2020-12-10,23128.0,10.048799283696182,0.0,0.0,0.0,0.0
2020-12-11,23128.0,10.048799283696182,0.0,0.0,0.0,0.0
2020-12-14,23126.0,10.048712804688908,-0.008647526807337158,-0.008647900727493297,7.47861869925791e-05,0.008647900727493297
2020-12-15,23126.0,10.048712804688908,0.0,0.0,0.0,0.0
2020-12-16,23126.0,10.048712804688908,0.0,0.0,0.0,0.0
2020-12-17,23120.0,10.048453322786314,-0.02594482400760656,-0.025948190259328468,0.0006733085777343088,0.025948190259328468
2020-12-18,23124.0,10.048626318202366,0.01730103806227845,0.01729954160528753,0.0002992741397530743,0.01729954160528753
2020-12-21,23120.0,10.048453322786314,-0.017298045320879307,-0.01729954160529338,0.00029927413975327664,0.01729954160529338
2020-12-22,23127.0,10.048756045127371,0.03027681660898729,0.030272234105801474,0.00091640815775645,0.030272234105801474
2020-12-23,23130.0,10.048885755225484,0.012971851083154462,0.012971009811303412,0.0001682470955249294,0.012971009811303412
2020-12-24,23125.0,10.048669562380626,-0.02161694768698652,-0.021619284485892162,0.00046739346168193756,0.021619284485892162
2020-12-25,23130.0,10.048885755225484,0.02162162162162584,0.021619284485896458,0.0004673934616821233,0.021619284485896458
2020-12-28,23125.0,10.048669562380626,-0.02161694768698652,-0.021619284485892162,0.00046739346168193756,0.021619284485892162
2020-12-29,23120.0,10.048453322786314,-0.02162162162162584,-0.021623959431221224,0.0004675956214831013,0.021623959431221224
2020-12-30,23088.0,10.047068281013653,-0.13840830449827202,-0.13850417726616845,0.019183407120178214,0.13850417726616845
2020-12-31,23070.0,10.0462883511678,-0.07796257796257589,-0.07799298458527387,0.006082905644518768,0.07799298458527387
2021-01-01,23070.0,10.0462883511678,0.0,0.0,0.0,0.0
2021-01-04,23070.0,10.0462883511678,0.0,0.0,0.0,0.0
2021-01-05,23080.0,10.046721720622037,0.04334633723450665,0.0433369454236544,0.0018780908386527998,0.0433369454236544
2021-01-06,23090.0,10.047154902348542,0.04332755632583396,0.04331817265052841,0.0018764640817809876,0.04331817265052841
2021-01-07,23078.0,10.046635061754612,-0.05197055002165163,-0.05198405939279849,0.0027023424309540007,0.05198405939279849
2021-01-08,23066.0,10.046114950785885,-0.05199757344657163,-0.052011096872898836,0.002705154197922067,0.052011096872898836
2021-01-11,23050.0,10.045421048424794,-0.06936616665221829,-0.06939023610894837,0.004815004867255603,0.06939023610894837
2021-01-12,23065.0,10.04607159599192,0.065075921908897,0.06505475671263548,0.004232121370940192,0.06505475671263548
2021-01-13,23064.0,10.046028239318238,-0.004335573379576907,-0.004335667368276197,1.8798011528335048e-05,0.004335667368276197
2021-01-14,23064.0,10.046028239318238,0.0,0.0,0.0,0.0
2021-01-15,23065.0,10.04607159599192,0.0043357613596972655,0.004335667368281244,1.8798011528378806e-05,0.004335667368281244
2021-01-18,23069.0,10.046245003891086,0.017342293518307628,0.017340789916422107,0.00030070299492548664,0.017340789916422107
2021-01-19,23069.0,10.046245003891086,0.0,0.0,0.0,0.0
2021-01-20,23072.0,10.046375040084676,0.013004464866273047,0.013003619359042422,0.00016909411643486284,0.013003619359042422
2021-01-21,23060.0,10.04585479382305,-0.05201109570042162,-0.05202462616256589,0.002706561727354735,0.05202462616256589
2021-01-22,23070.0,10.0462883511678,0.043365134431927466,0.04335573447494378,0.0018797197118618286,0.04335573447494378
2021-01-25,23060.0,10.04585479382305,-0.04334633723450665,-0.04335573447493602,0.0018797197118611557,0.04335573447493602
2021-01-26,23069.0,10.046245003891086,0.03902862098872362,0.039021006803518776,0.0015226389719602586,0.039021006803518776
2021-01-27,23069.0,10.046245003891086,0.0,0.0,0.0,0.0
2021-01-28,23059.0,10.045811427748324,-0.043348216220906455,-0.04335761427617847,0.0018798827157218752,0.04335761427617847
2021-01-29,23048.0,10.045334276764365,-0.0477037165531935,-0.04771509839591036,0.0022767306149314073,0.04771509839591036
2021-02-01,23045.0,10.045204105154609,-0.013016313779934396,-0.013017160975573044,0.00016944647986398177,0.013017160975573044
2021-02-02,23027.0,10.04442271945762,-0.07810804946842831,-0.07813856969892648,0.006105636074593991,0.07813856969892648
2021-02-03,23020.0,10.044118682275874,-0.030399096712552254,-0.030403718174569154,0.0009243860788386267,0.030403718174569154
2021-02-04,23015.0,10.043901456251342,-0.02172024326672073,-0.021722602453178766,0.0004718714573388481,0.021722602453178766
2021-02-05,23000.0,10.043249494911286,-0.06517488594395271,-0.06519613400550994,0.00425053588926441,0.06519613400550994
2021-02-08,22970.0,10.041944295683145,-0.13043478260869046,-0.1305199228142756,0.01703545025144446,0.1305199228142756
2021-02-09,23010.0,10.043684183029411,0.17414018284718225,0.173988734626753,0.030272079777018675,0.173988734626753
2021-02-10,23010.0,10.043684183029411,0.0,0.0,0.0,0.0
2021-02-11,23010.0,10.043684183029411,0.0,0.0,0.0,0.0
2021-02-12,23010.0,10.043684183029411,0.0,0.0,0.0,0.0
2021-02-15,23010.0,10.043684183029411,0.0,0.0,0.0,0.0
2021-02-16,23010.0,10.043684183029411,0.0,0.0,0.0,0.0
2021-02-17,23010.0,10.043684183029411,0.0,0.0,0.0,0.0
2021-02-18,23015.0,10.043901456251342,0.021729682746629564,0.021727322193022567,0.000472076529679411,0.021727322193022567
2021-02-19,23018.0,10.044031797528437,0.013034977188786101,0.013034127709453364,0.00016988848514634,0.013034127709453364
2021-02-22,23020.0,10.044118682275874,0.008688852202620723,0.008688474743722132,7.548959337229738e-05,0.008688474743722132
2021-02-23,23025.0,10.044335861123507,0.02172024326672073,0.021717884763391825,0.0004716665185959668,0.021717884763391825
2021-02-24,23020.0,10.044118682275874,-0.021715526601517876,-0.021717884763393473,0.0004716665185960384,0.021717884763393473
2021-02-25,23025.0,10.044335861123507,0.02172024326672073,0.021717884763391825,0.0004716665185959668,0.021717884763391825
2021-02-26,23015.0,10.043901456251342,-0.04343105320303575,-0.04344048721657389,0.0018870759296133197,0.04344048721657389
2021-03-01,23020.0,10.044118682275874,0.02172496198131757,0.02172260245318366,0.00047187145733906084,0.02172260245318366
2021-03-02,23022.0,10.044205559475007,0.008688097306697173,0.008687719913381827,7.547647729337113e-05,0.008687719913381827
2021-03-03,23020.0,10.044118682275874,-0.008687342541913168,-0.00868771991337123,7.5476477293187e-05,0.00868771991337123
2021-03-04,23019.0,10.044075240845775,-0.004344048653348587,-0.004344143009874705,1.8871578490243263e-05,0.004344143009874705
2021-03-05,23033.0,10.044683249202905,0.060819323167815575,0.060800835713046064,0.0036967416234048177,0.060800835713046064
2021-03-08,23025.0,10.044335861123507,-0.03473277471454095,-0.0347388079397826,0.0012067847770771028,0.0347388079397826
2021-03-09,23060.0,10.04585479382305,0.15200868621063623,0.15189326995423816,0.023071565457391068,0.15189326995423816
2021-03-10,23052.0,10.045507812556558,-0.03469210754553087,-0.03469812664930351,0.0012039599929711065,0.03469812664930351
2021-03-11,23051.0,10.045464431431677,-0.0043380183932018035,-0.004338112487940944,1.8819219958029164e-05,0.004338112487940944
2021-03-12,23055.0,10.045637944640806,0.017352826341587857,0.017351320912831425,0.00030106833742006117,0.017351320912831425
2021-03-15,23081.0,10.04676504723975,0.11277380177836527,0.1127102598944395,0.012703602685472097,0.1127102598944395
2021-03-16,23082.0,10.046808371980351,0.004332567913012397,0.004332474059999614,1.877033148056954e-05,0.004332474059999614
2021-03-17,23045.0,10.045204105154609,-0.16029806775842426,-0.1604266825741451,0.025736720481745513,0.1604266825741451
2021-03-18,23065.0,10.04607159599192,0.08678672163158208,0.08674908373121663,0.007525403528205635,0.08674908373121663
2021-03-19,23073.0,10.046418381725163,0.03468458703663746,0.03467857332426197,0.0012026034478062138,0.03467857332426197
2021-03-22,23076.0,10.04654839537678,0.013002210375767653,0.013001365161657924,0.00016903549606677237,0.013001365161657924
2021-03-23,23070.0,10.0462883511678,-0.026001040041601087,-0.026004420898068575,0.0006762299062439056,0.026004420898068575
2021-03-24,23080.0,10.046721720622037,0.04334633723450665,0.0433369454236544,0.0018780908386527998,0.0433369454236544
2021-03-25,23084.0,10.046895015830858,0.01733102253032026,0.017329520882108686,0.000300312294003441,0.017329520882108686
2021-03-26,23084.0,10.046895015830858,0.0,0.0,0.0,0.0
2021-03-29,23070.0,10.0462883511678,-0.06064806792583921,-0.06066646630577228,0.0036804201340294032,0.06066646630577228
2021-03-30,23070.0,10.0462883511678,0.0,0.0,0.0,0.0
2021-03-31,23074.0,10.046461721487235,0.0173385348938071,0.017337031943569642,0.0003005726766123542,0.017337031943569642
2021-04-01,23065.0,10.04607159599192,-0.039004940625808615,-0.03901254953140513,0.0015219790209403386,0.03901254953140513
2021-04-02,23073.0,10.046418381725163,0.03468458703663746,0.03467857332426197,0.0012026034478062138,0.03467857332426197
2021-04-05,23079.0,10.046678392127044,0.026004420751535307,0.026001040188093454,0.0006760540908628508,0.026001040188093454
2021-04-06,23090.0,10.047154902348542,0.04766237705273735,0.047651022149673636,0.0022706199119086876,0.047651022149673636
2021-04-07,23090.0,10.047154902348542,0.0,0.0,0.0,0.0
2021-04-08,23085.0,10.046938334941089,-0.02165439584235207,-0.021656740745171026,0.0004690144197035509,0.021656740745171026
2021-04-09,23065.0,10.04607159599192,-0.08663634394628916,-0.08667389491684296,0.0075123640600559365,0.08667389491684296
2021-04-12,23067.0,10.04615830370029,0.008671146759153814,0.00867077083695424,7.518226690697613e-05,0.00867077083695424
2021-04-13,23069.0,10.046245003891086,0.008670394936483028,0.008670019079466624,7.516923083831528e-05,0.008670019079466624
2021-04-14,23078.0,10.046635061754612,0.03901339459881914,0.03900578635278757,0.001521451368999309,0.03900578635278757
2021-04-15,23073.0,10.046418381725163,-0.021665655602742806,-0.02166800294495713,0.0004695023516226708,0.02166800294495713
2021-04-16,23067.0,10.04615830370029,-0.026004420751524204,-0.026007802487297223,0.0006764057902182637,0.026007802487297223
2021-04-19,23073.0,10.046418381725163,0.02601118480947129,0.026007802487303996,0.000676405790218616,0.026007802487303996
2021-04-20,23074.0,10.046461721487235,0.004334070125255884,0.004333976207150272,1.8783349764144662e-05,0.004333976207150272
2021-04-21,23074.0,10.046461721487235,0.0,0.0,0.0,0.0
2021-04-22,23070.0,10.0462883511678,-0.01733552916702852,-0.01733703194356471,0.0003005726766121831,0.01733703194356471
2021-04-23,23070.0,10.0462883511678,0.0,0.0,0.0,0.0
2021-04-26,23040.0,10.044987114809828,-0.13003901170350884,-0.1301236357971786,0.016932160593076777,0.1301236357971786
2021-04-27,23042.0,10.045073916598,0.008680555555562464,0.008680178817140533,7.534550429753521e-05,0.008680178817140533
2021-04-28,23047.0,10.045290888110491,0.021699505251282503,0.021697151249173468,0.0004707663723295098,0.021697151249173468
2021-04-29,23054.0,10.045594569160958,0.030372716622562024,0.030368105046737127,0.000922221804129661,0.030368105046737127
2021-04-30,23054.0,10.045594569160958,0.0,0.0,0.0,0.0
2021-05-03,23054.0,10.045594569160958,0.0,0.0,0.0,0.0
2021-05-04,23050.0,10.045421048424794,-0.017350568231111474,-0.017352073616332297,0.0003010944587866154,0.017352073616332297
2021-05-05,23060.0,10.04585479382305,0.04338394793925726,0.04337453982553904,0.001881350705077272,0.04337453982553904
2021-05-06,23067.0,10.04615830370029,0.030355594102338124,0.03035098772404368,0.0009211824558250501,0.03035098772404368
2021-05-07,23060.0,10.04585479382305,-0.030346382277712802,-0.03035098772404733,0.0009211824558252716,0.03035098772404733
2021-05-10,23060.0,10.04585479382305,0.0,0.0,0.0,0.0
2021-05-11,23055.0,10.045637944640806,-0.021682567215963733,-0.021684918224414575,0.00047023567839954737,0.021684918224414575
2021-05-12,23053.0,10.045551191799596,-0.00867490782910929,-0.008675284121000649,7.5260554580086e-05,0.008675284121000649
2021-05-13,23040.0,10.044987114809828,-0.05639179282522777,-0.0564076989768418,0.0031818285038619997,0.0564076989768418
2021-05-14,23048.0,10.045334276764365,0.03472222222222765,0.034716195453692346,0.0012052142267789691,0.034716195453692346
2021-05-17,23046.0,10.04524749757396,-0.008677542519963666,-0.00867791904046657,7.530627887289224e-05,0.00867791904046657
2021-05-18,23040.0,10.044987114809828,-0.026034886748238506,-0.026038276413221532,0.0006779918385713288,0.026038276413221532
2021-05-19,23045.0,10.045204105154609,0.021701388888883955,0.02169903447810582,0.00047084809728202516,0.02169903447810582
2021-05-20,23045.0,10.045204105154609,0.0,0.0,0.0,0.0
2021-05-21,23054.0,10.045594569160958,0.0390540247342086,0.039046400634916066,0.0015246214025423739,0.039046400634916066
2021-05-24,23056.0,10.045681318239303,0.008675284115544635,0.008674907834534349,7.525402593766542e-05,0.008674907834534349
2021-05-25,23060.0,10.04585479382305,0.017349063150584598,0.017347558374664084,0.000300937781562378,0.017347558374664084
2021-05-26,23055.0,10.045637944640806,-0.021682567215963733,-0.021684918224414575,0.00047023567839954737,0.021684918224414575
2021-05-27,23045.0,10.045204105154609,-0.04337453914552425,-0.04338394861973044,0.0018821669978394107,0.04338394861973044
2021-05-28,23045.0,10.045204105154609,0.0,0.0,0.0,0.0
2021-05-31,23040.0,10.044987114809828,-0.02169668040790107,-0.021699034478114235,0.0004708480972823903,0.021699034478114235
2021-06-01,23044.0,10.045160710852274,0.017361111111102723,0.017359604244610985,0.0003013558595295157,0.017359604244610985
2021-06-02,23040.0,10.044987114809828,-0.017358097552511165,-0.01735960424462229,0.0003013558595299082,0.01735960424462229
2021-06-03,23041.0,10.045030516645731,0.004340277777781232,0.004340183590450608,1.883719359881673e-05,0.004340183590450608
2021-06-04,23044.0,10.045160710852274,0.01302026821752289,0.013019420654169825,0.00016950531417022382,0.013019420654169825
2021-06-07,23000.0,10.043249494911286,-0.1909390730775895,-0.1911215940986981,0.03652746373082752,0.1911215940986981
2021-06-08,22952.0,10.0411603576612,-0.20869565217391806,-0.2089137250086076,0.04364494449697212,0.2089137250086076
2021-06-09,22955.0,10.041291056683322,0.013070756361099889,0.013069902212168973,0.0001708223438356594,0.013069902212168973
2021-06-10,22947.0,10.040942487989975,-0.03485079503375843,-0.03485686933466662,0.001215001339814022,0.03485686933466662
2021-06-11,22945.0,10.040855326828934,-0.00871573626182176,-0.008716116104185555,7.597067994164279e-05,0.008716116104185555
2021-06-14,22944.0,10.040811743399347,-0.004358247984315167,-0.00435834295870212,1.8995153345668347e-05,0.00435834295870212
2021-06-15,22947.0,10.040942487989975,0.013075313807542344,0.013074459062892733,0.0001709414797872579,0.013074459062892733
2021-06-16,22946.0,10.040898908359088,-0.00435786813091088,-0.0043579630887428805,1.8991842282845387e-05,0.0043579630887428805
2021-06-17,22960.0,10.041508850433503,0.06101281269066394,0.060994207441441066,0.0037202933414095447,0.060994207441441066
2021-06-18,22995.0,10.043032079974024,0.1524390243902385,0.15232295405214163,0.023202282331170852,0.15232295405214163
2021-06-21,23014.0,10.043858005383404,0.08262665796912039,0.08259254093796631,0.0068215278185896405,0.08259254093796631
2021-06-22,23025.0,10.044335861123507,0.04779699313461894,0.04778557401037584,0.002283461083501107,0.04778557401037584
2021-06-23,23020.0,10.044118682275874,-0.021715526601517876,-0.021717884763393473,0.0004716665185960384,0.021717884763393473
2021-06-24,23003.0,10.043379921188018,-0.07384882710685936,-0.07387610878547801,0.005457679449283781,0.07387610878547801
2021-06-25,23020.0,10.044118682275874,0.07390340390382999,0.07387610878547361,0.0054576794492831315,0.07387610878547361
2021-06-28,23020.0,10.044118682275874,0.0,0.0,0.0,0.0
2021-06-29,23020.0,10.044118682275874,0.0,0.0,0.0,0.0
2021-06-30,23014.0,10.043858005383404,-0.026064291920069316,-0.026067689246974744,0.0006795244226768427,0.026067689246974744
2021-07-01,23010.0,10.043684183029411,-0.017380724776228096,-0.017382235399237517,0.00030214210747450584,0.017382235399237517
2021-07-02,22998.0,10.04316253460861,-0.052151238591913174,-0.05216484208014386,0.0027211707492463474,0.05216484208014386
2021-07-05,22996.0,10.043075566743182,-0.008696408383335186,-0.00869678654285339,7.563409617195583e-05,0.00869678654285339
2021-07-06,23007.0,10.043553796432969,0.047834405983659956,0.047822968978751136,0.0022870363619425936,0.047822968978751136
2021-07-07,23015.0,10.043901456251342,0.03477202590516093,0.034765981837289156,0.0012086734931107195,0.034765981837289156
2021-07-08,23007.0,10.043553796432969,-0.03475993917010367,-0.03476598183728474,0.0012086734931104127,0.03476598183728474
2021-07-09,23000.0,10.043249494911286,-0.030425522667010263,-0.030430152168215173,0.0009259941609807306,0.030430152168215173
2021-07-12,23020.0,10.044118682275874,0.08695652173913437,0.08691873645869339,0.007554866747575795,0.08691873645869339
2021-07-13,23010.0,10.043684183029411,-0.04344048653345256,-0.04344992464621092,0.001887895951761407,0.04344992464621092
2021-07-14,23011.0,10.043727641450573,0.004345936549321472,0.004345842116235009,1.8886343699241985e-05,0.004345842116235009
2021-07-15,23009.0,10.043640722719532,-0.008691495371782043,-0.008691873104128249,7.554865805826804e-05,0.008691873104128249
2021-07-16,23011.0,10.043727641450573,0.008692250858355344,0.008691873104120493,7.554865805813322e-05,0.008691873104120493
2021-07-19,23020.0,10.044118682275874,0.03911172917301364,0.03910408252997703,0.001529129270511255,0.03910408252997703
2021-07-20,23026.0,10.044379291233609,0.026064291920069316,0.026060895773611044,0.000679170288523018,0.026060895773611044
2021-07-21,23022.0,10.044205559475007,-0.017371666811427655,-0.01737317586023384,0.0003018272394706118,0.01737317586023384
2021-07-22,23010.0,10.043684183029411,-0.05212405525150121,-0.05213764455958466,0.002718333980221588,0.05213764455958466
2021-07-23,23005.0,10.043466862589568,-0.021729682746629564,-0.021732043984256735,0.0004722817357336693,0.021732043984256735
2021-07-26,23008.0,10.043597260520773,0.013040643338402269,0.013039793120423996,0.000170036204623457,0.013039793120423996
2021-07-27,23005.0,10.043466862589568,-0.013038942976351109,-0.013039793120421481,0.00017003620462339137,0.013039793120421481
2021-07-28,22999.0,10.043206015705211,-0.026081286676804538,-0.026084688435872673,0.0006804109707965496,0.026084688435872673
2021-07-29,22965.0,10.041726596759894,-0.14783251445714685,-0.14794189453163412,0.02188680415760915,0.14794189453163412
2021-07-30,22950.0,10.04107321548869,-0.06531678641410466,-0.06533812712025694,0.004269070855582855,0.06533812712025694
2021-08-02,22950.0,10.04107321548869,0.0,0.0,0.0,0.0
2021-08-03,22950.0,10.04107321548869,0.0,0.0,0.0,0.0
2021-08-04,22945.0,10.040855326828934,-0.021786492374731292,-0.021788865975737124,0.0004747546805086349,0.021788865975737124
2021-08-05,22936.0,10.040463007563206,-0.03922423185879209,-0.03923192657281075,0.0015391440626144142,0.03923192657281075
2021-08-06,22927.0,10.040070534322663,-0.039239623299613946,-0.03924732405436141,0.0015403524454280558,0.03924732405436141
2021-08-09,22925.0,10.039983297124666,-0.00872333929428093,-0.008723719799651822,7.610328714283722e-05,0.008723719799651822
2021-08-10,22887.0,10.038324342758338,-0.16575790621592423,-0.16589543663266074,0.027521295895541153,0.16589543663266074
2021-08-11,22809.0,10.034910473896547,-0.34080482369904797,-0.34138688617927315,0.11654500605518,0.34138688617927315
2021-08-12,22805.0,10.034735089145801,-0.01753693717392313,-0.017538475074553413,0.00030759810794073135,0.017538475074553413
2021-08-13,22830.0,10.035830739523842,0.10962508221881162,0.10956503780404042,0.012004497509000806,0.10956503780404042
2021-08-16,22830.0,10.035830739523842,0.0,0.0,0.0,0.0
2021-08-17,22830.0,10.035830739523842,0.0,0.0,0.0,0.0
2021-08-18,22807.0,10.03482278536615,-0.10074463425318037,-0.10079541576913432,0.010159715840072652,0.10079541576913432
2021-08-19,22812.0,10.03504199227643,0.021923093786990755,0.02192069102795112,0.0004805166951428967,0.02192069102795112
2021-08-20,22820.0,10.035392623416067,0.03506926179204228,0.0350631139637191,0.001229421960832753,0.0350631139637191
2021-08-23,22825.0,10.03561170546317,0.02191060473268891,0.0219082047102567,0.0004799694336265139,0.0219082047102567
2021-08-24,22820.0,10.035392623416067,-0.021905805038335835,-0.021908204710259088,0.0004799694336266185,0.021908204710259088
2021-08-25,22790.0,10.03407712223973,-0.13146362839614456,-0.13155011763366994,0.0173054334494324,0.13155011763366994
2021-08-26,22785.0,10.033857703697983,-0.021939447125929323,-0.021941854174698846,0.0004814449646237492,0.021941854174698846
2021-08-27,22789.0,10.03403324238277,0.017555409260472388,0.017553868478825254,0.0003081382985718948,0.017553868478825254
2021-08-30,22775.0,10.03341872212816,-0.06143314757119933,-0.06145202546121915,0.0037763514332863264,0.06145202546121915
2021-08-31,22775.0,10.03341872212816,0.0,0.0,0.0,0.0
2021-09-01,22760.0,10.032759888240268,-0.06586169045005308,-0.06588338878918283,0.004340620918346622,0.06588338878918283
2021-09-02,22760.0,10.032759888240268,0.0,0.0,0.0,0.0
2021-09-03,22760.0,10.032759888240268,0.0,0.0,0.0,0.0
2021-09-06,22760.0,10.032759888240268,0.0,0.0,0.0,0.0
2021-09-07,22758.0,10.032672010916954,-0.008787346221439396,-0.008787732331326847,7.72242395270472e-05,0.008787732331326847
2021-09-08,22757.0,10.032628069359218,-0.004394059231915826,-0.004394155773526568,1.9308604962016868e-05,0.004394155773526568
2021-09-09,22765.0,10.032979547768882,0.03515401854374822,0.03514784096638474,0.0012353707245982735,0.03514784096638474
2021-09-10,22757.0,10.032628069359218,-0.035141664836368935,-0.035147840966378616,0.0012353707245978428,0.035147840966378616
2021-09-13,22759.0,10.032715950543913,0.008788504635925953,0.008788118469482614,7.723102623366144e-05,0.008788118469482614
2021-09-14,22759.0,10.032715950543913,0.0,0.0,0.0,0.0
2021-09-15,22758.0,10.032672010916954,-0.004393866162832882,-0.004393962695959868,1.9306908173486915e-05,0.004393962695959868
2021-09-16,22753.0,10.032452283817127,-0.02197029615959023,-0.021972709982712797,0.0004827999839844066,0.021972709982712797
2021-09-17,22770.0,10.033199159057785,0.07471542214212423,0.0746875240658403,0.005578226251085473,0.0746875240658403
2021-09-20,22769.0,10.033155240658164,-0.004391743522180747,-0.004391839962060175,1.928825825234872e-05,0.004391839962060175
2021-09-21,22755.0,10.032540180450741,-0.061487109666646944,-0.06150602074223593,0.003782990587544356,0.06150602074223593
2021-09-22,22760.0,10.032759888240268,0.02197319270489384,0.02197077895248478,0.0004827151277789481,0.02197077895248478
2021-09-23,22762.0,10.032847757841836,0.008787346221450498,0.008786960156798813,7.721066879716983e-05,0.008786960156798813
2021-09-24,22760.0,10.032759888240268,-0.008786574114749701,-0.008786960156786483,7.721066879695314e-05,0.008786960156786483
2021-09-27,22766.0,10.033023473885162,0.02636203866432929,0.026358564489478726,0.0006947739219460089,0.026358564489478726
2021-09-28,22761.0,10.032803824006184,-0.02196257577088412,-0.021964987897739832,0.0004824606933478573,0.021964987897739832
2021-09-29,22753.0,10.032452283817127,-0.03514784060454357,-0.03515401890577477,0.00123580504522757,0.03515401890577477
2021-09-30,22750.0,10.032320424379096,-0.013185074495669635,-0.013185943803030304,0.00017386911397667329,0.013185943803030304
2021-10-01,22757.0,10.032628069359218,0.030769230769234213,0.030764498012220625,0.0009464543379439268,0.030764498012220625
2021-10-04,22757.0,10.032628069359218,0.0,0.0,0.0,0.0
2021-10-05,22754.0,10.032496233099662,-0.013182756953900032,-0.01318362595567766,0.00017380799333921768,0.01318362595567766
2021-10-06,22750.0,10.032320424379096,-0.017579326711791854,-0.017580872056540176,0.0003090870622684352,0.017580872056540176
2021-10-07,22750.0,10.032320424379096,0.0,0.0,0.0,0.0
2021-10-08,22757.0,10.032628069359218,0.030769230769234213,0.030764498012220625,0.0009464543379439268,0.030764498012220625
2021-10-11,22750.0,10.032320424379096,-0.030759766225774143,-0.03076449801221464,0.0009464543379435586,0.03076449801221464
2021-10-12,22757.0,10.032628069359218,0.030769230769234213,0.030764498012220625,0.0009464543379439268,0.030764498012220625
2021-10-13,22757.0,10.032628069359218,0.0,0.0,0.0,0.0
2021-10-14,22757.0,10.032628069359218,0.0,0.0,0.0,0.0
2021-10-15,22758.0,10.032672010916954,0.004394252317974079,0.004394155773535169,1.9308604962092464e-05,0.004394155773535169
2021-10-18,22758.0,10.032672010916954,0.0,0.0,0.0,0.0
2021-10-19,22755.0,10.032540180450741,-0.013182177695758579,-0.013183046621165624,0.0001737927182158264,0.013183046621165624
2021-10-20,22755.0,10.032540180450741,0.0,0.0,0.0,0.0
2021-10-21,22750.0,10.032320424379096,-0.021973192704904942,-0.021975607164588906,0.0004829273102523313,0.021975607164588906
2021-10-22,22754.0,10.032496233099662,0.017582417582406862,0.01758087205652454,0.0003090870622678854,0.01758087205652454
2021-10-25,22745.0,10.032100620004105,-0.039553485101517794,-0.03956130955573375,0.0015650972137645903,0.03956130955573375
2021-10-26,22757.0,10.032628069359218,0.05275884809847753,0.052744935511412835,0.0027820282221030987,0.052744935511412835
2021-10-27,22755.0,10.032540180450741,-0.008788504635937056,-0.008788890847634057,7.724460233162569e-05,0.008788890847634057
2021-10-28,22750.0,10.032320424379096,-0.021973192704904942,-0.021975607164588906,0.0004829273102523313,0.021975607164588906
2021-10-29,22750.0,10.032320424379096,0.0,0.0,0.0,0.0
2021-11-01,22750.0,10.032320424379096,0.0,0.0,0.0,0.0
2021-11-02,22748.0,10.03223250842669,-0.008791208791203431,-0.0087915952406127,7.729214687476386e-05,0.0087915952406127
2021-11-03,22747.0,10.032188547551861,-0.004395990856342902,-0.0043960874828527525,1.9325585156894648e-05,0.0043960874828527525
2021-11-04,22680.0,10.029238757841688,-0.2945443355167665,-0.29497897101733817,0.08701259334244762,0.29497897101733817
2021-11-05,22680.0,10.029238757841688,0.0,0.0,0.0,0.0
2021-11-08,22660.0,10.028356534581997,-0.08818342151675207,-0.08822232596910375,0.007783178799398797,0.08822232596910375
2021-11-09,22662.0,10.028444791940512,0.008826125330974044,0.008825735851449386,7.789361331955902e-05,0.008825735851449386
2021-11-10,22660.0,10.028356534581997,-0.008825346394847333,-0.008825735851456377,7.789361331968242e-05,0.008825735851456377
2021-11-11,22645.0,10.027694355990315,-0.06619593998234974,-0.06621785916830839,0.004384804872833923,0.06621785916830839
2021-11-12,22640.0,10.027473532317119,-0.022079929344220872,-0.022082367319495515,0.00048763094643312357,0.022082367319495515
2021-11-15,22645.0,10.027694355990315,0.022084805653710404,0.022082367319500903,0.0004876309464333615,0.022082367319500903
2021-11-16,22650.0,10.02791513091118,0.022079929344220872,0.02207749208657822,0.000487415656832924,0.02207749208657822
2021-11-17,22648.0,10.027826826791735,-0.008830022075057009,-0.008830411944456778,7.797617510880494e-05,0.008830411944456778
2021-11-18,22650.0,10.02791513091118,0.008830801836801072,0.008830411944449246,7.797617510867192e-05,0.008830411944449246
2021-11-19,22657.0,10.028224133937455,0.03090507726268843,0.030900302627396518,0.0009548287024646881,0.030900302627396518
2021-11-22,22670.0,10.028797743501574,0.05737741095466209,0.057360956412048955,0.0032902793205049803,0.057360956412048955
2021-11-23,22675.0,10.029018274983338,0.02205558006176389,0.02205314817627565,0.00048634134448476997,0.02205314817627565
2021-11-24,22680.0,10.029238757841688,0.022050716648291946,0.022048285835103015,0.0004861269082664043,0.022048285835103015
2021-11-25,22670.0,10.028797743501574,-0.044091710758376035,-0.04410143401136814,0.0019449364818590583,0.04410143401136814
2021-11-26,22678.0,10.029150570531785,0.0352889280988089,0.03528270302104284,0.0012448691324711055,0.03528270302104284
2021-11-29,22690.0,10.029679577773887,0.052914719111041286,0.052900724210238954,0.002798486621967762,0.052900724210238954
2021-11-30,22688.0,10.029591429331854,-0.008814455707362168,-0.008814844203338624,7.770147832913255e-05,0.008814844203338624
2021-12-01,22710.0,10.030560635099604,0.09696755994357265,0.0969205767750007,0.009393598202398804,0.0969205767750007
2021-12-02,22730.0,10.03144091684659,0.08806693086746975,0.08802817469848424,0.007748959540746862,0.08802817469848424
2021-12-03,22830.0,10.035830739523842,0.439947206335245,0.43898226772523746,0.19270543137719207,0.43898226772523746
2021-12-06,23020.0,10.044118682275874,0.8322382829610175,0.8287942752032439,0.6868999506096704,0.8287942752032439
2021-12-07,23070.0,10.0462883511678,0.2172024326672517,0.21696688919257706,0.04707463100590401,0.21696688919257706
2021-12-08,22920.0,10.039765170828677,-0.6501950585175553,-0.6523180339123483,0.4255188173672716,0.6523180339123483
2021-12-09,22980.0,10.042379551402746,0.2617801047120505,0.26143805740708936,0.06834985786079255,0.26143805740708936
2021-12-10,23025.0,10.044335861123507,0.1958224543080922,0.19563097207609012,0.038271477235435954,0.19563097207609012
2021-12-13,22975.0,10.042161947223887,-0.21715526601520097,-0.21739138996197963,0.047259016429601494,0.21739138996197963
2021-12-14,23000.0,10.043249494911286,0.10881392818280489,0.1087547687398919,0.011827599723667368,0.1087547687398919
2021-12-15,23030.0,10.044552992814731,0.13043478260870156,0.13034979034441974,0.01699106784283418,0.13034979034441974
2021-12-16,22990.0,10.042814617757227,-0.17368649587494733,-0.1738375057503665,0.030219478405508704,0.1738375057503665
2021-12-17,22980.0,10.042379551402746,-0.043497172683770735,-0.04350663544805091,0.0018928273280096,0.04350663544805091
2021-12-20,22928.0,10.040114150067954,-0.2262837249782379,-0.22654013347935464,0.05132043207684382,0.22654013347935464
2021-12-21,22933.0,10.040332200263972,0.021807397069095735,0.021805019601897284,0.0004754588798391248,0.021805019601897284
2021-12-22,22955.0,10.041291056683322,0.09593162691319268,0.09588564193505685,0.009194056329297932,0.09588564193505685
2021-12-23,22950.0,10.04107321548869,-0.02178174689609902,-0.021784119463118864,0.0004745478607834341,0.021784119463118864
2021-12-24,22840.0,10.036268663769947,-0.4793028322440107,-0.4804551718744714,0.23083717218092786,0.4804551718744714
2021-12-27,22810.0,10.034954315278434,-0.13134851138353332,-0.13143484915127615,0.017275119571418716,0.13143484915127615
2021-12-28,22835.0,10.0360497256191,0.10960105217010518,0.10954103406656686,0.011999238144372761,0.10954103406656686
2021-12-29,22820.0,10.035392623416067,-0.06568863586599027,-0.06571022030326583,0.004317833052303729,0.06571022030326583
2021-12-30,22765.0,10.032979547768882,-0.2410166520596002,-0.24130756471842071,0.0582293407903348,0.24130756471842071
2021-12-31,22825.0,10.03561170546317,0.26356248627279477,0.26321576942868335,0.06928254127593379,0.26321576942868335
2022-01-03,22825.0,10.03561170546317,0.0,0.0,0.0,0.0
2022-01-04,22752.0,10.032408332602968,-0.3198247535596943,-0.32033728602018025,0.10261597681477476,0.32033728602018025
2022-01-05,22755.0,10.032540180450741,0.013185654008429637,0.013184784777479837,0.00017383854962846405,0.013184784777479837
2022-01-06,22745.0,10.032100620004105,-0.04394638540979878,-0.043956044663784034,0.001932133862484577,0.043956044663784034
2022-01-07,22685.0,10.029459192098065,-0.26379424049242095,-0.2641427906040238,0.06977141382808116,0.2641427906040238
2022-01-10,22695.0,10.029899914890565,0.04408199250605094,0.04407227925016074,0.0019423657983041488,0.04407227925016074
2022-01-11,22698.0,10.030032093861085,0.013218770654321865,0.013217897051819302,0.0001747128024724934,0.013217897051819302
2022-01-12,22698.0,10.030032093861085,0.0,0.0,0.0,0.0
2022-01-13,22710.0,10.030560635099604,0.05286809410520732,0.05285412385198995,0.0027935584081614927,0.05285412385198995
2022-01-14,22710.0,10.030560635099604,0.0,0.0,0.0,0.0
2022-01-17,22720.0,10.031000872835088,0.044033465433734875,0.044023773548355315,0.0019380926374368691,0.044023773548355315
2022-01-18,22750.0,10.032320424379096,0.1320422535211252,0.13195515440088063,0.017412162772960246,0.13195515440088063
2022-01-19,22700.0,10.030120203469494,-0.219780219780219,-0.22002209096024233,0.04840972051051715,0.22002209096024233
2022-01-20,22645.0,10.027694355990315,-0.24229074889867697,-0.2425847479179784,0.05884735992242913,0.2425847479179784
2022-01-21,22625.0,10.026810768568128,-0.0883197173769057,-0.08835874221873867,0.007807267326477511,0.08835874221873867
2022-01-24,22675.0,10.029018274983338,0.22099447513812542,0.220750641521052,0.04873084573195601,0.220750641521052
2022-01-25,22630.0,10.027031738627583,-0.1984564498346164,-0.1986536355754261,0.03946326692733419,0.1986536355754261
2022-01-26,22630.0,10.027031738627583,0.0,0.0,0.0,0.0
2022-01-27,22630.0,10.027031738627583,0.0,0.0,0.0,0.0
2022-01-28,22645.0,10.027694355990315,0.06628369421122215,0.06626173627311666,0.004390617693928064,0.06626173627311666
2022-01-31,22645.0,10.027694355990315,0.0,0.0,0.0,0.0
2022-02-01,22645.0,10.027694355990315,0.0,0.0,0.0,0.0
2022-02-02,22645.0,10.027694355990315,0.0,0.0,0.0,0.0
2022-02-03,22645.0,10.027694355990315,0.0,0.0,0.0,0.0
2022-02-04,22645.0,10.027694355990315,0.0,0.0,0.0,0.0
2022-02-07,22665.0,10.02857716337495,0.0883197173769057,0.08828073846354038,0.007793488783668019,0.08828073846354038
2022-02-08,22715.0,10.030780778193504,0.22060445621001623,0.22036148185540472,0.048559182685509863,0.22036148185540472
2022-02-09,22680.0,10.029238757841688,-0.15408320493066618,-0.15420203518153372,0.023778267654126963,0.15420203518153372
2022-02-10,22680.0,10.029238757841688,0.0,0.0,0.0,0.0
2022-02-11,22685.0,10.029459192098065,0.02204585537919357,0.022043425637594885,0.0004859126138401755,0.022043425637594885
2022-02-14,22725.0,10.03122091904568,0.17632797002424816,0.17617269476153397,0.03103681837954062,0.17617269476153397
2022-02-15,22750.0,10.032320424379096,0.11001100110010764,0.10995053334168679,0.012089119782121379,0.10995053334168679
2022-02-16,22750.0,10.032320424379096,0.0,0.0,0.0,0.0
2022-02-17,22785.0,10.033857703697983,0.15384615384614886,0.15372793188863978,0.023632277042758273,0.15372793188863978
2022-02-18,22820.0,10.035392623416067,0.1536098310291889,0.15349197180837407,0.0235597854096227,0.15349197180837407
2022-02-21,22800.0,10.034515814942532,-0.08764241893076674,-0.08768084735345369,0.007687930992619647,0.08768084735345369
2022-02-22,22815.0,10.035173493361503,0.06578947368420796,0.0657678418970757,0.004325409027798746,0.0657678418970757
2022-02-23,22825.0,10.03561170546317,0.04383081306158498,0.04382121016663228,0.001920298460468156,0.04382121016663228
2022-02-24,22840.0,10.036268663769947,0.0657174151150075,0.06569583067773231,0.004315942168437274,0.06569583067773231
2022-02-25,22820.0,10.035392623416067,-0.08756567425569628,-0.08760403538799322,0.007674467016260768,0.08760403538799322
2022-02-28,22805.0,10.034735089145801,-0.06573181419806673,-0.0657534270265774,0.004323513165739439,0.0657534270265774
2022-03-01,22815.0,10.035173493361503,0.043850032887515766,0.04384042157020247,0.0019219825634530742,0.04384042157020247
2022-03-02,22840.0,10.036268663769947,0.10957703265395136,0.1095170408443555,0.011993982235304231,0.1095170408443555
2022-03-03,22835.0,10.0360497256191,-0.02189141856392407,-0.021893815084719086,0.00047933913896387303,0.021893815084719086
2022-03-04,22830.0,10.035830739523842,-0.02189621195533009,-0.021898609525811186,0.0004795490991639484,0.021898609525811186
2022-03-07,22845.0,10.036487553997372,0.06570302233903647,0.06568144735307536,0.004314052526394811,0.06568144735307536
2022-03-08,22845.0,10.036487553997372,0.0,0.0,0.0,0.0
2022-03-09,22835.0,10.0360497256191,-0.04377325454147929,-0.04378283782725781,0.0019169368882079572,0.04378283782725781
2022-03-10,22835.0,10.0360497256191,0.0,0.0,0.0,0.0
2022-03-11,22873.0,10.037712454627359,0.16641121086051758,0.16627290082602614,0.027646677549101523,0.16627290082602614
2022-03-14,22890.0,10.038455412946613,0.07432343811479836,0.07429583192526493,0.005519870641467215,0.07429583192526493
2022-03-15,22880.0,10.038018445493734,-0.0436871996504995,-0.043696745287815,0.0019094055487481826,0.043696745287815
2022-03-16,22879.0,10.03797473824488,-0.004370629370631374,-0.004370724885419926,1.9103236024029026e-05,0.004370724885419926
2022-03-17,22865.0,10.037362636092155,-0.06119148564185384,-0.06121021527244501,0.00374669045369906,0.06121021527244501
2022-03-18,22860.0,10.037143937348802,-0.02186748305269548,-0.021869874335386022,0.0004782914034455762,0.021869874335386022
2022-03-21,22860.0,10.037143937348802,0.0,0.0,0.0,0.0
2022-03-22,22870.0,10.037581287016828,0.043744531933498365,0.043734966802507484,0.0019127473212164317,0.043734966802507484
2022-03-23,22872.0,10.037668734002148,0.008745080891991996,0.008744698532084585,7.64697524170423e-05,0.008744698532084585
2022-03-24,22869.0,10.037537560656384,-0.013116474291707814,-0.013117334576423877,0.00017206446638984538,0.013117334576423877
2022-03-25,22861.0,10.03718768092397,-0.03498185316367364,-0.03498797324124677,0.0012241582715302002,0.03498797324124677
2022-03-28,22860.0,10.037143937348802,-0.004374261843309579,-0.004374357516932968,1.9135003685947966e-05,0.004374357516932968
2022-03-29,22865.0,10.037362636092155,0.021872265966749183,0.02186987433538621,0.0004782914034455844,0.02186987433538621
2022-03-30,22854.0,10.03688143570666,-0.0481084627159456,-0.04812003854965603,0.002315538110020383,0.04812003854965603
2022-03-31,22838.0,10.036181094261593,-0.0700096263236194,-0.0700341445065693,0.004904781396767032,0.0700341445065693
2022-04-01,22837.0,10.036137306631591,-0.004378667133719816,-0.004378763000147614,1.917356541146173e-05,0.004378763000147614
2022-04-04,22846.0,10.036531326293892,0.039409729824413375,0.03940196623006328,0.001552514942795047,0.03940196623006328
2022-04-05,22873.0,10.037712454627359,0.11818261402434249,0.11811283334672905,0.01395064140119219,0.11811283334672905
2022-04-06,22866.0,10.037406370101916,-0.030603768635506512,-0.030608452544439467,0.0009368773671652029,0.030608452544439467
2022-04-07,22859.0,10.037100191860048,-0.0306131374092522,-0.030617824186699876,0.000937451157927664,0.030617824186699876
2022-04-08,22860.0,10.037143937348802,0.0043746445601344774,0.0043745488753499095,1.9136677862825158e-05,0.0043745488753499095
2022-04-11,22860.0,10.037143937348802,0.0,0.0,0.0,0.0
2022-04-12,22888.0,10.038368034729945,0.12248468941382651,0.12240973811445709,0.014984143985249969,0.12240973811445709
2022-04-13,22887.0,10.038324342758338,-0.004369101712686785,-0.004369197160715822,1.9089883829207198e-05,0.004369197160715822
2022-04-14,22900.0,10.03889218954233,0.056800803949830225,0.056784678399189485,0.0032244997008993768,0.056784678399189485
2022-04-15,22899.0,10.03884852046658,-0.004366812227074579,-0.004366907575095501,1.906988176942647e-05,0.004366907575095501
2022-04-18,22890.0,10.038455412946613,-0.03930302633302629,-0.03931075199676705,0.0015453352225513245,0.03931075199676705
2022-04-19,22955.0,10.041291056683322,0.2839667977282634,0.2835643736710019,0.0804087540154276,0.2835643736710019
2022-04-20,22962.0,10.041595954653758,0.03049444565454973,0.030489797043492275,0.0009296277237533503,0.030489797043492275
2022-04-21,22962.0,10.041595954653758,0.0,0.0,0.0,0.0
2022-04-22,22965.0,10.041726596759894,0.013065064018813466,0.013064210613655532,0.00017067359895794987,0.013064210613655532
2022-04-25,22983.0,10.04251009118493,0.07838014369692115,0.07834944250367025,0.00613863514063593,0.07834944250367025
2022-04-26,22970.0,10.041944295683145,-0.05656354696950139,-0.05657955017866993,0.0032012454984206287,0.05657955017866993
2022-04-27,22965.0,10.041726596759894,-0.02176752285589778,-0.021769892325010247,0.00047392821184254007,0.021769892325010247
2022-04-28,22956.0,10.041334619228254,-0.03919007184846057,-0.03919775316405897,0.001536463853110495,0.03919775316405897
2022-04-29,22962.0,10.041595954653758,0.0261369576581183,0.026133542550397397,0.0006829620462334313,0.026133542550397397
2022-05-02,22962.0,10.041595954653758,0.0,0.0,0.0,0.0
2022-05-03,22962.0,10.041595954653758,0.0,0.0,0.0,0.0
2022-05-04,22966.0,10.041770140336135,0.017420085358410553,0.01741856823772767,0.0003034065194523752,0.01741856823772767
2022-05-05,22955.0,10.041291056683322,-0.04789689105634265,-0.047908365281217904,0.002295211463918605,0.047908365281217904
2022-05-06,22955.0,10.041291056683322,0.0,0.0,0.0,0.0
2022-05-09,22950.0,10.04107321548869,-0.02178174689609902,-0.021784119463118864,0.0004745478607834341,0.021784119463118864
2022-05-10,22941.0,10.040680981712335,-0.039215686274507444,-0.03922337763563644,0.001538473353147745,0.03922337763563644
2022-05-11,23050.0,10.045421048424794,0.4751318599886645,0.4740066712459731,0.22468232438568805,0.4740066712459731
2022-05-12,23096.0,10.04741472134277,0.1995661605206145,0.1993672917976516,0.03974731703872996,0.1993672917976516
2022-05-13,23086.0,10.046981652174857,-0.043297540699682724,-0.043306916791345004,0.00187548904197248,0.043306916791345004
2022-05-16,23095.0,10.047371422864705,0.03898466603136086,0.03897706898482432,0.0015192119066477542,0.03897706898482432
2022-05-17,23120.0,10.048453322786314,0.1082485386447285,0.10818999216080133,0.011705074403754253,0.10818999216080133
2022-05-18,23139.0,10.049274784602108,0.08217993079584485,0.08214618157950618,0.0067479951480932,0.08214618157950618
2022-05-19,23140.0,10.049318000747668,0.004321707938981234,0.004321614555874172,1.8676352369543516e-05,0.004321614555874172
2022-05-20,23160.0,10.050181931686932,0.08643042350906516,0.0863930939263878,0.007463766678173665,0.0863930939263878
2022-05-23,23170.0,10.050613617426421,0.043177892918833116,0.04316857394904193,0.0018635257767939015,0.04316857394904193
2022-05-24,23210.0,10.052338499268483,0.17263703064307467,0.17248818420608514,0.02975217369071236,0.17248818420608514
2022-05-25,23190.0,10.051476430249577,-0.08616975441619878,-0.08620690189053755,0.007431629933564767,0.08620690189053755
2022-05-26,23205.0,10.052123051675276,0.06468305304010435,0.0646621425698859,0.00418119268172825,0.0646621425698859
2022-05-27,23195.0,10.051692017185845,-0.04309416074121941,-0.043103448943213676,0.0018579073108002282,0.043103448943213676
2022-05-30,23176.0,10.050872539449186,-0.08191420564777063,-0.08194777366577391,0.006715437608776908,0.08194777366577391
2022-05-31,23185.0,10.051260796825561,0.03883327580256335,0.0388257376374967,0.001507437903095728,0.0388257376374967
2022-06-01,23196.0,10.05173512899633,0.04744446840629912,0.04743321707700226,0.0022499100822740187,0.04743321707700226
2022-06-02,23193.0,10.051605787988585,-0.012933264355918794,-0.01293410077467157,0.0001672909628493597,0.01293410077467157
2022-06-03,23187.0,10.05134705577498,-0.025869874531103676,-0.025873221360371085,0.0006694235835627626,0.025873221360371085
2022-06-06,23180.0,10.051045116893743,-0.030189330228147515,-0.030193888123800833,0.000911670880032601,0.030193888123800833
2022-06-07,23185.0,10.051260796825561,0.021570319240726832,0.0215679931818523,0.00046517832989242735,0.0215679931818523
2022-06-08,23187.0,10.05134705577498,0.008626266982969533,0.008625894941954572,7.440606354963747e-05,0.008625894941954572
2022-06-09,23155.0,10.049966018914853,-0.13800836675723627,-0.1381036860128366,0.01907262809033216,0.1381036860128366
2022-06-10,23177.0,10.05091568660256,0.095011876484552,0.0949667687707156,0.009018687170750562,0.0949667687707156
2022-06-13,23195.0,10.051692017185845,0.07766320058679721,0.07763305832845571,0.006026891745429407,0.07763305832845571
2022-06-14,23210.0,10.052338499268483,0.06466910972191542,0.06464820826386007,0.0041793908317274255,0.06464820826386007
2022-06-15,23230.0,10.053199825764455,0.08616975441619878,0.08613264959720907,0.007418833326635599,0.08613264959720907
2022-06-16,23232.0,10.053285917624523,0.008609556607841462,0.008609186006787796,7.411808369947079e-05,0.008609186006787796
2022-06-17,23220.0,10.052769255251883,-0.05165289256198191,-0.05166623726401293,0.002669400073021279,0.05166623726401293
2022-06-20,23230.0,10.053199825764455,0.04306632213608719,0.043057051257231076,0.0018539096629678242,0.043057051257231076
2022-06-21,23226.0,10.053027619805704,-0.017219113215671822,-0.01722059587517448,0.0002965489222960763,0.01722059587517448
2022-06-22,23235.0,10.053415041519079,0.03874967708601407,0.03874217133754898,0.0015009558399480018,0.03874217133754898
2022-06-23,23244.0,10.053802313194996,0.03873466752744026,0.038727167591752217,0.0014997935096796632,0.038727167591752217
2022-06-24,23247.0,10.05393137043206,0.012906556530722924,0.012905723706374045,0.00016655770438526503,0.012905723706374045
2022-06-27,23245.0,10.053845334124684,-0.008603260635775545,-0.00860363073747074,7.402246186675131e-05,0.00860363073747074
2022-06-28,23255.0,10.054275441658197,0.04302000430200792,0.043010753351235054,0.0018499249038407774,0.043010753351235054
2022-06-29,23265.0,10.05470536427875,0.043001505052675526,0.04299226205514865,0.0018483345966185747,0.04299226205514865
2022-06-30,23255.0,10.054275441658197,-0.04298302170642199,-0.04299226205514599,0.0018483345966183455,0.04299226205514599
2022-07-01,23300.0,10.056208639553791,0.19350677273703987,0.19331978955944856,0.03737254103530948,0.19331978955944856
2022-07-04,23335.0,10.057709658383915,0.15021459227468892,0.1501018830124158,0.02253057528387296,0.1501018830124158
2022-07-05,23360.0,10.058780436942163,0.10713520462823922,0.10707785582473603,0.011465667208022955,0.10707785582473603
2022-07-06,23373.0,10.059336788998968,0.055650684931496386,0.05563520568043624,0.003095276111104445,0.05563520568043624
2022-07-07,23350.0,10.058352263097044,-0.09840414153082788,-0.09845259019244741,0.009692912515601993,0.09845259019244741
2022-07-08,23355.0,10.058566372936209,0.021413276231263545,0.02141098391650272,0.0004584302322727381,0.02141098391650272
2022-07-11,23347.0,10.058223775185438,-0.03425390708627907,-0.034259775077081445,0.001173732188332211,0.034259775077081445
2022-07-12,23389.0,10.060021105350893,0.17989463314345144,0.17973301654564375,0.032303957236596646,0.17973301654564375
2022-07-13,23388.0,10.05997834929556,-0.00427551413056948,-0.004275605533280183,1.8280802676216117e-05,0.004275605533280183
2022-07-14,23415.0,10.061132121617643,0.11544381734223119,0.11537723220810525,0.01331190571200304,0.11537723220810525
2022-07-15,23450.0,10.062625773874425,0.1494768310911887,0.14936522567833718,0.022309970641940596,0.14936522567833718
2022-07-18,23440.0,10.06219924369095,-0.04264392324093702,-0.04265301834764937,0.0018192799741649137,0.04265301834764937
2022-07-19,23412.0,10.06100399041111,-0.11945392491468088,-0.1195253279837448,0.014286304029621767,0.1195253279837448
2022-07-20,23410.0,10.060918560484957,-0.008542627712282425,-0.008542992615505274,7.298272282857765e-05,0.008542992615505274
2022-07-21,23410.0,10.060918560484957,0.0,0.0,0.0,0.0
2022-07-22,23400.0,10.060491301345794,-0.04271678769756093,-0.04272591391636113,0.0018255037199883016,0.04272591391636113
2022-07-25,23385.0,10.059850070159987,-0.06410256410256387,-0.06412311858062086,0.004111774336504365,0.06412311858062086
2022-07-26,23370.0,10.059208427532903,-0.06414368184733954,-0.06416426270829612,0.00411705260889924,0.06416426270829612
2022-07-27,23375.0,10.059422354156888,0.021394950791608913,0.02139266239840662,0.0004576460044922005,0.02139266239840662
2022-07-28,23358.0,10.05869481683851,-0.07272727272726875,-0.07275373183769789,0.005293105496311655,0.07275373183769789
2022-07-29,23335.0,10.057709658383915,-0.0984673345320708,-0.09851584545947926,0.009705371806596001,0.09851584545947926
2022-08-01,23355.0,10.058566372936209,0.08570816370259138,0.08567145522923991,0.007339598241095658,0.08567145522923991
2022-08-02,23353.0,10.058480734501627,-0.008563476771572542,-0.008563843458178861,7.333941477619287e-05,0.008563843458178861
2022-08-03,23394.0,10.060234858210652,0.17556630839721254,0.17541237090257325,0.030769499865661926,0.17541237090257325
2022-08-04,23393.0,10.060192111293768,-0.004274600324871702,-0.004274691688515019,1.8272989031859385e-05,0.004274691688515019
2022-08-05,23385.0,10.059850070159987,-0.03419826443807894,-0.03420411337806048,0.0011699213719792159,0.03420411337806048
2022-08-08,23388.0,10.05997834929556,0.01282873636947457,0.012827913557460551,0.00016455536623768022,0.012827913557460551
2022-08-09,23385.0,10.059850070159987,-0.012827090815803466,-0.012827913557454083,0.00016455536623751426,0.012827913557454083
2022-08-10,23385.0,10.059850070159987,0.0,0.0,0.0,0.0
2022-08-11,23390.0,10.060063859578225,0.02138122728243541,0.021378941823801827,0.000457059153505503,0.021378941823801827
2022-08-12,23392.0,10.060149362549504,0.008550662676354293,0.008550297128030989,7.310758097761498e-05,0.008550297128030989
2022-08-15,23400.0,10.060491301345794,0.034199726402195374,0.034193879628781135,0.0011692214040675735,0.034193879628781135
2022-08-16,23403.0,10.060619498256424,0.012820512820521657,0.012819691063011686,0.00016434447895106167,0.012819691063011686
2022-08-17,23401.0,10.060534035475412,-0.008545912917146126,-0.008546278101089745,7.303886938116614e-05,0.008546278101089745
2022-08-18,23401.0,10.060534035475412,0.0,0.0,0.0,0.0
2022-08-19,23400.0,10.060491301345794,-0.004273321652925599,-0.004273412961916639,1.8262058343077144e-05,0.004273412961916639
2022-08-22,23410.0,10.060918560484957,0.04273504273504258,0.042725913916365196,0.0018255037199886492,0.042725913916365196
2022-08-23,23430.0,10.061772531501841,0.08543357539512186,0.08539710168848068,0.007292664976792709,0.08539710168848068
2022-08-24,23425.0,10.061559107106623,-0.021340162185234934,-0.02134243952184271,0.0004554997247435136,0.02134243952184271
2022-08-25,23423.0,10.06147372459291,-0.008537886872994616,-0.008538251371303013,7.290173647955778e-05,0.008538251371303013
2022-08-26,23412.0,10.06100399041111,-0.046962387396998206,-0.0469734181798295,0.0022065020154971365,0.0469734181798295
2022-08-29,23430.0,10.061772531501841,0.07688364941056403,0.07685410907298729,0.0059065540814026265,0.07685410907298729
2022-08-30,23415.0,10.061132121617643,-0.0640204865556937,-0.06404098841991698,0.004101248197799941,0.06404098841991698
2022-08-31,23450.0,10.062625773874425,0.1494768310911887,0.14936522567833718,0.022309970641940596,0.14936522567833718
2022-09-01,23450.0,10.062625773874425,0.0,0.0,0.0,0.0
2022-09-02,23450.0,10.062625773874425,0.0,0.0,0.0,0.0
2022-09-05,23505.0,10.06496844345823,0.23454157782516472,0.23426695838055187,0.05488100778887522,0.23426695838055187
2022-09-06,23520.0,10.065606402012563,0.06381620931716903,0.0637958554332354,0.0040699111704582715,0.0637958554332354
2022-09-07,23580.0,10.068154174091362,0.25510204081633514,0.2547772078798783,0.06491142565506672,0.2547772078798783
2022-09-08,23542.0,10.066541338972426,-0.16115351993214455,-0.16128351189359624,0.026012371208731802,0.16128351189359624
2022-09-09,23515.0,10.065393794379148,-0.11468864157675451,-0.11475445932775705,0.013168585935605846,0.11475445932775705
2022-09-12,23520.0,10.065606402012563,0.021263023601947317,0.02126076334147797,0.0004520200578623335,0.02126076334147797
2022-09-13,23553.0,10.067008479866365,0.14030612244897434,0.14020778538019643,0.019658223081219225,0.14020778538019643
2022-09-14,23590.0,10.06857817240172,0.1570925147539537,0.1569692535355419,0.02463934655550523,0.1569692535355419
2022-09-15,23620.0,10.069849089751353,0.12717253073335488,0.1270917349632518,0.016152309095969437,0.1270917349632518
2022-09-16,23650.0,10.071118393920079,0.12701100762066986,0.12693041687258214,0.016111330727447484,0.12693041687258214
2022-09-19,23670.0,10.071963702508029,0.08456659619451301,0.08453085879506901,0.007145466088631896,0.08453085879506901
2022-09-20,23670.0,10.071963702508029,0.0,0.0,0.0,0.0
2022-09-21,23690.0,10.07280829715283,0.08449514152937265,0.08445946448016335,0.007133401140275975,0.08445946448016335
2022-09-22,23700.0,10.073230327123223,0.042211903756861346,0.042202997039142716,0.0017810929590858888,0.042202997039142716
2022-09-23,23700.0,10.073230327123223,0.0,0.0,0.0,0.0
2022-09-26,23715.0,10.073863038311682,0.06329113924050667,0.06327111884595334,0.004003234480018752,0.06327111884595334
2022-09-27,23730.0,10.074495349429808,0.06325110689437974,0.06323111181272563,0.003998173501073411,0.06323111181272563
2022-09-28,23730.0,10.074495349429808,0.0,0.0,0.0,0.0
2022-09-29,23820.0,10.07828084290929,0.37926675094817064,0.3785493479481887,0.14329960883199883,0.3785493479481887
2022-09-30,23855.0,10.079749117950207,0.1469353484466751,0.1468275040916201,0.021558315957774715,0.1468275040916201
2022-10-03,23880.0,10.080796567506539,0.10479983232027923,0.10474495563311166,0.01097150573058253,0.10474495563311166
2022-10-04,23875.0,10.08058716534893,-0.020938023450589593,-0.02094021576074263,0.00043849263610645404,0.02094021576074263
2022-10-05,23865.0,10.080168229439996,-0.04188481675392319,-0.04189359089340277,0.0017550729579437995,0.04189359089340277
2022-10-06,23870.0,10.080377719332876,0.020951183741879653,0.020948989287882764,0.0004388601521838268,0.020948989287882764
2022-10-07,23875.0,10.08058716534893,0.020946795140353025,0.02094460160553125,0.00043867633641442224,0.02094460160553125
2022-10-10,23870.0,10.080377719332876,-0.020942408376967148,-0.020944601605525554,0.0004386763364141836,0.020944601605525554
2022-10-11,23925.0,10.082679216321155,0.23041474654377225,0.23014969882791675,0.05296888387058078,0.23014969882791675
2022-10-12,23945.0,10.08351481277671,0.08359456635318452,0.08355964555547013,0.006982214365355799,0.08355964555547013
2022-10-13,24120.0,10.090796650841122,0.730841511797875,0.7281838064412056,0.5302516559632032,0.7281838064412056
2022-10-14,24110.0,10.090381971175217,-0.04145936981757581,-0.041467966590498194,0.0017195922531506745,0.041467966590498194
2022-10-17,24310.0,10.098643067310169,0.8295313148071415,0.8261096134952385,0.6824570935092523,0.8261096134952385
2022-10-18,24430.0,10.103567164251785,0.493624023035788,0.4924096941617111,0.24246730690442986,0.4924096941617111
2022-10-19,24450.0,10.104385494903019,0.08186655751125649,0.08183306512319301,0.006696650547456748,0.08183306512319301
2022-10-20,24530.0,10.107652137252535,0.32719836400818547,0.3266642349516958,0.1067095223965767,0.3266642349516958
2022-10-21,24820.0,10.119405058758598,1.1822258459029733,1.175292150606319,1.3813116392768263,1.175292150606319
2022-10-24,24830.0,10.119807878502213,0.040290088638195165,0.04028197436140918,0.0016226374584532265,0.04028197436140918
2022-10-25,24840.0,10.120210536047415,0.0402738622633958,0.04026575452028223,0.0016213309870876287,0.04026575452028223
2022-10-26,24830.0,10.119807878502213,-0.040257648953301306,-0.04026575452027767,0.0016213309870872616,0.04026575452027767
2022-10-27,24830.0,10.119807878502213,0.0,0.0,0.0,0.0
2022-10-28,24820.0,10.119405058758598,-0.0402738622633958,-0.04028197436141376,0.0016226374584535953,0.04028197436141376
2022-10-31,24840.0,10.120210536047415,0.08058017727639033,0.08054772888168683,0.006487936627997727,0.08054772888168683
2022-11-01,24850.0,10.120613031524774,0.040257648953301306,0.0402495477359719,0.0016200260929502806,0.0402495477359719
2022-11-02,24835.0,10.12000922754145,-0.06036217303823088,-0.0603803983323918,0.003645792502778303,0.0603803983323918
2022-11-03,24860.0,10.121015365064702,0.10066438494060748,0.10061375232512186,0.010123127156940965,0.10061375232512186
2022-11-04,24870.0,10.12141753679745,0.04022526146418848,0.04021717327481336,0.0016174210262163622,0.04021717327481336
2022-11-07,24870.0,10.12141753679745,0.0,0.0,0.0,0.0
2022-11-08,24871.0,10.12145774507634,0.0040209087253773035,0.004020827889009312,1.616705691303508e-05,0.004020827889009312
2022-11-09,24862.0,10.12109581235166,-0.0361867234932256,-0.03619327246796538,0.001309952971940381,0.03619327246796538
2022-11-10,24865.0,10.12121647114884,0.012066607674365848,0.012065879717821198,0.00014558545336492895,0.012065879717821198
2022-11-11,24805.0,10.11880052473515,-0.24130303639654516,-0.24159464136896913,0.05836797073820081,0.24159464136896913
2022-11-14,24735.0,10.115974523661809,-0.28220116911913395,-0.28260010733403457,0.07986282066520786,0.28260010733403457
2022-11-15,24765.0,10.117186645022338,0.12128562765312267,0.12121213605291024,0.014692381926509223,0.12121213605291024
2022-11-16,24775.0,10.11759035919819,0.040379567938630956,0.040371417585074294,0.001629851357828446,0.040371417585074294
2022-11-17,24805.0,10.11880052473515,0.12108980827447713,0.12101655369605964,0.014645006268471285,0.12101655369605964
2022-11-18,24800.0,10.118598932153073,-0.020157226365646874,-0.020159258207567227,0.0004063956914793666,0.020159258207567227
2022-11-21,24835.0,10.12000922754145,0.1411290322580694,0.14102953883773883,0.019889330824785285,0.14102953883773883
2022-11-22,24850.0,10.120613031524774,0.060398630964364486,0.060380398332389985,0.003645792502778083,0.060380398332389985
2022-11-23,24844.0,10.120371553679194,-0.024144869215292353,-0.02414778455811939,0.0005831154990653492,0.02414778455811939
2022-11-24,24833.0,10.119928692790662,-0.0442762840122346,-0.0442860888531172,0.001961257665906192,0.0442860888531172
2022-11-25,24760.0,10.116984726798533,-0.2939636773647947,-0.2943965992129981,0.08666935762817864,0.2943965992129981
2022-11-28,24770.0,10.117388522483406,0.04038772213246222,0.04037956848727414,0.001630509551218463,0.04037956848727414
2022-11-29,24750.0,10.116580767996837,-0.08074283407347727,-0.08077544865688943,0.00652467310572178,0.08077544865688943
2022-11-30,24630.0,10.111720491114584,-0.48484848484848797,-0.4860276882252794,0.23622291372160942,0.4860276882252794
2022-12-01,24500.0,10.106428396532818,-0.5278116118554554,-0.529209458176519,0.2800626506234848,0.529209458176519
2022-12-02,24350.0,10.100287128510736,-0.6122448979591799,-0.6141268022082466,0.3771517291905268,0.6141268022082466
2022-12-05,23980.0,10.084975428581505,-1.5195071868583154,-1.5311699929230604,2.344481547228005,1.5311699929230604
2022-12-06,23980.0,10.084975428581505,0.0,0.0,0.0,0.0
2022-12-07,23900.0,10.081633737919603,-0.33361134278565574,-0.33416906619032133,0.11166896479851136,0.33416906619032133
2022-12-08,23780.0,10.076600170244772,-0.5020920502092019,-0.5033567674829179,0.2533680353708523,0.5033567674829179
2022-12-09,23550.0,10.066881099444563,-0.9671993271656909,-0.9719070800209072,0.9446033721947661,0.9719070800209072
2022-12-12,23680.0,10.072386088997941,0.5520169851380041,0.5504989553378177,0.3030490998280286,0.5504989553378177
2022-12-13,23600.0,10.069001991013701,-0.33783783783783994,-0.33840979842405683,0.11452119166941077,0.33840979842405683
2022-12-14,23520.0,10.065606402012563,-0.3389830508474523,-0.33955890011381606,0.11530024664650451,0.33955890011381606
2022-12-15,23500.0,10.06475570013225,-0.08503401360544505,-0.08507018803129225,0.00723693689167942,0.08507018803129225
2022-12-16,23580.0,10.068154174091362,0.34042553191488967,0.33984739591115515,0.11549625250759343,0.33984739591115515
2022-12-19,23700.0,10.073230327123223,0.5089058524172962,0.5076153031860567,0.2576732960286723,0.5076153031860567
2022-12-20,23730.0,10.074495349429808,0.12658227848101333,0.12650223065867022,0.016002814361619405,0.12650223065867022
2022-12-21,23700.0,10.073230327123223,-0.12642225031606058,-0.12650223065867452,0.016002814361620495,0.12650223065867452
2022-12-22,23630.0,10.070272370180954,-0.2953586497890348,-0.2957956942269085,0.08749509272317875,0.2957956942269085
2022-12-23,23560.0,10.067305637765523,-0.2962336013542122,-0.2966732415430527,0.08801501224766249,0.2966732415430527
2022-12-26,23590.0,10.06857817240172,0.12733446519523905,0.12725346361976336,0.016193444003226438,0.12725346361976336
2022-12-27,23580.0,10.068154174091362,-0.04239084357778866,-0.04239983103588079,0.00179774567187124,0.04239983103588079
2022-12-28,23620.0,10.069849089751353,0.16963528413909135,0.16949156599912826,0.028727390944836853,0.16949156599912826
2022-12-29,23600.0,10.069001991013701,-0.08467400508044287,-0.08470987376518867,0.007175762713314199,0.08470987376518867
2022-12-30,23610.0,10.069425630079559,0.04237288135593431,0.04236390658571861,0.0017947005812034929,0.04236390658571861
2023-01-02,23610.0,10.069425630079559,0.0,0.0,0.0,0.0
2023-01-03,23515.0,10.065393794379148,-0.40237187632359284,-0.40318357004102595,0.16255699115102687,0.40318357004102595
2023-01-04,23510.0,10.065181141534115,-0.02126302360195842,-0.021265284503318244,0.00045221232500706706,0.021265284503318244
2023-01-05,23475.0,10.063691304076464,-0.1488728200765621,-0.14898374576515266,0.022196156502215646,0.14898374576515266
2023-01-06,23460.0,10.063052122207466,-0.06389776357828003,-0.06391818689972541,0.004085534616548228,0.06391818689972541
2023-01-09,23447.0,10.062497833920736,-0.055413469735721144,-0.055428828673070724,0.0030723550480686273,0.055428828673070724
2023-01-10,23445.0,10.062412531523687,-0.008529875890306293,-0.008530239704908583,7.276498942319887e-05,0.008530239704908583
2023-01-11,23440.0,10.06219924369095,-0.021326508850505466,-0.02132878327378002,0.00045491699593987834,0.02132878327378002
2023-01-12,23438.0,10.062113915818548,-0.00853242320819625,-0.008532787240132579,7.280845808536934e-05,0.008532787240132579
2023-01-13,23435.0,10.061985910356807,-0.012799726939161093,-0.012800546174116984,0.00016385398235570095,0.012800546174116984
2023-01-16,23445.0,10.062412531523687,0.042671218263290456,0.04266211668802674,0.0018200562003028097,0.04266211668802674
2023-01-17,23427.0,10.061644482330784,-0.07677543186180857,-0.07680491929019609,0.005898995627173535,0.07680491929019609
2023-01-18,23437.0,10.062071249151874,0.042685789900542837,0.04267668210897534,0.0018212991958305362,0.04267668210897534
2023-01-19,23440.0,10.06219924369095,0.012800273072488544,0.012799453907437721,0.00016382602032862274,0.012799453907437721
2023-01-20,23440.0,10.06219924369095,0.0,0.0,0.0,0.0
2023-01-23,23440.0,10.06219924369095,0.0,0.0,0.0,0.0
2023-01-24,23440.0,10.06219924369095,0.0,0.0,0.0,0.0
2023-01-25,23440.0,10.06219924369095,0.0,0.0,0.0,0.0
2023-01-26,23440.0,10.06219924369095,0.0,0.0,0.0,0.0
2023-01-27,23460.0,10.063052122207466,0.08532423208191808,0.08528785165176059,0.007274017639372721,0.08528785165176059
2023-01-30,23470.0,10.063478288845069,0.04262574595055302,0.04261666376027306,0.001816180030056171,0.04261666376027306
2023-01-31,23445.0,10.062412531523687,-0.10651896037494613,-0.1065757321382516,0.011358386680804354,0.1065757321382516
2023-02-01,23440.0,10.06219924369095,-0.021326508850505466,-0.02132878327378002,0.00045491699593987834,0.02132878327378002
2023-02-02,23449.0,10.062583129041906,0.03839590443686092,0.038388535095763066,0.0014736796267986326,0.038388535095763066
2023-02-03,23440.0,10.06219924369095,-0.03838116764041111,-0.03838853509576221,0.0014736796267985671,0.03838853509576221
2023-02-06,23480.0,10.063904273942033,0.17064846416381396,0.17050302510837476,0.029071281571107072,0.17050302510837476
2023-02-07,23600.0,10.069001991013701,0.5110732538330387,0.5097717071668579,0.2598671934278128,0.5097717071668579
2023-02-08,23590.0,10.06857817240172,-0.04237288135593431,-0.042381861198074494,0.0017962221586128523,0.042381861198074494
2023-02-09,23560.0,10.067305637765523,-0.12717253073336598,-0.12725346361977488,0.01619344400322937,0.12725346361977488
2023-02-10,23565.0,10.067517839357832,0.021222410865884278,0.021220159230831336,0.00045029515778183634,0.021220159230831336
2023-02-13,23595.0,10.068790104160488,0.12730744748568057,0.12722648026566938,0.01618657728079076,0.12722648026566938
2023-02-14,23600.0,10.069001991013701,0.02119093028183361,0.021188685321348967,0.0004489603856471492,0.021188685321348967
2023-02-15,23615.0,10.069637382330217,0.06355932203390147,0.06353913165160817,0.004037221251040395,0.06353913165160817
2023-02-16,23680.0,10.072386088997941,0.2752487825534722,0.2748706667724601,0.0755538834519368,0.2748706667724601
2023-02-17,23810.0,10.077860939480908,0.5489864864864913,0.5474850482966528,0.29973987810838826,0.5474850482966528
2023-02-20,23725.0,10.074284623478128,-0.35699286014280185,-0.3576316002779898,0.12790036151739587,0.3576316002779898
2023-02-21,23705.0,10.073441275336219,-0.08429926238144869,-0.08433481419098532,0.007112360884628019,0.08433481419098532
2023-02-22,23780.0,10.076600170244772,0.31638894747942903,0.31588949085540613,0.09978617043288772,0.31588949085540613
2023-02-23,23815.0,10.07807091323496,0.14718250630783025,0.14707429901880265,0.021630849431872174,0.14707429901880265
2023-02-24,23780.0,10.076600170244772,-0.1469661977745118,-0.147074299018794,0.021630849431869634,0.147074299018794
2023-02-27,23805.0,10.077650921628619,0.10513036164845335,0.10507513838464073,0.0110407847065514,0.10507513838464073
2023-02-28,23740.0,10.07491666816366,-0.27305187985717794,-0.2734253464960159,0.07476142010646636,0.2734253464960159
2023-03-01,23710.0,10.07365217905945,-0.12636899747261454,-0.1264489104207811,0.015989326946602725,0.1264489104207811
2023-03-02,23700.0,10.073230327123223,-0.0421762969211259,-0.04218519362285663,0.0017795905609979037,0.04218519362285663
2023-03-03,23710.0,10.07365217905945,0.04219409282699704,0.04218519362285388,0.0017795905609976719,0.04218519362285388
2023-03-06,23650.0,10.071118393920079,-0.2530577815267776,-0.25337851393720945,0.06420067132502864,0.25337851393720945
2023-03-07,23640.0,10.070695471520034,-0.042283298097256505,-0.042292240004457436,0.00178863356459463,0.042292240004457436
2023-03-08,23710.0,10.07365217905945,0.29610829103214886,0.29567075394166625,0.08742119473643335,0.29567075394166625
2023-03-09,23680.0,10.072386088997941,-0.1265288907633888,-0.12660900615091575,0.01602984043852262,0.12660900615091575
2023-03-10,23660.0,10.071541137532378,-0.08445945945946276,-0.08449514655642472,0.0071394297915916925,0.08449514655642472
2023-03-13,23570.0,10.067729995930177,-0.3803888419273038,-0.38111416022009764,0.14524800312027025,0.38111416022009764
2023-03-14,23570.0,10.067729995930177,0.0,0.0,0.0,0.0
2023-03-15,23565.0,10.067517839357832,-0.021213406873143992,-0.02121565723455766,0.0004501041118942388,0.02121565723455766
2023-03-16,23560.0,10.067305637765523,-0.021217907914283796,-0.02122015923082557,0.00045029515778159164,0.02122015923082557
2023-03-17,23570.0,10.067729995930177,0.04244482173174635,0.042435816465376544,0.001800798519083123,0.042435816465376544
2023-03-20,23570.0,10.067729995930177,0.0,0.0,0.0,0.0
2023-03-21,23570.0,10.067729995930177,0.0,0.0,0.0,0.0
2023-03-22,23510.0,10.065181141534115,-0.2545608824777279,-0.25488543960616233,0.06496658732322663,0.25488543960616233
2023-03-23,23490.0,10.064330077652958,-0.08507018290089263,-0.08510638811567117,0.0072430972980952555,0.08510638811567117
2023-03-24,23510.0,10.065181141534115,0.08514261387824185,0.08510638811566758,0.007243097298094643,0.08510638811566758
2023-03-27,23500.0,10.06475570013225,-0.042535091450446316,-0.04254414018648621,0.001810003864207391,0.04254414018648621
2023-03-28,23480.0,10.063904273942033,-0.08510638297872797,-0.0851426190217624,0.007249265573884976,0.0851426190217624
2023-03-29,23480.0,10.063904273942033,0.0,0.0,0.0,0.0
2023-03-30,23470.0,10.063478288845069,-0.04258943781941804,-0.04259850969635261,0.001814633028350247,0.04259850969635261
2023-03-31,23450.0,10.062625773874425,-0.0852151682999569,-0.08525149706437693,0.007267817751717468,0.08525149706437693
2023-04-03,23470.0,10.063478288845069,0.08528784648187404,0.08525149706437513,0.007267817751717161,0.08525149706437513
2023-04-04,23460.0,10.063052122207466,-0.04260758414997845,-0.042616663760273926,0.001816180030056245,0.042616663760273926
2023-04-05,23465.0,10.063265228228518,0.02131287297528761,0.021310602105168018,0.00045414176208479157,0.021310602105168018
2023-04-06,23451.0,10.06266841688844,-0.05966332836139232,-0.059681134007794547,0.0035618377564563307,0.059681134007794547
2023-04-07,23442.0,10.062284564283125,-0.03837789433286387,-0.03838526053145255,0.001473428226067489,0.03838526053145255
2023-04-10,23440.0,10.06219924369095,-0.008531695247848692,-0.008532059217669714,7.279603449382273e-05,0.008532059217669714
2023-04-11,23445.0,10.062412531523687,0.02133105802046842,0.021328783273766333,0.0004549169959392945,0.021328783273766333
2023-04-12,23442.0,10.062284564283125,-0.01279590531030328,-0.012796724056111534,0.00016375614656826364,0.012796724056111534
2023-04-13,23440.0,10.06219924369095,-0.008531695247848692,-0.008532059217669714,7.279603449382273e-05,0.008532059217669714
2023-04-14,23440.0,10.06219924369095,0.0,0.0,0.0,0.0
2023-04-17,23485.0,10.064117198461096,0.19197952218430459,0.19179547701465965,0.03678550500328084,0.19179547701465965
2023-04-18,23505.0,10.06496844345823,0.08516074089843784,0.08512449971353418,0.007246180451479481,0.08512449971353418
2023-04-19,23511.0,10.065223675720974,0.02552648372686761,0.02552322627434059,0.0006514350794511899,0.02552322627434059
2023-04-20,23488.0,10.064244931414242,-0.09782654927480428,-0.09787443067321291,0.009579404179605561,0.09787443067321291
2023-04-21,23485.0,10.064117198461096,-0.012772479564027162,-0.012773295314660022,0.00016315707319551569,0.012773295314660022
2023-04-24,23494.0,10.064500348383831,0.03832233340430591,0.038314992273586666,0.0014680386329250059,0.038314992273586666
2023-04-25,23473.0,10.063606103428887,-0.08938452370818029,-0.08942449549440852,0.00799674039442949,0.08942449549440852
2023-04-26,23465.0,10.063265228228518,-0.03408171090188983,-0.03408752003691906,0.0011619590222673585,0.03408752003691906
2023-04-27,23445.0,10.062412531523687,-0.08523332623056046,-0.08526967048313984,0.00727091670430325,0.08526967048313984
2023-04-28,23450.0,10.062625773874425,0.021326508850494363,0.021324235073867985,0.00045472300148558154,0.021324235073867985
2023-05-01,23450.0,10.062625773874425,0.0,0.0,0.0,0.0
2023-05-02,23450.0,10.062625773874425,0.0,0.0,0.0,0.0
2023-05-03,23450.0,10.062625773874425,0.0,0.0,0.0,0.0
2023-05-04,23445.0,10.062412531523687,-0.02132196162046851,-0.02132423507387422,0.00045472300148584745,0.02132423507387422
2023-05-05,23440.0,10.06219924369095,-0.021326508850505466,-0.02132878327378002,0.00045491699593987834,0.02132878327378002
2023-05-08,23443.0,10.062327221849518,0.012798634812294374,0.012797815856905077,0.00016378409070725103,0.012797815856905077
2023-05-09,23460.0,10.063052122207466,0.07251631617113397,0.07249003579485183,0.0052548052895389,0.07249003579485183
2023-05-10,23465.0,10.063265228228518,0.02131287297528761,0.021310602105168018,0.00045414176208479157,0.021310602105168018
2023-05-11,23465.0,10.063265228228518,0.0,0.0,0.0,0.0
2023-05-12,23450.0,10.062625773874425,-0.06392499467291479,-0.0639454354092584,0.004089018709679638,0.0639454354092584
2023-05-15,23458.0,10.06296686708145,0.034115138592749616,0.03410932070249354,0.0011634457587855545,0.03410932070249354
2023-05-16,23450.0,10.062625773874425,-0.034103504135052365,-0.03410932070249695,0.001163445758785787,0.03410932070249695
2023-05-17,23450.0,10.062625773874425,0.0,0.0,0.0,0.0
2023-05-18,23450.0,10.062625773874425,0.0,0.0,0.0,0.0
2023-05-19,23460.0,10.063052122207466,0.04264392324093702,0.0426348333041021,0.0018177290108685738,0.0426348333041021
2023-05-22,23438.0,10.062113915818548,-0.09377664109121442,-0.09382063889187654,0.008802312282079897,0.09382063889187654
2023-05-23,23470.0,10.063478288845069,0.1365304206843554,0.13643730265215206,0.01861513755499494,0.13643730265215206
2023-05-24,23470.0,10.063478288845069,0.0,0.0,0.0,0.0
2023-05-25,23470.0,10.063478288845069,0.0,0.0,0.0,0.0
2023-05-26,23475.0,10.063691304076464,0.021303792074989225,0.02130152313944584,0.0004537548880603465,0.02130152313944584
2023-05-29,23465.0,10.063265228228518,-0.04259850905218299,-0.042607584794562475,0.0018154062820258314,0.042607584794562475
2023-05-30,23480.0,10.063904273942033,0.06392499467291479,0.06390457135146972,0.004083794239615085,0.06390457135146972
2023-05-31,23485.0,10.064117198461096,0.02129471890970347,0.021292451906265216,0.0004533685081806172,0.021292451906265216
2023-06-01,23485.0,10.064117198461096,0.0,0.0,0.0,0.0
2023-06-02,23475.0,10.063691304076464,-0.04258037044921892,-0.04258943846317753,0.0018138602686087856,0.04258943846317753
2023-06-05,23495.0,10.064542911536916,0.08519701810436597,0.08516074604524311,0.00725235266698239,0.08516074604524311
2023-06-06,23485.0,10.064117198461096,-0.04256224728665936,-0.04257130758206457,0.0018123162292467486,0.04257130758206457
2023-06-07,23485.0,10.064117198461096,0.0,0.0,0.0,0.0
2023-06-08,23490.0,10.064330077652958,0.02129018522460946,0.02128791918629843,0.0004531755032823728,0.02128791918629843
2023-06-09,23470.0,10.063478288845069,-0.08514261387824185,-0.0851788807889237,0.0072554417324536755,0.0851788807889237
2023-06-12,23480.0,10.063904273942033,0.04260758414997845,0.042598509696355105,0.00181463302835046,0.042598509696355105
2023-06-13,23495.0,10.064542911536916,0.06388415672913261,0.06386375948833552,0.004078579775983965,0.06386375948833552
2023-06-14,23500.0,10.06475570013225,0.02128112364332413,0.021278859533419504,0.0004527898630429981,0.021278859533419504
2023-06-15,23525.0,10.06581896445358,0.10638297872340718,0.10632643213300838,0.011305310170135236,0.10632643213300838
2023-06-16,23520.0,10.065606402012563,-0.021253985122204888,-0.021256244101710543,0.00045182791331150425,0.021256244101710543
2023-06-19,23520.0,10.065606402012563,0.0,0.0,0.0,0.0
2023-06-20,23520.0,10.065606402012563,0.0,0.0,0.0,0.0
2023-06-21,23505.0,10.06496844345823,-0.06377551020407823,-0.06379585543322953,0.004069911170457522,0.06379585543322953
2023-06-22,23515.0,10.065393794379148,0.04254413954478675,0.04253509209175513,0.0018092340592540895,0.04253509209175513
2023-06-23,23515.0,10.065393794379148,0.0,0.0,0.0,0.0
2023-06-26,23530.0,10.066031481721408,0.06378907080586416,0.06376873422597677,0.004066451464783262,0.06376873422597677
2023-06-27,23520.0,10.065606402012563,-0.04249893752655831,-0.042507970884490834,0.0018069275887167204,0.042507970884490834
2023-06-28,23555.0,10.067093391134142,0.14880952380953438,0.14869891215783665,0.02211136647692402,0.14869891215783665
2023-06-29,23569.0,10.067687568216387,0.059435364041604544,0.059417708224630425,0.003530464050667314,0.059417708224630425
2023-06-30,23575.0,10.067942107501658,0.025457168314302336,0.02545392852703649,0.0006479024774594821,0.02545392852703649
2023-07-03,23695.0,10.073019334401689,0.5090137857900245,0.5077226900030356,0.2577823299439186,0.5077226900030356
2023-07-04,23700.0,10.073230327123223,0.0211014982063773,0.021099272153392714,0.0004451792854029332,0.021099272153392714
2023-07-05,23745.0,10.075127260983223,0.18987341772152,0.18969338599996707,0.035983580692132505,0.18969338599996707
2023-07-06,23710.0,10.07365217905945,-0.14739945251631692,-0.1475081923771027,0.021758666818360337,0.1475081923771027
2023-07-07,23635.0,10.070483943227337,-0.316322226908472,-0.3168235832114374,0.10037718287893459,0.3168235832114374
2023-07-10,23640.0,10.070695471520034,0.021155066638467446,0.02115282926978405,0.00044744218611663284,0.02115282926978405
2023-07-11,23690.0,10.07280829715283,0.2115059221658111,0.21128256327965492,0.044640321546021385,0.21128256327965492
2023-07-12,23660.0,10.071541137532378,-0.12663571127057294,-0.12671596204533211,0.01605693503707405,0.12671596204533211
2023-07-13,23665.0,10.071752442340347,0.021132713440397133,0.02113048079705024,0.00044649721871450887,0.02113048079705024
2023-07-14,23630.0,10.070272370180954,-0.1478977392774139,-0.14800721593948377,0.021906135970156976,0.14800721593948377
2023-07-17,23630.0,10.070272370180954,0.0,0.0,0.0,0.0
2023-07-18,23635.0,10.070483943227337,0.021159542953874677,0.02115730463832392,0.00044763153955884285,0.02115730463832392
2023-07-19,23630.0,10.070272370180954,-0.021155066638456343,-0.021157304638317873,0.000447631539558587,0.021157304638317873
2023-07-20,23647.0,10.070991535979658,0.07194244604316058,0.07191657987054192,0.005171994460276036,0.07191657987054192
2023-07-21,23656.0,10.071372061532314,0.03805979616864352,0.038052555265411944,0.0014479969622272302,0.038052555265411944
2023-07-24,23665.0,10.071752442340347,0.03804531619884255,0.038038080803513716,0.0014468955912146386,0.038038080803513716
2023-07-25,23655.0,10.071329788065249,-0.04225649693639921,-0.04226542750998621,0.001786366362601899,0.04226542750998621
2023-07-26,23665.0,10.071752442340347,0.04227436060029177,0.04226542750998682,0.0017863663626019506,0.04226542750998682
2023-07-27,23661.0,10.0715834020661,-0.016902598774559685,-0.01690402742477463,0.00028574614317753284,0.01690402742477463
2023-07-28,23685.0,10.072597215357852,0.10143273741600733,0.1013813291751626,0.010278173905322676,0.1013813291751626
2023-07-31,23680.0,10.072386088997941,-0.021110407430868783,-0.02111263599102254,0.0004457433984894203,0.02111263599102254
2023-08-01,23680.0,10.072386088997941,0.0,0.0,0.0,0.0
2023-08-02,23735.0,10.074706030985418,0.2322635135135087,0.23199419874763796,0.05382130825255854,0.23199419874763796
2023-08-03,23750.0,10.075337809462788,0.0631978091426122,0.06317784773688136,0.0039914404446645645,0.06317784773688136
2023-08-04,23725.0,10.074284623478128,-0.10526315789474161,-0.10531859846587012,0.01109200718281518,0.10531859846587012
2023-08-07,23720.0,10.074073853111662,-0.021074815595367724,-0.02107703664669008,0.00044424147380591665,0.02107703664669008
2023-08-08,23730.0,10.074495349429808,0.0421585160202298,0.04214963181474308,0.0017765914621184018,0.04214963181474308
2023-08-09,23735.0,10.074706030985418,0.021070375052678614,0.021068155560918997,0.00044386717873908204,0.021068155560918997
2023-08-10,23740.0,10.07491666816366,0.02106593638087073,0.021063717824060427,0.0004436802085716409,0.021063717824060427
2023-08-11,23750.0,10.075337809462788,0.04212299915753448,0.042114129912818196,0.0017735999383137284,0.042114129912818196
2023-08-14,23815.0,10.07807091323496,0.27368421052631486,0.27331037721734885,0.07469856229468952,0.27331037721734885
2023-08-15,23965.0,10.084349711593731,0.6298551333193458,0.6278798358770983,0.39423308830105186,0.6278798358770983
2023-08-16,23935.0,10.08309710182661,-0.1251825578969301,-0.12526097671222242,0.015690312286899925,0.12526097671222242
2023-08-17,23850.0,10.079539496316487,-0.35512847294756344,-0.3557605510122098,0.12656556965651114,0.3557605510122098
2023-08-18,23805.0,10.077650921628619,-0.18867924528301883,-0.18885746878681361,0.03566714351656228,0.18885746878681361
2023-08-21,23805.0,10.077650921628619,0.0,0.0,0.0,0.0
2023-08-22,23920.0,10.082470208064567,0.48309178743961567,0.4819286435948922,0.23225521751721262,0.4819286435948922
2023-08-23,23985.0,10.085183913936165,0.27173913043478937,0.2713705871596326,0.07364199557536374,0.2713705871596326
2023-08-24,23995.0,10.085600754292345,0.04169272461955753,0.04168403561816358,0.0017375588254163298,0.04168403561816358
2023-08-25,24024.0,10.086808609663166,0.1208585121900363,0.12078553708202752,0.014589145968193846,0.12078553708202752
2023-08-28,24080.0,10.089136899422757,0.2331002331002363,0.2328289759591168,0.05420933204617099,0.2328289759591168
2023-08-29,24180.0,10.093281124168783,0.41528239202657247,0.41442247460262704,0.17174598745576505,0.41442247460262704
2023-08-30,24110.0,10.090381971175217,-0.28949545078577055,-0.28991529935669047,0.08405088080107945,0.28991529935669047
2023-08-31,24060.0,10.08830598952867,-0.20738282870178537,-0.20759816465468817,0.04309699796799502,0.20759816465468817
2023-09-01,24060.0,10.08830598952867,0.0,0.0,0.0,0.0
2023-09-04,24060.0,10.08830598952867,0.0,0.0,0.0,0.0
2023-09-05,24050.0,10.087890275533907,-0.041562759767244106,-0.04157139947625872,0.0017281812544146838,0.04157139947625872
2023-09-06,24055.0,10.088098154133554,0.020790020790029118,0.02078785996469237,0.00043213512191165985,0.02078785996469237
2023-09-07,24060.0,10.08830598952867,0.020785699438796712,0.020783539511589712,0.0004319555146298107,0.020783539511589712
2023-09-08,24055.0,10.088098154133554,-0.020781379883627604,-0.02078353951158245,0.00043195551462950886,0.02078353951158245
2023-09-11,24075.0,10.088929236666326,0.08314279775514244,0.08310825327722056,0.006906981762790642,0.08310825327722056
2023-09-12,24100.0,10.089967119478747,0.10384215991692258,0.10378828124200214,0.010772007323168933,0.10378828124200214
2023-09-13,24155.0,10.092246676988507,0.22821576763485396,0.22795575097606713,0.05196382440306273,0.22795575097606713
2023-09-14,24220.0,10.094934017107084,0.2690954253777633,0.26873401185761503,0.07221796912908877,0.26873401185761503
2023-09-15,24250.0,10.096171896365629,0.12386457473163581,0.12378792585461004,0.015323450587386434,0.12378792585461004
2023-09-18,24370.0,10.101108146619252,0.49484536082473607,0.4936250253622592,0.24366566566389106,0.4936250253622592
2023-09-19,24370.0,10.101108146619252,0.0,0.0,0.0,0.0
2023-09-20,24270.0,10.096996298720647,-0.4103405826836326,-0.4111847898604896,0.169072931412615,0.4111847898604896
2023-09-21,24310.0,10.098643067310169,0.16481252575195615,0.16467685895219694,0.027118467874361767,0.16467685895219694
2023-09-22,24360.0,10.100697721823833,0.20567667626492092,0.20546545136643757,0.04221605170521392,0.20546545136643757
2023-09-25,24380.0,10.101518403035262,0.08210180623973162,0.08206812114291354,0.006735176507927931,0.08206812114291354
2023-09-26,24380.0,10.101518403035262,0.0,0.0,0.0,0.0
2023-09-27,24385.0,10.101723468144153,0.02050861361770906,0.02050651088903521,0.0004205169888421196,0.02050651088903521
2023-09-28,24385.0,10.101723468144153,0.0,0.0,0.0,0.0
2023-09-29,24280.0,10.097408245173435,-0.43059257740414303,-0.4315222970718421,0.18621149287015915,0.4315222970718421
2023-10-02,24340.0,10.099876366541519,0.24711696869852418,0.24681213680836697,0.06091623087591205,0.24681213680836697
2023-10-03,24385.0,10.101723468144153,0.1848808545603875,0.1847101602634739,0.03411784330455821,0.1847101602634739
2023-10-04,24420.0,10.103157747664696,0.14353085913472174,0.14342795205427766,0.020571577430484173,0.14342795205427766
2023-10-05,24380.0,10.101518403035262,-0.16380016380016515,-0.16393446294331684,0.026874508140513724,0.16393446294331684
2023-10-06,24360.0,10.100697721823833,-0.08203445447088065,-0.08206812114292207,0.006735176507929333,0.08206812114292207
2023-10-09,24370.0,10.101108146619252,0.041050903119876914,0.04104247954186651,0.001684485126944531,0.04104247954186651
2023-10-10,24390.0,10.101928491209966,0.08206811653672652,0.08203445907140683,0.006729652475138322,0.08203445907140683
2023-10-11,24440.0,10.103976413285531,0.20500205002049743,0.20479220755656313,0.04193984827589044,0.20479220755656313
2023-10-12,24435.0,10.103771809704256,-0.020458265139111642,-0.020460358127638446,0.0004186262547112206,0.020460358127638446
2023-10-13,24440.0,10.103976413285531,0.02046245140168157,0.02046035812764666,0.00041862625471155666,0.02046035812764666
2023-10-16,24460.0,10.104794409241164,0.08183306055646877,0.08179959556317626,0.006691173834299205,0.08179959556317626
2023-10-17,24490.0,10.106020149946213,0.12264922322158256,0.12257407050500384,0.015024402760165652,0.12257407050500384
2023-10-18,24555.0,10.108670778473344,0.2654144548795534,0.2650628527131652,0.07025831588844111,0.2650628527131652
2023-10-19,24550.0,10.108467133222666,-0.020362451639177603,-0.02036452506783344,0.00041471388123841664,0.02036452506783344
2023-10-20,24520.0,10.107244390050148,-0.12219959266802638,-0.12227431725189546,0.014951008659417179,0.12227431725189546
2023-10-23,24590.0,10.110095135210239,0.28548123980423057,0.28507451600904393,0.08126747967779065,0.28507451600904393
2023-10-24,24550.0,10.108467133222666,-0.16266775111833942,-0.16280019875715984,0.02650390471537075,0.16280019875715984
2023-10-25,24560.0,10.108874382261078,0.04073319755599769,0.0407249038412024,0.001658517792875182,0.0407249038412024
2023-10-26,24590.0,10.110095135210239,0.12214983713354499,0.12207529491594289,0.014902377628814432,0.12207529491594289
2023-10-27,24570.0,10.109281465515226,-0.08133387555917526,-0.0813669695013499,0.006620583725833605,0.0813669695013499
2023-10-30,24558.0,10.108792945720458,-0.04884004884004867,-0.04885197947667948,0.002386515898789913,0.04885197947667948
2023-10-31,24560.0,10.108874382261078,0.008143985666575482,0.008143654062066555,6.631910148261311e-05,0.008143654062066555
2023-11-01,24585.0,10.10989177984604,0.10179153094462823,0.10173975849610134,0.010350978458845025,0.10173975849610134
2023-11-02,24570.0,10.109281465515226,-0.06101281269066394,-0.06103143308149407,0.003724835823980889,0.06103143308149407
2023-11-03,24520.0,10.107244390050148,-0.20350020350020648,-0.20370754650771267,0.041496764504191916,0.20370754650771267
2023-11-06,24335.0,10.099670922267554,-0.7544861337683506,-0.7573467782593006,0.5735741425397423,0.7573467782593006
2023-11-07,24310.0,10.098643067310169,-0.10273268954180681,-0.10278549573855796,0.010564858134221115,0.10278549573855796
2023-11-08,24370.0,10.101108146619252,0.2468120115178829,0.24650793090827552,0.06076616000067914,0.24650793090827552
2023-11-09,24340.0,10.099876366541519,-0.12310217480508978,-0.12317800777337583,0.015172821599017837,0.12317800777337583
2023-11-10,24315.0,10.098848722837886,-0.10271158586688811,-0.10276437036320209,0.010560515816145368,0.10276437036320209
2023-11-13,24383.0,10.101641447146731,0.27966275961339715,0.2792724308845393,0.07799309065215977,0.2792724308845393
2023-11-14,24355.0,10.100492446240644,-0.1148341057294,-0.11490009060886124,0.013202030821924522,0.11490009060886124
2023-11-15,24290.0,10.097820021996219,-0.26688564976390383,-0.2672424244424803,0.0714185134218948,0.2672424244424803
2023-11-16,24288.0,10.097737680195356,-0.008233841086868754,-0.008234180086172544,6.780172169152048e-05,0.008234180086172544
2023-11-17,24250.0,10.096171896365629,-0.15645586297760028,-0.15657838297271998,0.024516790014351766,0.15657838297271998
2023-11-20,24170.0,10.09286747369753,-0.3298969072164981,-0.3304422668100592,0.10919209169457036,0.3304422668100592
2023-11-21,24130.0,10.091211158619078,-0.1654944145635051,-0.16563150784512448,0.027433796391049533,0.16563150784512448
2023-11-22,24205.0,10.094314502373795,0.31081641110650704,0.31033437547173215,0.09630742459943002,0.31033437547173215
2023-11-23,24240.0,10.09575944018325,0.1445982235075416,0.14449378094560406,0.02087845273195621,0.14449378094560406
2023-11-24,24260.0,10.096584182498042,0.08250825082507518,0.08247423147902964,0.006801998858056564,0.08247423147902964
2023-11-27,24230.0,10.095346813810572,-0.12366034624896605,-0.12373686874696736,0.01531081268730423,0.12373686874696736
2023-11-28,24230.0,10.095346813810572,0.0,0.0,0.0,0.0
2023-11-29,24260.0,10.096584182498042,0.12381345439538283,0.12373686874697601,0.015310812687306368,0.12373686874697601
2023-11-30,24250.0,10.096171896365629,-0.041220115416318315,-0.04122861324118203,0.00169979854979097,0.04122861324118203
2023-12-01,24290.0,10.097820021996219,0.16494845360823795,0.16481256305888317,0.027163180942038342,0.16481256305888317
2023-12-04,24250.0,10.096171896365629,-0.16467682173734177,-0.1648125630588939,0.027163180942041884,0.1648125630588939
2023-12-05,24266.0,10.096831472611818,0.06597938144330406,0.06595762461891196,0.0043504082453693005,0.06595762461891196
2023-12-06,24274.0,10.097161097666307,0.032967938679639985,0.03296250544885272,0.0010865267654656453,0.03296250544885272
2023-12-07,24275.0,10.097202293159526,0.0041196341764804245,0.004119549321882143,1.697068661541962e-05,0.004119549321882143
2023-12-08,24220.0,10.094934017107084,-0.22657054582904124,-0.2268276052442405,0.051450762500837,0.2268276052442405
2023-12-11,24250.0,10.096171896365629,0.12386457473163581,0.12378792585461004,0.015323450587386434,0.12378792585461004
2023-12-12,24260.0,10.096584182498042,0.04123711340207059,0.041228613241195616,0.0016997985497920905,0.041228613241195616
2023-12-13,24279.0,10.097367058163812,0.07831821929100702,0.07828756657703818,0.006128943080554186,0.07828756657703818
2023-12-14,24245.0,10.095965689539453,-0.1400387165863548,-0.14013686243589688,0.019638340213377483,0.14013686243589688
2023-12-15,24260.0,10.096584182498042,0.06186842647968316,0.06184929585884384,0.003825335398234798,0.06184929585884384
2023-12-18,24350.0,10.100287128510736,0.37098103874690924,0.3702946012694733,0.13711809172931821,0.3702946012694733
2023-12-19,24350.0,10.100287128510736,0.0,0.0,0.0,0.0
2023-12-20,24335.0,10.099670922267554,-0.06160164271047375,-0.061620624318118614,0.003797101341354711,0.061620624318118614
2023-12-21,24320.0,10.099054336080103,-0.061639613725084086,-0.061658618745133564,0.003801785265557736,0.061658618745133564
2023-12-22,24235.0,10.095553148279476,-0.34950657894736725,-0.35011878006269354,0.12258316015258877,0.35011878006269354
2023-12-25,24230.0,10.095346813810572,-0.02063131834124654,-0.020633446890499247,0.00042573913058305306,0.020633446890499247
2023-12-26,24325.0,10.099259907054206,0.3920759389187012,0.3913093243634449,0.15312298733377575,0.3913093243634449
2023-12-27,24345.0,10.100081768616802,0.08221993833503749,0.08218615625953798,0.0067545642807171945,0.08218615625953798
2023-12-28,24235.0,10.095553148279476,-0.45183815978639963,-0.45286203373248746,0.2050840215963246,0.45286203373248746
2023-12-29,24260.0,10.096584182498042,0.1031565917062105,0.10310342185647658,0.010630315598514574,0.10310342185647658
2024-01-01,24260.0,10.096584182498042,0.0,0.0,0.0,0.0
2024-01-02,24325.0,10.099259907054206,0.26793075020610235,0.2675724556164705,0.07159501900462806,0.2675724556164705
2024-01-03,24370.0,10.101108146619252,0.184994861253851,0.1848239565046067,0.03415989489801675,0.1848239565046067
2024-01-04,24360.0,10.100697721823833,-0.04103405826836326,-0.04104247954185876,0.0016844851269438947,0.04104247954185876
2024-01-05,24370.0,10.101108146619252,0.041050903119876914,0.04104247954186651,0.001684485126944531,0.04104247954186651
2024-01-08,24330.0,10.099465435777569,-0.16413623307345304,-0.1642710841683633,0.026984989093849502,0.1642710841683633
2024-01-09,24360.0,10.100697721823833,0.12330456226881115,0.12322860462651017,0.015185288998196763,0.12322860462651017
2024-01-10,24405.0,10.102543308321248,0.1847290640394128,0.18455864974145775,0.03406189519439008,0.18455864974145775
2024-01-11,24475.0,10.105407467398711,0.2868264699856571,0.28641590774632514,0.08203407221015144,0.28641590774632514
2024-01-12,24490.0,10.106020149946213,0.06128702757917104,0.06126825475023787,0.0037537990401400457,0.06126825475023787
2024-01-15,24470.0,10.105203156436717,-0.08166598611678566,-0.08169935094961106,0.006674783945587713,0.08169935094961106
2024-01-16,24500.0,10.106428396532818,0.1225991009399241,0.1225240096100983,0.01501213293093546,0.1225240096100983
2024-01-17,24530.0,10.107652137252535,0.1224489795918382,0.12237407197166486,0.014975413490926211,0.12237407197166486
2024-01-18,24545.0,10.108263446492153,0.06114961271912467,0.06113092396179321,0.0037369898644225436,0.06113092396179321
2024-01-19,24540.0,10.108059718264903,-0.020370747606435202,-0.02037282272504166,0.00041505190578597394,0.02037282272504166
2024-01-22,24550.0,10.108467133222666,0.04074979625101616,0.04074149577641809,0.0016598694780998932,0.04074149577641809
2024-01-23,24565.0,10.109077944602749,0.06109979633401874,0.06108113800820431,0.0037309054203773016,0.06108113800820431
2024-01-24,24600.0,10.110501721920453,0.14247913698350878,0.1423777317705514,0.020271418504127083,0.1423777317705514
2024-01-25,24605.0,10.110704953300079,0.02032520325203624,0.020323137962444855,0.00041302993664056717,0.020323137962444855
2024-01-26,24595.0,10.11029844922944,-0.0406421459053008,-0.04065040706383696,0.001652455594455646,0.04065040706383696
2024-01-29,24530.0,10.107652137252535,-0.2642813579995962,-0.2646311976905225,0.07002967079112041,0.2646311976905225
2024-01-30,24395.0,10.102133472249937,-0.5503465144720776,-0.5518665002597449,0.3045566341089391,0.5518665002597449
2024-01-31,24415.0,10.10295297649576,0.08198401311745318,0.08195042458231798,0.006715872089222187,0.08195042458231798
2024-02-01,24400.0,10.102338411281293,-0.061437640794592685,-0.06145652144673894,0.003776904028333483,0.06145652144673894
2024-02-02,24335.0,10.099670922267554,-0.2663934426229475,-0.26674890137385243,0.07115497638415726,0.26674890137385243
2024-02-05,24370.0,10.101108146619252,0.14382576535854064,0.14372243516972663,0.020656138371116274,0.14372243516972663
2024-02-06,24355.0,10.100492446240644,-0.06155108740254489,-0.06157003786088818,0.0037908695621912043,0.06157003786088818
2024-02-07,24400.0,10.102338411281293,0.1847669882981018,0.1845965040650311,0.03407586931303104,0.1845965040650311
2024-02-08,24400.0,10.102338411281293,0.0,0.0,0.0,0.0
2024-02-09,24400.0,10.102338411281293,0.0,0.0,0.0,0.0
2024-02-12,24400.0,10.102338411281293,0.0,0.0,0.0,0.0
2024-02-13,24400.0,10.102338411281293,0.0,0.0,0.0,0.0
2024-02-14,24400.0,10.102338411281293,0.0,0.0,0.0,0.0
2024-02-15,24450.0,10.104385494903019,0.2049180327868827,0.2047083621724823,0.041905513543340184,0.2047083621724823
2024-02-16,24510.0,10.106836476522158,0.24539877300613355,0.24509816191401607,0.06007310897362923,0.24509816191401607
2024-02-19,24530.0,10.107652137252535,0.081599347205219,0.08156607303766941,0.006653024270786421,0.08156607303766941
2024-02-20,24525.0,10.107448284433564,-0.020383204239704522,-0.020385281897113475,0.0004155597180247824,0.020385281897113475
2024-02-21,24525.0,10.107448284433564,0.0,0.0,0.0,0.0
2024-02-22,24590.0,10.110095135210239,0.2650356778797214,0.26468507766744853,0.07005819033982326,0.26468507766744853
2024-02-23,24630.0,10.111720491114584,0.16266775111835052,0.16253559043454444,0.026417818157905972,0.16253559043454444
2024-02-26,24660.0,10.112937776718335,0.12180267965895553,0.12172856037517249,0.014817842411012014,0.12172856037517249
2024-02-27,24625.0,10.11151746604029,-0.14193025141929771,-0.1420310678045613,0.020172824221703887,0.1420310678045613
2024-02-28,24620.0,10.111314399738445,-0.020304568527917954,-0.020306630184511853,0.00041235922945052786,0.020306630184511853
2024-02-29,24640.0,10.112126417647456,0.08123476848092004,0.08120179090116784,0.006593730845556985,0.08120179090116784
2024-03-01,24640.0,10.112126417647456,0.0,0.0,0.0,0.0
2024-03-04,24676.0,10.113586390329528,0.14610389610389962,0.1459972682073215,0.02131520232400057,0.1459972682073215
2024-03-05,24690.0,10.114153582339226,0.05673528934997396,0.05671920096959099,0.0032170677586288512,0.05671920096959099
2024-03-06,24665.0,10.113140513667839,-0.10125556905630217,-0.10130686713866038,0.010263081329450188,0.10130686713866038
2024-03-07,24680.0,10.113748478019325,0.06081491992702137,0.060796435148548524,0.0036962065267716663,0.060796435148548524
2024-03-08,24640.0,10.112126417647456,-0.16207455429497752,-0.1622060371868055,0.026310798499847333,0.1622060371868055
2024-03-11,24635.0,10.111923474978063,-0.020292207792205197,-0.020294266939259585,0.0004118572706019246,0.020294266939259585
2024-03-12,24645.0,10.112329319139478,0.04059265272986501,0.04058441614147787,0.0016470948335446495,0.04058441614147787
2024-03-13,24675.0,10.113545864301683,0.12172854534389099,0.12165451622042649,0.014799821316826011,0.12165451622042649
2024-03-14,24690.0,10.114153582339226,0.06079027355623268,0.06077180375428715,0.00369321213154959,0.06077180375428715
2024-03-15,24710.0,10.114963298982655,0.0810044552450373,0.08097166434305575,0.006556410426484486,0.08097166434305575
2024-03-18,24715.0,10.11516562574106,0.020234722784295833,0.02023267584038934,0.00040936117166227447,0.02023267584038934
2024-03-19,24740.0,10.11617664594648,0.1011531458628312,0.10110202054191714,0.010221618557658236,0.10110202054191714
2024-03-20,24775.0,10.11759035919819,0.141471301535967,0.14137132517097747,0.01998585158059825,0.14137132517097747
2024-03-21,24785.0,10.117993910454674,0.04036326942482571,0.040355125648554944,0.0016285361661106572,0.040355125648554944
2024-03-22,24768.0,10.117307776389454,-0.06858987290699892,-0.068613406522059,0.004707799554561328,0.068613406522059
2024-03-25,24740.0,10.11617664594648,-0.11304909560723164,-0.1131130442974735,0.012794560790242201,0.1131130442974735
2024-03-26,24770.0,10.117388522483406,0.12126111560226693,0.12118765369263827,0.014686447407526823,0.12118765369263827
2024-03-27,24785.0,10.117993910454674,0.060557125555105173,0.060538797126900586,0.0036649459575720266,0.060538797126900586
2024-03-28,24790.0,10.118195625029236,0.02017349203147223,0.02017145745619383,0.00040688769590703765,0.02017145745619383
2024-03-29,24810.0,10.119002076685847,0.08067769261799196,0.08064516566105101,0.006503642744498361,0.08064516566105101
2024-04-01,24795.0,10.118397298923234,-0.06045949214026347,-0.060477776261241976,0.0036575614215048433,0.060477776261241976
2024-04-02,24900.0,10.1226230824528,0.4234724742891771,0.42257835295647966,0.17857246438741112,0.42257835295647966
2024-04-03,25000.0,10.126631103850338,0.40160642570281624,0.4008021397538868,0.1606423552312942,0.4008021397538868
2024-04-04,24935.0,10.124027717980223,-0.26000000000000467,-0.26033858701149276,0.06777617988714059,0.26033858701149276
2024-04-05,24950.0,10.124629101179664,0.060156406657307926,0.060138319944179286,0.003616617525708472,0.060138319944179286
2024-04-08,24960.0,10.125029822483365,0.04008016032064354,0.04007213036992667,0.0016057756323843994,0.04007213036992667
2024-04-09,24945.0,10.124428680295138,-0.06009615384615641,-0.06011421882262519,0.0036137193046544645,0.06011421882262519
2024-04-10,24935.0,10.124027717980223,-0.04008819402685493,-0.040096231491477986,0.001607707779818191,0.040096231491477986
2024-04-11,24980.0,10.125830783679568,0.18046921997192378,0.18030656993457164,0.032510459161570575,0.18030656993457164
2024-04-12,25015.0,10.127230923922305,0.14011208967172895,0.14001402427366635,0.01960392699330683,0.14001402427366635
2024-04-15,25180.0,10.133805307598339,0.6596042374575228,0.6574383676032717,0.4322252071968546,0.6574383676032717
2024-04-16,25280.0,10.137768848260794,0.3971405877680745,0.3963540662455611,0.15709654582939062,0.3963540662455611
2024-04-17,25400.0,10.142504453006628,0.4746835443038,0.47356047458342504,0.22425952308767874,0.47356047458342504
2024-04-18,25400.0,10.142504453006628,0.0,0.0,0.0,0.0
2024-04-19,25440.0,10.144078017454058,0.15748031496063408,0.15735644474305382,0.024761050702173753,0.15735644474305382
2024-04-22,25455.0,10.144667466336436,0.0589622641509413,0.058944888237791315,0.003474499849365709,0.058944888237791315
2024-04-23,25440.0,10.144078017454058,-0.058927519151441565,-0.05894488823779125,0.0034744998493657017,0.05894488823779125
2024-04-24,25405.0,10.142701284027833,-0.13757861635219637,-0.13767334262261297,0.01895394926888338,0.13767334262261297
2024-04-25,25350.0,10.14053400901933,-0.21649281637472484,-0.2167275008503001,0.04697080962481683,0.2167275008503001
2024-04-26,25330.0,10.13974474299572,-0.07889546351085297,-0.07892660236083653,0.006229408560225606,0.07892660236083653
2024-04-29,25330.0,10.13974474299572,0.0,0.0,0.0,0.0
2024-04-30,25330.0,10.13974474299572,0.0,0.0,0.0,0.0
2024-05-01,25330.0,10.13974474299572,0.0,0.0,0.0,0.0
2024-05-02,25390.0,10.142110674698724,0.23687327279904302,0.2365931703003119,0.05597632823275239,0.2365931703003119
2024-05-03,25400.0,10.142504453006628,0.03938558487592836,0.03937783079037609,0.001550613557755491,0.03937783079037609
2024-05-06,25370.0,10.141322652593328,-0.11811023622047001,-0.11818004133003682,0.01396652216876921,0.11818004133003682
2024-05-07,25400.0,10.142504453006628,0.11824990145841152,0.11818004133003532,0.013966522168768855,0.11818004133003532
2024-05-08,25425.0,10.14348822091676,0.09842519685039353,0.09837679101327484,0.009677993010069554,0.09837679101327484
2024-05-09,25440.0,10.144078017454058,0.05899705014749124,0.058979653729773276,0.0034785995540839586,0.058979653729773276
2024-05-10,25450.0,10.144471021978669,0.039308176100627534,0.03930045246103403,0.0015445255636419956,0.03930045246103403
2024-05-13,25453.0,10.144588893224116,0.011787819253439302,0.011787124544619021,0.00013893630503036017,0.011787124544619021
2024-05-14,25450.0,10.144471021978669,-0.011786429890381367,-0.011787124544612997,0.00013893630503021814,0.011787124544612997
2024-05-15,25445.0,10.144274539022932,-0.019646365422398837,-0.019648295573577564,0.0003860555189466677,0.019648295573577564
2024-05-16,25431.0,10.143724181276514,-0.05502063273727931,-0.05503577464178253,0.0030289364904210734,0.05503577464178253
2024-05-17,25448.0,10.14439243342898,0.06684754826786765,0.06682521524648447,0.00446560939273898,0.06682521524648447
2024-05-20,25452.0,10.144549604352683,0.015718327569946844,0.01571709237027232,0.00024702699257567244,0.01571709237027232
2024-05-21,25461.0,10.144903148637786,0.03536067892504491,0.03535442851039067,0.0012499356152963245,0.03535442851039067
2024-05-22,25464.0,10.145020968961928,0.011782726522913123,0.011782032414214305,0.00013881628780959657,0.011782032414214305
2024-05-23,25469.0,10.145217305326018,0.019635563933406708,0.019633636408867873,0.00038547967863562213,0.019633636408867873
2024-05-24,25465.0,10.145060239318704,-0.01570536730928218,-0.015706600731237766,0.00024669730653051873,0.015706600731237766
2024-05-27,25445.0,10.144274539022932,-0.07853917141174005,-0.07857002957719315,0.006173249547761007,0.07857002957719315
2024-05-28,25448.0,10.14439243342898,0.01179013558656461,0.011789440604704528,0.00013899090977185585,0.011789440604704528
2024-05-29,25450.0,10.144471021978669,0.00785916378496232,0.00785885496886546,6.176160142166134e-05,0.00785885496886546
2024-05-30,25450.0,10.144471021978669,0.0,0.0,0.0,0.0
2024-05-31,25440.0,10.144078017454058,-0.039292730844797674,-0.03930045246103938,0.0015445255636424163,0.03930045246103938
2024-06-03,25432.0,10.14376350259064,-0.03144654088050869,-0.03145148634198699,0.0009891959931201942,0.03145148634198699
2024-06-04,25410.0,10.142898076314209,-0.08650519031141446,-0.08654262764288219,0.007489626399334556,0.08654262764288219
2024-06-05,25415.0,10.143094829881003,0.019677292404574054,0.019675356679320227,0.00038711966045847107,0.019675356679320227
2024-06-06,25420.0,10.143291544743445,0.01967342120794413,0.019671486244212222,0.00038696737105623066,0.019671486244212222
2024-06-07,25400.0,10.142504453006628,-0.07867820613689513,-0.07870917368170433,0.006195134021656697,0.07870917368170433
2024-06-10,25415.0,10.143094829881003,0.059055118110240556,0.05903768743749745,0.0034854485379676448,0.05903768743749745
2024-06-11,25435.0,10.143881457256866,0.07869368483179873,0.07866273758625769,0.006187826284564438,0.07866273758625769
2024-06-12,25435.0,10.143881457256866,0.0,0.0,0.0,0.0
2024-06-13,25435.0,10.143881457256866,0.0,0.0,0.0,0.0
2024-06-14,25450.0,10.144471021978669,0.05897385492432683,0.0589564721803507,0.0034758656119524664,0.0589564721803507
2024-06-17,25450.0,10.144471021978669,0.0,0.0,0.0,0.0
2024-06-18,25445.0,10.144274539022932,-0.019646365422398837,-0.019648295573577564,0.0003860555189466677,0.019648295573577564
2024-06-19,25450.0,10.144471021978669,0.019650225977607683,0.019648295573584523,0.0003860555189469412,0.019648295573584523
2024-06-20,25450.0,10.144471021978669,0.0,0.0,0.0,0.0
2024-06-21,25450.0,10.144471021978669,0.0,0.0,0.0,0.0
2024-06-24,25455.0,10.144667466336436,0.019646365422398837,0.01964443577675997,0.0003859038569872471,0.01964443577675997
2024-06-25,25455.0,10.144667466336436,0.0,0.0,0.0,0.0
2024-06-26,25465.0,10.145060239318704,0.03928501276762031,0.0392772982268523,0.001542706156001095,0.0392772982268523
2024-06-27,25455.0,10.144667466336436,-0.039269585705870025,-0.03927729822686036,0.0015427061560017278,0.03927729822686036
2024-06-28,25445.0,10.144274539022932,-0.03928501276763141,-0.039292731350335834,0.0015439187369696646,0.039292731350335834
2024-07-01,25450.0,10.144471021978669,0.019650225977607683,0.019648295573584523,0.0003860555189469412,0.019648295573584523
2024-07-02,25450.0,10.144471021978669,0.0,0.0,0.0,0.0
2024-07-03,25450.0,10.144471021978669,0.0,0.0,0.0,0.0
2024-07-04,25450.0,10.144471021978669,0.0,0.0,0.0,0.0
2024-07-05,25412.0,10.142976782386423,-0.14931237721022006,-0.14942395922449744,0.022327519590324276,0.14942395922449744
2024-07-08,25415.0,10.143094829881003,0.011805446245860551,0.011804749457893978,0.00013935210976364815,0.011804749457893978
2024-07-09,25413.0,10.14301613309966,-0.007869368483182093,-0.007869678134228874,6.193183393636006e-05,0.007869678134228874
2024-07-10,25415.0,10.143094829881003,0.007869987801512046,0.007869678134219144,6.193183393620691e-05,0.007869678134219144
2024-07-11,25423.0,10.143409555089155,0.03147747393270617,0.03147252081526382,0.0009905195664672143,0.03147252081526382
2024-07-12,25410.0,10.142898076314209,-0.05113479919757191,-0.051147877494580773,0.0026161053722006423,0.051147877494580773
2024-07-15,25360.0,10.140928408551162,-0.19677292404565172,-0.19696677630475462,0.038795910967887245,0.19696677630475462
2024-07-16,25375.0,10.141519716344089,0.05914826498423231,0.05913077929262814,0.0034964490597535008,0.05913077929262814
2024-07-17,25315.0,10.13915238440401,-0.2364532019704435,-0.23673319400789108,0.0560426051451778,0.23673319400789108
2024-07-18,25310.0,10.13895485353917,-0.019751135690304622,-0.019753086483983405,0.00039018442564372785,0.019753086483983405
2024-07-19,25315.0,10.13915238440401,0.019755037534574527,0.019753086483984186,0.0003901844256437587,0.019753086483984186
2024-07-22,25325.0,10.139547329116883,0.039502271380609244,0.03949447128746315,0.0015598132622762508,0.03949447128746315
2024-07-23,25355.0,10.14073122822912,0.11846001974333831,0.11838991122353242,0.014016171079515886,0.11838991122353242
2024-07-24,25350.0,10.14053400901933,-0.019719976336030065,-0.019721920979023158,0.00038895416710283374,0.019721920979023158
2024-07-25,25285.0,10.137966613514083,-0.2564102564102555,-0.2567395505245809,0.06591519680356384,0.2567395505245809
2024-07-26,25300.0,10.138559674715612,0.059323709709313555,0.05930612015281968,0.0035172158875806845,0.05930612015281968
2024-07-29,25275.0,10.137571043888672,-0.09881422924901129,-0.09886308269394321,0.009773909119749454,0.09886308269394321
2024-07-30,25275.0,10.137571043888672,0.0,0.0,0.0,0.0
2024-07-31,25235.0,10.135987198774362,-0.1582591493570762,-0.15838451143094495,0.025085653461219132,0.15838451143094495
2024-08-01,25215.0,10.135194334510826,-0.07925500297206733,-0.07928642635371291,0.006286337403942742,0.07928642635371291
2024-08-02,25205.0,10.13479766651673,-0.03965893317470215,-0.0396667994094502,0.0015734549753895586,0.0396667994094502
2024-08-05,25080.0,10.129825994746858,-0.4959333465582194,-0.49716717698741875,0.24717520187363937,0.49716717698741875
2024-08-06,25130.0,10.131817630537638,0.1993620414673103,0.19916357907809207,0.03966613123119543,0.19916357907809207
2024-08-07,25155.0,10.13281196292542,0.09948269001194276,0.09943323877811032,0.009886968973904701,0.09943323877811032
2024-08-08,25135.0,10.132016576126675,-0.07950705625123788,-0.07953867987432549,0.006326401596150431,0.07953867987432549
2024-08-09,25090.0,10.130224639360469,-0.1790332206087153,-0.17919367662076693,0.032110373740867997,0.17919367662076693
2024-08-12,25120.0,10.131419620582134,0.11956954962135669,0.11949812216669432,0.014279801201366201,0.11949812216669432
2024-08-13,25115.0,10.131220556184145,-0.01990445859872958,-0.01990643979899261,0.00039626634547091695,0.01990643979899261
2024-08-14,25020.0,10.127430784020902,-0.3782600039816897,-0.37897721632430087,0.14362373049291594,0.37897721632430087
2024-08-15,25035.0,10.128030124764045,0.059952038369304184,0.05993407431430052,0.0035920932639120972,0.05993407431430052
2024-08-16,25050.0,10.12862910651301,0.05991611743558778,0.05989817489656911,0.003587791355939982,0.05989817489656911
2024-08-19,24960.0,10.125029822483365,-0.3592814371257469,-0.3599284029646873,0.12954845526071032,0.3599284029646873
2024-08-20,24915.0,10.123225310715505,-0.18028846153845812,-0.18045117678589948,0.03256262720341595,0.18045117678589948
2024-08-21,24930.0,10.123827176517604,0.06020469596628164,0.06018658020985906,0.003622424437357798,0.06018658020985906
2024-08-22,24960.0,10.125029822483365,0.1203369434416457,0.12026459657604922,0.014463573189599871,0.12026459657604922
2024-08-23,24965.0,10.12523012293471,0.020032051282048435,0.020030045134566125,0.0004012027080927561,0.020030045134566125
2024-08-26,24860.0,10.121015365064702,-0.4205888243540956,-0.42147578700075505,0.17764183902790584,0.42147578700075505
2024-08-27,24820.0,10.119405058758598,-0.16090104585679832,-0.16103063061039058,0.02593086399478006,0.16103063061039058
2024-08-28,24855.0,10.120814218528773,0.14101531023367198,0.14091597701746697,0.01985731257878728,0.14091597701746697
2024-08-29,24870.0,10.12141753679745,0.060350030175015945,0.06033182686773806,0.00363992933319872,0.06033182686773806
2024-08-30,24860.0,10.121015365064702,-0.040209087253717524,-0.040217173274822576,0.0016174210262171033,0.040217173274822576
2024-09-02,24860.0,10.121015365064702,0.0,0.0,0.0,0.0
2024-09-03,24860.0,10.121015365064702,0.0,0.0,0.0,0.0
2024-09-04,24852.0,10.120693511183584,-0.032180209171361884,-0.032185388111765814,0.0010358992079049962,0.032185388111765814
2024-09-05,24730.0,10.115772360515463,-0.4909061644937984,-0.4921150668122532,0.24217723898362842,0.4921150668122532
2024-09-06,24600.0,10.110501721920453,-0.5256773150020266,-0.5270638595007765,0.2777963119918543,0.5270638595007765
2024-09-09,24680.0,10.113748478019325,0.3252032520325132,0.3246756098869873,0.10541425165548717,0.3246756098869873
2024-09-10,24660.0,10.112937776718335,-0.08103727714748876,-0.08107013009888345,0.006572365994249887,0.08107013009888345
2024-09-11,24550.0,10.108467133222666,-0.44606650446066265,-0.44706434956686303,0.1998665326536423,0.44706434956686303
2024-09-12,24575.0,10.109484945015367,0.10183299389001643,0.10178117927006246,0.010359408453604592,0.10178117927006246
2024-09-13,24530.0,10.107652137252535,-0.18311291963377663,-0.18328077628323391,0.03359184295498484,0.18328077628323391
2024-09-16,24530.0,10.107652137252535,0.0,0.0,0.0,0.0
2024-09-17,24620.0,10.111314399738445,0.3668976763147258,0.3662262485909608,0.1341216651570082,0.3662262485909608
2024-09-18,24600.0,10.110501721920453,-0.08123476848090894,-0.08126778179903221,0.0066044523585351116,0.08126778179903221
2024-09-19,24565.0,10.109077944602749,-0.14227642276423147,-0.14237773177055957,0.020271418504129408,0.14237773177055957
2024-09-20,24590.0,10.110095135210239,0.10177081213107453,0.10171906074895715,0.010346767319650034,0.10171906074895715
2024-09-23,24615.0,10.111111292192302,0.10166734444896353,0.10161569820627188,0.010325750121948127,0.10161569820627188
2024-09-24,24590.0,10.110095135210239,-0.10156408693885455,-0.10161569820626745,0.010325750121947226,0.10161569820626745
2024-09-25,24580.0,10.109688383120027,-0.04066693777958763,-0.04067520902124595,0.0016544726289220483,0.04067520902124595
2024-09-26,24615.0,10.111111292192302,0.1423921887713675,0.1422909072275235,0.020246702279631698,0.1422909072275235
2024-09-27,24590.0,10.110095135210239,-0.10156408693885455,-0.10161569820626745,0.010325750121947226,0.10161569820626745
2024-09-30,24555.0,10.108670778473344,-0.14233428222855116,-0.14243567368933102,0.020287921139333587,0.14243567368933102
2024-10-01,24595.0,10.11029844922944,0.16289961311342083,0.16276707560952347,0.02649312090247633,0.16276707560952347
2024-10-02,24652.0,10.112613312082134,0.2317544216304146,0.23148628526935985,0.05358590026780745,0.23148628526935985
2024-10-03,24745.0,10.116378727385987,0.37725133863377724,0.3765415303852622,0.14178352410487535,0.3765415303852622
2024-10-04,24755.0,10.116782767795524,0.04041220448576244,0.0404040409537069,0.0016324865253888245,0.0404040409537069
2024-10-07,24840.0,10.120210536047415,0.34336497677236455,0.34277682518915936,0.11749595188675951,0.34277682518915936
2024-10-08,24835.0,10.12000922754145,-0.020128824476650653,-0.020130850596418667,0.0004052511457353298,0.020130850596418667
2024-10-09,24830.0,10.119807878502213,-0.020132876988121495,-0.020134903923858808,0.0004054143560230248,0.020134903923858808
2024-10-10,24830.0,10.119807878502213,0.0,0.0,0.0,0.0
2024-10-11,24805.0,10.11880052473515,-0.1006846556584784,-0.10073537670630339,0.010147616120160852,0.10073537670630339
2024-10-14,24840.0,10.120210536047415,0.14110058455956143,0.14100113122657695,0.019881319007174374,0.14100113122657695
2024-10-15,24925.0,10.12362659483004,0.34219001610305,0.34160587826239164,0.11669457606341993,0.34160587826239164
2024-10-16,24970.0,10.12543038327382,0.18054162487461944,0.18037884437797794,0.032536527499134785,0.18037884437797794
2024-10-17,25180.0,10.133805307598339,0.8410092110532563,0.8374924324519182,0.7013935744142308,0.8374924324519182
2024-10-18,25150.0,10.132613175527885,-0.11914217633042234,-0.11921320704529087,0.014211788734023388,0.11921320704529087
2024-10-21,25285.0,10.137966613514083,0.5367793240556695,0.5353437986198173,0.2865929827206955,0.5353437986198173
2024-10-22,25390.0,10.142110674698724,0.4152659679651949,0.4144061184640697,0.17173243102045657,0.4144061184640697
2024-10-23,25400.0,10.142504453006628,0.03938558487592836,0.03937783079037609,0.001550613557755491,0.03937783079037609
2024-10-24,25385.0,10.141913727381494,-0.059055118110240556,-0.05907256251332895,0.003489567641891157,0.05907256251332895
2024-10-25,25355.0,10.14073122822912,-0.11818002757534307,-0.11824991523753003,0.013983042453683038,0.11824991523753003
2024-10-28,25345.0,10.14033675090645,-0.03943995267206013,-0.039447732266973616,0.0015561235810068314,0.039447732266973616
2024-10-29,25295.0,10.138362026726037,-0.19727756954034392,-0.19747241804132726,0.03899535588708871,0.19747241804132726
2024-10-30,25280.0,10.137768848260794,-0.059300256967775855,-0.05931784652426995,0.0035186069162768444,0.05931784652426995
2024-10-31,25270.0,10.13737320038224,-0.039556962025311115,-0.039564787855376274,0.00156537243804093,0.039564787855376274
2024-11-01,25280.0,10.137768848260794,0.039572615749894346,0.03956478785537489,0.0015653724380408206,0.03956478785537489
2024-11-04,25310.0,10.13895485353917,0.11867088607595555,0.11860052783760737,0.01406608520335908,0.11860052783760737
2024-11-05,25330.0,10.13974474299572,0.0790201501382759,0.07898894565510746,0.006239253535705519,0.07898894565510746
2024-11-06,25370.0,10.141322652593328,0.15791551519936942,0.15779095976066634,0.024897986982192224,0.15779095976066634
2024-11-07,25350.0,10.14053400901933,-0.07883326763894472,-0.07886435739983468,0.006219586868088859,0.07886435739983468
2024-11-08,25260.0,10.136977395904482,-0.35502958579881616,-0.35566131148471153,0.126494968487025,0.35566131148471153
2024-11-11,25310.0,10.13895485353917,0.19794140934283888,0.1977457634687678,0.03910338696984586,0.1977457634687678
2024-11-12,25340.0,10.14013945387513,0.11853022520742496,0.1184600335960279,0.01403277955957206,0.1184600335960279
2024-11-13,25330.0,10.13974474299572,-0.03946329913180335,-0.03947108794090995,0.0015579667832390468,0.03947108794090995
2024-11-14,25390.0,10.142110674698724,0.23687327279904302,0.2365931703003119,0.05597632823275239,0.2365931703003119
2024-11-15,25380.0,10.141716741268379,-0.03938558487593946,-0.039393343034550526,0.0015518354754377704,0.039393343034550526
2024-11-18,25405.0,10.142701284027833,0.09850275807723463,0.09845427594536986,0.009693244451927034,0.09845427594536986
2024-11-19,25395.0,10.142307583235345,-0.03936233024994795,-0.039370079248685845,0.0015500031400478038,0.039370079248685845
2024-11-20,25415.0,10.143094829881003,0.07875566056310124,0.07872466456574828,0.006197572810989583,0.07872466456574828
2024-11-21,25415.0,10.143094829881003,0.0,0.0,0.0,0.0
2024-11-22,25417.0,10.143173520469649,0.007869368483182093,0.007869058864623716,6.19220874149131e-05,0.007869058864623716
2024-11-25,25410.0,10.142898076314209,-0.027540622418065208,-0.027544415543930716,0.0007586948276567321,0.027544415543930716
2024-11-26,25405.0,10.142701284027833,-0.01967729240456295,-0.019679228637747834,0.00038727203977675446,0.019679228637747834
2024-11-27,25375.0,10.141519716344089,-0.11808699074985496,-0.11815676837438381,0.013961021912677786,0.11815676837438381
2024-11-28,25358.0,10.140849541087894,-0.06699507389162918,-0.06701752561951907,0.0044913487401628946,0.06701752561951907
2024-11-29,25344.0,10.140297294614152,-0.05520940137234698,-0.055224647374088894,0.0030497616775924633,0.055224647374088894
2024-12-02,25374.0,10.141480306700544,0.11837121212121549,0.11830120863912127,0.013995175965476902,0.11830120863912127
2024-12-03,25395.0,10.142307583235345,0.08276188224165537,0.08272765348017071,0.0068438646503352005,0.08272765348017071
2024-12-04,25400.0,10.142504453006628,0.019688915140769758,0.019686977128250908,0.00038757706844827434,0.019686977128250908
2024-12-05,25380.0,10.141716741268379,-0.07874015748031704,-0.07877117382493169,0.006204897825757604,0.07877117382493169
2024-12-06,25375.0,10.141519716344089,-0.019700551615442485,-0.019702492429017088,0.00038818820791547567,0.019702492429017088
2024-12-09,25370.0,10.141322652593328,-0.019704433497536034,-0.019706375076088883,0.00038834121863949713,0.019706375076088883
2024-12-10,25360.0,10.140928408551162,-0.039416633819466806,-0.03942440421652815,0.0015542836478282028,0.03942440421652815
2024-12-11,25380.0,10.141716741268379,0.07886435331230235,0.07883327172164231,0.00621468473033829,0.07883327172164231
2024-12-12,25394.0,10.142268204629737,0.05516154452325228,0.05514633613581192,0.0030411183892039557,0.05514633613581192
2024-12-13,25400.0,10.142504453006628,0.023627628573685833,0.023624837689130325,0.0005581329558377526,0.023624837689130325
2024-12-16,25385.0,10.141913727381494,-0.059055118110240556,-0.05907256251332895,0.003489567641891157,0.05907256251332895
2024-12-17,25430.0,10.143684858416165,0.17727004136300906,0.17711310346706097,0.03136905141973385,0.17711310346706097
2024-12-18,25445.0,10.144274539022932,0.05898545025559976,0.058968060676768706,0.0034772321799790757,0.058968060676768706
2024-12-19,25450.0,10.144471021978669,0.019650225977607683,0.019648295573584523,0.0003860555189469412,0.019648295573584523
2024-12-20,25445.0,10.144274539022932,-0.019646365422398837,-0.019648295573577564,0.0003860555189466677,0.019648295573577564
2024-12-23,25440.0,10.144078017454058,-0.01965022597759658,-0.019652156887457677,0.0003862072703292502,0.019652156887457677
2024-12-24,25425.0,10.14348822091676,-0.0589622641509413,-0.05897965372977257,0.0034785995540838753,0.05897965372977257
2024-12-25,25420.0,10.143291544743445,-0.01966568338249708,-0.019667617331565274,0.0003868151715008867,0.019667617331565274
2024-12-26,25425.0,10.14348822091676,0.019669551534229335,0.019667617331570048,0.0003868151715010745,0.019667617331570048
2024-12-27,25445.0,10.144274539022932,0.07866273352998832,0.07863181061723265,0.006182961640944342,0.07863181061723265
2024-12-30,25476.0,10.145492111491256,0.12183140106112322,0.12175724683234707,0.01482482715619309,0.12175724683234707
2024-12-31,25480.0,10.145649109686099,0.01570105197048477,0.015699819484327044,0.00024648433184045506,0.015699819484327044
2025-01-01,25480.0,10.145649109686099,0.0,0.0,0.0,0.0
2025-01-02,25450.0,10.144471021978669,-0.11773940345368716,-0.11780877074308277,0.013878906463996235,0.11780877074308277
2025-01-03,25400.0,10.142504453006628,-0.19646365422396617,-0.1966568972040827,0.03867393521793715,0.1966568972040827
2025-01-06,25370.0,10.141322652593328,-0.11811023622047001,-0.11818004133003682,0.01396652216876921,0.11818004133003682
2025-01-07,25360.0,10.140928408551162,-0.039416633819466806,-0.03942440421652815,0.0015542836478282028,0.03942440421652815
2025-01-08,25370.0,10.141322652593328,0.03943217665616228,0.039424404216544015,0.0015542836478294535,0.039424404216544015
2025-01-09,25375.0,10.141519716344089,0.019708316909738954,0.019706375076092845,0.0003883412186396533,0.019706375076092845
2025-01-10,25360.0,10.140928408551162,-0.0591133004926081,-0.05913077929262023,0.0034964490597525653,0.05913077929262023
2025-01-13,25390.0,10.142110674698724,0.11829652996846463,0.11822661475619962,0.013977532436710838,0.11822661475619962
2025-01-14,25380.0,10.141716741268379,-0.03938558487593946,-0.039393343034550526,0.0015518354754377704,0.039393343034550526
2025-01-15,25375.0,10.141519716344089,-0.019700551615442485,-0.019702492429017088,0.00038818820791547567,0.019702492429017088
2025-01-16,25370.0,10.141322652593328,-0.019704433497536034,-0.019706375076088883,0.00038834121863949713,0.019706375076088883
2025-01-17,25315.0,10.13915238440401,-0.2167914860070952,-0.2170268189318013,0.047100640135656874,0.2170268189318013
2025-01-20,25315.0,10.13915238440401,0.0,0.0,0.0,0.0
2025-01-21,25260.0,10.136977395904482,-0.21726249259332864,-0.21749884995274898,0.04730574973076842,0.21749884995274898
2025-01-22,25050.0,10.12862910651301,-0.8313539192399078,-0.8348289391471274,0.6969393576375181,0.8348289391471274
2025-01-23,25080.0,10.129825994746858,0.11976047904191933,0.11968882338461725,0.014325414443194103,0.11968882338461725
2025-01-24,25060.0,10.129028228450059,-0.07974481658692412,-0.07977662967977263,0.006364310643063579,0.07977662967977263
2025-01-27,25060.0,10.129028228450059,0.0,0.0,0.0,0.0
2025-01-28,25060.0,10.129028228450059,0.0,0.0,0.0,0.0
2025-01-29,25060.0,10.129028228450059,0.0,0.0,0.0,0.0
2025-01-30,25060.0,10.129028228450059,0.0,0.0,0.0,0.0
2025-01-31,25060.0,10.129028228450059,0.0,0.0,0.0,0.0
2025-02-03,25280.0,10.137768848260794,0.8778930566640142,0.8740619810734507,0.7639843467580453,0.8740619810734507
2025-02-04,25160.0,10.133010710814377,-0.4746835443038,-0.47581374464169235,0.22639871958994962,0.47581374464169235
2025-02-05,25145.0,10.132414348606066,-0.05961844197138744,-0.059636220831173564,0.0035564788350244997,0.059636220831173564
2025-02-06,25260.0,10.136977395904482,0.45734738516602924,0.45630472984168907,0.20821400647589686,0.45630472984168907
2025-02-07,25290.0,10.13816433966401,0.11876484560569,0.11869437595286225,0.014088354882839405,0.11869437595286225
2025-02-10,25380.0,10.141716741268379,0.3558718861210064,0.3552401604367922,0.12619557158715786,0.3552401604367922
2025-02-11,25530.0,10.14760951023553,0.5910165484633634,0.589276896715092,0.3472472610021692,0.589276896715092
2025-02-12,25550.0,10.14839259563185,0.07833920877398093,0.07830853963208778,0.0061322273793102625,0.07830853963208778
2025-02-13,25440.0,10.144078017454058,-0.43052837573385183,-0.43145781777920117,0.18615584852279035,0.43145781777920117
2025-02-14,25370.0,10.141322652593328,-0.27515723270440384,-0.2755364860730902,0.07592035515750624,0.2755364860730902
2025-02-17,25470.0,10.145256567973503,0.3941663381947125,0.3933915380175077,0.15475690218378022,0.3933915380175077
2025-02-18,25500.0,10.146433731146518,0.11778563015312216,0.11771631730148312,0.013857131359023453,0.11771631730148312
2025-02-19,25515.0,10.147021793498071,0.058823529411755615,0.0588062351554223,0.0034581732931548252,0.0588062351554223
2025-02-20,25500.0,10.146433731146518,-0.05878894767783471,-0.05880623515542952,0.003458173293155675,0.05880623515542952
2025-02-21,25510.0,10.146825811135857,0.039215686274518546,0.03920799893396521,0.0015372671804058172,0.03920799893396521
2025-02-24,25468.0,10.145178041136916,-0.16464131713053165,-0.1647769998941076,0.027151459694102736,0.1647769998941076
2025-02-25,25520.0,10.147217737458726,0.2041777917386467,0.2039696321810177,0.04160361085205966,0.2039696321810177
2025-02-26,25535.0,10.147805339081744,0.05877742946709397,0.058760162301819456,0.0034527566737361645,0.058760162301819456
2025-02-27,25520.0,10.147217737458726,-0.058742901899355715,-0.058760162301812024,0.003452756673735291,0.058760162301812024
2025-02-28,25530.0,10.14760951023553,0.03918495297805524,0.039177277680331524,0.0015348590864418027,0.039177277680331524
2025-03-03,25575.0,10.149370590819828,0.1762632197414904,0.17610805842978178,0.03101404824390743,0.17610805842978178
2025-03-04,25540.0,10.14800112958653,-0.1368523949169087,-0.13694612332969225,0.01875424069503128,0.13694612332969225
2025-03-05,25490.0,10.146041497370161,-0.19577133907595634,-0.1959632216369129,0.03840158423431785,0.1959632216369129
2025-03-06,25485.0,10.145845322774143,-0.01961553550411388,-0.01961745960189828,0.0003848447212321111,0.01961745960189828
2025-03-07,25480.0,10.145649109686099,-0.01961938395134144,-0.019621308804241563,0.00038499575919140745,0.019621308804241563
2025-03-10,25525.0,10.147413643032866,0.1766091051805363,0.1764533346766681,0.03113577931851624,0.1764533346766681
2025-03-11,25450.0,10.144471021978669,-0.2938295788442735,-0.29426210541975356,0.08659018668606616,0.29426210541975356
2025-03-12,25445.0,10.144274539022932,-0.019646365422398837,-0.019648295573577564,0.0003860555189466677,0.019648295573577564
2025-03-13,25490.0,10.146041497370161,0.17685203379838033,0.17669583472279973,0.03122141800838696,0.17669583472279973
2025-03-14,25500.0,10.146433731146518,0.03923107100822776,0.03922337763562804,0.0015384733531470858,0.03922337763562804
2025-03-17,25510.0,10.146825811135857,0.039215686274518546,0.03920799893396521,0.0015372671804058172,0.03920799893396521
2025-03-18,25510.0,10.146825811135857,0.0,0.0,0.0,0.0
2025-03-19,25535.0,10.147805339081744,0.0980007840062802,0.09795279458872873,0.009594749967741683,0.09795279458872873
2025-03-20,25545.0,10.148196881764898,0.039161934599563075,0.0391542683154,0.001533056727314336,0.0391542683154
2025-03-21,25585.0,10.149761521239192,0.1565864161283903,0.1564639474293732,0.02448096684518166,0.1564639474293732
2025-03-24,25620.0,10.151128575450725,0.1367989056087593,0.13670542115330966,0.018688372172703766,0.13670542115330966
2025-03-25,25600.0,10.150347630467653,-0.07806401249024209,-0.07809449830713962,0.006098750665843832,0.07809449830713962
2025-03-26,25555.0,10.14858827120238,-0.17578124999999556,-0.1759359265273858,0.030953450243049692,0.1759359265273858
2025-03-27,25560.0,10.14878390849147,0.019565642731356192,0.019563728909109082,0.00038273948882911043,0.019563728909109082
2025-03-28,25550.0,10.14839259563185,-0.03912363067292146,-0.03913128596205643,0.0015312575410442346,0.03913128596205643
2025-03-31,25565.0,10.148979507514099,0.058708414872787884,0.058691188224901686,0.0034446555752508383,0.058691188224901686
2025-04-01,25620.0,10.151128575450725,0.21513788382554466,0.21490679366256427,0.04618492996232397,0.21490679366256427
2025-04-02,25600.0,10.150347630467653,-0.07806401249024209,-0.07809449830713962,0.006098750665843832,0.07809449830713962
2025-04-03,25790.0,10.15774209887539,0.7421874999999911,0.739446840773653,0.546781630330136,0.739446840773653
2025-04-04,25780.0,10.157354276493178,-0.03877471888328321,-0.03878223822120318,0.0015040620014461527,0.03878223822120318
2025-04-07,25780.0,10.157354276493178,0.0,0.0,0.0,0.0
2025-04-08,25995.0,10.165659490817816,0.8339798293250489,0.8305214324637673,0.689765849781668,0.8305214324637673
2025-04-09,25960.0,10.164312170818027,-0.13464127716869,-0.13473199997898858,0.018152711818338177,0.13473199997898858
2025-04-10,25740.0,10.155801481150117,-0.8474576271186418,-0.851068966790862,0.7243183862344653,0.851068966790862
2025-04-11,25715.0,10.154829758209017,-0.09712509712509476,-0.09717229411010565,0.009442454742620874,0.09717229411010565
2025-04-14,25824.0,10.159059571069676,0.42387711452460675,0.42298128606588703,0.17891316836195176,0.42298128606588703
2025-04-15,25790.0,10.15774209887539,-0.13166047087980193,-0.1317472194284885,0.017357329827138297,0.1317472194284885
2025-04-16,25830.0,10.159291886089886,0.15509887553315505,0.15497872144957406,0.024018404102144668,0.15497872144957406
2025-04-17,25837.0,10.159562852085312,0.027100271002700183,0.027096599542560204,0.0007342257067698739,0.027096599542560204
2025-04-18,25925.0,10.162963033097729,0.34059681851608126,0.34001810124161985,0.11561230917195645,0.34001810124161985
2025-04-21,25871.0,10.16087792924552,-0.20829315332689946,-0.2085103852207066,0.043476580744887465,0.2085103852207066
2025-04-22,25965.0,10.164504756278419,0.3633411928414043,0.3626827032898347,0.1315387432656223,0.3626827032898347
2025-04-23,25995.0,10.165659490817816,0.11554015020218689,0.11547345393967433,0.013334118564758088,0.11547345393967433
2025-04-24,26029.0,10.166966580039741,0.13079438353529316,0.13070892219244573,0.01708482234071083,0.13070892219244573
2025-04-25,26021.5,10.166678398368022,-0.028814015136957583,-0.02881816717189695,0.0008304867591473991,0.02881816717189695
2025-04-26,26025.0,10.16681289348317,0.013450416002158683,0.013449511514809491,0.0001808893599869931,0.013449511514809491
2025-04-28,26000.0,10.165851817003619,-0.09606147934678733,-0.09610764795505893,0.009236679995453542,0.09610764795505893
2025-04-29,26005.0,10.166044106207172,0.01923076923076028,0.019228920355365754,0.00036975137803299947,0.019228920355365754
2025-04-30,26005.0,10.166044106207172,0.0,0.0,0.0,0.0
2025-05-01,26005.0,10.166044106207172,0.0,0.0,0.0,0.0
2025-05-02,26005.0,10.166044106207172,0.0,0.0,0.0,0.0
2025-05-05,25957.5,10.164215864177608,-0.1826571813112854,-0.18282420295638263,0.03342468918663659,0.18282420295638263
2025-05-06,25963.5,10.164446984534564,0.023114706732152435,0.02311203569540948,0.0005341661939858819,0.02311203569540948
2025-05-07,25962.5,10.164408468184368,-0.0038515608450362393,-0.003851635019545545,1.4835092323789609e-05,0.003851635019545545
2025-05-08,25963.5,10.164446984534564,0.003851709195945574,0.0038516350195316237,1.4835092323682371e-05,0.0038516350195316237
2025-05-09,25978.5,10.165024551837208,0.057773412675476976,0.05775673026443899,0.003335839890839163,0.05775673026443899
2025-05-12,25971.0,10.164735809883883,-0.02887002713782838,-0.02887419533242165,0.0008337191560948403,0.02887419533242165
2025-05-13,25961.5,10.164369950350606,-0.03657926148395996,-0.036585953327747965,0.0013385319809001523,0.036585953327747965
2025-05-14,25930.0,10.16315587853271,-0.1213335130866855,-0.1214071817895879,0.014739703790090044,0.1214071817895879
2025-05-15,25947.5,10.163830544839444,0.06748939452372316,0.06746663067340461,0.00455174625442158,0.06746663067340461
2025-05-16,25921.5,10.162828019162156,-0.10020233163118286,-0.10025256772880227,0.010050577336218086,0.10025256772880227
2025-05-19,25947.5,10.163830544839444,0.10030283741295776,0.10025256772879716,0.010050577336217063,0.10025256772879716
2025-05-20,25970.0,10.164697304656794,0.08671355621929777,0.08667598173501559,0.007512725809728756,0.08667598173501559
2025-05-21,25973.0,10.16481281589039,0.01155179052754196,0.0115511233595994,0.00013342845086868293,0.0115511233595994
2025-05-22,25976.5,10.164947562134543,0.013475532283524494,0.013474624415232011,0.00018156550313156662,0.013474624415232011
2025-05-23,25954.0,10.164081019297177,-0.08661674975458666,-0.08665428373665227,0.007508964889912238,0.08665428373665227
2025-05-26,25912.5,10.162480756744035,-0.15989828157509933,-0.16002625531408543,0.025608402389848857,0.16002625531408543
2025-05-27,25917.5,10.162673695197267,0.019295706705269033,0.019293845323223452,0.00037225246735647145,0.019293845323223452
2025-05-28,25970.0,10.164697304656794,0.2025658338960179,0.20236094595269924,0.04094995244687126,0.20236094595269924
2025-05-29,26025.0,10.16681289348317,0.21178282633809165,0.21155888263755968,0.04475716082285275,0.21155888263755968
2025-05-30,26021.5,10.166678398368022,-0.013448607108546007,-0.01344951151479941,0.00018088935998672193,0.01344951151479941
2025-06-02,26029.0,10.166966580039741,0.028822320004606716,0.028818167171897134,0.0008304867591474096,0.028818167171897134
2025-06-03,26055.0,10.167964967343314,0.09988858580813886,0.09983873035743944,0.0099677720793855,0.09983873035743944
2025-06-04,26084.0,10.169077378513093,0.11130301285742217,0.11124111697779497,0.012374586106467465,0.11124111697779497
2025-06-05,26082.5,10.169019870342124,-0.005750651740532575,-0.005750817096849188,3.3071897281412917e-05,0.005750817096849188
2025-06-06,26054.0,10.16792658625751,-0.10926866673056645,-0.10932840846150547,0.011952700896725782,0.10932840846150547
2025-06-09,26042.5,10.167485097858604,-0.044139095724260446,-0.044148839890547305,0.001949120063681181,0.044148839890547305
2025-06-10,26012.5,10.16633247070189,-0.11519631371795791,-0.11526271567139572,0.013285493623945013,0.11526271567139572
2025-06-11,26030.0,10.167004997988611,0.06727534839019444,0.06725272867211687,0.004522929513845371,0.06725272867211687
2025-06-12,26037.5,10.167293085569227,0.02881290818286253,0.028808758061634035,0.000829944541053764,0.028808758061634035
2025-06-13,26075.0,10.168732279868973,0.1440230436869916,0.14391942997457782,0.02071280232420741,0.14391942997457782
2025-06-16,26061.5,10.16821440850048,-0.05177372962608118,-0.05178713684929086,0.002681907543047179,0.05178713684929086
2025-06-17,26081.5,10.16898152972407,0.07674155363275315,0.07671212235886532,0.005884749716801524,0.07671212235886532
2025-06-18,26101.5,10.169748062923743,0.07668270613270245,0.07665331996738155,0.0058757314620217745,0.07665331996738155
2025-06-19,26128.0,10.170762815210246,0.10152673218013497,0.10147522865035184,0.010297222029641187,0.10147522865035184
2025-06-20,26128.5,10.170781951585626,0.0019136558481402943,0.0019136375379803642,3.66200862676755e-06,0.0019136375379803642
2025-06-23,26215.0,10.174087045006633,0.33105612645196736,0.33050934210071725,0.10923642521584895,0.33050934210071725
2025-06-24,26170.0,10.172368995524192,-0.1716574480259414,-0.17180494824416373,0.02951694024117978,0.17180494824416373
2025-06-25,26155.0,10.171795655804711,-0.057317539166990006,-0.05733397194801462,0.0032871843393357278,0.05733397194801462
2025-06-26,26120.0,10.170456583390367,-0.13381762569298905,-0.13390724143441293,0.017931149308574156,0.13390724143441293
2025-06-27,26095.0,10.169499004077514,-0.095712098009193,-0.09575793128538022,0.009169581404055601,0.09575793128538022
2025-06-30,26120.5,10.170475725626755,0.097719869706836,0.09767215492417737,0.009539849847532506,0.09767215492417737
2025-07-01,26130.0,10.170839358514659,0.036369901035593344,0.036363288790282784,0.0013222887716455055,0.036363288790282784
2025-07-02,26170.0,10.172368995524192,0.1530807500956799,0.15296370095334147,0.02339789380934328,0.15296370095334147
2025-07-03,26200.0,10.173514689749188,0.11463507833398001,0.11456942249967782,0.013126152571909681,0.11456942249967782
2025-07-04,26180.0,10.172751039463892,-0.07633587786259888,-0.07636502852973333,0.005831617582346985,0.07636502852973333
2025-07-07,26145.0,10.171413246622231,-0.13368983957219305,-0.13377928416599422,0.017896896871965832,0.13377928416599422
2025-07-08,26135.0,10.171030691147022,-0.038248231019311074,-0.03825554752087269,0.001463486916121749,0.03825554752087269
2025-07-09,26139.0,10.171183730899397,0.015305146355459875,0.015303975237427759,0.00023421165806780203,0.015303975237427759
2025-07-10,26114.5,10.170245994602485,-0.09372967596311677,-0.09377362969116843,0.008793493625456384,0.09377362969116843
2025-07-11,26114.5,10.170245994602485,0.0,0.0,0.0,0.0
2025-07-14,26125.0,10.170647989267112,0.040207547531068144,0.04019946646273619,0.001615997103888652,0.04019946646273619
2025-07-15,26137.5,10.171126343736889,0.04784688995216335,0.04783544697769898,0.0022882299875562504,0.04783544697769898
2025-07-16,26160.0,10.171986805571136,0.08608321377332473,0.0860461834246094,0.007403945681941526,0.0860461834246094
2025-07-17,26160.0,10.171986805571136,0.0,0.0,0.0,0.0
2025-07-18,26160.0,10.171986805571136,0.0,0.0,0.0,0.0
2025-07-21,26155.0,10.171795655804711,-0.019113149847094224,-0.019114976642355397,0.0003653823320377924,0.019114976642355397
2025-07-22,26145.0,10.171413246622231,-0.038233607340854014,-0.03824091824804724,0.0014623678284538325,0.03824091824804724
2025-07-23,26150.0,10.171604469493069,0.019124115509661088,0.019122287083800756,0.0003656618633152932,0.019122287083800756
2025-07-24,26135.0,10.171030691147022,-0.05736137667303742,-0.05737783460467159,0.003292215903921049,0.05737783460467159
2025-07-25,26145.0,10.171413246622231,0.03826286588866079,0.038255547520882706,0.001463486916122515,0.038255547520882706
2025-07-28,26200.0,10.173514689749188,0.21036527060622756,0.21014431269571668,0.04416063215835515,0.21014431269571668
2025-07-29,26225.0,10.174468433264497,0.0954198473282375,0.09537435153096349,0.009096266929951798,0.09537435153096349
2025-07-30,26202.5,10.173610105044332,-0.08579599618684375,-0.0858328220165505,0.007367273335324836,0.0858328220165505
2025-07-31,26199.0,10.173476521081843,-0.01335750405495606,-0.013358396248979736,0.00017844675034475588,0.013358396248979736
2025-08-01,26220.0,10.174277757317691,0.08015573113477892,0.08012362358482554,0.006419795056362812,0.08012362358482554
2025-08-04,26176.5,10.172617340687035,-0.16590389016017948,-0.16604166306552298,0.02756983387356466,0.16604166306552298
2025-08-05,26250.0,10.17542126801977,0.28078620136382515,0.2803927332734299,0.07862008487254481,0.2803927332734299
2025-08-06,26225.0,10.174468433264497,-0.09523809523809268,-0.09528347552718544,0.009078940708539747,0.09528347552718544
2025-08-07,26215.0,10.174087045006633,-0.03813155386082068,-0.03813882578647747,0.0014545700323712787,0.03813882578647747
2025-08-08,26225.0,10.174468433264497,0.03814609956132031,0.03813882578647707,0.0014545700323712486,0.03813882578647707
2025-08-11,26233.0,10.174773439176352,0.0305052430886521,0.030500591185398166,0.0009302860626587883,0.030500591185398166
2025-08-12,26270.0,10.176182882679585,0.14104372355430161,0.1409443503233604,0.01986530988807414,0.1409443503233604
2025-08-13,26290.0,10.176943917723927,0.07613247049866878,0.07610350443413563,0.0057917433871565015,0.07610350443413563
2025-08-14,26265.0,10.175992533388062,-0.09509319132749994,-0.09513843358649679,0.00905132154529226,0.09513843358649679
2025-08-15,26270.0,10.176182882679585,0.01903674090995011,0.019034929152357168,0.00036232852783525676,0.019034929152357168
2025-08-18,26300.0,10.177324218165856,0.11419870574800317,0.11413354862703858,0.013026466922200578,0.11413354862703858
2025-08-19,26320.0,10.178084385439254,0.07604562737641984,0.0760167273397525,0.005778542835446275,0.0760167273397525
2025-08-20,26390.0,10.18074042949737,0.26595744680850686,0.26560440581162104,0.07054570038654427,0.26560440581162104
2025-08-21,26432.5,10.182349592606682,0.16104585070102484,0.16091631093118525,0.02589405912370189,0.16091631093118525
2025-08-22,26350.0,10.179223553969509,-0.3121157665752383,-0.3126038637173198,0.09772117561099665,0.3126038637173198
2025-08-25,26305.0,10.177514314164908,-0.17077798861480087,-0.17092398046007845,0.02921500709631728,0.17092398046007845
2025-08-26,26365.0,10.17979265196457,0.22809351834252034,0.22783377996625545,0.0519082312937121,0.22783377996625545
2025-08-27,26380.0,10.180361426271306,0.05689360895126949,0.05687743067355186,0.003235042120024698,0.05687743067355186
2025-08-28,26375.0,10.180171870778368,-0.018953752843064997,-0.018955549293799317,0.0003593128490296558,0.018955549293799317
2025-08-29,26345.0,10.179033782643387,-0.11374407582938062,-0.11380881349814331,0.012952446029855168,0.11380881349814331
2025-09-01,26345.0,10.179033782643387,0.0,0.0,0.0,0.0
2025-09-02,26345.0,10.179033782643387,0.0,0.0,0.0,0.0
2025-09-03,26387.5,10.180645692156576,0.1613209337635313,0.16119095131899838,0.025982522787123707,0.16119095131899838
2025-09-04,26390.0,10.18074042949737,0.00947418285173196,0.009473734079373205,8.975163740667727e-05,0.009473734079373205
2025-09-05,26400.0,10.181119289134408,0.0378931413414163,0.03788596370377704,0.001435346245763911,0.03788596370377704
2025-09-08,26415.0,10.181687309598416,0.05681818181817455,0.05680204640086013,0.0032264724753254675,0.05680204640086013
2025-09-09,26387.5,10.180645692156576,-0.10410751466969348,-0.10416174418401383,0.01084966895145594,0.10416174418401383
2025-09-10,26395.0,10.180929877257716,0.02842254855519588,0.02841851011406449,0.0008076117171031858,0.02841851011406449
2025-09-11,26402.5,10.18121398162063,0.028414472437954252,0.028410436291283037,0.0008071528902610523,0.028410436291283037
2025-09-12,26385.0,10.180550945839768,-0.06628160212100997,-0.06630357808612634,0.004396164467023053,0.06630357808612634
2025-09-15,26385.0,10.180550945839768,0.0,0.0,0.0,0.0
2025-09-16,26382.5,10.180456190545245,-0.009475080538179359,-0.009475529452292257,8.9785658401258e-05,0.009475529452292257
2025-09-17,26375.0,10.180171870778368,-0.02842793518430531,-0.028431976687761658,0.0008083772983734224,0.028431976687761658
2025-09-18,26385.0,10.180550945839768,0.03791469194311947,0.037907506140053115,0.0014369790217581646,0.037907506140053115
2025-09-19,26382.5,10.180456190545245,-0.009475080538179359,-0.009475529452292257,8.9785658401258e-05,0.009475529452292257
2025-09-22,26417.5,10.181781948315185,0.1326636975267803,0.1325757769940689,0.017576336645581087,0.1325757769940689
2025-09-23,26420.0,10.181876578076317,0.009463423866762355,0.009462976113054277,8.954791691623584e-05,0.009462976113054277
2025-09-24,26419.0,10.181838727246433,-0.0037850113550286224,-0.0037850829883909706,1.432685322900672e-05,0.0037850829883909706
2025-09-25,26405.0,10.181308665141033,-0.05299216472992585,-0.053006210539878015,0.002809658355797875,0.053006210539878015
2025-09-26,26410.0,10.181498005291179,0.01893580761218594,0.01893401501442798,0.00035849692456658424,0.01893401501442798
2025-09-29,26421.0,10.181914427473568,0.04165088981447074,0.04164221823913436,0.0017340743398756944,0.04164221823913436
2025-09-30,26427.0,10.182141493777905,0.022709208584070772,0.02270663043360919,0.0005155910656485071,0.02270663043360919
2025-10-01,26410.0,10.181498005291179,-0.06432814924131058,-0.06434884867275144,0.004140774325508664,0.06434884867275144
2025-10-02,26395.5,10.180948820059927,-0.05490344566452254,-0.054918523125201256,0.0030160441822532653,0.054918523125201256
2025-10-03,26381.0,10.18039933305852,-0.0549336061070993,-0.05494870014054999,0.0030193596471360788,0.05494870014054999
2025-10-06,26365.0,10.17979265196457,-0.06064971001857877,-0.060668109395027224,0.0036806194975669906,0.060668109395027224
2025-10-07,26365.0,10.17979265196457,0.0,0.0,0.0,0.0
2025-10-08,26360.0,10.179602988616443,-0.01896453631708983,-0.018966334812666266,0.0003597218562261563,0.018966334812666266
2025-10-09,26347.5,10.179128672808092,-0.04742033383915434,-0.04743158083517734,0.002249754860523962,0.04743158083517734
2025-10-10,26340.0,10.178843975297273,-0.028465698832902397,-0.028469751081971546,0.00081052672666942,0.028469751081971546
2025-10-13,26345.0,10.179033782643387,0.018982536066824984,0.018980734611418353,0.0003602682863890946,0.018980734611418353
2025-10-14,26355.5,10.179432260841466,0.03985576010627767,0.03984781980791688,0.0015878487434442129,0.03984781980791688
2025-10-15,26340.0,10.178843975297273,-0.058811253817991904,-0.058828554419336376,0.0034607988150688216,0.058828554419336376
2025-10-16,26335.0,10.17865413191749,-0.018982536066813882,-0.01898433797822745,0.00036040508847156916,0.01898433797822745
2025-10-17,26342.0,10.178919902558992,0.026580596164804682,0.02657706415021546,0.0007063403388446678,0.02657706415021546
2025-10-20,26342.5,10.178938883473682,0.0018981094829451095,0.0018980914690750114,3.6027512249753353e-06,0.0018980914690750114
2025-10-21,26343.0,10.178957864028105,0.0018980734554530088,0.0018980554422667326,3.602614461918362e-06,0.0018980554422667326
2025-10-22,26347.5,10.179128672808092,0.01708233686368299,0.01708087799865583,0.0002917563932049648,0.01708087799865583
2025-10-23,26332.0,10.178540208587767,-0.058829110921343464,-0.058846422032450565,0.0034629013860212835,0.058846422032450565
2025-10-24,26305.0,10.177514314164908,-0.10253683730822027,-0.10258944228597412,0.010524593668547215,0.10258944228597412
2025-10-27,26305.0,10.177514314164908,0.0,0.0,0.0,0.0
2025-10-28,26328.0,10.178388290623175,0.08743584869796983,0.08739764582683009,0.00763834849607203,0.08739764582683009
2025-10-29,26336.0,10.178692103476797,0.030385900941953814,0.030381285362040232,0.00092302250024972,0.030381285362040232
2025-10-30,26330.0,10.178464252490356,-0.022782503037666046,-0.022785098644126252,0.0005191607202225639,0.022785098644126252
2025-10-31,26315.0,10.17789439778788,-0.056969236612225416,-0.05698547024757119,0.0032473438193368212,0.05698547024757119
2025-11-03,26312.0,10.177780387868893,-0.011400342010259301,-0.011400991898642522,0.00012998261627291242,0.011400991898642522
2025-11-04,26320.0,10.178084385439254,0.03040437823047526,0.030399757036070573,0.0009241452278521223,0.030399757036070573
2025-11-05,26322.5,10.178179365730914,0.009498480243164131,0.009498029166092901,9.021255803995142e-05,0.009498029166092901
2025-11-06,26315.0,10.17789439778788,-0.02849273435273636,-0.02849679430350314,0.0008120672855761691,0.02849679430350314
2025-11-07,26310.0,10.177704374034338,-0.019000570017102536,-0.019002375354093912,0.00036109026909787576,0.019002375354093912
2025-11-10,26300.0,10.177324218165856,-0.03800836183960321,-0.03801558684824814,0.0014451848434166971,0.03801558684824814
2025-11-11,26315.0,10.17789439778788,0.05703422053231488,0.05701796220233703,0.003251048013707134,0.05701796220233703
2025-11-12,26355.0,10.179413289289307,0.15200456013679808,0.15188915014278626,0.023070313931097867,0.15188915014278626
2025-11-13,26355.0,10.179413289289307,0.0,0.0,0.0,0.0
2025-11-14,26350.0,10.179223553969509,-0.018971732119144047,-0.018973531979888825,0.00035999491579186393,0.018973531979888825
2025-11-17,26355.0,10.179413289289307,0.018975332068316142,0.018973531979892197,0.0003599949157919919,0.018973531979892197
2025-11-18,26383.0,10.180475142322448,0.10624169986719334,0.10618530331414328,0.011275318639916607,0.10618530331414328
2025-11-19,26377.0,10.180247697287351,-0.022741917143620505,-0.02274450350973093,0.0005173124399041626,0.02274450350973093
2025-11-20,26376.0,10.180209784751566,-0.0037911817113434054,-0.0037912535784536618,1.4373603696137696e-05,0.0037912535784536618
2025-11-21,26353.0,10.179337399481271,-0.0872004852896624,-0.08723852702949844,0.0076105605982765305,0.08723852702949844
2025-11-24,26375.5,10.180190827944651,0.08537927370697584,0.08534284633788973,0.007283401421052658,0.08534284633788973
2025-11-25,26373.0,10.180096038519288,-0.00947849329870909,-0.009478942536272685,8.985035160595964e-05,0.009478942536272685
2025-11-26,26376.5,10.18022874119913,0.013271148523119614,0.013270267984108233,0.000176100012370048,0.013270267984108233
2025-11-27,26375.5,10.180190827944651,-0.0037912535780004752,-0.003791325447835456,1.4374148651404721e-05,0.003791325447835456
2025-11-28,26365.0,10.17979265196457,-0.039809671854562634,-0.03981759800808208,0.001585441111133222,0.03981759800808208
2025-12-01,26370.0,10.179982279347332,0.01896453631708983,0.01896273827622437,0.00035958544293258476,0.01896273827622437
2025-12-02,26375.0,10.180171870778368,0.018960940462653397,0.01895914310353113,0.000359449107220172,0.01895914310353113
2025-12-03,26372.5,10.180077079555964,-0.009478672985785419,-0.009479122240382417,8.985375844811256e-05,0.009479122240382417
2025-12-04,26374.5,10.180152913252703,0.007583657218690476,0.007583369673943937,5.7507495611692565e-05,0.007583369673943937
2025-12-05,26360.0,10.179602988616443,-0.054977345542095435,-0.05499246362597779,0.00302417105565449,0.05499246362597779
2025-12-08,26360.0,10.179602988616443,0.0,0.0,0.0,0.0
2025-12-09,26372.5,10.180077079555964,0.04742033383915434,0.047409093952034874,0.0022476221893528697,0.047409093952034874
2025-12-10,26357.0,10.179489173338517,-0.058773343444873394,-0.05879062174472653,0.003456337205131512,0.05879062174472653
2025-12-11,26327.5,10.178369299254753,-0.11192472587927549,-0.11198740837643165,0.012541179634869674,0.11198740837643165
2025-12-12,26306.0,10.177552329028725,-0.08166365967144928,-0.08169702260283442,0.006674403502168037,0.08169702260283442
2025-12-15,26320.0,10.178084385439254,0.0532197977647586,0.05320564105294756,0.0028308402398550987,0.05320564105294756
2025-12-16,26345.0,10.179033782643387,0.09498480243161911,0.09493972041327312,0.009013550512150468,0.09493972041327312
2025-12-17,26335.0,10.17865413191749,-0.03795786676789037,-0.037965072589646716,0.0014413467367371444,0.037965072589646716
2025-12-18,26325.0,10.178274337002176,-0.03797228023543209,-0.03797949153135025,0.0014424417769799056,0.03797949153135025
2025-12-19,26312.5,10.177799390424736,-0.047483380816715215,-0.04749465774390295,0.0022557425142104804,0.04749465774390295
2025-12-22,26340.0,10.178843975297273,0.10451306413301609,0.10445848725347975,0.010911575559285392,0.10445848725347975
2025-12-23,26331.0,10.178502231260227,-0.03416856492027831,-0.03417440370447892,0.0011678898685567023,0.03417440370447892
2025-12-24,26320.0,10.178084385439254,-0.041775853556647036,-0.04178458209738188,0.0017459513010528464,0.04178458209738188
2025-12-25,26280.0,10.176563472598547,-0.1519756838905817,-0.15209128407067313,0.02313175869026619,0.15209128407067313
2025-12-26,26291.0,10.176981954277059,0.041856925418559676,0.041848167851212606,0.0017512691525032643,0.041848167851212606
2025-12-29,26285.0,10.176753713253548,-0.022821497850977757,-0.022824102351063393,0.0005209396481318175,0.022824102351063393
2025-12-30,26265.0,10.175992533388062,-0.07608902415826568,-0.0761179865486512,0.005793947876220646,0.0761179865486512
2025-12-31,26300.0,10.177324218165856,0.1332571863696952,0.13316847777940188,0.017733843474083053,0.13316847777940188
2026-01-01,26300.0,10.177324218165856,0.0,0.0,0.0,0.0
2026-01-02,26300.0,10.177324218165856,0.0,0.0,0.0,0.0
2026-01-05,26274.5,10.17635416606837,-0.09695817490493752,-0.0970052097485504,0.009410010718360257,0.0970052097485504
2026-01-06,26275.5,10.176392225059812,0.0038059715693927743,0.00380589914413249,1.448486829530842e-05,0.00380589914413249
2026-01-07,26274.0,10.176335136029452,-0.005708740081067365,-0.005708903035835737,3.259157387257449e-05,0.005708903035835737
2026-01-08,26270.0,10.176182882679585,-0.015224175991479516,-0.015225334986785763,0.00023181082545984261,0.015225334986785763
2026-01-09,26270.0,10.176182882679585,0.0,0.0,0.0,0.0
2026-01-10,26255.0,10.17561172607196,-0.057099352874001585,-0.05711566076258944,0.003262198704347199,0.05711566076258944
2026-01-12,26275.0,10.176373195745152,0.0761759664825723,0.07614696731921869,0.005798360631914159,0.07614696731921869
2026-01-13,26287.5,10.176848820010955,0.04757373929591413,0.047562426580340156,0.0022621844222102476,0.047562426580340156
2026-01-14,26277.5,10.176468338697509,-0.03804089396101107,-0.038048131344579635,0.0014476602988143833,0.038048131344579635
2026-01-15,26270.0,10.176182882679585,-0.028541527923131582,-0.02854560179239398,0.0008148513816899264,0.02854560179239398
2026-01-16,26275.0,10.176373195745152,0.019033117624656093,0.019031306556621684,0.0003621906292521115,0.019031306556621684
2026-01-19,26265.0,10.175992533388062,-0.038058991436729084,-0.038066235708997934,0.0014490383010529893,0.038066235708997934
2026-01-20,26265.0,10.175992533388062,0.0,0.0,0.0,0.0
2026-01-21,26265.0,10.175992533388062,0.0,0.0,0.0,0.0
2026-01-22,26269.5,10.17616384938083,0.017133066818963982,0.017131599276691806,0.0002934916937771472,0.017131599276691806
2026-01-23,26245.0,10.1752307736864,-0.09326405146653505,-0.09330756944287068,0.008706302515336134,0.09330756944287068
2026-01-26,26187.5,10.173037476664494,-0.2190893503524527,-0.21932970219066494,0.04810551826304577,0.21932970219066494
2026-01-27,26134.0,10.170992427549091,-0.2042959427207669,-0.20450491154021425,0.041822258844070856,0.20450491154021425
2026-01-28,26065.0,10.168348697202207,-0.2640238769419101,-0.26437303468850915,0.06989310147041165,0.26437303468850915
2026-01-29,26000.0,10.165851817003619,-0.24937655860348684,-0.24968801985871544,0.06234410726096628,0.24968801985871544
2026-01-30,25940.0,10.163541457870435,-0.2307692307692344,-0.23103591331842585,0.05337759324287918,0.23103591331842585
2026-02-02,26020.0,10.166620752066496,0.30840400925211675,0.30792941960613573,0.09482052745897161,0.30792941960613573
2026-02-03,26002.0,10.165928737122114,-0.06917755572636297,-0.06920149443822485,0.004788846832483665,0.06920149443822485
2026-02-04,25982.0,10.165159269555678,-0.07691716021844819,-0.07694675664358822,0.0059208033579675875,0.07694675664358822
2026-02-05,25955.0,10.16411954826133,-0.10391809714417333,-0.10397212943487263,0.010810203699221909,0.10397212943487263
2026-02-06,25950.0,10.163926888594034,-0.019264110961281222,-0.019265966729472186,0.0003711774740211292,0.019265966729472186
2026-02-09,25910.0,10.162384273556155,-0.15414258188825025,-0.15426150378790776,0.02379661155090668,0.15426150378790776
2026-02-10,25885.0,10.161418929336001,-0.09648784253184495,-0.09653442201539676,0.00931889463384672,0.09653442201539676
2026-02-11,26000.0,10.165851817003619,0.4442727448329187,0.44328876676174084,0.19650493073714506,0.44328876676174084
2026-02-12,25960.0,10.164312170818027,-0.15384615384614886,-0.153964618559275,0.02370510376810305,0.153964618559275
2026-02-13,25970.0,10.164697304656794,0.038520801232655444,0.038513383876772896,0.0014832807376396705,0.038513383876772896
2026-02-16,25970.0,10.164697304656794,0.0,0.0,0.0,0.0
2026-02-17,25970.0,10.164697304656794,0.0,0.0,0.0,0.0
2026-02-18,25970.0,10.164697304656794,0.0,0.0,0.0,0.0
2026-02-19,25970.0,10.164697304656794,0.0,0.0,0.0,0.0
2026-02-20,25970.0,10.164697304656794,0.0,0.0,0.0,0.0
2026-02-23,26120.0,10.170456583390367,0.5775895263765873,0.5759278733573227,0.33169291530988826,0.5759278733573227
2026-02-24,26195.0,10.17332383184232,0.2871362940275679,0.2867248451952757,0.08221113685225481,0.2867248451952757
2026-02-25,26102.0,10.169767218727474,-0.35502958579881616,-0.35566131148471153,0.126494968487025,0.35566131148471153
2026-02-26,26075.0,10.168732279868973,-0.10344034939850921,-0.10349388584997345,0.010710984408327334,0.10349388584997345
2026-02-27,26045.0,10.167581090179292,-0.11505273250239645,-0.1151189689681276,0.013252377016284725,0.1151189689681276
2026-03-02,26165.0,10.172177918806309,0.460741025148792,0.4596828627016385,0.21130833426157342,0.4596828627016385
2026-03-03,26200.0,10.173514689749188,0.13376648194152185,0.1336770942880002,0.017869565537282896,0.1336770942880002
2026-03-04,26220.0,10.174277757317691,0.07633587786259888,0.07630675685026486,0.005822721141005444,0.07630675685026486
2026-03-05,26215.0,10.174087045006633,-0.01906941266208717,-0.019071231105764915,0.00036371185588949525,0.019071231105764915
2026-03-06,26240.0,10.175040243058024,0.09536524890330078,0.09531980513921977,0.009085865251778827,0.09531980513921977
2026-03-09,26277.5,10.176468338697509,0.1429115853658569,0.14280956394841432,0.02039457155513624,0.14280956394841432
2026-03-10,26235.0,10.174849676120813,-0.16173532489772713,-0.1618662576697329,0.026200685372004363,0.1618662576697329
2026-03-11,26250.0,10.17542126801977,0.057175528873631976,0.05715918989575677,0.0032671729895391833,0.05715918989575677
2026-03-12,26275.0,10.176373195745152,0.09523809523810378,0.09519277253821558,0.00906166394351245,0.09519277253821558
2026-03-13,26294.0,10.17709605525655,0.07231208372977527,0.07228595113976327,0.005225258732180243,0.07228595113976327
2026-03-16,26290.0,10.176943917723927,-0.015212596029512415,-0.015213753262267118,0.00023145828832514336,0.015213753262267118
2026-03-17,26300.0,10.177324218165856,0.038037276530999975,0.038030044192902006,0.0014462842613140795,0.038030044192902006
2026-03-18,26310.0,10.177704374034338,0.03802281368820992,0.038015586848246644,0.0014451848434165833,0.038015586848246644
2026-03-19,26290.0,10.176943917723927,-0.07601672367920642,-0.07604563104114906,0.005782938000446573,0.07604563104114906
2026-03-20,26312.0,10.177780387868893,0.08368200836819106,0.08364701449659065,0.006996823034192847,0.08364701449659065
2026-03-23,26341.0,10.17888193964875,0.11021587108543951,0.11015517798576935,0.012134163237076523,0.11015517798576935
2026-03-24,26357.0,10.179489173338517,0.06074180934665385,0.06072336897660541,0.003687327539868964,0.06072336897660541
2026-03-25,26350.0,10.179223553969509,-0.026558409530674787,-0.02656193690081488,0.0007055364919228711,0.02656193690081488
2026-03-26,26351.0,10.179261503913537,0.0037950664136587875,0.0037949944028352668,1.4401982517551003e-05,0.0037949944028352668
2026-03-27,26337.5,10.178749058112444,-0.05123145231680226,-0.05124458010923199,0.002626006990571495,0.05124458010923199
2026-03-30,26345.0,10.179033782643387,0.028476506881824903,0.028472453094170437,0.0008106805851997357,0.028472453094170437
2026-03-31,26340.0,10.178843975297273,-0.018978933383939633,-0.018980734611407705,0.0003602682863886904,0.018980734611407705
2026-04-01,26335.0,10.17865413191749,-0.018982536066813882,-0.01898433797822745,0.00036040508847156916,0.01898433797822745
2026-04-02,26336.0,10.178692103476797,0.00379722802354987,0.0037971559306715706,1.441839316183428e-05,0.0037971559306715706
2026-04-03,26340.0,10.178843975297273,0.015188335358451432,0.015187182047574299,0.0002306504985461631,0.015187182047574299
2026-04-06,26336.5,10.178711088715774,-0.013287775246773048,-0.013288658149841075,0.00017658843542333764,0.013288658149841075
2026-04-07,26334.0,10.17861615891629,-0.009492529379373504,-0.009492979948457422,9.011666830181469e-05,0.009492979948457422
2026-04-08,26332.5,10.178559196710697,-0.005696058327642195,-0.005696220559205121,3.24469286591111e-05,0.005696220559205121
2026-04-09,26325.0,10.178274337002176,-0.02848191398462374,-0.02848597085207883,0.0008114505353854848,0.02848597085207883
2026-04-10,26336.0,10.178692103476797,0.04178537511871916,0.04177664746202152,0.0017452882731660289,0.04177664746202152
2026-04-13,26343.0,10.178957864028105,0.026579586877284456,0.026576055130893495,0.0007062867063202904,0.026576055130893495
2026-04-14,26342.5,10.178938883473682,-0.0018980374292931756,-0.0018980554422515195,3.6026144618606116e-06,0.0018980554422515195
2026-04-15,26330.0,10.178464252490356,-0.04745183638606987,-0.04746309833275985,0.002252745703345231,0.04746309833275985
2026-04-16,26333.5,10.178597171874944,0.01329282187618741,0.013291938458906773,0.00017667562799536496,0.013291938458906773
2026-04-17,26335.0,10.17865413191749,0.005696166479962628,0.00569600425456018,3.244446446796768e-05,0.00569600425456018
2026-04-20,26333.0,10.178578184473086,-0.007594456047088638,-0.00759474444050326,5.768014311655518e-05,0.00759474444050326
2026-04-21,26330.0,10.178464252490356,-0.011392549272770669,-0.011393198272957577,0.00012980496688692352,0.011393198272957577
2026-04-22,26322.5,10.178179365730914,-0.028484618306112708,-0.02848867594406635,0.0008116046570460247,0.02848867594406635
2026-04-23,26327.0,10.17835030752565,0.017095640611652918,0.017094179473538213,0.0002922109718735352,0.017094179473538213
2026-04-24,26359.0,10.179565051629774,0.12154822045808977,0.12147441041241759,0.014756032385044467,0.12147441041241759
2026-04-27,26359.0,10.179565051629774,0.0,0.0,0.0,0.0
2026-04-28,26348.0,10.179147649760584,-0.04173147691490797,-0.041740186919028664,0.0017422432040354516,0.041740186919028664
2026-04-29,26356.0,10.17945123203371,0.030362835888864126,0.030358227312687402,0.0009216219655687994,0.030358227312687402
2026-04-30,26356.0,10.17945123203371,0.0,0.0,0.0,0.0
2026-05-01,26356.0,10.17945123203371,0.0,0.0,0.0,0.0
2026-05-04,26339.5,10.178824992581035,-0.06260434056761799,-0.06262394526759663,0.003921758520878938,0.06262394526759663
2026-05-05,26323.0,10.178198360706745,-0.06264355815410738,-0.06266318742907735,0.003926675058771678,0.06266318742907735
2026-05-06,26325.0,10.178274337002176,0.007597918170421103,0.007597629543238159,5.772397467628528e-05,0.007597629543238159
2026-05-07,26310.0,10.177704374034338,-0.05698005698006048,-0.05699629678378702,0.003248577847065531,0.05699629678378702
2026-05-08,26308.0,10.177628354421241,-0.007601672367918422,-0.007601961309675398,5.778981575380169e-05,0.007601961309675398
2026-05-11,26325.0,10.178274337002176,0.06461912726167807,0.06459825809347004,0.004172934948710568,0.06459825809347004
2026-05-12,26339.0,10.178806009504447,0.05318138651471127,0.05316725022704693,0.0028267564967054217,0.05316725022704693
2026-05-13,26348.0,10.179147649760584,0.03416986218156559,0.034164025613685006,0.0011671806461325252,0.034164025613685006
2026-05-14,26345.0,10.179033782643387,-0.011386063458329598,-0.011386711719743087,0.00012965720378853456,0.011386711719743087
2026-05-15,26355.0,10.179413289289307,0.03795786676787927,0.03795066459210198,0.001440252942982223,0.03795066459210198
2026-05-18,26357.0,10.179489173338517,0.007588692847648737,0.007588404920919548,5.758388924383601e-05,0.007588404920919548
2026-05-19,26359.0,10.179565051629774,0.007588117008761053,0.007587829125725536,5.757515084120875e-05,0.007587829125725536
2026-05-20,26373.0,10.180096038519288,0.05311278880077985,0.05309868895143677,0.002819470768361433,0.05309868895143677
2026-05-21,26355.0,10.179413289289307,-0.0682516209760009,-0.0682749229981053,0.004661465110397207,0.0682749229981053
2026-05-22,26365.0,10.17979265196457,0.037943464238288094,0.03793626752629309,0.0014391603938264795,0.03793626752629309
2026-05-25,26356.0,10.17945123203371,-0.034136165370757254,-0.03414199308596509,0.0011656756918820882,0.03414199308596509
2026-05-26,26344.0,10.1789958240562,-0.04553042950371511,-0.04554079775102687,0.002073964259799934,0.04554079775102687
2026-05-27,26333.0,10.178578184473086,-0.041755238384455495,-0.041763958311553585,0.0017442282138491858,0.041763958311553585
2026-05-28,26327.5,10.178369299254753,-0.020886340333425846,-0.020888521833250736,0.0004363303443781927,0.020888521833250736
2026-05-29,26312.5,10.177799390424736,-0.056974646282403896,-0.056990883001500674,0.0032479607452907382,0.056990883001500674
2026-06-01,26322.5,10.178179365730914,0.038004750593834125,0.03799753061772698,0.0014438123330450994,0.03799753061772698
2026-06-02,26332.5,10.178559196710697,0.037990312470315146,0.037983097978254735,0.001442715732025699,0.037983097978254735
2026-06-03,26345.0,10.179033782643387,0.04746985664103587,0.04745859326891836,0.002252318075064623,0.04745859326891836
2026-06-04,26335.0,10.17865413191749,-0.03795786676789037,-0.037965072589646716,0.0014413467367371444,0.037965072589646716
2026-06-05,26330.0,10.178464252490356,-0.018986140117716044,-0.018987942713464736,0.00036054196848981854,0.018987942713464736
2026-06-08,26345.0,10.179033782643387,0.056969236612225416,0.05695301530310278,0.0032436459521154597,0.05695301530310278
2026-06-09,26330.0,10.178464252490356,-0.05693680015183,-0.056953015303105294,0.003243645952115746,0.056953015303105294
2026-06-10,26320.0,10.178084385439254,-0.037979491074824345,-0.03798670511016295,0.00144298976512648,0.03798670511016295
2026-06-11,26326.5,10.178331315435855,0.0246960486322223,0.024692999660105505,0.0006097442322139706,0.024692999660105505
2026-06-12,26310.0,10.177704374034338,-0.06267449148196214,-0.06269414015160621,0.003930555209349242,0.06269414015160621
2026-06-15,26290.0,10.176943917723927,-0.07601672367920642,-0.07604563104114906,0.005782938000446573,0.07604563104114906
2026-06-16,26300.0,10.177324218165856,0.038037276530999975,0.038030044192902006,0.0014462842613140795,0.038030044192902006
2026-06-17,26322.5,10.178179365730914,0.08555133079848343,0.0855147565058527,0.007312773580255278,0.0855147565058527
2026-06-18,26330.0,10.178464252490356,0.028492734352747462,0.02848867594407575,0.0008116046570465603,0.02848867594407575
2026-06-19,26320.0,10.178084385439254,-0.037979491074824345,-0.03798670511016295,0.00144298976512648,0.03798670511016295
2026-06-22,26320.0,10.178084385439254,0.0,0.0,0.0,0.0
2026-06-23,26325.0,10.178274337002176,0.018996960486328263,0.018995156292280737,0.0003608159625681725,0.018995156292280737
2026-06-24,26335.0,10.17865413191749,0.037986704653381054,0.03797949153135603,0.0014424417769803447,0.03797949153135603
2026-06-25,26320.0,10.178084385439254,-0.05695842035313703,-0.05697464782361578,0.0032461104946250466,0.05697464782361578
2026-06-26,26300.0,10.177324218165856,-0.07598784194529085,-0.0760167273397606,0.0057785428354475065,0.0760167273397606
2026-06-29,26290.0,10.176943917723927,-0.03802281368820992,-0.038030044192899404,0.0014462842613138817,0.038030044192899404
2026-06-30,26315.0,10.17789439778788,0.09509319132749994,0.09504800639524294,0.009034123519710143,0.09504800639524294
2026-07-01,26300.5,10.177343229391985,-0.055101653049594024,-0.0551168395893839,0.003037866006321876,0.0551168395893839
2026-07-02,26290.0,10.176943917723927,-0.03992319537651223,-0.03993116680586107,0.001594498082477501,0.03993116680586107
2026-07-03,26296.0,10.177172115344055,0.022822365918595544,0.02281976201283933,0.0005207415383226249,0.02281976201283933
2026-07-06,26300.0,10.177324218165856,0.015211439002138505,0.015210282180067293,0.00023135268399727263,0.015210282180067293
2026-07-07,26292.0,10.177019989383467,-0.030418250950570158,-0.030422878238908525,0.0009255515203394539,0.030422878238908525
2026-07-08,26295.0,10.177134086023445,0.011410314924686915,0.011409663997768249,0.00013018043254196893,0.011409663997768249
2026-07-09,26295.0,10.177134086023445,0.0,0.0,0.0,0.0
2026-07-10,26267.5,10.17608771256293,-0.10458262027001064,-0.10463734605142133,0.0109489741886849,0.10463734605142133
2026-07-13,26255.0,10.17561172607196,-0.04758732273721922,-0.047598649097062504,0.002265631395865289,0.047598649097062504
2026-07-14,26261.5,10.175859267322165,0.024757189106838773,0.024754125020487083,0.0006127667055299046,0.024754125020487083
2026-07-15,26255.5,10.175630769882245,-0.022847133636694217,-0.022849743991873075,0.0005221108004941397,0.022849743991873075
2026-07-16,26253.5,10.175554592465005,-0.00761745158157634,-0.007617741724153735,5.802998897591272e-05,0.007617741724153735
2026-07-17,26295.0,10.177134086023445,0.1580741615403669,0.157949355844028,0.024947999011543383,0.157949355844028
2026-07-20,26295.0,10.177134086023445,0.0,0.0,0.0,0.0
2026-07-21,26315.0,10.17789439778788,0.07606008746909865,0.07603117644347505,0.005780739791378836,0.07603117644347505
2026-07-22,26313.5,10.177837394453169,-0.005700171005129651,-0.005700333471051008,3.249380168118444e-05,0.005700333471051008
2026-07-23,26316.5,10.177951397873395,0.01140099188630117,0.01140034202261468,0.00012996779823259418,0.01140034202261468
2026-07-24,26327.0,10.17835030752565,0.039898922729086905,0.03989096522548065,0.0015912891066205063,0.03989096522548065
2026-07-27,26315.0,10.17789439778788,-0.045580582671778114,-0.04559097377703245,0.0020785368899380605,0.04559097377703245
2026-07-28,26335.0,10.17865413191749,0.07600228006841014,0.07597341296104602,0.005771959476949636,0.07597341296104602
2026-07-29,26322.5,10.178179365730914,-0.04746535029428456,-0.047476618657530494,0.0022540293191525727,0.047476618657530494
2026-07-30,26281.5,10.176620548595253,-0.1557602811283143,-0.15588171356625216,0.024299108624351085,0.15588171356625216
2026-07-31,26300.5,10.177343229391985,0.07229419934173809,0.07226807967335774,0.005222675339674783,0.07226807967335774
2026-08-03,26287.0,10.176829799383084,-0.0513298226269443,-0.05134300089017791,0.0026361037404088097,0.05134300089017791
2026-08-04,26263.5,10.175935421534481,-0.0893978011945018,-0.08943778486024864,0.007999117360708121,0.08943778486024864
2026-08-05,26251.0,10.17545936253226,-0.04759457041140225,-0.04760590022212459,0.002266321735958882,0.04760590022212459
2026-08-06,26235.0,10.174849676120813,-0.06095005904537265,-0.06096864114477816,0.003717175203040736,0.06096864114477816
2026-08-07,26204.5,10.173686430726054,-0.11625690870974426,-0.11632453947589803,0.01353139848427976,0.11632453947589803
2026-08-10,26155.0,10.171795655804711,-0.18889885325039657,-0.1890774921341771,0.035750298031749804,0.1890774921341771
2026-08-11,26136.5,10.171088083798866,-0.07073217358057882,-0.07075720058460115,0.0050065814345694815,0.07075720058460115
2026-08-12,26054.5,10.167945776984551,-0.3137374935435089,-0.31423068143147626,0.09874092115288992,0.31423068143147626
2026-08-13,26075.0,10.168732279868973,0.07868122589187454,0.07865028844224814,0.006185867872048831,0.07865028844224814
2026-08-14,26148.5,10.17154710647117,0.2818791946308741,0.2814826602196058,0.07923248800430603,0.2814826602196058
2026-08-17,26205.0,10.173705511236266,0.21607357974644525,0.21584047650973645,0.04658711129995009,0.21584047650973645
2026-08-18,26177.0,10.172636441606745,-0.10684983781721336,-0.10690696295212253,0.011429098727646499,0.10690696295212253
2026-08-19,26180.5,10.172770137830026,0.013370516101929297,0.013369622328092365,0.0001787468011958259,0.013369622328092365
2026-08-20,26102.0,10.169767218727474,-0.29984148507476993,-0.3002919102553313,0.09017523136479595,0.3002919102553313
2026-08-21,26124.5,10.170628850327983,0.08620029116541694,0.08616316005098568,0.007424090149971774,0.08616316005098568
2026-08-22,26124.5,10.170628850327983,0.0,0.0,0.0,0.0
2026-08-24,26173.5,10.172502727506394,0.18756339834256064,0.18738771784114922,0.03511415679771415,0.18738771784114922
2026-08-25,26112.0,10.170150257763833,-0.23497048541463172,-0.23524697425607366,0.05534113889663778,0.23524697425607366
2026-08-26,26105.0,10.169882145844653,-0.02680759803921351,-0.026811191918079423,0.0007188400120680874,0.026811191918079423
2026-08-27,26078.0,10.168847325983418,-0.1034284619804593,-0.10348198612351218,0.010708521452066768,0.10348198612351218
2026-08-28,26072.5,10.168636397995368,-0.02109057443054896,-0.021092798804959068,0.00044490616142648265,0.021092798804959068
2026-08-31,26072.5,10.168636397995368,0.0,0.0,0.0,0.0
