Date,actual_return,actual_close,Zero,Mean,AR,threshold_variable,SETAR_regime,SETAR,previous_close,Zero_price_point,Mean_price_point,AR_price_point,SETAR_price_point,SETAR_return_pi_lower,SETAR_return_pi_upper,SETAR_price_pi_lower,SETAR_price_pi_upper,Split,Zero_price_plugin,Zero_smearing_factor,Mean_price_plugin,Mean_smearing_factor,AR_price_plugin,AR_smearing_factor,SETAR_price_plugin,SETAR_smearing_factor
2025-01-01,0.0,25480.0,0.0,0.005445951272015315,0.008338818877708688,0.01966761733157,High,0.003359292136512287,25480.0,25480.0,25481.410547874093,25482.14664586189,25480.87414290805,-0.24341478052614526,0.26683505815618486,25418.05333817395,25548.080363562167,validation,25480.0,1.0,25481.387666169576,1.0000008979771753,25482.12481964124,1.0000008565306386,25480.855962013437,1.000000713511926
2025-01-02,-0.1178087707430827,25450.0,0.0,0.005445951272015315,0.02411367437768873,0.0786318106172326,High,0.01601415843142469,25480.0,25480.0,25481.410547874093,25486.166734746832,25484.098917502764,-0.23075991423123285,0.27948992445109727,25421.270162376775,25551.313643552403,validation,25480.0,1.0,25481.387666169576,1.0000008979771753,25486.14490508286,1.0000008565306386,25484.080734307237,1.000000713511926
2025-01-03,-0.1966568972040827,25400.0,0.0,0.005445951272015315,0.006526621071925349,0.121757246832347,High,0.002468946280002174,25450.0,25450.0,25451.408887103444,25451.68287939591,25450.64651391195,-0.2443051263826554,0.26594471229967476,25387.900232679996,25517.77300870216,validation,25450.0,1.0,25451.386032339706,1.0000008979771753,25451.661079268393,1.0000008565306386,25450.628354585097,1.000000713511926
2025-01-06,-0.1181800413300368,25370.0,0.0,0.005445951272015315,-0.004834167466707945,0.015699819484327,High,-0.006036727743518956,25400.0,25400.0,25401.406119152358,25398.793905968363,25398.48483954256,-0.2528108004061765,0.25743903827615366,25335.867158229976,25465.47375706687,validation,25400.0,1.0,25401.383309289926,1.0000008979771753,25398.77215114183,1.0000008565306386,25398.466717433657,1.000000713511926
2025-01-07,-0.0394244042165281,25360.0,0.0,0.005445951272015315,-0.006689000859984369,0.0,High,-0.0009571701419256859,25370.0,25370.0,25371.404458381705,25368.32478596553,25369.775268721456,-0.24773124280458322,0.2625185958777469,25307.228368275035,25436.688464285024,validation,25370.0,1.0,25371.381675460056,1.0000008979771753,25368.303057236713,1.0000008565306386,25369.75716709716,1.000000713511926
2025-01-08,0.039424404216544,25370.0,0.0,0.005445951272015315,-0.029818288935196578,-0.1178087707430827,Low,-0.03904189335011386,25360.0,25360.0,25361.40390479149,25352.46092437222,25350.133458218108,-0.3532513736786487,0.2807634924486456,25270.573494807617,25431.30166937539,validation,25360.0,1.0,25361.3811308501,1.0000008979771753,25352.439209231274,1.0000008565306386,25350.10090836855,1.000001284012623
2025-01-09,0.0197063750760928,25375.0,0.0,0.005445951272015315,-0.0239717658914209,-0.1966568972040827,Low,-0.036740828683825076,25370.0,25370.0,25371.404458381705,25363.940816846814,25360.713127320745,-0.35095030901235985,0.28306455711493445,25281.11996021576,25441.915213361455,validation,25370.0,1.0,25371.381675460056,1.0000008979771753,25363.919091872995,1.0000008565306386,25360.680563886777,1.000001284012623
2025-01-10,-0.0591307792926202,25360.0,0.0,0.005445951272015315,-0.01920184087711847,-0.1181800413300368,Low,-0.018790295095258647,25375.0,25375.0,25376.404735176813,25370.14973094112,25370.264986254326,-0.33299977542379344,0.30101509070350085,25290.641841179073,25451.49765624853,validation,25375.0,1.0,25376.381947765032,1.0000008979771753,25370.128000649183,1.0000008565306386,25370.232410555665,1.000001284012623
2025-01-13,0.1182266147561996,25390.0,0.0,0.005445951272015315,-0.01512839969755856,-0.0394244042165281,Low,0.0005340211048397853,25360.0,25360.0,25361.40390479149,25356.185446358406,25360.1679908478,-0.313675459223695,0.3203394069035993,25280.576534622876,25441.368331424233,validation,25360.0,1.0,25361.3811308501,1.0000008979771753,25356.163728027295,1.0000008565306386,25360.135428113794,1.000001284012623
2025-01-14,-0.0393933430345505,25380.0,0.0,0.005445951272015315,0.014874971390378947,0.039424404216544,High,0.01657570164542834,25390.0,25390.0,25391.40556556214,25393.79878669364,25394.22703853802,-0.2301983710172292,0.2800514676651009,25331.619854451077,25461.204726042815,validation,25390.0,1.0,25391.38276467997,1.0000008979771753,25393.777036145577,1.0000008565306386,25394.208919467106,1.000000713511926
2025-01-15,-0.019702492429017,25375.0,0.0,0.005445951272015315,-0.01381142722435077,0.0197063750760928,High,-0.011914526671078752,25380.0,25380.0,25381.405011971925,25376.516637573455,25376.994380041036,-0.2586885993337363,0.25156123934859387,25314.42968152458,25443.926616128316,validation,25380.0,1.0,25381.382220070012,1.0000008979771753,25376.49490182807,1.0000008565306386,25376.97627326582,1.000000713511926
2025-01-16,-0.0197063750760888,25370.0,0.0,0.005445951272015315,0.014746914032703767,-0.0591307792926202,Low,0.042332064738251095,25375.0,25375.0,25376.404735176813,25378.76404303665,25385.77663096867,-0.2718774155902837,0.3621374505370106,25306.10480347176,25467.058967464855,validation,25375.0,1.0,25376.381947765032,1.0000008979771753,25378.742305366293,1.0000008565306386,25385.744035352887,1.000001284012623
2025-01-17,-0.2170268189318013,25315.0,0.0,0.005445951272015315,0.01063351994164781,0.1182266147561996,High,0.010649350649612099,25370.0,25370.0,25371.404458381705,25372.7195999389,25372.7199878492,-0.23612472201304546,0.2741251166692847,25310.165827462468,25439.640950157438,validation,25370.0,1.0,25371.381675460056,1.0000008979771753,25372.697867445793,1.0000008565306386,25372.70188412381,1.000000713511926
2025-01-20,0.0,25315.0,0.0,0.005445951272015315,-0.027519106236190458,-0.0393933430345505,Low,-0.012971698749910892,25315.0,25315.0,25316.401413635507,25308.05617382934,25311.748927997036,-0.3271811790784457,0.3068336870488486,25232.309432268696,25392.794236304147,validation,25315.0,1.0,25316.378680105292,1.0000008979771753,25308.03449672239,1.0000008565306386,25311.716427433636,1.000001284012623
2025-01-21,-0.2174988499527489,25260.0,0.0,0.005445951272015315,0.015306972794057395,-0.019702492429017,High,0.01713638091182467,25315.0,25315.0,25316.401413635507,25318.89694313989,25319.35651219351,-0.22963769175083287,0.2806121469314973,25256.933914659192,25386.13672746538,validation,25315.0,1.0,25316.378680105292,1.0000008979771753,25318.8752567475,1.0000008565306386,25319.33844654357,1.000000713511926
2025-01-22,-0.8348289391471274,25050.0,0.0,0.005445951272015315,-0.0487274502162925,-0.0197063750760888,High,-0.0346586831838699,25260.0,25260.0,25261.398368889313,25247.71606983443,25251.2647506645,-0.28143275584652744,0.2288170828358027,25189.010027247492,25317.865372806067,validation,25260.0,1.0,25261.375684750532,1.0000008979771753,25247.694444410583,1.0000008565306386,25251.24673359881,1.000000713511926
2025-01-23,0.1196888233846172,25080.0,0.0,0.005445951272015315,-0.09260465547497737,-0.2170268189318013,Low,-0.12161346909924972,25050.0,25050.0,25051.386743494746,25026.834707687918,25019.586468176603,-0.43582294942778455,0.19819191669950978,24941.06390784237,25099.696305896545,validation,25050.0,1.0,25051.36424794144,1.0000008979771753,25026.813271455565,1.0000008565306386,25019.554342753006,1.000001284012623
2025-01-24,-0.0797766296797726,25060.0,0.0,0.005445951272015315,0.019550388051411134,0.0,High,0.04413791361955243,25080.0,25080.0,25081.3884042654,25084.925202644088,25091.090134861417,-0.2026361590431051,0.30761367963922503,25029.23030756164,25157.26829384445,validation,25080.0,1.0,25081.36588177131,1.0000008979771753,25084.903716655488,1.0000008565306386,25091.072232082144,1.000000713511926
2025-01-27,0.0,25060.0,0.0,0.005445951272015315,-0.14899487119032956,-0.2174988499527489,Low,-0.22298494770829358,25060.0,25060.0,25061.387297084962,25022.711120108415,25004.214333533153,-0.5371944280368284,0.09682043809046592,24925.740017776086,25084.274951446325,validation,25060.0,1.0,25061.364792551398,1.0000008979771753,25022.689687408038,1.0000008565306386,25004.18222784755,1.000001284012623
2025-01-28,0.0,25060.0,0.0,0.005445951272015315,-0.058463925657772475,-0.8348289391471274,Low,-0.14130391080003404,25060.0,25060.0,25061.387297084962,25045.37467430039,25024.646378488655,-0.4555133911285688,0.17850147499872546,24946.107937911427,25104.77241745935,validation,25060.0,1.0,25061.364792551398,1.0000008979771753,25045.353222188,1.0000008565306386,25024.61424656808,1.000001284012623
2025-01-29,0.0,25060.0,0.0,0.005445951272015315,-0.006096010028869539,0.1196888233846172,High,0.015479546500838236,25060.0,25060.0,25061.387297084962,25058.49384979833,25063.897357984817,-0.2312945261618193,0.2789553125205108,25002.10457203208,25130.00379557584,validation,25060.0,1.0,25061.364792551398,1.0000008979771753,25058.472386448975,1.0000008565306386,25063.8794746079,1.000000713511926
2025-01-30,0.0,25060.0,0.0,0.005445951272015315,-0.06153905707344366,-0.0797766296797726,Low,-0.06233831679411059,25060.0,25060.0,25061.387297084962,25044.604507957487,25044.415043343884,-0.3765477971226454,0.2574670690046489,24965.81455992751,25124.604379305336,validation,25060.0,1.0,25061.364792551398,1.0000008979771753,25044.583056504765,1.0000008565306386,25044.382886040126,1.000001284012623
2025-01-31,0.0,25060.0,0.0,0.005445951272015315,0.006722733934002601,0.0,High,0.009901592866632078,25060.0,25060.0,25061.387297084962,25061.706239855517,25062.499344401902,-0.23687247979602546,0.27337735888630466,25000.710005125988,25128.602094709328,validation,25060.0,1.0,25061.364792551398,1.0000008979771753,25061.684773754652,1.0000008565306386,25062.481462022482,1.000000713511926
2025-02-03,0.8740619810734507,25280.0,0.0,0.005445951272015315,-0.0008923298725113021,0.0,High,-0.0004071312928657189,25060.0,25060.0,25061.387297084962,25059.797847597918,25059.915853641767,-0.24718120395552326,0.26306863472680686,24998.13288373009,25126.011789950226,validation,25060.0,1.0,25061.364792551398,1.0000008979771753,25059.776383131648,1.0000008565306386,25059.8979731057,1.000000713511926
2025-02-04,-0.4758137446416923,25160.0,0.0,0.005445951272015315,0.08944351279120383,0.0,High,0.0785135688764902,25280.0,25280.0,25281.39947606975,25302.64310769915,25299.874075777527,-0.16826050378616736,0.3419893348961628,25237.49951043892,25366.60290580596,validation,25280.0,1.0,25281.376773970445,1.0000008979771753,25302.62143522865,1.0000008565306386,25299.85602402853,1.000000713511926
2025-02-05,-0.0596362208311735,25145.0,0.0,0.005445951272015315,-0.07672574980050983,0.0,High,-0.08308590326309617,25160.0,25160.0,25161.392832987138,25140.72473888469,25139.122205695352,-0.3298599759257537,0.18038986275657642,25077.143959642515,25205.42705004768,validation,25160.0,1.0,25161.370238650965,1.0000008979771753,25140.70320510212,1.0000008565306386,25139.10426864465,1.000000713511926
2025-02-06,0.456304729841689,25260.0,0.0,0.005445951272015315,0.125759529387254,0.0,High,0.08724121070742415,25145.0,25145.0,25146.39200260181,25176.66369055386,25166.964331098075,-0.15953286195523342,0.35071697672709673,25104.917442787777,25233.342609509727,validation,25145.0,1.0,25146.369421736028,1.0000008979771753,25176.642125988503,1.0000008565306386,25166.946374181698,1.000000713511926
2025-02-07,0.1186943759528622,25290.0,0.0,0.005445951272015315,0.07471980635582377,0.8740619810734507,High,0.07744268675944464,25260.0,25260.0,25261.398368889313,25278.902928369866,25279.587636583525,-0.1693313859032129,0.34091845277911725,25217.26308563721,25346.262960798103,validation,25260.0,1.0,25261.375684750532,1.0000008979771753,25278.881276233544,1.0000008565306386,25279.569599309132,1.000000713511926
2025-02-10,0.3552401604367922,25380.0,0.0,0.005445951272015315,-0.05848681100189238,-0.4758137446416923,Low,-0.06841001809702486,25290.0,25290.0,25291.400029659966,25275.234659132886,25272.73747331852,-0.38261949842555965,0.25139536770173465,25193.420412839365,25353.657871435476,validation,25290.0,1.0,25291.377318580402,1.0000008979771753,25275.213010138545,1.0000008565306386,25272.705022846258,1.000001284012623
2025-02-11,0.589276896715092,25530.0,0.0,0.005445951272015315,0.14607493326953383,-0.0596362208311735,Low,0.2204007591806939,25380.0,25380.0,25381.405011971925,25417.12267955641,25436.032061708673,-0.09380872114784089,0.5402061449794534,25356.20251037818,25517.475310312904,validation,25380.0,1.0,25381.382220070012,1.0000008979771753,25417.100909030738,1.0000008565306386,25435.999401564364,1.000001284012623
2025-02-12,0.0783085396320877,25550.0,0.0,0.005445951272015315,0.08070879773120201,0.456304729841689,High,0.06050430821882543,25530.0,25530.0,25531.413315825183,25550.635158187462,25545.469650789688,-0.18626976444383211,0.323980074238498,25482.48959163737,25612.84624314815,validation,25530.0,1.0,25531.39038921936,1.0000008979771753,25550.61327330436,1.0000008565306386,25545.451423805443,1.000000713511926
2025-02-13,-0.4314578177792011,25440.0,0.0,0.005445951272015315,0.03599647729455165,0.1186943759528622,High,0.002286321552908814,25550.0,25550.0,25551.414423005615,25559.220647700226,25550.602392481167,-0.24448775110974874,0.2657620875725814,25487.609679015593,25617.99252252946,validation,25550.0,1.0,25551.391478439273,1.0000008979771753,25559.198755463392,1.0000008565306386,25550.584161834653,1.000000713511926
2025-02-14,-0.2755364860730902,25370.0,0.0,0.005445951272015315,0.09564402623259663,0.3552401604367922,High,0.04970641935055742,25440.0,25440.0,25441.408333513224,25464.365290950398,25452.66661713796,-0.19706765331210013,0.31318218537023,25389.91535552309,25519.79843998334,validation,25440.0,1.0,25441.38548772975,1.0000008979771753,25464.343479960015,1.0000008565306386,25452.648456369738,1.000000713511926
2025-02-17,0.3933915380175077,25470.0,0.0,0.005445951272015315,0.06848935371178347,0.589276896715092,High,0.04979604383447839,25370.0,25370.0,25371.404458381705,25387.403445734715,25382.654513087688,-0.19697802882817916,0.313271809854151,25320.075860021992,25449.601677868082,validation,25370.0,1.0,25371.381675460056,1.0000008979771753,25387.381700664453,1.0000008565306386,25382.6364022739,1.000000713511926
2025-02-18,0.1177163173014831,25500.0,0.0,0.005445951272015315,0.028464239398859344,0.0783085396320877,High,0.027326686927252507,25470.0,25470.0,25471.409994283877,25477.272695724918,25476.9792363459,-0.21944738573540504,0.2908024529469251,25414.168034153823,25544.175184120508,validation,25470.0,1.0,25471.38712155962,1.0000008979771753,25477.250873678957,1.0000008565306386,25476.961058230347,1.000000713511926
2025-02-19,0.0588062351554223,25515.0,0.0,0.005445951272015315,-0.034278114987473074,-0.4314578177792011,Low,-0.06385514207625745,25500.0,25500.0,25501.41165505453,25491.282412663924,25483.75485787101,-0.3780646224047922,0.2559502437225021,25403.775531237647,25565.350909378718,validation,25500.0,1.0,25501.38875538949,1.0000008979771753,25491.26057861822,1.0000008565306386,25483.722136450106,1.000001284012623
2025-02-20,-0.0588062351554295,25500.0,0.0,0.005445951272015315,0.03873846299124192,-0.2755364860730902,Low,0.04980558014414602,25515.0,25515.0,25516.412485439858,25524.907896404242,25527.743836822574,-0.26440390018438875,0.36961096594290554,25447.626453260964,25609.48073598057,validation,25515.0,1.0,25516.389572304426,1.0000008979771753,25524.886033557308,1.0000008565306386,25527.71105891934,1.000001284012623
2025-02-21,0.0392079989339652,25510.0,0.0,0.005445951272015315,0.02075934732238035,0.3933915380175077,High,0.021547347203648308,25500.0,25500.0,25501.41165505453,25505.31602913304,25505.51336402185,-0.22522672545900924,0.2850231132233209,25442.631813502907,25572.784571023043,validation,25500.0,1.0,25501.38875538949,1.0000008979771753,25505.294183067123,1.0000008565306386,25505.49516554687,1.000000713511926
2025-02-24,-0.1647769998941076,25468.0,0.0,0.005445951272015315,0.0057307328833353455,0.1177163173014831,High,0.002334687414642248,25510.0,25510.0,25511.412208644746,25511.483803197218,25510.61378782617,-0.2444393852480153,0.26581045343431486,25447.719662670814,25577.89844727824,validation,25510.0,1.0,25511.389299999446,1.0000008979771753,25511.461951848418,1.0000008565306386,25510.59558571198,1.000000713511926
2025-02-25,0.2039696321810177,25520.0,0.0,0.005445951272015315,0.008208993120142324,0.0588062351554223,High,0.00115442404414174,25468.0,25468.0,25469.409883565833,25470.11256809461,25468.312182344136,-0.24561964861851582,0.26463019006381433,25405.522347994618,25535.48527062262,validation,25468.0,1.0,25469.387012637628,1.0000008979771753,25470.090752181513,1.0000008565306386,25468.294010412625,1.000000713511926
2025-02-26,0.0587601623018194,25535.0,0.0,0.005445951272015315,0.039531987399394244,-0.0588062351554295,Low,0.06411386216044987,25520.0,25520.0,25521.412762234966,25530.112424856656,25536.399892871596,-0.2500956181680849,0.3839192479592094,25456.255342766523,25618.16450772531,validation,25520.0,1.0,25521.389844609403,1.0000008979771753,25530.090557551885,1.0000008565306386,25536.367103853892,1.000001284012623
2025-02-27,-0.058760162301812,25520.0,0.0,0.005445951272015315,-0.01036773924765537,0.0392079989339652,High,-0.007809088980911507,25535.0,25535.0,25536.413592620294,25532.374604258643,25533.024245089604,-0.25458316164356903,0.2556666770387611,25470.074868966334,25600.368012487794,validation,25535.0,1.0,25536.39066152434,1.0000008979771753,25532.352735016248,1.0000008565306386,25533.0060269853,1.000000713511926
2025-02-28,0.0391772776803315,25530.0,0.0,0.005445951272015315,0.0017966074610287486,-0.1647769998941076,Low,0.02032359087857165,25520.0,25520.0,25521.412762234966,25520.480357397366,25525.219882140056,-0.29388588944996313,0.34012897667733116,25445.110419867797,25606.948699885506,validation,25520.0,1.0,25521.389844609403,1.0000008979771753,25520.45849834275,1.0000008565306386,25525.18710747761,1.000001284012623
2025-03-03,0.1761080584297817,25575.0,0.0,0.005445951272015315,0.039558150845449835,0.2039696321810177,High,0.03480819226427624,25530.0,25530.0,25531.413315825183,25540.123069581023,25538.906300586237,-0.21196588039838132,0.2982839582839488,25475.94242278387,25606.26558200162,validation,25530.0,1.0,25531.39038921936,1.0000008979771753,25540.101193701837,1.0000008565306386,25538.888078285017,1.000000713511926
2025-03-04,-0.1369461233296922,25540.0,0.0,0.005445951272015315,0.006223425747848182,0.0587601623018194,High,0.004790468198401767,25575.0,25575.0,25576.415806981164,25576.613597797757,25576.243440529408,-0.2419836044642558,0.2682662342180744,25513.187511364737,25643.701199259638,validation,25575.0,1.0,25576.392839964166,1.0000008979771753,25576.591690663343,1.0000008565306386,25576.225191587713,1.000000713511926
2025-03-05,-0.1959632216369129,25490.0,0.0,0.005445951272015315,-0.004920513006497054,-0.058760162301812,Low,0.023527243046682685,25540.0,25540.0,25541.4138694154,25538.765206611784,25546.042366187605,-0.2906822372818521,0.3433326288454422,25465.86755372413,25627.837855131642,validation,25540.0,1.0,25541.390933829316,1.0000008979771753,25538.74333189565,1.0000008565306386,25546.00956478886,1.000001284012623
2025-03-06,-0.0196174596018982,25485.0,0.0,0.005445951272015315,0.020880801391792908,0.0391772776803315,High,0.01303796523678899,25490.0,25490.0,25491.411101464313,25495.344909530828,25493.34178378908,-0.23373610742586856,0.2765137312564616,25430.490241207106,25560.580888049128,validation,25490.0,1.0,25491.388210779533,1.0000008979771753,25495.323072005474,1.0000008565306386,25493.323593998663,1.000000713511926
2025-03-07,-0.0196213088042415,25480.0,0.0,0.005445951272015315,0.005153266942212579,0.1761080584297817,High,0.011404488861670035,25485.0,25485.0,25486.410824669205,25486.335173728232,25487.924785649993,-0.23536958380098752,0.27488025488134266,25425.08659819,25555.1496024892,validation,25485.0,1.0,25486.387938474556,1.0000008979771753,25486.31334391999,1.0000008565306386,25487.906599724665,1.000000713511926
2025-03-10,0.1764533346766681,25525.0,0.0,0.005445951272015315,-0.03365080385611282,-0.1369461233296922,Low,-0.036992623193539236,25480.0,25480.0,25481.410547874093,25471.449034721267,25470.608727347066,-0.35120210352207404,0.28281276260522026,25390.67065910255,25552.162686457115,validation,25480.0,1.0,25481.387666169576,1.0000008979771753,25471.427217663444,1.0000008565306386,25470.57602280594,1.000001284012623
2025-03-11,-0.2942621054197535,25450.0,0.0,0.005445951272015315,0.013223022072351905,-0.1959632216369129,Low,0.01571494229640072,25525.0,25525.0,25526.413039030074,25528.397265379648,25529.0443337927,-0.2984945380321341,0.3355203280951602,25448.92286869474,25610.785396992393,validation,25525.0,1.0,25526.390116914383,1.0000008979771753,25528.375399543966,1.0000008565306386,25529.011554219614,1.000001284012623
2025-03-12,-0.0196482955735775,25445.0,0.0,0.005445951272015315,-0.043702615804323997,-0.0196174596018982,High,-0.03598267667130273,25450.0,25450.0,25451.408887103444,25438.90190347548,25440.862208508417,-0.2827567493339603,0.22749308934836987,25378.140049601927,25507.96289703373,validation,25450.0,1.0,25451.386032339706,1.0000008979771753,25438.880114295247,1.0000008565306386,25440.844056162776,1.000000713511926
2025-03-13,0.1766958347227997,25490.0,0.0,0.005445951272015315,0.019411878137004967,-0.0196213088042415,High,0.02009205322730006,25445.0,25445.0,25446.408610308335,25449.961630486734,25450.131095532553,-0.22668201943535748,0.28356781924697266,25387.386085018283,25517.256230898394,validation,25445.0,1.0,25446.38576003473,1.0000008979771753,25449.939831833515,1.0000008565306386,25450.112936573456,1.000000713511926
2025-03-14,0.039223377635628,25500.0,0.0,0.005445951272015315,-0.0006980368539193336,0.1764533346766681,High,0.010612950541503704,25490.0,25490.0,25491.411101464313,25489.84390384052,25492.72357400037,-0.23616112212115384,0.2740887165611763,25429.87355555906,25559.961047722038,validation,25490.0,1.0,25491.388210779533,1.0000008979771753,25489.82207102694,1.0000008565306386,25492.705384651053,1.000000713511926
2025-03-17,0.0392079989339652,25510.0,0.0,0.005445951272015315,-0.031918350810574654,-0.2942621054197535,Low,-0.038960528964492605,25500.0,25500.0,25501.41165505453,25491.883953911984,25490.099729782116,-0.3531700092930274,0.2808448568342669,25410.100490126286,25571.7160968398,validation,25500.0,1.0,25501.38875538949,1.0000008979771753,25491.86211935104,1.0000008565306386,25490.06700021433,1.000001284012623
2025-03-18,0.0,25510.0,0.0,0.005445951272015315,0.03919629516104027,-0.0196482955735775,High,0.0300578415777413,25510.0,25510.0,25511.412208644746,25520.022793428194,25517.687115043922,-0.21671623108491625,0.29353360759741387,25454.77555123613,25584.990430511756,validation,25510.0,1.0,25511.389299999446,1.0000008979771753,25520.000934765496,1.0000008565306386,25517.66890788283,1.000000713511926
2025-03-19,0.0979527945887287,25535.0,0.0,0.005445951272015315,0.005520817149432152,0.1766958347227997,High,0.005336681283548783,25510.0,25510.0,25511.412208644746,25511.43025063497,25511.379626383154,-0.24143739137910877,0.2688124473032214,25448.48361312168,25578.666305746894,validation,25510.0,1.0,25511.389299999446,1.0000008979771753,25511.408399332042,1.0000008565306386,25511.36142372253,1.000000713511926
2025-03-20,0.0391542683154,25545.0,0.0,0.005445951272015315,0.018141377890138866,0.039223377635628,High,0.012644216286038148,25535.0,25535.0,25536.413592620294,25539.654696538342,25538.24712659008,-0.2341298563766194,0.2761199823057107,25475.28487392195,25605.60466942331,validation,25535.0,1.0,25536.39066152434,1.0000008979771753,25539.63282106033,1.0000008565306386,25538.228904759188,1.000000713511926
2025-03-21,0.1564639474293732,25585.0,0.0,0.005445951272015315,0.01905938665188401,0.0392079989339652,High,0.011064111429638715,25545.0,25545.0,25546.41414621051,25549.89106856959,25547.844712303344,-0.23570996123301885,0.2745398774493113,25484.858797650366,25615.227568925242,validation,25545.0,1.0,25546.391206134296,1.0000008979771753,25549.86918432382,1.0000008565306386,25547.826483624463,1.000000713511926
2025-03-24,0.1367054211533096,25620.0,0.0,0.005445951272015315,0.033502181142468605,0.0,High,0.022592513439412383,25585.0,25585.0,25586.41636057138,25593.59489071032,25590.799206896965,-0.22418155922324517,0.286068279459085,25527.70739179872,25658.295356698112,validation,25585.0,1.0,25586.393384574123,1.0000008979771753,25593.57296903092,1.0000008565306386,25590.780947569565,1.000000713511926
2025-03-25,-0.0780944983071396,25600.0,0.0,0.005445951272015315,0.028322392766862457,0.0979527945887287,High,0.018888750190077363,25620.0,25620.0,25621.41829813714,25627.279175219195,25624.858038497678,-0.2278853224725802,0.28236451620974995,25561.68225441166,25692.44401902202,validation,25620.0,1.0,25621.39529070897,1.0000008979771753,25627.257224688197,1.0000008565306386,25624.83975486891,1.000000713511926
2025-03-26,-0.1759359265273858,25555.0,0.0,0.005445951272015315,0.013984337393141588,0.0391542683154,High,0.001685441520755285,25600.0,25600.0,25601.417190956705,25603.602170954215,25600.44974287862,-0.24508863114190227,0.2651612075404279,25537.334135251393,25667.971346125632,validation,25600.0,1.0,25601.394201489056,1.0000008979771753,25603.58024070328,1.0000008565306386,25600.43147666545,1.000000713511926
2025-03-27,0.019563728909109,25560.0,0.0,0.005445951272015315,0.027797139836655167,0.1564639474293732,High,0.01734924833305186,25555.0,25555.0,25556.414699800727,25562.1264411956,25559.45222199289,-0.2294248243296057,0.28082501435272444,25496.437690068167,25626.865693610696,validation,25555.0,1.0,25556.391750744253,1.0000008979771753,25562.10454646987,1.0000008565306386,25559.433985031923,1.000000713511926
2025-03-28,-0.0391312859620564,25550.0,0.0,0.005445951272015315,0.01819861706474748,0.1367054211533096,High,0.016689203437569418,25560.0,25560.0,25561.414976595835,25564.67388671551,25564.284356787917,-0.23008486922508814,0.280164969457242,25501.25791166921,25631.710573239954,validation,25560.0,1.0,25561.39202304923,1.0000008979771753,25564.651989807815,1.0000008565306386,25564.266116379164,1.000000713511926
2025-03-31,0.0586911882249016,25565.0,0.0,0.005445951272015315,-0.020332646409565846,-0.0780944983071396,Low,-0.012619157044717838,25550.0,25550.0,25551.414423005615,25544.827416854754,25546.808811182476,-0.32682863737325263,0.30718622875404167,25466.631593274633,25628.60675419522,validation,25550.0,1.0,25551.391478439273,1.0000008979771753,25544.805536946154,1.0000008565306386,25546.776008799607,1.000001284012623
2025-04-01,0.2149067936625642,25620.0,0.0,0.005445951272015315,0.007053223406540561,-0.1759359265273858,Low,0.011785040385105965,25565.0,25565.0,25566.415253390944,25566.825118906,25568.045852765426,-0.3024244399434288,0.33159042618386547,25487.801983600926,25649.91179434229,validation,25565.0,1.0,25566.39229535421,1.0000008979771753,25566.80322015571,1.0000008565306386,25568.013023113963,1.000001284012623
2025-04-02,-0.0780944983071396,25600.0,0.0,0.005445951272015315,0.015949897202758315,0.019563728909109,High,0.017706471544673117,25620.0,25620.0,25621.41829813714,25624.108637381414,25624.555083064068,-0.22906760111798444,0.28118223756434574,25561.380045887436,25692.140264538513,validation,25620.0,1.0,25621.39529070897,1.0000008979771753,25624.086689566077,1.0000008565306386,25624.53679965146,1.000000713511926
2025-04-03,0.739446840773653,25790.0,0.0,0.005445951272015315,-0.020937707831527853,-0.0391312859620564,High,-0.02142104368029204,25600.0,25600.0,25601.417190956705,25594.662430485885,25594.535062111107,-0.26819511634294957,0.24205472233938055,25531.434036597653,25662.041065291243,validation,25600.0,1.0,25601.394201489056,1.0000008979771753,25594.640507892105,1.0000008565306386,25594.51680011813,1.000000713511926
2025-04-04,-0.0387822382212031,25780.0,0.0,0.005445951272015315,0.1125932424215938,0.0586911882249016,High,0.09308164916247479,25790.0,25790.0,25791.42770917084,25819.076265467225,25814.03535187266,-0.15369242350018275,0.3565574151821474,25750.39316812559,25882.120290642866,validation,25790.0,1.0,25791.404549078234,1.0000008979771753,25819.054150656284,1.0000008565306386,25814.01693326372,1.000000713511926
2025-04-07,0.0,25780.0,0.0,0.005445951272015315,-0.020448778732153547,0.2149067936625642,High,-0.030637808666742945,25780.0,25780.0,25781.42715558062,25774.750920649712,25772.121171457336,-0.2774118813294005,0.23283795735292964,25708.582323354425,25840.09556089388,validation,25780.0,1.0,25781.404004468277,1.0000008979771753,25774.728843804754,1.0000008565306386,25772.102782754642,1.000000713511926
2025-04-08,0.8305214324637673,25995.0,0.0,0.005445951272015315,0.09337472174566384,-0.0780944983071396,Low,0.17303167494941052,25780.0,25780.0,25781.42715558062,25804.105347335786,25824.679339851544,-0.14117780537912428,0.49283706074817,25743.63004096905,25907.366992331994,validation,25780.0,1.0,25781.404004468277,1.0000008979771753,25804.083245347883,1.0000008565306386,25824.646180679865,1.000001284012623
2025-04-09,-0.1347319999789885,25960.0,0.0,0.005445951272015315,0.1664300613422204,0.739446840773653,High,0.1397168491274069,25995.0,25995.0,25996.439057770294,26038.32181875827,26031.363352583252,-0.10705722353525066,0.4031926151470795,25967.185366185946,26100.02149749576,validation,25995.0,1.0,25996.415713582344,1.0000008979771753,26038.29951615696,1.0000008565306386,26031.344778908304,1.000000713511926
2025-04-10,-0.851068966790862,25740.0,0.0,0.005445951272015315,-0.05191370139775925,-0.0387822382212031,High,-0.07409164334572461,25960.0,25960.0,25961.437120204533,25946.54892465901,25940.791442142796,-0.32086571600838215,0.189384122673948,25876.836752649215,26009.210702166034,validation,25960.0,1.0,25961.413807447498,1.0000008979771753,25946.526700663926,1.0000008565306386,25940.77293309194,1.000000713511926
2025-04-11,-0.0971722941101056,25715.0,0.0,0.005445951272015315,0.07817103371284158,0.0,High,0.030607857545903318,25740.0,25740.0,25741.42494121975,25760.15115495158,25747.898039788844,-0.21616621511675424,0.29408362356557594,25684.41891163966,25815.808540321003,validation,25740.0,1.0,25741.40182602845,1.0000008979771753,25760.12909061176,1.0000008565306386,25747.87966836963,1.000000713511926
2025-04-14,0.422981286065887,25824.0,0.0,0.005445951272015315,0.09112558273872759,0.8305214324637673,High,0.09068093457917498,25715.0,25715.0,25716.42355724421,25738.46566931383,25738.347542891668,-0.15609313808348257,0.3541567005988476,25674.891960634093,25806.232853832676,validation,25715.0,1.0,25716.40046450356,1.0000008979771753,25738.443623548275,1.0000008565306386,25738.329178286844,1.000000713511926
2025-04-15,-0.1317472194284885,25790.0,0.0,0.005445951272015315,-0.07415826504713771,-0.1347319999789885,Low,-0.10453282646618312,25824.0,25824.0,25825.42959137758,25804.878571417055,25797.052670763947,-0.4187423067947179,0.21527255933257639,25716.090076623477,25879.651865828037,validation,25824.0,1.0,25825.406400752086,1.0000008979771753,25804.856468766866,1.0000008565306386,25797.019547065214,1.000001284012623
2025-04-16,0.154978721449574,25830.0,0.0,0.005445951272015315,-0.06298657356284099,-0.851068966790862,Low,-0.13781445711367807,25790.0,25790.0,25791.42770917084,25773.782953464324,25754.515200590893,-0.45202393744221286,0.18199092868508143,25673.68610790027,25836.978195568823,validation,25790.0,1.0,25791.404549078234,1.0000008979771753,25773.76087744846,1.0000008565306386,25754.48213151074,1.000001284012623
2025-04-17,0.0270965995425602,25837.0,0.0,0.005445951272015315,0.06749770156228406,-0.0971722941101056,Low,0.08557035768600944,25830.0,25830.0,25831.42992353171,25847.462680758512,25852.145477259277,-0.22863912264252534,0.40537574348476896,25771.009977454378,25934.921073152113,validation,25830.0,1.0,25831.40672751806,1.0000008979771753,25847.440541633758,1.0000008565306386,25852.112282820777,1.000001284012623
2025-04-18,0.3400181012416198,25925.0,0.0,0.005445951272015315,-0.03302116415478715,0.422981286065887,High,-0.01414536222644251,25837.0,25837.0,25838.43031104486,25828.491853167692,25833.363953637396,-0.2609194348891001,0.2493304037932301,25769.67411696011,25901.49987190963,validation,25837.0,1.0,25838.407108745032,1.0000008979771753,25828.469730292018,1.0000008565306386,25833.34552123728,1.000000713511926
2025-04-21,-0.2085103852207066,25871.0,0.0,0.005445951272015315,0.02953070375365527,-0.1317472194284885,Low,0.07202996060204302,25925.0,25925.0,25926.435182638772,25932.679177585618,25943.713806267977,-0.24217951972649177,0.39183534640080253,25862.290924429468,26026.782593416654,validation,25925.0,1.0,25926.411901312647,1.0000008979771753,25932.656965470385,1.0000008565306386,25943.68049425474,1.000001284012623
2025-04-22,0.3626827032898347,25965.0,0.0,0.005445951272015315,0.016452962514619005,0.154978721449574,High,0.002465465829160244,25871.0,25871.0,25872.432193251596,25875.279059065626,25871.65630824975,-0.2443086068334973,0.26594123184883284,25807.87206521425,25939.89322323108,validation,25871.0,1.0,25872.40896041888,1.0000008979771753,25875.256896115312,1.0000008565306386,25871.6378485276,1.000000713511926
2025-04-23,0.1154734539396743,25995.0,0.0,0.005445951272015315,0.08599092074231501,0.0270965995425602,High,0.06332566208948878,25965.0,25965.0,25966.43739699964,25987.359404103194,25981.46625349703,-0.18344841057316877,0.32680142810916135,25917.4112839123,26049.992793997844,validation,25965.0,1.0,25966.414079752474,1.0000008979771753,25987.337145152713,1.0000008565306386,25981.44771542423,1.000000713511926
2025-04-24,0.1307089221924457,26029.0,0.0,0.005445951272015315,0.016896898290477688,0.3400181012416198,High,0.01104017076905342,25995.0,25995.0,25996.439057770294,25999.41498909331,25997.88860060809,-0.23573390189360413,0.274515936788726,25933.793143202747,26066.458455316937,validation,25995.0,1.0,25996.415713582344,1.0000008979771753,25999.39271981686,1.0000008565306386,25997.870050817757,1.000000713511926
2025-04-25,-0.0288181671718969,26021.5,0.0,0.005445951272015315,0.039221674251121004,-0.2085103852207066,Low,0.07891878847905062,26029.0,26029.0,26030.440939977034,26039.23331530688,26049.583327195374,-0.23529069184948417,0.39872417427781015,25967.828179839402,26132.99109637126,validation,26029.0,1.0,26030.417565256197,1.0000008979771753,26039.211011924843,1.0000008565306386,26049.549879244507,1.000001284012623
2025-04-26,0.0134495115148094,26025.0,0.0,0.005445951272015315,0.0686810631798275,0.3626827032898347,High,0.04945716658165528,26021.5,26021.5,26022.940524784375,26039.400285071526,26034.39125540634,-0.19731690608100227,0.3129329326013279,25970.205803986802,26103.057386461867,validation,26021.5,1.0,26022.917156798732,1.0000008979771753,26039.377981546473,1.0000008565306386,26034.372679570948,1.000000713511926
2025-04-28,-0.0961076479550589,26000.0,0.0,0.005445951272015315,0.020323374031485736,0.1154734539396743,High,0.007281911425885322,26025.0,26025.0,26026.440718540947,26030.311991336454,26026.913756950762,-0.23949216123677222,0.2707576774455579,25962.74674063152,26095.5601659823,validation,26025.0,1.0,26026.417347412214,1.0000008979771753,26030.289695595795,1.0000008565306386,26026.89518645065,1.000000713511926
2025-04-29,0.0192289203553657,26005.0,0.0,0.005445951272015315,0.024985675480808656,0.1307089221924457,High,0.014907236087770975,26000.0,26000.0,26001.439334565406,26006.519362623338,26003.894724366342,-0.23186683657488658,0.2783830021074436,25939.784459402763,26072.480420324446,validation,26000.0,1.0,26001.415985887324,1.0000008979771753,26006.497087261778,1.0000008565306386,26003.876170290572,1.000000713511926
2025-04-30,0.0,26005.0,0.0,0.005445951272015315,0.01766946049317912,-0.0288181671718969,High,0.010446679118939435,26005.0,26005.0,26006.43961136051,26009.617627191317,26007.735357626247,-0.23632739354371812,0.273922445138612,25943.6156239266,26076.33118331714,validation,26005.0,1.0,26006.4162581923,1.0000008979771753,26009.595349176,1.0000008565306386,26007.71680081014,1.000000713511926
2025-05-01,0.0,26005.0,0.0,0.005445951272015315,0.0017323183887295243,0.0134495115148094,High,0.0021547305909891583,26005.0,26005.0,26006.43961136051,26005.472767764084,26005.57889900456,-0.24461934207166838,0.26563049661066174,25941.464481859803,26074.16903700071,validation,26005.0,1.0,26006.4162581923,1.0000008979771753,26005.450493298966,1.0000008565306386,26005.560343727113,1.000000713511926
2025-05-02,0.0,26005.0,0.0,0.005445951272015315,-0.004237119965715623,-0.0961076479550589,Low,0.008948387254602157,26005.0,26005.0,26006.43961136051,26003.920433431715,26007.360525960732,-0.3052610930739326,0.3287537730533617,25925.737892483903,26090.633102584205,validation,26005.0,1.0,26006.4162581923,1.0000008979771753,26003.898160296216,1.0000008565306386,26007.327132224407,1.000001284012623
2025-05-05,-0.1828242029563826,25957.5,0.0,0.005445951272015315,0.0066164579268219136,0.0192289203553657,High,0.00719405069048455,26005.0,26005.0,26006.43961136051,26006.742942359902,26006.889436389818,-0.239580021972173,0.27066981671015716,25942.77178823294,26075.483030949672,validation,26005.0,1.0,26006.4162581923,1.0000008979771753,26006.72066680684,1.0000008565306386,26006.87088017729,1.000000713511926
2025-05-06,0.0231120356954094,25963.5,0.0,0.005445951272015315,-0.020774408454226005,0.0,High,-0.017325449858717493,25957.5,25957.5,25958.936981806983,25952.130271794147,25953.021653692387,-0.26409952252137503,0.24615031616095512,25889.0368117116,26021.473171097834,validation,25957.5,1.0,25958.91367129501,1.0000008979771753,25952.10804301847,1.0000008565306386,25953.003135915136,1.000000713511926
2025-05-07,-0.0038516350195455,25962.5,0.0,0.005445951272015315,0.013633774114460468,0.0,High,0.015239787007578899,25963.5,25963.5,25964.937313961113,25967.062287823075,25967.475611707927,-0.23153428565507866,0.2787155530272515,25903.455134792912,26035.9652516631,validation,25963.5,1.0,25964.913998060983,1.0000008979771753,25967.04004625768,1.0000008565306386,25967.45708361761,1.000000713511926
2025-05-08,0.0038516350195316,25963.5,0.0,0.005445951272015315,-0.020421397398832,0.0,High,-0.0120864751699141,25962.5,25962.5,25963.937258602087,25957.220869160978,25959.380760824763,-0.2588605478325717,0.2513892908497585,25895.380241036954,26027.84905047886,validation,25962.5,1.0,25963.913943599986,1.0000008979771753,25957.198636025052,1.0000008565306386,25959.362238510214,1.000000713511926
2025-05-09,0.0577567302644389,25978.5,0.0,0.005445951272015315,-0.010350041827779759,-0.1828242029563826,Low,-0.007342970290897664,25963.5,25963.5,25964.937313961113,25960.83514218178,25961.62691291725,-0.32155245061943244,0.31246241550786186,25880.147811804316,26044.753055772762,validation,25963.5,1.0,25964.913998060983,1.0000008979771753,25960.812905950123,1.0000008565306386,25961.593577903386,1.000001284012623
2025-05-12,-0.0288741953324216,25971.0,0.0,0.005445951272015315,0.011686943612519759,0.0231120356954094,High,0.013343149753692557,25978.5,25978.5,25979.938144346437,25981.558524048363,25981.98511987221,-0.233430922908965,0.27681891577336515,25917.92887106907,26050.513028891542,validation,25978.5,1.0,25979.914814975917,1.0000008979771753,25981.53627006651,1.0000008565306386,25981.966581429195,1.000000713511926
2025-05-13,-0.0365859533277479,25961.5,0.0,0.005445951272015315,-0.013565379186266689,-0.0038516350195455,High,-0.010809549875913033,25971.0,25971.0,25972.43772915377,25967.499416259077,25968.211332142375,-0.2575836225385706,0.25266621614375956,25904.189041374757,26036.70291257218,validation,25971.0,1.0,25972.41440651845,1.0000008979771753,25967.47717431927,1.0000008565306386,25968.192803527112,1.000000713511926
2025-05-14,-0.1214071817895879,25930.0,0.0,0.005445951272015315,0.00919922211917854,0.0038516350195316,High,0.006994239558072102,25961.5,25961.5,25962.93720324307,25963.91060477021,25963.334398140894,-0.23977983310458545,0.2704700055777447,25899.324131015677,26031.813115577825,validation,25961.5,1.0,25962.913889138992,1.0000008979771753,25963.888365904328,1.0000008565306386,25963.31587300538,1.000000713511926
2025-05-15,0.0674666306734046,25947.5,0.0,0.005445951272015315,-0.005139762236553625,0.0577567302644389,High,-0.0035440294246292525,25930.0,25930.0,25931.435459433884,25928.68950259927,25929.099550162788,-0.2503181020872868,0.2599317365950433,25865.173685977905,25997.487972630457,validation,25930.0,1.0,25931.412173617628,1.0000008979771753,25928.667293901315,1.0000008565306386,25929.081049454227,1.000000713511926
2025-05-16,-0.1002525677288022,25921.5,0.0,0.005445951272015315,0.007634242462991588,-0.0288741953324216,High,0.009033355994771605,25947.5,25947.5,25948.936428216763,25949.503197203678,25949.8625514409,-0.23774071666788593,0.2725091220144442,25885.88549794274,26018.30573666269,validation,25947.5,1.0,25948.913126685053,1.0000008979771753,25949.48097067817,1.0000008565306386,25949.844035917704,1.000000713511926
2025-05-19,0.1002525677287971,25947.5,0.0,0.005445951272015315,-0.023539244647471844,-0.0365859533277479,High,-0.017840343638539688,25921.5,25921.5,25922.9349888822,25915.42119012563,25916.89441981124,-0.26461441630119725,0.2456354223811329,25852.998646278123,25985.250651048784,validation,25921.5,1.0,25922.911710699165,1.0000008979771753,25915.398992792383,1.0000008565306386,25916.875927811183,1.000000713511926
2025-05-20,0.0866759817350155,25970.0,0.0,0.005445951272015315,0.012870606521778795,-0.1214071817895879,Low,0.02619546983374254,25947.5,25947.5,25948.936428216763,25950.86204323929,25954.3312855212,-0.28801401049479225,0.34600085563250205,25872.875081323175,26037.43406861705,validation,25947.5,1.0,25948.913126685053,1.0000008979771753,25950.839815549887,1.0000008565306386,25954.297959875,1.000001284012623
2025-05-21,0.0115511233595994,25973.0,0.0,0.005445951272015315,0.00011210767012474407,0.0674666306734046,High,0.004208568772147616,25970.0,25970.0,25971.437673794753,25970.051358503875,25971.111518994123,-0.24256550389050993,0.2676843347918202,25907.082078076524,26039.610748714,validation,25970.0,1.0,25971.414352057454,1.0000008979771753,25970.029114378252,1.0000008565306386,25971.092988309545,1.000000713511926
2025-05-22,0.013474624415232,25976.5,0.0,0.005445951272015315,-0.004089573299015149,-0.1002525677288022,Low,0.017033538472178804,25973.0,25973.0,25974.437839871815,25971.960082606667,25977.45785310191,-0.297175941856356,0.3368389242709383,25895.92906747651,26060.63468480677,validation,25973.0,1.0,25974.41451544044,1.0000008979771753,25971.937836846166,1.0000008565306386,25977.424497760945,1.000001284012623
2025-05-23,-0.0866542837366522,25954.0,0.0,0.005445951272015315,0.029165818272497368,0.1002525677287971,High,0.022839185696536535,25976.5,25976.5,25977.938033628394,25984.099619888293,25982.452037404222,-0.22393488696612102,0.28631495171620913,25918.394637457874,26050.981177926144,validation,25976.5,1.0,25977.914706053925,1.0000008979771753,25984.077363729913,1.0000008565306386,25982.433498628056,1.000000713511926
2025-05-26,-0.1600262553140854,25912.5,0.0,0.005445951272015315,-0.002329994494410132,0.0866759817350155,High,-0.004155542324457412,25954.0,25954.0,25955.436788050403,25953.417510152154,25952.940010673174,-0.25092961498711497,0.2593202236952152,25888.95536997591,26021.391312743817,validation,25954.0,1.0,25955.413480681524,1.0000008979771753,25953.39528027392,1.0000008565306386,25952.921492954174,1.000000713511926
2025-05-27,0.0192938453232234,25917.5,0.0,0.005445951272015315,-0.0002878193434081508,0.0115511233595994,High,-0.002092029978534956,25912.5,25912.5,25913.934490651,25912.44761370626,25911.976396893184,-0.2488661026411925,0.2613837360411376,25848.092748303494,25980.31965676516,validation,25912.5,1.0,25913.911220550202,1.0000008979771753,25912.425418919967,1.0000008565306386,25911.95790840219,1.000000713511926
2025-05-28,0.2023609459526992,25970.0,0.0,0.005445951272015315,0.008487002156886945,0.013474624415232,High,0.010972445827592228,25917.5,25917.5,25918.93476744611,25919.72191314445,25920.36243414391,-0.23580162683506534,0.2744482118472648,25856.458110533193,25988.72781232575,validation,25917.5,1.0,25918.911492855183,1.0000008979771753,25919.6997121275,1.0000008565306386,25920.343939669383,1.000000713511926
2025-05-29,0.2115588826375596,26025.0,0.0,0.005445951272015315,-0.004192160653472636,-0.0866542837366522,Low,0.0027767500975279524,25970.0,25970.0,25971.437673794753,25968.933561866284,25970.754478746057,-0.3114327302310068,0.3225821358962875,25889.24673128282,26053.90984701736,validation,25970.0,1.0,25971.414352057454,1.0000008979771753,25968.911318698087,1.0000008565306386,25970.7211320123,1.000001284012623
2025-05-30,-0.0134495115147994,26021.5,0.0,0.005445951272015315,0.0052764913571581445,-0.1600262553140854,Low,0.018362653153747452,26025.0,26025.0,26026.440718540947,26026.395535491007,26029.81274183996,-0.29584682717478733,0.33816803895250697,25948.119643350517,26113.15720787587,validation,26025.0,1.0,26026.417347412214,1.0000008979771753,26026.37324310491,1.0000008565306386,26029.77931927474,1.000001284012623
2025-06-02,0.0288181671718971,26029.0,0.0,0.005445951272015315,0.016449206038546344,0.0192938453232234,High,0.0073002174663981565,26021.5,26021.5,26022.940524784375,26025.80297408733,26023.418263434163,-0.23947385519625938,0.27077598348607074,25959.259864939977,26092.055453044606,validation,26021.5,1.0,26022.917156798732,1.0000008979771753,26025.780682208784,1.0000008565306386,26023.399695428125,1.000000713511926
2025-06-03,0.0998387303574394,26055.0,0.0,0.005445951272015315,0.04161989360142715,0.2023609459526992,High,0.03019170141690939,26029.0,26029.0,26030.440939977034,26039.85780072715,26036.878362013395,-0.21658237124574817,0.293667467436582,25972.686778856085,26105.551052853116,validation,26029.0,1.0,26030.417565256197,1.0000008979771753,26039.83549681022,1.0000008565306386,26036.859784403423,1.000000713511926
2025-06-04,0.1112411169777949,26084.0,0.0,0.005445951272015315,0.030415449050699723,0.2115588826375596,High,0.021777004830534533,26055.0,26055.0,26056.4423793116,26062.94827424039,26060.693211069058,-0.22499706783212303,0.2852527708502071,25996.44291454211,26129.428713961133,validation,26055.0,1.0,26056.418981242085,1.0000008979771753,26062.92595054578,1.0000008565306386,26060.67461646692,1.000000713511926
2025-06-05,-0.0057508170968491,26082.5,0.0,0.005445951272015315,0.025962970409615982,-0.0134495115147994,High,0.012561932385094097,26084.0,26084.0,26085.44398472323,26090.795407953945,26087.295473840662,-0.23421214027756346,0.2760376984047667,26022.979591826115,26156.101140634164,validation,26084.0,1.0,26085.42056061096,1.0000008979771753,26090.77306040743,1.0000008565306386,26087.276860257505,1.000000713511926
2025-06-06,-0.1093284084615054,26054.0,0.0,0.005445951272015315,0.02960361653787407,0.0288181671718971,High,0.01577331968183662,26082.5,26082.5,26083.9439016847,26090.244853372613,26086.633013696744,-0.23100075298082093,0.2792490857015092,26022.318764918135,26155.436933240828,validation,26082.5,1.0,26083.920478919466,1.0000008979771753,26090.22250629767,1.0000008565306386,26086.614400586262,1.000000713511926
2025-06-09,-0.0441488398905473,26042.5,0.0,0.005445951272015315,0.016934773991345742,0.0998387303574394,High,0.008589146253404147,26054.0,26054.0,26055.44232395258,26058.434879462413,26056.256503708762,-0.2381849264092534,0.2720649122730767,25992.017145484995,26124.980304712895,validation,26054.0,1.0,26055.41892678109,1.0000008979771753,26058.41255963366,1.0000008565306386,26056.237912272267,1.000000713511926
2025-06-10,-0.1152627156713957,26012.5,0.0,0.005445951272015315,0.014847476624343298,0.1112411169777949,High,0.011979770625291989,26042.5,26042.5,26043.94168732383,26046.389250675697,26045.6386025074,-0.23479430203736557,0.2754555366449646,25981.42542176461,26114.334398624138,validation,26042.5,1.0,26043.91830047964,1.0000008979771753,26046.366941164386,1.0000008565306386,26045.620018646896,1.000000713511926
2025-06-11,0.0672527286721168,26030.0,0.0,0.005445951272015315,-0.013880650542315421,-0.0057508170968491,High,-0.011423766155038897,26012.5,26012.5,26013.940026553177,26008.91182377148,26009.547120666004,-0.2581978388176964,0.2520519998646337,25945.42292022744,26078.147724911432,validation,26012.5,1.0,26013.91666664977,1.0000008979771753,26008.889546360704,1.0000008565306386,26009.528562557185,1.000000713511926
2025-06-12,0.028808758061634,26037.5,0.0,0.005445951272015315,0.00682457801064073,-0.1093284084615054,Low,0.015748351940872575,26030.0,26030.0,26031.44099533606,26031.798795288887,26034.133046925475,-0.2984611283876622,0.3355537377396321,25952.426389402306,26117.491346081275,validation,26030.0,1.0,26031.417619717195,1.0000008979771753,26031.77649827474,1.0000008565306386,26034.09961881294,1.000001284012623
2025-06-13,0.1439194299745778,26075.0,0.0,0.005445951272015315,-0.013985491961584481,-0.0441488398905473,Low,-0.0046628688638808615,26037.5,26037.5,26038.94141052872,26033.88108095524,26036.319364744737,-0.31887234919241564,0.31514251693487866,25954.60584558646,26119.684664238688,validation,26037.5,1.0,26038.918028174663,1.0000008979771753,26033.858782157553,1.0000008565306386,26036.285933824944,1.000001284012623
2025-06-16,-0.0517871368492908,26061.5,0.0,0.005445951272015315,0.007058825813522098,-0.1152627156713957,Low,0.02307351858422506,26075.0,26075.0,26076.443486492033,26076.86298940736,26081.050602479307,-0.2911359617443097,0.3428789043829846,25999.19669685548,26164.559126250784,validation,26075.0,1.0,26076.420070461998,1.0000008979771753,26076.84065379438,1.0000008565306386,26081.017114124115,1.000001284012623
2025-06-17,0.0767121223588653,26081.5,0.0,0.005445951272015315,-7.55858491946048e-05,0.0672527286721168,High,-0.000894917952995229,26061.5,26061.5,26062.942739145245,26061.502623657725,26061.285367025932,-0.24766899061565278,0.26258084806667736,25997.033610591698,26130.022431738984,validation,26061.5,1.0,26062.91933523856,1.0000008979771753,26061.480301201358,1.0000008565306386,26061.266772001283,1.000000713511926
2025-06-18,0.0766533199673815,26101.5,0.0,0.005445951272015315,0.025811763221375548,0.028808758061634,High,0.018777765026166782,26081.5,26081.5,26082.943846325677,26088.255309306398,26086.416595592815,-0.22799630763649076,0.2822535310458394,26022.102880373583,26155.219944330613,validation,26081.5,1.0,26082.920424458473,1.0000008979771753,26088.232963935556,1.0000008565306386,26086.397982636747,1.000000713511926
2025-06-19,0.1014752286503518,26128.0,0.0,0.005445951272015315,0.019199570121520057,0.1439194299745778,High,0.015155346237510574,26101.5,26101.5,26102.94495350611,26106.534217934633,26105.474699023092,-0.23161872642514697,0.2786311122571832,26041.113997762983,26174.328313819165,validation,26101.5,1.0,26102.921513678382,1.0000008979771753,26106.51185690736,1.0000008565306386,26105.456072468853,1.000000713511926
2025-06-20,0.0019136375379803,26128.5,0.0,0.005445951272015315,0.017222581754774053,-0.0517871368492908,Low,0.04988324290781643,26128.0,26128.0,26129.446420520188,26132.522686971177,26141.07031043337,-0.26432623742071837,0.36968862870657593,26059.028036342897,26224.771010405297,validation,26128.0,1.0,26129.42295689477,1.0000008979771753,26132.500303684003,1.0000008565306386,26141.036745012214,1.000001284012623
2025-06-23,0.3305093421007172,26215.0,0.0,0.005445951272015315,0.026937118603402234,0.0767121223588653,High,0.016855865713333064,26128.5,26128.5,26129.9464481997,26135.561598962406,26132.92320221457,-0.2299182069493245,0.2803316317330057,26068.494829137177,26201.849212884965,validation,26128.5,1.0,26129.922984125267,1.0000008979771753,26135.539213072312,1.0000008565306386,26132.904556075508,1.000000713511926
2025-06-24,-0.1718049482441637,26170.0,0.0,0.005445951272015315,0.05343318049025491,0.0766533199673815,High,0.04097716997589361,26215.0,26215.0,26216.451236755078,26229.033717212504,26225.763078708835,-0.20579690268676393,0.3044529359955662,26161.105817261283,26294.933956065917,validation,26215.0,1.0,26216.427695001392,1.0000008979771753,26229.011251260745,1.0000008565306386,26225.74436632746,1.000000713511926
2025-06-25,-0.0573339719480146,26155.0,0.0,0.005445951272015315,-0.011502395122680802,0.1014752286503518,High,-0.019306383105062233,26170.0,26170.0,26171.448745599104,26167.012409139625,26164.96667623808,-0.26608045576771977,0.24416938291461038,26100.45930285586,26233.977202093232,validation,26170.0,1.0,26171.42524425659,1.0000008979771753,26166.98999631097,1.0000008565306386,26164.948007235635,1.000000713511926
2025-06-26,-0.1339072414344129,26120.0,0.0,0.005445951272015315,0.0514784633259122,0.0019136375379803,High,0.03261885784608692,26155.0,26155.0,26156.447915213776,26168.49007235155,26163.551521846435,-0.21415521481657063,0.2960946238657595,26099.047637400156,26232.558315208822,validation,26155.0,1.0,26156.42442734165,1.0000008979771753,26168.467658257236,1.0000008565306386,26163.532853853718,1.000000713511926
2025-06-27,-0.0957579312853802,26095.0,0.0,0.005445951272015315,0.009898942699107453,0.3305093421007172,High,0.011378220557084436,26120.0,26120.0,26121.445977648014,26122.608106605992,26122.990799347957,-0.23539585210557312,0.274853986576757,26058.586913717012,26191.89061314399,validation,26120.0,1.0,26121.422521206805,1.0000008979771753,26122.585731810952,1.0000008565306386,26122.97216029578,1.000000713511926
2025-06-30,0.0976721549241773,26120.5,0.0,0.005445951272015315,-0.02480718136624476,-0.1718049482441637,Low,-0.024203585553359986,26095.0,26095.0,26096.44459367247,26088.54971451735,26088.718336829068,-0.3384130658818948,0.2956018002453995,26006.840366453656,26172.25141180387,validation,26095.0,1.0,26096.42115968191,1.0000008979771753,26088.52736889434,1.0000008565306386,26088.684838628422,1.000001284012623
2025-07-01,0.0363632887902827,26130.0,0.0,0.005445951272015315,0.017462848982881626,-0.0573339719480146,Low,0.029334612652956848,26120.5,26120.5,26121.946005327525,26125.08415868136,26128.19702035961,-0.28487486767557796,0.34913999845171634,26046.195148363622,26211.85650153761,validation,26120.5,1.0,26121.922548437302,1.0000008979771753,26125.061781765507,1.0000008565306386,26128.1634714679,1.000001284012623
2025-07-02,0.1529637009533414,26170.0,0.0,0.005445951272015315,-0.030439352860322066,-0.1339072414344129,Low,-0.03503352393159584,26130.0,26130.0,26131.44653123823,26122.069781851795,26120.88088303704,-0.34924300426013066,0.28477186186716363,26038.901972325213,26204.516938784956,validation,26130.0,1.0,26131.42306581676,1.0000008979771753,26122.047407517846,1.0000008565306386,26120.84734353933,1.000001284012623
2025-07-03,0.1145694224996778,26200.0,0.0,0.005445951272015315,0.016127904127836826,-0.0957579312853802,Low,0.037658981208199424,26170.0,26170.0,26171.448745599104,26174.2434319038,26179.890826595496,-0.27655049912033536,0.35746436700695894,26097.7267165056,26263.71582539442,validation,26170.0,1.0,26171.42524425659,1.0000008979771753,26174.22101288156,1.0000008565306386,26179.85721132837,1.000001284012623
2025-07-04,-0.0763650285297333,26180.0,0.0,0.005445951272015315,0.01410711144745607,0.0976721549241773,High,0.011636396001264733,26200.0,26200.0,26201.450406369757,26203.718768184113,26203.067609328595,-0.23513767666139282,0.27511216202093736,26138.466301520708,26272.178627015455,validation,26200.0,1.0,26201.42687808646,1.0000008979771753,26203.696323915367,1.0000008565306386,26203.048913140698,1.000000713511926
2025-07-07,-0.1337792841659942,26145.0,0.0,0.005445951272015315,0.006809900264112943,0.0363632887902827,High,-0.0015946191955530102,26180.0,26180.0,26181.44929918932,26181.805318094277,26179.601211467478,-0.24836869185821056,0.26188114682411956,26115.05775795414,26248.650336147697,validation,26180.0,1.0,26181.425788866545,1.0000008979771753,26181.782892595056,1.0000008565306386,26179.582532023123,1.000000713511926
2025-07-08,-0.0382555475208726,26135.0,0.0,0.005445951272015315,0.02816580387922455,0.1529637009533414,High,0.019038885704929794,26145.0,26145.0,26146.447361623555,26152.387386881255,26149.99684886982,-0.22773518695772776,0.2825146517246024,26085.526382251344,26218.967891561417,validation,26145.0,1.0,26146.423882731695,1.0000008979771753,26152.36498657937,1.0000008565306386,26149.978190548518,1.000000713511926
2025-07-09,0.0153039752374277,26139.0,0.0,0.005445951272015315,0.008808039812672459,0.1145694224996778,High,0.007907300292457092,26135.0,26135.0,26136.44680803334,26137.324469987776,26137.08530374742,-0.23886677237020046,0.2713830663121297,26072.646669382826,26206.02229202841,validation,26135.0,1.0,26136.42333812174,1.0000008979771753,26137.302082587732,1.0000008565306386,26137.06665463865,1.000000713511926
2025-07-10,-0.0937736296911684,26114.5,0.0,0.005445951272015315,-0.007451660314870217,-0.0763650285297333,Low,0.0034210213393297603,26139.0,26139.0,26140.447029469426,26137.074670265905,26139.927800017962,-0.31078845898920504,0.32322640713808926,26057.88911163196,26223.62484180297,validation,26139.0,1.0,26140.42355596572,1.0000008979771753,26137.05228307982,1.0000008565306386,26139.894236063803,1.000001284012623
2025-07-11,0.0,26114.5,0.0,0.005445951272015315,-0.0148193472173084,-0.1337792841659942,Low,-0.012121144958788115,26114.5,26114.5,26115.945673173395,26110.652652865858,26111.36834271542,-0.32633062528732293,0.30768424083997137,26029.419286574623,26194.97394040351,validation,26114.5,1.0,26115.922221671328,1.0000008979771753,26110.630288311022,1.0000008565306386,26111.334815431917,1.000001284012623
2025-07-14,0.0401994664627361,26125.0,0.0,0.005445951272015315,0.0016942854565628065,-0.0382555475208726,High,0.0057216153563237095,26114.5,26114.5,26115.945673173395,26114.964826172134,26116.01284806174,-0.24105245730633384,0.2691973813759963,26051.62616594244,26184.894257397576,validation,26114.5,1.0,26115.922221671328,1.0000008979771753,26114.942457923793,1.0000008565306386,26115.994213988408,1.000000713511926
2025-07-15,0.0478354469776989,26137.5,0.0,0.005445951272015315,-0.011929456438204014,0.0153039752374277,High,-0.004183478263815408,26125.0,26125.0,26126.446254443123,26121.905989586743,26123.925728883845,-0.250957550926473,0.25929228775585716,26059.519538268163,26192.828008571756,validation,26125.0,1.0,26126.42279351178,1.0000008979771753,26121.883615393086,1.0000008565306386,26123.907089164582,1.000000713511926
2025-07-16,0.0860461834246094,26160.0,0.0,0.005445951272015315,-0.005552618996614128,-0.0937736296911684,Low,0.009887049171312619,26137.5,26137.5,26138.946946430893,26136.071110828536,26140.117919431555,-0.3043224311572222,0.3296924349700721,26058.078634366506,26223.81556995706,validation,26137.5,1.0,26138.923474274226,1.0000008979771753,26136.04872450203,1.0000008565306386,26140.08435523328,1.000001284012623
2025-07-17,0.0,26160.0,0.0,0.005445951272015315,0.016545253327229503,0.0,High,0.013696902003589062,26160.0,26160.0,26161.448192008884,26164.351006898225,26163.602022991596,-0.2330771706590685,0.2771726680232617,26099.098014039282,26232.608949551573,validation,26160.0,1.0,26161.42469964663,1.0000008979771753,26164.328596349143,1.0000008565306386,26163.583354962844,1.000000713511926
2025-07-18,0.0,26160.0,0.0,0.005445951272015315,0.004067740115920934,0.0401994664627361,High,0.001209544278736852,26160.0,26160.0,26161.448192008884,26161.086550210428,26160.33508439468,-0.2455645283839207,0.26468531029840947,26095.83912978581,26229.333394350884,validation,26160.0,1.0,26161.42469964663,1.0000008979771753,26161.06414245745,1.0000008565306386,26160.316418696926,1.000000713511926
2025-07-21,-0.0191149766423553,26155.0,0.0,0.005445951272015315,0.01830072468320341,0.0478354469776989,High,0.012188181850347476,26160.0,26160.0,26161.448192008884,26164.810318617157,26163.207290432772,-0.23458589081231007,0.2756639478700201,26098.7042546581,26232.2131758792,validation,26160.0,1.0,26161.42469964663,1.0000008979771753,26164.78790767466,1.0000008565306386,26163.18862268567,1.000000713511926
2025-07-22,-0.0382409182480472,26145.0,0.0,0.005445951272015315,0.012503819819882566,0.0860461834246094,High,0.008641885418354648,26155.0,26155.0,26156.447915213776,26158.29298390346,26157.279046316846,-0.2381321872443029,0.27211765143802724,26092.79062609515,26226.269295922833,validation,26155.0,1.0,26156.42442734165,1.0000008979771753,26158.270578543255,1.0000008565306386,26157.26038279961,1.000000713511926
2025-07-23,0.0191222870838007,26150.0,0.0,0.005445951272015315,0.0037411077134767196,0.0,High,0.0008316274973896699,26145.0,26145.0,26146.447361623555,26146.00052573939,26145.236084837736,-0.2459424451652679,0.2643073935170623,26080.777355455037,26214.19457093664,validation,26145.0,1.0,26146.423882731695,1.0000008979771753,26145.978130908043,1.0000008565306386,26145.217429913293,1.000000713511926
2025-07-24,-0.0573778346046715,26135.0,0.0,0.005445951272015315,0.010677897470228962,0.0,High,0.00889477514044656,26150.0,26150.0,26151.447638418667,26152.814819939635,26152.34474714436,-0.237879297522211,0.27237054116011916,26087.868491993733,26221.321982455902,validation,26150.0,1.0,26151.424155036675,1.0000008979771753,26152.792419271642,1.0000008565306386,26152.326087147805,1.000000713511926
2025-07-25,0.0382555475208827,26145.0,0.0,0.005445951272015315,-0.008799456613170054,-0.0191149766423553,High,-0.007242046272627613,26135.0,26135.0,26136.44680803334,26132.722746651933,26133.12600602418,-0.25401611893528514,0.256233719747045,26068.697132952224,26202.05255159293,validation,26135.0,1.0,26136.42333812174,1.0000008979771753,26132.700363193402,1.0000008565306386,26133.107359740417,1.000000713511926
2025-07-28,0.2101443126957166,26200.0,0.0,0.005445951272015315,0.008476568239234298,-0.0382409182480472,High,0.008167121109731269,26145.0,26145.0,26146.447361623555,26147.23868858947,26147.154037305452,-0.23860695155292627,0.2716428871294039,26082.690579383347,26216.117582035236,validation,26145.0,1.0,26146.423882731695,1.0000008979771753,26147.2162926976,1.0000008565306386,26147.13538101253,1.000000713511926
2025-07-29,0.0953743515309634,26225.0,0.0,0.005445951272015315,0.016453903498280055,0.0191222870838007,High,0.016433416376208453,26200.0,26200.0,26201.450406369757,26204.333722189007,26204.324605969625,-0.2303406562864491,0.27990918239588103,26139.720199149513,26273.438939005606,validation,26200.0,1.0,26201.42687808646,1.0000008979771753,26204.31127739353,1.0000008565306386,26204.305908884846,1.000000713511926
2025-07-30,-0.0858328220165505,26202.5,0.0,0.005445951272015315,0.0016257864807515867,-0.0573778346046715,Low,0.028855713502545274,26225.0,26225.0,26226.451790345298,26225.448828851662,26232.602185735355,-0.2853537668259895,0.3486610993013048,26150.272644019176,26316.595960242546,validation,26225.0,1.0,26226.42823961135,1.0000008979771753,26225.42636597047,1.0000008565306386,26232.568502786267,1.000001284012623
2025-07-31,-0.0133583962489797,26199.0,0.0,0.005445951272015315,0.022866046046418446,0.0382555475208827,High,0.011320687609495634,26202.5,26202.5,26203.950544767307,26208.514609150854,26205.485168993026,-0.2354533850531619,0.2747964536291682,26140.8779009091,26274.602563032888,validation,26202.5,1.0,26203.927014238947,1.0000008979771753,26208.492160774327,1.0000008565306386,26205.466471080174,1.000000713511926
2025-08-01,0.0801236235848255,26220.0,0.0,0.005445951272015315,0.03382686295421254,0.2101443126957166,High,0.02622309686984356,26199.0,26199.0,26200.45035101073,26207.886246751725,26205.88978821741,-0.220550975792814,0.2896988628895162,26141.281522581157,26275.008249447063,validation,26199.0,1.0,26200.42682362546,1.0000008979771753,26207.863798913408,1.0000008565306386,26205.871090015855,1.000000713511926
2025-08-04,-0.1660416630655229,26176.5,0.0,0.005445951272015315,0.011781355619180476,0.0953743515309634,High,0.008568637461417465,26220.0,26220.0,26221.45151355019,26223.111714297127,26222.265502886592,-0.23820543520124007,0.27204440348109005,26157.616864397834,26291.427155330468,validation,26220.0,1.0,26221.427967306372,1.0000008979771753,26223.08925341774,1.0000008565306386,26222.24679300078,1.000000713511926
2025-08-05,0.2803927332734299,26250.0,0.0,0.005445951272015315,-0.011754719102469804,-0.0858328220165505,Low,0.006066585780873275,26176.5,26176.5,26177.949105432745,26173.445625130782,26178.121680992717,-0.30814289454766153,0.32587197157963277,26095.96312326647,26261.941015190936,validation,26176.5,1.0,26177.92559825306,1.0000008979771753,26173.423206791886,1.0000008565306386,26178.088067997196,1.000001284012623
2025-08-06,-0.0952834755271854,26225.0,0.0,0.005445951272015315,0.05453088791206897,-0.0133583962489797,High,0.04668325888994444,26250.0,26250.0,26251.453174320843,26264.340757853013,26262.27595470373,-0.2000908137727131,0.31015902490961705,26197.528674042544,26331.543135366075,validation,26250.0,1.0,26251.429601136242,1.0000008979771753,26264.31826165972,1.0000008565306386,26262.257216270005,1.000000713511926
2025-08-07,-0.0381388257864774,26215.0,0.0,0.005445951272015315,-0.03472845242735427,0.0801236235848255,High,-0.029195125340759732,26225.0,26225.0,26226.451790345298,26215.916499337603,26217.363402309682,-0.2759691980034173,0.23428064067891285,26152.726849509243,26286.512125383422,validation,26225.0,1.0,26226.42823961135,1.0000008979771753,26215.894044621135,1.0000008565306386,26217.344695921573,1.000000713511926
2025-08-08,0.038138825786477,26225.0,0.0,0.005445951272015315,0.02116067049672419,-0.1660416630655229,Low,0.04603485597553682,26215.0,26215.0,26216.451236755078,26220.57031543446,26227.104491562113,-0.268174624352998,0.3658402417742963,26144.792204048874,26311.08066308499,validation,26215.0,1.0,26216.427695001392,1.0000008979771753,26220.547856731857,1.0000008565306386,26227.070815672123,1.000001284012623
2025-08-11,0.0305005911853981,26233.0,0.0,0.005445951272015315,0.029645248794193852,0.2803927332734299,High,0.029882567521419608,26225.0,26225.0,26226.451790345298,26232.798088166182,26232.85659179589,-0.21689150514123795,0.2933583335410922,26168.181841929454,26302.0461784093,validation,26225.0,1.0,26226.42823961135,1.0000008979771753,26232.775618990127,1.0000008565306386,26232.837874353216,1.000000713511926
2025-08-12,0.1409443503233604,26270.0,0.0,0.005445951272015315,-0.02036105617438838,-0.0952834755271854,Low,-0.006580603184048812,26233.0,26233.0,26234.45223321747,26227.681692664737,26231.307448452248,-0.3207900835125836,0.3132247826147107,26148.981970195975,26315.2970773596,validation,26233.0,1.0,26234.428675299314,1.0000008979771753,26227.65922787103,1.0000008565306386,26231.273767165618,1.000001284012623
2025-08-13,0.0761035044341356,26290.0,0.0,0.005445951272015315,0.03562782822427295,-0.0381388257864774,High,0.027628043962356685,26270.0,26270.0,26271.45428150128,26279.383607031392,26277.27763898498,-0.21914602870030087,0.2911038099820293,26212.493373019686,26346.584386833994,validation,26270.0,1.0,26271.430690356156,1.0000008979771753,26279.361097953446,1.0000008565306386,26277.258889847377,1.000000713511926
2025-08-14,-0.0951384335864967,26265.0,0.0,0.005445951272015315,0.00882931255019987,0.038138825786477,High,0.0042924786173179135,26290.0,26290.0,26291.455388681712,26292.343848925408,26291.147275882737,-0.24248159404533964,0.2677682446369905,26226.32881557441,26360.49060512502,validation,26290.0,1.0,26291.43177957607,1.0000008979771753,26292.321328746628,1.0000008565306386,26291.128516848992,1.000000713511926
2025-08-15,0.0190349291523571,26270.0,0.0,0.005445951272015315,0.008689069110990532,0.0305005911853981,High,0.0012063876012364607,26265.0,26265.0,26266.454004706167,26267.304781887215,26265.33560023156,-0.2455676850614211,0.2646821536209091,26200.580776289346,26334.610850758818,validation,26265.0,1.0,26266.430418051175,1.0000008979771753,26267.282283155146,1.0000008565306386,26265.31685961474,1.000000713511926
2025-08-18,0.1141335486270385,26300.0,0.0,0.005445951272015315,0.03439972477690288,0.1409443503233604,High,0.027005673085730333,26270.0,26270.0,26271.45428150128,26279.060870997135,26277.114097370697,-0.21976839957692723,0.2904814391054029,26212.33023460256,26346.42041387605,validation,26270.0,1.0,26271.430690356156,1.0000008979771753,26279.038362195624,1.0000008565306386,26277.095348349787,1.000000713511926
2025-08-19,0.0760167273397525,26320.0,0.0,0.005445951272015315,0.011251155464907868,0.0761035044341356,High,0.00886605920890305,26300.0,26300.0,26301.45594227193,26302.981749647846,26302.350643970687,-0.2379080134537545,0.27234182522857564,26237.5045627654,26371.72352227881,validation,26300.0,1.0,26301.432324186026,1.0000008979771753,26302.95922035739,1.0000008565306386,26302.33187694321,1.000000713511926
2025-08-20,0.265604405811621,26390.0,0.0,0.005445951272015315,0.009420425694704308,-0.0951384335864967,Low,0.033085458974323204,26320.0,26320.0,26321.45704945236,26322.502118844408,26328.743339912548,-0.2811240213542116,0.3528908447730827,26246.112064609002,26413.04494733573,validation,26320.0,1.0,26321.433413405935,1.0000008979771753,26322.47957283417,1.0000008565306386,26328.70953351716,1.000001284012623
2025-08-21,0.1609163109311852,26432.5,0.0,0.005445951272015315,0.049487362905289385,0.0190349291523571,High,0.03734483636105829,26390.0,26390.0,26391.460924583884,26403.08556209049,26399.87597938096,-0.20942923630159926,0.3008206023807309,26334.789458227733,26469.50608234999,validation,26390.0,1.0,26391.437225675632,1.0000008979771753,26403.062947058123,1.0000008565306386,26399.857142768044,1.000000713511926
2025-08-22,-0.3126038637173198,26350.0,0.0,0.005445951272015315,0.02389525560681633,0.1141335486270385,High,0.013169638035060474,26432.5,26432.5,26433.96327734231,26438.839513780804,26436.00015619341,-0.23360443462759709,0.2766454040547331,26370.824574129445,26505.72553726727,validation,26432.5,1.0,26433.93954026795,1.0000008979771753,26438.816868124108,1.0000008565306386,26435.981293805482,1.000000713511926
2025-08-25,-0.1709239804600784,26305.0,0.0,0.005445951272015315,0.007496794746593304,0.0760167273397525,High,-0.008422150253845342,26350.0,26350.0,26351.458710223014,26351.998050738006,26347.799656315074,-0.2551962229165029,0.25505361576582725,26282.84152465525,26417.292407133653,validation,26350.0,1.0,26351.435047235806,1.0000008979771753,26351.97547946362,1.0000008565306386,26347.780856859208,1.000000713511926
2025-08-26,0.2278337799662554,26365.0,0.0,0.005445951272015315,0.051781257403711214,0.265604405811621,High,0.039927167552508996,26305.0,26305.0,26306.456219067037,26318.64712965516,26315.523714873932,-0.20684690511014855,0.3034029335721816,26250.64515664646,26384.931337371163,validation,26305.0,1.0,26306.432596491002,1.0000008979771753,26318.624586946837,1.0000008565306386,26315.50493844732,1.000000713511926
2025-08-27,0.0568774306735518,26380.0,0.0,0.005445951272015315,0.013553830786751705,0.1609163109311852,High,0.018036043766021432,26365.0,26365.0,26366.459540608343,26368.596295160012,26369.77444692507,-0.2287380288966361,0.281511809785694,26304.762138394297,26439.32515661187,validation,26365.0,1.0,26366.435864150742,1.0000008979771753,26368.573709668733,1.0000008565306386,26369.75563178994,1.000000713511926
2025-08-28,-0.0189555492937993,26375.0,0.0,0.005445951272015315,-0.03316780396913635,-0.3126038637173198,Low,-0.04725673363239165,26380.0,26380.0,26381.460370993667,26371.27437197381,26367.570475043,-0.36146621396092643,0.27254865216636787,26284.81734296677,26451.99640248635,validation,26380.0,1.0,26381.436681065676,1.0000008979771753,26371.251784188677,1.0000008565306386,26367.536618793147,1.000001284012623
2025-08-29,-0.1138088134981433,26345.0,0.0,0.005445951272015315,0.025590921588316683,-0.1709239804600784,Low,0.041551501225011445,26375.0,26375.0,26376.46009419856,26381.773066063306,26385.995365528917,-0.27265797910352335,0.36135688702377095,26303.18440797357,26470.48028735208,validation,26375.0,1.0,26376.4364087607,1.0000008979771753,26381.75046928573,1.0000008565306386,26385.9614856213,1.000001284012623
2025-09-01,0.0,26345.0,0.0,0.005445951272015315,0.0028959368092531506,0.2278337799662554,High,0.006311885734247188,26345.0,26345.0,26346.458433427906,26345.785511552716,26346.681717435105,-0.24046218692841037,0.2697876517539198,26281.726341953097,26416.17151967168,validation,26345.0,1.0,26346.43477493083,1.0000008979771753,26345.762945599556,1.0000008565306386,26346.662918776903,1.000000713511926
2025-09-02,0.0,26345.0,0.0,0.005445951272015315,-0.0032117018558058576,0.0568774306735518,High,-0.0005290802248013957,26345.0,26345.0,26346.458433427906,26344.17645530837,26344.879411555743,-0.24730315288745894,0.2629466857948712,26279.928479496873,26414.364460181205,validation,26345.0,1.0,26346.43477493083,1.0000008979771753,26344.153890733414,1.0000008565306386,26344.860614183508,1.000000713511926
2025-09-03,0.1611909513189983,26387.5,0.0,0.005445951272015315,0.001486608690706711,-0.0189555492937993,High,0.0015968252012117457,26345.0,26345.0,26346.458433427906,26345.414215605848,26345.439484729923,-0.2451772474614458,0.26507259122088433,26280.48717186099,26414.926010557498,validation,26345.0,1.0,26346.43477493083,1.0000008979771753,26345.391649970712,1.0000008565306386,26345.420686958067,1.000000713511926
2025-09-04,0.0094737340793732,26390.0,0.0,0.005445951272015315,0.014031967131722153,-0.1138088134981433,Low,0.027960174984619727,26387.5,26387.5,26388.96078618633,26391.22554999274,26394.912914077675,-0.2862493053439151,0.3477655607833792,26312.0739692994,26479.426388865446,validation,26387.5,1.0,26388.937089523144,1.0000008979771753,26391.20294511883,1.0000008565306386,26394.87902271983,1.000001284012623
2025-09-05,0.037885963703777,26400.0,0.0,0.005445951272015315,-0.002004916169245784,0.0,High,-0.002760297576094081,26390.0,26390.0,26391.460924583884,26389.49351131725,26389.290396583147,-0.24953437023875163,0.2607154684435785,26324.22997323278,26458.892579905103,validation,26390.0,1.0,26391.437225675632,1.0000008979771753,26389.47090792688,1.0000008565306386,26389.271567523167,1.000000713511926
2025-09-08,0.0568020464008601,26415.0,0.0,0.005445951272015315,0.0195782212357197,0.0,High,0.012887616500712708,26400.0,26400.0,26401.4614781741,26405.19177324056,26403.42138914788,-0.23388645616194484,0.2763633825203853,26338.326127105574,26473.060843192932,validation,26400.0,1.0,26401.43777028559,1.0000008979771753,26405.169156404158,1.0000008565306386,26403.402550005274,1.000000713511926
2025-09-09,-0.1041617441840138,26387.5,0.0,0.005445951272015315,0.02370134058552567,0.1611909513189983,High,0.019074863924823555,26415.0,26415.0,26416.46230855943,26421.284081730228,26420.057956904744,-0.227699208737834,0.28255062994449615,26354.921678900086,26489.741290168276,validation,26415.0,1.0,26416.438587200526,1.0000008979771753,26421.261451110284,1.0000008565306386,26420.039105891756,1.000000713511926
2025-09-10,0.0284185101140644,26395.0,0.0,0.005445951272015315,-0.0037560662250921517,0.0094737340793732,High,-0.008941994629268705,26387.5,26387.5,26388.96078618633,26386.531487491713,26385.15936277276,-0.25571606729192625,0.2545337713904039,26320.10912411491,26454.75065042574,validation,26387.5,1.0,26388.937089523144,1.0000008979771753,26386.508886638407,1.0000008565306386,26385.140536660318,1.000000713511926
2025-09-11,0.028410436291283,26402.5,0.0,0.005445951272015315,0.03194739591519481,0.037885963703777,High,0.024651019381760578,26395.0,26395.0,26396.461201378996,26403.45647762984,26401.526276398257,-0.222123053280897,0.28812678540143316,26336.435686586086,26471.160732052558,validation,26395.0,1.0,26396.437497980613,1.0000008979771753,26403.43386227977,1.0000008565306386,26401.507438607834,1.000000713511926
2025-09-12,-0.0663035780861263,26385.0,0.0,0.005445951272015315,-0.0007605816749924645,0.0568020464008601,High,0.00020533823678368793,26402.5,26402.5,26403.961616571658,26402.321802565115,26402.573053020937,-0.24656873442587388,0.2636811042564563,26337.47988247509,26472.21026956563,validation,26402.5,1.0,26403.93790643808,1.0000008979771753,26402.29918818693,1.0000008565306386,26402.55421448363,1.000000713511926
2025-09-15,0.0,26385.0,0.0,0.005445951272015315,-0.007967243471879082,-0.1041617441840138,Low,0.0072055343084501886,26385.0,26385.0,26386.460647788776,26382.92052431012,26386.93512983831,-0.30700394602008463,0.32701092010720967,26304.121222885708,26471.42306067868,validation,26385.0,1.0,26386.436953370656,1.0000008979771753,26382.89792654971,1.0000008565306386,26386.90124872403,1.000001284012623
2025-09-16,-0.0094755294522922,26382.5,0.0,0.005445951272015315,0.01694684604183761,0.0284185101140644,High,0.015458359506724948,26385.0,26385.0,26386.460647788776,26389.49440762346,26389.097832343814,-0.2313157131559326,0.27893412552639757,26324.037883743273,26458.699507774454,validation,26385.0,1.0,26386.436953370656,1.0000008979771753,26389.471804232322,1.0000008565306386,26389.07900342123,1.000000713511926
2025-09-17,-0.0284319766877616,26375.0,0.0,0.005445951272015315,-0.009579249524172138,0.028410436291283,High,-0.00563530529533894,26382.5,26382.5,26383.960509391225,26379.99547079101,26381.032130638298,-0.2524093779579965,0.25784046072433364,26315.99206730028,26450.612532649287,validation,26382.5,1.0,26383.936817218168,1.0000008979771753,26379.972875535997,1.0000008565306386,26381.013307470683,1.000000713511926
2025-09-18,0.0379075061400531,26385.0,0.0,0.005445951272015315,-0.003968922876148143,-0.0663035780861263,Low,0.014063546748658094,26375.0,26375.0,26376.46009419856,26373.975807463547,26378.743391889977,-0.3001459335798767,0.3338689325474176,26295.955194244685,26463.205093727785,validation,26375.0,1.0,26376.4364087607,1.0000008979771753,26373.953217364553,1.0000008565306386,26378.709521293975,1.000001284012623
2025-09-19,-0.0094755294522922,26382.5,0.0,0.005445951272015315,0.009660657487380557,0.0,High,0.009729116179151067,26385.0,26385.0,26386.460647788776,26387.57168934965,26387.585980026313,-0.23704495648350649,0.27320488219882366,26322.529758761753,26457.183667921832,validation,26385.0,1.0,26386.436953370656,1.0000008979771753,26387.549087605377,1.0000008565306386,26387.56715218245,1.000000713511926
2025-09-22,0.1325757769940689,26417.5,0.0,0.005445951272015315,-0.007429549899976363,-0.0094755294522922,High,-0.005440119019451578,26382.5,26382.5,26383.960509391225,26380.562567549925,26381.083622842707,-0.2522141916821091,0.258035647000221,26316.04343255529,26450.664160665223,validation,26382.5,1.0,26383.936817218168,1.0000008979771753,26380.539971809176,1.0000008565306386,26381.064799638352,1.000000713511926
2025-09-23,0.0094629761130542,26420.0,0.0,0.005445951272015315,0.01879153023135785,-0.0284319766877616,High,0.01578507960655515,26417.5,26417.5,26418.962446956983,26422.48735060817,26421.689204720038,-0.2309889930561024,0.27926084562622777,26356.54890502052,26491.376840426252,validation,26417.5,1.0,26418.938723353014,1.0000008979771753,26422.46471895759,1.0000008565306386,26421.670352543137,1.000000713511926
2025-09-24,-0.0037850829883909,26419.0,0.0,0.005445951272015315,0.001452092598982219,0.0379075061400531,High,-0.0005597221140456574,26420.0,26420.0,26421.462585354537,26420.406275518166,26419.870972710894,-0.2473337947767032,0.26291604390562695,26354.735155698956,26489.553812800565,validation,26420.0,1.0,26421.438859505502,1.0000008979771753,26420.38364565009,1.0000008565306386,26419.85212183132,1.000000713511926
2025-09-25,-0.053006210539878,26405.0,0.0,0.005445951272015315,0.016577324849243385,-0.0094755294522922,High,0.009250897346397334,26419.0,26419.0,26420.462529995515,26423.402558913698,26421.46295963462,-0.23752317531626022,0.27272666336606993,26356.323217722023,26491.149998615736,validation,26419.0,1.0,26420.43880504451,1.0000008979771753,26423.379926479214,1.0000008565306386,26421.444107619147,1.000000713511926
2025-09-26,0.0189340150144279,26410.0,0.0,0.005445951272015315,0.01483208857850557,0.1325757769940689,High,0.011364276069870753,26405.0,26405.0,26406.461754969212,26408.939323492727,26408.019750032323,-0.2354097965927868,0.2748400420895433,26342.913151144596,26477.671332329115,validation,26405.0,1.0,26406.43804259057,1.0000008979771753,26408.916703446437,1.0000008565306386,26408.000907608734,1.000000713511926
2025-09-29,0.0416422182391343,26421.0,0.0,0.005445951272015315,0.007081672729898977,0.0094629761130542,High,0.004477510002783531,26410.0,26410.0,26411.46203176432,26411.892958568886,26411.20138155936,-0.242296562659874,0.2679532760224561,26346.0869386451,26480.861355461137,validation,26410.0,1.0,26411.438314895546,1.0000008979771753,26411.87033599272,1.0000008565306386,26411.18253686564,1.000000713511926
2025-09-30,0.0227066304336091,26427.0,0.0,0.005445951272015315,0.008803233880978041,-0.0037850829883909,High,0.00687240933682002,26421.0,26421.0,26422.46264071356,26423.34863719231,26422.834674659724,-0.23990166332583754,0.27034817535649264,26357.691550907035,26492.525331561563,validation,26421.0,1.0,26422.4389139665,1.0000008979771753,26423.326004804014,1.0000008565306386,26422.815821665517,1.000000713511926
2025-10-01,-0.0643488486727514,26410.0,0.0,0.005445951272015315,0.0031267712793779513,-0.053006210539878,Low,0.023971104900183306,26427.0,26427.0,26428.462972867692,26427.84896100754,26433.369543955258,-0.2902383754283515,0.3437764906989428,26350.409905214136,26518.006152448015,validation,26427.0,1.0,26428.439240732474,1.0000008979771753,26427.82632476458,1.0000008565306386,26433.33560321868,1.000001284012623
2025-10-02,-0.0549185231252012,26395.5,0.0,0.005445951272015315,0.003516055079260643,0.0189340150144279,High,0.001842521365329102,26410.0,26410.0,26411.46203176432,26410.95122824104,26410.505458572727,-0.24493155129732844,0.2653182873850017,26345.392731394037,26480.16359696629,validation,26410.0,1.0,26411.438314895546,1.0000008979771753,26410.928606471494,1.0000008565306386,26410.486614375557,1.000000713511926
2025-10-03,-0.0549487001405499,26381.0,0.0,0.005445951272015315,0.003910525909991193,0.0416422182391343,High,0.0037787725770317975,26395.5,26395.5,26396.961229058503,26396.55483248772,26396.516278976764,-0.24299530008562575,0.2672545385967044,26331.43804086289,26466.13752068125,validation,26395.5,1.0,26396.93752521111,1.0000008979771753,26396.53222304912,1.0000008565306386,26396.497444761033,1.000000713511926
2025-10-06,-0.0606681093950272,26365.0,0.0,0.005445951272015315,-0.004790817734583251,0.0227066304336091,High,-0.0020522370315934667,26381.0,26381.0,26382.46042635269,26379.75875969997,26380.477427675898,-0.248826309694251,0.26142352898807913,26315.438731908172,26450.056366648787,validation,26381.0,1.0,26382.436735526673,1.0000008979771753,26379.736164647704,1.0000008565306386,26380.45860490407,1.000000713511926
2025-10-07,0.0,26365.0,0.0,0.005445951272015315,-0.010437558795802604,-0.0643488486727514,Low,0.0012522023661829633,26365.0,26365.0,26366.459540608343,26362.270861305475,26365.363998637593,-0.31295727796235184,0.32105758816494245,26282.61779146306,26449.78286119732,validation,26365.0,1.0,26366.435864150742,1.0000008979771753,26362.248281232118,1.0000008565306386,26365.33014522088,1.000001284012623
2025-10-08,-0.0189663348126662,26360.0,0.0,0.005445951272015315,-0.004107442857062631,-0.0549185231252012,Low,0.007518402408207987,26365.0,26365.0,26366.459540608343,26363.93967643349,26367.016156850787,-0.3066910779203268,0.3273237882069675,26284.264764470925,26451.44030943105,validation,26365.0,1.0,26366.435864150742,1.0000008979771753,26363.91709493074,1.0000008565306386,26366.982301312684,1.000001284012623
2025-10-09,-0.0474315808351773,26347.5,0.0,0.005445951272015315,-0.01499247876427408,-0.0549487001405499,Low,-0.004854298181528282,26360.0,26360.0,26361.45926381323,26356.07085359848,26358.754282986243,-0.31906377851006307,0.31495108761723123,26276.028820031308,26443.15198199681,validation,26360.0,1.0,26361.435591845762,1.0000008979771753,26356.048278835617,1.0000008565306386,26358.720438056476,1.000001284012623
2025-10-10,-0.0284697510819715,26340.0,0.0,0.005445951272015315,-0.009923582549931377,-0.0606681093950272,Low,0.003923240226720134,26347.5,26347.5,26348.95857182546,26344.90807901676,26348.56752784565,-0.31028624010181466,0.32372862602547964,26265.874035446912,26432.932610038097,validation,26347.5,1.0,26348.934911083317,1.0000008979771753,26344.88551381515,1.0000008565306386,26348.53369599579,1.000001284012623
2025-10-13,0.0189807346114183,26345.0,0.0,0.005445951272015315,-0.0034705117391182544,0.0,High,0.0005742321487118035,26340.0,26340.0,26341.458156632798,26339.10844330433,26340.170047194293,-0.24619984051394575,0.2640499981683844,26275.230725649933,26409.64267479453,validation,26340.0,1.0,26341.43450262585,1.0000008979771753,26339.085883070275,1.0000008565306386,26340.15125318224,1.000000713511926
2025-10-14,0.0398478198079168,26355.5,0.0,0.005445951272015315,-0.005523187473558932,-0.0189663348126662,High,-0.0014648773663856083,26345.0,26345.0,26346.458433427906,26343.56752049624,26344.632878080785,-0.24823895002904317,0.262010888653287,26279.68255382804,26414.117276470184,validation,26345.0,1.0,26346.43477493083,1.0000008979771753,26343.544956442853,1.0000008565306386,26344.614080884454,1.000000713511926
2025-10-15,-0.0588285544193363,26340.0,0.0,0.005445951272015315,-0.0015254827870447123,-0.0474315808351773,Low,0.016939171530921015,26355.5,26355.5,26356.959014697633,26355.120528399515,26359.998628018173,-0.2972703087976138,0.3367445573296805,26277.269259756566,26444.400311278383,validation,26355.5,1.0,26356.935346771283,1.0000008979771753,26355.097954450634,1.0000008565306386,26359.964781490653,1.000001284012623
2025-10-16,-0.0189843379782274,26335.0,0.0,0.005445951272015315,-0.00506349648741781,-0.0284697510819715,High,-0.004667350604473681,26340.0,26340.0,26341.458156632798,26338.688868665875,26338.78944156705,-0.25144142326713126,0.2588084154151989,26273.853523781763,26408.258427797453,validation,26340.0,1.0,26341.43450262585,1.0000008979771753,26338.666308791202,1.0000008565306386,26338.770648540074,1.000000713511926
2025-10-17,0.0265770641502154,26342.0,0.0,0.005445951272015315,0.0077001421288275945,0.0189807346114183,High,0.00741609859678049,26335.0,26335.0,26336.45787983769,26337.050468975962,26336.971893716687,-0.23935797406587705,0.2708918646164531,26272.040456932245,26406.43608613502,validation,26335.0,1.0,26336.434230320872,1.0000008979771753,26337.027910504625,1.0000008565306386,26336.953101986554,1.000000713511926
2025-10-20,0.001898091469075,26342.5,0.0,0.005445951272015315,0.0011709170696413548,0.0398478198079168,High,0.0033417918985934455,26342.0,26342.0,26343.45826735084,26342.331007774577,26342.899105490163,-0.24343228076406412,0.26681755791826606,26277.953055697893,26412.378931026113,validation,26342.0,1.0,26343.43461154784,1.0000008979771753,26342.3084447803,1.0000008565306386,26342.880309530898,1.000000713511926
2025-10-21,0.0018980554422667,26343.0,0.0,0.005445951272015315,-0.004223267704296513,-0.0588285544193363,Low,0.014349294290325061,26342.5,26342.5,26343.958295030352,26341.41007140236,26346.314063016784,-0.29986018603820974,0.33415468008908455,26263.62764299025,26430.671929874075,validation,26342.5,1.0,26343.93463877834,1.0000008979771753,26341.387509196895,1.0000008565306386,26346.280234060396,1.000001284012623
2025-10-22,0.0170808779986558,26347.5,0.0,0.005445951272015315,0.00833475130953947,-0.0189843379782274,High,0.006596871468226939,26343.0,26343.0,26344.458322709863,26345.218280507208,26344.756668457467,-0.24017720119443062,0.27007263748789956,26279.806039010673,26414.241393346,validation,26343.0,1.0,26344.434666008838,1.0000008979771753,26345.195715039896,1.0000008565306386,26344.73787117281,1.000000713511926
2025-10-23,-0.0588464220324505,26332.0,0.0,0.005445951272015315,0.0044682114398539785,0.0265770641502154,High,0.004474678948521563,26347.5,26347.5,26348.95857182546,26348.69985676017,26348.697792510524,-0.242299393714136,0.26795044496819415,26283.73744657664,26418.192912177954,validation,26347.5,1.0,26348.934911083317,1.0000008979771753,26348.677288310784,1.0000008565306386,26348.67899241383,1.000000713511926
2025-10-24,-0.1025894422859741,26305.0,0.0,0.005445951272015315,-0.004107406160349737,0.001898091469075,High,-0.004068337125863387,26332.0,26332.0,26333.45771376062,26330.94101326003,26330.947534690935,-0.25084240978852096,0.2594074288938092,26266.030950422148,26400.395837764197,validation,26332.0,1.0,26333.434066937883,1.0000008979771753,26330.91846002163,1.0000008565306386,26330.92874725925,1.000000713511926
2025-10-27,0.0,26305.0,0.0,0.005445951272015315,-0.00022030368681598064,0.0018980554422667,High,-0.00031373055077798173,26305.0,26305.0,26306.456219067037,26304.96458016783,26304.936242180403,-0.24708780321343554,0.2631620354688946,26240.083786415154,26374.31594004593,validation,26305.0,1.0,26306.432596491002,1.0000008979771753,26304.94204917902,1.0000008565306386,26304.917473308073,1.000000713511926
2025-10-28,0.08739764582683,26328.0,0.0,0.005445951272015315,0.0021336204094336113,0.0170808779986558,High,0.005274820677160426,26305.0,26305.0,26306.456219067037,26305.583786355386,26306.406348096203,-0.24149925198549713,0.26875058669683305,26241.550267916962,26375.78992339003,validation,26305.0,1.0,26306.432596491002,1.0000008979771753,26305.561254836204,1.0000008565306386,26306.387578174938,1.000000713511926
2025-10-29,0.0303812853620402,26336.0,0.0,0.005445951272015315,-0.006126296213230614,-0.0588464220324505,Low,0.0062919457390559295,26328.0,26328.0,26329.457492324535,26326.409667495616,26329.6904032011,-0.30791753458947885,0.32609733153781545,26247.05615559287,26413.995043011986,validation,26328.0,1.0,26329.4338490939,1.0000008979771753,26326.387118138446,1.0000008565306386,26329.656595589677,1.000001284012623
2025-10-30,-0.0227850986441262,26330.0,0.0,0.005445951272015315,-0.005075219426546998,-0.1025894422859741,Low,0.008343449986673735,26336.0,26336.0,26337.457935196708,26334.685980575272,26338.2312412356,-0.30586603034186105,0.32814883578543325,26255.570188689133,26422.563227827366,validation,26336.0,1.0,26337.434284781866,1.0000008979771753,26334.66342412919,1.0000008565306386,26338.197422657646,1.000001284012623
2025-10-31,-0.0569854702475711,26315.0,0.0,0.005445951272015315,0.007831413417874494,0.0,High,0.005718270875496336,26330.0,26330.0,26331.457603042578,26332.0846461153,26331.524451613393,-0.2410558017871612,0.2691940368951689,26266.60644500779,26400.974276314446,validation,26330.0,1.0,26331.433958015892,1.0000008979771753,26332.06209189734,1.0000008565306386,26331.505663770073,1.000000713511926
2025-11-03,-0.0114009918986425,26312.0,0.0,0.005445951272015315,0.0038665747561473767,0.08739764582683,High,0.0038482950337693114,26315.0,26315.0,26316.456772657253,26316.040049293602,26316.031475112723,-0.24292577762888823,0.2673240610534419,26251.151665048026,26385.440436835863,validation,26315.0,1.0,26316.43314110096,1.0000008979771753,26316.01750881832,1.0000008565306386,26316.01269832382,1.000000713511926
2025-11-04,0.0303997570360705,26320.0,0.0,0.005445951272015315,0.003778381167538261,0.0303812853620402,High,0.0036679212553809553,26312.0,26312.0,26313.45660658019,26313.016724320478,26312.98389575497,-0.2431061514072766,0.26714368727505355,26248.111599223233,26382.384819437902,validation,26312.0,1.0,26313.43297771797,1.0000008979771753,26312.994186434764,1.0000008565306386,26312.965121140547,1.000000713511926
2025-11-05,0.0094980291660929,26322.5,0.0,0.005445951272015315,0.0034994016550053764,-0.0227850986441262,High,0.003306987633780959,26320.0,26320.0,26321.45704945236,26320.943603306598,26320.889193792304,-0.2434670850288766,0.26678275365345355,26255.997407458864,26390.310967827594,validation,26320.0,1.0,26321.433413405935,1.0000008979771753,26320.921058631273,1.0000008565306386,26320.870413537363,1.000000713511926
2025-11-06,-0.0284967943035031,26315.0,0.0,0.005445951272015315,-0.0007482963039860326,-0.0569854702475711,Low,0.01695231131507026,26322.5,26322.5,26323.95718784992,26322.325576301366,26326.996454548782,-0.29725716901346455,0.33675769711382975,26244.370661746376,26411.29246864598,validation,26322.5,1.0,26323.933549558427,1.0000008979771753,26322.30303044234,1.0000008565306386,26326.962650396417,1.000001284012623
2025-11-07,-0.0190023753540939,26310.0,0.0,0.005445951272015315,0.0021303175545835705,-0.0114009918986425,High,0.001724653732286145,26315.0,26315.0,26316.456772657253,26315.583139119663,26315.472622933437,-0.2450494189303714,0.26520041975195874,26250.594190668555,26384.880110674847,validation,26315.0,1.0,26316.43314110096,1.0000008979771753,26315.560599035736,1.0000008565306386,26315.45384654328,1.000000713511926
2025-11-10,-0.0380155868482481,26300.0,0.0,0.005445951272015315,0.0030868212112235734,0.0303997570360705,High,0.003691614454284085,26310.0,26310.0,26311.456495862145,26310.834691212236,26310.990054882597,-0.24308245820837346,0.26716738047395666,26246.1226739863,26380.38571977774,validation,26310.0,1.0,26311.43286879598,1.0000008979771753,26310.812155195497,1.0000008565306386,26310.971281690803,1.000000713511926
2025-11-11,0.057017962202337,26315.0,0.0,0.005445951272015315,-0.0032590750105967676,0.0094980291660929,High,-0.001843089382225274,26300.0,26300.0,26301.45594227193,26299.165403261068,26299.534036977268,-0.24861716204488282,0.2616326766374473,26234.69489986334,26368.899486438568,validation,26300.0,1.0,26301.432324186026,1.0000008979771753,26299.142877239425,1.0000008565306386,26299.515271959473,1.000000713511926
2025-11-12,0.1518891501427862,26355.0,0.0,0.005445951272015315,0.007574356988731945,-0.0284967943035031,High,0.007378598804262092,26315.0,26315.0,26316.456772657253,26317.015808840282,26316.960527363222,-0.23939547385839546,0.2708543648239347,26252.078426803713,26386.371939476805,validation,26315.0,1.0,26316.43314110096,1.0000008979771753,26316.993267529233,1.0000008565306386,26316.941749911428,1.000000713511926
2025-11-13,0.0,26355.0,0.0,0.005445951272015315,0.010840579431568067,-0.0190023753540939,High,0.009947932467965647,26355.0,26355.0,26356.458987018126,26357.879765886595,26357.640714490164,-0.2368261401946919,0.27342369848763826,26292.658320586015,26427.15942126,validation,26355.0,1.0,26356.435319540786,1.0000008979771753,26357.857189574344,1.0000008565306386,26357.621908012592,1.000000713511926
2025-11-14,-0.0189735319798888,26350.0,0.0,0.005445951272015315,-0.000369558084092593,-0.0380155868482481,High,-0.004301567568255263,26355.0,26355.0,26356.458987018126,26354.925176928464,26353.885150047936,-0.25107564023091283,0.2591741984514173,26288.912015150338,26423.393951455375,validation,26355.0,1.0,26356.435319540786,1.0000008979771753,26354.902603146907,1.0000008565306386,26353.86634625,1.000000713511926
2025-11-17,0.0189735319798921,26355.0,0.0,0.005445951272015315,0.025028777718976245,0.057017962202337,High,0.017063250524207645,26350.0,26350.0,26351.458710223014,26356.618483564063,26354.515354378622,-0.2297108221384499,0.28053901654388025,26289.54066576889,26424.025817960246,validation,26350.0,1.0,26351.435047235806,1.0000008979771753,26356.595908332136,1.0000008565306386,26354.49655013103,1.000000713511926
2025-11-18,0.1061853033141432,26383.0,0.0,0.005445951272015315,0.017897215553094266,0.1518891501427862,High,0.014423642710802388,26355.0,26355.0,26356.458987018126,26359.739811178566,26358.820432515568,-0.23235042995185518,0.277899408730475,26293.83513012268,26428.342250810918,validation,26355.0,1.0,26356.435319540786,1.0000008979771753,26359.71723327313,1.0000008565306386,26358.801625196254,1.000000713511926
2025-11-19,-0.0227445035097309,26377.0,0.0,0.005445951272015315,0.014012021657984194,0.0,High,0.008872956273863268,26383.0,26383.0,26384.460537070732,26386.719651698226,26385.359882168144,-0.23790111638879427,0.27234872229353585,26320.309149147753,26454.951698694298,validation,26383.0,1.0,26384.436844448664,1.0000008979771753,26386.69705068375,1.0000008565306386,26385.34105591263,1.000000713511926
2025-11-20,-0.0037912535784536,26376.0,0.0,0.005445951272015315,0.008445480212003323,-0.0189735319798888,High,0.0020307343758446763,26377.0,26377.0,26378.460204916602,26379.250353003445,26377.5544729314,-0.24474333828681288,0.26550650039551726,26312.52298344586,26447.12570256354,validation,26377.0,1.0,26378.43651768269,1.0000008979771753,26379.227758386645,1.0000008565306386,26377.535652245133,1.000000713511926
2025-11-21,-0.0872385270294984,26353.0,0.0,0.005445951272015315,0.02035631881121472,0.0189735319798921,High,0.013616200664707322,26376.0,26376.0,26377.46014955758,26381.39232562216,26379.610475758407,-0.23315787199795024,0.2770919666843799,26314.573917382702,26449.18712813149,validation,26376.0,1.0,26377.436463221693,1.0000008979771753,26381.3697291707,1.0000008565306386,26379.59165360516,1.000000713511926
2025-11-24,0.0853428463378897,26375.5,0.0,0.005445951272015315,0.0011562635918200628,0.1061853033141432,High,0.0009192664124303036,26353.0,26353.0,26354.45887630008,26353.3272843189,26353.261058743792,-0.24585480625022724,0.2643950324321029,26288.289462487202,26422.768214100248,validation,26353.0,1.0,26354.435210618794,1.0000008979771753,26353.304711905985,1.0000008565306386,26353.242255391153,1.000000713511926
2025-11-25,-0.0094789425362726,26373.0,0.0,0.005445951272015315,0.013515583273766896,-0.0227445035097309,High,0.011299848863494687,26375.5,26375.5,26376.96012187807,26379.08763805659,26378.499381393678,-0.23547422379916286,0.27477561488316726,26313.465562321257,26448.07310323728,validation,26375.5,1.0,26376.936435991196,1.0000008979771753,26379.06504357916,1.0000008565306386,26378.480560033207,1.000000713511926
2025-11-26,0.0132702679841082,26376.5,0.0,0.005445951272015315,-0.00453662847528581,-0.0037912535784536,High,-0.003920471424074052,26373.0,26373.0,26374.459983480516,26371.826170368702,26371.984891051146,-0.2506945440867316,0.25955529459559856,26306.967132869082,26441.541430820344,validation,26373.0,1.0,26374.436299838708,1.0000008979771753,26371.803582110937,1.0000008565306386,26371.96607433884,1.000000713511926
2025-11-27,-0.0037913254478354,26375.5,0.0,0.005445951272015315,0.006904238017935311,-0.0872385270294984,Low,0.026516131613121476,26376.5,26376.5,26377.96017723709,26378.34375304893,26383.52883155022,-0.2876933487154133,0.346321517411881,26300.725615072584,26468.005855815325,validation,26376.5,1.0,26377.936490452194,1.0000008979771753,26378.32115920866,1.0000008565306386,26383.49495480966,1.000001284012623
2025-11-28,-0.039817598008082,26365.0,0.0,0.005445951272015315,0.009709588902615586,0.0853428463378897,High,0.009633384192923198,26375.5,26375.5,26376.96012187807,26378.083670571523,26378.059796683632,-0.23714068846973435,0.2731091502125958,26313.0270613678,26447.632359115396,validation,26375.5,1.0,26376.936435991196,1.0000008979771753,26378.06107695402,1.0000008565306386,26378.040975636814,1.000000713511926
2025-12-01,0.0189627382762243,26370.0,0.0,0.005445951272015315,-0.005534609406382979,-0.0094789425362726,High,-0.00560613515387251,26365.0,26365.0,26366.459540608343,26363.56342179024,26363.540794584205,-0.25238020781653003,0.25786963086580006,26298.543854562944,26433.075062911408,validation,26365.0,1.0,26366.435864150742,1.0000008979771753,26363.540840609767,1.0000008565306386,26363.52198389686,1.000000713511926
2025-12-02,0.0189591431035311,26375.0,0.0,0.005445951272015315,0.013052505516212912,0.0132702679841082,High,0.011301014571372189,26370.0,26370.0,26371.459817403447,26373.464760005736,26372.99906337424,-0.23547305809128535,0.27477678059104477,26307.978804841478,26442.55827803946,validation,26370.0,1.0,26371.43613645572,1.0000008979771753,26373.44217034447,1.0000008565306386,26372.980245938314,1.000000713511926
2025-12-03,-0.0094791222403824,26372.5,0.0,0.005445951272015315,-0.0006841881041683524,-0.0037913254478354,High,-0.0002771460884684622,26375.0,26375.0,26376.46009419856,26374.842136845877,26374.945721645352,-0.247051218751126,0.26319861993120414,26309.920663801604,26444.510070653472,validation,26375.0,1.0,26376.4364087607,1.0000008979771753,26374.81954600485,1.0000008565306386,26374.926902820458,1.000000713511926
2025-12-04,0.0075833696739439,26374.5,0.0,0.005445951272015315,0.001438939635266503,-0.039817598008082,Low,0.023814697702717567,26372.5,26372.5,26373.959955801005,26372.90207626491,26378.81514974391,-0.29039478262581725,0.34362008350147705,26296.026726890646,26463.277081342112,validation,26372.5,1.0,26373.93627260821,1.0000008979771753,26372.8794870856,1.0000008565306386,26378.781279055773,1.000001284012623
2025-12-05,-0.0549924636259777,26360.0,0.0,0.005445951272015315,0.008972299936745119,0.0189627382762243,High,0.007738790740271015,26374.5,26374.5,26375.96006651905,26376.88909800452,26376.55996631947,-0.23903528192238654,0.2712145567599436,26311.530928700584,26446.128572924215,validation,26374.5,1.0,26375.936381530202,1.0000008979771753,26376.86650541021,1.0000008565306386,26376.541146342795,1.000000713511926
2025-12-08,0.0,26360.0,0.0,0.005445951272015315,-0.00417645464823857,0.0189591431035311,High,-0.003501507834692274,26360.0,26360.0,26361.45926381323,26358.92168674867,26359.09582620981,-0.2502755804973498,0.2599742581849803,26294.10984485852,26428.618370860517,validation,26360.0,1.0,26361.435591845762,1.0000008979771753,26358.89910954398,1.0000008565306386,26359.077018694,1.000000713511926
2025-12-09,0.0474090939520348,26372.5,0.0,0.005445951272015315,0.0067702010545055554,-0.0094791222403824,High,0.00606515631412357,26360.0,26360.0,26361.45926381323,26361.80726508695,26361.61763300464,-0.24070891634853397,0.2695409223337962,26296.625434365378,26431.146828961846,validation,26360.0,1.0,26361.435591845762,1.0000008979771753,26361.78468541068,1.0000008565306386,26361.598823689492,1.000000713511926
2025-12-10,-0.0587906217447265,26357.0,0.0,0.005445951272015315,0.0036010755619572555,0.0075833696739439,High,0.004627164828054665,26372.5,26372.5,26373.959955801005,26373.472300420097,26373.73914524132,-0.24214690783460288,0.26810293084772724,26308.717062103242,26443.300311884523,validation,26372.5,1.0,26373.93627260821,1.0000008979771753,26373.449710752375,1.0000008565306386,26373.720327277337,1.000000713511926
2025-12-11,-0.1119874083764316,26327.5,0.0,0.005445951272015315,-0.00973212606756461,-0.0549924636259777,Low,0.007991581442958256,26357.0,26357.0,26358.45909773617,26354.4576017286,26359.140270713528,-0.30621789888557654,0.32779696724171775,26276.413596357885,26443.539205612386,validation,26357.0,1.0,26358.435428462777,1.0000008979771753,26354.435028347536,1.0000008565306386,26359.106425288148,1.000001284012623
2025-12-12,-0.0816970226028344,26306.0,0.0,0.005445951272015315,0.0014961538479631,0.0,High,0.0014241202380756543,26327.5,26327.5,26328.957464645024,26327.91645349879,26327.893723178207,-0.2453499524245819,0.26489988625774824,26262.9846678072,26397.333971773864,validation,26327.5,1.0,26328.933821863404,1.0000008979771753,26327.89390285101,1.0000008565306386,26327.874937925455,1.000000713511926
2025-12-15,0.0532056410529475,26320.0,0.0,0.005445951272015315,-0.0065780920283242065,0.0474090939520348,High,-0.0013544301358716685,26306.0,26306.0,26307.45627442606,26304.29215443738,26305.662475411846,-0.24812850279852922,0.26212133588380093,26240.808229183844,26375.044088729348,validation,26306.0,1.0,26307.432650951996,1.0000008979771753,26304.269624024517,1.0000008565306386,26305.64370602134,1.000000713511926
2025-12-16,0.0949397204132731,26345.0,0.0,0.005445951272015315,-0.008156780864979873,-0.0587906217447265,Low,0.0021376586916512248,26320.0,26320.0,26321.45704945236,26317.87576487911,26320.596433715928,-0.3120718216368836,0.3219430444904107,26237.99072701777,26404.87195568265,validation,26320.0,1.0,26321.433413405935,1.0000008979771753,26317.853222831483,1.0000008565306386,26320.56263778126,1.000001284012623
2025-12-17,-0.0379650725896467,26335.0,0.0,0.005445951272015315,-0.006538664252060076,-0.1119874083764316,Low,0.0008483147346342972,26345.0,26345.0,26346.458433427906,26343.3000090437,26345.257317064294,-0.3133611655939005,0.3206537005333938,26262.574213575306,26429.611800342613,validation,26345.0,1.0,26346.43477493083,1.0000008979771753,26343.277445219446,1.0000008565306386,26345.22348946478,1.000001284012623
2025-12-18,-0.0379794915313502,26325.0,0.0,0.005445951272015315,-0.007999954235094406,-0.0816970226028344,Low,0.007476009414598375,26335.0,26335.0,26336.45787983769,26332.91585125089,26337.002697675758,-0.30673347091393643,0.32728139521335786,26254.34550084393,26421.33075061238,validation,26335.0,1.0,26336.434230320872,1.0000008979771753,26332.893296320977,1.0000008565306386,26336.968880675267,1.000001284012623
2025-12-19,-0.0474946577439029,26312.5,0.0,0.005445951272015315,0.010864063092128203,0.0532056410529475,High,0.009840315409984013,26325.0,26325.0,26326.457326247473,26327.882670587653,26327.609375540596,-0.23693375725267354,0.27331608142965663,26262.701021203124,26397.048874164717,validation,26325.0,1.0,26326.433685710916,1.0000008979771753,26327.86011996881,1.0000008565306386,26327.590590490727,1.000000713511926
2025-12-22,0.1044584872534797,26340.0,0.0,0.005445951272015315,-0.001630434270096636,0.0949397204132731,High,0.0006725495365787508,26312.5,26312.5,26313.956634259703,26312.09353257498,26312.69573960072,-0.2461015231260788,0.26414831555625135,26247.824153492078,26382.095903267098,validation,26312.5,1.0,26313.93300494847,1.0000008979771753,26312.070995480008,1.0000008565306386,26312.676965191902,1.000000713511926
2025-12-23,-0.0341744037044789,26331.0,0.0,0.005445951272015315,0.010069898691292597,-0.0379650725896467,High,0.008910690625059899,26340.0,26340.0,26341.458156632798,26342.67510815634,26342.365976062956,-0.23786338203759766,0.2723864566447325,26277.421240653362,26411.84439546135,validation,26340.0,1.0,26341.43450262585,1.0000008979771753,26342.652544867335,1.0000008565306386,26342.347180484085,1.000000713511926
2025-12-24,-0.0417845820973818,26320.0,0.0,0.005445951272015315,-0.006453665720960171,-0.0379794915313502,High,-0.0068627292393711615,26331.0,26331.0,26332.457658401603,26329.323291964654,26329.211822961417,-0.2536368019020287,0.25661303678030145,26264.299517933876,26398.655548066727,validation,26331.0,1.0,26332.43401247689,1.0000008979771753,26329.300740111878,1.0000008565306386,26329.193036768185,1.000000713511926
2025-12-25,-0.1520912840706731,26280.0,0.0,0.005445951272015315,0.007660599771994094,-0.0474946577439029,Low,0.031168697520709703,26320.0,26320.0,26321.45704945236,26322.038892704615,26328.23868554551,-0.2830407828078251,0.3509740833194692,26245.60899407122,26412.538677123463,validation,26320.0,1.0,26321.433413405935,1.0000008979771753,26322.016347091143,1.0000008565306386,26328.204879798108,1.000001284012623
2025-12-26,0.0418481678512126,26291.0,0.0,0.005445951272015315,-0.006634143499861413,0.1044584872534797,High,-0.003050007900720517,26280.0,26280.0,26281.454835091496,26278.279113050452,26279.217220668626,-0.24982408056337807,0.2604257581189521,26214.428172839045,26348.529084195936,validation,26280.0,1.0,26281.431234966112,1.0000008979771753,26278.25660491854,1.0000008565306386,26279.198470147112,1.000000713511926
2025-12-29,-0.0228241023510633,26285.0,0.0,0.005445951272015315,0.0012899750039146469,-0.0341744037044789,High,0.00437258225218282,26291.0,26291.0,26292.455444040734,26291.36166885326,26292.16838049611,-0.24240149041047473,0.26784834827185544,26227.34740274614,26361.514402918445,validation,26291.0,1.0,26292.431834037063,1.0000008979771753,26291.33914951575,1.0000008565306386,26292.149620733795,1.000000713511926
2025-12-30,-0.0761179865486512,26265.0,0.0,0.005445951272015315,-0.016450809355623538,-0.0417845820973818,Low,-0.005989817002070089,26285.0,26285.0,26286.4551118866,26280.69877062012,26283.45937200288,-0.32019929733060487,0.3138155687966894,26200.970217877348,26367.615985370096,validation,26285.0,1.0,26286.43150727109,1.0000008979771753,26280.6762604157,1.0000008565306386,26283.425623752606,1.000001284012623
2025-12-31,0.1331684777794018,26300.0,0.0,0.005445951272015315,-0.013685027855025903,-0.1520912840706731,Low,-0.009902472931863589,26265.0,26265.0,26266.454004706167,26261.428367066845,26262.432965508277,-0.3241119532603984,0.3099029128668959,26180.00980157306,26346.52225474069,validation,26265.0,1.0,26266.430418051175,1.0000008979771753,26261.4058733681,1.0000008565306386,26262.39924425614,1.000001284012623
2026-01-01,0.0,26300.0,0.0,0.006113386707102605,0.01861954987353067,0.0418481678512126,High,0.024886488384599857,26300.0,26300.0,26301.63285741262,26304.921344354687,26306.566125142024,-0.23145187719102348,0.29467837438411876,26239.198546494277,26377.614713186413,test,26300.0,1.0,26301.60786985112,1.000000950039314,26304.89739753928,1.0000009103557808,26306.545960941272,1.0000007665088675
2026-01-02,0.0,26300.0,0.0,0.006113386707102605,-0.026374764173087546,-0.0228241023510633,High,-0.026090471408344983,26300.0,26300.0,26301.63285741262,26293.088287736253,26293.159255003233,-0.2824288369839683,0.24370141459117395,26225.826009547218,26364.17163386742,test,26300.0,1.0,26301.60786985112,1.000000950039314,26293.064351693127,1.0000009103557808,26293.13910107896,1.0000007665088675
2026-01-05,-0.0970052097485504,26274.5,0.0,0.006113386707102605,0.014831487816172419,-0.0761179865486512,Low,0.044010895370205194,26300.0,26300.0,26301.63285741262,26303.9249164828,26311.611651070798,-0.26728022265153895,0.3910507600229962,26229.799159715898,26403.047702981206,test,26300.0,1.0,26301.60786985112,1.000000950039314,26303.900970574494,1.0000009103557808,26311.577412957038,1.0000013012565998
2026-01-06,0.0038058991441324,26275.5,0.0,0.006113386707102605,0.006910318089549953,0.1331684777794018,High,0.00969573340665901,26274.5,26274.5,26276.131274223873,26276.339635057437,26277.06777056761,-0.24664263216896432,0.27948761940617795,26209.775733239563,26348.03668966425,test,26274.5,1.0,26276.106310889856,1.000000950039314,26276.31571426153,1.0000009103557808,26277.04762897759,1.0000007665088675
2026-01-07,-0.0057089030358357,26274.0,0.0,0.006113386707102605,0.0031220261516454618,0.0,High,0.0008749386579134811,26275.5,26275.5,26277.13133630971,26276.344261587157,26275.750036092744,-0.25546342691770985,0.2706668246574324,26208.4613733055,26346.71539626142,test,26275.5,1.0,26277.106372025595,1.000000950039314,26276.32034078704,1.0000009103557808,26275.72989551278,1.0000007665088675
2026-01-08,-0.0152253349867857,26270.0,0.0,0.006113386707102605,-0.00016537683482108385,0.0,High,0.00021760813106219516,26274.0,26274.0,26275.63124318096,26273.980467574576,26274.077313720372,-0.25612075744456114,0.2700094941305811,26206.79293455021,26345.038156212275,test,26274.0,1.0,26275.60628032199,1.000000950039314,26273.956548926348,1.0000009103557808,26274.057174422564,1.0000007665088675
2026-01-09,0.0,26270.0,0.0,0.006113386707102605,-0.0022618506835721877,-0.0970052097485504,Low,0.0083212410722606,26270.0,26270.0,26271.630994837626,26269.429733050645,26272.220267838486,-0.3029698769494835,0.35536110572505164,26190.530258802144,26363.51942989928,test,26270.0,1.0,26271.60603577905,1.000000950039314,26269.4058185452,1.0000009103557808,26272.186080982956,1.0000013012565998
2026-01-10,-0.0571156607625894,26255.0,0.0,0.006113386707102605,0.005591792019526057,0.0038058991441324,High,0.006666498935636134,26270.0,26270.0,26271.630994837626,26271.492921218673,26271.7714851769,-0.2496718666399872,0.27645838493515507,26204.493010923594,26342.72610010335,test,26270.0,1.0,26271.60603577905,1.000000950039314,26271.469004834995,1.0000009103557808,26271.75134764653,1.0000007665088675
2026-01-12,0.0761469673192186,26275.0,0.0,0.006113386707102605,-0.00996178054634358,-0.0057089030358357,High,-0.009008676642944038,26255.0,26255.0,26256.63006355013,26252.40856379684,26252.655001359497,-0.26534704221856736,0.2607832093565749,26185.425481850834,26323.557986621436,test,26255.0,1.0,26256.60511874301,1.000000950039314,26252.3846647867,1.0000009103557808,26252.63487848207,1.0000007665088675
2026-01-13,0.0475624265803401,26287.5,0.0,0.006113386707102605,0.011500123000689151,-0.0152253349867857,High,0.010631826340650906,26275.0,26275.0,26276.63130526679,26278.045753421327,26277.813803038818,-0.24570653923497243,0.28042371234016983,26210.519855221926,26348.784737014692,test,26275.0,1.0,26276.606341457726,1.000000950039314,26278.021831072245,1.0000009103557808,26277.79366087696,1.0000007665088675
2026-01-14,-0.0380481313445796,26277.5,0.0,0.006113386707102605,-0.003106512243359106,0.0,High,-0.005184519235712041,26287.5,26287.5,26289.132081339707,26286.707318512345,26286.157303391923,-0.2615228848113354,0.26460736676380686,26218.841988992495,26357.150771434637,test,26287.5,1.0,26289.107105654424,1.000000950039314,26286.683388278165,1.0000009103557808,26286.1371548347,1.0000007665088675
2026-01-15,-0.0285456017923939,26270.0,0.0,0.006113386707102605,0.0016511521188323627,-0.0571156607625894,Low,0.026459749371853716,26277.5,26277.5,26279.131460481374,26277.957807349085,26284.488083409393,-0.28483136864989045,0.3734996140246447,26202.75992921613,26375.82987762196,test,26277.5,1.0,26279.106494297066,1.000000950039314,26277.933885080067,1.0000009103557808,26284.453880590307,1.0000013012565998
2026-01-16,0.0190313065566216,26275.0,0.0,0.006113386707102605,0.016500115610834795,0.0761469673192186,High,0.015542873267899628,26270.0,26270.0,26271.630994837626,26274.358856988718,26274.103569458377,-0.2407954923077237,0.2853347592674185,26206.8191230508,26345.064482861588,test,26270.0,1.0,26271.60603577905,1.000000950039314,26274.33493799602,1.0000009103557808,26274.083430140443,1.0000007665088675
2026-01-19,-0.0380662357089979,26265.0,0.0,0.006113386707102605,0.0021798220799653673,0.0475624265803401,High,0.0016479455201110179,26275.0,26275.0,26276.63130526679,26275.596674613553,26275.453141605605,-0.25469042005551235,0.2714398315196299,26208.16523912522,26346.417699923746,test,26275.0,1.0,26276.606341457726,1.000000950039314,26275.572754494002,1.0000009103557808,26275.433001253212,1.0000007665088675
2026-01-20,0.0,26265.0,0.0,0.006113386707102605,-0.002781295945131967,-0.0380481313445796,High,-0.007477007559374591,26265.0,26265.0,26266.630684408457,26264.29341260827,26263.056368230948,-0.2638153731349979,0.26231487844014434,26195.8002122203,26333.987445431085,test,26265.0,1.0,26266.605730100368,1.000000950039314,26264.2695027787,1.0000009103557808,26263.036237380784,1.0000007665088675
2026-01-21,0.0,26265.0,0.0,0.006113386707102605,0.011320446749903276,-0.0285456017923939,High,0.006615061819802363,26265.0,26265.0,26266.630684408457,26267.99739684301,26266.75763714202,-0.24972330375582097,0.2764069478193213,26199.492002679362,26337.6987107031,test,26265.0,1.0,26266.605730100368,1.000000950039314,26267.9734836415,1.0000009103557808,26266.737503454802,1.0000007665088675
2026-01-22,0.0171315992766918,26269.5,0.0,0.006113386707102605,-0.00044953085931190946,0.0190313065566216,High,0.00019928277696091776,26265.0,26265.0,26266.630684408457,26264.905841372274,26265.072474069046,-0.25613908279866243,0.26999116877647983,26197.811155082436,26336.0089963536,test,26265.0,1.0,26266.605730100368,1.000000950039314,26264.88193098518,1.0000009103557808,26265.05234167352,1.0000007665088675
2026-01-23,-0.0933075694428706,26245.0,0.0,0.006113386707102605,-0.0002943124865393631,-0.0380662357089979,High,-0.0034352681865067927,26269.5,26269.5,26271.13096379471,26269.44660021592,26268.617722836963,-0.25977363376213014,0.2663566178130121,26201.347324944953,26339.563820104355,test,26269.5,1.0,26271.10600521118,1.000000950039314,26269.42268569512,1.0000009103557808,26268.597587723976,1.0000007665088675
2026-01-26,-0.2193297021906649,26187.5,0.0,0.006113386707102605,-0.0035710082246384594,0.0,High,-0.004632395302139334,26245.0,26245.0,26246.629442691796,26244.08669705947,26243.804372105555,-0.26097076087776266,0.2651594906973796,26176.597517868344,26314.68345365049,test,26245.0,1.0,26246.60450738565,1.000000950039314,26244.062805625184,1.0000009103557808,26243.784256012204,1.0000007665088675
2026-01-27,-0.2045049115402142,26134.0,0.0,0.006113386707102605,-0.009785793764775019,0.0,High,-0.007326707858642825,26187.5,26187.5,26189.125872756387,26184.961308251008,26185.601460146234,-0.26366507343426615,0.2624651781408761,26118.543655740552,26256.323347677513,test,26187.5,1.0,26189.100992080843,1.000000950039314,26184.937470641813,1.0000009103557808,26185.581388665898,1.0000007665088675
2026-01-28,-0.2643730346885091,26065.0,0.0,0.006113386707102605,-0.011805235047511783,0.0171315992766918,High,0.0010613128770940604,26134.0,26134.0,26135.622551164313,26130.93879040143,26134.297397134495,-0.2552770526985293,0.27085319887661297,26067.370975535807,26204.880723014645,test,26134.0,1.0,26135.59772131898,1.000000950039314,26130.9150019719,1.0000009103557808,26134.27736497915,1.0000007665088675
2026-01-29,-0.2496880198587154,26000.0,0.0,0.006113386707102605,-0.04223071723192919,-0.0933075694428706,Low,-0.0642208400039947,26065.0,26065.0,26066.618267241825,26054.018605890888,26048.300107396044,-0.37551195802573883,0.2828190246487963,25967.306348609723,26138.82111965417,test,26065.0,1.0,26066.593502953212,1.000000950039314,26053.99488748603,1.0000009103557808,26048.266211917722,1.0000013012565998
2026-01-30,-0.2310359133184258,25940.0,0.0,0.006113386707102605,-0.04430935177102438,-0.2193297021906649,Low,-0.08603965080523053,26000.0,26000.0,26001.61423166267,25988.505779241787,25977.67311527374,-0.39733076882697466,0.2610002138475605,25896.89896181829,26067.948690140824,test,26000.0,1.0,26001.589529130386,1.000000950039314,25988.482120476856,1.0000009103557808,25977.63931169914,1.0000013012565998
2026-02-02,0.3079294196061357,26020.0,0.0,0.006113386707102605,-0.056108657949540376,-0.2045049115402142,Low,-0.11092516973506443,25940.0,25940.0,25941.610506512676,25925.47309793854,25911.275681044288,-0.4222162877568086,0.23611469491772658,25830.707981666445,26001.320516748612,test,25940.0,1.0,25941.585860986237,1.000000950039314,25925.44949655572,1.0000009103557808,25911.241963869674,1.0000013012565998
2026-02-03,-0.0692014944382248,26002.0,0.0,0.006113386707102605,-0.024614075338958694,-0.2643730346885091,Low,-0.0705583992740958,26020.0,26020.0,26021.615473379334,26013.61988737419,26001.6810148133,-0.38184951729583994,0.2764814653786952,25920.83221195592,26092.040020052398,test,26020.0,1.0,26021.590751845102,1.000000950039314,26013.596205746504,1.0000009103557808,26001.6471799983,1.0000013012565998
2026-02-04,-0.0769467566435882,25982.0,0.0,0.006113386707102605,-0.08459435673111185,-0.2496880198587154,Low,-0.10879760889196775,26002.0,26002.0,26003.614355834332,25980.036727577295,25973.759627817868,-0.4200887269137119,0.23824225576082325,25892.99764283628,26064.021602839868,test,26002.0,1.0,26003.589651401857,1.000000950039314,25980.013076522206,1.0000009103557808,25973.72582933571,1.0000013012565998
2026-02-05,-0.1039721294348726,25955.0,0.0,0.006113386707102605,-0.0003194115544573571,-0.2310359133184258,Low,0.0008359815464185627,25982.0,25982.0,25983.61311411767,25981.940663410805,25982.2510151649,-0.3104551364753256,0.3478758461992096,25901.462627332625,26072.54249879111,test,25982.0,1.0,25983.58842868714,1.000000950039314,25981.91701062246,1.0000009103557808,25982.217205633286,1.0000013012565998
2026-02-06,-0.0192659667294721,25950.0,0.0,0.006113386707102605,-0.0029684415645470225,0.3079294196061357,High,0.02540544021169421,25955.0,25955.0,25956.611437800177,25954.25318001003,25961.614719485602,-0.23093292536392912,0.29519732621121314,25895.130515005345,26031.73166520924,test,25955.0,1.0,25956.586778022276,1.000000950039314,25954.22955242712,1.0000009103557808,25961.59481969296,1.0000007665088675
2026-02-09,-0.1542615037879077,25910.0,0.0,0.006113386707102605,-0.030147881042322404,-0.0692014944382248,Low,-0.013193567074516202,25950.0,25950.0,25951.61112737101,25942.20142065346,25946.610258344237,-0.32448468509626033,0.33384629757827483,25865.932690751622,26036.777886003965,test,25950.0,1.0,25951.586472343595,1.000000950039314,25942.17780404193,1.0000009103557808,25946.57649519033,1.0000013012565998
2026-02-10,-0.0965344220153967,25885.0,0.0,0.006113386707102605,-0.00871991332291168,-0.0769467566435882,Low,0.002683541582913642,25910.0,25910.0,25911.608643937678,25907.764354222534,25910.729031416908,-0.3086075764388305,0.34972340623570464,25830.163031774096,26000.771967447272,test,25910.0,1.0,25911.584026914163,1.000000950039314,25907.740768960957,1.0000009103557808,25910.695314953624,1.0000013012565998
2026-02-11,0.4432887667617408,26000.0,0.0,0.006113386707102605,-0.005742010140984144,-0.1039721294348726,Low,-0.01737333453777715,25885.0,25885.0,25886.60709179185,25883.537286552837,25880.536980155044,-0.3286644525595213,0.32966653011501384,25800.064858719525,25970.474995133703,test,25885.0,1.0,25886.58249852077,1.000000950039314,25883.513723346492,1.0000009103557808,25880.503302979316,1.0000013012565998
2026-02-12,-0.153964618559275,25960.0,0.0,0.006113386707102605,0.021805503872387933,-0.0192659667294721,High,0.031185784398509078,26000.0,26000.0,26001.61423166267,26005.693723587814,26008.129503840755,-0.22515258117711426,0.300977670398028,25941.52618125217,26078.37207636555,test,26000.0,1.0,26001.589529130386,1.000000950039314,26005.67004917575,1.0000009103557808,26008.109568394146,1.0000007665088675
2026-02-13,0.0385133838767728,25970.0,0.0,0.006113386707102605,-0.067465647330102,-0.1542615037879077,Low,-0.05127424050847891,25960.0,25960.0,25961.61174822934,25942.51544151652,25946.72638238981,-0.36256535853022304,0.2957656241443121,25866.04845372477,26036.894413594724,test,25960.0,1.0,25961.587083700953,1.000000950039314,25942.49182461912,1.0000009103557808,25946.692619084795,1.0000013012565998
2026-02-16,0.0,25970.0,0.0,0.006113386707102605,0.06083223212919774,-0.0965344220153967,Low,0.09680496913460655,25970.0,25970.0,25971.61236908767,25985.82659316215,25995.186249281294,-0.21448614888713757,0.4438448337873976,25914.357641042017,26085.522684419935,test,25970.0,1.0,25971.58769505831,1.000000950039314,25985.80293683623,1.0000009103557808,25995.15242291764,1.0000013012565998
2026-02-17,0.0,25970.0,0.0,0.006113386707102605,0.010367635949858216,0.4432887667617408,High,0.029715396787873872,25970.0,25970.0,25971.61236908767,25972.716259024874,25977.738147392512,-0.22662296878774946,0.2995072827873928,25911.21265298135,26047.8986391564,test,25970.0,1.0,25971.58769505831,1.000000950039314,25972.69261463401,1.0000009103557808,25977.71823524113,1.0000007665088675
2026-02-18,0.0,25970.0,0.0,0.006113386707102605,-0.01730888133283767,-0.153964618559275,Low,0.01725839035926425,25970.0,25970.0,25971.61236908767,25965.52891037043,25974.51619022606,-0.2940327276624799,0.36429825501205526,25893.751852813297,26064.780794394483,test,25970.0,1.0,25971.58769505831,1.000000950039314,25965.505272522605,1.0000009103557808,25974.482390759422,1.0000013012565998
2026-02-19,0.0,25970.0,0.0,0.006113386707102605,0.03878701607738845,0.0385133838767728,High,0.03143503628342017,25970.0,25970.0,25971.61236908767,25980.09859294505,25978.184874678784,-0.22490332929220316,0.30122692228293907,25911.65823625911,26048.346572960574,test,25970.0,1.0,25971.58769505831,1.000000950039314,25980.07494183364,1.0000009103557808,25978.16496218498,1.0000007665088675
2026-02-20,0.0,25970.0,0.0,0.006113386707102605,0.00041788039345545293,0.0,High,-0.007301853427585772,25970.0,25970.0,25971.61236908767,25970.13216580335,25968.123682677193,-0.2636402190032091,0.26249003257193315,25901.6228096174,26038.258207762665,test,25970.0,1.0,25971.58769505831,1.000000950039314,25970.108523764928,1.0000009103557808,25968.103777895376,1.0000007665088675
2026-02-23,0.5759278733573227,26120.0,0.0,0.006113386707102605,0.0044465667501568575,0.0,High,0.002939353412111401,25970.0,25970.0,25971.61236908767,25971.178442050183,25970.783268120427,-0.25339901216351196,0.2727312394116303,25904.275584219922,26040.924976195478,test,25970.0,1.0,25971.58769505831,1.000000950039314,25971.154799059277,1.0000009103557808,25970.763361300014,1.0000007665088675
2026-02-24,0.2867248451952757,26195.0,0.0,0.006113386707102605,0.054891426575418095,0.0,High,0.04334311273760318,26120.0,26120.0,26121.62168196265,26134.36536795827,26131.343704777686,-0.21299525283802015,0.3131349987371221,26064.42484718797,26201.919053346377,test,26120.0,1.0,26121.59686541868,1.000000950039314,26134.34157640934,1.0000009103557808,26131.32367488637,1.0000007665088675
2026-02-25,-0.3556613114847115,26102.0,0.0,0.006113386707102605,-0.0031835960783322473,0.0,High,-0.02784351940304877,26195.0,26195.0,26196.62633840014,26194.18991629233,26187.727478506928,-0.2841818849786721,0.24194836659647015,26120.66422965409,26258.455107973587,test,26195.0,1.0,26196.601450598864,1.000000950039314,26194.166070281826,1.0000009103557808,26187.70740539698,1.0000007665088675
2026-02-26,-0.1034938858499734,26075.0,0.0,0.006113386707102605,0.028195507445748075,0.0,High,-0.012853504225871858,26102.0,26102.0,26103.62056441765,26109.384397795453,26098.665198779625,-0.2691918698014952,0.2569383817736471,26031.83002644979,26169.15228947005,test,26102.0,1.0,26103.595764975435,1.000000950039314,26109.360628988074,1.0000009103557808,26098.645193936653,1.0000007665088675
2026-02-27,-0.1151189689681276,26045.0,0.0,0.006113386707102605,0.09948266775774658,0.5759278733573227,High,0.10071473641123654,26075.0,26075.0,26076.618888100158,26100.976774005634,26101.294603352,-0.1556236291643868,0.3705066224107555,26034.45269747061,26171.788795519726,test,26075.0,1.0,26076.59411431057,1.000000950039314,26100.953012852176,1.0000009103557808,26101.274596493568,1.0000007665088675
2026-03-02,0.4596828627016385,26165.0,0.0,0.006113386707102605,-0.024245485727489066,0.2867248451952757,High,-0.01658770494416565,26045.0,26045.0,26046.61702552516,26038.70973316806,26040.70005095632,-0.272926070519789,0.25320418105535325,25974.013319576028,26111.030589784783,test,26045.0,1.0,26046.592280238496,1.000000950039314,26038.68602869971,1.0000009103557808,26040.680090544112,1.0000007665088675
2026-03-03,0.1336770942880002,26200.0,0.0,0.006113386707102605,0.046174766261869164,-0.3556613114847115,Low,0.0649071278328073,26165.0,26165.0,26166.62447582514,26177.10824781356,26182.022532247927,-0.24638399018893684,0.4119469924855983,26100.612981191935,26273.00824620288,test,26165.0,1.0,26166.59961652679,1.000000950039314,26177.08441735344,1.0000009103557808,26181.988462762645,1.0000013012565998
2026-03-04,0.0763067568502648,26220.0,0.0,0.006113386707102605,0.00018782790526327559,-0.1034938858499734,Low,0.011524250971535595,26200.0,26200.0,26201.626648829304,26200.073062323652,26203.05362459227,-0.29976686705020855,0.3585641156243266,26121.578680124294,26294.112424152045,test,26200.0,1.0,26201.60175627754,1.000000950039314,26200.049210957397,1.0000009103557808,26203.019527740176,1.0000013012565998
2026-03-05,-0.0190712311057649,26215.0,0.0,0.006113386707102605,0.030573181890067212,-0.1151189689681276,Low,0.06799810149412555,26220.0,26220.0,26221.627890545966,26228.041390661034,26237.869307467627,-0.2432930165276186,0.41503796614691657,26156.286108218756,26329.049095761533,test,26220.0,1.0,26221.602978992258,1.000000950039314,26228.01751383367,1.0000009103557808,26237.83516531145,1.0000013012565998
2026-03-06,0.0953198051392197,26240.0,0.0,0.006113386707102605,0.0415212200148315,0.4596828627016385,High,0.04814753199399915,26215.0,26215.0,26216.627580116798,26225.91092277591,26227.64501826779,-0.20819083358162419,0.31793941799351805,26160.479545962968,26298.480456743986,test,26215.0,1.0,26216.602673313577,1.000000950039314,26225.88704788803,1.0000009103557808,26227.62491456072,1.0000007665088675
2026-03-09,0.1428095639484143,26277.5,0.0,0.006113386707102605,0.020503457056313536,0.1336770942880002,High,0.0035227957919857864,26240.0,26240.0,26241.62913226263,26245.404551357253,26240.94451179929,-0.25281556978363756,0.2733146817915047,26173.744981279786,26311.815869453705,test,26240.0,1.0,26241.604201706974,1.000000950039314,26245.38065872325,1.0000009103557808,26240.92439789805,1.0000007665088675
2026-03-10,-0.1618662576697329,26235.0,0.0,0.006113386707102605,0.04507249796366275,0.0763067568502648,High,0.024719495140657098,26277.5,26277.5,26279.131460481374,26289.370527888685,26284.016615165947,-0.23161887043496623,0.294511381140176,26216.706782781228,26355.00430165301,test,26277.5,1.0,26279.106494297066,1.000000950039314,26289.34659523004,1.0000009103557808,26283.99646824958,1.0000007665088675
2026-03-11,0.0571591898957567,26250.0,0.0,0.006113386707102605,0.00887065838837892,-0.0190712311057649,High,-0.016098735445621352,26235.0,26235.0,26236.628821833463,26237.351205753585,26230.796942825953,-0.2724371010212447,0.2536931505538976,26163.62339886614,26301.640893997734,test,26235.0,1.0,26236.603896028293,1.000000950039314,26237.327320450986,1.0000009103557808,26230.776836702906,1.0000007665088675
2026-03-12,0.0951927725382155,26275.0,0.0,0.006113386707102605,0.0518280250388258,0.0953198051392197,High,0.04238915299983048,26250.0,26250.0,26251.629753120964,26263.6322919738,26261.149640737243,-0.21394921257579286,0.3121810389993494,26193.898367599326,26332.075568261233,test,26250.0,1.0,26251.604813064332,1.000000950039314,26263.608382746086,1.0000009103557808,26261.1295113486,1.0000007665088675
2026-03-13,0.0722859511397632,26294.0,0.0,0.006113386707102605,0.0006468562545296035,0.1428095639484143,High,0.002302340759051162,26275.0,26275.0,26276.63130526679,26275.193881783445,26275.62508748258,-0.25403602481657217,0.2720942267585701,26208.33674467192,26346.590110190926,test,26275.0,1.0,26276.606341457726,1.000000950039314,26275.16996203058,1.0000009103557808,26275.60494699839,1.0000007665088675
2026-03-16,-0.0152137532622671,26290.0,0.0,0.006113386707102605,0.003725299808132824,-0.1618662576697329,Low,0.03356044084495349,26294.0,26294.0,26295.632484897622,26295.003486363636,26302.860089957987,-0.2777306771767907,0.3806003054977445,26221.07481042984,26394.265729128696,test,26294.0,1.0,26295.607503036706,1.000000950039314,26294.979548576997,1.0000009103557808,26302.82586323224,1.0000013012565998
2026-03-17,0.038030044192902,26300.0,0.0,0.006113386707102605,0.028613544982282295,0.0571591898957567,High,0.018900640183484595,26290.0,26290.0,26291.632236554287,26297.547517408206,26294.989603245434,-0.23743772539213875,0.2886925261830035,26227.651670513675,26366.00692550122,test,26290.0,1.0,26291.60725849376,1.000000950039314,26297.523577305597,1.0000009103557808,26294.96944791818,1.0000007665088675
2026-03-18,0.0380155868482466,26310.0,0.0,0.006113386707102605,0.01580463622971858,0.0951927725382155,High,0.00984096043687922,26300.0,26300.0,26301.63285741262,26304.18089395634,26302.608461116768,-0.24649740513874413,0.27963284643639813,26235.251017514438,26373.6463603301,test,26300.0,1.0,26301.60786985112,1.000000950039314,26304.156947815005,1.0000009103557808,26302.5882999496,1.0000007665088675
2026-03-19,-0.076045631041149,26290.0,0.0,0.006113386707102605,0.01025395113056751,0.0722859511397632,High,0.005500679381995959,26310.0,26310.0,26311.633478270953,26312.721906780163,26311.46743650749,-0.2508376861936274,0.27529256538151486,26244.087306260368,26382.529261979005,test,26310.0,1.0,26311.608481208477,1.000000950039314,26312.697952863473,1.0000009103557808,26311.44726854984,1.0000007665088675
2026-03-20,0.0836470144965906,26312.0,0.0,0.006113386707102605,0.006043384785242511,-0.0152137532622671,High,-0.005547210831807664,26290.0,26290.0,26291.632236554287,26291.612788569728,26288.561829121078,-0.261885576407431,0.2642446751677113,26221.240357054572,26359.561791289903,test,26290.0,1.0,26291.60725849376,1.000000950039314,26291.58885386983,1.0000009103557808,26288.54167872077,1.0000007665088675
2026-03-23,0.1101551779857693,26341.0,0.0,0.006113386707102605,0.030582196876762946,0.038030044192902,High,0.024070152603806134,26312.0,26312.0,26313.633602442616,26320.07197881774,26318.354274072863,-0.2322682129718172,0.29386203860332505,26250.95650756075,26389.434699466656,test,26312.0,1.0,26313.60860347995,1.000000950039314,26320.048018209876,1.0000009103557808,26318.334100836397,1.0000007665088675
2026-03-24,0.0607233689766054,26357.0,0.0,0.006113386707102605,0.002814745981678869,0.0380155868482466,High,-0.0013339558611490695,26341.0,26341.0,26342.63540293178,26341.765423030447,26340.66881537096,-0.25767232143677243,0.2684579301383698,26273.21390431901,26411.809507720325,test,26341.0,1.0,26342.610376416287,1.000000950039314,26341.74144267385,1.0000009103557808,26340.64862503021,1.0000007665088675
2026-03-25,-0.0265619369008148,26350.0,0.0,0.006113386707102605,0.009321818422446029,-0.076045631041149,Low,0.0428106305538867,26357.0,26357.0,26358.63639630511,26359.481062685565,26368.3203254357,-0.26848048746785746,0.3898504952066777,26286.33150592603,26459.95344688946,test,26357.0,1.0,26358.611354588058,1.000000950039314,26359.45706620145,1.0000009103557808,26368.286013529498,1.0000013012565998
2026-03-26,0.0037949944028352,26351.0,0.0,0.006113386707102605,0.023221809693330372,0.0836470144965906,High,0.014368155061211793,26350.0,26350.0,26351.63596170428,26356.143650820173,26353.806481272342,-0.24197021051441153,0.28416004106073073,26286.31792642452,26424.982655737018,test,26350.0,1.0,26351.61092663791,1.000000950039314,26356.119657374285,1.0000009103557808,26353.786280861466,1.0000007665088675
2026-03-27,-0.0512445801092319,26337.5,0.0,0.006113386707102605,0.017442988380508583,0.1101551779857693,High,0.011801326500023655,26351.0,26351.0,26352.636023790114,26355.620795736282,26354.130151709123,-0.24453703907559968,0.28159321249954256,26286.640767984827,26425.307200340623,test,26351.0,1.0,26352.610987773645,1.000000950039314,26355.596802766377,1.0000009103557808,26354.10995105015,1.0000007665088675
2026-03-30,0.0284724530941704,26345.0,0.0,0.006113386707102605,0.005244854716631282,0.0607233689766054,High,0.0006095583264689505,26337.5,26337.5,26339.135185631363,26338.905377589825,26337.68073096389,-0.25572880724915437,0.2704014443259879,26270.233471994325,26408.813353115987,test,26337.5,1.0,26339.11016244121,1.000000950039314,26338.881399836882,1.0000009103557808,26337.660542913534,1.0000007665088675
2026-03-31,-0.0189807346114077,26340.0,0.0,0.006113386707102605,0.01655291891625144,-0.0265619369008148,High,0.007681257440551453,26345.0,26345.0,26346.63565127511,26349.38521472706,26347.04390022202,-0.24865710813507189,0.27747314344007035,26279.57266343496,26418.201810355535,test,26345.0,1.0,26346.61062095923,1.000000950039314,26349.361227433747,1.0000009103557808,26347.023704994717,1.0000007665088675
2026-04-01,-0.0189843379782274,26335.0,0.0,0.006113386707102605,0.0014432426173820907,0.0037949944028352,High,-0.0017016940916247452,26340.0,26340.0,26341.635340845947,26340.404131966014,26339.571967089967,-0.2580400596672481,0.2680901919078942,26272.11986491898,26410.709697079245,test,26340.0,1.0,26341.61031528055,1.000000950039314,26340.380152848673,1.0000009103557808,26339.551777589964,1.0000007665088675
2026-04-02,0.0037971559306715,26336.0,0.0,0.006113386707102605,0.00194649515014941,-0.0512445801092319,Low,0.01893473196426569,26335.0,26335.0,26336.63503041678,26335.53658917293,26340.021208861,-0.29235638605747843,0.3659745966170567,26258.12038172751,26431.555987441414,test,26335.0,1.0,26336.61000960187,1.000000950039314,26335.512614486783,1.0000009103557808,26339.98693377916,1.0000013012565998
2026-04-03,0.0151871820475742,26340.0,0.0,0.006113386707102605,0.0060272088529982155,0.0284724530941704,High,0.007128827434243966,26336.0,26336.0,26337.635092502616,26337.611350135125,26337.897703131355,-0.24920953814137936,0.2769207134337629,26270.44988852524,26409.030911280348,test,26336.0,1.0,26337.61007073761,1.000000950039314,26337.587373560207,1.0000009103557808,26337.87751491469,1.0000007665088675
2026-04-06,-0.013288658149841,26336.5,0.0,0.006113386707102605,-0.0023864107014044986,-0.0189807346114077,High,-0.004621324093378362,26340.0,26340.0,26341.635340845947,26339.395405120486,26338.802960270612,-0.2609596896690017,0.2651705619061406,26271.352827422692,26409.938613331702,test,26340.0,1.0,26341.61031528055,1.000000950039314,26339.371426921447,1.0000009103557808,26338.78277136006,1.0000007665088675
2026-04-07,-0.0094929799484574,26334.0,0.0,0.006113386707102605,0.0024625602077184717,-0.0189843379782274,High,-0.0006599228093163899,26336.5,26336.5,26338.135123545533,26337.17253633011,26336.346387030368,-0.2569982883849397,0.26913196319020255,26268.9025451362,26407.47540539579,test,26336.5,1.0,26338.110101305476,1.000000950039314,26337.148560154666,1.0000009103557808,26336.326200002797,1.0000007665088675
2026-04-08,-0.0056962205592051,26332.5,0.0,0.006113386707102605,0.005686497695495833,0.0037971559306715,High,0.0029852419155844447,26334.0,26334.0,26335.63496833095,26335.521499553495,26334.80633118727,-0.25335312366003887,0.2727771279151034,26267.366433169034,26405.93119018074,test,26334.0,1.0,26335.609948466135,1.000000950039314,26335.497524881084,1.0000009103557808,26334.786145340164,1.0000007665088675
2026-04-09,-0.0284859708520788,26325.0,0.0,0.006113386707102605,0.002276681440747098,0.0151871820475742,High,0.001289146007183168,26332.5,26332.5,26334.1348752022,26333.12348645424,26332.8596509154,-0.2550492195684402,0.2710810320067021,26265.4247380836,26403.97925232855,test,26332.5,1.0,26334.109856762534,1.000000950039314,26333.09951396487,1.0000009103557808,26332.839466560443,1.0000007665088675
2026-04-10,0.0417766474620215,26336.0,0.0,0.006113386707102605,-0.00034328024996906504,-0.013288658149841,High,-0.002787376759784495,26325.0,26325.0,26326.634409558454,26324.933596662966,26324.286411077956,-0.25912574233540786,0.2670045092397344,26256.87345316061,26395.382857945482,test,26325.0,1.0,26326.609398244516,1.000000950039314,26324.909631629303,1.0000009103557808,26324.266233294456,1.0000007665088675
2026-04-13,0.0265760551308934,26343.0,0.0,0.006113386707102605,0.00925729253401542,-0.0094929799484574,High,0.00667191239720049,26336.0,26336.0,26337.635092502616,26338.46209076106,26337.777361591237,-0.24966645317842284,0.2764637983967194,26270.32985516363,26408.910244722647,test,26336.0,1.0,26337.61007073761,1.000000950039314,26338.438113411667,1.0000009103557808,26337.757173466813,1.0000007665088675
2026-04-14,-0.0018980554422515,26342.5,0.0,0.006113386707102605,-0.00035596103197197684,-0.0056962205592051,High,-0.0030555272298480834,26343.0,26343.0,26344.635527103448,26342.93021076921,26342.215286285078,-0.2593938928054714,0.26673635876967083,26274.75641492906,26413.360155332175,test,26343.0,1.0,26344.610498687758,1.000000950039314,26342.90622935224,1.0000009103557808,26342.19509475895,1.0000007665088675
2026-04-15,-0.0474630983327598,26330.0,0.0,0.006113386707102605,0.004498339471857052,-0.0284859708520788,High,-0.0016008504216782746,26342.5,26342.5,26344.13549606053,26343.708983853805,26342.09849078968,-0.25793921599730163,0.26819103557784063,26274.63991853122,26413.243044396324,test,26342.5,1.0,26344.110468119892,1.000000950039314,26343.685001727878,1.0000009103557808,26342.078299353077,1.0000007665088675
2026-04-16,0.0132919384589067,26333.5,0.0,0.006113386707102605,0.0067717847579232635,0.0417766474620215,High,0.004757085544936238,26330.0,26330.0,26331.634719987615,26331.807042589888,26331.27275355525,-0.2515812800306871,0.2745489715444552,26263.841904554214,26402.388069087214,test,26330.0,1.0,26331.609703923194,1.000000950039314,26331.783071298953,1.0000009103557808,26331.252570416666,1.0000007665088675
2026-04-17,0.0056960042545601,26335.0,0.0,0.006113386707102605,0.0076456574370251116,0.0265760551308934,High,0.005814685949475751,26333.5,26333.5,26335.134937288032,26335.5374208577,26335.051440877884,-0.2505236796261476,0.2756065719489947,26267.610915166697,26406.17696186189,test,26333.5,1.0,26335.10991789827,1.000000950039314,26335.513446170797,1.0000009103557808,26335.031254842903,1.0000007665088675
2026-04-20,-0.0075947444405032,26333.0,0.0,0.006113386707102605,0.0002954424181236797,-0.0018980554422515,High,-0.0020065690989364083,26335.0,26335.0,26336.63503041678,26335.101779166067,26334.491760935398,-0.25834493467455977,0.2677853169005825,26267.052668489287,26405.61577033976,test,26335.0,1.0,26336.61000960187,1.000000950039314,26335.07780487575,1.0000009103557808,26334.471575329415,1.0000007665088675
2026-04-21,-0.0113931982729575,26330.0,0.0,0.006113386707102605,0.0035130518311931,-0.0474630983327598,Low,0.0229589225393198,26333.0,26333.0,26334.634906245115,26333.949081429335,26339.080741005622,-0.28833219548242434,0.3699987871921108,26257.182838133074,26430.61225134581,test,26333.0,1.0,26334.6098873304,1.000000950039314,26333.92510818838,1.0000009103557808,26339.046467147575,1.0000013012565998
2026-04-22,-0.0284886759440663,26322.5,0.0,0.006113386707102605,0.00626824705162593,0.0132919384589067,High,0.004668334347862003,26330.0,26330.0,26331.634719987615,26331.6744523465,26331.249384245853,-0.2516700312277613,0.27446022034738093,26263.818595090466,26402.364636662147,test,26330.0,1.0,26331.609703923194,1.000000950039314,26331.650481176268,1.0000009103557808,26331.229201125177,1.0000007665088675
2026-04-23,0.0170941794735382,26327.0,0.0,0.006113386707102605,-0.001520659022738618,0.0056960042545601,High,-0.0024776344579595633,26322.5,26322.5,26324.13425434387,26322.12369004779,26321.86800867877,-0.2588160000335829,0.26731425154155936,26254.46124396479,26392.957923942173,test,26322.5,1.0,26324.109245405176,1.000000950039314,26322.09972757214,1.0000009103557808,26321.847832748997,1.0000007665088675
2026-04-24,0.1214744104124175,26359.0,0.0,0.006113386707102605,0.0054211304432275915,-0.0075947444405032,High,0.003803581161300466,26327.0,26327.0,26328.634533730117,26328.451227934198,26328.02156850304,-0.25253478441432287,0.2735954671608194,26260.59904534976,26399.128103257368,test,26327.0,1.0,26328.609520515987,1.000000950039314,26328.427259698245,1.0000009103557808,26328.001387856515,1.0000007665088675
2026-04-27,0.0,26359.0,0.0,0.006113386707102605,0.0100807495855787,-0.0113931982729575,High,0.006226669134428454,26359.0,26359.0,26360.63652047678,26361.681317206963,26360.661544482322,-0.2501116964411949,0.27601855513394735,26293.15543473935,26431.856233053302,test,26359.0,1.0,26360.611476859533,1.000000950039314,26361.657318719834,1.0000009103557808,26360.641338816982,1.0000007665088675
2026-04-28,-0.0417401869190286,26348.0,0.0,0.006113386707102605,-0.0032019760477358904,-0.0284886759440663,High,-0.010959553839693922,26359.0,26359.0,26360.63652047678,26358.1799999456,26356.13153169203,-0.2672979194153173,0.258832332159825,26288.63702270271,26427.313985636458,test,26359.0,1.0,26360.611476859533,1.000000950039314,26358.156004645913,1.0000009103557808,26356.111329498985,1.0000007665088675
2026-04-29,0.0303582273126874,26356.0,0.0,0.006113386707102605,0.0163689366419496,0.0170941794735382,High,0.00835050014803129,26348.0,26348.0,26349.635837532616,26352.337230413283,26350.220479307158,-0.24798786542759205,0.2781423861475502,26282.74110772819,26421.386968723044,test,26348.0,1.0,26349.61080436644,1.000000950039314,26352.313240432588,1.0000009103557808,26350.200281644982,1.0000007665088675
2026-04-30,0.0,26356.0,0.0,0.006113386707102605,0.017216344757289687,0.1214744104124175,High,0.017260819946241096,26356.0,26356.0,26357.636334219278,26360.561927913986,26360.56985994262,-0.23907754562938224,0.28705270594576004,26293.06398499143,26431.764300892646,test,26356.0,1.0,26357.611293452323,1.000000950039314,26360.5379304459,1.0000009103557808,26360.54965434756,1.0000007665088675
2026-05-01,0.0,26356.0,0.0,0.006113386707102605,-0.0028618667794648935,0.0,High,-0.008474109085458707,26356.0,26356.0,26357.636334219278,26355.269729834963,26353.786858834508,-0.26481247466108204,0.2613177769140602,26286.298354237108,26424.962980303037,test,26356.0,1.0,26357.611293452323,1.000000950039314,26355.245737184654,1.0000009103557808,26353.76665843867,1.0000007665088675
2026-05-04,-0.0626239452675966,26339.5,0.0,0.006113386707102605,0.013397611917400474,-0.0417401869190286,Low,0.038340787323882665,26356.0,26356.0,26357.636334219278,26359.555307699058,26366.141344412525,-0.27295033069786145,0.3853806519766737,26284.159300157393,26457.766893642107,test,26356.0,1.0,26357.611293452323,1.000000950039314,26359.53131114735,1.0000009103557808,26366.107035341734,1.0000013012565998
2026-05-05,-0.0626631874290773,26323.0,0.0,0.006113386707102605,0.0038193503720947547,0.0303582273126874,High,0.0014526401212754305,26339.5,26339.5,26341.13530980303,26340.52999623471,26339.90281067739,-0.2548857254543479,0.27124452612079436,26272.44986126046,26411.041434206683,test,26339.5,1.0,26341.110284712682,1.000000950039314,26340.50601700279,1.0000009103557808,26339.882620923792,1.0000007665088675
2026-05-06,0.0075976295432381,26325.0,0.0,0.006113386707102605,-0.0008657106156663152,0.0,High,-0.0010798026117639853,26323.0,26323.0,26324.634285386783,26322.796083068795,26322.735941688145,-0.25741816818738733,0.26871208338775493,26255.32695431443,26393.828201058896,test,26323.0,1.0,26324.60927597304,1.000000950039314,26322.77211998103,1.0000009103557808,26322.715765093093,1.0000007665088675
2026-05-07,-0.056996296783787,26310.0,0.0,0.006113386707102605,0.0022158165371649694,0.0,High,0.004566782560477432,26325.0,26325.0,26326.634409558454,26325.607285812992,26326.22241222798,-0.2517715830151459,0.27435866855999635,26258.804496472,26397.32408783374,test,26325.0,1.0,26326.609398244516,1.000000950039314,26325.583320166035,1.0000009103557808,26326.20223296052,1.0000007665088675
2026-05-08,-0.0076019613096753,26308.0,0.0,0.006113386707102605,-0.013611073503659437,-0.0626239452675966,Low,-0.0038476496152229575,26310.0,26310.0,26311.633478270953,26306.443118462164,26309.021937605063,-0.3151387676369671,0.3431922150375681,26227.217498623137,26400.44898994608,test,26310.0,1.0,26311.608481208477,1.000000950039314,26306.4191702614,1.0000009103557808,26308.98770286118,1.0000013012565998
2026-05-11,0.06459825809347,26325.0,0.0,0.006113386707102605,0.0029736495010198316,-0.0626631874290773,Low,0.013516927661101616,26308.0,26308.0,26309.633354099285,26308.806269694458,26311.59051175939,-0.2977741903606425,0.36055679231389265,26229.778086134393,26403.026490208114,test,26308.0,1.0,26309.608358937006,1.000000950039314,26308.78231934239,1.0000009103557808,26311.556273673137,1.0000013012565998
2026-05-12,0.0531672502270469,26339.0,0.0,0.006113386707102605,3.0532169572202415e-05,0.0075976295432381,High,0.0035718686955637903,26325.0,26325.0,26326.634409558454,26325.03200271811,26325.96049029404,-0.25276649688005953,0.27336375469508273,26258.54324528492,26397.061458502896,test,26325.0,1.0,26326.609398244516,1.000000950039314,26325.008037594867,1.0000009103557808,26325.940311227347,1.0000007665088675
2026-05-13,0.034164025613685,26348.0,0.0,0.006113386707102605,-0.006078306328805242,-0.056996296783787,Low,0.01479947052427073,26339.0,26339.0,26340.635278760114,26337.42305995436,26342.932599870004,-0.2964916474974734,0.36183933517706174,26261.022720149584,26434.47749588841,test,26339.0,1.0,26340.610254144816,1.000000950039314,26337.399083550852,1.0000009103557808,26342.898320999706,1.0000013012565998
2026-05-14,-0.011386711719743,26345.0,0.0,0.006113386707102605,0.011545973912742119,-0.0076019613096753,High,0.005222100449598689,26348.0,26348.0,26349.635837532616,26351.066297658937,26349.396151983343,-0.25111626512602464,0.2750139864491176,26281.918891395813,26420.560415061813,test,26348.0,1.0,26349.61080436644,1.000000950039314,26351.042308835244,1.0000009103557808,26349.375954953022,1.0000007665088675
2026-05-15,0.0379506645921019,26355.0,0.0,0.006113386707102605,0.009545520992332829,0.06459825809347,High,0.005076432354690599,26345.0,26345.0,26346.63565127511,26347.538873145564,26346.357614751425,-0.25126193322093276,0.2748683183542095,26278.888135449182,26417.51367136999,test,26345.0,1.0,26346.61062095923,1.000000950039314,26347.514887533078,1.0000009103557808,26346.337420050168,1.0000007665088675
2026-05-18,0.0075884049209195,26357.0,0.0,0.006113386707102605,0.014886524835202853,0.0531672502270469,High,0.009428754991336547,26355.0,26355.0,26356.636272133444,26358.947631658073,26357.50526877752,-0.2469096105842868,0.2792206409908555,26290.00724183224,26428.69143290137,test,26355.0,1.0,26356.611232316587,1.000000950039314,26358.92363565957,1.0000009103557808,26357.485065531495,1.0000007665088675
2026-05-19,0.0075878291257255,26359.0,0.0,0.006113386707102605,0.008321547647763553,0.034164025613685,High,0.0018128743422352244,26357.0,26357.0,26358.63639630511,26359.217397818826,26357.498026862017,-0.25452549123338813,0.2716047603417541,26290.000018462306,26428.684171426954,test,26357.0,1.0,26358.611354588058,1.000000950039314,26359.193401574736,1.0000009103557808,26357.47782362154,1.0000007665088675
2026-05-20,0.0530986889514367,26373.0,0.0,0.006113386707102605,0.012786000114011709,-0.011386711719743,High,0.003328210325600317,26359.0,26359.0,26360.63652047678,26362.394476376434,26359.897502638494,-0.253010155250023,0.27312009632511924,26292.39334950395,26431.09012769066,test,26359.0,1.0,26360.611476859533,1.000000950039314,26362.370477240074,1.0000009103557808,26359.8772975588,1.0000007665088675
2026-05-21,-0.0682749229981053,26355.0,0.0,0.006113386707102605,0.016037805694977175,0.0379506645921019,High,0.010747859632303933,26373.0,26373.0,26374.637389678443,26377.254002349437,26375.85490266327,-0.2455905059433194,0.2805397456318229,26308.309884772912,26447.09062534876,test,26373.0,1.0,26374.612332759832,1.000000950039314,26377.229989685635,1.0000009103557808,26375.8346853521,1.0000007665088675
2026-05-22,0.037936267526293,26365.0,0.0,0.006113386707102605,-0.003607745715963048,0.0075884049209195,High,-0.009260103215273537,26355.0,26355.0,26356.636272133444,26354.073187328995,26352.57981226117,-0.2655984687908969,0.2605317827842454,26285.09439874774,26423.752673746836,test,26355.0,1.0,26356.611232316587,1.000000950039314,26354.049195767962,1.0000009103557808,26352.559612790545,1.0000007665088675
2026-05-25,-0.034141993085965,26356.0,0.0,0.006113386707102605,0.021029846602913013,0.0075878291257255,High,0.015458370011918295,26365.0,26365.0,26366.636892991777,26370.56910867783,26369.096126410994,-0.24087999556370504,0.2852502560114372,26301.56841683783,26440.3135950413,test,26365.0,1.0,26366.611843673945,1.000000950039314,26370.545102099655,1.0000009103557808,26369.075914280478,1.0000007665088675
2026-05-26,-0.0455407977510268,26344.0,0.0,0.006113386707102605,-0.0035906022676543865,0.0530986889514367,High,-0.003596162252434273,26356.0,26356.0,26357.636334219278,26355.077670331237,26355.07241390006,-0.2599345278280576,0.26619572374708467,26287.580617169,26426.252007386636,test,26356.0,1.0,26357.611293452323,1.000000950039314,26355.05367785577,1.0000009103557808,26355.052212518836,1.0000007665088675
2026-05-27,-0.0417639583115535,26333.0,0.0,0.006113386707102605,0.001328265164770688,-0.0682749229981053,Low,0.02060422560628846,26344.0,26344.0,26345.635589189278,26344.373903230175,26349.462823796246,-0.2906868924154557,0.36764409025907946,26267.532639204517,26441.030413137352,test,26344.0,1.0,26345.610559823494,1.000000950039314,26344.349920498935,1.0000009103557808,26349.428536428462,1.0000013012565998
2026-05-28,-0.0208885218332507,26327.5,0.0,0.006113386707102605,0.006727946356393583,0.037936267526293,High,0.00901020482690091,26333.0,26333.0,26334.634906245115,26334.79570372555,26335.392950427668,-0.24732816074872244,0.2788020908264198,26267.951550156442,26406.519393758248,test,26333.0,1.0,26334.6098873304,1.000000950039314,26334.771729713873,1.0000009103557808,26335.372764130916,1.0000007665088675
2026-05-29,-0.0569908830015006,26312.5,0.0,0.006113386707102605,-0.007981067128895583,-0.034141993085965,High,-0.007686327744779662,26327.5,26327.5,26329.13456477303,26325.422833878158,26325.4966385431,-0.264024693320403,0.26210555825473925,26258.080581395945,26396.59635398442,test,26327.5,1.0,26329.109551083853,1.000000950039314,26325.398868399116,1.0000009103557808,26325.476459831953,1.0000007665088675
2026-06-01,0.0379975306177269,26322.5,0.0,0.006113386707102605,-0.006646894276500272,-0.0455407977510268,Low,0.0060501564662530545,26312.5,26312.5,26314.133633485537,26310.775046212457,26314.126236964687,-0.3052409615554911,0.3530900211190441,26232.305926836103,26405.571027367034,test,26312.5,1.0,26314.108634047818,1.000000950039314,26310.751094068102,1.0000009103557808,26314.09199557881,1.0000013012565998
2026-06-02,0.0379830979782547,26332.5,0.0,0.006113386707102605,0.003259220697030739,-0.0417639583115535,Low,0.013873686667218669,26322.5,26322.5,26324.13425434387,26323.381885969742,26326.186411590592,-0.2974174313545255,0.3609135513200097,26244.32860193726,26417.67311256717,test,26322.5,1.0,26324.109245405176,1.000000950039314,26323.35792234869,1.0000009103557808,26326.152154511354,1.0000013012565998
2026-06-03,0.0474585932689183,26345.0,0.0,0.006113386707102605,-0.0067939397923230576,-0.0208885218332507,High,-0.005317388362527195,26332.5,26332.5,26334.1348752022,26330.735016890092,26331.12001895736,-0.26165575393815055,0.2644744976369917,26263.68956108909,26402.234921984797,test,26332.5,1.0,26334.109856762534,1.000000950039314,26330.71104657508,1.0000009103557808,26331.099835935845,1.0000007665088675
2026-06-04,-0.0379650725896467,26335.0,0.0,0.006113386707102605,0.0025491828578159733,-0.0569908830015006,Low,0.02451311156933739,26345.0,26345.0,26346.63565127511,26345.695574718327,26351.49306084309,-0.28677800645240675,0.3715529762221284,26269.556563496633,26443.067705504964,test,26345.0,1.0,26346.61062095923,1.000000950039314,26345.671590783895,1.0000009103557808,26351.45877083345,1.0000013012565998
2026-06-05,-0.0189879427134647,26330.0,0.0,0.006113386707102605,0.004531326871959229,0.0379975306177269,High,0.0020428373605125344,26335.0,26335.0,26336.63503041678,26336.217327274728,26335.558173137368,-0.2542955282151108,0.27183472336003145,26268.116349752992,26406.685062700275,test,26335.0,1.0,26336.61000960187,1.000000950039314,26336.19335196887,1.0000009103557808,26335.53798671397,1.0000007665088675
2026-06-08,0.0569530153031027,26345.0,0.0,0.006113386707102605,0.009105453331429049,0.0379830979782547,High,0.005817167147441413,26330.0,26330.0,26331.634719987615,26332.4215468659,26331.551888012942,-0.25052119842818193,0.2756090531469603,26264.12032418609,26402.66795742928,test,26330.0,1.0,26331.609703923194,1.000000950039314,26332.397575015544,1.0000009103557808,26331.531704660396,1.0000007665088675
2026-06-09,-0.0569530153031052,26330.0,0.0,0.006113386707102605,0.011072883622069554,0.0474585932689183,High,0.009457710677483211,26345.0,26345.0,26346.63565127511,26347.94129868141,26347.511947293522,-0.24688065489814012,0.2792495966770021,26280.03951190085,26418.67112152527,test,26345.0,1.0,26346.61062095923,1.000000950039314,26347.91731270257,1.0000009103557808,26347.491751707457,1.0000007665088675
2026-06-10,-0.0379867051101629,26320.0,0.0,0.006113386707102605,-0.006488367580050632,-0.0379650725896467,High,-0.013235565586125299,26330.0,26330.0,26331.634719987615,26328.31563635071,26326.53548570316,-0.26957393116174866,0.2565563204133936,26259.11676820811,26397.638006855548,test,26330.0,1.0,26331.609703923194,1.000000950039314,26328.291668238195,1.0000009103557808,26326.515306195728,1.0000007665088675
2026-06-11,0.0246929996601055,26326.5,0.0,0.006113386707102605,0.013917278309791704,-0.0189879427134647,High,0.008855298643082793,26320.0,26320.0,26321.634099129285,26323.687246458878,26322.350994101762,-0.24748306693254055,0.27864718464260174,26254.94299252705,26393.44221380878,test,26320.0,1.0,26321.609092565835,1.000000950039314,26323.66328255984,1.0000009103557808,26322.330817801776,1.0000007665088675
2026-06-12,-0.0626941401516062,26310.0,0.0,0.006113386707102605,0.004645282348102773,0.0569530153031027,High,0.007503007884198494,26326.5,26326.5,26328.1345026872,26327.746936257125,26328.495534484995,-0.24883535769142484,0.2772948938837174,26261.071797568566,26399.6033493233,test,26326.5,1.0,26328.109489948118,1.000000950039314,26327.722968662325,1.0000009103557808,26328.47535347517,1.0000007665088675
2026-06-15,-0.076045631041149,26290.0,0.0,0.006113386707102605,-0.014529417003791845,-0.0569530153031052,Low,0.0023224074080410804,26310.0,26310.0,26311.633478270953,26306.201536060948,26310.64526934061,-0.30896871061370307,0.3493622720608321,26228.835782822433,26402.077962956922,test,26310.0,1.0,26311.608481208477,1.000000950039314,26306.17758808011,1.0000009103557808,26310.611032484358,1.0000013012565998
2026-06-16,0.038030044192902,26300.0,0.0,0.006113386707102605,0.005239640913526473,-0.0379867051101629,High,0.0038276653204858697,26290.0,26290.0,26291.632236554287,26291.401472192392,26291.026464761242,-0.25251070025513744,0.2736195513200048,26223.698681094258,26362.0330834006,test,26290.0,1.0,26291.60725849376,1.000000950039314,26291.377537684868,1.0000009103557808,26291.006312471767,1.0000007665088675
2026-06-17,0.0855147565058527,26322.5,0.0,0.006113386707102605,0.0034642389657927523,0.0246929996601055,High,0.008134288811627057,26300.0,26300.0,26301.63285741262,26300.935053815905,26302.15956579206,-0.24820407676399628,0.27792617481114595,26234.803271750294,26373.196252632068,test,26300.0,1.0,26301.60786985112,1.000000950039314,26300.911110629437,1.0000009103557808,26302.13940496897,1.0000007665088675
2026-06-18,0.0284886759440757,26330.0,0.0,0.006113386707102605,-0.008983226577089488,-0.0626941401516062,Low,0.006590516357684246,26322.5,26322.5,26324.13425434387,26320.159457077694,26324.269100419602,-0.3047006016640599,0.3536303810104753,26242.417252392854,26415.749138506566,test,26322.5,1.0,26324.109245405176,1.000000950039314,26320.135496390194,1.0000009103557808,26324.234845835275,1.0000013012565998
2026-06-19,-0.0379867051101629,26320.0,0.0,0.006113386707102605,0.00183115551542915,-0.076045631041149,Low,0.023703749614674797,26330.0,26330.0,26331.634719987615,26330.506117768273,26336.276207239513,-0.28758736840706933,0.3707436142674658,26254.387024695374,26427.79797148363,test,26330.0,1.0,26331.609703923194,1.000000950039314,26330.482147661638,1.0000009103557808,26336.241937030878,1.0000013012565998
2026-06-22,0.0,26320.0,0.0,0.006113386707102605,0.009748494031327212,0.038030044192902,High,0.005671517699435094,26320.0,26320.0,26321.634099129285,26322.58989159677,26321.512961447523,-0.25066684787618826,0.275463403698954,26254.10710596176,26392.601917801872,test,26320.0,1.0,26321.609092565835,1.000000950039314,26322.565928696713,1.0000009103557808,26321.4927857899,1.0000007665088675
2026-06-23,0.0189951562922807,26325.0,0.0,0.006113386707102605,0.010402753785200818,0.0855147565058527,High,0.009912550455411447,26320.0,26320.0,26321.634099129285,26322.76211027199,26322.629289105826,-0.2464258151202119,0.27970443645493037,26255.220574855033,26393.721260430037,test,26320.0,1.0,26321.609092565835,1.000000950039314,26322.73814721515,1.0000009103557808,26322.609112592527,1.0000007665088675
2026-06-24,0.037979491531356,26335.0,0.0,0.006113386707102605,0.004374917448043483,0.0284886759440757,High,0.001113193288640509,26325.0,26325.0,26326.634409558454,26326.175688375868,26325.313228334897,-0.2552251722869828,0.27090507928815943,26257.89764087662,26396.41244842322,test,26325.0,1.0,26326.609398244516,1.000000950039314,26326.151722211463,1.0000009103557808,26325.293049764336,1.0000007665088675
2026-06-25,-0.0569746478236157,26320.0,0.0,0.006113386707102605,0.009757310899131429,-0.0379867051101629,High,0.0011485217279827633,26335.0,26335.0,26336.63503041678,26337.59368974954,26335.322651176863,-0.2551898438476406,0.27094040772750166,26267.881430932568,26406.448904643727,test,26335.0,1.0,26336.61000960187,1.000000950039314,26337.5697131907,1.0000009103557808,26335.302464933997,1.0000007665088675
2026-06-26,-0.0760167273397606,26300.0,0.0,0.006113386707102605,0.0033274808162525532,0.0,High,-0.002150796427873013,26320.0,26320.0,26321.634099129285,26320.899768883366,26319.45409054734,-0.25848916200349636,0.2676410895716459,26252.053507553115,26390.537486317702,test,26320.0,1.0,26321.609092565835,1.000000950039314,26320.87580752192,1.0000009103557808,26319.433916467857,1.0000007665088675
2026-06-29,-0.0380300441928994,26290.0,0.0,0.006113386707102605,0.004949757963696814,0.0189951562922807,High,0.003244323352857163,26300.0,26300.0,26301.63285741262,26301.325762104774,26300.873430720418,-0.25309404222276616,0.2730362093523761,26233.520430297638,26371.906643975904,test,26300.0,1.0,26301.60786985112,1.000000950039314,26301.30181856262,1.0000009103557808,26300.853270883163,1.0000007665088675
2026-06-30,0.0950480063952429,26315.0,0.0,0.006113386707102605,0.0006694565936125052,0.037979491531356,High,0.004401285157841819,26290.0,26290.0,26291.632236554287,26290.199934141285,26291.177275737035,-0.2519370804177815,0.27419317115736075,26223.849105863417,26362.184301685607,test,26290.0,1.0,26291.60725849376,1.000000950039314,26290.176000727584,1.0000009103557808,26291.157123331963,1.0000007665088675
2026-07-01,-0.0551168395893839,26300.5,0.0,0.006113386707102605,0.0014952973592109045,-0.0569746478236157,Low,0.015393864721162772,26315.0,26315.0,26316.63378870012,26315.417446812582,26319.085455151147,-0.29589725330058136,0.3624337293739538,26237.249724986705,26410.54747944009,test,26315.0,1.0,26316.60878688716,1.000000950039314,26315.393490441995,1.0000009103557808,26319.051207312063,1.0000013012565998
2026-07-02,-0.039931166805861,26290.0,0.0,0.006113386707102605,-0.013465234907450248,-0.0760167273397606,Low,0.00011771260353487037,26300.5,26300.5,26302.132888455537,26296.982753901477,26300.565182760998,-0.31117340541820926,0.3471575772563259,26218.78703894456,26391.962846849972,test,26300.5,1.0,26302.10790041899,1.000000950039314,26296.958814313002,1.0000009103557808,26300.53095902151,1.0000013012565998
2026-07-03,0.0228197620128393,26296.0,0.0,0.006113386707102605,0.009615306500991941,-0.0380300441928994,High,0.006020578459577413,26290.0,26290.0,26291.632236554287,26292.551921168786,26291.603010456543,-0.2503177871160459,0.27581246445909635,26224.273750333552,26362.61118622644,test,26290.0,1.0,26291.60725849376,1.000000950039314,26292.527985613942,1.0000009103557808,26291.58285772514,1.0000007665088675
2026-07-06,0.0152102821800672,26300.0,0.0,0.006113386707102605,0.0037645728999468244,0.0950480063952429,High,0.010581997369413038,26296.0,26296.0,26297.63260906929,26297.01389034018,26298.802947513217,-0.2457563682062103,0.280373883368932,26231.455249319537,26369.830568822283,test,26296.0,1.0,26297.607625308177,1.000000950039314,26296.98995072336,1.0000009103557808,26298.782789263005,1.0000007665088675
2026-07-07,-0.0304228782389085,26292.0,0.0,0.006113386707102605,-0.010066787350870687,-0.0551168395893839,Low,0.01084524536130227,26300.0,26300.0,26301.63285741262,26297.37650813155,26302.886680965403,-0.30044587266044187,0.3578851100140933,26221.10131875602,26394.292412543095,test,26300.0,1.0,26301.60786985112,1.000000950039314,26297.352568184622,1.0000009103557808,26302.852454205055,1.0000013012565998
2026-07-08,0.0114096639977682,26295.0,0.0,0.006113386707102605,0.006802087959773476,-0.039931166805861,Low,0.028357155375837124,26292.0,26292.0,26293.63236072596,26293.812402494532,26299.490942839988,-0.28293396264590703,0.3753970200286281,26217.716139231103,26390.88487381452,test,26292.0,1.0,26293.607380765236,1.000000950039314,26293.788465792204,1.0000009103557808,26299.456720498358,1.0000013012565998
2026-07-09,0.0,26295.0,0.0,0.006113386707102605,0.008804468044591854,0.0228197620128393,High,0.007185266859804156,26295.0,26295.0,26296.632546983456,26297.339176705915,26296.90959059934,-0.24915309871581917,0.27697715285932306,26229.566741038132,26367.93209834342,test,26295.0,1.0,26296.607564172442,1.000000950039314,26297.31523679297,1.0000009103557808,26296.889433800403,1.0000007665088675
2026-07-10,-0.1046373460514213,26267.5,0.0,0.006113386707102605,-0.002766815288608088,0.0152102821800672,High,-0.002947137516718659,26295.0,26295.0,26296.632546983456,26294.29641312748,26294.24521636596,-0.259285503092342,0.26684474848280026,26226.909189908907,26365.260528186926,test,26295.0,1.0,26296.607564172442,1.000000950039314,26294.27247598453,1.0000009103557808,26294.225061609286,1.0000007665088675
2026-07-13,-0.0475986490970625,26255.0,0.0,0.006113386707102605,-0.005150798199572189,-0.0304228782389085,High,-0.008385182644211373,26267.5,26267.5,26269.13083962304,26266.17096046592,26265.31764707489,-0.26472354821983474,0.2614067033553075,26198.055700233177,26336.254831520964,test,26267.5,1.0,26269.105882939708,1.000000950039314,26266.147048927116,1.0000009103557808,26265.297514491438,1.0000007665088675
2026-07-14,0.024754125020487,26261.5,0.0,0.006113386707102605,0.008723424947285043,0.0114096639977682,High,0.009940229680299287,26255.0,26255.0,26256.63006355013,26257.31433859679,26257.630063708137,-0.24639813589532406,0.2797321156798182,26190.38780373375,26328.546485583334,test,26255.0,1.0,26256.60511874301,1.000000950039314,26257.290435120653,1.0000009103557808,26257.60993701728,1.0000007665088675
2026-07-15,-0.022849743991873,26255.5,0.0,0.006113386707102605,-0.0057794112611594195,0.0,High,-0.0013775546721673264,26261.5,26261.5,26263.130467108043,26260.00618969628,26261.158365366853,-0.25771592024779066,0.2684143313273516,26193.907069886332,26332.084316454257,test,26261.5,1.0,26263.10551612529,1.000000950039314,26259.982283769605,1.0000009103557808,26261.138235971524,1.0000007665088675
2026-07-16,-0.0076177417241537,26253.5,0.0,0.006113386707102605,-0.013532681568593233,-0.1046373460514213,Low,-0.0034957976348859165,26255.5,26255.5,26257.130094593045,26251.971065804817,26254.616340843022,-0.3147869156566301,0.3435440670179051,26172.981068899342,26345.85432711557,test,26255.5,1.0,26257.10514931088,1.000000950039314,26251.947167192957,1.0000009103557808,26254.582176894688,1.0000013012565998
2026-07-17,0.157949355844028,26295.0,0.0,0.006113386707102605,0.004997232814457495,-0.0475986490970625,Low,0.017847650625737982,26253.5,26253.5,26255.129970421374,26254.835882517917,26258.220219757506,-0.29344346739600613,0.36488751527852903,26176.573742026954,26349.470729947778,test,26253.5,1.0,26255.105027039404,1.000000950039314,26254.811981298055,1.0000009103557808,26258.186051119606,1.0000013012565998
2026-07-20,0.0,26295.0,0.0,0.006113386707102605,0.01067202459521341,0.024754125020487,High,0.011791450218629115,26295.0,26295.0,26296.632546983456,26297.830298972327,26298.1209023702,-0.24454691535699422,0.281583336218148,26230.774950802417,26369.146681616552,test,26295.0,1.0,26296.607564172442,1.000000950039314,26297.806358612288,1.0000009103557808,26298.10074464278,1.0000007665088675
2026-07-21,0.076031176443475,26315.0,0.0,0.006113386707102605,-0.012812915524986576,-0.022849743991873,High,-0.01846438542980646,26295.0,26295.0,26296.632546983456,26291.654994435372,26290.165389695456,-0.2748027510054298,0.2513275005697125,26222.839811125934,26361.169682749354,test,26295.0,1.0,26296.607564172442,1.000000950039314,26291.63105969705,1.0000009103557808,26290.145238066005,1.0000007665088675
2026-07-22,-0.005700333471051,26313.5,0.0,0.006113386707102605,0.030828238527415244,-0.0076177417241537,High,0.018195760449291738,26315.0,26315.0,26316.63378870012,26323.13766495859,26319.808824366053,-0.2381426051263316,0.28798764644881064,26252.407332946215,26390.893178199003,test,26315.0,1.0,26316.60878688716,1.000000950039314,26323.113701559865,1.0000009103557808,26319.788650014663,1.0000007665088675
2026-07-23,0.0114003420226146,26316.5,0.0,0.006113386707102605,0.011791011098900451,0.157949355844028,High,0.009353518695972049,26313.5,26313.5,26315.133695571367,26316.626768099784,26315.981524669576,-0.24698484687965128,0.279145404695491,26248.589834449638,26387.055541758527,test,26313.5,1.0,26315.108695183553,1.000000950039314,26316.602810628287,1.0000009103557808,26315.96135325184,1.0000007665088675
2026-07-24,0.0398909652254806,26327.0,0.0,0.006113386707102605,0.012667640351618098,0.0,High,0.00037760670090635027,26316.5,26316.5,26318.133881828868,26319.857851144254,26316.619544961846,-0.255960758874717,0.2701694927004253,26249.22622085773,26387.6952852115,test,26316.5,1.0,26318.10887859076,1.000000950039314,26319.833890731323,1.0000009103557808,26316.599373055065,1.0000007665088675
2026-07-27,-0.0455909737770324,26315.0,0.0,0.006113386707102605,0.023966179942223453,0.076031176443475,High,0.01747780041084366,26327.0,26327.0,26328.634533730117,26333.334305017273,26331.621966053906,-0.2388605651647797,0.2872696864103626,26264.190222766607,26402.738224736513,test,26327.0,1.0,26328.609520515987,1.000000950039314,26333.310332335986,1.0000009103557808,26331.601782647645,1.0000007665088675
2026-07-28,0.075973412961046,26335.0,0.0,0.006113386707102605,0.0009954976424201606,-0.005700333471051,High,-0.008647949284333503,26315.0,26315.0,26316.63378870012,26315.28592275939,26312.744559480598,-0.26498631485995683,0.26114393671518543,26245.361158693264,26383.80983419682,test,26315.0,1.0,26316.60878688716,1.000000950039314,26315.261966508537,1.0000009103557808,26312.724390544023,1.0000007665088675
2026-07-29,-0.0474766186575304,26322.5,0.0,0.006113386707102605,0.02476727012335172,0.0114003420226146,High,0.018073963196547832,26335.0,26335.0,26336.63503041678,26341.54724852937,26339.780398033778,-0.2382644023790755,0.2878658491960667,26272.327762099165,26410.918690951872,test,26335.0,1.0,26336.61000960187,1.000000950039314,26341.523268371388,1.0000009103557808,26339.76020837401,1.0000007665088675
2026-07-30,-0.1558817135662521,26281.5,0.0,0.006113386707102605,-0.005554905171135828,0.0398909652254806,High,-0.008506390699290524,26322.5,26322.5,26324.13425434387,26321.06181220617,26320.281175252003,-0.2648447562749139,0.2612854953002284,26252.87847420506,26391.36680480689,test,26322.5,1.0,26324.109245405176,1.000000950039314,26321.03785069721,1.0000009103557808,26320.26100053855,1.0000007665088675
2026-07-31,0.0722680796733577,26300.5,0.0,0.006113386707102605,-0.0007257252878719762,-0.0455909737770324,Low,0.020056488964748456,26281.5,26281.5,26283.131708824705,26281.333194542378,26286.805880621167,-0.2912346290569957,0.36709635361753945,26205.07051954271,26378.155729461054,test,26281.5,1.0,26283.106738840008,1.000000950039314,26281.30926920056,1.0000009103557808,26286.771674786036,1.0000013012565998
2026-08-03,-0.0513430008901779,26287.0,0.0,0.006113386707102605,0.023336960039420807,0.075973412961046,High,0.028350514384478637,26300.5,26300.5,26302.132888455537,26306.662401811904,26307.977549371735,-0.2279878511911447,0.29814240038399753,26240.606356256318,26379.02994938072,test,26300.5,1.0,26302.10790041899,1.000000950039314,26306.638453411517,1.0000009103557808,26307.957384089113,1.0000007665088675
2026-08-04,-0.0894377848602486,26263.5,0.0,0.006113386707102605,-0.030671281247263416,-0.0474766186575304,Low,-0.021072839189897708,26287.0,26287.0,26288.63205029679,26278.962599801045,26281.49536530219,-0.33236395721164186,0.3259670254628933,26199.77651657176,26372.826759455205,test,26287.0,1.0,26288.607075086555,1.000000950039314,26278.93867661731,1.0000009103557808,26281.461166377398,1.0000013012565998
2026-08-05,-0.0476059002221245,26251.0,0.0,0.006113386707102605,0.00010586030697726494,-0.1558817135662521,Low,0.009015235672255206,26263.5,26263.5,26265.130591279707,26263.5517117908,26265.902001785453,-0.30227588234948893,0.3560551003250462,26184.23163856533,26357.17920710294,test,26263.5,1.0,26265.105638396763,1.000000950039314,26263.52780263644,1.0000009103557808,26265.8678231516,1.0000013012565998
2026-08-06,-0.0609686411447781,26235.0,0.0,0.006113386707102605,0.004229624950234772,0.0722680796733577,High,0.013956080733472327,26251.0,26251.0,26252.629815206798,26252.134241087584,26254.683990846144,-0.24238228484215102,0.28374796673299124,26187.44927536822,26325.592455988557,test,26251.0,1.0,26252.604874200068,1.000000950039314,26252.110342327178,1.0000009103557808,26254.663866413477,1.0000007665088675
2026-08-07,-0.116324539475898,26204.5,0.0,0.006113386707102605,-0.026200308688626994,-0.0513430008901779,Low,-0.0204448496978822,26235.0,26235.0,26236.628821833463,26228.15112632305,26229.67097343329,-0.3317359677196263,0.32659501495490884,26148.11326582443,26320.82227151891,test,26235.0,1.0,26236.603896028293,1.000000950039314,26228.12724939579,1.0000009103557808,26229.63684194524,1.0000013012565998
2026-08-10,-0.1890774921341771,26155.0,0.0,0.006113386707102605,-0.012867639443759103,-0.0894377848602486,Low,-0.007142743135904026,26204.5,26204.5,26206.12692821555,26201.152168703284,26202.66244306251,-0.31843386115764816,0.339897121516887,26121.18871492198,26293.719883218866,test,26204.5,1.0,26206.102031388353,1.000000950039314,26201.128316354658,1.0000009103557808,26202.62834671944,1.0000013012565998
2026-08-11,-0.0707572005846011,26136.5,0.0,0.006113386707102605,-0.018808852112510432,-0.0476059002221245,Low,-0.02484002080467479,26155.0,26155.0,26156.62385496681,26150.104813224913,26148.537925321583,-0.33613113882641893,0.32219984384811623,26067.232490241113,26239.407276193277,test,26155.0,1.0,26156.59900516943,1.000000950039314,26150.0810073475,1.0000009103557808,26148.503899408308,1.0000013012565998
2026-08-12,-0.3142306814314762,26054.5,0.0,0.006113386707102605,-0.017541397765811862,-0.0609686411447781,Low,-0.02731610469717621,26136.5,26136.5,26138.122706378897,26131.939484000824,26129.3955023242,-0.33860722271892035,0.3197237599556148,26048.1495880871,26220.198330946856,test,26136.5,1.0,26138.09787415832,1.000000950039314,26131.91569466031,1.0000009103557808,26129.361501320098,1.0000013012565998
2026-08-13,0.0786502884422481,26075.0,0.0,0.006113386707102605,-0.05651031281187145,-0.116324539475898,Low,-0.07663728376833269,26054.5,26054.5,26056.117615340576,26039.804385371925,26034.574065823537,-0.3879284017900768,0.27040258088445834,25953.622986355847,26125.047378417108,test,26054.5,1.0,26056.092861027984,1.000000950039314,26039.780679907053,1.0000009103557808,26034.540188206294,1.0000013012565998
2026-08-14,0.2814826602196058,26148.5,0.0,0.006113386707102605,-0.00015001509361365142,-0.1890774921341771,Low,-0.02470940357581338,26075.0,26075.0,26076.618888100158,26074.984621085056,26068.59174084555,-0.3360005215975575,0.32233046107697766,25987.534887897295,26159.183268998866,test,26075.0,1.0,26076.59411431057,1.000000950039314,26074.96088359368,1.0000009103557808,26068.55781896264,1.0000013012565998
2026-08-17,0.2158404765097364,26205.0,0.0,0.006113386707102605,-0.0280597574372259,-0.0707572005846011,Low,-0.04032926206719187,26148.5,26148.5,26150.123451408894,26141.187621390913,26137.990641271674,-0.35162038008893604,0.3067106025855991,26056.718001581947,26228.82333904797,test,26148.5,1.0,26150.09860778715,1.000000950039314,26141.16382363131,1.0000009103557808,26137.956629083106,1.0000013012565998
2026-08-18,-0.1069069629521225,26177.0,0.0,0.006113386707102605,-0.024598605237169186,-0.3142306814314762,Low,-0.013694525135074923,26205.0,26205.0,26206.62695925847,26198.578578259323,26201.44569016121,-0.32498564315681905,0.3333453395177161,26119.97574535359,26292.498901953186,test,26205.0,1.0,26206.602061956222,1.000000950039314,26198.554728253577,1.0000009103557808,26201.41159540145,1.0000013012565998
2026-08-19,0.0133696223280923,26180.5,0.0,0.006113386707102605,0.018709438328575474,0.0786502884422481,High,0.010704440874972607,26177.0,26177.0,26178.62522085514,26181.921862695955,26179.822318518414,-0.24563392470065074,0.28049632687449155,26112.779313717372,26250.528597784793,test,26177.0,1.0,26178.60035015562,1.000000950039314,26181.898027853735,1.0000009103557808,26179.802251467838,1.0000007665088675
2026-08-20,-0.3002919102553313,26102.0,0.0,0.006113386707102605,0.03771139425296152,0.2814826602196058,High,0.03616669516948912,26180.5,26180.5,26182.125438155555,26190.39873599455,26189.990408923546,-0.22017167040613422,0.30595858116900804,26122.92136501019,26260.724150096696,test,26180.5,1.0,26182.100564130695,1.000000950039314,26190.374893435364,1.0000009103557808,26189.970334079047,1.0000007665088675
2026-08-21,0.0861631600509856,26124.5,0.0,0.006113386707102605,-0.0194189797251229,0.2158404765097364,High,-0.015489385486107076,26102.0,26102.0,26103.62056441765,26096.955507521972,26097.977278020902,-0.2718277510617304,0.25430250051341186,26031.143867363637,26168.462510779802,test,26102.0,1.0,26103.595764975435,1.000000950039314,26096.931750029293,1.0000009103557808,26097.95727370523,1.0000007665088675
2026-08-22,0.0,26124.5,0.0,0.006113386707102605,0.0406646709817321,-0.1069069629521225,Low,0.059638268593146866,26124.5,26124.5,26126.121961348897,26135.149394519973,26140.11886124086,-0.2516528494285973,0.4066781332459379,26058.83960413141,26230.9589548405,test,26124.5,1.0,26126.09714052949,1.000000950039314,26135.1256022573,1.0000009103557808,26140.084846282934,1.0000013012565998
2026-08-24,0.1873877178411492,26173.5,0.0,0.006113386707102605,-0.015394886504936613,0.0133696223280923,High,-0.009957723191148514,26124.5,26124.5,26126.121961348897,26120.50225136634,26121.91874678801,-0.26629608876677185,0.2598341628083704,26055.02402524842,26192.46864049671,test,26124.5,1.0,26126.09714052949,1.000000950039314,26120.478472437764,1.0000009103557808,26121.898724121,1.0000007665088675
2026-08-25,-0.2352469742560736,26112.0,0.0,0.006113386707102605,0.0015256255481929139,-0.3002919102553313,Low,0.00019056592430433117,26173.5,26173.5,26175.125003554724,26173.9231402094,26173.58393632424,-0.3111005520974398,0.34723043057709535,26092.20062397096,26264.540325131602,test,26173.5,1.0,26175.100136180543,1.000000950039314,26173.899312648857,1.0000009103557808,26173.54987781972,1.0000013012565998
2026-08-26,-0.0268111919180794,26105.0,0.0,0.006113386707102605,-0.01758785504123516,0.0861631600509856,High,-0.010296689826674067,26112.0,26112.0,26113.621185275984,26107.431630162326,26109.331479788558,-0.2666350554022974,0.25949519617284483,26042.46899254726,26179.84737789542,test,26112.0,1.0,26113.596376332793,1.000000950039314,26107.407863132656,1.0000009103557808,26109.311466769796,1.0000007665088675
2026-08-27,-0.1034819861235121,26078.0,0.0,0.006113386707102605,0.016353766747777266,0.0,High,0.014600559674285179,26105.0,26105.0,26106.62075067515,26109.29326863644,26108.831767000665,-0.24173780590133817,0.2843924456738041,26041.970559456622,26179.346315486757,test,26105.0,1.0,26106.59594838264,1.000000950039314,26109.26949991202,1.0000009103557808,26108.811754364935,1.0000007665088675
2026-08-28,-0.021092798804959,26072.5,0.0,0.006113386707102605,-0.015113450169542866,0.1873877178411492,High,0.003590955911701183,26078.0,26078.0,26079.619074357655,26074.08274895225,26078.956456032654,-0.2527474096639222,0.2733828419112201,26012.171755142946,26149.39031748983,test,26078.0,1.0,26079.594297717776,1.000000950039314,26074.059012281898,1.0000009103557808,26078.9364662966,1.0000007665088675
2026-08-31,0.0,26072.5,0.0,0.006113386707102605,-0.015186662992506294,-0.2352469742560736,Low,-0.015391380845259026,26072.5,26072.5,26074.118732885574,26068.564489584038,26068.52131282627,-0.3266824988670032,0.331648483807532,25987.464678864668,26159.112596233652,test,26072.5,1.0,26074.09396147123,1.000000950039314,26068.540757937262,1.0000009103557808,26068.487391035003,1.0000013012565998
