Model,position,residual
AR,10,0.12321370633853802
AR,11,-0.018117745437716465
AR,12,-0.2198799700416056
AR,13,0.2626848615158622
AR,14,-0.4009317298042657
AR,15,0.04071896007001714
AR,16,-0.18936841565747298
AR,17,-0.41390606819055986
AR,18,0.20311652350265108
AR,19,0.1388814412510023
AR,20,0.19632776905321087
AR,21,-0.17293551211635286
AR,22,0.3066177728274824
AR,23,-0.2706174850695573
AR,24,-0.05144412574608882
AR,25,-0.14240358241755283
AR,26,0.08705346322585575
AR,27,0.028281435669600938
AR,28,0.14508511658964685
AR,29,0.36691315399717506
AR,30,0.053359440988340716
AR,31,0.037521588327897135
AR,32,-0.2459400379440535
AR,33,0.04706039176431637
AR,34,0.0726837630631271
AR,35,-0.12215982680527804
AR,36,0.06323174438247749
AR,37,-0.2513084510433085
AR,38,-0.0026783844806432464
AR,39,-0.08466591713663175
AR,40,0.10051846949896524
AR,41,0.07043393611635704
AR,42,-0.18507584849761471
AR,43,-0.1962042579919866
AR,44,0.23315829966387341
AR,45,0.00534786337760669
AR,46,0.03250328539321032
AR,47,-0.26271459779020556
AR,48,0.08958062133125735
AR,49,0.13047948501528212
AR,50,0.0695811277564482
AR,51,0.0384563198908506
AR,52,-0.22224272901346695
AR,53,0.11685213985265128
AR,54,-0.04368894669888178
AR,55,0.11128046334493354
AR,56,0.2303611815365458
AR,57,-0.13155737175351662
AR,58,-0.08235304119018011
AR,59,-0.03929652406213498
AR,60,-0.019516521109796264
AR,61,-0.31561123036438954
AR,62,0.1741699971390851
AR,63,0.0008087697572659869
AR,64,0.055540353343390234
AR,65,0.011179556815095424
AR,66,-0.06589253240984813
AR,67,-0.001881539185701414
AR,68,0.11894025022274678
AR,69,-0.035418422772314585
AR,70,-0.20122680793506503
AR,71,0.17788195547869565
AR,72,0.006902609615769981
AR,73,0.0058866332700892865
AR,74,-0.012643217719584935
AR,75,-0.07418694814890221
AR,76,0.011479949130690292
AR,77,-0.03544379194011558
AR,78,-0.0034922934223434125
AR,79,0.04488740225635066
AR,80,-0.10377899264519698
AR,81,-0.03307408613093779
AR,82,0.14215326779713527
AR,83,-0.16277449247409634
AR,84,-0.06672249510401693
AR,85,0.0037037068124105635
AR,86,-0.0004722115455852126
AR,87,0.02854429319272471
AR,88,0.04784701166314771
AR,89,0.04076058165421331
AR,90,0.09476738591916964
AR,91,-0.10236142162019787
AR,92,0.2126954424442478
AR,93,0.002691649013607779
AR,94,-0.3382099719253913
AR,95,0.20286983273657702
AR,96,-0.2699913939240277
AR,97,0.42325019540544095
AR,98,-0.04604312772946899
AR,99,-0.16225661092476484
AR,100,0.15779281255247565
AR,101,-0.0816785718940405
AR,102,0.26366192120185356
AR,103,0.012944792640633175
AR,104,0.18482690603743396
AR,105,-0.24989275710972683
AR,106,0.18361825536250498
AR,107,-0.2638928110915213
AR,108,0.12589630262565762
AR,109,-0.21521901733509521
AR,110,-0.12587537601241905
AR,111,-0.1194536797712054
AR,112,0.036899002793013044
AR,113,0.13635901601420222
AR,114,0.11802987508580623
AR,115,0.009215420490893387
AR,116,-0.1016547516043983
AR,117,-0.27513430227862873
AR,118,0.2741828565983621
AR,119,-0.03795459499250223
AR,120,0.04287703106136635
AR,121,-0.30879944905967016
AR,122,0.11061924468449798
AR,123,0.024503647922845814
AR,124,0.1323937540720455
AR,125,-0.2205889952495934
AR,126,-0.026273927928823333
AR,127,0.09483312774220751
AR,128,-0.0005492668140930496
AR,129,0.12826297056756525
AR,130,-0.03400747546835653
AR,131,-0.11496358014856226
AR,132,-0.00029718965685595223
AR,133,-0.04051598889194491
AR,134,0.002007343693654101
AR,135,-0.08696878395641412
AR,136,0.11370908065003385
AR,137,-0.016930624826198552
AR,138,0.020464036864420148
AR,139,-0.010862064056529973
AR,140,-0.04824927128708136
AR,141,-0.09260984452842355
AR,142,0.1389888333712887
AR,143,-0.010107618698772022
AR,144,9.99878788186144e-05
AR,145,-0.011895060308255122
AR,146,0.08180358330186477
AR,147,-0.10123887354328612
AR,148,-0.019589668148808775
AR,149,-0.11305584999262983
AR,150,0.11941893426246405
AR,151,-0.20447356846059006
AR,152,0.14113724218890672
AR,153,0.1305760850968224
AR,154,-0.2500752233850337
AR,155,0.1941538404535913
AR,156,-0.05627353221638738
AR,157,0.043696348971785454
AR,158,0.08416786743684138
AR,159,-0.13164082858444326
AR,160,0.023219460404845536
AR,161,-0.023424437433243423
AR,162,-0.1035610948028743
AR,163,-0.028375270260426314
AR,164,-0.014176784544892247
AR,165,0.1313877330633781
AR,166,0.004593110990789576
AR,167,0.01338434066041902
AR,168,0.00931065257779359
AR,169,-0.16924620129585297
AR,170,0.010846291959557946
AR,171,0.2082350173390216
AR,172,-0.13052028745491037
AR,173,-0.06665366228001565
AR,174,0.19012108155378343
AR,175,-0.13559097668764872
AR,176,0.04962704570618042
AR,177,-0.14664411625091567
AR,178,0.10194310572962043
AR,179,-0.22764366472490574
AR,180,0.2513404034602478
AR,181,-0.1267459108372907
AR,182,0.1494059113664351
AR,183,0.0018853897932735175
AR,184,-0.13728209456464205
AR,185,0.08532249792621044
AR,186,0.055925569330504354
AR,187,-0.05990534793536809
AR,188,0.029740954628794624
AR,189,-0.032780454131296696
AR,190,-0.04341654016935919
AR,191,0.0588244317998218
AR,192,-0.07248709836023015
AR,193,0.017203167547187453
AR,194,0.09195552977575726
AR,195,-0.10693568924531979
AR,196,-0.01857327269513214
AR,197,-0.1220954685957585
AR,198,0.007672812255509634
AR,199,0.19254168466786542
AR,200,-0.17974751596792804
AR,201,-0.011163804759525761
AR,202,-0.007161919397179337
AR,203,0.01677253525193728
AR,204,0.25209283355506557
AR,205,-0.2304977370285319
AR,206,-0.014658750442997505
AR,207,-0.021436007937463003
AR,208,0.0625801969046276
AR,209,-0.022707601121290506
AR,210,0.06710712655176958
AR,211,0.12122716549525553
AR,212,0.04758435147708608
AR,213,-0.19622028765588267
AR,214,-0.00918499474867155
AR,215,-0.031169910002958642
AR,216,-0.06124393487118723
AR,217,0.006934260495386448
AR,218,-0.016388716354086515
AR,219,0.13826292041888294
AR,220,0.07035781414596406
AR,221,-0.20218068763241434
AR,222,0.03874964513729953
AR,223,0.16525034848425368
AR,224,-0.07288105821748087
AR,225,0.03165872700808231
AR,226,0.28506243845147305
AR,227,-0.09458993454307935
AR,228,0.428956400059579
AR,229,0.36178213365868367
AR,230,-0.4039991505493741
AR,231,0.35015849296003554
AR,232,0.7398789606959624
AR,233,-0.20987109760252978
AR,234,-0.08401825605101362
AR,235,-0.3188796822470151
AR,236,-0.16864617308051938
AR,237,0.19281296957211252
AR,238,-0.16125971063174954
AR,239,0.25601278882667083
AR,240,0.014459311726980499
AR,241,-0.1659671741024417
AR,242,-0.21370792332710115
AR,243,-0.2293172169826346
AR,244,0.17859921631347062
AR,245,0.1540217601329692
AR,246,0.268388029698154
AR,247,0.12313074738590213
AR,248,0.004620332395830179
AR,249,0.021384762520598174
AR,250,-0.028088753800409837
AR,251,-0.0027851987999821318
AR,252,-0.06206147622128079
AR,253,-0.03740494969174253
AR,254,0.01776859597259258
AR,255,-0.009698508692431598
AR,256,0.035288133825499585
AR,257,0.01860816783955134
AR,258,-0.036731486803450834
AR,259,-0.002185871125058317
AR,260,-0.12452373718080186
AR,261,-0.08176439017101772
AR,262,-0.22270848817688169
AR,263,-0.48809105572417144
AR,264,0.1379005654618196
AR,265,-0.050672195460751954
AR,266,0.09287035726721497
AR,267,0.031720406143878804
AR,268,-0.037906426068472915
AR,269,0.08824579184655429
AR,270,-0.008793437747560192
AR,271,0.014187655859112207
AR,272,-0.04144779301834453
AR,273,0.02173220592013517
AR,274,-0.09479089063008797
AR,275,0.09475238308856511
AR,276,0.07069614846436645
AR,277,0.0007267718000715014
AR,278,-8.602108053713808e-05
AR,279,-0.024772150478187864
AR,280,-0.005186103707260867
AR,281,-0.008344179279551955
AR,282,0.20902731733217397
AR,283,-0.13543034515438332
AR,284,-0.13716696831778727
AR,285,0.02002106700988676
AR,286,0.24324423073664228
AR,287,0.07173759862772248
AR,288,-0.11445744638934227
AR,289,0.10785838871272369
AR,290,0.2688977635156743
AR,291,0.139878107559881
AR,292,-0.09215139084834119
AR,293,-0.04920963482955138
AR,294,0.1917583945814024
AR,295,0.03538444797152633
AR,296,-0.01428071697477715
AR,297,-0.221528294516818
AR,298,0.09392257467829797
AR,299,-0.1931565097681203
AR,300,-0.09694816511522023
AR,301,0.16477193433831702
AR,302,0.09197352494064182
AR,303,0.14775554641281918
AR,304,-0.20074794816193847
AR,305,-0.002337877027370169
AR,306,-0.046116129001688086
AR,307,0.022250129340838413
AR,308,-0.17791484869643734
AR,309,0.17934595026864264
AR,310,-0.019578826236394304
AR,311,0.13765389605377368
AR,312,-0.25998748530703253
AR,313,0.05787085947043531
AR,314,0.012851121109939752
AR,315,-0.037431849484255555
AR,316,-0.017222511489015515
AR,317,0.05187952750705671
AR,318,-0.01623000842892857
AR,319,-0.04276906418700058
AR,320,-0.024445881706236305
AR,321,0.005706976354062097
AR,322,-0.029394435274958813
AR,323,-0.06529235037614488
AR,324,-0.08913076231119574
AR,325,-0.16928350851946666
AR,326,-0.024997005236971428
AR,327,-0.17146871939088215
AR,328,-0.11530050096897473
AR,329,-0.020114829370874852
AR,330,0.2785436226712783
AR,331,0.09366017028290181
AR,332,-0.3267555314310784
AR,333,0.7205550530254456
AR,334,-0.4550655657639322
AR,335,0.022713295863219005
AR,336,0.2801030640366452
AR,337,-0.2643505927553582
AR,338,-0.07240218610117266
AR,339,0.2013531741790094
AR,340,0.163740378058497
AR,341,-0.17176922729271207
AR,342,0.06715223871535754
AR,343,-0.022910826941767964
AR,344,-0.15071291416357596
AR,345,0.005582383561660156
AR,346,0.1282400992929651
AR,347,0.011456487888847655
AR,348,-0.02562973189851784
AR,349,-0.20437727725182747
AR,350,0.18149026581776734
AR,351,0.015604502373958808
AR,352,-0.054947134234173856
AR,353,-0.14716592664793526
AR,354,-0.06658695576102952
AR,355,-0.3316995994144601
AR,356,0.16933575940864734
AR,357,0.19799117469235702
AR,358,-0.3192409325700917
AR,359,0.17301440361037063
AR,360,0.151767911455709
AR,361,-0.2972756521523057
AR,362,0.1620511513594333
AR,363,0.13076751599893244
AR,364,0.31342617296116904
AR,365,-0.1782929366570152
AR,366,0.014159525535549358
AR,367,-0.09519104630361291
AR,368,-0.11125925995579267
AR,369,0.107442145584688
AR,370,-0.043913679168600346
AR,371,0.0273161442746511
AR,372,-0.07514827693162071
AR,373,-0.05055163838226954
AR,374,0.04944134277745609
AR,375,0.013594969796649242
AR,376,0.049541094294228566
AR,377,-0.14136168024204315
AR,378,0.0736739236810657
AR,379,0.04597932376051706
AR,380,0.09208484179633276
AR,381,-0.20530266394777866
AR,382,-0.022581411774607884
AR,383,0.15556989960715698
AR,384,-0.027843720729856962
AR,385,7.210433304833536e-06
AR,386,0.07757240870997417
AR,387,-0.01489795519195963
AR,388,-0.0971945216725014
AR,389,0.135301688781309
AR,390,-0.030354000827700497
AR,391,0.016012765898385562
AR,392,-0.042716503175944665
AR,393,-0.12908446417366665
AR,394,0.013347329453593357
AR,395,-0.0384842529265704
AR,396,0.03213390226410812
AR,397,0.0019682486219645278
AR,398,0.0003566207707659658
AR,399,0.047105323420746394
AR,400,-0.008322363170785815
AR,401,0.06595891893443805
AR,402,-0.038626025563758
AR,403,-0.11284797408034135
AR,404,0.04032893661439928
AR,405,0.045711205167061314
AR,406,-0.08034198927625216
AR,407,-0.015913431901471254
AR,408,0.10360422459120755
AR,409,-0.0112148517846021
AR,410,-0.013536648186398402
AR,411,-0.02197277509338983
AR,412,0.011817948945881878
AR,413,0.0019022643047598396
AR,414,0.012721681986050342
AR,415,-0.03256196595078381
AR,416,0.01661691975098444
AR,417,-0.00472221698398011
AR,418,-0.017602286059517608
AR,419,-0.0033669186688885895
AR,420,-0.008814163532489793
AR,421,-0.001684894829555689
AR,422,0.0003923010563505686
AR,423,-0.005385361873682893
AR,424,-0.0075708109026298475
AR,425,0.00017801154027897743
AR,426,0.003513742338426833
AR,427,0.030969461007102232
AR,428,-0.03371333045060977
AR,429,-0.032383677001537985
AR,430,-0.00782004784051488
AR,431,-0.005918108002433389
AR,432,-0.042662665571316816
AR,433,0.043289386483488734
AR,434,-0.009549295711805569
AR,435,0.01943672706518748
AR,436,-0.041795182173446105
AR,437,-0.004604436474809136
AR,438,0.017628381437712937
AR,439,-0.07140362967988809
AR,440,0.04907239818353929
AR,441,-0.015758859768131517
AR,442,0.006727590832227484
AR,443,-0.025322829729687118
AR,444,0.01816555193782622
AR,445,-0.007505884292467806
AR,446,0.02026847792538717
AR,447,-0.0305603954071558
AR,448,-0.025038786098978884
AR,449,0.061862789156455746
AR,450,-0.05595978485466143
AR,451,0.00787927941079785
AR,452,-0.03669718765929257
AR,453,0.020450692554389367
AR,454,-0.0231995840072958
AR,455,-0.0031337378704231113
AR,456,0.017677079873453096
AR,457,-0.026816207454867458
AR,458,0.002486221267740438
AR,459,0.03440076056133883
AR,460,-0.028070358330060836
AR,461,-0.0062788086698269815
AR,462,-0.007523488910049445
AR,463,-0.04461566115667204
AR,464,-0.018919003662564052
AR,465,0.04952908758049305
AR,466,-0.0008288844611216558
AR,467,-0.03396560863898685
AR,468,0.028943184144555403
AR,469,0.009594032833040838
AR,470,-0.014597390099272358
AR,471,-0.001751087878204484
AR,472,-0.012964060153298304
AR,473,-0.08875932733169457
AR,474,0.002658030330735972
AR,475,-0.011907654630742929
AR,476,0.011880588687267652
AR,477,-0.0016077739621782813
AR,478,-0.004483326598794902
AR,479,0.023214528555892355
AR,480,-0.022171562473158036
AR,481,-0.00551090919931686
AR,482,-0.007951428853966287
AR,483,0.00041149703159349283
AR,484,-0.02879768292077601
AR,485,0.06298629475948164
AR,486,-0.050832735757776734
AR,487,0.006352530139985457
AR,488,0.03616218463027351
AR,489,-0.06261071979688626
AR,490,0.008763015884347847
AR,491,0.048248567193762595
AR,492,0.04690242073604909
AR,493,-0.05240154235350425
AR,494,-0.008762772614783546
AR,495,-0.06044455151116854
AR,496,0.04703415915414348
AR,497,-0.05436700713422819
AR,498,-0.019910305075244102
AR,499,0.005159875089340784
AR,500,0.009112841813998287
AR,501,0.005025612790387788
AR,502,-0.023146068342594642
AR,503,0.03671488925909894
AR,504,-0.051498360298499184
AR,505,0.008192298396712285
AR,506,-0.011606332961300592
AR,507,0.015263226836251977
AR,508,-0.02304285524351721
AR,509,0.05699543671155763
AR,510,-0.06777946146088056
AR,511,0.0013775087379094665
AR,512,0.009270073935291709
AR,513,-0.023694828230964457
AR,514,0.04752818294787973
AR,515,-0.10605328973402697
AR,516,0.0973061218347922
AR,517,-0.019189484497639374
AR,518,-0.037464256677741635
AR,519,-0.002388285409228215
AR,520,-0.01769693295030675
AR,521,0.04285163522845788
AR,522,0.000453412299977805
AR,523,-0.009323786222561643
AR,524,-0.04424982745655397
AR,525,0.03520807508333494
AR,526,-0.04508616778076548
AR,527,-0.022612808640518386
AR,528,0.05053266651996606
AR,529,-0.005537989369057746
AR,530,0.012433019727275429
AR,531,-0.05572043170548553
AR,532,0.00039963157659906635
AR,533,-0.009498570488894327
AR,534,0.0022047205788771835
AR,535,0.03669150526933765
AR,536,-0.06973743423530682
AR,537,0.0282490081800507
AR,538,0.025114983210326056
AR,539,-0.04162448858173137
AR,540,-0.00039495078956013497
AR,541,-0.01629756645768963
AR,542,0.04053120098340677
AR,543,-0.0040073722916699455
AR,544,-0.0668791516625725
AR,545,0.0203361726458961
AR,546,-0.05170358178121113
AR,547,0.0392412217303434
AR,548,-0.044728427586158775
AR,549,0.055195761863095195
AR,550,-0.015511688810256384
AR,551,-0.021736517561170465
AR,552,-0.0036616306214920227
AR,553,-0.010760330943247017
AR,554,0.0016210966279101768
AR,555,-0.04973009025865819
AR,556,0.1312520206490993
AR,557,-0.03852355454710703
AR,558,0.14285302113216244
AR,559,-0.0646768417404491
AR,560,0.07643872425668465
AR,561,0.0031392115046332512
AR,562,-0.044231132128082884
AR,563,0.037169681969533894
AR,564,-0.006901340919038414
AR,565,0.01582700701025888
AR,566,-0.05648430039279413
AR,567,-0.022529745545106943
AR,568,0.009753727570631514
AR,569,-0.01391838077663599
AR,570,0.01824848764593382
AR,571,0.0038407655659028327
AR,572,0.00665082965837212
AR,573,-0.01707579895876555
AR,574,-0.0024732079941125404
AR,575,0.03240375760975839
AR,576,-0.009775365489856573
AR,577,0.08752659119942133
AR,578,0.0166833338805892
AR,579,0.03054418141422735
AR,580,0.005924331743409419
AR,581,-0.005930908976789563
AR,582,-0.05067300824919981
AR,583,-0.08203217054307406
AR,584,-0.011977178775824313
AR,585,0.06756091146308243
AR,586,0.02525764059124311
AR,587,-0.006284004969902841
AR,588,-0.06586570673835028
AR,589,-0.04765709347013596
AR,590,-0.0027076300075647595
AR,591,-0.01276704966158936
AR,592,-0.005251191946861931
AR,593,-0.009371467408080645
AR,594,-0.03862002699183357
AR,595,-0.017405836402858664
AR,596,0.01106164222305446
AR,597,0.021450572128667977
AR,598,-0.02943029607904851
AR,599,-0.008491407291362019
AR,600,-0.010691542424897147
AR,601,-0.00014257361570381433
AR,602,-0.01439624421966048
AR,603,-0.012684595253531186
AR,604,-0.0021444952688845255
AR,605,-0.0020538531048469046
AR,606,-0.014803417744128444
AR,607,0.006354023756468073
AR,608,0.017040234393305202
AR,609,-0.0032280017540290895
AR,610,0.019094911982067336
AR,611,-0.000968063851442557
AR,612,-0.026622117502571867
AR,613,-0.004802901123217395
AR,614,-0.027740378711943882
AR,615,0.012195431174924283
AR,616,0.0027500558810246867
AR,617,0.0098507664708877
AR,618,0.049033023005811735
AR,619,-0.07595174242820883
AR,620,-0.0010081472032809902
AR,621,0.0017968323447880817
AR,622,0.014405939946422069
AR,623,-0.034446417268075576
AR,624,0.19087221810649357
AR,625,0.04683417936185451
AR,626,0.092683333962408
AR,627,-0.23179491302700225
AR,628,-0.044214898769056786
AR,629,0.10612966190062395
AR,630,-1.4369093830417581e-05
AR,631,-0.08932312083439112
AR,632,-0.03429429074495295
AR,633,-0.05714716799376696
AR,634,0.12299430670662702
AR,635,-0.022450274828652354
AR,636,-0.00298933662193087
AR,637,0.003010457682693546
AR,638,0.0023442867125957074
AR,639,0.0891442788442526
AR,640,0.05618571141217165
AR,641,0.051850930183140576
AR,642,0.027252454163389683
AR,643,0.043947597816682483
AR,644,-0.004229358231170516
AR,645,0.09062139027606819
AR,646,0.034641495576064676
AR,647,-0.01677358370784493
AR,648,0.07242760654691506
AR,649,-0.05221326262442862
AR,650,0.3997833418514444
AR,651,-0.08947629657554561
AR,652,0.017632692888142266
AR,653,-0.07703281790958291
AR,654,-0.02616083409761795
AR,655,0.002402217318908286
AR,656,-0.013361663292549689
AR,657,0.007524232234544544
AR,658,0.006266121766473266
AR,659,-0.00543235137535895
AR,660,-0.007688508242863816
AR,661,-0.012075079347681802
AR,662,-0.0018320079664910305
AR,663,0.006698292288815559
AR,664,0.7159557664199048
AR,665,0.05395806200917838
AR,666,-0.11826079234907975
AR,667,-0.24722222508410008
AR,668,0.16347481040210685
AR,669,0.08547185621674945
AR,670,0.0899148760654323
AR,671,-0.0010011727597933964
AR,672,-0.07168802070866946
AR,673,0.0992110741739997
AR,674,-0.034513293387736656
AR,675,-0.025461214710709612
AR,676,-0.10628095002583327
AR,677,-0.04289755109576956
AR,678,-0.0018924160947578995
AR,679,0.14977967009641852
AR,680,0.008352764706295542
AR,681,-0.01159787933622206
AR,682,-0.005605927133165796
AR,683,-0.09882838264100552
AR,684,-0.0844770479616751
AR,685,-0.028363217285592587
AR,686,0.02334968227178072
AR,687,0.041618941858900346
AR,688,0.08488825226341352
AR,689,-0.036550926494884436
AR,690,0.013230711722799904
AR,691,0.005106024979073375
AR,692,-0.0015998643392944843
AR,693,9.549004818078764e-05
AR,694,-0.014106121808851034
AR,695,0.032538840706721854
AR,696,-0.004524327456522312
AR,697,-0.0001581449247067086
AR,698,-0.06158281176882194
AR,699,-0.003832469788211706
AR,700,-0.08937786910159015
AR,701,-0.006830541255343499
AR,702,-0.021469975117766986
AR,703,-0.11896684160972378
AR,704,0.1981777017719584
AR,705,-0.062225942513184945
AR,706,0.13902805803643248
AR,707,0.03909057652842829
AR,708,0.03739643749288122
AR,709,0.017074325266322816
AR,710,0.002902896489811152
AR,711,-0.004348412347106936
AR,712,-0.029763751620096687
AR,713,-0.10012199698459008
AR,714,0.014821275532425624
AR,715,-0.033989817019968845
AR,716,0.07202061926481378
AR,717,0.026251959509128044
AR,718,-0.07999051444019853
AR,719,0.09042635178837817
AR,720,-0.004589736983307065
AR,721,-0.014442757138816273
AR,722,-0.030550547516293127
AR,723,-0.026283605714428004
AR,724,-0.05398591464295501
AR,725,0.034187422769044504
AR,726,0.006485977634950159
AR,727,0.026136973159672693
AR,728,0.014273571468165387
AR,729,-0.021946857284825386
AR,730,-0.0018984107613714944
AR,731,-0.010291230905852811
AR,732,0.0028000072567970612
AR,733,0.01581353462746929
AR,734,-0.0587404879806969
AR,735,0.0009511036641962432
AR,736,-0.010316432780810006
AR,737,0.008863312429192062
AR,738,-0.06535999135512673
AR,739,-0.08609641335145021
AR,740,0.06611991762531613
AR,741,-0.0023518512089091724
AR,742,-0.019258071136021272
AR,743,-0.12300901773876075
AR,744,0.04484097872954662
AR,745,0.031158040120798543
AR,746,0.03977269578842049
AR,747,-0.03173958821167368
AR,748,-0.015107673420073365
AR,749,0.014812585847916088
AR,750,0.10562008238074473
AR,751,0.05625480136563368
AR,752,-0.038299984589426954
AR,753,0.05278390696208395
AR,754,-0.11383609078324661
AR,755,0.02592198970199222
AR,756,-0.06677961591983979
AR,757,-0.03556556565666456
AR,758,-0.04899251844767774
AR,759,-0.06745099215457533
AR,760,-0.061517534206543406
AR,761,0.10595680165922729
AR,762,0.10923418796483472
AR,763,-0.08558531976885547
AR,764,-0.013559288121360426
AR,765,-0.04647279455247754
AR,766,0.00562537198520268
AR,767,-0.06407637818053757
AR,768,0.0039644460822378215
AR,769,0.1308708072371344
AR,770,-0.004498265298634286
AR,771,-0.037699103663084516
AR,772,-0.04752148121755584
AR,773,-0.08825723427129312
AR,774,-0.009032427390167665
AR,775,-0.013328135050907316
AR,776,-0.06850427554037439
AR,777,-0.11546897999747652
AR,778,-0.16527867439339908
AR,779,0.01862687035123558
AR,780,0.010604354366106926
AR,781,0.09251472500018607
AR,782,-0.01264276781245786
AR,783,0.0015170026680449353
AR,784,0.0017129594139012085
AR,785,-0.004725665522109113
AR,786,-0.0008363596507400077
AR,787,-0.016956050984711236
AR,788,0.005463629864200835
AR,789,-0.00023098073622650726
AR,790,0.014272932511372731
AR,791,-0.027416435086238894
AR,792,-0.0027820853061862566
AR,793,-0.011604523262414113
AR,794,0.0011571917394735658
AR,795,-0.0033710636054468885
AR,796,-0.013615556386054675
AR,797,-0.0024550436466640214
AR,798,-0.022055744505057436
AR,799,0.007240924291011355
AR,800,0.003120923866677368
AR,801,0.027602217370841297
AR,802,-0.02695067675444949
AR,803,0.00610464668171144
AR,804,-0.009385948748471366
AR,805,-0.0039608973639736166
AR,806,-0.0040114649166150314
AR,807,-0.007490452425048531
AR,808,-0.00318106214813325
AR,809,0.03855852950472744
AR,810,-0.016783178552861912
AR,811,-0.052835162729087434
AR,812,0.01597029731633675
AR,813,-0.011657573852240434
AR,814,-0.004227155563550507
AR,815,-0.00493246371141623
AR,816,-0.011460765269902822
AR,817,0.052874272383866265
AR,818,-0.013255523937521038
AR,819,0.029246877023515354
AR,820,-0.08146726624264809
AR,821,-0.004674822502093769
AR,822,-0.010374618143615013
AR,823,0.010684643244216188
AR,824,-0.007937931940128677
AR,825,-0.013728461141628574
AR,826,0.007372165889795455
AR,827,-0.017024893486539065
AR,828,0.007920668408773153
AR,829,-0.011389877580573958
AR,830,-0.00224326507426885
AR,831,0.0006545176096368109
AR,832,-0.009749499197371808
AR,833,-0.0024513256819153175
AR,834,0.0117520382666926
AR,835,0.020404298838091705
AR,836,-0.0007739306427064305
AR,837,-0.04445558172024966
AR,838,-0.00939854212899054
AR,839,-0.008593594364799027
AR,840,-0.005433225609099174
AR,841,-0.0021740961226430072
AR,842,0.0033901638600672863
AR,843,0.011078883494814298
AR,844,-0.02083980202828216
AR,845,-0.011708410667821596
AR,846,0.002101338441156048
AR,847,-0.00865651748241534
AR,848,0.0029090755694264284
AR,849,-0.006439348644763199
AR,850,-0.007617763228690293
AR,851,0.005523294696824459
AR,852,-0.02338797488820234
AR,853,0.011359195743259628
AR,854,-0.0073023432099922295
AR,855,-0.0022765139028511094
AR,856,-0.008339662363965245
AR,857,0.015854554809450718
AR,858,0.024962302048760716
AR,859,0.028671442520056288
AR,860,-0.042542903384380326
AR,861,0.016602551798641348
AR,862,-0.014398288431809165
AR,863,0.29811362755646964
AR,864,-0.03233536456827167
AR,865,0.0075427831467256845
AR,866,-0.039271420076240564
AR,867,-0.13823725661989592
AR,868,-0.04004131284415393
AR,869,0.1056272588089891
AR,870,0.03262917438445563
AR,871,0.3359291722176511
AR,872,0.0211135679698048
AR,873,-0.15097980120903431
AR,874,-0.11029563673282287
AR,875,0.16534750392109782
AR,876,-0.33858383096986633
AR,877,0.035863005761415406
AR,878,0.32434436958932455
AR,879,0.04450788848554109
AR,880,0.00743142708751382
AR,881,-0.14617848891778007
AR,882,0.05866794117865033
AR,883,-0.0404626345430012
AR,884,0.016457096886413884
AR,885,0.0046950187490642815
AR,886,0.05388062434971139
AR,887,0.03761953359569382
AR,888,-0.03528916104245544
AR,889,-0.08109245143044622
AR,890,-0.0014763218017410686
AR,891,0.061156950621019904
AR,892,-0.046427691495503076
AR,893,-0.0252132309373961
AR,894,-0.1632159632639502
AR,895,-0.08679848842146481
AR,896,-0.08991845008228819
AR,897,-0.007791639868080473
AR,898,0.1044506502156807
AR,899,0.07287672766620944
AR,900,-0.026935019641014094
AR,901,-0.08273304838308486
AR,902,-0.09209230252531299
AR,903,-0.0624136876795276
AR,904,0.03125788800266049
AR,905,0.04426985547931793
AR,906,0.02705985779162826
AR,907,0.047926083221649735
AR,908,-0.05043878556851328
AR,909,-0.2124961346937502
AR,910,-0.08123937571214795
AR,911,0.053968336739537034
AR,912,-0.007719430055770582
AR,913,0.004822456801189912
AR,914,0.03926151478574983
AR,915,-0.10441238560124672
AR,916,-0.020863942057770604
AR,917,-0.05648570917455356
AR,918,0.00688804282895281
AR,919,0.0056877420445057645
AR,920,0.00573918082393563
AR,921,0.00532477850227177
AR,922,0.061309357203104584
AR,923,0.12325329400909403
AR,924,-0.15385493649986232
AR,925,-0.0004019218982014832
AR,926,-0.050000779486116684
AR,927,0.020921751799049548
AR,928,-0.014034418407016358
AR,929,-0.01038051627246427
AR,930,-0.019587662499203642
AR,931,0.1303113069480703
AR,932,-0.1429488161194258
AR,933,0.08038517276448029
AR,934,0.19775993557202423
AR,935,-0.09279919465699626
AR,936,-0.1297481627484448
AR,937,-0.01751428149305109
AR,938,-0.08580628070277062
AR,939,-0.0026303982194075745
AR,940,0.021129580774695306
AR,941,-0.023470058683080778
AR,942,0.055760896557951606
AR,943,0.003158226094156771
AR,944,-0.02531622549180803
AR,945,-0.008750555247450999
AR,946,-0.024569066836559038
AR,947,-0.00031025903166176545
AR,948,-0.012353801379126894
AR,949,-0.00292977145870531
AR,950,-0.00643119436029292
AR,951,0.03687676752615638
AR,952,-0.05350705282594141
AR,953,-0.04044080993268319
AR,954,-0.006998406149215484
AR,955,0.05199666787912907
AR,956,0.0051381065853677195
AR,957,-0.005250354356343815
AR,958,-0.008211959200055135
AR,959,-0.0016469254852399867
AR,960,-0.0032900991710003895
AR,961,-0.007624186227722618
AR,962,0.019765178492741294
AR,963,-0.006658205867208713
AR,964,0.05328497478225753
AR,965,0.017513992360612546
AR,966,-0.07493700960763001
AR,967,0.005335741617004893
AR,968,-0.0536789161091825
AR,969,0.0008493172516583708
AR,970,-0.013395480970693903
AR,971,-0.0039396851064381795
AR,972,0.0031623466463310654
AR,973,-0.0026122334657430815
AR,974,-0.0012803454352941165
AR,975,0.0008363304557834411
AR,976,-0.008282073779130157
AR,977,-0.0035228574884879197
AR,978,-0.0050554491605895435
AR,979,-0.004118792620618709
AR,980,-0.003879864488316835
AR,981,0.10307403727580712
AR,982,-0.121092681080396
AR,983,0.011180481429283715
AR,984,-0.023583642194687185
AR,985,0.00413092008243349
AR,986,0.009726917646390536
AR,987,0.004239440541046099
AR,988,-0.013137670887846916
AR,989,0.007330817182432959
AR,990,-0.025446258094636597
AR,991,0.014792681997504352
AR,992,-0.015558797290920912
AR,993,-0.015517336764212027
AR,994,-0.003597055906600263
AR,995,0.002662624239747594
AR,996,-0.010098089114002779
AR,997,0.005655982604925018
AR,998,-0.014982433200465616
AR,999,-0.0059693610905793395
AR,1000,-0.004431302026602059
AR,1001,-0.004883685294217069
AR,1002,-0.0024774653005520514
AR,1003,-0.008770356446692974
AR,1004,0.005143838850678994
AR,1005,-0.009132704598924771
AR,1006,-0.002822432281869246
AR,1007,-0.0009092915106381164
AR,1008,0.012343963363192049
AR,1009,-0.0004803495708887969
AR,1010,-0.026346600243790194
AR,1011,-0.008807179305829346
AR,1012,-0.032871389708335266
AR,1013,0.008468962137077202
AR,1014,0.003238403207191083
AR,1015,-0.03195850363512616
AR,1016,0.04449188472190521
AR,1017,-0.011066628531547103
AR,1018,-0.0874532364639569
AR,1019,-0.016532981158535083
AR,1020,-0.03412730665795623
AR,1021,0.01013537691592237
AR,1022,-0.011188029243311954
AR,1023,0.033988670535469084
AR,1024,-0.021457806652761736
AR,1025,0.003677896546201168
AR,1026,0.014757290906377507
AR,1027,-0.03207633868147928
AR,1028,0.019488244601797072
AR,1029,0.000631410852801554
AR,1030,-0.0021264573776332584
AR,1031,-0.01587977113250023
AR,1032,-0.025239156747325693
AR,1033,0.022910051234651185
AR,1034,-0.01521960853529331
AR,1035,0.012879528145011858
AR,1036,-0.020883422192363492
AR,1037,0.0015170085364288027
AR,1038,-0.017523954602656426
AR,1039,-0.00836691227527869
AR,1040,0.0005406978324812265
AR,1041,-0.0045607212003292335
AR,1042,-0.014616747510973136
AR,1043,0.009422367222305082
AR,1044,0.015887780183310062
AR,1045,-0.00758885545837767
AR,1046,-0.003425159927535742
AR,1047,-0.0170939808901348
AR,1048,0.009141032924365342
AR,1049,-0.018988397825132217
AR,1050,0.005471246160136271
AR,1051,-0.028249833234786033
AR,1052,0.002880686147226452
AR,1053,-0.009422326495266286
AR,1054,-0.006947710189306275
AR,1055,0.002245149364217088
AR,1056,-0.009633900703697674
AR,1057,-0.0013413178232148455
AR,1058,-0.004672902645774796
AR,1059,-0.0039208998150478324
AR,1060,-0.003500194841185375
AR,1061,-0.00455483059793023
AR,1062,0.052045440166365114
AR,1063,0.16332177510298648
AR,1064,0.1044132577007337
AR,1065,-0.09801700985370113
AR,1066,-0.0590862900938042
AR,1067,-0.030065077748890202
AR,1068,0.029520295839908606
AR,1069,0.11350310382162501
AR,1070,-0.09904489728373551
AR,1071,0.05081885754700316
AR,1072,-0.07326203820236986
AR,1073,0.02809423547660139
AR,1074,-0.0828509695600158
AR,1075,0.04314799881667811
AR,1076,-0.06805663886771907
AR,1077,0.05559399045389169
AR,1078,0.017300184819911794
AR,1079,0.019367410613385518
AR,1080,0.0986594040397653
AR,1081,-0.15051881863791677
AR,1082,0.01152183830892192
AR,1083,-0.0276606703437521
AR,1084,0.0007472378359438519
AR,1085,-0.08914596857983054
AR,1086,-0.056264131248327
AR,1087,0.01963917603828912
AR,1088,-0.016414139837978875
AR,1089,-0.1293511879162259
AR,1090,0.01694154434449132
AR,1091,-0.014175611308870302
AR,1092,0.12090946935068307
AR,1093,0.05313760376759416
AR,1094,0.07000162249184937
AR,1095,0.04755003386569877
AR,1096,0.17051052191696855
AR,1097,0.278774249236985
AR,1098,0.39155785328641696
AR,1099,0.30431303735875076
AR,1100,0.09861837249398467
AR,1101,0.003171465556365896
AR,1102,-0.0103032172937539
AR,1103,-0.07990942534404098
AR,1104,0.027508771005172926
AR,1105,-0.1623120992743751
AR,1106,-0.12546656363983544
AR,1107,-0.01898718608300043
AR,1108,-0.1823095215521257
AR,1109,-0.43625258999241356
AR,1110,0.07192335435709989
AR,1111,0.4170028854882178
AR,1112,-0.22086133228083768
AR,1113,-0.1485110257813131
AR,1114,-0.06022756553867835
AR,1115,0.18323337876593426
AR,1116,-0.0929509710479702
AR,1117,0.004047476148275357
AR,1118,-0.08967373203510079
AR,1119,0.13507751604453805
AR,1120,0.04223761312404451
AR,1121,0.07485881008896872
AR,1122,0.015406416942004104
AR,1123,0.07012518753003336
AR,1124,-0.2309552833062164
AR,1125,-0.052871723762576026
AR,1126,-0.08800880569563245
AR,1127,0.010507567139168342
AR,1128,0.014833538163989437
AR,1129,0.07200436533447391
AR,1130,-0.09467669685013064
AR,1131,0.02420632123453895
AR,1132,-0.005986816192790888
AR,1133,-0.20222347672723823
AR,1134,-0.2132872439696112
AR,1135,0.031116056774090267
AR,1136,0.08301384631614342
AR,1137,0.0517611084253398
AR,1138,0.033381764426244964
AR,1139,-0.0776898122195555
AR,1140,-0.16847413314044957
AR,1141,-0.10134929257217148
AR,1142,0.017658667444581083
AR,1143,-0.019623948002687918
AR,1144,0.2196421059901548
AR,1145,0.08963660968290935
AR,1146,-0.03369194493192038
AR,1147,-0.11160320384746163
AR,1148,-0.11260353067188329
AR,1149,-0.08799744991735092
AR,1150,-0.0268294893192122
AR,1151,0.03232294538779962
AR,1152,0.022894171808609233
AR,1153,-0.019424434015908848
AR,1154,0.005441061065060567
AR,1155,-0.21830710856102156
AR,1156,-0.043298811002155935
AR,1157,0.09838247584783846
AR,1158,-0.031267760960601146
AR,1159,0.09391379361960439
AR,1160,-0.06380665185097634
AR,1161,-0.047126127000266485
AR,1162,0.06386622275763999
AR,1163,0.0018976461507434345
AR,1164,-0.011746709388121262
AR,1165,0.00541050283842592
AR,1166,-0.09042635038927604
AR,1167,0.06555370512205537
AR,1168,-0.007739998898696726
AR,1169,-0.04787799884119445
AR,1170,0.027525905095632863
AR,1171,-0.020785397973956864
AR,1172,0.004646413922570611
AR,1173,-0.01848412181744117
AR,1174,0.0015567673388873918
AR,1175,-0.09165921220977544
AR,1176,0.03950976785718843
AR,1177,-0.029738918731299867
AR,1178,-0.020368376302166792
AR,1179,0.010508937407476406
AR,1180,-8.202387877405751e-05
AR,1181,0.01585375687402092
AR,1182,0.00018249884296955236
AR,1183,0.024611588931325874
AR,1184,-0.018881027540935263
AR,1185,-0.03727010273582343
AR,1186,0.010473835278323199
AR,1187,-0.02666584366621331
AR,1188,-0.018236601561795285
AR,1189,0.020984084827012483
AR,1190,-0.054427923548654625
AR,1191,0.029804476127204486
AR,1192,-0.010971162697024146
AR,1193,-0.020253958009896083
AR,1194,0.0010108412106860647
AR,1195,0.012361968805341158
AR,1196,-0.004687195817083048
AR,1197,-0.005919877120363301
AR,1198,-0.007352291420800197
AR,1199,-0.0172397743825661
AR,1200,0.015546156763590734
AR,1201,-0.0033975154041212463
AR,1202,-0.006501077109785458
AR,1203,-0.00431160893044778
AR,1204,-0.006561705468995517
AR,1205,-0.0030496430852352827
AR,1206,-0.004890470052701665
AR,1207,-0.004915697899077264
AR,1208,0.00026675609242493396
AR,1209,0.004044418422336171
AR,1210,-0.03499628503530123
AR,1211,0.015553384999683052
AR,1212,-0.008905309139387977
AR,1213,-0.0002926870239440835
AR,1214,-0.004073902419735225
AR,1215,-0.006694690569773552
AR,1216,-0.0021309446622846226
AR,1217,-0.00500537351496891
AR,1218,0.01268746150486756
AR,1219,-0.023039570640953362
AR,1220,0.006813467520466633
AR,1221,-0.012439576774799874
AR,1222,-0.013554515859838832
AR,1223,0.003435979884042526
AR,1224,-0.002713063633972194
AR,1225,-0.001587039676012555
AR,1226,0.008661269534413566
AR,1227,-0.04093840921999263
AR,1228,-3.286043454649081e-05
AR,1229,0.026464249953710373
AR,1230,-0.008859261538189113
AR,1231,0.0355123657044508
AR,1232,-0.017297387468441942
AR,1233,0.028054691038819034
AR,1234,-0.0230873559517523
AR,1235,0.0022663365550731653
AR,1236,-0.047897718995407956
AR,1237,0.026369714737121675
AR,1238,0.0038811168811881836
AR,1239,0.04987895689613261
AR,1240,0.0006461329731083966
AR,1241,-0.007012831716739643
AR,1242,-0.06873802189680081
AR,1243,-0.05333269922586927
AR,1244,-0.013897599139933967
AR,1245,-0.006908319423386477
AR,1246,-0.0035365280189149483
AR,1247,-0.020924350018052484
AR,1248,0.023829961337307855
AR,1249,-0.0016288357570232608
AR,1250,0.01894549227635148
AR,1251,-0.014854238471352735
AR,1252,-0.008212363747107564
AR,1253,-0.004652812541228013
AR,1254,-0.0104180773589032
AR,1255,-0.0028574785382985343
AR,1256,-0.001145351499682974
AR,1257,-0.029730691634646554
AR,1258,0.04217320935426902
AR,1259,-0.022919303836057683
AR,1260,-0.001925411062601124
AR,1261,-0.00763644546005691
AR,1262,-0.011442276874012966
AR,1263,0.004176335210942337
AR,1264,-0.03317203635594428
AR,1265,0.01184506430699125
AR,1266,0.002129094338481864
AR,1267,-0.0014500661009627302
AR,1268,-0.002848111182845922
AR,1269,-0.0069018406131408135
AR,1270,-0.05492915422663096
AR,1271,-0.013155789425591402
AR,1272,0.062162660273991054
AR,1273,-0.00477281515509374
AR,1274,0.009903385235450823
AR,1275,-0.12474295184028274
AR,1276,0.04227001051430502
AR,1277,0.005161267584216478
AR,1278,-0.012117846763304196
AR,1279,-0.08457409454728682
AR,1280,-0.05200333479472234
AR,1281,0.003892471966356859
AR,1282,-0.012889400964427677
AR,1283,0.029999957843546414
AR,1284,-0.01586427812612225
AR,1285,0.010532952388637287
AR,1286,-0.0017510110643873366
AR,1287,-0.003633820369434825
AR,1288,-0.0022975606798948133
AR,1289,-0.01465778349484978
AR,1290,-0.002934834262332787
AR,1291,-0.00485917658697354
AR,1292,-0.029239406290204318
AR,1293,0.016002257541042376
AR,1294,-0.02461475379781406
AR,1295,0.03226943533396107
AR,1296,0.005310467476718221
AR,1297,-0.02489131603006194
AR,1298,0.019678629177003706
AR,1299,-0.034104370659538724
AR,1300,-0.020058127469968205
AR,1301,-0.14470111205012248
AR,1302,-0.07226518117947159
AR,1303,0.0007090326779087865
AR,1304,0.008855817271723687
AR,1305,0.06140693837834573
AR,1306,0.04261099134682077
AR,1307,-0.048049654301962695
AR,1308,-0.0468210795013293
AR,1309,-0.07978740519684271
AR,1310,0.06695996637032448
AR,1311,-0.010053071964255115
AR,1312,0.008451171121058821
AR,1313,0.0002244051964308911
AR,1314,0.01166136548301161
AR,1315,0.0011877463304463582
AR,1316,0.005657878757267444
AR,1317,-0.060717726399516295
AR,1318,0.04295296383510193
AR,1319,-0.05608103960883537
AR,1320,0.04492523866579159
AR,1321,-0.011196869795011492
AR,1322,-0.045168937703349205
AR,1323,-0.045500677700636205
AR,1324,-0.02149558158264801
AR,1325,-0.07594338692347719
AR,1326,-0.021134115143206463
AR,1327,-0.02312575964975392
AR,1328,-0.055907411487730665
AR,1329,-0.1159809874390757
AR,1330,0.18367642118873057
AR,1331,-0.011325278511116352
AR,1332,0.030368956020599306
AR,1333,-0.0131115246932988
AR,1334,-0.015183997768777942
AR,1335,0.0075836152693360736
AR,1336,-0.014473219352407824
AR,1337,0.01453396775596599
AR,1338,0.006866165193087543
AR,1339,0.0044947809737625214
AR,1340,0.014739454863116695
AR,1341,-0.03084669515369304
AR,1342,0.018548758592330336
AR,1343,-0.05567092526771267
AR,1344,0.022039536806061622
AR,1345,-0.001396170664317166
AR,1346,-0.010880419256651189
AR,1347,-0.005000699995945155
AR,1348,0.051938255298935136
AR,1349,-0.04129690878509039
AR,1350,0.1545672190526565
AR,1351,-0.062277677601897626
AR,1352,0.002463566179229335
AR,1353,-0.0032671257528204337
AR,1354,0.09349532153157632
AR,1355,-0.002515162461143166
AR,1356,-0.1710418503297071
AR,1357,0.0811735506187167
AR,1358,0.004791166194026305
AR,1359,0.029760316089216445
AR,1360,-0.034783139010027525
AR,1361,0.026832575542719006
AR,1362,0.015362196590284033
AR,1363,-0.004445427757030538
AR,1364,-0.07090561086467974
AR,1365,-0.006561753652559494
AR,1366,0.010179155371755651
AR,1367,-0.03983272543916836
AR,1368,0.037949823202005906
AR,1369,0.013574602049166239
AR,1370,0.05070182727608218
AR,1371,-0.006746405756775529
AR,1372,-0.03097721402395029
AR,1373,-0.09436816549977903
AR,1374,0.005052686123229677
AR,1375,-0.0005875085259176155
AR,1376,0.04313886190023515
AR,1377,-0.02353524480475821
AR,1378,-0.02722820495515958
AR,1379,0.023828709857893968
AR,1380,-0.00340538990215326
AR,1381,0.0014157286483505627
AR,1382,-0.02547268014885218
AR,1383,-0.0048564216750747015
AR,1384,-0.13331304177989226
AR,1385,0.016441948519802994
AR,1386,0.010083496465695344
AR,1387,0.04048070346506359
AR,1388,0.005519453328283654
AR,1389,-0.006812289706437762
AR,1390,-0.017886638393542105
AR,1391,0.039762759271360484
AR,1392,0.019903185886045723
AR,1393,-0.03521879397025579
AR,1394,-0.0043168191090757774
AR,1395,-0.035240628598228435
AR,1396,-0.008314128804295518
AR,1397,-0.06111131542313234
AR,1398,0.03436337543846247
AR,1399,-0.014579927775957877
AR,1400,-0.019619500496865692
AR,1401,0.021175162519216743
AR,1402,-0.009013631579796094
AR,1403,0.04437781826535034
AR,1404,-0.0010536016940573423
AR,1405,0.012474150240062928
AR,1406,-0.029607259979455687
AR,1407,-0.05030356009518668
AR,1408,-0.004636234297320017
AR,1409,-0.0299259174266752
AR,1410,0.02101851190649959
AR,1411,-0.022246762453272048
AR,1412,0.006087540709954877
AR,1413,0.010540243537178307
AR,1414,-0.19508957550740608
AR,1415,-0.19325221312682017
AR,1416,0.013187200229456084
AR,1417,-0.028612099666013385
AR,1418,0.032794868303940614
AR,1419,0.0036564075102243528
AR,1420,0.023439145811736548
AR,1421,0.012179859696024899
AR,1422,0.06136590043931658
AR,1423,0.14345052948027173
AR,1424,0.06911106727978901
AR,1425,0.03832379041622483
AR,1426,-0.05032774367895848
AR,1427,-0.09607935680830121
AR,1428,0.058929597499799535
AR,1429,-0.027371173341134085
AR,1430,0.0027896712520774324
AR,1431,-0.038131951506812096
AR,1432,-0.025568624435843304
AR,1433,-0.050152286197608975
AR,1434,-0.010240781634311786
AR,1435,0.044482692447931745
AR,1436,0.03351744578773799
AR,1437,-0.03217355733942391
AR,1438,-0.03366643211460937
AR,1439,0.07890873036654503
AR,1440,-0.053755943274170784
AR,1441,0.012454001194751855
AR,1442,-0.027473206917562887
AR,1443,0.004999490694906834
AR,1444,0.04022712130669224
AR,1445,0.013528471452088155
AR,1446,-0.020378979320319596
AR,1447,-0.05865709474619387
AR,1448,-0.02837607882216634
AR,1449,0.007501323303355142
AR,1450,-0.014485554164536733
AR,1451,-0.024057671571442035
AR,1452,-0.15010077959910548
AR,1453,-0.053942675226186496
AR,1454,-7.52929844387018e-05
AR,1455,0.01179240305830643
AR,1456,-0.004979283731856528
AR,1457,-0.03527149870414166
AR,1458,-0.030954031333836708
AR,1459,-0.0020025551696583096
AR,1460,-0.16385418935104915
AR,1461,-0.3237926348792862
AR,1462,0.004099529640759377
AR,1463,0.11160515965998245
AR,1464,0.04469995505278268
AR,1465,0.03288038299486533
AR,1466,-0.10805835780172135
AR,1467,0.04397720090036145
AR,1468,0.031116718398505834
AR,1469,0.020718782126569732
AR,1470,-0.022090552245343252
AR,1471,-0.13974446334809973
AR,1472,-0.014360576786300828
AR,1473,0.009050144485259117
AR,1474,-0.05311369738172656
AR,1475,0.013576230030287606
AR,1476,-0.07385138622888801
AR,1477,0.017036603811159734
AR,1478,0.0011491559261176318
AR,1479,0.002414986347709951
AR,1480,-0.0033974579276473942
AR,1481,-0.007452624897443845
AR,1482,0.035437927920094626
AR,1483,-0.040543463893736066
AR,1484,0.010815254069433077
AR,1485,-0.011046325555740848
AR,1486,-0.006257042564298489
AR,1487,-0.02320887593430442
AR,1488,0.06858955591062187
AR,1489,-0.013860397951395119
AR,1490,-0.05817398525191471
AR,1491,0.015268463308728181
AR,1492,-0.0065363549673828295
AR,1493,-0.002379605644120749
AR,1494,0.020870921988038357
AR,1495,-0.033440911350829175
AR,1496,-0.031080319391770667
AR,1497,-0.01860787506337046
AR,1498,0.025047180685498688
AR,1499,-0.0007965431323940751
AR,1500,-0.01304639621612298
AR,1501,-0.022566345239763155
AR,1502,-0.0033573278376107497
AR,1503,0.028906410674049195
AR,1504,-0.03640048837525283
AR,1505,0.03174366349680975
AR,1506,-0.011678560317434469
AR,1507,8.757624057582469e-05
AR,1508,-0.0005028347913074238
AR,1509,-0.009729657587661455
AR,1510,-0.015281894909190073
AR,1511,-0.005353298970791761
AR,1512,-0.027886804017852578
AR,1513,0.016864246041094072
AR,1514,-0.04579620598174658
AR,1515,0.05539869796606665
AR,1516,-0.01922835353698617
AR,1517,-0.01912785530050712
AR,1518,-0.004285959833937964
AR,1519,-0.01013858514643865
AR,1520,-0.006651606283123661
AR,1521,-0.009214352242529221
AR,1522,-0.2998202485504714
AR,1523,0.023852439151454612
AR,1524,-0.10741452386482667
AR,1525,0.048791846086692243
AR,1526,0.006816927007706848
AR,1527,-0.060456993430558686
AR,1528,0.006343323839988341
AR,1529,0.020509496986342524
AR,1530,0.02988643580536035
AR,1531,-0.00467408499124859
AR,1532,0.0056232433299237185
AR,1533,0.02542997722672134
AR,1534,0.05297188076172227
AR,1535,0.01318109629286729
AR,1536,0.012505442726570299
AR,1537,-0.05840759843183442
AR,1538,0.02826245279274529
AR,1539,0.03664114237587056
AR,1540,-0.01655896175200387
AR,1541,0.09343919032871219
AR,1542,0.06301960254779018
AR,1543,0.43216633089233814
AR,1544,0.7788762786540777
AR,1545,0.1419402925000496
AR,1546,-0.6898038527916559
AR,1547,0.1806658490179396
AR,1548,0.03082140781593734
AR,1549,-0.187702100659637
AR,1550,0.09313961746070631
AR,1551,0.02324826941281613
AR,1552,-0.12818399802116776
AR,1553,-0.026305302646360107
AR,1554,-0.2822412095991552
AR,1555,0.0581716727888872
AR,1556,0.09413175556874315
AR,1557,-0.014171159142115003
AR,1558,-0.45109407960292797
AR,1559,-0.10485423221802764
AR,1560,0.101241464276086
AR,1561,-0.02284395702619861
AR,1562,-0.18412234956804183
AR,1563,0.26968297781907535
AR,1564,-0.008484433938900532
AR,1565,-0.256239873595114
AR,1566,0.018646193513066796
AR,1567,-0.08896252971442367
AR,1568,-0.2039339380479673
AR,1569,0.07114363649234413
AR,1570,-0.012586232419598003
AR,1571,0.056176620575086246
AR,1572,0.07037194171546379
AR,1573,-0.013601410483240942
AR,1574,0.06148445953055846
AR,1575,0.11874670917249441
AR,1576,-0.23944771506003876
AR,1577,-0.2255544112744438
AR,1578,-0.10768762755206229
AR,1579,0.22586930460499605
AR,1580,-0.18050633243451797
AR,1581,0.044817277397416116
AR,1582,-0.02373925593119334
AR,1583,0.08784417458842239
AR,1584,0.01908084130154577
AR,1585,-0.016488868692981915
AR,1586,-0.0020016452051525666
AR,1587,-0.006588954878104004
AR,1588,-0.0037140445591764626
AR,1589,0.07928543111815986
AR,1590,0.20731136090639293
AR,1591,-0.17264494992781196
AR,1592,0.010605995013595038
AR,1593,-0.025513874997023286
AR,1594,0.17099074945698284
AR,1595,0.10033487634478552
AR,1596,-0.025113259742918722
AR,1597,0.139348603780568
AR,1598,0.1101458906990629
AR,1599,-0.10604236281400883
AR,1600,0.046841105432504276
AR,1601,-0.013803618570104835
AR,1602,0.058535539904317146
AR,1603,-0.1053846652393095
AR,1604,-0.0839665050382324
AR,1605,0.03276867528000385
AR,1606,0.10010309315447512
AR,1607,-0.021335565214457973
AR,1608,-0.02409857674778642
AR,1609,0.049434937588860334
AR,1610,-0.011302178825950533
AR,1611,-0.040900516897671824
AR,1612,-0.015416366266838372
AR,1613,0.15348877488374002
AR,1614,0.06346302390370105
AR,1615,-0.045673627505597184
AR,1616,-0.022625495484887577
AR,1617,-0.0877210008477923
AR,1618,-0.019862345221272407
AR,1619,-0.012759912104502507
AR,1620,0.03768699799534189
AR,1621,0.010385567527878437
AR,1622,-0.01332910586706702
AR,1623,-0.03878524429350721
AR,1624,-0.008570722497252834
AR,1625,0.017614216142746393
AR,1626,-0.0521615741463183
AR,1627,-0.06687009235579103
AR,1628,-0.007121585032627232
AR,1629,0.03829953414172963
AR,1630,0.12395527061946407
AR,1631,-0.038332878345157514
AR,1632,-0.027634384419988417
AR,1633,-0.01110426206614271
AR,1634,-0.010827763319165535
AR,1635,0.1230254125812618
AR,1636,-0.02653078933087991
AR,1637,0.059321163088478644
AR,1638,-0.02615728811432488
AR,1639,-0.049686022328080816
AR,1640,0.2768081734299648
AR,1641,-0.013630382062045737
AR,1642,0.012954366778087258
AR,1643,-0.025062943429158963
AR,1644,0.04411604001144571
AR,1645,-0.06421255594151712
AR,1646,-0.03759890803159834
AR,1647,-0.06243168269559232
AR,1648,0.023937295251501907
AR,1649,-0.001522513529313004
AR,1650,-0.0024191276436652314
AR,1651,0.01577579330453993
AR,1652,-0.05376451051153576
AR,1653,0.004227515245897222
AR,1654,-0.03210366687366801
AR,1655,-0.03763817373538502
AR,1656,0.4761224655126083
AR,1657,0.1527900291122949
AR,1658,-0.028475355530267893
AR,1659,-0.004734261417757436
AR,1660,0.03450751919546757
AR,1661,0.0662830352640047
AR,1662,-0.033471368131959355
AR,1663,0.04724523827698136
AR,1664,0.012414175907323435
AR,1665,0.16068304627341143
AR,1666,-0.12166842436872
AR,1667,0.05727857587498647
AR,1668,-0.08366868199923067
AR,1669,-0.08875058104624559
AR,1670,0.035563983167420606
AR,1671,0.021262068419615344
AR,1672,-0.0016058324867269016
AR,1673,-0.027713422434149256
AR,1674,-0.040813450359735
AR,1675,0.022895885554910924
AR,1676,0.0040755952321308965
AR,1677,-0.14014438441947386
AR,1678,0.102964399390506
AR,1679,0.056259543766857455
AR,1680,0.07798937556528449
AR,1681,0.0796918086986045
AR,1682,-0.019296104726337027
AR,1683,-0.05591662983679892
AR,1684,0.02387227222609891
AR,1685,-0.0430708862078224
AR,1686,0.03884072927662213
AR,1687,0.022073938180651637
AR,1688,0.003403250243272494
AR,1689,-0.011235943958608382
AR,1690,0.029796639888534378
AR,1691,0.03045397397687067
AR,1692,-0.05076201378964409
AR,1693,0.18732774004294328
AR,1694,0.11604989201888345
AR,1695,0.10303215918430139
AR,1696,0.027809899585826102
AR,1697,-0.1405877483150625
AR,1698,0.006864668696335695
AR,1699,-0.07361110012166736
AR,1700,0.1740242013767966
AR,1701,-0.029994350110382765
AR,1702,0.11736184877791021
AR,1703,0.12188139507030749
AR,1704,-0.06832704971278412
AR,1705,-0.12193290291037756
AR,1706,-0.04527813404775352
AR,1707,-0.019405284326939675
AR,1708,-0.03600871525860337
AR,1709,-0.06641324253268517
AR,1710,-0.0650493714165629
AR,1711,0.03347309302518424
AR,1712,-0.06836901643365301
AR,1713,-0.0821672029505178
AR,1714,0.0911557611628703
AR,1715,-0.013952319502506468
AR,1716,0.20080539501225314
AR,1717,-0.02750240466197628
AR,1718,-0.030519690431536274
AR,1719,-0.0006263479582535331
AR,1720,-0.03903782604837044
AR,1721,0.0028044229887973105
AR,1722,0.005334544014593302
AR,1723,-2.2511521778787943e-05
AR,1724,0.034073446164299116
AR,1725,0.002969350602973868
AR,1726,-0.014191843434447455
AR,1727,-0.007357491375533353
AR,1728,-0.014965518525825974
AR,1729,0.038104188378143354
AR,1730,0.07542876278979264
AR,1731,-0.03166594194910921
AR,1732,-0.010675371564184851
AR,1733,-0.06574565744592807
AR,1734,0.07220941474266855
AR,1735,-0.0769993039032965
AR,1736,0.1544881543404383
AR,1737,-0.026287956764540023
AR,1738,0.0060171120699599664
AR,1739,0.22118786689314798
AR,1740,0.02127108221978488
AR,1741,0.26266626045622404
AR,1742,-0.2224649876662782
AR,1743,-0.12098766946084838
AR,1744,-0.01688208754569714
AR,1745,0.10972710583485379
AR,1746,0.16327017762496776
AR,1747,0.10362555213399821
AR,1748,0.10760024043945457
AR,1749,0.056188492507573407
AR,1750,-0.031850277562397965
AR,1751,0.049529277737462685
AR,1752,-0.0030084192148475755
AR,1753,-0.020956247313780707
AR,1754,0.04053833064709411
AR,1755,0.03295652606230434
AR,1756,-0.010489397907641295
AR,1757,0.36438743146150787
AR,1758,0.09213419004143238
AR,1759,0.1034474340465138
AR,1760,-0.0766028225744631
AR,1761,-0.094257595564778
AR,1762,-0.004044372046844595
AR,1763,-0.019489770994327738
AR,1764,-0.034808792085922885
AR,1765,0.21975597351984183
AR,1766,0.053154544852659524
AR,1767,0.7338831947375526
AR,1768,-0.131381930853261
AR,1769,0.8344625140774526
AR,1770,0.3205427710351375
AR,1771,0.009166670782909447
AR,1772,0.24126256556098097
AR,1773,0.9629571576911732
AR,1774,-0.10165557584153218
AR,1775,-0.0024892983103699112
AR,1776,-0.2662847784623832
AR,1777,-0.11457589025993432
AR,1778,-0.069710633269798
AR,1779,-0.007406978088466326
AR,1780,0.00795895730743331
AR,1781,-0.06255844463463703
AR,1782,0.09952960575040389
AR,1783,0.012347291866282323
AR,1784,0.005445026638369101
AR,1785,-0.009964057165936908
AR,1786,-0.05904907986669106
AR,1787,0.012216899334420842
AR,1788,-0.2552515703428057
AR,1789,-0.2656772203253348
AR,1790,0.12883077599643394
AR,1791,0.03781013146760308
AR,1792,0.1779454612671755
AR,1793,-0.025910001038726288
AR,1794,0.14457937462362455
AR,1795,0.049589150573638996
AR,1796,-0.03709549826086084
AR,1797,-0.0625843300877621
AR,1798,-0.32505839741539955
AR,1799,0.05761239912268012
AR,1800,-0.1067664309560452
AR,1801,-0.4479080827335588
AR,1802,-0.4754966580194239
AR,1803,-0.5922567648247815
AR,1804,-1.4232007290834645
AR,1805,0.20183251244180256
AR,1806,-0.3030147733595298
AR,1807,-0.2066964114517092
AR,1808,-0.7807247456479365
AR,1809,0.6827654671070071
AR,1810,-0.23553900583815213
AR,1811,-0.09847385726187696
AR,1812,-0.04463344268858491
AR,1813,0.351795222902075
AR,1814,0.6218675824075806
AR,1815,0.11078047381499394
AR,1816,-0.13590438603150945
AR,1817,-0.34425431471069134
AR,1818,-0.32643792081650697
AR,1819,0.11853093876495466
AR,1820,-0.06793619324688718
AR,1821,0.21909266092390303
AR,1822,-0.09219435631675406
AR,1823,0.06995937047955689
AR,1824,-0.002830714810100242
AR,1825,-0.41351341760664256
AR,1826,0.01375474730838076
AR,1827,-0.18973318938244527
AR,1828,-0.0033052447315312164
AR,1829,-0.027262130618799493
AR,1830,0.004374473711065313
AR,1831,0.02102704694649782
AR,1832,0.00778297022640561
AR,1833,-0.0013807780551106912
AR,1834,0.048921324061433374
AR,1835,-0.07770825566827051
AR,1836,0.05110312427534548
AR,1837,-0.002074934329615785
AR,1838,0.0036836073265771596
AR,1839,-0.0008718433310369268
AR,1840,-0.012962696113391823
AR,1841,-0.00025540091702945403
AR,1842,-0.0059233964438061264
AR,1843,0.0793807203604666
AR,1844,0.03072045805415237
AR,1845,-0.10976659617914603
AR,1846,-0.024467549696628486
AR,1847,0.017482010995657493
AR,1848,-0.03697323434506262
AR,1849,0.17768464771970932
AR,1850,0.48025669921301606
AR,1851,-0.07316917984509852
AR,1852,-0.11332386209724846
AR,1853,-0.054317959990400136
AR,1854,0.07941943140746477
AR,1855,0.01921275593927632
AR,1856,0.03329214392130287
AR,1857,0.24220152692274138
AR,1858,0.5194498030651554
AR,1859,-0.40188246884417667
AR,1860,-0.07528936701873548
AR,1861,0.2050321393786444
AR,1862,0.10563690008697965
AR,1863,-0.12152952400518593
AR,1864,0.043500128307295584
AR,1865,-0.32446365374887237
AR,1866,-0.08081447957183682
AR,1867,-0.07107959783361426
AR,1868,0.04217434362649447
AR,1869,-0.21600193853817884
AR,1870,-0.013652400355365184
AR,1871,0.2958224862500505
AR,1872,-0.11811872737362725
AR,1873,-0.028985282628398126
AR,1874,-0.4224367315078023
AR,1875,0.03144856375308186
AR,1876,-0.015962830208702206
AR,1877,0.009004938020568155
AR,1878,0.07451010350601382
AR,1879,-0.0016913174602576683
AR,1880,0.031030107087861657
AR,1881,-0.2563948613634794
AR,1882,-0.06955531594104755
AR,1883,0.07612198082397988
AR,1884,-0.030288606260704502
AR,1885,-0.04954087358970348
AR,1886,-0.004717065492936311
AR,1887,-0.03626157943090348
AR,1888,-0.060701221630174856
AR,1889,0.08821083653611306
AR,1890,-0.052970229739249176
AR,1891,0.04638768708998462
AR,1892,-0.07039599944295523
AR,1893,-0.03599454669930293
AR,1894,-0.004331114961556365
AR,1895,0.016161267865879035
AR,1896,-0.007828341510543646
AR,1897,-0.007511697475774418
AR,1898,-0.0026029598368226795
AR,1899,0.19045098272335056
AR,1900,0.06777133581087293
AR,1901,0.023866356970036195
AR,1902,-0.12271218804973624
AR,1903,-0.03307862506553409
AR,1904,0.021061748661843203
AR,1905,-0.10078219222585305
AR,1906,-0.027617713435130063
AR,1907,-0.099326161276642
AR,1908,0.03669737064280366
AR,1909,0.0037442241912057973
AR,1910,0.007023624591374838
AR,1911,0.0057624522374087935
AR,1912,-0.024230932074590573
AR,1913,-0.016944492676721396
AR,1914,0.00907750809565943
AR,1915,0.06816630899951025
AR,1916,0.015893413817388985
AR,1917,-0.0020071823961762577
AR,1918,-0.0757055562578939
AR,1919,0.028577029102461467
AR,1920,-0.046683531689858476
AR,1921,0.003273781484616589
AR,1922,-0.007691639907887981
AR,1923,0.03874591256348043
AR,1924,-0.09406443506972297
AR,1925,0.14103877897638814
AR,1926,-0.02477912970425192
AR,1927,0.011872141457863913
AR,1928,0.00856573641701763
AR,1929,-0.06416639616672072
AR,1930,0.07164469863973419
AR,1931,-0.0016819248422003177
AR,1932,-0.001390493450295259
AR,1933,-0.04973796151784457
AR,1934,0.07464312990651267
AR,1935,-0.05522024198744063
AR,1936,0.005783986607843971
AR,1937,0.005169897814373291
AR,1938,-0.09402641527079278
AR,1939,0.05427696476881255
AR,1940,0.042772946738988044
AR,1941,0.024123507330927274
AR,1942,0.10667254944160501
AR,1943,-0.04729115089976851
AR,1944,0.0015555850696677385
AR,1945,-0.021424131116146033
AR,1946,-0.07956711709598574
AR,1947,0.043923795712110976
AR,1948,-0.019655568515341695
AR,1949,0.06945755366183638
AR,1950,-0.05178228534777056
AR,1951,0.1475234689580499
AR,1952,0.036902727865747255
AR,1953,0.022222139703241692
AR,1954,0.489717514381219
AR,1955,-0.05064464636164913
AR,1956,0.20714468221593565
AR,1957,-0.24105492084377436
AR,1958,-0.3498782588917308
AR,1959,0.012493591624836715
AR,1960,0.15305822989828724
AR,1961,-0.10498904685567118
AR,1962,0.04890612497895801
AR,1963,-0.18443793605050965
AR,1964,0.03256854827443215
AR,1965,0.022336620044767275
AR,1966,-0.027325875997289955
AR,1967,0.08888896470121435
AR,1968,0.02308489630041633
AR,1969,0.04547071845292206
AR,1970,-0.05210631248928488
AR,1971,0.031307217521913504
AR,1972,-0.03337204557216841
AR,1973,0.09847397109185674
AR,1974,-0.04033307862735763
AR,1975,-0.001973229520135108
AR,1976,0.21821888351856367
AR,1977,0.030310162201913037
AR,1978,-0.09889573580732687
AR,1979,-0.04833103841764606
AR,1980,0.006104940197029458
AR,1981,0.021882870879870335
AR,1982,0.012904015541929508
AR,1983,0.024512799376014256
AR,1984,0.2666356857282639
AR,1985,0.601491799559833
AR,1986,-0.1781030798680035
AR,1987,-0.3531492438873544
AR,1988,-0.27127821803940133
AR,1989,-0.04680091457014988
AR,1990,0.5067081115966682
AR,1991,0.2284389463605128
AR,1992,0.05231490016319464
AR,1993,0.09459703502269183
AR,1994,0.16545815568969668
AR,1995,0.37583877404405747
AR,1996,-0.3674232329994124
AR,1997,-0.22937054190601355
AR,1998,-0.07979333472961175
AR,1999,-0.022758593921334835
AR,2000,-0.010701072890643162
AR,2001,0.0018903037220833994
AR,2002,0.024265600084347888
AR,2003,-0.0009738350263670259
AR,2004,0.08624135917156829
AR,2005,0.08644785905108215
AR,2006,0.2232624074694553
AR,2007,0.24143752565539942
AR,2008,0.08715651097088084
AR,2009,0.4586707728867047
AR,2010,-0.09725979540459115
AR,2011,-0.432622868665784
AR,2012,0.10916925733897104
AR,2013,0.10001183051889843
AR,2014,0.1107445408931088
AR,2015,-0.02237440198518921
AR,2016,-0.030227511509954754
AR,2017,-0.0029586528860014935
AR,2018,-0.4446942905840909
AR,2019,0.2607803679352249
AR,2020,0.12376779948914599
AR,2021,0.18888294260032695
AR,2022,-0.1654598109727315
AR,2023,-0.11181850284796013
AR,2024,0.034141212058275514
AR,2025,0.06882251312222477
AR,2026,0.20368890571747095
AR,2027,-0.05067950081620751
AR,2028,0.024426071826691917
AR,2029,0.051354911624552496
AR,2030,0.09662282450654165
AR,2031,0.2491978882790099
AR,2032,-0.0686752798025323
AR,2033,-0.13373250345435622
AR,2034,0.24681653111628582
AR,2035,-0.22379874584217108
AR,2036,0.07554056665047215
AR,2037,0.059349974873502825
AR,2038,-0.10217295125726894
AR,2039,-0.01891834606454309
AR,2040,-0.03457750832673587
AR,2041,0.10080810982786875
AR,2042,-0.05988499135743641
AR,2043,-0.20389625649178195
AR,2044,-0.7572704668271599
AR,2045,-0.04903218278808279
AR,2046,0.2399758146726278
AR,2047,-0.052017095649771264
AR,2048,-0.004645920565184536
AR,2049,0.26439050314422174
AR,2050,-0.09858072325043331
AR,2051,-0.2006711118415741
AR,2052,-0.03828926119505577
AR,2053,-0.18098505064935325
AR,2054,-0.2671920522130237
AR,2055,-0.14545333872139277
AR,2056,0.323036311380563
AR,2057,0.17880582210772664
AR,2058,0.13524555613348138
AR,2059,-0.14274219875448174
AR,2060,-0.008362906282552235
AR,2061,0.11005355101387083
AR,2062,-0.06608493161099502
AR,2063,0.16680734048475215
AR,2064,-0.2102796714807727
AR,2065,0.08720994927986447
AR,2066,5.6520890456192296e-05
AR,2067,-0.0021931646824213747
AR,2068,-0.22145512162675493
AR,2069,0.11730898617698284
AR,2070,0.01969230485586359
AR,2071,0.10328978808590297
AR,2072,-0.1482721531535706
AR,2073,0.05573907781639913
AR,2074,0.35676597384482034
AR,2075,-0.026996028341943878
AR,2076,-0.04514637985458762
AR,2077,-0.11887548819351482
AR,2078,-0.37478134774161803
AR,2079,0.01070314049086971
AR,2080,0.35460867050556893
AR,2081,0.08439398206198849
AR,2082,-0.406167303701668
AR,2083,0.09873418080116886
AR,2084,-0.05625906046650915
AR,2085,0.32850681588833724
AR,2086,0.15633324084065273
AR,2087,-0.0713716235295449
AR,2088,0.0494901474468559
AR,2089,-0.21964938566133332
AR,2090,0.12542433813290105
AR,2091,0.14135487442156086
AR,2092,0.2717966856157429
AR,2093,0.04147210359479596
AR,2094,-0.11203506228731444
AR,2095,0.08990142447880838
AR,2096,0.06657303717734778
AR,2097,0.045233374116156126
AR,2098,-0.054153637827229595
AR,2099,0.006342583002199892
AR,2100,0.04003926002983555
AR,2101,0.12610138438115973
AR,2102,-0.006391728038502048
AR,2103,-0.056247670322084733
AR,2104,-0.2861787502836096
AR,2105,-0.5521020301755222
AR,2106,0.11015669502261588
AR,2107,-0.07879532051075169
AR,2108,-0.17488645856267077
AR,2109,0.19620461955152504
AR,2110,-0.07793941019195924
AR,2111,0.2761469430216199
AR,2112,-0.01590492463484324
AR,2113,0.002159481447093615
AR,2114,-0.0005352932908763222
AR,2115,-0.02625195754520698
AR,2116,-0.0007233546987502808
AR,2117,0.18832742618808873
AR,2118,0.2199680522124298
AR,2119,0.06751513704390683
AR,2120,-0.04317064440992593
AR,2121,-0.04548346276688919
AR,2122,0.23015760729387255
AR,2123,0.11841608292801103
AR,2124,0.09978573653147663
AR,2125,-0.19039270295560853
AR,2126,-0.04783162571841336
AR,2127,0.04453250774072802
AR,2128,-0.02275921914042081
AR,2129,0.1458971399515427
AR,2130,0.018908105933586668
AR,2131,-0.1013198454883901
AR,2132,0.05503930017813073
AR,2133,-0.20226899464655446
AR,2134,0.00045190599780322097
AR,2135,0.02018238363093801
AR,2136,0.12016041251366358
AR,2137,0.07126799638108058
AR,2138,0.07095605721600054
AR,2139,0.00426459559292168
AR,2140,0.08630326214439059
AR,2141,0.11282518989280232
AR,2142,0.011308221690766916
AR,2143,-0.08827966403256371
AR,2144,-0.1417629975731764
AR,2145,0.10396451456139724
AR,2146,0.03809074023983614
AR,2147,0.025790616172966803
AR,2148,0.06688441165204519
AR,2149,-0.08513524738082887
AR,2150,0.43067835411731104
AR,2151,0.3386189916671172
AR,2152,-0.2812310333163614
AR,2153,0.05233184359548228
AR,2154,-0.07585592948275406
AR,2155,-0.05992852707814273
AR,2156,-0.04779748904085952
AR,2157,0.12827923943825753
AR,2158,0.13415652573581596
AR,2159,0.6615961427690221
AR,2160,0.31974521717167753
AR,2161,0.44252533215121814
AR,2162,-0.1104964284505586
AR,2163,0.06409623383339304
AR,2164,-0.05825927389348606
AR,2165,-0.14542661188085515
AR,2166,-0.1880133403333955
AR,2167,-0.27330493045230386
AR,2168,-0.07646277795910798
AR,2169,0.0016575766446784053
AR,2170,0.022318369168727443
AR,2171,0.025863429930559647
AR,2172,0.2479306081543848
AR,2173,0.03160732447820592
AR,2174,-0.10335519168052419
AR,2175,0.09856802936826412
AR,2176,0.052261036427811325
AR,2177,0.0660271309122025
AR,2178,0.014434577327262485
AR,2179,-0.022510694643616727
AR,2180,-0.021739658405525265
AR,2181,-0.03767598588530789
AR,2182,-0.07153160805484915
AR,2183,0.06116004931520258
AR,2184,0.002284965516356312
AR,2185,0.04030490652580747
AR,2186,0.0022391054129222623
AR,2187,0.009824982975872715
AR,2188,-0.02190044299824763
AR,2189,-0.08853781595651096
AR,2190,0.008091937213076335
AR,2191,-0.004270185736569825
AR,2192,0.0054389325915776545
AR,2193,-0.03964668656275989
AR,2194,-0.03417965806188876
AR,2195,-0.08502005524525157
AR,2196,0.0265133953944739
AR,2197,0.015274302516070757
AR,2198,-0.07074190626584478
AR,2199,0.07014308174612384
AR,2200,0.06289700224930994
AR,2201,0.007071731709445141
AR,2202,-0.00022687105891383737
AR,2203,0.03757480213498718
AR,2204,-0.010304628249319043
AR,2205,-0.022827113087452222
AR,2206,0.003233452494115451
AR,2207,-0.01341500881823771
AR,2208,-0.0002556772827938731
AR,2209,0.010419996097794442
AR,2210,-0.008811244287675163
AR,2211,0.037663435006208563
AR,2212,-0.050453720221027204
AR,2213,-0.03996009224869267
AR,2214,0.011904029636793566
AR,2215,-0.008094543352619527
AR,2216,0.005000563021505718
AR,2217,-0.006493436500282848
AR,2218,-0.1535772221159361
AR,2219,0.024104948254891786
AR,2220,-0.022307772398906925
AR,2221,0.02299041952982532
AR,2222,0.03730558993627144
AR,2223,-0.05903686077874271
AR,2224,-0.18461719621747477
AR,2225,0.06611434601218091
AR,2226,-0.25315668403931796
AR,2227,0.028246146891293376
AR,2228,0.010536841227068291
AR,2229,0.0579154620941672
AR,2230,0.14970139630083695
AR,2231,-0.035753875740831914
AR,2232,-0.24352441211602904
AR,2233,0.06380008052223171
AR,2234,-0.13107381925261619
AR,2235,0.03876905491308461
AR,2236,-0.16295667387549767
AR,2237,-0.06548402419927155
AR,2238,-0.018469722048272484
AR,2239,-0.4837438950925906
AR,2240,0.2650339809023835
AR,2241,0.06186349194674931
AR,2242,-0.006134385529212014
AR,2243,-0.1453192084458625
AR,2244,0.0970184724599352
AR,2245,-0.005548080059386552
AR,2246,-0.35100993226439203
AR,2247,0.07684318299183991
AR,2248,0.023887034665710558
AR,2249,-0.30261747889942126
AR,2250,-0.13099853602932277
AR,2251,0.03504742202099126
AR,2252,0.16762731413604123
AR,2253,0.06406467973681518
AR,2254,-0.4211729450978655
AR,2255,-0.1244902195273832
AR,2256,0.13362444292619438
AR,2257,0.0847135495104683
AR,2258,0.004410111429926915
AR,2259,-0.008121962182406276
AR,2260,0.002320039563531254
AR,2261,-0.016932751052339455
AR,2262,-0.4969992552048412
AR,2263,-0.49745421350324054
AR,2264,0.34429426405080893
AR,2265,-0.07915521752808746
AR,2266,-0.3196981500949245
AR,2267,0.13461508582795606
AR,2268,-0.20809365770576832
AR,2269,0.12773386275105025
AR,2270,0.36213464331655987
AR,2271,-0.10692008207649434
AR,2272,-0.0694520260420815
AR,2273,0.058825723699027166
AR,2274,0.07073437072648123
AR,2275,-0.07836846302009784
AR,2276,-0.05760075408820718
AR,2277,0.1131165570159519
AR,2278,-0.10429715161507397
AR,2279,-0.12025527673788633
AR,2280,0.14128039771940548
AR,2281,0.21067811152872493
AR,2282,0.3932894873145302
AR,2283,-0.0017868197308812325
AR,2284,0.3174451053846238
AR,2285,-0.10465375109751027
AR,2286,-0.04758634656435025
AR,2287,-0.06522978970962202
AR,2288,-0.16309366047368434
AR,2289,0.14341658080349684
AR,2290,0.2959183582664508
AR,2291,0.1622986562896234
AR,2292,0.8297192474381219
AR,2293,-0.24056413383463224
AR,2294,0.5455923395060422
AR,2295,0.23319882898831118
AR,2296,-0.05237217016270919
AR,2297,-0.11059905384095517
AR,2298,-0.27526684569450893
AR,2299,-0.07777185620525412
AR,2300,-0.23356870794294393
AR,2301,-0.06720317637519288
AR,2302,-0.045131026579380104
AR,2303,0.06556037325935736
AR,2304,0.14179630294029563
AR,2305,0.0796337192664074
AR,2306,0.16600176779897577
AR,2307,-0.1031738380625314
AR,2308,-0.3598907385296531
AR,2309,0.19262939233155787
AR,2310,0.06493187782538265
AR,2311,0.0012910461854347965
AR,2312,0.23504661835455007
AR,2313,-0.09787804561531233
AR,2314,0.13397911099036347
AR,2315,-0.08726317395233621
AR,2316,0.05606396119703725
AR,2317,-0.019234933390755892
AR,2318,-0.012015817818002612
AR,2319,-0.039163457640345734
AR,2320,-0.034499131597134906
AR,2321,-0.1214185982054775
AR,2322,-0.06437417742517793
AR,2323,-0.056816566100511924
AR,2324,0.1304607062345708
AR,2325,0.08502242539624896
AR,2326,0.028204328473431264
AR,2327,-0.08182585494408327
AR,2328,-0.030007260350539907
AR,2329,-0.030089398565694495
AR,2330,-0.041862709673665566
AR,2331,0.07828671064858972
AR,2332,0.04244864870322419
AR,2333,0.03061317882260526
AR,2334,-0.06611032636295197
AR,2335,0.1671914130886657
AR,2336,0.03222111874853177
AR,2337,0.02098405088410778
AR,2338,-0.044137994130696696
AR,2339,-0.04653863044426507
AR,2340,-0.06476142598430612
AR,2341,-0.03028996373600269
AR,2342,0.010878697138779472
AR,2343,0.0779126463499947
AR,2344,0.12008726999270826
AR,2345,0.005739808903879377
AR,2346,-0.005800001682628228
AR,2347,-0.14031807389536616
AR,2348,-0.20338898586159854
AR,2349,-0.11822693533212703
AR,2350,-0.03984094127857618
AR,2351,0.06297860265658131
AR,2352,0.03976291569319329
AR,2353,-0.041329663142427635
AR,2354,0.1336191597301159
AR,2355,-0.0516719671923254
AR,2356,-0.003207819585528418
AR,2357,-0.03599216186596353
AR,2358,-0.22847104002033286
AR,2359,0.024099900174013
AR,2360,-0.2376274257927303
AR,2361,-0.7912088419425082
AR,2362,0.19594408103371502
AR,2363,-0.114692038146606
AR,2364,0.146325729299551
AR,2365,0.049189280655319786
AR,2366,0.0036653326001048403
AR,2367,0.06652960698387052
AR,2368,0.00048440846271254577
AR,2369,0.8734503171831166
AR,2370,-0.554590918057418
AR,2371,0.026442543385096696
AR,2372,0.3229216843021131
AR,2373,0.055775373897452935
AR,2374,0.42154707832662097
AR,2375,0.4435120009883347
AR,2376,0.008189321426885346
AR,2377,-0.44712093378454
AR,2378,-0.37111354954045644
AR,2379,0.3160664961185969
AR,2380,0.08808269382880039
AR,2381,0.08978164447033644
AR,2382,-0.10571228827592843
AR,2383,0.02243355392302235
AR,2384,-0.16280959700791087
AR,2385,0.19606735340514336
AR,2386,0.013252884840581708
AR,2387,-0.04639770663506982
AR,2388,0.03572554662595871
AR,2389,0.1373495663483452
AR,2390,-0.1392544081945164
AR,2391,-0.18955020788888416
AR,2392,-0.04768360151561073
AR,2393,-0.02778314178209536
AR,2394,0.20822676503436569
AR,2395,-0.31024971057007855
AR,2396,0.020697392648330967
AR,2397,0.15360551773466727
AR,2398,0.04423230150286068
AR,2399,0.07209810251486692
AR,2400,-0.040302715845711184
AR,2401,0.09384149948235487
AR,2402,0.02605359636546711
AR,2403,0.1390535328771714
AR,2404,0.1035856258432758
AR,2405,-0.10203440454861196
AR,2406,-0.18816113826590425
AR,2407,-0.01058446047079228
AR,2408,-0.06007394878132019
AR,2409,0.07657652138685989
AR,2410,0.20286303933809446
AR,2411,-0.09281619386498516
AR,2412,0.7640952281411808
AR,2413,-0.14181548931631455
AR,2414,0.03491834204519804
AR,2415,0.7380307874242513
AR,2416,-0.28604460859025893
AR,2417,-0.7854224728869359
AR,2418,-0.18899740228104142
AR,2419,0.31575327997019054
AR,2420,-0.05423172000454815
AR,2421,0.20991154157250028
AR,2422,-0.053442097585574735
AR,2423,0.3843112660436016
AR,2424,-0.22386988063421567
AR,2425,0.3494963744854735
AR,2426,0.02750069640876357
AR,2427,0.1249629054685919
AR,2428,-0.06647192076141505
AR,2429,-0.05243643138908462
AR,2430,-0.11681369264607877
AR,2431,-0.004831790194760627
AR,2432,-0.023711345189240854
AR,2433,-0.003994091632391349
AR,2434,0.0014935720302932127
AR,2435,-0.19004039186811136
AR,2436,0.04146473905944237
AR,2437,-0.020166100325618847
AR,2438,0.02337571068461015
AR,2439,0.06560993799480187
AR,2440,-0.04101084326182759
AR,2441,-0.022067229545175752
AR,2442,-0.13019046992784508
AR,2443,0.07022875997943531
AR,2444,-0.10996499949815841
AR,2445,0.12208288392273761
AR,2446,0.07085060047589764
AR,2447,0.014025615094492617
AR,2448,0.01906219588491108
AR,2449,-0.1142675562135825
AR,2450,-0.1579574428445223
AR,2451,0.016680018039298222
AR,2452,0.18919428178058822
AR,2453,0.21570060198792657
AR,2454,-0.01539831168043262
AR,2455,0.015605288805554913
AR,2456,0.06207312785818912
AR,2457,0.08664064227115663
AR,2458,-0.029378876492332322
AR,2459,-0.14014478578913983
AR,2460,-0.06377443446289968
AR,2461,-0.13156425580712508
AR,2462,0.07780459181939181
AR,2463,0.017308106441501984
AR,2464,0.1564567380016719
AR,2465,-0.05793005618911921
AR,2466,0.07972437540828944
AR,2467,0.05216338273943227
AR,2468,0.08638934167006243
AR,2469,-0.013846509057821694
AR,2470,0.30464820098375
AR,2471,-0.2217175676149607
AR,2472,-0.04093909613601198
AR,2473,-0.18955925746638191
AR,2474,-0.10706125539527334
AR,2475,0.11683111834589499
AR,2476,0.014565548384942985
AR,2477,0.18036645418321762
AR,2478,0.10097526645577762
AR,2479,-0.0851096648562153
AR,2480,-0.13702653482542912
AR,2481,-0.06734493752434809
AR,2482,0.003585412191299705
AR,2483,-0.08908643854472677
AR,2484,0.009421245289778363
AR,2485,0.03438279060621834
AR,2486,0.06076660351242542
AR,2487,0.09292629761716038
AR,2488,-0.015261968953915376
AR,2489,-0.0023393648919289665
AR,2490,-0.03613588817769973
AR,2491,-0.0506232039036501
AR,2492,0.01374799390368333
AR,2493,-0.07003452121355644
AR,2494,0.044914179656365405
AR,2495,0.20005175333030878
AR,2496,0.08147567545401448
AR,2497,-0.08321907459820269
AR,2498,-0.03516052189705784
AR,2499,0.046681319098015886
AR,2500,-0.17552230281824294
AR,2501,0.2891833975272038
AR,2502,-0.1529751631196492
AR,2503,-0.00039084502569373264
AR,2504,0.014489917475555
AR,2505,0.0017725821450413556
AR,2506,0.16181987524317196
AR,2507,0.04187127265939247
AR,2508,-0.10334345914964535
AR,2509,0.011978401157021507
AR,2510,0.0797066016694662
AR,2511,0.06654629852566946
AR,2512,0.25699524345331065
AR,2513,0.11361170973718974
AR,2514,-0.32932512969501027
AR,2515,-0.17697374729630833
AR,2516,0.1706788429752764
AR,2517,0.04299289304648575
AR,2518,0.013430140255413829
AR,2519,-0.14533975230755874
AR,2520,-0.00375521150919313
AR,2521,0.006167698189756736
AR,2522,0.1596672790583725
AR,2523,-0.007144083790364866
AR,2524,0.04125211622741444
AR,2525,0.03834022576121612
AR,2526,-0.12420008457436973
AR,2527,0.03227910684827528
AR,2528,-0.005777067412278913
AR,2529,-0.0665081759965515
AR,2530,0.00605090197624262
AR,2531,-0.028959568879282034
AR,2532,-0.019446166967561615
AR,2533,0.0411566287860357
AR,2534,-0.020542954441401147
AR,2535,0.13978704368883987
AR,2536,-0.008075268625616642
AR,2537,-0.0030687578902867914
AR,2538,-0.06943217327003037
AR,2539,0.004308797458614073
AR,2540,0.03358010933821177
AR,2541,0.013529693653631575
AR,2542,-0.06901349406264644
AR,2543,-0.059420729034072875
AR,2544,-0.060416842448450754
AR,2545,-0.05738103612162004
AR,2546,0.0070355055092351446
AR,2547,-0.018093345978061212
AR,2548,-0.03421125342670077
AR,2549,-0.020039148956889952
AR,2550,0.021143313944021472
AR,2551,0.04500071013883013
AR,2552,-0.057118266249132625
AR,2553,-0.014901700373902597
AR,2554,0.017567726567277772
AR,2555,0.0010782827278278894
AR,2556,0.005744784697009156
AR,2557,0.007425654248531652
AR,2558,-0.0636418357240858
AR,2559,-0.0986405733881762
AR,2560,-0.002506743519947771
AR,2561,0.08258059936103188
AR,2562,0.0361187525831128
AR,2563,-0.0178329850850392
AR,2564,-0.06532182177590787
AR,2565,-0.014902430681965525
AR,2566,0.02659518702765047
AR,2567,0.0049306574526216075
AR,2568,-0.0294711470835974
AR,2569,-0.022429180852112107
AR,2570,-0.041665649071568354
AR,2571,0.05969063128410403
AR,2572,0.14339418385530922
AR,2573,-0.009394785176602059
AR,2574,-0.016809453147376575
AR,2575,-0.005695582632005026
AR,2576,0.08979902263566823
AR,2577,-0.03495413627959684
AR,2578,-0.012616731211331257
AR,2579,-0.10985145677444369
AR,2580,0.08370594659790037
AR,2581,-0.02378622408241599
AR,2582,0.017594705818543117
AR,2583,-0.013039884002467108
AR,2584,-0.049208900762010246
AR,2585,0.02409377103049925
AR,2586,0.005442898650297172
AR,2587,-0.009759892733710264
AR,2588,0.005418672234267712
AR,2589,-0.06470373633763274
AR,2590,0.0035274401665817126
AR,2591,0.03939033727500026
AR,2592,-0.06281078156207141
AR,2593,-0.10341421251923105
AR,2594,-0.08625275407538284
AR,2595,0.05671246461517885
AR,2596,0.10155450720598821
AR,2597,-0.03180706505731728
AR,2598,-0.030818206064738583
AR,2599,-0.05857092156282342
AR,2600,0.1069098314031085
AR,2601,-0.043890202026813534
AR,2602,-0.036134122850009186
AR,2603,-0.16270179204843047
AR,2604,0.046673082741504245
AR,2605,-0.026323711962343063
AR,2606,-0.06073407786188548
AR,2607,0.14230203856250564
SETAR,10,0.10918640058118313
SETAR,11,-0.03346077298185472
SETAR,12,-0.22629326471577443
SETAR,13,0.2542747205748929
SETAR,14,-0.41031446301080543
SETAR,15,0.02722556718548992
SETAR,16,-0.19499902371926883
SETAR,17,-0.44554408776465043
SETAR,18,0.23441667773058467
SETAR,19,0.16125273842527924
SETAR,20,0.23317470806981624
SETAR,21,-0.17046357957142147
SETAR,22,0.2992226972557034
SETAR,23,-0.2749189629367798
SETAR,24,-0.053903418623790646
SETAR,25,-0.16663504499367882
SETAR,26,0.0665232265385649
SETAR,27,0.03130630403128722
SETAR,28,0.13456396598540424
SETAR,29,0.36001013515764785
SETAR,30,0.05457881836956945
SETAR,31,0.060840901617454535
SETAR,32,-0.21891913947007038
SETAR,33,0.05424533802478687
SETAR,34,0.08868573640545577
SETAR,35,-0.11128650572563006
SETAR,36,0.050158713207798994
SETAR,37,-0.24893893787079224
SETAR,38,-0.010051424958553535
SETAR,39,-0.10144992859090643
SETAR,40,0.08892082816543712
SETAR,41,0.07519665228926943
SETAR,42,-0.18944480638808062
SETAR,43,-0.20798264473799916
SETAR,44,0.22260021704048658
SETAR,45,-0.006603046940589618
SETAR,46,0.026365333495651583
SETAR,47,-0.2743461983483464
SETAR,48,0.07486921920192649
SETAR,49,0.12526408566548117
SETAR,50,0.0661880437239231
SETAR,51,0.02782545952442122
SETAR,52,-0.21837175134944448
SETAR,53,0.11627954403323258
SETAR,54,-0.041249206574211286
SETAR,55,0.11255000246562478
SETAR,56,0.21421509391169719
SETAR,57,-0.12875625009992012
SETAR,58,-0.06808976695064158
SETAR,59,-0.028436240134969152
SETAR,60,-0.024353887179078583
SETAR,61,-0.33709280176790185
SETAR,62,0.16882014266721418
SETAR,63,-0.006023515089345337
SETAR,64,0.04048543433636659
SETAR,65,0.0034889384636789863
SETAR,66,-0.07400823956088567
SETAR,67,-0.00270165236795614
SETAR,68,0.12065480258344809
SETAR,69,-0.029919910026073873
SETAR,70,-0.2245715891698375
SETAR,71,0.18438837953332327
SETAR,72,0.0011073006925101242
SETAR,73,0.006021966107435474
SETAR,74,-0.03493709570669385
SETAR,75,-0.07750280264162376
SETAR,76,0.011852078487321872
SETAR,77,-0.03067473077300933
SETAR,78,-0.00024008517721687671
SETAR,79,0.029696299717735127
SETAR,80,-0.10332530732126362
SETAR,81,-0.030962426116588837
SETAR,82,0.14259665801806787
SETAR,83,-0.16620752177514098
SETAR,84,-0.08308775496321587
SETAR,85,-0.01276823997879395
SETAR,86,-0.014833541862107346
SETAR,87,0.019228705302718026
SETAR,88,0.035259078619888744
SETAR,89,0.03938687641550094
SETAR,90,0.09598771010649032
SETAR,91,-0.09418119606195167
SETAR,92,0.21956318026785043
SETAR,93,0.012655669989642675
SETAR,94,-0.3312818966334507
SETAR,95,0.17134610636461944
SETAR,96,-0.27515929263450734
SETAR,97,0.4153831223579896
SETAR,98,-0.060889573846262104
SETAR,99,-0.16964565799016745
SETAR,100,0.12973390676781904
SETAR,101,-0.09409254249184816
SETAR,102,0.27069604215885
SETAR,103,-0.025356395764376385
SETAR,104,0.19280103572100618
SETAR,105,-0.22820113405616113
SETAR,106,0.1906431683554582
SETAR,107,-0.24434745818020018
SETAR,108,0.123895209381289
SETAR,109,-0.2336700274136836
SETAR,110,-0.1378315909174075
SETAR,111,-0.11820662145558865
SETAR,112,0.016405612204088038
SETAR,113,0.15289050492972328
SETAR,114,0.11817482423799885
SETAR,115,0.003088392699302424
SETAR,116,-0.10056794208350078
SETAR,117,-0.273307539306272
SETAR,118,0.2712314468824177
SETAR,119,-0.03824138567999563
SETAR,120,0.0362882496056339
SETAR,121,-0.32028479531758763
SETAR,122,0.09386520888554853
SETAR,123,0.02042206976812038
SETAR,124,0.12457495541296548
SETAR,125,-0.2235292195880534
SETAR,126,-0.03235705970599096
SETAR,127,0.09293809554663969
SETAR,128,-0.012467381721404517
SETAR,129,0.11859053666144662
SETAR,130,-0.026682480332062424
SETAR,131,-0.1150558107534004
SETAR,132,0.006536568286588679
SETAR,133,-0.04063449494509393
SETAR,134,0.0031015497193166847
SETAR,135,-0.10027677925349468
SETAR,136,0.11225142265203363
SETAR,137,-0.018476220732219033
SETAR,138,0.019474469250074736
SETAR,139,-0.03340752735643589
SETAR,140,-0.05065561369844354
SETAR,141,-0.0882373041305198
SETAR,142,0.14076930807959734
SETAR,143,-0.008449821062879084
SETAR,144,0.002389444954057105
SETAR,145,-0.03501605962381962
SETAR,146,0.07834075116662487
SETAR,147,-0.09638119205345723
SETAR,148,-0.012114498498951035
SETAR,149,-0.1054629475731858
SETAR,150,0.11289490766460733
SETAR,151,-0.2193831699918688
SETAR,152,0.1392730227381082
SETAR,153,0.12093981934654081
SETAR,154,-0.2599705340206794
SETAR,155,0.1756795190435022
SETAR,156,-0.056676546136983086
SETAR,157,0.034840000472249534
SETAR,158,0.05690490380206476
SETAR,159,-0.13126017156379652
SETAR,160,0.029329544856382207
SETAR,161,-0.017630625760602564
SETAR,162,-0.1038307657634895
SETAR,163,-0.04496747507262748
SETAR,164,-0.014944308372841844
SETAR,165,0.1264403814723903
SETAR,166,-0.00991319006184602
SETAR,167,-0.006878439063661285
SETAR,168,0.015902023467656692
SETAR,169,-0.169927416187182
SETAR,170,0.016344766700544775
SETAR,171,0.21101137054474436
SETAR,172,-0.13145717934857556
SETAR,173,-0.08477627075129623
SETAR,174,0.1973407569539923
SETAR,175,-0.14704081228832505
SETAR,176,0.02248365057928603
SETAR,177,-0.17356025093222577
SETAR,178,0.0910792766291315
SETAR,179,-0.24807888144350998
SETAR,180,0.24889803723058881
SETAR,181,-0.1346215457236765
SETAR,182,0.13826904320275207
SETAR,183,-0.0180238437132902
SETAR,184,-0.14616659565847567
SETAR,185,0.06010399407115066
SETAR,186,0.055073777982673704
SETAR,187,-0.055600727762895596
SETAR,188,0.00330490633211878
SETAR,189,-0.028251135760794913
SETAR,190,-0.04557036579010065
SETAR,191,0.0320288981947904
SETAR,192,-0.06910128174025792
SETAR,193,0.019259340242985652
SETAR,194,0.06962554868377195
SETAR,195,-0.10736147256828762
SETAR,196,-0.04166311732231384
SETAR,197,-0.11734117333354911
SETAR,198,0.0009586520914273595
SETAR,199,0.18081250803805918
SETAR,200,-0.17978129530482312
SETAR,201,-0.023321176947011704
SETAR,202,-0.004534285170017065
SETAR,203,0.0028328354030845698
SETAR,204,0.23601970335823536
SETAR,205,-0.25459343192721273
SETAR,206,-0.009347340263322991
SETAR,207,-0.01453775922874438
SETAR,208,0.049745301843309664
SETAR,209,-0.03788257449852278
SETAR,210,0.04810975016408744
SETAR,211,0.12535499010995227
SETAR,212,0.04784396887193194
SETAR,213,-0.18108111086735051
SETAR,214,0.00045724279602238176
SETAR,215,-0.029821197911309674
SETAR,216,-0.06391518695537808
SETAR,217,-0.0015975732913869403
SETAR,218,-0.018290906553242326
SETAR,219,0.13316912201529552
SETAR,220,0.04819139737708164
SETAR,221,-0.19670632171494873
SETAR,222,0.04673255949669304
SETAR,223,0.16410858078050242
SETAR,224,-0.0748450833923697
SETAR,225,0.008663702115040722
SETAR,226,0.2949119549165933
SETAR,227,-0.0968290441570083
SETAR,228,0.3804685332824613
SETAR,229,0.3910350526030898
SETAR,230,-0.3894475995871516
SETAR,231,0.2646361616021332
SETAR,232,0.7641367840886064
SETAR,233,-0.1953701797723218
SETAR,234,-0.1838152590384704
SETAR,235,-0.266947129982538
SETAR,236,-0.18437490199961257
SETAR,237,0.1382081429085978
SETAR,238,-0.17476857159473025
SETAR,239,0.2765060350854863
SETAR,240,-0.0027928969566003714
SETAR,241,-0.1732738791385474
SETAR,242,-0.2518187555737201
SETAR,243,-0.23601059172722977
SETAR,244,0.16916093686158282
SETAR,245,0.16311120787164857
SETAR,246,0.28390987893625397
SETAR,247,0.11095550256615913
SETAR,248,0.008174400689198953
SETAR,249,0.03702520417519803
SETAR,250,-0.013718498383779969
SETAR,251,0.016051224343117294
SETAR,252,-0.042260466822146424
SETAR,253,-0.025046781136142497
SETAR,254,0.02514175457233609
SETAR,255,-0.006707169585328814
SETAR,256,0.04094188239226101
SETAR,257,0.024264968893990227
SETAR,258,-0.033607077935321736
SETAR,259,0.0035427373845319356
SETAR,260,-0.12061158048689685
SETAR,261,-0.08078168928599899
SETAR,262,-0.2217731975612254
SETAR,263,-0.4968523226136765
SETAR,264,0.16011563733330514
SETAR,265,-0.015384507424484446
SETAR,266,0.1397038705804236
SETAR,267,0.0677467223015312
SETAR,268,-0.06328762920233708
SETAR,269,0.07885920143223363
SETAR,270,-0.014148665655382687
SETAR,271,0.01631128844774971
SETAR,272,-0.06463113775740564
SETAR,273,0.022406308253472864
SETAR,274,-0.09160046190028494
SETAR,275,0.09562652941710219
SETAR,276,0.07540436818288243
SETAR,277,0.001111176184209018
SETAR,278,-0.02657102310516317
SETAR,279,-0.020730867166765764
SETAR,280,-0.002387803160943678
SETAR,281,-0.0014289398062167515
SETAR,282,0.2159137825648761
SETAR,283,-0.1278735980104886
SETAR,284,-0.12881262564136264
SETAR,285,0.03064369126837239
SETAR,286,0.23221369391562086
SETAR,287,0.05151030018517738
SETAR,288,-0.14279888863170292
SETAR,289,0.12198847080493236
SETAR,290,0.26574834879777
SETAR,291,0.15120594512953853
SETAR,292,-0.14741322635542597
SETAR,293,-0.023697715333712198
SETAR,294,0.19978960396794118
SETAR,295,0.04747253124064181
SETAR,296,-0.06150031445117954
SETAR,297,-0.19532276686922706
SETAR,298,0.09591547248109512
SETAR,299,-0.18816391759668308
SETAR,300,-0.09451780258092876
SETAR,301,0.16397638733344236
SETAR,302,0.07749566943551155
SETAR,303,0.1388326626435102
SETAR,304,-0.23273813941794003
SETAR,305,-0.0011039247436534314
SETAR,306,-0.04364321082694643
SETAR,307,0.0193287712110732
SETAR,308,-0.18929442486345752
SETAR,309,0.17820274307049855
SETAR,310,-0.020675960457747923
SETAR,311,0.13173150580558127
SETAR,312,-0.28349654187311935
SETAR,313,0.05258659385784186
SETAR,314,0.01736189030158676
SETAR,315,-0.04651515732679937
SETAR,316,-0.024278256108463923
SETAR,317,0.0491798254856488
SETAR,318,-0.01897977076413667
SETAR,319,-0.06983282694789605
SETAR,320,-0.017563375353660236
SETAR,321,0.0029176571239169207
SETAR,322,-0.02834981298003795
SETAR,323,-0.08333767222824628
SETAR,324,-0.08816966818884435
SETAR,325,-0.17391974877787642
SETAR,326,-0.031163078057583594
SETAR,327,-0.16836624313382365
SETAR,328,-0.10255527731217338
SETAR,329,-0.0016832637674455836
SETAR,330,0.29593300658229743
SETAR,331,0.10387620406283425
SETAR,332,-0.3381029875094205
SETAR,333,0.6990575565540267
SETAR,334,-0.4613144074470703
SETAR,335,0.0255338457737012
SETAR,336,0.24119035903511288
SETAR,337,-0.2963445451410407
SETAR,338,-0.0937015429495818
SETAR,339,0.16168475542652228
SETAR,340,0.14765298867326643
SETAR,341,-0.2044522408243473
SETAR,342,0.02987371940833105
SETAR,343,-0.023022571486345164
SETAR,344,-0.15860582992320738
SETAR,345,-0.02366755694086579
SETAR,346,0.12972140806006016
SETAR,347,0.0063222617412440575
SETAR,348,-0.04940885668504058
SETAR,349,-0.19482641272319276
SETAR,350,0.17417817376724193
SETAR,351,0.016062669602378975
SETAR,352,-0.07474633318681327
SETAR,353,-0.1620295046308078
SETAR,354,-0.07535547254891235
SETAR,355,-0.3378162673002499
SETAR,356,0.1666295031159332
SETAR,357,0.214560002461106
SETAR,358,-0.3100713846310717
SETAR,359,0.17692695782282736
SETAR,360,0.14107584527204367
SETAR,361,-0.31758349452076023
SETAR,362,0.13963840595802912
SETAR,363,0.1325950902686013
SETAR,364,0.2980171052739445
SETAR,365,-0.21842927273859533
SETAR,366,0.03143354327571818
SETAR,367,-0.08475276518628358
SETAR,368,-0.11742688373289922
SETAR,369,0.08265199786636888
SETAR,370,-0.040716713280333425
SETAR,371,0.020228199200715908
SETAR,372,-0.09828224099961275
SETAR,373,-0.05423590312945473
SETAR,374,0.04995559772014934
SETAR,375,0.013067379293253165
SETAR,376,0.03585567655640176
SETAR,377,-0.1622852793499353
SETAR,378,0.07368050828652886
SETAR,379,0.04736580663044771
SETAR,380,0.09076164338785776
SETAR,381,-0.2288339834998395
SETAR,382,-0.019562567865105858
SETAR,383,0.15590802167050383
SETAR,384,-0.034359456425795847
SETAR,385,-0.01605351869023531
SETAR,386,0.0871465313305024
SETAR,387,-0.0195381674593217
SETAR,388,-0.08964975852224878
SETAR,389,0.14725035246257226
SETAR,390,-0.028649301816786925
SETAR,391,0.020139967953130666
SETAR,392,-0.07167769612049173
SETAR,393,-0.13045099364577833
SETAR,394,0.01621332557395787
SETAR,395,-0.03765666088262175
SETAR,396,0.03128535527288818
SETAR,397,-0.007875794493964226
SETAR,398,-0.0015732274308404262
SETAR,399,0.04854095401984333
SETAR,400,-0.00758195404453588
SETAR,401,0.07054081768327992
SETAR,402,-0.03184787967837015
SETAR,403,-0.10836518816804676
SETAR,404,0.04660807132514541
SETAR,405,0.04483826535251239
SETAR,406,-0.07821834821593562
SETAR,407,-0.0337384505911551
SETAR,408,0.10369024579319162
SETAR,409,-0.01515240261331303
SETAR,410,-0.03912133005807445
SETAR,411,-0.01241087146110156
SETAR,412,0.009685695776805064
SETAR,413,0.005955363920326287
SETAR,414,0.019459070111409713
SETAR,415,-0.026958946565974157
SETAR,416,0.01887568813590022
SETAR,417,-0.0004910715352006599
SETAR,418,-0.014994059110427026
SETAR,419,0.0021456992577357182
SETAR,420,-0.006328154937245997
SETAR,421,0.0009159903352237928
SETAR,422,0.003907651942437495
SETAR,423,-0.002294602712141487
SETAR,424,-0.004644024921465732
SETAR,425,0.0032235437226281038
SETAR,426,0.006436804364591657
SETAR,427,0.03417948553612389
SETAR,428,-0.029453849791573592
SETAR,429,-0.02821887517554966
SETAR,430,-0.004008606361069717
SETAR,431,-0.005560487727272117
SETAR,432,-0.03951286505244109
SETAR,433,0.04641673238007894
SETAR,434,-0.008384326053760436
SETAR,435,0.020001428854414166
SETAR,436,-0.0648704753388552
SETAR,437,-0.0037788332545624546
SETAR,438,0.020718519713068255
SETAR,439,-0.06989588277700111
SETAR,440,0.05364228185042885
SETAR,441,-0.013663164944162564
SETAR,442,0.006198355967416245
SETAR,443,-0.04713524048355587
SETAR,444,0.018601970567319166
SETAR,445,-0.004643112387380526
SETAR,446,0.02284350365422174
SETAR,447,-0.02469347764815697
SETAR,448,-0.023007603763539886
SETAR,449,0.06563280336228251
SETAR,450,-0.054130746379501576
SETAR,451,0.012483760896169826
SETAR,452,-0.030980057858732528
SETAR,453,0.01864234565816525
SETAR,454,-0.04436291660054058
SETAR,455,-0.0011036749682846857
SETAR,456,0.021650365657886018
SETAR,457,-0.026570008788467273
SETAR,458,0.006432026352875119
SETAR,459,0.03755992532879846
SETAR,460,-0.026257653626651455
SETAR,461,-0.001444373713484796
SETAR,462,-0.002816198160567192
SETAR,463,-0.04395217942163469
SETAR,464,-0.01531772559179663
SETAR,465,0.05189260453620091
SETAR,466,-0.00020997326987538898
SETAR,467,-0.05458680847795374
SETAR,468,0.03395664595721579
SETAR,469,0.009582245126076635
SETAR,470,-0.01186774770558974
SETAR,471,-0.026865074967941854
SETAR,472,-0.009888146113093951
SETAR,473,-0.08671955695330155
SETAR,474,0.006067956287031331
SETAR,475,-0.011039561934921473
SETAR,476,0.009797823674190688
SETAR,477,-0.01624947521096674
SETAR,478,-0.00424337507818464
SETAR,479,0.02408185745089798
SETAR,480,-0.020606859581893424
SETAR,481,-0.0017909135651527504
SETAR,482,-0.004218091066701933
SETAR,483,0.0019190519355957321
SETAR,484,-0.024988939337282082
SETAR,485,0.06588217017580693
SETAR,486,-0.04766441839128035
SETAR,487,0.008868800671895275
SETAR,488,0.04239680090743879
SETAR,489,-0.06302395097928401
SETAR,490,-0.014125426550361347
SETAR,491,0.05251475526789623
SETAR,492,0.047057066549291024
SETAR,493,-0.07829912736339462
SETAR,494,-0.001398585369357897
SETAR,495,-0.05748621500180738
SETAR,496,0.046913621302849984
SETAR,497,-0.07578979536525277
SETAR,498,-0.017977037176602834
SETAR,499,-0.011499463322922438
SETAR,500,0.005970337853731515
SETAR,501,-0.013425947375988215
SETAR,502,-0.019875494512542585
SETAR,503,0.039016276684907134
SETAR,504,-0.049658050152976085
SETAR,505,0.011146781920428851
SETAR,506,-0.006723626826352989
SETAR,507,0.014876925107998191
SETAR,508,-0.04397755780354613
SETAR,509,0.059498413971996775
SETAR,510,-0.06386034684714874
SETAR,511,0.0033651888810149163
SETAR,512,0.01516851454504478
SETAR,513,-0.02507719402934564
SETAR,514,0.027610239610359744
SETAR,515,-0.1022656409363769
SETAR,516,0.09841961647210608
SETAR,517,-0.015284656184911958
SETAR,518,-0.037759422603270906
SETAR,519,-0.023908782788013967
SETAR,520,-0.01958665188666428
SETAR,521,0.044610274542248474
SETAR,522,-0.023327440150953754
SETAR,523,-0.00506946580629405
SETAR,524,-0.04005397556010625
SETAR,525,0.036838673676318344
SETAR,526,-0.04190374592655991
SETAR,527,-0.019854116193633253
SETAR,528,0.03139256878670296
SETAR,529,-0.006505975338186011
SETAR,530,0.016521156588895088
SETAR,531,-0.049475786049658826
SETAR,532,0.001217324887236801
SETAR,533,-0.006885377030030247
SETAR,534,0.003894812647797553
SETAR,535,0.018520602943362233
SETAR,536,-0.06762275628941901
SETAR,537,0.031082292441192195
SETAR,538,0.02809051733847784
SETAR,539,-0.04149033639853733
SETAR,540,-0.022499907768476143
SETAR,541,-0.013471865551918028
SETAR,542,0.04028871187812749
SETAR,543,-0.027529290081287155
SETAR,544,-0.06245186443916275
SETAR,545,0.02437269219490218
SETAR,546,-0.051623589119398974
SETAR,547,0.04006789389935665
SETAR,548,-0.06325950130902494
SETAR,549,0.05462692177388458
SETAR,550,-0.03572929585638832
SETAR,551,-0.0215145532103896
SETAR,552,0.002865876039790105
SETAR,553,-0.010748406469205215
SETAR,554,0.004894566563159416
SETAR,555,-0.045815519093932375
SETAR,556,0.13362625085686655
SETAR,557,-0.03574116928047848
SETAR,558,0.14670800613148022
SETAR,559,-0.09657666162597633
SETAR,560,0.078250181050769
SETAR,561,0.017640965888313966
SETAR,562,-0.04048612618528185
SETAR,563,0.051995564565129146
SETAR,564,-0.0017861034375173494
SETAR,565,0.022531216864038583
SETAR,566,-0.04711013929255338
SETAR,567,-0.017774341491958938
SETAR,568,0.013219488969976854
SETAR,569,-0.01242312450547731
SETAR,570,-0.0008125046767614025
SETAR,571,0.007464968194730506
SETAR,572,0.008335117294944815
SETAR,573,-0.012800143552230506
SETAR,574,0.00113685000894743
SETAR,575,0.03609616812959133
SETAR,576,-0.006188212763009493
SETAR,577,0.09317883607264318
SETAR,578,0.023180366635650235
SETAR,579,0.03605920302455759
SETAR,580,0.017124941774188086
SETAR,581,0.00023579337246818106
SETAR,582,-0.04158177000214697
SETAR,583,-0.074823269031523
SETAR,584,-0.007023634538045345
SETAR,585,0.06813189294044827
SETAR,586,0.009678223439623566
SETAR,587,-0.024412411859929574
SETAR,588,-0.06083118232851957
SETAR,589,-0.047894207183180146
SETAR,590,-0.0016839995968632557
SETAR,591,-0.011496765573520378
SETAR,592,-0.01764009978549498
SETAR,593,-0.023322631157345022
SETAR,594,-0.039593992514087906
SETAR,595,-0.01764065804822771
SETAR,596,0.011202391912991615
SETAR,597,0.02129577476098773
SETAR,598,-0.04719124955597438
SETAR,599,-0.005764900227672064
SETAR,600,-0.009527048072324167
SETAR,601,-0.00035550940761431475
SETAR,602,-0.010786599441382983
SETAR,603,-0.010160044162967417
SETAR,604,-0.00027523399904970337
SETAR,605,-0.0009299638012655424
SETAR,606,-0.012315197954923737
SETAR,607,0.008858075331337296
SETAR,608,0.019176726955556216
SETAR,609,-0.0008235349581070593
SETAR,610,0.02341160406356092
SETAR,611,0.0031132650935349823
SETAR,612,-0.023152017291194524
SETAR,613,0.00028479521584593717
SETAR,614,-0.024442595068048183
SETAR,615,0.014699425857524713
SETAR,616,0.006671448080490756
SETAR,617,0.012260973888911654
SETAR,618,0.0531657166289714
SETAR,619,-0.07240948555740007
SETAR,620,0.0034041827824581733
SETAR,621,0.00603884471945295
SETAR,622,0.013770266863678
SETAR,623,-0.05497447535924897
SETAR,624,0.19449087454148858
SETAR,625,0.051269325830837084
SETAR,626,0.09979872743470783
SETAR,627,-0.21219585154779924
SETAR,628,-0.04054081534276598
SETAR,629,0.11265418280646243
SETAR,630,-0.0024999487912768115
SETAR,631,-0.10035147086436698
SETAR,632,-0.027271006697453193
SETAR,633,-0.06384480788776134
SETAR,634,0.11859630522391063
SETAR,635,-0.03904372761740925
SETAR,636,-0.00039510308121958916
SETAR,637,-0.018655582109064615
SETAR,638,-0.0007361520326210728
SETAR,639,0.09426582095721281
SETAR,640,0.06317577140196524
SETAR,641,0.0604959002321352
SETAR,642,0.0383284892897088
SETAR,643,0.05306068575392703
SETAR,644,0.0069935023843631025
SETAR,645,0.10262151294383387
SETAR,646,0.04842420876396963
SETAR,647,-0.005107224645989134
SETAR,648,0.08807212129167656
SETAR,649,-0.042672352004211205
SETAR,650,0.40965766331248143
SETAR,651,-0.07065438159348102
SETAR,652,0.03381582480497705
SETAR,653,-0.0464429309062008
SETAR,654,-0.02933946371978783
SETAR,655,0.02069419426500626
SETAR,656,-0.0018997047696356975
SETAR,657,0.018320318015876327
SETAR,658,0.009144714141412573
SETAR,659,-0.0006849570578862894
SETAR,660,-0.003338198473922937
SETAR,661,-0.007589307198794329
SETAR,662,0.0020912842060811588
SETAR,663,0.01087854718823126
SETAR,664,0.7197100381948985
SETAR,665,0.06778818326501587
SETAR,666,-0.09082665250533253
SETAR,667,-0.19992513084892266
SETAR,668,0.1562769909655639
SETAR,669,0.10101743691368326
SETAR,670,0.05033005529252095
SETAR,671,-0.01932053069504193
SETAR,672,-0.0696054008895889
SETAR,673,0.10877811231048884
SETAR,674,-0.023483331529986974
SETAR,675,-0.01187950225842949
SETAR,676,-0.13765327887072976
SETAR,677,-0.04113275801216943
SETAR,678,4.7007204207191906e-05
SETAR,679,0.14940662620728715
SETAR,680,-0.004941863856082744
SETAR,681,-0.006427966579353768
SETAR,682,0.003059874437698073
SETAR,683,-0.09971055275658877
SETAR,684,-0.07896163157772938
SETAR,685,-0.02371242230530698
SETAR,686,0.0208496953845531
SETAR,687,0.035125764350958565
SETAR,688,0.07419967974081493
SETAR,689,-0.034717583723106585
SETAR,690,0.015447112594580445
SETAR,691,0.010628444785236906
SETAR,692,0.0003959304141316865
SETAR,693,0.008890219848624713
SETAR,694,-0.007942349168972834
SETAR,695,0.03677409729315065
SETAR,696,-0.00036263274591825066
SETAR,697,0.0050863385946597105
SETAR,698,-0.055315265003708904
SETAR,699,-0.001421518383476433
SETAR,700,-0.08632962797928068
SETAR,701,-0.006817484541622121
SETAR,702,-0.03419214685538073
SETAR,703,-0.1229023975536818
SETAR,704,0.1904455635351368
SETAR,705,-0.06496565779534935
SETAR,706,0.1374277527348891
SETAR,707,0.01271685166692349
SETAR,708,0.034682500473527986
SETAR,709,0.03227493086674919
SETAR,710,0.011354726071150772
SETAR,711,0.0075123772357713
SETAR,712,-0.020639565127821537
SETAR,713,-0.08991134383415107
SETAR,714,0.019713521657954224
SETAR,715,-0.03163818336124104
SETAR,716,0.07228714580651055
SETAR,717,0.010466645927670791
SETAR,718,-0.07909990371266207
SETAR,719,0.09587155109849838
SETAR,720,-0.0032879199021220093
SETAR,721,-0.011572448542051491
SETAR,722,-0.0579031279390191
SETAR,723,-0.02485192615630672
SETAR,724,-0.051856234588956995
SETAR,725,0.036992905701457565
SETAR,726,0.00940750534882178
SETAR,727,0.026401596692203808
SETAR,728,-0.006630480083354342
SETAR,729,-0.01997337949914795
SETAR,730,0.002064560147591442
SETAR,731,-0.006386839381177557
SETAR,732,0.006592130381152114
SETAR,733,0.020625590301589572
SETAR,734,-0.05474341821602696
SETAR,735,0.004429152744718214
SETAR,736,-0.007911549914971934
SETAR,737,0.008852794659737272
SETAR,738,-0.08479813781378517
SETAR,739,-0.08466971575700424
SETAR,740,0.06555269679018547
SETAR,741,-0.005832762886225899
SETAR,742,-0.03255580303589779
SETAR,743,-0.1388461149295544
SETAR,744,0.04002741767556263
SETAR,745,0.02786072978917577
SETAR,746,0.038466358785830546
SETAR,747,-0.046064285449502224
SETAR,748,-0.015056152432229259
SETAR,749,0.015788861327398273
SETAR,750,0.10670166052850155
SETAR,751,0.06396098425426569
SETAR,752,-0.029378224588140166
SETAR,753,0.06328655500470057
SETAR,754,-0.10863991572624135
SETAR,755,0.031041689432049796
SETAR,756,-0.05625164296466556
SETAR,757,-0.035815218309274185
SETAR,758,-0.06332986836598455
SETAR,759,-0.07070005339979532
SETAR,760,-0.07009758248619534
SETAR,761,0.10122863173550693
SETAR,762,0.1019339585633363
SETAR,763,-0.10091637166266987
SETAR,764,-0.03645285572356657
SETAR,765,-0.046561535697362
SETAR,766,0.0007796652397886925
SETAR,767,-0.08511528452585596
SETAR,768,0.0066250968707557345
SETAR,769,0.1310583296772517
SETAR,770,-0.006030089068884666
SETAR,771,-0.06175876373837369
SETAR,772,-0.03990751809146783
SETAR,773,-0.09051384136130297
SETAR,774,-0.007083380571011856
SETAR,775,-0.028504831099015603
SETAR,776,-0.06949343070801575
SETAR,777,-0.12387001141878591
SETAR,778,-0.17039418110399623
SETAR,779,0.008012408697360777
SETAR,780,0.014757122547496667
SETAR,781,0.1009520954523405
SETAR,782,-0.010590032890703361
SETAR,783,-0.004173811525375122
SETAR,784,0.001112648736985496
SETAR,785,-0.007078775974350598
SETAR,786,0.004238402800916276
SETAR,787,-0.01277830162350159
SETAR,788,0.008634338230677337
SETAR,789,0.002099887494612198
SETAR,790,0.017009350861472587
SETAR,791,-0.023340627044910443
SETAR,792,0.0003506389355702065
SETAR,793,-0.008184779341521738
SETAR,794,0.0028545366287307692
SETAR,795,0.0007949560556447606
SETAR,796,-0.01087248596583987
SETAR,797,0.0005348678615764444
SETAR,798,-0.019827004679971092
SETAR,799,0.009595230819945589
SETAR,800,0.0059497066894787735
SETAR,801,0.029813036318873075
SETAR,802,-0.02266058085060661
SETAR,803,0.009453695766918957
SETAR,804,-0.005379215082804129
SETAR,805,-0.0021384244637054823
SETAR,806,0.0012882145691644649
SETAR,807,-0.004345030442245354
SETAR,808,0.00011255927737175873
SETAR,809,0.04149185560074366
SETAR,810,-0.012986178170654906
SETAR,811,-0.04856232355663608
SETAR,812,0.020613268914668057
SETAR,813,-0.01106150070037917
SETAR,814,-0.0019642854230179224
SETAR,815,-0.02517950707730861
SETAR,816,-0.010246195629847517
SETAR,817,0.05459207697394589
SETAR,818,-0.009781007960646237
SETAR,819,0.033657855748959103
SETAR,820,-0.07522939218047507
SETAR,821,-0.00296375701222458
SETAR,822,-0.006003616560827318
SETAR,823,0.0102277616826334
SETAR,824,-0.02456766055254863
SETAR,825,-0.011921179086516595
SETAR,826,0.00935968142757331
SETAR,827,-0.01608193262917594
SETAR,828,0.0110646277815655
SETAR,829,-0.00791111624012522
SETAR,830,-0.000170185570251365
SETAR,831,0.004217028749746559
SETAR,832,-0.007365939450871278
SETAR,833,0.0008496070559465762
SETAR,834,0.01480609199241716
SETAR,835,0.02341453278868279
SETAR,836,0.0033140428743594318
SETAR,837,-0.03954993413981218
SETAR,838,-0.005508611702395097
SETAR,839,-0.006411996200738242
SETAR,840,-0.0035280899604980234
SETAR,841,0.002294545208208333
SETAR,842,0.005626497840107386
SETAR,843,0.012910937702517476
SETAR,844,-0.018028587589027725
SETAR,845,-0.008188078286317398
SETAR,846,0.005037455554672079
SETAR,847,-0.006736583914645065
SETAR,848,0.006603117680004373
SETAR,849,-0.002901444098157598
SETAR,850,-0.005336753845568443
SETAR,851,0.00862755337391735
SETAR,852,-0.020465694106760197
SETAR,853,0.014377202689274783
SETAR,854,-0.00397227031775164
SETAR,855,-3.8050741405759245e-05
SETAR,856,-0.004065576284435377
SETAR,857,0.018235221164403348
SETAR,858,0.0283156433924046
SETAR,859,0.032608529067962
SETAR,860,-0.036525218673653076
SETAR,861,0.021561396135229543
SETAR,862,-0.009913773935879921
SETAR,863,0.3007894464281713
SETAR,864,-0.02104628688337387
SETAR,865,0.01977444372568884
SETAR,866,-0.018028309200420724
SETAR,867,-0.13983108270564276
SETAR,868,-0.027904650290444963
SETAR,869,0.11269458697929967
SETAR,870,0.03474740651035957
SETAR,871,0.31942923596732165
SETAR,872,-0.013106507053556371
SETAR,873,-0.14111905126406168
SETAR,874,-0.08751460567063758
SETAR,875,0.16564388614353903
SETAR,876,-0.3308515773114272
SETAR,877,0.018718255131421935
SETAR,878,0.3208888415189672
SETAR,879,0.024639701928882138
SETAR,880,-0.016580168070420905
SETAR,881,-0.12649459766824317
SETAR,882,0.051563525429953475
SETAR,883,-0.03493291733690928
SETAR,884,-0.013269462722018666
SETAR,885,-0.007971338760422494
SETAR,886,0.05171406690220283
SETAR,887,0.04396120563536672
SETAR,888,-0.029298202838431674
SETAR,889,-0.07274642161768502
SETAR,890,0.002262975435459883
SETAR,891,0.06338030515878064
SETAR,892,-0.042763980769557605
SETAR,893,-0.04346575843367167
SETAR,894,-0.16008588000051302
SETAR,895,-0.09231954878686907
SETAR,896,-0.10082308897463296
SETAR,897,-0.01679869225081916
SETAR,898,0.11476795056627243
SETAR,899,0.07521309368085678
SETAR,900,-0.03514225060820958
SETAR,901,-0.08116884497941747
SETAR,902,-0.0938991461345469
SETAR,903,-0.0659188529845745
SETAR,904,0.019541355188648513
SETAR,905,0.04172297617066501
SETAR,906,0.022848155062455924
SETAR,907,0.033298650264696
SETAR,908,-0.04999846904037611
SETAR,909,-0.2106095716194656
SETAR,910,-0.07909251983676162
SETAR,911,0.04821124700597405
SETAR,912,-0.007397538563569077
SETAR,913,0.00900324117655165
SETAR,914,0.03516414978167294
SETAR,915,-0.11298328105826498
SETAR,916,-0.022562028597916676
SETAR,917,-0.05490027604812002
SETAR,918,0.000809483620192084
SETAR,919,-0.0024994066411140412
SETAR,920,-0.004940934050112866
SETAR,921,-0.006567933841742559
SETAR,922,0.05986094196443035
SETAR,923,0.1256041153433094
SETAR,924,-0.14811096473536473
SETAR,925,0.008293056981165786
SETAR,926,-0.04467875104072406
SETAR,927,0.01521248080956639
SETAR,928,-0.03056145350673716
SETAR,929,-0.008287125906086134
SETAR,930,-0.01764625580501071
SETAR,931,0.12861387077028816
SETAR,932,-0.13853610835758545
SETAR,933,0.08397393808058483
SETAR,934,0.2055350180009896
SETAR,935,-0.09528946306240091
SETAR,936,-0.16193081462992145
SETAR,937,-0.007722208114223739
SETAR,938,-0.09423362498790355
SETAR,939,-0.021230791673661868
SETAR,940,0.013949344321267383
SETAR,941,-0.02858260351199332
SETAR,942,0.04340204936768459
SETAR,943,0.004253988729969417
SETAR,944,-0.025298464492244377
SETAR,945,-0.004053969236106541
SETAR,946,-0.022506381272374483
SETAR,947,0.001761638938617843
SETAR,948,-0.008808262777651605
SETAR,949,-0.0005669453856580776
SETAR,950,-0.004187088041534587
SETAR,951,0.03827852055441018
SETAR,952,-0.05039740550832978
SETAR,953,-0.03759028699390028
SETAR,954,-0.0038452157784185943
SETAR,955,0.05004886712009198
SETAR,956,-0.012831044579856742
SETAR,957,-0.025713122910319103
SETAR,958,-0.0038203250803875597
SETAR,959,-0.0012555158863634215
SETAR,960,0.0006862268114663089
SETAR,961,-0.00273405398648094
SETAR,962,0.02399184812003658
SETAR,963,-0.003348199564164968
SETAR,964,0.05721920803785931
SETAR,965,0.022983579109071478
SETAR,966,-0.07006748136900469
SETAR,967,0.012571721760289041
SETAR,968,-0.05101491966957696
SETAR,969,0.001499980358355646
SETAR,970,-0.03162182781552943
SETAR,971,-0.0038882483889856358
SETAR,972,0.0052188482835037915
SETAR,973,-0.002078468858622821
SETAR,974,0.0010080719458476991
SETAR,975,0.0029210695814016114
SETAR,976,-0.005456646267430585
SETAR,977,-0.0005269753755937686
SETAR,978,-0.0018669543051642557
SETAR,979,-0.0013736334197548049
SETAR,980,-0.0006013117598055827
SETAR,981,0.10610847933220743
SETAR,982,-0.11660229931407969
SETAR,983,0.016017410053816697
SETAR,984,-0.01746474843371797
SETAR,985,-0.0008278488881695526
SETAR,986,-0.008430865458236389
SETAR,987,0.006700064342384489
SETAR,988,-0.01049019525876439
SETAR,989,0.00913717716265057
SETAR,990,-0.021562622964427645
SETAR,991,0.017118587830578395
SETAR,992,-0.011310356495526353
SETAR,993,-0.013099919725379806
SETAR,994,0.0005514817322803713
SETAR,995,0.003985074391905095
SETAR,996,-0.007273233511685919
SETAR,997,0.008944924831438621
SETAR,998,-0.011930392901480217
SETAR,999,-0.0038832377194275656
SETAR,1000,-0.0009711540221312115
SETAR,1001,-0.0026558646229306276
SETAR,1002,0.0006754465287706706
SETAR,1003,-0.005845390024698371
SETAR,1004,0.007922600632992263
SETAR,1005,-0.006339401611102176
SETAR,1006,0.00012336860406742683
SETAR,1007,0.0026004062253476585
SETAR,1008,0.014935527303892328
SETAR,1009,0.003197128450135125
SETAR,1010,-0.0224277075649102
SETAR,1011,-0.004919659379855335
SETAR,1012,-0.030464013245259935
SETAR,1013,0.010407735107635952
SETAR,1014,0.006378510173515773
SETAR,1015,-0.03029702891611315
SETAR,1016,0.04767912799003397
SETAR,1017,-0.009312798180878235
SETAR,1018,-0.0854416287031877
SETAR,1019,-0.01160024321134899
SETAR,1020,-0.035391727981205004
SETAR,1021,0.007833817794634677
SETAR,1022,-0.02430366771358287
SETAR,1023,0.033532677148332336
SETAR,1024,-0.020958653215106288
SETAR,1025,0.004047216940074489
SETAR,1026,0.01854197393840014
SETAR,1027,-0.03132263153700137
SETAR,1028,0.024023206468620505
SETAR,1029,0.004377115355341434
SETAR,1030,-0.00020821692333584637
SETAR,1031,-0.01062804564036975
SETAR,1032,-0.022156619264288753
SETAR,1033,0.025404671311315477
SETAR,1034,-0.012635990683366717
SETAR,1035,0.016434608930794622
SETAR,1036,-0.01633081902369649
SETAR,1037,0.0029701826458627435
SETAR,1038,-0.01369588444990476
SETAR,1039,-0.006205884239400647
SETAR,1040,0.004248240329633071
SETAR,1041,-0.0026396728832517842
SETAR,1042,-0.011451961998182913
SETAR,1043,0.012094006733119722
SETAR,1044,0.01825063772225292
SETAR,1045,-0.004780509602082057
SETAR,1046,0.001251730242336327
SETAR,1047,-0.01345119825511123
SETAR,1048,0.011597467771209595
SETAR,1049,-0.015090289021328702
SETAR,1050,0.008889487205638737
SETAR,1051,-0.0243187415417371
SETAR,1052,0.004590135465860926
SETAR,1053,-0.00604070928984381
SETAR,1054,-0.005455408427251922
SETAR,1055,0.0058749944019285075
SETAR,1056,-0.0076808028643948045
SETAR,1057,0.0013314364029319646
SETAR,1058,-0.0018104093042209902
SETAR,1059,-0.0013636806934102116
SETAR,1060,-0.0004074380667963988
SETAR,1061,-0.00159262574052039
SETAR,1062,0.0550700753455674
SETAR,1063,0.16707928569413466
SETAR,1064,0.1115488623063113
SETAR,1065,-0.08470197314694602
SETAR,1066,-0.044174083112075914
SETAR,1067,-0.02387991707087337
SETAR,1068,0.03168261817429246
SETAR,1069,0.0903302794821019
SETAR,1070,-0.1195336285885057
SETAR,1071,0.057044142326862966
SETAR,1072,-0.06790287226464757
SETAR,1073,0.026106658996868638
SETAR,1074,-0.10755297850622353
SETAR,1075,0.04376308816688673
SETAR,1076,-0.08351107205830086
SETAR,1077,0.05281603128960126
SETAR,1078,0.0005883434015197704
SETAR,1079,0.01736682144150589
SETAR,1080,0.07602848263900168
SETAR,1081,-0.14666313176543538
SETAR,1082,0.017543341518800444
SETAR,1083,-0.021935248016268026
SETAR,1084,-0.0031335318788264606
SETAR,1085,-0.10484039561096146
SETAR,1086,-0.055875937546666664
SETAR,1087,0.01734267204468476
SETAR,1088,-0.022452851121512154
SETAR,1089,-0.13878309187411447
SETAR,1090,0.007836847595070768
SETAR,1091,-0.02114794318680408
SETAR,1092,0.11368515140964489
SETAR,1093,0.04139309502882168
SETAR,1094,0.07114662463943267
SETAR,1095,0.05550276376042544
SETAR,1096,0.17591972058025077
SETAR,1097,0.2928612374468721
SETAR,1098,0.4111772258581237
SETAR,1099,0.33865688714618525
SETAR,1100,0.1399376286983272
SETAR,1101,0.04946928570666745
SETAR,1102,0.030188870976176806
SETAR,1103,-0.04275624564059993
SETAR,1104,0.06433493203637164
SETAR,1105,-0.1319009572461946
SETAR,1106,-0.1090962126834431
SETAR,1107,-0.007602266632954007
SETAR,1108,-0.18628049115684753
SETAR,1109,-0.43850291658517193
SETAR,1110,0.08427784515674894
SETAR,1111,0.39125844107307345
SETAR,1112,-0.19875870361378722
SETAR,1113,-0.13687666783916008
SETAR,1114,-0.06415584327019457
SETAR,1115,0.14328953259007934
SETAR,1116,-0.10663545548142496
SETAR,1117,0.0006689650664467341
SETAR,1118,-0.08811794109258606
SETAR,1119,0.11603607252809865
SETAR,1120,0.020868382276338332
SETAR,1121,0.07758909637521197
SETAR,1122,-0.00738612808783554
SETAR,1123,0.0723123325082147
SETAR,1124,-0.219876789207207
SETAR,1125,-0.0466047222374531
SETAR,1126,-0.08188980815227462
SETAR,1127,0.0008782185598990508
SETAR,1128,0.01700994406625058
SETAR,1129,0.06906892237326626
SETAR,1130,-0.10211460935113789
SETAR,1131,0.02106377512233373
SETAR,1132,-0.00417007813450773
SETAR,1133,-0.20694777681983834
SETAR,1134,-0.22577035447360777
SETAR,1135,0.023501947594672536
SETAR,1136,0.06586380791437456
SETAR,1137,0.06306573475459036
SETAR,1138,0.0380150436483488
SETAR,1139,-0.08339317630357317
SETAR,1140,-0.17459560317522696
SETAR,1141,-0.10253760681213639
SETAR,1142,0.011897076176136223
SETAR,1143,-0.014777231484666642
SETAR,1144,0.2275192215099741
SETAR,1145,0.08535401827398094
SETAR,1146,-0.035364322759268596
SETAR,1147,-0.09926692020086608
SETAR,1148,-0.11174380807157974
SETAR,1149,-0.08778832110032825
SETAR,1150,-0.04155976014242374
SETAR,1151,0.03533622970763092
SETAR,1152,0.02583735453603004
SETAR,1153,-0.025742622962293737
SETAR,1154,0.0037147067216985363
SETAR,1155,-0.2207219814627424
SETAR,1156,-0.046607351059235386
SETAR,1157,0.09521497975886738
SETAR,1158,-0.04175202324711911
SETAR,1159,0.09451283058491658
SETAR,1160,-0.07755046820203682
SETAR,1161,-0.05461258507129606
SETAR,1162,0.06728309544505635
SETAR,1163,0.0009071402716230928
SETAR,1164,-0.02933160029079887
SETAR,1165,-0.017393631003964738
SETAR,1166,-0.08967225153895027
SETAR,1167,0.06608219500799611
SETAR,1168,-0.003887272210599266
SETAR,1169,-0.04690457761180647
SETAR,1170,0.008881182889535898
SETAR,1171,-0.021952631772003312
SETAR,1172,0.005323241266211815
SETAR,1173,-0.04163855884747186
SETAR,1174,0.0030780073826643375
SETAR,1175,-0.08940749779268768
SETAR,1176,0.04058319996313216
SETAR,1177,-0.028102476872221012
SETAR,1178,-0.022580998119846176
SETAR,1179,-0.004651359136935408
SETAR,1180,-0.0024262155666611857
SETAR,1181,0.016706135602780375
SETAR,1182,0.003420484877599349
SETAR,1183,0.027479620391044013
SETAR,1184,-0.015689018233825125
SETAR,1185,-0.03331695805116533
SETAR,1186,0.015052993478726764
SETAR,1187,-0.02513750747728005
SETAR,1188,-0.015435098470791305
SETAR,1189,0.025210741112739403
SETAR,1190,-0.0539599042669932
SETAR,1191,0.0314685921430473
SETAR,1192,-0.00791181684910601
SETAR,1193,-0.020623611121837408
SETAR,1194,-0.019415529047008787
SETAR,1195,0.013150721702805178
SETAR,1196,-0.002692053006729228
SETAR,1197,-0.0021406140653113877
SETAR,1198,-0.0035709253298944693
SETAR,1199,-0.015463630995232083
SETAR,1200,0.018616171180898488
SETAR,1201,-3.7151678461237736e-06
SETAR,1202,-0.003509152864953567
SETAR,1203,-0.00013791687580349795
SETAR,1204,-0.004149401071920744
SETAR,1205,-6.327023068633292e-05
SETAR,1206,-0.0013727393549655667
SETAR,1207,-0.0015925446320553469
SETAR,1208,0.0032914002672790638
SETAR,1209,0.007097292353222561
SETAR,1210,-0.03167996346384615
SETAR,1211,0.018728573234284666
SETAR,1212,-0.006088964619447882
SETAR,1213,0.0015322907233807402
SETAR,1214,0.0008841212368922006
SETAR,1215,-0.00461574929031152
SETAR,1216,0.0008658612031101577
SETAR,1217,-0.0019888141247493708
SETAR,1218,0.016042537617015667
SETAR,1219,-0.019738361664287364
SETAR,1220,0.010175092562072635
SETAR,1221,-0.008766623160473221
SETAR,1222,-0.01156784641916185
SETAR,1223,0.00758243947212424
SETAR,1224,-0.00040591057708786425
SETAR,1225,0.001291204097488518
SETAR,1226,0.012202392815041324
SETAR,1227,-0.0378750693886021
SETAR,1228,0.0027564638426550406
SETAR,1229,0.02937077457911652
SETAR,1230,-0.007339888033164096
SETAR,1231,0.040623334273600716
SETAR,1232,-0.012679805808751752
SETAR,1233,0.03063979840892193
SETAR,1234,-0.017048874091306985
SETAR,1235,0.006061123472248889
SETAR,1236,-0.0416322209530342
SETAR,1237,0.028634948067492467
SETAR,1238,0.008358605809478758
SETAR,1239,0.05191031001369903
SETAR,1240,-0.022521283309727816
SETAR,1241,-0.0032428385822621765
SETAR,1242,-0.06241147704746371
SETAR,1243,-0.050793452136902596
SETAR,1244,-0.010869810953367923
SETAR,1245,-0.0071085197361649526
SETAR,1246,-0.015227265019785769
SETAR,1247,-0.03443066505274567
SETAR,1248,0.02302068663548039
SETAR,1249,-0.0019276011021822827
SETAR,1250,0.020366552560970155
SETAR,1251,-0.0104949833045834
SETAR,1252,-0.006095594413052018
SETAR,1253,-0.0008756764113473281
SETAR,1254,-0.008052151225166396
SETAR,1255,0.000972635862605794
SETAR,1256,0.0020189770506129972
SETAR,1257,-0.026945268506243947
SETAR,1258,0.04482820175724789
SETAR,1259,-0.020024225227656022
SETAR,1260,0.0005805118889469375
SETAR,1261,-0.002004245632385109
SETAR,1262,-0.010700576046542759
SETAR,1263,0.007975884387385638
SETAR,1264,-0.029844635631040655
SETAR,1265,0.014671197603215957
SETAR,1266,0.0045674137446921285
SETAR,1267,0.0003175660226646794
SETAR,1268,0.001679990652399373
SETAR,1269,-0.00435893460880012
SETAR,1270,-0.0521698128196423
SETAR,1271,-0.010594198781716462
SETAR,1272,0.06390600900846065
SETAR,1273,-0.004079151665795832
SETAR,1274,-0.01046705352962584
SETAR,1275,-0.11908879417536195
SETAR,1276,0.041069975113724295
SETAR,1277,0.006688555503784721
SETAR,1278,-0.012712780411722292
SETAR,1279,-0.09909551762255546
SETAR,1280,-0.053902135825007066
SETAR,1281,0.0007945777149748843
SETAR,1282,-0.016387753748069347
SETAR,1283,0.021248636773992857
SETAR,1284,-0.028036548770789406
SETAR,1285,0.008890367135289547
SETAR,1286,-0.000179949266527439
SETAR,1287,-0.002914494210947888
SETAR,1288,0.0014985883738150583
SETAR,1289,-0.011815327227712108
SETAR,1290,0.00017924623142575474
SETAR,1291,-0.0021613692315349967
SETAR,1292,-0.026611509022957325
SETAR,1293,0.018849083116163987
SETAR,1294,-0.02240225510737852
SETAR,1295,0.03387101689821278
SETAR,1296,0.009535377774817106
SETAR,1297,-0.022884261098583995
SETAR,1298,0.02480418446412679
SETAR,1299,-0.03167162254956459
SETAR,1300,-0.017243553515615545
SETAR,1301,-0.14003458911780614
SETAR,1302,-0.07324069526198218
SETAR,1303,-0.0021068482992445342
SETAR,1304,0.0011586289507188087
SETAR,1305,0.0612039508722824
SETAR,1306,0.034338015178834225
SETAR,1307,-0.04971406075271969
SETAR,1308,-0.04494679788740744
SETAR,1309,-0.07844154630874049
SETAR,1310,0.06520883713443422
SETAR,1311,-0.025080076948227073
SETAR,1312,-0.0046223838417842255
SETAR,1313,-0.01572483591471284
SETAR,1314,0.008939074602061187
SETAR,1315,0.004187117818415913
SETAR,1316,0.009922404707536138
SETAR,1317,-0.05554348136274145
SETAR,1318,0.04551675935515235
SETAR,1319,-0.05255451321686802
SETAR,1320,0.04598988572134072
SETAR,1321,-0.03164635770500331
SETAR,1322,-0.04554905209223973
SETAR,1323,-0.06671118486326741
SETAR,1324,-0.022204382300930428
SETAR,1325,-0.07618119159246477
SETAR,1326,-0.034918318017922445
SETAR,1327,-0.03209037642766169
SETAR,1328,-0.06124066370951183
SETAR,1329,-0.12408349787935358
SETAR,1330,0.17836904640420562
SETAR,1331,-0.016722250530771664
SETAR,1332,0.016454057359882493
SETAR,1333,-0.03386774592308805
SETAR,1334,-0.021299444230741572
SETAR,1335,0.011993591537736567
SETAR,1336,-0.00899900275842711
SETAR,1337,0.02051062607717447
SETAR,1338,0.010228180110702133
SETAR,1339,0.008405918963301319
SETAR,1340,0.019607659259681883
SETAR,1341,-0.026783819934885527
SETAR,1342,0.023032489831284888
SETAR,1343,-0.050814048224253755
SETAR,1344,0.02456447514604416
SETAR,1345,0.0034306597248288957
SETAR,1346,-0.009945144815495634
SETAR,1347,-0.02576294054642783
SETAR,1348,0.05359820186791503
SETAR,1349,-0.03823303609187053
SETAR,1350,0.15904624753594698
SETAR,1351,-0.05425416829679521
SETAR,1352,0.0065017187620869535
SETAR,1353,0.009976327887856407
SETAR,1354,0.0926262583600062
SETAR,1355,0.008130087506677985
SETAR,1356,-0.16110776015763095
SETAR,1357,0.0900570328834327
SETAR,1358,0.002515689403583772
SETAR,1359,0.030614648152652756
SETAR,1360,-0.054778685879839126
SETAR,1361,0.027231716819493764
SETAR,1362,0.017221598563095044
SETAR,1363,-0.0007715370104261665
SETAR,1364,-0.061540200272338426
SETAR,1365,-0.00392257268744096
SETAR,1366,0.012109580539706368
SETAR,1367,-0.038819452748929444
SETAR,1368,0.021356728346760494
SETAR,1369,0.015178652362791816
SETAR,1370,0.05101442073716991
SETAR,1371,-0.03329335424147409
SETAR,1372,-0.02630787611725423
SETAR,1373,-0.08875179389963297
SETAR,1374,0.006678895733271126
SETAR,1375,0.0015313388423624924
SETAR,1376,0.04349738699356821
SETAR,1377,-0.037995042556590766
SETAR,1378,-0.026380245876478487
SETAR,1379,0.0256888591427922
SETAR,1380,-0.0035945699527820396
SETAR,1381,0.005830343241953544
SETAR,1382,-0.019893073885688853
SETAR,1383,-0.0029699126816938306
SETAR,1384,-0.13101628350929703
SETAR,1385,0.01711115050112167
SETAR,1386,0.010088048231992832
SETAR,1387,0.03591041625818017
SETAR,1388,-0.006499254448473685
SETAR,1389,-0.006352030214143445
SETAR,1390,-0.016502341009597965
SETAR,1391,0.04090921016961753
SETAR,1392,0.024770491476384927
SETAR,1393,-0.030267597089063066
SETAR,1394,0.0026066492796397527
SETAR,1395,-0.03257051090812313
SETAR,1396,-0.0067969042969171535
SETAR,1397,-0.05648049278981533
SETAR,1398,0.03561581781440864
SETAR,1399,-0.013244408885622165
SETAR,1400,-0.02004263345145823
SETAR,1401,0.0033131604873751046
SETAR,1402,-0.009998204212705615
SETAR,1403,0.04624627042282418
SETAR,1404,0.003907361805104177
SETAR,1405,0.015994695236257274
SETAR,1406,-0.023831362285555414
SETAR,1407,-0.04695339118838872
SETAR,1408,-0.0002537509550239543
SETAR,1409,-0.028417645438271768
SETAR,1410,0.023030423033065184
SETAR,1411,-0.03930961220408554
SETAR,1412,0.006421530898815408
SETAR,1413,0.012985431401743798
SETAR,1414,-0.19446505686459126
SETAR,1415,-0.19184842013963513
SETAR,1416,0.007749984069646314
SETAR,1417,-0.04329554695314375
SETAR,1418,0.045716856038192824
SETAR,1419,0.012831895748606418
SETAR,1420,0.012034123006028198
SETAR,1421,0.007046014981393221
SETAR,1422,0.060324521940178254
SETAR,1423,0.1470569579804017
SETAR,1424,0.074704286371398
SETAR,1425,0.051043899124326095
SETAR,1426,-0.035895174799234125
SETAR,1427,-0.08715187238694838
SETAR,1428,0.06855237870816099
SETAR,1429,-0.01975979540660526
SETAR,1430,0.010439478562585524
SETAR,1431,-0.05885558425477082
SETAR,1432,-0.026268245833007475
SETAR,1433,-0.0479400131545607
SETAR,1434,-0.009244246335938087
SETAR,1435,0.04644014911158085
SETAR,1436,0.03327438968827243
SETAR,1437,-0.05081948311565941
SETAR,1438,-0.029703520177365616
SETAR,1439,0.07984629831886803
SETAR,1440,-0.052518362989211545
SETAR,1441,0.018629999101042124
SETAR,1442,-0.01953596395137455
SETAR,1443,0.0028078398971967834
SETAR,1444,0.017176378882416615
SETAR,1445,0.01713004039779964
SETAR,1446,-0.014654921941652643
SETAR,1447,-0.053757181496287595
SETAR,1448,-0.025480993984975046
SETAR,1449,0.008646662317688576
SETAR,1450,-0.012662500787497578
SETAR,1451,-0.03951112439152674
SETAR,1452,-0.14846805114767692
SETAR,1453,-0.057063196474054056
SETAR,1454,-0.004786806410448676
SETAR,1455,0.004057056223085707
SETAR,1456,-0.00548298491287523
SETAR,1457,-0.042307998378531775
SETAR,1458,-0.0356385197236611
SETAR,1459,-0.006161107249846965
SETAR,1460,-0.1651855350807544
SETAR,1461,-0.33346403882677894
SETAR,1462,0.00660844726127929
SETAR,1463,0.09155704901127085
SETAR,1464,0.06642692374369472
SETAR,1465,0.048432036926747905
SETAR,1466,-0.11430730871942682
SETAR,1467,0.03160305310028531
SETAR,1468,0.028913574360400006
SETAR,1469,0.02158029599551197
SETAR,1470,-0.03739664709619978
SETAR,1471,-0.13797653685847472
SETAR,1472,-0.014924470134267726
SETAR,1473,0.006221447802011979
SETAR,1474,-0.05588144999889978
SETAR,1475,0.007421022269148092
SETAR,1476,-0.0759530771314758
SETAR,1477,0.010726610731666482
SETAR,1478,-0.014486579932582271
SETAR,1479,-0.00038985393548309323
SETAR,1480,-0.017421426055868043
SETAR,1481,-0.007759695906122361
SETAR,1482,0.03643602151173546
SETAR,1483,-0.038754846360467964
SETAR,1484,0.01435920246696782
SETAR,1485,-0.007093202060293146
SETAR,1486,-0.005920072158425797
SETAR,1487,-0.018215676691118836
SETAR,1488,0.07075257013539596
SETAR,1489,-0.01075475910426917
SETAR,1490,-0.05445901703862815
SETAR,1491,0.022112065020599005
SETAR,1492,-0.007332122395466999
SETAR,1493,-0.000213518537485545
SETAR,1494,-0.0005281656491476078
SETAR,1495,-0.031050889267556024
SETAR,1496,-0.02911211673566541
SETAR,1497,-0.015154332463993083
SETAR,1498,0.025452125098122377
SETAR,1499,0.0013522029290339759
SETAR,1500,-0.009464168541696901
SETAR,1501,-0.018985078827948795
SETAR,1502,-0.003151121111196671
SETAR,1503,0.030757461322975934
SETAR,1504,-0.03315889875614106
SETAR,1505,0.03567719624665908
SETAR,1506,-0.00826345647258766
SETAR,1507,0.0011221477403396858
SETAR,1508,0.005601162412301017
SETAR,1509,-0.007306483439225486
SETAR,1510,-0.011338388672150354
SETAR,1511,-0.0019096582918302386
SETAR,1512,-0.024778732218302846
SETAR,1513,0.01900135881544422
SETAR,1514,-0.04284602570646083
SETAR,1515,0.05679689222803254
SETAR,1516,-0.015629437889173724
SETAR,1517,-0.018132062798195778
SETAR,1518,-0.02689056472400761
SETAR,1519,-0.010321656445619911
SETAR,1520,-0.0037152223003052275
SETAR,1521,-0.005494990400842724
SETAR,1522,-0.2971759081423713
SETAR,1523,0.02152324087234345
SETAR,1524,-0.11390085561773786
SETAR,1525,0.033006578520274214
SETAR,1526,0.01851604776301411
SETAR,1527,-0.07267922636984352
SETAR,1528,0.0032172430692831294
SETAR,1529,0.012668801775354687
SETAR,1530,0.026770620620651192
SETAR,1531,-0.02213440203378679
SETAR,1532,0.008570556131000799
SETAR,1533,0.026666937649461375
SETAR,1534,0.05492304792858966
SETAR,1535,0.019594452906392005
SETAR,1536,0.019976103395759857
SETAR,1537,-0.05101879649712736
SETAR,1538,0.03295135083406571
SETAR,1539,0.042695400144015426
SETAR,1540,-0.011858705377079923
SETAR,1541,0.06836294363400944
SETAR,1542,0.06917405932875519
SETAR,1543,0.43846697691133063
SETAR,1544,0.7984618446267667
SETAR,1545,0.17516022951679713
SETAR,1546,-0.6298320909853655
SETAR,1547,0.22907060606215218
SETAR,1548,0.03619087389187697
SETAR,1549,-0.17476465373300798
SETAR,1550,0.07704079870165763
SETAR,1551,0.026181070108423937
SETAR,1552,-0.14061619911725154
SETAR,1553,-0.06931947993811513
SETAR,1554,-0.2768981031111051
SETAR,1555,0.04574764037685111
SETAR,1556,0.08968667866884744
SETAR,1557,-0.010116852277463256
SETAR,1558,-0.44758895423313927
SETAR,1559,-0.11537890289004649
SETAR,1560,0.07902325815069945
SETAR,1561,-0.05033858835081449
SETAR,1562,-0.1536124665939801
SETAR,1563,0.28925170746098156
SETAR,1564,-0.032305036030341516
SETAR,1565,-0.27625357892427604
SETAR,1566,0.003866986067772034
SETAR,1567,-0.10767839123053226
SETAR,1568,-0.21855415352884439
SETAR,1569,0.07587885290575724
SETAR,1570,-0.02625386724531531
SETAR,1571,0.06690956926388192
SETAR,1572,0.06609657026578422
SETAR,1573,-0.01957961041042881
SETAR,1574,0.059753844837162735
SETAR,1575,0.12272497353021469
SETAR,1576,-0.23296396935528935
SETAR,1577,-0.21682200013703073
SETAR,1578,-0.10617343503732278
SETAR,1579,0.20761907062865478
SETAR,1580,-0.17054047576534462
SETAR,1581,0.05541459421475837
SETAR,1582,-0.02299758446640092
SETAR,1583,0.06270004155640845
SETAR,1584,0.0010050229180382578
SETAR,1585,-0.013751622015392047
SETAR,1586,0.00342876725847669
SETAR,1587,-0.007869376377219007
SETAR,1588,0.0015909606338334514
SETAR,1589,0.08410023465374397
SETAR,1590,0.2126874647099076
SETAR,1591,-0.163867893351549
SETAR,1592,0.02355693455080714
SETAR,1593,-0.015533593255991834
SETAR,1594,0.1648273330307453
SETAR,1595,0.0721045044766992
SETAR,1596,-0.011755286912502935
SETAR,1597,0.15547386522060222
SETAR,1598,0.11724137369984532
SETAR,1599,-0.09133008232404198
SETAR,1600,0.07124078844118568
SETAR,1601,2.61275371239017e-06
SETAR,1602,0.06370116654275534
SETAR,1603,-0.14257710897646594
SETAR,1604,-0.07484302854704578
SETAR,1605,0.03792789744656513
SETAR,1606,0.09730638876434541
SETAR,1607,-0.03907937771524447
SETAR,1608,-0.046072817157552445
SETAR,1609,0.053887294697330605
SETAR,1610,-0.012719236979933282
SETAR,1611,-0.033014588071987344
SETAR,1612,-0.0058447632386824985
SETAR,1613,0.15470961452259116
SETAR,1614,0.06748127639160587
SETAR,1615,-0.07764095980073324
SETAR,1616,-0.008431824836803279
SETAR,1617,-0.08539292171237911
SETAR,1618,-0.016606837003619944
SETAR,1619,-0.03650875650638463
SETAR,1620,0.039799319781046734
SETAR,1621,-0.0027842336057039216
SETAR,1622,-0.011376640032603708
SETAR,1623,-0.035472923833436275
SETAR,1624,-0.008143745024287139
SETAR,1625,0.01974817413033588
SETAR,1626,-0.04934625460902379
SETAR,1627,-0.06298541915855711
SETAR,1628,-0.006509198644769719
SETAR,1629,0.034684528352154034
SETAR,1630,0.10934804800851579
SETAR,1631,-0.05720675289777956
SETAR,1632,-0.02223164333471981
SETAR,1633,-0.005828625383402622
SETAR,1634,-0.012231045061853005
SETAR,1635,0.12984769167182725
SETAR,1636,-0.01832547909293301
SETAR,1637,0.06615424316979336
SETAR,1638,-0.016394818515971056
SETAR,1639,-0.04748097906508164
SETAR,1640,0.28683550634253296
SETAR,1641,-0.005965475856348112
SETAR,1642,0.026742754917895913
SETAR,1643,-0.07130985512005328
SETAR,1644,0.044285896420503366
SETAR,1645,-0.05167981020318265
SETAR,1646,-0.02426912972719281
SETAR,1647,-0.051426323109245976
SETAR,1648,0.02220054090241128
SETAR,1649,-0.020211340205906883
SETAR,1650,-0.0001543109028637928
SETAR,1651,-0.0010705586787823108
SETAR,1652,-0.05371011089499873
SETAR,1653,0.0066613896445680346
SETAR,1654,-0.029446308718349433
SETAR,1655,-0.037529846338582924
SETAR,1656,0.4592583101565594
SETAR,1657,0.15865663517055034
SETAR,1658,-0.011087934964459471
SETAR,1659,-0.07303241807290142
SETAR,1660,0.03932473035311729
SETAR,1661,0.0809958122654389
SETAR,1662,-0.0903229226574383
SETAR,1663,0.07040778408008845
SETAR,1664,0.02347787814045501
SETAR,1665,0.16993600261965808
SETAR,1666,-0.10361075708230916
SETAR,1667,0.06980830384076932
SETAR,1668,-0.06844320251717034
SETAR,1669,-0.08823080548819631
SETAR,1670,0.010860613755172468
SETAR,1671,0.021155655385556027
SETAR,1672,-0.014489165043369482
SETAR,1673,-0.0490986166403897
SETAR,1674,-0.03911939889618592
SETAR,1675,0.021688056246510483
SETAR,1676,0.006435985186679115
SETAR,1677,-0.13621754622818008
SETAR,1678,0.1057346254470811
SETAR,1679,0.054632957784334475
SETAR,1680,0.0762387070178506
SETAR,1681,0.05501791610700155
SETAR,1682,-0.014031476283497171
SETAR,1683,-0.04776004443015873
SETAR,1684,0.03340684992945589
SETAR,1685,-0.03600689837264155
SETAR,1686,0.04572533566839673
SETAR,1687,-0.001555637290551276
SETAR,1688,0.0064267014722152495
SETAR,1689,-0.004014724375606101
SETAR,1690,0.034521112600051695
SETAR,1691,0.035579910146555066
SETAR,1692,-0.044454276535938274
SETAR,1693,0.19590883787810773
SETAR,1694,0.12299871161572637
SETAR,1695,0.1123181849786088
SETAR,1696,-0.021947623991376702
SETAR,1697,-0.1271954969900588
SETAR,1698,0.02042110675353326
SETAR,1699,-0.06219300814343071
SETAR,1700,0.18141974011543147
SETAR,1701,-0.05169601394229636
SETAR,1702,0.12346974978037645
SETAR,1703,0.1365872923071498
SETAR,1704,-0.06495282585339664
SETAR,1705,-0.10245190597650286
SETAR,1706,-0.03408451919374173
SETAR,1707,-0.018162266733358967
SETAR,1708,-0.05610911101917155
SETAR,1709,-0.07608832620570198
SETAR,1710,-0.06670141628737832
SETAR,1711,0.027016950386224127
SETAR,1712,-0.08038167962852047
SETAR,1713,-0.09029319071692021
SETAR,1714,0.08428726934567506
SETAR,1715,-0.021948366563693172
SETAR,1716,0.1889137961961377
SETAR,1717,-0.04965357854939228
SETAR,1718,-0.02884303978197584
SETAR,1719,0.011413524821634281
SETAR,1720,-0.0394870581910603
SETAR,1721,0.011269564300437174
SETAR,1722,0.013633967881409522
SETAR,1723,0.004044662171415726
SETAR,1724,0.03757040886818625
SETAR,1725,0.007359308157733951
SETAR,1726,-0.00984993807579396
SETAR,1727,-0.0016185224690602371
SETAR,1728,-0.011079908111807351
SETAR,1729,0.04214800108654725
SETAR,1730,0.08055575431525157
SETAR,1731,-0.025755867754994617
SETAR,1732,-0.002697821855320015
SETAR,1733,-0.05935497040507537
SETAR,1734,0.07312491417183573
SETAR,1735,-0.07056341165854672
SETAR,1736,0.15864842539093899
SETAR,1737,-0.04880992729056421
SETAR,1738,0.006532515455112787
SETAR,1739,0.1892330435504524
SETAR,1740,0.024296209006158608
SETAR,1741,0.2784391151545245
SETAR,1742,-0.19726542294723617
SETAR,1743,-0.10964336520267648
SETAR,1744,0.0016447406015612058
SETAR,1745,0.1044324106098006
SETAR,1746,0.14924040704771036
SETAR,1747,0.08039471474393259
SETAR,1748,0.12129917273512215
SETAR,1749,0.06698308472518573
SETAR,1750,-0.015275203695975938
SETAR,1751,0.07008379355964588
SETAR,1752,0.015019671629993094
SETAR,1753,-0.005759607083838523
SETAR,1754,0.0582205107841147
SETAR,1755,0.04242517359891028
SETAR,1756,-0.0010036272314354069
SETAR,1757,0.3767875098598722
SETAR,1758,0.10563544564619204
SETAR,1759,0.12200690417665522
SETAR,1760,-0.04143720603400117
SETAR,1761,-0.0827091405974045
SETAR,1762,0.01557334763792104
SETAR,1763,-0.005330937819833653
SETAR,1764,-0.019219368779395885
SETAR,1765,0.19889647475672756
SETAR,1766,0.05940703938499846
SETAR,1767,0.7428479000220221
SETAR,1768,-0.10136272399126522
SETAR,1769,0.8609075822478636
SETAR,1770,0.38286756185178894
SETAR,1771,0.039155972928898185
SETAR,1772,0.08501630500151869
SETAR,1773,1.008512117594767
SETAR,1774,-0.03633891704714166
SETAR,1775,0.09299858530849268
SETAR,1776,-0.16748951188533207
SETAR,1777,-0.10516923166367251
SETAR,1778,-0.01642916297723197
SETAR,1779,0.02994881767381207
SETAR,1780,0.005310703999903507
SETAR,1781,-0.05847326070299566
SETAR,1782,0.07522347673859674
SETAR,1783,0.01402621493581072
SETAR,1784,0.00961968495859466
SETAR,1785,-0.04300132039775604
SETAR,1786,-0.05473795062754124
SETAR,1787,0.016772019203914655
SETAR,1788,-0.24989166420278747
SETAR,1789,-0.2649836446679454
SETAR,1790,0.12271025472663406
SETAR,1791,0.018272942016025858
SETAR,1792,0.1960448645513313
SETAR,1793,-0.023822846411326176
SETAR,1794,0.13587929596347303
SETAR,1795,0.05307602617996463
SETAR,1796,-0.03210043816269108
SETAR,1797,-0.042169525450441364
SETAR,1798,-0.3187619914069059
SETAR,1799,0.059209769971496615
SETAR,1800,-0.10901227673552623
SETAR,1801,-0.43987141389060247
SETAR,1802,-0.4510817256119498
SETAR,1803,-0.6282358523879337
SETAR,1804,-1.3457002859728968
SETAR,1805,0.3436491078322579
SETAR,1806,-0.10805606298867598
SETAR,1807,0.013392590303197172
SETAR,1808,-0.5763636855571659
SETAR,1809,0.5606178910243349
SETAR,1810,-0.10475520124091409
SETAR,1811,-0.017184032142099848
SETAR,1812,0.04893801502550303
SETAR,1813,0.2630719052874967
SETAR,1814,0.6501035716203578
SETAR,1815,0.08189979206835224
SETAR,1816,-0.17096533486891202
SETAR,1817,-0.33178910980687826
SETAR,1818,-0.3280978144236977
SETAR,1819,0.12374209940288297
SETAR,1820,-0.05815394876536666
SETAR,1821,0.25639989122342477
SETAR,1822,-0.0757899970574849
SETAR,1823,0.05266442833906336
SETAR,1824,-0.034641776751816476
SETAR,1825,-0.4198048314760028
SETAR,1826,0.0004365861772550571
SETAR,1827,-0.19909473457732652
SETAR,1828,-0.02470115371114126
SETAR,1829,-0.00106570333102151
SETAR,1830,-0.016660673706764995
SETAR,1831,0.03590151507883674
SETAR,1832,-0.0008885447700388606
SETAR,1833,-0.008649473545873183
SETAR,1834,0.04437205025251461
SETAR,1835,-0.07744893383711678
SETAR,1836,0.051937702108838954
SETAR,1837,0.0009365506163735507
SETAR,1838,0.0020252774775418253
SETAR,1839,-0.02246027771714533
SETAR,1840,-0.011483090539265526
SETAR,1841,0.002741935602692057
SETAR,1842,-0.002583231475834504
SETAR,1843,0.08349865137132433
SETAR,1844,0.0351615622161338
SETAR,1845,-0.1035003945419062
SETAR,1846,-0.016505264477525032
SETAR,1847,0.018183412980872025
SETAR,1848,-0.03811119528761812
SETAR,1849,0.1610591702854216
SETAR,1850,0.48601146910778564
SETAR,1851,-0.063608269902772
SETAR,1852,-0.08556016877178443
SETAR,1853,-0.02745277253605781
SETAR,1854,0.0738752695863976
SETAR,1855,-0.02736021279962762
SETAR,1856,0.002536277548339891
SETAR,1857,0.2570790918969569
SETAR,1858,0.5241443505253065
SETAR,1859,-0.3767667996873257
SETAR,1860,-0.040591696242619504
SETAR,1861,0.2288869040660798
SETAR,1862,0.09214742997468355
SETAR,1863,-0.1604200208949645
SETAR,1864,0.0047203792694686525
SETAR,1865,-0.3238082235935912
SETAR,1866,-0.08673547456530356
SETAR,1867,-0.08975949547689235
SETAR,1868,0.027205667184034943
SETAR,1869,-0.1982191983518502
SETAR,1870,-0.006861523718847698
SETAR,1871,0.3059903383900372
SETAR,1872,-0.13728002651942856
SETAR,1873,-0.03875667261258048
SETAR,1874,-0.445159953785077
SETAR,1875,0.007277267039723711
SETAR,1876,-0.017517768767002374
SETAR,1877,0.02396580107943637
SETAR,1878,0.10514900122355146
SETAR,1879,-0.017175843893141217
SETAR,1880,0.023004549614116434
SETAR,1881,-0.257586044560001
SETAR,1882,-0.07189016411207727
SETAR,1883,0.07071932124065694
SETAR,1884,-0.04296748372113368
SETAR,1885,-0.042542517033950955
SETAR,1886,-0.007755183735857939
SETAR,1887,-0.04923955213966789
SETAR,1888,-0.07722936432183532
SETAR,1889,0.07651392513115551
SETAR,1890,-0.05645405399341607
SETAR,1891,0.03348444495470715
SETAR,1892,-0.089294876527549
SETAR,1893,-0.040924375025256976
SETAR,1894,-0.023169570892929224
SETAR,1895,0.013461949334723554
SETAR,1896,-0.01997376599127724
SETAR,1897,-0.006042005684654432
SETAR,1898,-0.0011695192499430209
SETAR,1899,0.18987042567668305
SETAR,1900,0.07299499878880575
SETAR,1901,0.034102373501348246
SETAR,1902,-0.1056250719360178
SETAR,1903,-0.02893539009749131
SETAR,1904,0.02747699355982971
SETAR,1905,-0.09582484758672814
SETAR,1906,-0.04035036869532456
SETAR,1907,-0.09821974024496227
SETAR,1908,0.0290953180319809
SETAR,1909,-0.006592413101254843
SETAR,1910,0.004011690465325308
SETAR,1911,-0.00499410918044518
SETAR,1912,-0.02677025636664973
SETAR,1913,-0.0162681469841616
SETAR,1914,0.010334904638049737
SETAR,1915,0.0698488698436888
SETAR,1916,0.019409168099477573
SETAR,1917,0.003940912345509421
SETAR,1918,-0.06918427164929702
SETAR,1919,0.03042455256744409
SETAR,1920,-0.04301656054386881
SETAR,1921,0.005993872125410145
SETAR,1922,-0.024705724489795685
SETAR,1923,0.037466698718976066
SETAR,1924,-0.0904258059244063
SETAR,1925,0.14281602007683625
SETAR,1926,-0.020549482864731173
SETAR,1927,0.01235909542214762
SETAR,1928,-0.018815657395715387
SETAR,1929,-0.06496308972722242
SETAR,1930,0.07763259007981159
SETAR,1931,0.0042342164071732385
SETAR,1932,0.003365242882023822
SETAR,1933,-0.07610046940031645
SETAR,1934,0.07652257741974283
SETAR,1935,-0.051241197992378446
SETAR,1936,0.010064518259458047
SETAR,1937,-0.01797773637652204
SETAR,1938,-0.09558330946405039
SETAR,1939,0.03339708100799129
SETAR,1940,0.04515621910079772
SETAR,1941,0.02430893966660709
SETAR,1942,0.08279684236607167
SETAR,1943,-0.04132657416909333
SETAR,1944,0.007416421819801058
SETAR,1945,-0.011202832580229891
SETAR,1946,-0.07628246244881631
SETAR,1947,0.05167239945584228
SETAR,1948,-0.015526626061479878
SETAR,1949,0.07128025413166388
SETAR,1950,-0.07391012201646094
SETAR,1951,0.1491575821672112
SETAR,1952,0.044206845481950974
SETAR,1953,0.02722423054409136
SETAR,1954,0.4518302168015003
SETAR,1955,-0.038428641257647916
SETAR,1956,0.23164865583154354
SETAR,1957,-0.1999452100343173
SETAR,1958,-0.34467610051644226
SETAR,1959,0.03641376203220065
SETAR,1960,0.1495731026108341
SETAR,1961,-0.09563928481910476
SETAR,1962,0.05008216232931851
SETAR,1963,-0.1842480746165981
SETAR,1964,0.013408193907414427
SETAR,1965,0.0007540515281497899
SETAR,1966,-0.03139175944302295
SETAR,1967,0.08668334511339726
SETAR,1968,0.021167106726717736
SETAR,1969,0.04613549622672876
SETAR,1970,-0.044539927968348
SETAR,1971,0.03594652022198915
SETAR,1972,-0.02714490131403484
SETAR,1973,0.10235398349308841
SETAR,1974,-0.0664225255466518
SETAR,1975,0.0024808883068898656
SETAR,1976,0.2278345334664721
SETAR,1977,0.033557428436375145
SETAR,1978,-0.0838307834835649
SETAR,1979,-0.029376214488532126
SETAR,1980,0.006934622447068967
SETAR,1981,0.02516374506183794
SETAR,1982,-0.011507899222348586
SETAR,1983,0.03331752063420117
SETAR,1984,0.26908082863748845
SETAR,1985,0.6095959840133633
SETAR,1986,-0.15446301022200568
SETAR,1987,-0.3150361341229132
SETAR,1988,-0.24170974941876938
SETAR,1989,-0.06363545254662256
SETAR,1990,0.49395323412485737
SETAR,1991,0.2356418831317424
SETAR,1992,0.04923938917701978
SETAR,1993,0.11716664326160876
SETAR,1994,0.16909538826234657
SETAR,1995,0.397175897028621
SETAR,1996,-0.3231900495481919
SETAR,1997,-0.18900402954103093
SETAR,1998,-0.05785915148963032
SETAR,1999,-0.037844967356991416
SETAR,2000,-0.015366023143631537
SETAR,2001,0.007242300708834269
SETAR,2002,0.018606029547473937
SETAR,2003,-0.00976878146558333
SETAR,2004,0.06168421006852063
SETAR,2005,0.08950856264987617
SETAR,2006,0.22835085601853353
SETAR,2007,0.2565792779791117
SETAR,2008,0.1059221535379054
SETAR,2009,0.4861435678425748
SETAR,2010,-0.06597176260568077
SETAR,2011,-0.399404020991355
SETAR,2012,0.15071179407108615
SETAR,2013,0.1001474655785497
SETAR,2014,0.12181935612905657
SETAR,2015,-0.04524421711137527
SETAR,2016,-0.020684715914019356
SETAR,2017,-0.003227385718101809
SETAR,2018,-0.43785693613692317
SETAR,2019,0.2701342469516077
SETAR,2020,0.12222286165905066
SETAR,2021,0.17862390344499354
SETAR,2022,-0.18043477836610805
SETAR,2023,-0.11371778072854974
SETAR,2024,0.033623763445136116
SETAR,2025,0.06356309573924
SETAR,2026,0.19001709956326426
SETAR,2027,-0.07116558488733124
SETAR,2028,0.03301637729981297
SETAR,2029,0.0613778570461805
SETAR,2030,0.09953989026609951
SETAR,2031,0.26773980938516095
SETAR,2032,-0.047636520533949234
SETAR,2033,-0.11324859605198008
SETAR,2034,0.2643155832305637
SETAR,2035,-0.2192653952175804
SETAR,2036,0.09179927558055799
SETAR,2037,0.02694753975576944
SETAR,2038,-0.11044908288482563
SETAR,2039,-0.04551533886573919
SETAR,2040,-0.028117971017397277
SETAR,2041,0.09764121024424151
SETAR,2042,-0.08436503943802974
SETAR,2043,-0.22532886563641435
SETAR,2044,-0.7547236796979494
SETAR,2045,-0.07008172561950113
SETAR,2046,0.27744782221827385
SETAR,2047,0.008778852430066944
SETAR,2048,0.061654150596114524
SETAR,2049,0.28752675551152374
SETAR,2050,-0.13281904691809143
SETAR,2051,-0.23760295365695655
SETAR,2052,-0.06424669377574128
SETAR,2053,-0.19994031304834356
SETAR,2054,-0.2655818147266276
SETAR,2055,-0.1282772078223733
SETAR,2056,0.29718803336818717
SETAR,2057,0.20757581062924674
SETAR,2058,0.14322029225640004
SETAR,2059,-0.16215671091747805
SETAR,2060,-0.017642708833401435
SETAR,2061,0.11254410018577354
SETAR,2062,-0.05961695964102537
SETAR,2063,0.14662499155933176
SETAR,2064,-0.1985160665691249
SETAR,2065,0.08686364028767116
SETAR,2066,-0.0342959079835932
SETAR,2067,-0.00706065239405148
SETAR,2068,-0.24098293399184506
SETAR,2069,0.11643372921906558
SETAR,2070,0.01784572858203525
SETAR,2071,0.09735660169356461
SETAR,2072,-0.1633951786649023
SETAR,2073,0.0528220835600363
SETAR,2074,0.3586216954432989
SETAR,2075,-0.025611631978119366
SETAR,2076,-0.08289414418833355
SETAR,2077,-0.09771241909994458
SETAR,2078,-0.3804673726018685
SETAR,2079,0.015269758393200914
SETAR,2080,0.3516273591746897
SETAR,2081,0.0977417608942453
SETAR,2082,-0.41025434071643985
SETAR,2083,0.1071056459116246
SETAR,2084,-0.07786030962613008
SETAR,2085,0.3135433076072919
SETAR,2086,0.14552703954193827
SETAR,2087,-0.06574970402258141
SETAR,2088,0.06638691519928355
SETAR,2089,-0.21535816336987712
SETAR,2090,0.1330006717492034
SETAR,2091,0.10595270752059688
SETAR,2092,0.27878988911341135
SETAR,2093,0.009302223247145323
SETAR,2094,-0.09549395500628757
SETAR,2095,0.10831754569814438
SETAR,2096,0.07472940726095996
SETAR,2097,0.06456479314013192
SETAR,2098,-0.09702336112813491
SETAR,2099,0.01999128137359238
SETAR,2100,0.04776234969558941
SETAR,2101,0.13510360374246674
SETAR,2102,0.010553503981475995
SETAR,2103,-0.04258138397573503
SETAR,2104,-0.27371467814350114
SETAR,2105,-0.5520874822505157
SETAR,2106,0.10197230907697155
SETAR,2107,-0.05220632548021053
SETAR,2108,-0.12357845661601069
SETAR,2109,0.2480979509528217
SETAR,2110,-0.11231513614233173
SETAR,2111,0.2846967063547249
SETAR,2112,-0.034229154258781244
SETAR,2113,-0.004223926701447493
SETAR,2114,-0.033148540053923245
SETAR,2115,-0.028787581112111035
SETAR,2116,0.009359020911037198
SETAR,2117,0.1952348866573014
SETAR,2118,0.22890801139568454
SETAR,2119,0.08020530200027046
SETAR,2120,-0.01937489682869618
SETAR,2121,-0.02887619514002933
SETAR,2122,0.24054413246956668
SETAR,2123,0.13630263310817042
SETAR,2124,0.1261571048219318
SETAR,2125,-0.15948088727634924
SETAR,2126,-0.036622650906206124
SETAR,2127,0.05623904389506995
SETAR,2128,-0.0170053948087804
SETAR,2129,0.12698669419266426
SETAR,2130,0.030203248334678925
SETAR,2131,-0.0966492532502664
SETAR,2132,0.06692390435052589
SETAR,2133,-0.19859021291107581
SETAR,2134,0.002609460567790999
SETAR,2135,0.0037535799570230927
SETAR,2136,0.11315221780352377
SETAR,2137,0.061835190118144395
SETAR,2138,0.07572650894067404
SETAR,2139,0.012908778099856683
SETAR,2140,0.09196417784515538
SETAR,2141,0.12657380101986843
SETAR,2142,0.02529018791671308
SETAR,2143,-0.06828864710440628
SETAR,2144,-0.12776663581550532
SETAR,2145,0.10888690024587366
SETAR,2146,0.04243823013684443
SETAR,2147,0.006049553983795643
SETAR,2148,0.04608659749510073
SETAR,2149,-0.08360588926450356
SETAR,2150,0.43561677415568956
SETAR,2151,0.35338081899921814
SETAR,2152,-0.2602412086167629
SETAR,2153,-0.019235049207469282
SETAR,2154,-0.06240375173426377
SETAR,2155,-0.06200843963277268
SETAR,2156,-0.0870784142533497
SETAR,2157,0.13923978350988386
SETAR,2158,0.13614173453772474
SETAR,2159,0.6261659433698622
SETAR,2160,0.26392415415795517
SETAR,2161,0.4743938398576011
SETAR,2162,-0.04811611857967952
SETAR,2163,0.10377790287307374
SETAR,2164,-0.00228422408934148
SETAR,2165,-0.11096055383508024
SETAR,2166,-0.13718959501344488
SETAR,2167,-0.2537470323003779
SETAR,2168,-0.07172950245048688
SETAR,2169,0.0017440980768974653
SETAR,2170,0.039738978194763894
SETAR,2171,0.04178270233170328
SETAR,2172,0.2483183241577257
SETAR,2173,0.02720512142624616
SETAR,2174,-0.0981931048355959
SETAR,2175,0.11388899690922466
SETAR,2176,0.05197534265779397
SETAR,2177,0.0744676133220921
SETAR,2178,-0.0233283026904489
SETAR,2179,-0.012109717451991504
SETAR,2180,-0.013809357893912147
SETAR,2181,-0.028532826594254043
SETAR,2182,-0.062440476300195585
SETAR,2183,0.06652520027363588
SETAR,2184,0.0060136058116720195
SETAR,2185,0.043261178638123274
SETAR,2186,-0.020914121523448313
SETAR,2187,0.011458367786793341
SETAR,2188,-0.015882962745007567
SETAR,2189,-0.08355878049786365
SETAR,2190,0.013311057882376912
SETAR,2191,-0.0030941116224600055
SETAR,2192,0.006142201390104187
SETAR,2193,-0.05568484013586854
SETAR,2194,-0.03410673486230205
SETAR,2195,-0.08564809946054554
SETAR,2196,0.02437704796231011
SETAR,2197,0.003082010423637798
SETAR,2198,-0.07262515480187276
SETAR,2199,0.05822553897482499
SETAR,2200,0.06079558504485111
SETAR,2201,0.005924498509531013
SETAR,2202,-0.027671325293982592
SETAR,2203,0.04256381427006527
SETAR,2204,-0.007404701709983494
SETAR,2205,-0.015050814794884225
SETAR,2206,0.012577678083905199
SETAR,2207,-0.010280021583681983
SETAR,2208,0.004245624175182712
SETAR,2209,0.0165060867768037
SETAR,2210,-0.005458825567217768
SETAR,2211,0.04147856674913462
SETAR,2212,-0.04550283200275709
SETAR,2213,-0.03619662875002579
SETAR,2214,0.016212559388308883
SETAR,2215,-0.008376136000287738
SETAR,2216,-0.013549586888290093
SETAR,2217,-0.02623859789515187
SETAR,2218,-0.15252143871319904
SETAR,2219,0.024107771987524975
SETAR,2220,-0.023809642356020868
SETAR,2221,0.017815738026903023
SETAR,2222,0.02858145691421109
SETAR,2223,-0.060996017920476875
SETAR,2224,-0.18423783785684614
SETAR,2225,0.06421238506650083
SETAR,2226,-0.25858763767002657
SETAR,2227,0.027939776843579105
SETAR,2228,0.017624202932227155
SETAR,2229,0.038270551909963174
SETAR,2230,0.15233994617197602
SETAR,2231,-0.03812380963744383
SETAR,2232,-0.2409873960246083
SETAR,2233,0.06533492794621358
SETAR,2234,-0.1365559827871469
SETAR,2235,0.032825490028126285
SETAR,2236,-0.16190755595037262
SETAR,2237,-0.07854263476103701
SETAR,2238,-0.01609318886586844
SETAR,2239,-0.4990770593732321
SETAR,2240,0.2839744023407985
SETAR,2241,0.07906585873220207
SETAR,2242,0.013029691332255303
SETAR,2243,-0.13650258882335922
SETAR,2244,0.07882823950411774
SETAR,2245,-0.019647763502508398
SETAR,2246,-0.3770185594397538
SETAR,2247,0.0772100719172131
SETAR,2248,0.006615588184870631
SETAR,2249,-0.3209918969250429
SETAR,2250,-0.12068560268594389
SETAR,2251,0.015882880610524834
SETAR,2252,0.13547783356621082
SETAR,2253,0.07445515027471346
SETAR,2254,-0.41929421492907465
SETAR,2255,-0.13496367001521178
SETAR,2256,0.11212821173068171
SETAR,2257,0.06218145179961088
SETAR,2258,0.02408599227407298
SETAR,2259,-0.004501807652308079
SETAR,2260,-0.010690206751658975
SETAR,2261,-0.023712284155557373
SETAR,2262,-0.5256191572636761
SETAR,2263,-0.4994833654788143
SETAR,2264,0.3231178695483033
SETAR,2265,-0.11710137610773436
SETAR,2266,-0.2625536211345851
SETAR,2267,0.1811759552797167
SETAR,2268,-0.25851120039008063
SETAR,2269,0.14096683544706437
SETAR,2270,0.3704291885394161
SETAR,2271,-0.12307988028505588
SETAR,2272,-0.08420709246477677
SETAR,2273,0.0681033176307228
SETAR,2274,0.057219009550058465
SETAR,2275,-0.11247340837930865
SETAR,2276,-0.08511531547311328
SETAR,2277,0.1161089000513234
SETAR,2278,-0.10979530252458145
SETAR,2279,-0.14588740035445508
SETAR,2280,0.1236409662590186
SETAR,2281,0.20102808195519167
SETAR,2282,0.3695296130583956
SETAR,2283,-0.04624652075291582
SETAR,2284,0.3386714461920056
SETAR,2285,-0.07697829035763191
SETAR,2286,-0.027962962755277477
SETAR,2287,-0.021882744146680788
SETAR,2288,-0.15195813449199602
SETAR,2289,0.16317931097577176
SETAR,2290,0.3071609528687
SETAR,2291,0.17291783005187883
SETAR,2292,0.7820865129908944
SETAR,2293,-0.20630260874720296
SETAR,2294,0.580243428978586
SETAR,2295,0.3001418697950838
SETAR,2296,-0.029736014294353436
SETAR,2297,-0.23645508693035913
SETAR,2298,-0.23450249646946592
SETAR,2299,-0.053257033056590644
SETAR,2300,-0.2126359372015381
SETAR,2301,-0.07357225496440006
SETAR,2302,-0.03171471291152899
SETAR,2303,0.07660426049287587
SETAR,2304,0.14979569860510844
SETAR,2305,0.07093149768198104
SETAR,2306,0.14423260845997699
SETAR,2307,-0.09534544598055936
SETAR,2308,-0.35091746891711084
SETAR,2309,0.2009209878704028
SETAR,2310,0.05912804560680313
SETAR,2311,-0.006737891682908982
SETAR,2312,0.22618385593106244
SETAR,2313,-0.10032126752434502
SETAR,2314,0.13559224634416975
SETAR,2315,-0.1455009752815262
SETAR,2316,0.06073651682507668
SETAR,2317,-0.056172957448196906
SETAR,2318,-0.006125801130065479
SETAR,2319,-0.06515894637716957
SETAR,2320,-0.032173466099438705
SETAR,2321,-0.11573372189012146
SETAR,2322,-0.06384996213892383
SETAR,2323,-0.05744584281606403
SETAR,2324,0.12331942859616127
SETAR,2325,0.0816242339758663
SETAR,2326,0.01477684663406692
SETAR,2327,-0.10700627131749677
SETAR,2328,-0.029960721152141573
SETAR,2329,-0.02840785085715855
SETAR,2330,-0.039633432030635685
SETAR,2331,0.0652400305124036
SETAR,2332,0.043759279734894005
SETAR,2333,0.032412739049149195
SETAR,2334,-0.0949273875268655
SETAR,2335,0.17003693437998277
SETAR,2336,0.03771984612449662
SETAR,2337,0.029723435337944006
SETAR,2338,-0.08156567431709705
SETAR,2339,-0.04284001972402113
SETAR,2340,-0.05749656607568456
SETAR,2341,-0.024416325455007954
SETAR,2342,0.016190952561424124
SETAR,2343,0.07830371503728253
SETAR,2344,0.10367938048478413
SETAR,2345,0.011504184007182849
SETAR,2346,0.0030108630851887305
SETAR,2347,-0.13163435810527893
SETAR,2348,-0.20003339944007317
SETAR,2349,-0.11518089766914792
SETAR,2350,-0.04632329187828348
SETAR,2351,0.07743691845996453
SETAR,2352,0.054372871904589545
SETAR,2353,-0.037095479970978715
SETAR,2354,0.12270517825181826
SETAR,2355,-0.05599831642737719
SETAR,2356,-0.0025278561673432003
SETAR,2357,-0.0633358338729396
SETAR,2358,-0.23124983663425144
SETAR,2359,0.009270451227492912
SETAR,2360,-0.24128757513623525
SETAR,2361,-0.803343417083063
SETAR,2362,0.229357911118138
SETAR,2363,-0.15666915603385828
SETAR,2364,0.2179965168138917
SETAR,2365,0.11238280991560287
SETAR,2366,-0.03377365997353442
SETAR,2367,0.06845978038964656
SETAR,2368,-0.00995054586027431
SETAR,2369,0.8764135975636534
SETAR,2370,-0.5409639658937546
SETAR,2371,0.04988332388413281
SETAR,2372,0.36218356099634474
SETAR,2373,0.02161170804750384
SETAR,2374,0.37542122585442095
SETAR,2375,0.37016806526820945
SETAR,2376,0.030197335912727094
SETAR,2377,-0.39985651297729763
SETAR,2378,-0.3271455896372525
SETAR,2379,0.3204157421790298
SETAR,2380,0.09261431884301635
SETAR,2381,0.09147012436507579
SETAR,2382,-0.11114160717823107
SETAR,2383,0.007995730078649912
SETAR,2384,-0.160558705056571
SETAR,2385,0.20346255216467063
SETAR,2386,-0.003924877441160039
SETAR,2387,-0.04506988190050431
SETAR,2388,0.011165373952756588
SETAR,2389,0.13394673473467136
SETAR,2390,-0.1337673832415344
SETAR,2391,-0.2284632772261069
SETAR,2392,-0.038717924518513164
SETAR,2393,-0.041056864740206755
SETAR,2394,0.2052203223558062
SETAR,2395,-0.312941345550301
SETAR,2396,0.01703518811072984
SETAR,2397,0.14996551276789855
SETAR,2398,0.02453521570460729
SETAR,2399,0.06031158536489936
SETAR,2400,-0.030372233585764973
SETAR,2401,0.09222151430144672
SETAR,2402,0.03269168492305491
SETAR,2403,0.15071489444301964
SETAR,2404,0.12108452233783588
SETAR,2405,-0.08981166779819666
SETAR,2406,-0.1693570254289332
SETAR,2407,-0.002747406254288067
SETAR,2408,-0.06091269865113626
SETAR,2409,0.06437338074265975
SETAR,2410,0.1989863671636616
SETAR,2411,-0.09335383411925224
SETAR,2412,0.7338556986791226
SETAR,2413,-0.12304790536961904
SETAR,2414,0.05351604804674486
SETAR,2415,0.6482191088759912
SETAR,2416,-0.2813778112390759
SETAR,2417,-0.7315616484926761
SETAR,2418,-0.13570466627147232
SETAR,2419,0.2819088438949261
SETAR,2420,-0.04382264914002826
SETAR,2421,0.24137286364795343
SETAR,2422,-0.03419156515540575
SETAR,2423,0.3501959667585024
SETAR,2424,-0.29134026201638535
SETAR,2425,0.3644604374443404
SETAR,2426,0.05759572539932
SETAR,2427,0.12597419104028473
SETAR,2428,-0.12578261430195392
SETAR,2429,-0.042150271729278065
SETAR,2430,-0.09607512914007671
SETAR,2431,0.003601845719678226
SETAR,2432,-0.008566243851078782
SETAR,2433,-0.001814180709255618
SETAR,2434,-0.011034173338339181
SETAR,2435,-0.19064535793030069
SETAR,2436,0.04038162201111119
SETAR,2437,-0.023501507362529657
SETAR,2438,0.01662337049192442
SETAR,2439,0.05916048557768831
SETAR,2440,-0.043801571054519574
SETAR,2441,-0.0213760628250889
SETAR,2442,-0.12773570696697006
SETAR,2443,0.06833631206756302
SETAR,2444,-0.10943608136502303
SETAR,2445,0.11986512678793143
SETAR,2446,0.06113733504433079
SETAR,2447,0.00883740725971411
SETAR,2448,-0.007659947874914539
SETAR,2449,-0.11073046383526622
SETAR,2450,-0.15444333672480404
SETAR,2451,0.01942087408918711
SETAR,2452,0.186635648226189
SETAR,2453,0.2090038405521392
SETAR,2454,-0.0358761311100216
SETAR,2455,0.029173208098026367
SETAR,2456,0.06946636789945607
SETAR,2457,0.0925568231981087
SETAR,2458,-0.007011831397872993
SETAR,2459,-0.1197752336116662
SETAR,2460,-0.053187706714502556
SETAR,2461,-0.13060708926686354
SETAR,2462,0.07845275105176117
SETAR,2463,0.01195207633612708
SETAR,2464,0.15136766141504854
SETAR,2465,-0.07441250964359783
SETAR,2466,0.08028132168247173
SETAR,2467,0.06123000561074113
SETAR,2468,0.08839283284312638
SETAR,2469,-0.05256614181685888
SETAR,2470,0.316729558683394
SETAR,2471,-0.20565314002771967
SETAR,2472,-0.02776532516568749
SETAR,2473,-0.16632573320138633
SETAR,2474,-0.1188079018047419
SETAR,2475,0.10918419778906634
SETAR,2476,0.01011843019955284
SETAR,2477,0.186960944920544
SETAR,2478,0.07979729741022464
SETAR,2479,-0.08287460119322741
SETAR,2480,-0.12447447413049802
SETAR,2481,-0.06183780261448615
SETAR,2482,0.0035023704893524833
SETAR,2483,-0.10202252107339899
SETAR,2484,0.007792274081592696
SETAR,2485,0.031445090650917454
SETAR,2486,0.05250519809854261
SETAR,2487,0.07414375156002811
SETAR,2488,-0.01058522440021892
SETAR,2489,0.00335579879446781
SETAR,2490,-0.02893708968412355
SETAR,2491,-0.046469662754487356
SETAR,2492,0.02054849781261862
SETAR,2493,-0.0659409320854564
SETAR,2494,0.0472631601820778
SETAR,2495,0.20295061197816178
SETAR,2496,0.08309632954823976
SETAR,2497,-0.11761949071946436
SETAR,2498,-0.020585825993310214
SETAR,2499,0.04941337961360166
SETAR,2500,-0.17116952171495212
SETAR,2501,0.26456180144009284
SETAR,2502,-0.14312299684176594
SETAR,2503,-0.0021735934770715643
SETAR,2504,-0.014726250630834305
SETAR,2505,-0.009492684577899708
SETAR,2506,0.140120893145792
SETAR,2507,0.0520367226568849
SETAR,2508,-0.09281241101319089
SETAR,2509,0.022629200224443275
SETAR,2510,0.08382535119755948
SETAR,2511,0.07116029129931249
SETAR,2512,0.22559459251951708
SETAR,2513,0.13022599581618977
SETAR,2514,-0.313778210362224
SETAR,2515,-0.15593920230117073
SETAR,2516,0.17311467126297284
SETAR,2517,0.035848588311535375
SETAR,2518,0.006230002180285171
SETAR,2519,-0.15655905497458777
SETAR,2520,-0.014312975411674384
SETAR,2521,0.0016978621711561583
SETAR,2522,0.16137928719845573
SETAR,2523,-0.019846438667593568
SETAR,2524,0.04600503521288534
SETAR,2525,0.048413141335703326
SETAR,2526,-0.1230317604598208
SETAR,2527,0.043209880754188856
SETAR,2528,0.0018192219697703675
SETAR,2529,-0.06498562794870236
SETAR,2530,-0.012834386572867888
SETAR,2531,-0.028077688661390373
SETAR,2532,-0.02170205422431694
SETAR,2533,0.021917211509054343
SETAR,2534,-0.019408819977665755
SETAR,2535,0.14108170266685813
SETAR,2536,-0.0022468072417950024
SETAR,2537,0.0018428775439127756
SETAR,2538,-0.05777816458071031
SETAR,2539,0.005252449085229406
SETAR,2540,0.03976924262793945
SETAR,2541,0.018331754442792267
SETAR,2542,-0.08894168337975063
SETAR,2543,-0.05609814312634208
SETAR,2544,-0.06019925746077716
SETAR,2545,-0.059881022668958284
SETAR,2546,-0.0025123591284773325
SETAR,2547,-0.024072777450381146
SETAR,2548,-0.04051235825250406
SETAR,2549,-0.030882611370207022
SETAR,2550,0.016826724726731003
SETAR,2551,0.04242247818228761
SETAR,2552,-0.0749094480617736
SETAR,2553,-0.011953937191564967
SETAR,2554,0.01809805993360339
SETAR,2555,-0.0010704471100650482
SETAR,2556,-0.014440488680299174
SETAR,2557,0.011820567612825543
SETAR,2558,-0.06211048821144817
SETAR,2559,-0.09635467483519893
SETAR,2560,-0.0012168474928008642
SETAR,2561,0.07931483506077264
SETAR,2562,0.02452429572385645
SETAR,2563,-0.033285785786838745
SETAR,2564,-0.06120358876344058
SETAR,2565,-0.016559002866197072
SETAR,2566,0.027177434410855888
SETAR,2567,0.008379535059239872
SETAR,2568,-0.04587485068143346
SETAR,2569,-0.019505604106370422
SETAR,2570,-0.04191206805858799
SETAR,2571,0.05959908660628671
SETAR,2572,0.146319061338741
SETAR,2573,-0.004665190763698951
SETAR,2574,-0.006357453999729694
SETAR,2575,0.0029398492614729
SETAR,2576,0.09079918188102597
SETAR,2577,-0.024980213176103785
SETAR,2578,-0.00022260997650912608
SETAR,2579,-0.0996574713073875
SETAR,2580,0.08262490176932359
SETAR,2581,-0.018339976804489653
SETAR,2582,0.020410673014272736
SETAR,2583,-0.03153038357407294
SETAR,2584,-0.051092924131317136
SETAR,2585,0.027949911542239973
SETAR,2586,0.007587667480013015
SETAR,2587,-0.006520392438061124
SETAR,2588,-0.01626322122839221
SETAR,2589,-0.062221960389501375
SETAR,2590,0.004752091931151757
SETAR,2591,0.04183662409674107
SETAR,2592,-0.06196715563987434
SETAR,2593,-0.12164592579348175
SETAR,2594,-0.08553275077339373
SETAR,2595,0.04969784735198042
SETAR,2596,0.09351056372726531
SETAR,2597,-0.04026476412588455
SETAR,2598,-0.04534214022068164
SETAR,2599,-0.05910112885761923
SETAR,2600,0.10222247282740143
SETAR,2601,-0.03927279130900431
SETAR,2602,-0.030429809845915604
SETAR,2603,-0.1818270841787939
SETAR,2604,0.03951176780034693
SETAR,2605,-0.027659061816356675
SETAR,2606,-0.0705872848427323
SETAR,2607,0.13945784486876858
