p,d,threshold,train_rss,train_bic,n_low,n_high
1,1,-0.0689261554181829,41.43047731911643,-9372.63196004311,351,1985
1,1,-0.06413957623169092,41.430514366336105,-9372.629871187946,374,1962
1,1,-0.059684062674668144,41.42993957218613,-9372.662280354696,397,1939
1,1,-0.05192684528887043,41.43520722982949,-9372.365285810032,421,1915
1,1,-0.04722617757495875,41.43572440328614,-9372.336129212637,444,1892
1,1,-0.0439850457938093,41.43581734796936,-9372.330889325085,468,1868
1,1,-0.0428449021121456,41.43785545289959,-9372.215991240877,492,1844
1,1,-0.0406578476510596,41.428487844306005,-9372.744136514271,514,1822
1,1,-0.03931023701998061,41.42681375583064,-9372.838534111128,538,1798
1,1,-0.035197637436770984,41.41681678127327,-9373.40231753124,561,1775
1,1,-0.03409297020331348,41.40346747630163,-9374.15536920121,584,1752
1,1,-0.030046529666759633,41.40974805026798,-9373.801043609088,608,1728
1,1,-0.025085737876994377,41.41172818227533,-9373.689343393626,631,1705
1,1,-0.0219997800909298,41.40006835062446,-9374.347157088214,655,1681
1,1,-0.021703037555578772,41.41550415795238,-9373.476353560729,678,1658
1,1,-0.02151463028032035,41.41824245819615,-9373.321907585916,701,1635
1,1,-0.020655960783661675,41.41496853945101,-9373.506564780791,724,1612
1,1,-0.0176188169420241,41.42105681219451,-9373.163182657034,750,1586
1,1,-0.017244203961644448,41.41683411314795,-9373.40133997541,771,1565
1,1,-0.0131773139576841,41.41813682952768,-9373.327865078787,794,1542
1,1,-0.012876798731683,41.419253785451374,-9373.264869153432,818,1518
1,1,-0.00878626535234478,41.417971156567496,-9373.337209120762,841,1495
1,1,-0.0086218045490367,41.42067467640715,-9373.18473385311,865,1471
1,1,-0.00853151336384134,41.42058198845503,-9373.18996117739,888,1448
1,1,-0.004369731864362235,41.42435237795743,-9372.97733188506,911,1425
1,1,-0.004313226509762,41.423306008332354,-9373.036339453696,935,1401
1,1,-0.004288858027725029,41.42334759145365,-9373.03399444235,958,1378
1,1,0.0,41.41278606176703,-9373.629670082762,1296,1040
1,1,0.0043103634093368,41.41671330465323,-9373.40815384859,1308,1028
1,1,0.00433558281022465,41.41895584868551,-9373.281672517198,1331,1005
1,1,0.00448780664722921,41.41966819560122,-9373.241496997278,1355,981
1,1,0.008602068990948232,41.42073289319109,-9373.181450605967,1378,958
1,1,0.0086281277016377,41.423290764353084,-9373.037199113283,1402,934
1,1,0.008802043631283835,41.423220254883546,-9373.041175385037,1425,911
1,1,0.01292540751161461,41.42422842804197,-9372.984321672928,1448,888
1,1,0.01314236040042431,41.42386628650496,-9373.004743690679,1472,864
1,1,0.017237070154653943,41.420893267570115,-9373.172406009266,1495,841
1,1,0.01753354883888815,41.421064275973755,-9373.162761726519,1518,818
1,1,0.02024172205259486,41.42353223112241,-9373.02358202206,1542,794
1,1,0.021326281763822178,41.42278661905986,-9373.06562975097,1565,771
1,1,0.0215773007633987,41.42348121532819,-9373.026458960898,1590,746
1,1,0.022000506236166305,41.42346779181571,-9373.027215954982,1612,724
1,1,0.025537356329065657,41.423639919212086,-9373.01750916837,1635,701
1,1,0.026985541536296745,41.42340242592789,-9373.03090214647,1658,678
1,1,0.03143874701198117,41.423581309335525,-9373.020814352773,1682,654
1,1,0.03510096190229195,41.42299391880225,-9373.053939301679,1705,631
1,1,0.038822223465950954,41.419932769783905,-9373.226575503608,1728,608
1,1,0.040269809480563926,41.418208045288225,-9373.323848483973,1752,584
1,1,0.042627565486570464,41.42237103220724,-9373.08906650733,1775,561
1,1,0.04335479502237924,41.42500699900707,-9372.940416819367,1798,538
1,1,0.044846276919315926,41.42354957466772,-9373.022603966563,1822,514
1,1,0.05546410133981774,41.417805509041244,-9373.346551765615,1845,491
1,1,0.0594177082246304,41.40864788119727,-9373.863106992963,1869,467
1,1,0.06296522223903828,41.415471566304824,-9373.478191860666,1892,444
1,1,0.0656915156803352,41.41984331328111,-9373.231620673945,1915,421
1,1,0.07286015555038554,41.41462251445593,-9373.526082307757,1939,397
1,1,0.08060401095456499,41.40450044946636,-9374.097089173976,1962,374
1,1,0.08476373761676607,41.418276092723644,-9373.320010590302,1985,351
1,2,-0.06893877686577154,41.3926051725231,-9374.768305079942,351,1985
1,2,-0.06420825320744777,41.34137656937733,-9377.66119213126,374,1962
1,2,-0.05975843291913529,41.36186406717973,-9376.503830086507,397,1939
1,2,-0.05200298562886868,41.3635285840039,-9376.409824819752,421,1915
1,2,-0.047309796000743566,41.38584329144936,-9375.149944371726,444,1892
1,2,-0.044004401150122,41.39921388871458,-9374.395370622622,468,1868
1,2,-0.04288672667995667,41.383528435211744,-9375.280608748164,491,1845
1,2,-0.04078539017742972,41.39097140312549,-9374.860509004226,514,1822
1,2,-0.039367112886089864,41.394380258476055,-9374.668129895033,538,1798
1,2,-0.035222746079710085,41.373708538395476,-9375.834983928135,561,1775
1,2,-0.034133018871387776,41.37804934511417,-9375.589910596434,584,1752
1,2,-0.03006834288703949,41.36412597083461,-9376.376087718318,608,1728
1,2,-0.025860510273800506,41.37133049063272,-9375.96925468661,631,1705
1,2,-0.02200074828458146,41.38177752809919,-9375.379445306984,654,1682
1,2,-0.021715763646036442,41.38027349451296,-9375.464349497115,678,1658
1,2,-0.0215285316154064,41.39035605819537,-9374.895237748035,701,1635
1,2,-0.020807040948956426,41.38645528277485,-9375.115401130546,724,1612
1,2,-0.017881909431341526,41.38137939859972,-9375.401919812437,748,1588
1,2,-0.01724851717838095,41.39249997468541,-9374.774241948619,771,1565
1,2,-0.013178066481934,41.39858125121454,-9374.431068220549,794,1542
1,2,-0.01291783703113995,41.4050748973018,-9374.064679633462,818,1518
1,2,-0.00878726902660256,41.41114725353162,-9373.722113314694,841,1495
1,2,-0.00862213931861666,41.40761308486441,-9373.921484036444,864,1472
1,2,-0.0085320592176697,41.40591345256909,-9374.017370329626,889,1447
1,2,-0.00437199630644945,41.40306270384994,-9374.178206734558,911,1425
1,2,-0.0043145291776748,41.40066581486962,-9374.313445394935,935,1401
1,2,-0.004304175245417709,41.403763298485885,-9374.138678856274,958,1378
1,2,0.0,41.39631903313876,-9374.558722011016,1297,1039
1,2,0.0043102519349027,41.39929500295601,-9374.390793659328,1309,1027
1,2,0.004333901099792669,41.401513481265866,-9374.265616974995,1331,1005
1,2,0.00448523068569036,41.40043547704848,-9374.326442061449,1355,981
1,2,0.00858781927327537,41.40314728427137,-9374.173434631972,1378,958
1,2,0.0086273833199812,41.40655537532509,-9373.981155214213,1402,934
1,2,0.008792042944940579,41.40592782505351,-9374.016559476417,1425,911
1,2,0.012918956639400321,41.404818614556234,-9374.079138690666,1448,888
1,2,0.013077838290083122,41.39702774879857,-9374.518729430798,1472,864
1,2,0.01723573317226184,41.406637627670875,-9373.976514855043,1495,841
1,2,0.01745908449873965,41.406136766872095,-9374.004771626647,1518,818
1,2,0.020177579294613356,41.40949265927097,-9373.815450729073,1542,794
1,2,0.021316736941082954,41.410237458643635,-9373.773435346215,1565,771
1,2,0.0215773007633987,41.41099325562234,-9373.730800342435,1591,745
1,2,0.021987446477722872,41.41527761076429,-9373.489131762748,1612,724
1,2,0.025488577400688467,41.4204344170321,-9373.19828379,1635,701
1,2,0.026872446409827912,41.423257768689226,-9373.039059851531,1658,678
1,2,0.031415635286688746,41.42709407160851,-9372.822727550538,1682,654
1,2,0.03508525860373658,41.42804864879275,-9372.76890126458,1705,631
1,2,0.03878658750747258,41.431990703602544,-9372.546631516352,1728,608
1,2,0.040253599432049474,41.432127655262036,-9372.538909981797,1752,584
1,2,0.04260940213470584,41.409657962104276,-9373.806125653517,1775,561
1,2,0.0433369454236544,41.42832231933986,-9372.753469876734,1799,537
1,2,0.04447139332207207,41.42516481509651,-9372.931517419962,1822,514
1,2,0.05466316634515858,41.433500109446975,-9372.461530420143,1845,491
1,2,0.0593061201528196,41.41984358331325,-9373.23160544465,1869,467
1,2,0.06268997220335289,41.4221802574099,-9373.099825209492,1892,444
1,2,0.06564183785109448,41.41732587693041,-9373.37360358752,1915,421
1,2,0.07264882637533185,41.416341804012916,-9373.429107452068,1939,397
1,2,0.08055926712244181,41.45116174815571,-9371.46598823602,1962,374
1,2,0.08469194954092066,41.4351043675174,-9372.371084903976,1985,351
1,3,-0.06893877686577154,41.29368757320338,-9380.357420629067,351,1985
1,3,-0.06420825320744777,41.274050444112746,-9381.468564897328,374,1962
1,3,-0.05975843291913529,41.26273513339372,-9382.109068784663,397,1939
1,3,-0.05200298562886868,41.2870877319338,-9380.730806061247,421,1915
1,3,-0.047309796000743566,41.26776429037315,-9381.824371350369,444,1892
1,3,-0.044004401150122,41.27568310074926,-9381.376162760103,468,1868
1,3,-0.04288672667995667,41.295155387279536,-9380.274387290438,491,1845
1,3,-0.04078539017742972,41.29484763899339,-9380.291796176989,514,1822
1,3,-0.039367112886089864,41.328475056145734,-9378.390307632522,538,1798
1,3,-0.035222746079710085,41.32223723465751,-9378.742913208936,561,1775
1,3,-0.034133018871387776,41.32512718055092,-9378.579546508558,584,1752
1,3,-0.03006834288703949,41.30342004707175,-9379.80691566063,608,1728
1,3,-0.025860510273800506,41.3063676116913,-9379.640216020083,631,1705
1,3,-0.02200074828458146,41.276334553878776,-9381.33929401834,654,1682
1,3,-0.021715763646036442,41.29312403877472,-9380.389300208863,678,1658
1,3,-0.0215285316154064,41.29368730714148,-9380.357435680291,701,1635
1,3,-0.020807040948956426,41.3221463214994,-9378.748052654068,724,1612
1,3,-0.017881909431341526,41.325055251031,-9378.58361249737,748,1588
1,3,-0.01724851717838095,41.31603984424126,-9379.093286051915,771,1565
1,3,-0.013178066481934,41.327748985295514,-9378.431347530626,794,1542
1,3,-0.01291783703113995,41.32578925992944,-9378.542121214445,818,1518
1,3,-0.00878726902660256,41.334813880822786,-9378.032047160068,841,1495
1,3,-0.00862213931861666,41.332254278861036,-9378.176705252285,864,1472
1,3,-0.0085320592176697,41.33128898674735,-9378.231261887255,889,1447
1,3,-0.00437199630644945,41.325097375209175,-9378.581231326203,911,1425
1,3,-0.0043145291776748,41.34502590757514,-9377.45499489011,935,1401
1,3,-0.004304175245417709,41.34474421578081,-9377.470910571834,958,1378
1,3,0.0,41.33908625668947,-9377.790610140237,1297,1039
1,3,0.0043102519349027,41.325901566848785,-9378.535772912046,1309,1027
1,3,0.004333901099792669,41.33253286276406,-9378.160960410498,1331,1005
1,3,0.00448523068569036,41.33269778433885,-9378.15163951958,1355,981
1,3,0.00858781927327537,41.29905569807103,-9380.053763450196,1378,958
1,3,0.0086273833199812,41.290318326283376,-9380.54802801663,1402,934
1,3,0.008792042944940579,41.2865894847535,-9380.758996774133,1425,911
1,3,0.012918956639400321,41.268803511174276,-9381.765546035573,1448,888
1,3,0.013077838290083122,41.25315971077028,-9382.651223417803,1472,864
1,3,0.01723573317226184,41.25122217279449,-9382.760940953016,1495,841
1,3,0.01745908449873965,41.23289727873485,-9383.7988850691,1518,818
1,3,0.020177579294613356,41.22897732412071,-9384.020975920896,1542,794
1,3,0.021316736941082954,41.32164711829466,-9378.776273495288,1565,771
1,3,0.0215773007633987,41.31614414514182,-9379.08738890889,1591,745
1,3,0.021987446477722872,41.28498354091994,-9380.849863028903,1612,724
1,3,0.025488577400688467,41.296680140036706,-9380.188136090948,1635,701
1,3,0.026872446409827912,41.282592981251426,-9380.985130348656,1658,678
1,3,0.031415635286688746,41.27758316494831,-9381.268630976794,1682,654
1,3,0.03508525860373658,41.27558083434185,-9381.381950541327,1705,631
1,3,0.03878658750747258,41.29352587490685,-9380.366567982634,1728,608
1,3,0.040253599432049474,41.28737264626188,-9380.71468582583,1752,584
1,3,0.04260940213470584,41.292460914200305,-9380.426814237653,1775,561
1,3,0.0433369454236544,41.27127035992929,-9381.625915467699,1799,537
1,3,0.04447139332207207,41.236965377765785,-9383.568423200053,1822,514
1,3,0.05466316634515858,41.24417006137707,-9383.160326466925,1845,491
1,3,0.0593061201528196,41.25696465629585,-9382.435774639313,1869,467
1,3,0.06268997220335289,41.2214135277771,-9384.449573726817,1892,444
1,3,0.06564183785109448,41.217995761014706,-9384.643265147715,1915,421
1,3,0.07264882637533185,41.19190962992443,-9386.122145725796,1939,397
1,3,0.08060401095456499,41.1780402270227,-9386.908814299491,1962,374
1,3,0.08476373761676607,41.244619326839775,-9383.13488096994,1985,351
1,4,-0.06927811382090548,41.295446021639954,-9380.257946633646,351,1985
1,4,-0.06430733091887546,41.31437543612308,-9379.18739322423,374,1962
1,4,-0.06012159337212578,41.36035984439986,-9376.58878583958,397,1939
1,4,-0.0520205673756657,41.359754603212956,-9376.622969627215,421,1915
1,4,-0.04735443555451917,41.36926112520514,-9376.086102718402,444,1892
1,4,-0.0440140852175921,41.41234051640907,-9373.654802406714,468,1868
1,4,-0.04293320380619425,41.403736389821105,-9374.140197043424,491,1845
1,4,-0.04109831965165568,41.412638436205135,-9373.63799731597,514,1822
1,4,-0.039392179845257266,41.3878177622265,-9375.038499168564,538,1798
1,4,-0.03524477731331782,41.38156194767013,-9375.391614846916,561,1775
1,4,-0.03420594177108757,41.3852568926544,-9375.183043547211,584,1752
1,4,-0.030096267702268798,41.39068624116354,-9374.87660286758,608,1728
1,4,-0.025870209733436674,41.38068892142619,-9375.44089792669,631,1705
1,4,-0.0220046210591881,41.397954346171346,-9374.466442893423,655,1681
1,4,-0.0217178847633934,41.38364271369873,-9375.274158013124,679,1657
1,4,-0.0215424389372936,41.386594937857204,-9375.107518510018,701,1635
1,4,-0.020940873637460035,41.38767037328535,-9375.046818070072,724,1612
1,4,-0.0179521936408725,41.407758321243506,-9373.913290577288,748,1588
1,4,-0.017253129456230885,41.40060974011398,-9374.316609371053,771,1565
1,4,-0.01318038237467676,41.40029735833095,-9374.33423535779,794,1542
1,4,-0.012929780575515474,41.394703974082866,-9374.649861794487,818,1518
1,4,-0.0087877323313268,41.361593982199444,-9376.519083764939,842,1494
1,4,-0.008628518554191696,41.368034208561525,-9376.155384105186,864,1472
1,4,-0.00853256883339366,41.375347473934404,-9375.742449859374,888,1448
1,4,-0.004375899436058045,41.384529628028716,-9375.22409452093,911,1425
1,4,-0.0043145291776748,41.386708117658046,-9375.101130266345,936,1400
1,4,-0.0043093047168024645,41.38408606987571,-9375.249131833363,958,1378
1,4,0.0,41.4479804812667,-9371.645276929643,1298,1038
1,4,0.00431017762501662,41.44481734262034,-9371.823557602402,1308,1028
1,4,0.004332043201050243,41.441039720912244,-9372.036489570022,1331,1005
1,4,0.004428893836850806,41.436860875941704,-9372.272059771225,1355,981
1,4,0.008584999183583379,41.43105752316421,-9372.599246271679,1378,958
1,4,0.0086258949419545,41.42901055140236,-9372.714663170258,1402,934
1,4,0.00878736556623813,41.42601401314891,-9372.883630916027,1425,911
1,4,0.012903060616115571,41.430850557619664,-9372.610915602574,1448,888
1,4,0.01307013005470509,41.422571248759695,-9373.077775392783,1472,864
1,4,0.017195487882444085,41.419449419805495,-9373.25383561878,1495,841
1,4,0.0174040155950354,41.41904979189687,-9373.27637419211,1518,818
1,4,0.020177579294613356,41.405316262273864,-9374.0510622947,1542,794
1,4,0.021316736941082954,41.43535237264075,-9372.357103082446,1565,771
1,4,0.0215773007633987,41.43596778499417,-9372.32240825063,1591,745
1,4,0.021987446477722872,41.42979654763052,-9372.670344714481,1612,724
1,4,0.025488577400688467,41.43246023817637,-9372.520158577667,1635,701
1,4,0.026872446409827912,41.425447868847144,-9372.915555834645,1658,678
1,4,0.031415635286688746,41.41987921929084,-9373.229595644498,1682,654
1,4,0.03508525860373658,41.421953531187846,-9373.112611448676,1705,631
1,4,0.03878658750747258,41.412755431817075,-9373.631397848421,1728,608
1,4,0.040253599432049474,41.407810902134656,-9373.910324251927,1752,584
1,4,0.04260940213470584,41.372671110245946,-9375.893558869242,1775,561
1,4,0.0433369454236544,41.35642970341699,-9376.810767601519,1799,537
1,4,0.04447139332207207,41.369371850269474,-9376.079850409391,1822,514
1,4,0.05466316634515858,41.38620701559781,-9375.129414262645,1845,491
1,4,0.0593061201528196,41.38671051456023,-9375.100994977418,1869,467
1,4,0.06268997220335289,41.399857119142055,-9374.359075860848,1892,444
1,4,0.06564183785109448,41.40661047239762,-9373.978046849497,1915,421
1,4,0.07264882637533185,41.41373429858956,-9373.576182837183,1939,397
1,4,0.08060401095456499,41.41350989751756,-9373.588840529934,1962,374
1,4,0.08476373761676607,41.36954986116252,-9376.069798708511,1985,351
1,5,-0.06927811382090548,41.27819242646927,-9381.234151622619,351,1985
1,5,-0.06430733091887546,41.353054951746515,-9377.001396764294,374,1962
1,5,-0.06012159337212578,41.33699854313957,-9377.908586187736,397,1939
1,5,-0.0520205673756657,41.376696113492336,-9375.666308609658,421,1915
1,5,-0.04735443555451917,41.411738799113564,-9373.688744506982,444,1892
1,5,-0.0440140852175921,41.39537080584906,-9374.612231220772,468,1868
1,5,-0.04293320380619425,41.39226021127925,-9374.787773118258,491,1845
1,5,-0.04109831965165568,41.437213333411904,-9372.252190091636,514,1822
1,5,-0.039392179845257266,41.45706242223403,-9371.13347659901,538,1798
1,5,-0.03524477731331782,41.45542311325558,-9371.225849315844,561,1775
1,5,-0.03420594177108757,41.4513809633122,-9371.453634293937,584,1752
1,5,-0.030096267702268798,41.43705381119443,-9372.261183085791,608,1728
1,5,-0.025870209733436674,41.43815160811226,-9372.19929597282,631,1705
1,5,-0.0220046210591881,41.439363644989236,-9372.130970610116,655,1681
1,5,-0.0217178847633934,41.42432003207982,-9372.979155932879,679,1657
1,5,-0.0215424389372936,41.417052489293965,-9373.389023115775,701,1635
1,5,-0.020940873637460035,41.431770629624744,-9372.559039662057,724,1612
1,5,-0.017881909431341526,41.41852911614009,-9373.305740056827,748,1588
1,5,-0.01724851717838095,41.41799072686739,-9373.336105343622,771,1565
1,5,-0.013178066481934,41.43087105229067,-9372.609760049672,794,1542
1,5,-0.01291783703113995,41.42248199480532,-9373.082808819143,818,1518
1,5,-0.00878726902660256,41.42373257874681,-9373.012283832513,841,1495
1,5,-0.00862213931861666,41.42724563201567,-9372.814181344933,864,1472
1,5,-0.0085320592176697,41.428043121565,-9372.769212927942,889,1447
1,5,-0.00437199630644945,41.42929544148054,-9372.698599524867,911,1425
1,5,-0.0043145291776748,41.431254188968154,-9372.5881577247,935,1401
1,5,-0.004304175245417709,41.43379423038463,-9372.444948087732,958,1378
1,5,0.0,41.436438260555526,-9372.295884804194,1297,1039
1,5,0.0043102519349027,41.430689011810735,-9372.62002407465,1309,1027
1,5,0.004333901099792669,41.429532921202835,-9372.6852092165,1331,1005
1,5,0.00448523068569036,41.4286425038724,-9372.735415846644,1355,981
1,5,0.00858781927327537,41.42557475238489,-9372.908400824728,1378,958
1,5,0.0086273833199812,41.42483572879458,-9372.950074947934,1402,934
1,5,0.008792042944940579,41.425566243032264,-9372.908880669604,1425,911
1,5,0.012918956639400321,41.42391768374579,-9373.00184526784,1448,888
1,5,0.013077838290083122,41.41973622105922,-9373.237660478391,1472,864
1,5,0.01723573317226184,41.39452082359785,-9374.660197427753,1495,841
1,5,0.01745908449873965,41.394019490300785,-9374.688489135218,1518,818
1,5,0.02024172205259486,41.36440967917859,-9376.360065612127,1542,794
1,5,0.021326281763822178,41.39706030794671,-9374.51689214575,1565,771
1,5,0.0215773007633987,41.40240218410835,-9374.21547418106,1590,746
1,5,0.022000506236166305,41.394759581078375,-9374.646723763728,1612,724
1,5,0.025537356329065657,41.40528424619261,-9374.0528685747,1635,701
1,5,0.026985541536296745,41.401486386181034,-9374.26714576304,1658,678
1,5,0.03143874701198117,41.40011344326999,-9374.34461273583,1682,654
1,5,0.03510096190229195,41.39629603575108,-9374.56001975714,1705,631
1,5,0.038822223465950954,41.400885829822556,-9374.30103125728,1728,608
1,5,0.040269809480563926,41.4137613705365,-9373.574655806393,1752,584
1,5,0.042627565486570464,41.382684277244394,-9375.328259907912,1775,561
1,5,0.04335479502237924,41.38426399851229,-9375.239088349479,1798,538
1,5,0.04466784572762015,41.39488541572095,-9374.639622640756,1822,514
1,5,0.05466316634515858,41.32242160198808,-9378.732490706376,1845,491
1,5,0.0593061201528196,41.284213329686025,-9380.893443771134,1869,467
1,5,0.06268997220335289,41.18564428931661,-9386.47748125087,1892,444
1,5,0.06564183785109448,41.21340025121463,-9384.903726850982,1915,421
1,5,0.07264882637533185,41.18644983435901,-9386.431792155816,1939,397
1,5,0.08060401095456499,41.14537142720255,-9388.762826878716,1962,374
1,5,0.08476373761676607,41.15662065162063,-9388.124247234638,1985,351
2,1,-0.0689261554181829,41.39950685670781,-9358.86644892492,351,1985
2,1,-0.06413957623169092,41.406947002306154,-9358.446670529529,374,1962
2,1,-0.059684062674668144,41.40982306628087,-9358.284421133856,397,1939
2,1,-0.05192684528887043,41.418319659165164,-9357.805162746688,421,1915
2,1,-0.04722617757495875,41.41992186880245,-9357.714799608984,444,1892
2,1,-0.0439850457938093,41.419290506790716,-9357.75040742362,468,1868
2,1,-0.0428449021121456,41.423023174288566,-9357.539898786346,492,1844
2,1,-0.0406578476510596,41.39413719735896,-9359.169455862224,514,1822
2,1,-0.03931023701998061,41.38210086552492,-9359.848802303195,538,1798
2,1,-0.035197637436770984,41.36601702936159,-9360.75690372487,561,1775
2,1,-0.03409297020331348,41.35185834150824,-9361.556602580775,584,1752
2,1,-0.030046529666759633,41.35991145453052,-9361.10171998968,608,1728
2,1,-0.025085737876994377,41.3599056433901,-9361.102048201816,631,1705
2,1,-0.0219997800909298,41.353525936528435,-9361.462400685657,655,1681
2,1,-0.021703037555578772,41.37486665343705,-9360.257205848828,678,1658
2,1,-0.02151463028032035,41.37765786728863,-9360.099620914772,701,1635
2,1,-0.020655960783661675,41.36937354083277,-9360.567364260636,724,1612
2,1,-0.0176188169420241,41.39721208420252,-9358.995936871841,750,1586
2,1,-0.017244203961644448,41.39255853745069,-9359.258546253222,771,1565
2,1,-0.0131773139576841,41.392031156777065,-9359.288309310768,794,1542
2,1,-0.012876798731683,41.39323485053292,-9359.220378657175,818,1518
2,1,-0.00878626535234478,41.393682137073554,-9359.19513647165,841,1495
2,1,-0.0086218045490367,41.396216977957025,-9359.052090318219,865,1471
2,1,-0.00853151336384134,41.3950694217113,-9359.116848132882,888,1448
2,1,-0.004369731864362235,41.39659097257965,-9359.030985793319,911,1425
2,1,-0.004313226509762,41.39505796048023,-9359.117494911348,935,1401
2,1,-0.004288858027725029,41.394810789185996,-9359.131443288174,958,1378
2,1,0.0,41.375204258009674,-9360.23814497618,1296,1040
2,1,0.0043103634093368,41.38029448268662,-9359.950773984732,1308,1028
2,1,0.00433558281022465,41.38345231892761,-9359.772514644199,1331,1005
2,1,0.00448780664722921,41.384273575642496,-9359.726157065437,1355,981
2,1,0.008602068990948232,41.38649538955958,-9359.60074667294,1378,958
2,1,0.0086281277016377,41.38956726351337,-9359.427365689857,1402,934
2,1,0.008802043631283835,41.38955913073963,-9359.427824698312,1425,911
2,1,0.01292540751161461,41.39462010996371,-9359.142203759851,1448,888
2,1,0.01314236040042431,41.39451275056415,-9359.148262322098,1472,864
2,1,0.017237070154653943,41.39145032088102,-9359.321089585987,1495,841
2,1,0.01753354883888815,41.39108091348006,-9359.341937841671,1518,818
2,1,0.02024172205259486,41.39935874566532,-9358.87480622288,1542,794
2,1,0.021326281763822178,41.39643598305504,-9359.039731832516,1565,771
2,1,0.0215773007633987,41.39508370000123,-9359.116042382826,1590,746
2,1,0.022000506236166305,41.39582581225007,-9359.074164011792,1612,724
2,1,0.025537356329065657,41.39572155816191,-9359.080047161888,1635,701
2,1,0.026985541536296745,41.39462281436083,-9359.142051144092,1658,678
2,1,0.03143874701198117,41.39683308793013,-9359.017323320359,1682,654
2,1,0.03510096190229195,41.39703431204157,-9359.005968384565,1705,631
2,1,0.038822223465950954,41.39743873204435,-9358.983147413748,1728,608
2,1,0.040269809480563926,41.399317843289566,-9358.87711418126,1752,584
2,1,0.042627565486570464,41.38687851427204,-9359.579121860854,1775,561
2,1,0.04335479502237924,41.39934071860377,-9358.875823417982,1798,538
2,1,0.044846276919315926,41.40585998399451,-9358.507996183582,1822,514
2,1,0.05546410133981774,41.401900886040266,-9358.731367827277,1845,491
2,1,0.0594177082246304,41.39095287894305,-9359.349163773792,1869,467
2,1,0.06296522223903828,41.39967161816974,-9358.857152147293,1892,444
2,1,0.0656915156803352,41.4045072269767,-9358.58431610584,1915,421
2,1,0.07286015555038554,41.400323956030675,-9358.820343902735,1939,397
2,1,0.08060401095456499,41.39068525543009,-9359.364267812327,1962,374
2,1,0.08476373761676607,41.40374106296651,-9358.627542696544,1985,351
2,2,-0.06893877686577154,41.38356335252396,-9359.766247063351,351,1985
2,2,-0.06420825320744777,41.319416025214586,-9363.39001461737,374,1962
2,2,-0.05975843291913529,41.3509898798859,-9361.60566319703,397,1939
2,2,-0.05200298562886868,41.354393949810124,-9361.413368403648,421,1915
2,2,-0.047309796000743566,41.383004564999,-9359.797789452778,444,1892
2,2,-0.044004401150122,41.39838515335536,-9358.929742783444,468,1868
2,2,-0.04288672667995667,41.38093849928968,-9359.914418248343,491,1845
2,2,-0.04078539017742972,41.390648581023854,-9359.366337636744,514,1822
2,2,-0.039367112886089864,41.39416871330471,-9359.167677319992,538,1798
2,2,-0.035222746079710085,41.37287000714123,-9360.369938013748,561,1775
2,2,-0.034133018871387776,41.377251632744766,-9360.122555237345,584,1752
2,2,-0.03006834288703949,41.36239343942985,-9360.961542156529,608,1728
2,2,-0.025860510273800506,41.36813258212951,-9360.637438394288,631,1705
2,2,-0.02200074828458146,41.37725798151484,-9360.12219681031,654,1682
2,2,-0.021715763646036442,41.37561052736264,-9360.215207553487,678,1658
2,2,-0.0215285316154064,41.38291238059427,-9359.802993110936,701,1635
2,2,-0.020807040948956426,41.379220536148885,-9360.011401191448,724,1612
2,2,-0.017881909431341526,41.37822309400528,-9360.067710926147,748,1588
2,2,-0.01724851717838095,41.38838621005502,-9359.49402452263,771,1565
2,2,-0.013178066481934,41.39418417418521,-9359.16680481521,794,1542
2,2,-0.01291783703113995,41.39895486643958,-9358.897595621122,818,1518
2,2,-0.00878726902660256,41.40331429854734,-9358.651620878743,841,1495
2,2,-0.00862213931861666,41.39802657623427,-9358.949976417667,864,1472
2,2,-0.0085320592176697,41.39738874989424,-9358.985967838797,889,1447
2,2,-0.00437199630644945,41.39339686628213,-9359.21123542276,911,1425
2,2,-0.0043145291776748,41.391951051958145,-9359.292830109407,935,1401
2,2,-0.004304175245417709,41.3939879110859,-9359.177880566454,958,1378
2,2,0.0,41.38009785305486,-9359.961874145254,1297,1039
2,2,0.0043102519349027,41.383575548028006,-9359.765558657355,1309,1027
2,2,0.004333901099792669,41.38624512023015,-9359.614872800697,1331,1005
2,2,0.00448523068569036,41.38544357147431,-9359.660115755703,1355,981
2,2,0.00858781927327537,41.382888084666945,-9359.804364578038,1378,958
2,2,0.0086273833199812,41.3873840773455,-9359.550586533502,1402,934
2,2,0.008792042944940579,41.38756672663436,-9359.540277406535,1425,911
2,2,0.012918956639400321,41.38321166167992,-9359.78609922774,1448,888
2,2,0.013077838290083122,41.37483702450369,-9360.258878681123,1472,864
2,2,0.01723573317226184,41.37880295344189,-9360.034975297316,1495,841
2,2,0.01745908449873965,41.37656158181398,-9360.161513175639,1518,818
2,2,0.020177579294613356,41.38207238793939,-9359.850409849969,1542,794
2,2,0.021316736941082954,41.384155698688716,-9359.732810823796,1565,771
2,2,0.0215773007633987,41.385708091003764,-9359.64518500729,1591,745
2,2,0.021987446477722872,41.388888083178315,-9359.465698496528,1612,724
2,2,0.025488577400688467,41.397431532469895,-9358.983553675775,1635,701
2,2,0.026872446409827912,41.40081787682411,-9358.792474746637,1658,678
2,2,0.031415635286688746,41.40228966880716,-9358.709431822896,1682,654
2,2,0.03508525860373658,41.398579829746126,-9358.91875774193,1705,631
2,2,0.03878658750747258,41.402500900539295,-9358.697513736444,1728,608
2,2,0.040253599432049474,41.40152722436902,-9358.75245085932,1752,584
2,2,0.04260940213470584,41.381315160672145,-9359.893155391172,1775,561
2,2,0.0433369454236544,41.39535210130214,-9359.10089605746,1799,537
2,2,0.04447139332207207,41.384154548753514,-9359.732875733871,1822,514
2,2,0.05466316634515858,41.39156859299587,-9359.314414698702,1845,491
2,2,0.0593061201528196,41.375970122695975,-9360.194905471228,1869,467
2,2,0.06268997220335289,41.37404414972542,-9360.30364437356,1892,444
2,2,0.06564183785109448,41.375691259946336,-9360.210649526929,1915,421
2,2,0.07264882637533185,41.36272774995338,-9360.94266157052,1939,397
2,2,0.08055926712244181,41.41192180741736,-9358.166030503391,1962,374
2,2,0.08469194954092066,41.421755368155566,-9357.61139623444,1985,351
2,3,-0.06893877686577154,41.272528291387076,-9366.04232553931,351,1985
2,3,-0.06420825320744777,41.253701012397315,-9367.108181203726,374,1962
2,3,-0.05975843291913529,41.2368149129355,-9368.06455609001,397,1939
2,3,-0.05200298562886868,41.2589158462163,-9366.812908740407,421,1915
2,3,-0.047309796000743566,41.24091976546293,-9367.83203429369,444,1892
2,3,-0.044004401150122,41.25059625070661,-9367.28399564136,468,1868
2,3,-0.04288672667995667,41.26859406767189,-9366.26501082255,491,1845
2,3,-0.04078539017742972,41.27324441251139,-9366.00179387084,514,1822
2,3,-0.039367112886089864,41.309597331261166,-9363.945182064042,538,1798
2,3,-0.035222746079710085,41.302087795283924,-9364.369874432059,561,1775
2,3,-0.034133018871387776,41.30641969037977,-9364.124880126725,584,1752
2,3,-0.03006834288703949,41.27882618629931,-9365.685895711198,608,1728
2,3,-0.025860510273800506,41.282755118707634,-9365.463565034685,631,1705
2,3,-0.02200074828458146,41.2523483489926,-9367.184777325783,654,1682
2,3,-0.021715763646036442,41.26357284568949,-9366.549253318635,678,1658
2,3,-0.0215285316154064,41.26527763524606,-9366.452744318898,701,1635
2,3,-0.020807040948956426,41.30312551760859,-9364.311182752606,724,1612
2,3,-0.017881909431341526,41.300852043534064,-9364.439768217766,748,1588
2,3,-0.01724851717838095,41.29261109796411,-9364.905927358768,771,1565
2,3,-0.013178066481934,41.3054732088047,-9364.178407067744,794,1542
2,3,-0.01291783703113995,41.30359725598717,-9364.284502578996,818,1518
2,3,-0.00878726902660256,41.31461349816145,-9363.66154205645,841,1495
2,3,-0.00862213931861666,41.312316927887125,-9363.791397737512,864,1472
2,3,-0.0085320592176697,41.31111015015067,-9363.85963583637,889,1447
2,3,-0.00437199630644945,41.30622264652392,-9364.136023565166,911,1425
2,3,-0.0043145291776748,41.3270354429433,-9362.959289291635,935,1401
2,3,-0.004304175245417709,41.326826893339515,-9362.971077533846,958,1378
2,3,0.0,41.320080484766876,-9363.352449589029,1297,1039
2,3,0.0043102519349027,41.30661754486154,-9364.113690898368,1309,1027
2,3,0.004333901099792669,41.313225328185915,-9363.740032916414,1331,1005
2,3,0.00448523068569036,41.31327689768434,-9363.737116991255,1355,981
2,3,0.00858781927327537,41.27827101201198,-9365.717313655368,1378,958
2,3,0.0086273833199812,41.26885116376653,-9366.250457998061,1402,934
2,3,0.008792042944940579,41.26492102996657,-9366.472931594495,1425,911
2,3,0.012918956639400321,41.24630651366143,-9367.526933870817,1448,888
2,3,0.013077838290083122,41.22739681512135,-9368.598137291563,1472,864
2,3,0.01723573317226184,41.230059766603624,-9368.447255735848,1495,841
2,3,0.01745908449873965,41.21096598340034,-9369.529315983269,1518,818
2,3,0.020177579294613356,41.207909319459965,-9369.702586170268,1542,794
2,3,0.021316736941082954,41.30081342445863,-9364.441952535957,1565,771
2,3,0.0215773007633987,41.29476678648301,-9364.783979223103,1591,745
2,3,0.021987446477722872,41.26264025966758,-9366.602049172589,1612,724
2,3,0.025488577400688467,41.27445937461441,-9365.933029959973,1635,701
2,3,0.026872446409827912,41.25975076506269,-9366.76563772876,1658,678
2,3,0.031415635286688746,41.25420136544565,-9367.079848772837,1682,654
2,3,0.03508525860373658,41.25227175795324,-9367.189114456669,1705,631
2,3,0.03878658750747258,41.2701329209705,-9366.177905982506,1728,608
2,3,0.040253599432049474,41.263699246661474,-9366.542097558773,1752,584
2,3,0.04260940213470584,41.26846921702824,-9366.272077977399,1775,561
2,3,0.0433369454236544,41.24465608453999,-9367.620408411707,1799,537
2,3,0.04447139332207207,41.20653197856432,-9369.780666377615,1822,514
2,3,0.05466316634515858,41.216477176813484,-9369.216940702932,1845,491
2,3,0.0593061201528196,41.23017762504577,-9368.440578158154,1869,467
2,3,0.06268997220335289,41.19309405602921,-9370.542587003496,1892,444
2,3,0.06564183785109448,41.1841633167013,-9371.049091051267,1915,421
2,3,0.07264882637533185,41.15357024932734,-9372.785000107275,1939,397
2,3,0.08060401095456499,41.14385367072541,-9373.336607354218,1962,374
2,3,0.08476373761676607,41.2101799611044,-9369.573871250303,1985,351
2,4,-0.06927811382090548,41.23194466245128,-9368.340464329758,351,1985
2,4,-0.06430733091887546,41.229082858822636,-9368.5026057311,374,1962
2,4,-0.06012159337212578,41.31724119045763,-9363.512972495013,397,1939
2,4,-0.0520205673756657,41.309714181778425,-9363.938574339933,421,1915
2,4,-0.04735443555451917,41.3326399649896,-9362.642516610018,444,1892
2,4,-0.0440140852175921,41.371809798678186,-9360.429800399477,468,1868
2,4,-0.04293320380619425,41.36573409735564,-9360.772881367238,491,1845
2,4,-0.04109831965165568,41.35260492051569,-9361.514428108138,514,1822
2,4,-0.039392179845257266,41.32934490710105,-9362.828751074232,538,1798
2,4,-0.03524477731331782,41.340091425297594,-9362.221419809806,561,1775
2,4,-0.03420594177108757,41.348982786835414,-9361.719050643618,584,1752
2,4,-0.030096267702268798,41.3447734325724,-9361.956869120284,608,1728
2,4,-0.025870209733436674,41.33424253733314,-9362.55194566113,631,1705
2,4,-0.0220046210591881,41.34796825110462,-9361.776367278333,655,1681
2,4,-0.0217178847633934,41.33327465570146,-9362.606646021524,679,1657
2,4,-0.0215424389372936,41.33915810575657,-9362.274159389817,701,1635
2,4,-0.020940873637460035,41.34658109150754,-9361.854737735512,724,1612
2,4,-0.0179521936408725,41.36347339167583,-9360.900551113622,748,1588
2,4,-0.017253129456230885,41.35728044151851,-9361.250323835076,771,1565
2,4,-0.01318038237467676,41.35424520634418,-9361.42177054253,794,1542
2,4,-0.012929780575515474,41.347295925950554,-9361.81435135337,818,1518
2,4,-0.0087877323313268,41.30716842847366,-9364.082537160459,842,1494
2,4,-0.008628518554191696,41.31667094244505,-9363.54521347993,864,1472
2,4,-0.00853256883339366,41.321308302613915,-9363.28303685207,888,1448
2,4,-0.004375899436058045,41.34315453396883,-9362.048339477118,911,1425
2,4,-0.0043145291776748,41.347175906254364,-9361.821132121277,936,1400
2,4,-0.0043093047168024645,41.34438775806333,-9361.978660021057,958,1378
2,4,0.0,41.433246347653835,-9356.963446738955,1298,1038
2,4,0.00431017762501662,41.430287870869,-9357.130251156304,1308,1028
2,4,0.004332043201050243,41.42642424516796,-9357.348107487158,1331,1005
2,4,0.004428893836850806,41.420194274355026,-9357.699436536106,1355,981
2,4,0.008584999183583379,41.4152842734526,-9357.97636527057,1378,958
2,4,0.0086258949419545,41.41335382953427,-9358.08525314069,1402,934
2,4,0.00878736556623813,41.410577776795535,-9358.24184699163,1425,911
2,4,0.012903060616115571,41.41525685958246,-9357.977911531158,1448,888
2,4,0.01307013005470509,41.40677787781292,-9358.456211817927,1472,864
2,4,0.017195487882444085,41.402608623430964,-9358.691435834335,1495,841
2,4,0.0174040155950354,41.40236330042967,-9358.70527738316,1518,818
2,4,0.020177579294613356,41.38530993657574,-9359.667658785334,1542,794
2,4,0.021316736941082954,41.41337533842096,-9358.084039890819,1565,771
2,4,0.0215773007633987,41.41384462587289,-9358.057568991802,1591,745
2,4,0.021987446477722872,41.40815478059612,-9358.378533920992,1612,724
2,4,0.025488577400688467,41.41145851006604,-9358.192164732844,1635,701
2,4,0.026872446409827912,41.40492590677114,-9358.560694738979,1658,678
2,4,0.031415635286688746,41.3986488660583,-9358.914862229296,1682,654
2,4,0.03508525860373658,41.40189200800639,-9358.731868748466,1705,631
2,4,0.03878658750747258,41.39409364247805,-9359.17191380101,1728,608
2,4,0.040253599432049474,41.39005123063416,-9359.400051063027,1752,584
2,4,0.04260940213470584,41.35539430591058,-9361.356861624945,1775,561
2,4,0.0433369454236544,41.33843976066188,-9362.314752106215,1799,537
2,4,0.04447139332207207,41.35038392143028,-9361.639895251163,1822,514
2,4,0.05466316634515858,41.37019234587845,-9360.521129341072,1845,491
2,4,0.0593061201528196,41.37059223690278,-9360.498549293336,1869,467
2,4,0.06268997220335289,41.38029282133796,-9359.950867771176,1892,444
2,4,0.06564183785109448,41.38370028753298,-9359.758517432892,1915,421
2,4,0.07264882637533185,41.3918245322845,-9359.299970396392,1939,397
2,4,0.08060401095456499,41.39153182933921,-9359.316489515939,1962,374
2,4,0.08476373761676607,41.35219159914688,-9361.537776662468,1985,351
2,5,-0.06927811382090548,41.26753062575699,-9366.325207501824,351,1985
2,5,-0.06430733091887546,41.32247743516519,-9363.216943712323,374,1962
2,5,-0.06012159337212578,41.28789228705043,-9365.172894544838,397,1939
2,5,-0.0520205673756657,41.33734196360473,-9362.376788506044,421,1915
2,5,-0.04735443555451917,41.3730467991574,-9360.359955982833,444,1892
2,5,-0.0440140852175921,41.36871308800799,-9360.604658277492,468,1868
2,5,-0.04293320380619425,41.361560198709796,-9361.008601085328,491,1845
2,5,-0.04109831965165568,41.409472856392426,-9358.304177165111,514,1822
2,5,-0.039392179845257266,41.43988518446716,-9356.589180133065,538,1798
2,5,-0.03524477731331782,41.43560514015601,-9356.830462169057,561,1775
2,5,-0.03420594177108757,41.43171566600098,-9357.049747927169,584,1752
2,5,-0.030096267702268798,41.41122122906783,-9358.205549675558,608,1728
2,5,-0.025870209733436674,41.41124959286127,-9358.203949679306,631,1705
2,5,-0.0220046210591881,41.40714715683286,-9358.435378708273,655,1681
2,5,-0.0217178847633934,41.3911786506806,-9359.336421826485,679,1657
2,5,-0.0215424389372936,41.383191858649354,-9359.787217069701,701,1635
2,5,-0.020940873637460035,41.410038086216886,-9358.272291517516,724,1612
2,5,-0.017881909431341526,41.39965263085094,-9358.858223517793,748,1588
2,5,-0.01724851717838095,41.39920524546191,-9358.883467640613,771,1565
2,5,-0.013178066481934,41.41040548758093,-9358.25156596838,794,1542
2,5,-0.01291783703113995,41.40137181524622,-9358.76121953083,818,1518
2,5,-0.00878726902660256,41.39921126204557,-9358.88312814766,841,1495
2,5,-0.00862213931861666,41.40212561961443,-9358.718687824832,864,1472
2,5,-0.0085320592176697,41.40375309463181,-9358.626863869817,889,1447
2,5,-0.00437199630644945,41.4063374926102,-9358.481056670798,911,1425
2,5,-0.0043145291776748,41.41256167945434,-9358.12993631927,935,1401
2,5,-0.004304175245417709,41.41533667519171,-9357.973409589176,958,1378
2,5,0.0,41.40497242064477,-9358.558070501756,1297,1039
2,5,0.0043102519349027,41.40112069763947,-9358.775388445594,1309,1027
2,5,0.004333901099792669,41.39891542724866,-9358.899821039473,1331,1005
2,5,0.00448523068569036,41.398399460293035,-9358.92893548141,1355,981
2,5,0.00858781927327537,41.39391064835566,-9359.182240762593,1378,958
2,5,0.0086273833199812,41.39255612707473,-9359.258682283431,1402,934
2,5,0.008792042944940579,41.391950448913164,-9359.29286414291,1425,911
2,5,0.012918956639400321,41.39120851505173,-9359.334736367215,1448,888
2,5,0.013077838290083122,41.38849976398484,-9359.487615439297,1472,864
2,5,0.01723573317226184,41.37228495419916,-9360.402971577425,1495,841
2,5,0.01745908449873965,41.371904329052306,-9360.424462883357,1518,818
2,5,0.02024172205259486,41.34514202674349,-9361.936043461461,1542,794
2,5,0.021326281763822178,41.380376736067774,-9359.94613062224,1565,771
2,5,0.0215773007633987,41.38551804935137,-9359.65591185817,1590,746
2,5,0.022000506236166305,41.37858611358497,-9360.047216812218,1612,724
2,5,0.025537356329065657,41.38908531197534,-9359.454566876582,1635,701
2,5,0.026985541536296745,41.384839814232805,-9359.694195061913,1658,678
2,5,0.03143874701198117,41.38331478012423,-9359.780278403881,1682,654
2,5,0.03510096190229195,41.37909173981257,-9360.01867220105,1705,631
2,5,0.038822223465950954,41.383884327484154,-9359.748128889409,1728,608
2,5,0.040269809480563926,41.39587650484312,-9359.071303389435,1752,584
2,5,0.042627565486570464,41.314006771410845,-9363.695847692556,1775,561
2,5,0.04335479502237924,41.32168288993431,-9363.261860561914,1798,538
2,5,0.04466784572762015,41.35119071561344,-9361.594317613246,1822,514
2,5,0.05466316634515858,41.285353184952605,-9365.31655711904,1845,491
2,5,0.0593061201528196,41.23559758915216,-9368.133516564716,1869,467
2,5,0.06268997220335289,41.13904817446862,-9373.609462079,1892,444
2,5,0.06564183785109448,41.17188012661136,-9371.7459077283,1915,421
2,5,0.07264882637533185,41.15055168609585,-9372.956349088252,1939,397
2,5,0.08060401095456499,41.11615866212848,-9374.909559769183,1962,374
2,5,0.08476373761676607,41.09906013060497,-9375.881208833705,1985,351
3,1,-0.0689261554181829,40.45009417732772,-9397.54925203336,351,1985
3,1,-0.06413957623169092,40.45674615788024,-9397.16513057858,374,1962
3,1,-0.059684062674668144,40.46113353428538,-9396.911814220526,397,1939
3,1,-0.05192684528887043,40.478689034609225,-9395.89847744518,421,1915
3,1,-0.04722617757495875,40.48821326891323,-9395.348904451677,444,1892
3,1,-0.0439850457938093,40.508845971305774,-9394.158787321903,468,1868
3,1,-0.0428449021121456,40.501376292110535,-9394.589576675691,492,1844
3,1,-0.0406578476510596,40.485569872763,-9395.501422295589,514,1822
3,1,-0.03931023701998061,40.46543632422411,-9396.66340835521,538,1798
3,1,-0.035197637436770984,40.457509032813995,-9397.121082077085,561,1775
3,1,-0.03409297020331348,40.4521202815497,-9397.432247091154,584,1752
3,1,-0.030046529666759633,40.45709683250262,-9397.14488247547,608,1728
3,1,-0.025085737876994377,40.457673309698386,-9397.111596816327,631,1705
3,1,-0.0219997800909298,40.45662495811567,-9397.172128745782,655,1681
3,1,-0.021703037555578772,40.4739490443822,-9396.172035353746,678,1658
3,1,-0.02151463028032035,40.47519856752159,-9396.099918817874,701,1635
3,1,-0.020655960783661675,40.47022616325463,-9396.38691555477,724,1612
3,1,-0.0176188169420241,40.50218762559129,-9394.542781820763,750,1586
3,1,-0.017244203961644448,40.502501064353496,-9394.524704028963,771,1565
3,1,-0.0131773139576841,40.507705553307304,-9394.224552067366,794,1542
3,1,-0.012876798731683,40.50814440302559,-9394.199244601172,818,1518
3,1,-0.00878626535234478,40.51270205608738,-9393.936431312277,841,1495
3,1,-0.0086218045490367,40.513760443070325,-9393.875404533714,865,1471
3,1,-0.00853151336384134,40.51254447344022,-9393.945517691633,888,1448
3,1,-0.004369731864362235,40.510547393805886,-9394.060674443104,911,1425
3,1,-0.004313226509762,40.509535796368866,-9394.119007920928,935,1401
3,1,-0.004288858027725029,40.5089863516545,-9394.150692104216,958,1378
3,1,0.0,40.49755111069757,-9394.810212283443,1296,1040
3,1,0.0043103634093368,40.50116237732504,-9394.601914682553,1308,1028
3,1,0.00433558281022465,40.503805049412264,-9394.44949731374,1331,1005
3,1,0.00448780664722921,40.50356217361539,-9394.463504875792,1355,981
3,1,0.008602068990948232,40.50459985324483,-9394.40365857009,1378,958
3,1,0.0086281277016377,40.505911168165156,-9394.328033034206,1402,934
3,1,0.008802043631283835,40.504380412370836,-9394.416314299862,1425,911
3,1,0.01292540751161461,40.508519137101715,-9394.177634755406,1448,888
3,1,0.01314236040042431,40.51001823903853,-9394.091187820219,1472,864
3,1,0.017237070154653943,40.50819782018803,-9394.196164173496,1495,841
3,1,0.01753354883888815,40.50749221989691,-9394.236854619488,1518,818
3,1,0.02024172205259486,40.51537499800776,-9393.78231208459,1542,794
3,1,0.021326281763822178,40.50953003262609,-9394.119340289684,1565,771
3,1,0.0215773007633987,40.5068396682825,-9394.274486493647,1590,746
3,1,0.022000506236166305,40.507425222420764,-9394.240718256193,1612,724
3,1,0.025537356329065657,40.50815575917753,-9394.19858972133,1635,701
3,1,0.026985541536296745,40.50554328466225,-9394.349249191071,1658,678
3,1,0.03143874701198117,40.50577632369421,-9394.335809608028,1682,654
3,1,0.03510096190229195,40.5047150109057,-9394.3970171537,1705,631
3,1,0.038822223465950954,40.49600501894291,-9394.899396423809,1728,608
3,1,0.040269809480563926,40.46003583762754,-9396.975189957995,1752,584
3,1,0.042627565486570464,40.44344841431652,-9397.933077538628,1775,561
3,1,0.04335479502237924,40.44285886285077,-9397.967130081523,1798,538
3,1,0.044846276919315926,40.45201996172591,-9397.4380402955,1822,514
3,1,0.05546410133981774,40.44189396881707,-9398.022863514188,1845,491
3,1,0.0594177082246304,40.422629565763664,-9399.135876846045,1869,467
3,1,0.06296522223903828,40.43841335249912,-9398.223919123224,1892,444
3,1,0.0656915156803352,40.4496872863614,-9397.572750175881,1915,421
3,1,0.07286015555038554,40.44103549838303,-9398.072450910373,1939,397
3,1,0.08060401095456499,40.43199342139803,-9398.594807800106,1962,374
3,1,0.08476373761676607,40.4487205493175,-9397.628580637695,1985,351
3,2,-0.06893877686577154,40.53427020075428,-9392.693123000361,351,1985
3,2,-0.06420825320744777,40.4834647268716,-9395.622891467792,374,1962
3,2,-0.05975843291913529,40.505360071297495,-9394.359815334697,397,1939
3,2,-0.05200298562886868,40.50651530925043,-9394.293192118148,421,1915
3,2,-0.047309796000743566,40.51964990535018,-9393.535846224351,444,1892
3,2,-0.044004401150122,40.528131637560534,-9393.04691670306,468,1868
3,2,-0.04288672667995667,40.51665078563465,-9393.708754997306,491,1845
3,2,-0.04078539017742972,40.520362316323116,-9393.494775351155,514,1822
3,2,-0.039367112886089864,40.52874322102309,-9393.011665924614,538,1798
3,2,-0.035222746079710085,40.51366856600484,-9393.88070211819,561,1775
3,2,-0.034133018871387776,40.51682071700968,-9393.698957572002,584,1752
3,2,-0.03006834288703949,40.5008701433834,-9394.61877002473,608,1728
3,2,-0.025860510273800506,40.50255338286308,-9394.521686537297,631,1705
3,2,-0.02200074828458146,40.50833830190256,-9394.188062980804,654,1682
3,2,-0.021715763646036442,40.50574812223908,-9394.337436008707,678,1658
3,2,-0.0215285316154064,40.50791897511033,-9394.212244482633,701,1635
3,2,-0.020807040948956426,40.505921360499926,-9394.327445236268,724,1612
3,2,-0.017881909431341526,40.506419685817534,-9394.298706702682,748,1588
3,2,-0.01724851717838095,40.51522733717913,-9393.79082579881,771,1565
3,2,-0.013178066481934,40.52080630481145,-9393.469179542843,794,1542
3,2,-0.01291783703113995,40.52235568614379,-9393.379860352823,818,1518
3,2,-0.00878726902660256,40.51969145745976,-9393.533450703202,841,1495
3,2,-0.00862213931861666,40.51240789576627,-9393.953392930978,864,1472
3,2,-0.0085320592176697,40.51495748719768,-9393.80638468117,889,1447
3,2,-0.00437199630644945,40.50635758401631,-9394.302288108298,911,1425
3,2,-0.0043145291776748,40.50609271325049,-9394.31756324457,935,1401
3,2,-0.004304175245417709,40.50753589784715,-9394.234335785783,958,1378
3,2,0.0,40.48129431378859,-9395.748133240217,1297,1039
3,2,0.0043102519349027,40.48581808621181,-9395.487100530061,1309,1027
3,2,0.004333901099792669,40.48760300921686,-9395.3841141406,1331,1005
3,2,0.00448523068569036,40.48531223450149,-9395.516287959968,1355,981
3,2,0.00858781927327537,40.477219607790886,-9395.983278693306,1378,958
3,2,0.0086273833199812,40.481822696432346,-9395.717642767482,1402,934
3,2,0.008792042944940579,40.486116189508124,-9395.469900266626,1425,911
3,2,0.012918956639400321,40.47544713499374,-9396.085572950466,1448,888
3,2,0.013077838290083122,40.46862413832592,-9396.479388581505,1472,864
3,2,0.01723573317226184,40.459103034559575,-9397.029046882259,1495,841
3,2,0.01745908449873965,40.457355400217295,-9397.129952777133,1518,818
3,2,0.020177579294613356,40.46759574332701,-9396.538752132734,1542,794
3,2,0.021316736941082954,40.48200338197219,-9395.70721634765,1565,771
3,2,0.0215773007633987,40.49042586671892,-9395.221250331268,1591,745
3,2,0.021987446477722872,40.49458047005222,-9394.98157254808,1612,724
3,2,0.025488577400688467,40.50475847129327,-9394.394510694614,1635,701
3,2,0.026872446409827912,40.51064919834124,-9394.05480399427,1658,678
3,2,0.031415635286688746,40.51322884507604,-9393.906056367765,1682,654
3,2,0.03508525860373658,40.50890932440827,-9394.155133978342,1705,631
3,2,0.03878658750747258,40.51316736830185,-9393.909601132218,1728,608
3,2,0.040253599432049474,40.511669247753815,-9393.995984758443,1752,584
3,2,0.04260940213470584,40.49817211748614,-9394.774391333884,1775,561
3,2,0.0433369454236544,40.50489431307145,-9394.386676408627,1799,537
3,2,0.04447139332207207,40.49345121930486,-9395.046716241313,1822,514
3,2,0.05466316634515858,40.49609476125488,-9394.894219670983,1845,491
3,2,0.0593061201528196,40.48128458977212,-9395.748694371121,1869,467
3,2,0.06268997220335289,40.472875932334134,-9396.233972057136,1892,444
3,2,0.06564183785109448,40.47449710731058,-9396.140403492689,1915,421
3,2,0.07264882637533185,40.45569937693051,-9397.225573203506,1939,397
3,2,0.08055926712244181,40.50468536184712,-9394.39872708367,1962,374
3,2,0.08469194954092066,40.47608298872946,-9396.048875575521,1985,351
3,3,-0.06893877686577154,40.4074781205058,-9400.01163409913,351,1985
3,3,-0.06420825320744777,40.402270954594364,-9400.312685388737,374,1962
3,3,-0.05975843291913529,40.39058739349309,-9400.988309434744,397,1939
3,3,-0.05200298562886868,40.38644400657181,-9401.227955573971,421,1915
3,3,-0.047309796000743566,40.382928363860906,-9401.431313384903,444,1892
3,3,-0.044004401150122,40.381016634083046,-9401.541902355317,468,1868
3,3,-0.04288672667995667,40.37621241580477,-9401.819837941848,491,1845
3,3,-0.04078539017742972,40.38543952693849,-9401.2860565943,514,1822
3,3,-0.039367112886089864,40.357294598648345,-9402.91460078123,538,1798
3,3,-0.035222746079710085,40.38913809866771,-9401.072131277213,561,1775
3,3,-0.034133018871387776,40.39659310307162,-9400.640993498846,584,1752
3,3,-0.03006834288703949,40.368465938014985,-9402.268059980534,608,1728
3,3,-0.025860510273800506,40.375984984644774,-9401.832996201483,631,1705
3,3,-0.02200074828458146,40.397235425153276,-9400.603850454383,654,1682
3,3,-0.021715763646036442,40.376553949595525,-9401.800078298405,678,1658
3,3,-0.0215285316154064,40.37740594913574,-9401.750786079707,701,1635
3,3,-0.020807040948956426,40.3689976496607,-9402.23729165195,724,1612
3,3,-0.017881909431341526,40.35434360832968,-9403.085419105344,748,1588
3,3,-0.01724851717838095,40.36417297551856,-9402.516493836682,771,1565
3,3,-0.013178066481934,40.35584787424524,-9402.998342984853,794,1542
3,3,-0.01291783703113995,40.36505426111897,-9402.465491659823,818,1518
3,3,-0.00878726902660256,40.33580788949875,-9404.158646485559,841,1495
3,3,-0.00862213931861666,40.34463316872554,-9403.647596915538,864,1472
3,3,-0.0085320592176697,40.3538012483632,-9403.116815016721,889,1447
3,3,-0.00437199630644945,40.38459367493803,-9401.33498341022,911,1425
3,3,-0.0043145291776748,40.354771284842855,-9403.060662240245,935,1401
3,3,-0.004304175245417709,40.358990980294884,-9402.816411239965,958,1378
3,3,0.0,40.50198764317818,-9394.55431601429,1297,1039
3,3,0.0043102519349027,40.510328468528364,-9394.073298583311,1309,1027
3,3,0.004333901099792669,40.506710511603885,-9394.281934877295,1331,1005
3,3,0.00448523068569036,40.505404850599334,-9394.357232852008,1355,981
3,3,0.00858781927327537,40.52800514483113,-9393.05420762581,1378,958
3,3,0.0086273833199812,40.53197963099677,-9392.825132830989,1402,934
3,3,0.008792042944940579,40.533406582900504,-9392.742894040719,1425,911
3,3,0.012918956639400321,40.537763882162,-9392.491789954613,1448,888
3,3,0.013077838290083122,40.53941816897284,-9392.396463158764,1472,864
3,3,0.01723573317226184,40.539278775935834,-9392.404495407596,1495,841
3,3,0.01745908449873965,40.543775331147806,-9392.145404205332,1518,818
3,3,0.020177579294613356,40.528138549776045,-9393.046518290072,1542,794
3,3,0.021316736941082954,40.516863043259136,-9393.696517250542,1565,771
3,3,0.0215773007633987,40.5196819319625,-9393.533999857538,1591,745
3,3,0.021987446477722872,40.536221332009,-9392.580681530579,1612,724
3,3,0.025488577400688467,40.52764220824414,-9393.075127077936,1635,701
3,3,0.026872446409827912,40.534032774522124,-9392.706805972817,1658,678
3,3,0.031415635286688746,40.535408127011685,-9392.62754494967,1682,654
3,3,0.03508525860373658,40.53411880754726,-9392.701847844555,1705,631
3,3,0.03878658750747258,40.528262327634934,-9393.039383873165,1728,608
3,3,0.040253599432049474,40.532243413542005,-9392.809930168149,1752,584
3,3,0.04260940213470584,40.52694035454418,-9393.115582045228,1775,561
3,3,0.0433369454236544,40.53191889871336,-9392.828633047893,1799,537
3,3,0.04447139332207207,40.5367948816226,-9392.54762954954,1822,514
3,3,0.05466316634515858,40.541267500551214,-9392.28990168775,1845,491
3,3,0.0593061201528196,40.53442562178524,-9392.684166065143,1869,467
3,3,0.06268997220335289,40.545730777150176,-9392.032740506127,1892,444
3,3,0.06564183785109448,40.5481016049255,-9391.896151729348,1915,421
3,3,0.07264882637533185,40.549171588650125,-9391.834510150478,1939,397
3,3,0.08060401095456499,40.54970760602511,-9391.803630892948,1962,374
3,3,0.08476373761676607,40.523554703428346,-9393.310741396333,1985,351
3,4,-0.06927811382090548,40.28971425856915,-9406.829630330716,351,1985
3,4,-0.06430733091887546,40.24750750061612,-9409.278063327309,374,1962
3,4,-0.06012159337212578,40.346316920944695,-9403.550107787447,397,1939
3,4,-0.0520205673756657,40.32776645840623,-9404.624402763937,421,1915
3,4,-0.04735443555451917,40.353932830937225,-9403.109197979857,444,1892
3,4,-0.0440140852175921,40.3422395902311,-9403.78619193536,468,1868
3,4,-0.04293320380619425,40.342131350501745,-9403.792459518654,491,1845
3,4,-0.04109831965165568,40.303139263641285,-9406.051377402126,514,1822
3,4,-0.039392179845257266,40.25864556882789,-9408.631689689599,538,1798
3,4,-0.03524477731331782,40.269268914451914,-9408.015353461822,561,1775
3,4,-0.03420594177108757,40.293613042852776,-9406.603589525537,584,1752
3,4,-0.030096267702268798,40.289258581289346,-9406.85605067558,608,1728
3,4,-0.025870209733436674,40.282354872852444,-9407.256366922376,631,1705
3,4,-0.0220046210591881,40.28313624182964,-9407.211055265845,655,1681
3,4,-0.0217178847633934,40.26628155600821,-9408.18865504819,679,1657
3,4,-0.0215424389372936,40.27116207853911,-9407.905534548414,701,1635
3,4,-0.020940873637460035,40.288505205227516,-9406.899732366355,724,1612
3,4,-0.0179521936408725,40.26627613981009,-9408.188969262445,748,1588
3,4,-0.017253129456230885,40.27466830937575,-9407.702158279273,771,1565
3,4,-0.01318038237467676,40.30142329950627,-9406.150838080095,794,1542
3,4,-0.012929780575515474,40.29671923425274,-9406.423516732464,818,1518
3,4,-0.0087877323313268,40.24485267788461,-9409.432156607449,842,1494
3,4,-0.008628518554191696,40.25897884490574,-9408.612351490701,864,1472
3,4,-0.00853256883339366,40.265432322565395,-9408.237922826731,888,1448
3,4,-0.004375899436058045,40.30348182144166,-9406.031522580999,911,1425
3,4,-0.0043145291776748,40.30374676266566,-9406.016166571118,936,1400
3,4,-0.0043093047168024645,40.30312275623929,-9406.05233418365,958,1378
3,4,0.0,40.496067738465136,-9394.895778469632,1298,1038
3,4,0.00431017762501662,40.49678248737937,-9394.854548818892,1308,1028
3,4,0.004332043201050243,40.495504659031305,-9394.928259714745,1331,1005
3,4,0.004428893836850806,40.48844577144702,-9395.335490069672,1355,981
3,4,0.008584999183583379,40.507023958582835,-9394.26385863016,1378,958
3,4,0.0086258949419545,40.50843772230304,-9394.182329697727,1402,934
3,4,0.00878736556623813,40.50714194418661,-9394.257054527017,1425,911
3,4,0.012903060616115571,40.5173315324453,-9393.669506659651,1448,888
3,4,0.01307013005470509,40.52480454365356,-9393.238694860327,1472,864
3,4,0.017195487882444085,40.508162749523706,-9394.19818660628,1495,841
3,4,0.0174040155950354,40.50793963914374,-9394.2110528349,1518,818
3,4,0.020177579294613356,40.49187187974486,-9395.137827496328,1542,794
3,4,0.021316736941082954,40.51782612817153,-9393.64099124363,1565,771
3,4,0.0215773007633987,40.51939842079623,-9393.550344615685,1591,745
3,4,0.021987446477722872,40.518354201358044,-9393.61054610274,1612,724
3,4,0.025488577400688467,40.528273400645745,-9393.038745638307,1635,701
3,4,0.026872446409827912,40.52626645564805,-9393.154426352154,1658,678
3,4,0.031415635286688746,40.522451244181696,-9393.374351706803,1682,654
3,4,0.03508525860373658,40.523012144022694,-9393.342017706262,1705,631
3,4,0.03878658750747258,40.52148679062821,-9393.429950276066,1728,608
3,4,0.040253599432049474,40.52034259585952,-9393.495912236698,1752,584
3,4,0.04260940213470584,40.493147444451296,-9395.06424057422,1775,561
3,4,0.0433369454236544,40.48062778754805,-9395.786595896674,1799,537
3,4,0.04447139332207207,40.48941523383607,-9395.279557148924,1822,514
3,4,0.05466316634515858,40.51439556278595,-9393.83878418521,1845,491
3,4,0.0593061201528196,40.513451893993754,-9393.893195362798,1869,467
3,4,0.06268997220335289,40.509689878857046,-9394.11012270413,1892,444
3,4,0.06564183785109448,40.512019160926414,-9393.97580801292,1915,421
3,4,0.07264882637533185,40.517180168223206,-9393.678233480248,1939,397
3,4,0.08060401095456499,40.51570338665864,-9393.763378216157,1962,374
3,4,0.08476373761676607,40.494185766514335,-9395.00434181615,1985,351
3,5,-0.06927811382090548,40.342209634304986,-9403.787926520998,351,1985
3,5,-0.06430733091887546,40.420672942437065,-9399.24895169455,374,1962
3,5,-0.06012159337212578,40.39411330843074,-9400.784396138586,397,1939
3,5,-0.0520205673756657,40.442109760362825,-9398.010399021145,421,1915
3,5,-0.04735443555451917,40.48000444977923,-9395.822566886223,444,1892
3,5,-0.0440140852175921,40.46658980980837,-9396.596820566578,468,1868
3,5,-0.04293320380619425,40.45534510701384,-9397.246029607959,491,1845
3,5,-0.04109831965165568,40.50269573807891,-9394.51347616111,514,1822
3,5,-0.039392179845257266,40.53859330626889,-9392.443994647054,538,1798
3,5,-0.03524477731331782,40.53745693895883,-9392.509477709646,561,1775
3,5,-0.03420594177108757,40.53271809939136,-9392.78257269771,584,1752
3,5,-0.030096267702268798,40.49410340042876,-9395.009093297576,608,1728
3,5,-0.025870209733436674,40.49750172047438,-9394.813061236739,631,1705
3,5,-0.0220046210591881,40.475079251191566,-9396.106805093114,655,1681
3,5,-0.0217178847633934,40.45902564390829,-9397.03351521499,679,1657
3,5,-0.0215424389372936,40.44944062100829,-9397.586995329808,701,1635
3,5,-0.020940873637460035,40.46906836061356,-9396.453746554118,724,1612
3,5,-0.017881909431341526,40.474092003385145,-9396.163784326876,748,1588
3,5,-0.01724851717838095,40.47468459437399,-9396.129582635185,771,1565
3,5,-0.013178066481934,40.486257173030126,-9395.461765701866,794,1542
3,5,-0.01291783703113995,40.476163685468755,-9396.044218321626,818,1518
3,5,-0.00878726902660256,40.48309992737063,-9395.643941431761,841,1495
3,5,-0.00862213931861666,40.487795299615385,-9395.37301965066,864,1472
3,5,-0.0085320592176697,40.49204701599741,-9395.127723804348,889,1447
3,5,-0.00437199630644945,40.49984427658541,-9394.677940486557,911,1425
3,5,-0.0043145291776748,40.50669159398348,-9394.283025846446,935,1401
3,5,-0.004304175245417709,40.51006725268158,-9394.088361462544,958,1378
3,5,0.0,40.49624252555881,-9394.885695965515,1297,1039
3,5,0.0043102519349027,40.49485569011529,-9394.96569605609,1309,1027
3,5,0.004333901099792669,40.49304832413546,-9395.069958710641,1331,1005
3,5,0.00448523068569036,40.50656308707249,-9394.290436785439,1355,981
3,5,0.00858781927327537,40.50451667769137,-9394.40845551397,1378,958
3,5,0.0086273833199812,40.50246212319511,-9394.5269499789,1402,934
3,5,0.008792042944940579,40.50140136301361,-9394.58813066035,1425,911
3,5,0.012918956639400321,40.502114942520336,-9394.546973885836,1448,888
3,5,0.013077838290083122,40.498994414763686,-9394.726960379872,1472,864
3,5,0.01723573317226184,40.486052317819116,-9395.473585588836,1495,841
3,5,0.01745908449873965,40.48592839468405,-9395.480735826264,1518,818
3,5,0.02024172205259486,40.46463552509394,-9396.709637568294,1542,794
3,5,0.021326281763822178,40.49761480347575,-9394.80653832764,1565,771
3,5,0.0215773007633987,40.5006785859186,-9394.629818658857,1590,746
3,5,0.022000506236166305,40.49142015976603,-9395.163887634017,1612,724
3,5,0.025537356329065657,40.50025771135262,-9394.654094007541,1635,701
3,5,0.026985541536296745,40.49476087453841,-9394.971165626064,1658,678
3,5,0.03143874701198117,40.493712120281444,-9395.031665345441,1682,654
3,5,0.03510096190229195,40.48590468401198,-9395.48210391015,1705,631
3,5,0.038822223465950954,40.48616937260938,-9395.466831667942,1728,608
3,5,0.040269809480563926,40.491902537870644,-9395.136058811617,1752,584
3,5,0.042627565486570464,40.43257115094384,-9398.561429119934,1775,561
3,5,0.04335479502237924,40.44160036505734,-9398.039822682147,1798,538
3,5,0.04466784572762015,40.4688672097133,-9396.465357636107,1822,514
3,5,0.05466316634515858,40.406350202186445,-9400.0768411868,1845,491
3,5,0.0593061201528196,40.36201940244877,-9402.641131120916,1869,467
3,5,0.06268997220335289,40.269073422283114,-9408.026693891561,1892,444
3,5,0.06564183785109448,40.302920393793826,-9406.064063296111,1915,421
3,5,0.07264882637533185,40.283902189050885,-9407.166638771365,1939,397
3,5,0.08060401095456499,40.243362709584346,-9409.518642956613,1962,374
3,5,0.08476373761676607,40.21887571330836,-9410.940468304449,1985,351
4,1,-0.0689261554181829,40.01166646506662,-9407.494352303742,351,1985
4,1,-0.06413957623169092,40.009849222373596,-9407.600450742271,374,1962
4,1,-0.059684062674668144,40.03162265606158,-9406.329541021198,397,1939
4,1,-0.05192684528887043,40.06573340950467,-9404.33989420202,421,1915
4,1,-0.04722617757495875,40.064717026729625,-9404.399154324727,444,1892
4,1,-0.0439850457938093,40.096760396469726,-9402.53159104855,468,1868
4,1,-0.0428449021121456,40.089646876474745,-9402.946054878943,492,1844
4,1,-0.0406578476510596,40.05518750465035,-9404.95484554309,514,1822
4,1,-0.03931023701998061,40.06600248295317,-9404.32420614613,538,1798
4,1,-0.035197637436770984,40.06703661914503,-9404.263912859578,561,1775
4,1,-0.03409297020331348,40.06603036654741,-9404.322580427328,584,1752
4,1,-0.030046529666759633,40.06886836791675,-9404.15712015206,608,1728
4,1,-0.025085737876994377,40.06926296112001,-9404.134115629555,631,1705
4,1,-0.0219997800909298,40.07007899041464,-9404.086542380614,655,1681
4,1,-0.021703037555578772,40.076259994289614,-9403.726230848897,678,1658
4,1,-0.02151463028032035,40.076412467996924,-9403.717343345355,701,1635
4,1,-0.020655960783661675,40.084929529926285,-9403.220948044427,724,1612
4,1,-0.0176188169420241,40.12492664168377,-9400.89122785119,750,1586
4,1,-0.017244203961644448,40.12471957058989,-9400.903283183472,771,1565
4,1,-0.0131773139576841,40.12062721340029,-9401.141546130457,794,1542
4,1,-0.012876798731683,40.12048055974479,-9401.150084969182,818,1518
4,1,-0.00878626535234478,40.11633161721089,-9401.391668090566,841,1495
4,1,-0.0086218045490367,40.11618140054435,-9401.400415320832,865,1471
4,1,-0.00853151336384134,40.11641262205623,-9401.386951130664,888,1448
4,1,-0.004369731864362235,40.11725073968009,-9401.338147606373,911,1425
4,1,-0.004313226509762,40.11761710129701,-9401.316814718062,935,1401
4,1,-0.004288858027725029,40.11705471448394,-9401.349562047008,958,1378
4,1,0.0,40.14241491740898,-9399.873314165576,1296,1040
4,1,0.0043103634093368,40.142988256525086,-9399.839950188507,1308,1028
4,1,0.00433558281022465,40.144542684874054,-9399.749496675215,1331,1005
4,1,0.00448780664722921,40.14429267516243,-9399.764044717507,1355,981
4,1,0.008602068990948232,40.146726955323814,-9399.622398030622,1378,958
4,1,0.0086281277016377,40.14726382525693,-9399.591159624071,1402,934
4,1,0.008802043631283835,40.14569372275028,-9399.682519055035,1425,911
4,1,0.01292540751161461,40.15250409506395,-9399.286270317325,1448,888
4,1,0.01314236040042431,40.15330918901677,-9399.23943187819,1472,864
4,1,0.017237070154653943,40.15396517955533,-9399.201268613151,1495,841
4,1,0.01753354883888815,40.15280628659135,-9399.268689427478,1518,818
4,1,0.02024172205259486,40.1534141264774,-9399.233326937085,1542,794
4,1,0.021326281763822178,40.14237691379383,-9399.87552570385,1565,771
4,1,0.0215773007633987,40.14093550311565,-9399.959407029699,1590,746
4,1,0.022000506236166305,40.14032008781446,-9399.995221370995,1612,724
4,1,0.025537356329065657,40.143970557074944,-9399.78278887318,1635,701
4,1,0.026985541536296745,40.141323907711474,-9399.936803950452,1658,678
4,1,0.03143874701198117,40.14074702538251,-9399.970375508954,1682,654
4,1,0.03510096190229195,40.13953502700513,-9400.04090909796,1705,631
4,1,0.038822223465950954,40.134884694990795,-9400.311560088281,1728,608
4,1,0.040269809480563926,40.100456663739564,-9402.316259877096,1752,584
4,1,0.042627565486570464,40.08640685669879,-9403.134856543487,1775,561
4,1,0.04335479502237924,40.08688653935329,-9403.106903627162,1798,538
4,1,0.044846276919315926,40.09280751390335,-9402.761893665787,1822,514
4,1,0.05546410133981774,40.08028135024755,-9403.49184230448,1845,491
4,1,0.0594177082246304,40.05768724257784,-9404.809066532689,1869,467
4,1,0.06296522223903828,40.069484533908664,-9404.121198181992,1892,444
4,1,0.0656915156803352,40.080921926558965,-9403.454507878292,1915,421
4,1,0.07286015555038554,40.07190734233886,-9403.979955801191,1939,397
4,1,0.08060401095456499,40.06227922743354,-9404.541296160152,1962,374
4,1,0.08476373761676607,40.08260542459194,-9403.356392150714,1985,351
4,2,-0.06893877686577154,40.12473972269656,-9400.90210995884,351,1985
4,2,-0.06420825320744777,40.08958389248404,-9402.949724921693,374,1962
4,2,-0.05975843291913529,40.141174028495186,-9399.945526096828,397,1939
4,2,-0.05200298562886868,40.15058531088798,-9399.397904374471,421,1915
4,2,-0.047309796000743566,40.16270605648766,-9398.692814059936,444,1892
4,2,-0.044004401150122,40.169822766999744,-9398.278918567208,468,1868
4,2,-0.04288672667995667,40.162066056949804,-9398.73003891302,491,1845
4,2,-0.04078539017742972,40.15687092548867,-9399.032229842484,514,1822
4,2,-0.039367112886089864,40.17093141780333,-9398.214447968106,538,1798
4,2,-0.035222746079710085,40.15827199140826,-9398.950728649317,561,1775
4,2,-0.034133018871387776,40.15936229432362,-9398.887306771094,584,1752
4,2,-0.03006834288703949,40.14371856187867,-9399.797452659996,608,1728
4,2,-0.025860510273800506,40.14318158068485,-9399.828700299811,631,1705
4,2,-0.02200074828458146,40.14731283614982,-9399.588307888609,654,1682
4,2,-0.021715763646036442,40.1447760195091,-9399.73591903584,678,1658
4,2,-0.0215285316154064,40.14412593289563,-9399.773747485155,701,1635
4,2,-0.020807040948956426,40.14159490422024,-9399.92103352621,724,1612
4,2,-0.017881909431341526,40.146821196108235,-9399.616914489852,748,1588
4,2,-0.01724851717838095,40.15452210558446,-9399.168869068642,771,1565
4,2,-0.013178066481934,40.15808509716942,-9398.961600281393,794,1542
4,2,-0.01291783703113995,40.158069384047174,-9398.962514315532,818,1518
4,2,-0.00878726902660256,40.151746584227986,-9399.330341342156,841,1495
4,2,-0.00862213931861666,40.143342461193726,-9399.819338408182,864,1472
4,2,-0.0085320592176697,40.14722978713735,-9399.593140159566,889,1447
4,2,-0.00437199630644945,40.13696123271225,-9400.19070097355,911,1425
4,2,-0.0043145291776748,40.13736723098525,-9400.167071701679,935,1401
4,2,-0.004304175245417709,40.13846171065457,-9400.103373710854,958,1378
4,2,0.0,40.11049342165723,-9401.731654742933,1297,1039
4,2,0.0043102519349027,40.11530438450875,-9401.451485282685,1309,1027
4,2,0.004333901099792669,40.11734325960529,-9401.332760240788,1331,1005
4,2,0.00448523068569036,40.11523283718747,-9401.455651639992,1355,981
4,2,0.00858781927327537,40.10350336841674,-9402.138784796653,1378,958
4,2,0.0086273833199812,40.10856886162405,-9401.843742122426,1402,934
4,2,0.008792042944940579,40.1132933176987,-9401.568596941217,1425,911
4,2,0.012918956639400321,40.09830214761156,-9402.441771786527,1448,888
4,2,0.013077838290083122,40.09042524863555,-9402.900700034043,1472,864
4,2,0.01723573317226184,40.07676234583543,-9403.696949527328,1495,841
4,2,0.01745908449873965,40.075061449981774,-9403.796093689656,1518,818
4,2,0.020177579294613356,40.08336900138745,-9403.311891590292,1542,794
4,2,0.021316736941082954,40.09591713545632,-9402.580719168174,1565,771
4,2,0.0215773007633987,40.10415980944076,-9402.100547895803,1591,745
4,2,0.021987446477722872,40.10842023233651,-9401.85239859332,1612,724
4,2,0.025488577400688467,40.11604253024335,-9401.408501872773,1635,701
4,2,0.026872446409827912,40.12044462161552,-9401.152177454278,1658,678
4,2,0.031415635286688746,40.12813633712989,-9400.70437271351,1682,654
4,2,0.03508525860373658,40.126346136701464,-9400.808588903625,1705,631
4,2,0.03878658750747258,40.13307241179323,-9400.417044112115,1728,608
4,2,0.040253599432049474,40.124962187951205,-9400.88915841329,1752,584
4,2,0.04260940213470584,40.08078614186305,-9403.462421707907,1775,561
4,2,0.0433369454236544,40.09094284213961,-9402.870540947104,1799,537
4,2,0.04447139332207207,40.075023051250774,-9403.798331976393,1822,514
4,2,0.05466316634515858,40.07436287056771,-9403.83681466863,1845,491
4,2,0.0593061201528196,40.056808799121676,-9404.860294313306,1869,467
4,2,0.06268997220335289,40.0412000246982,-9405.770731365366,1892,444
4,2,0.06564183785109448,40.043558223129686,-9405.633158332545,1915,421
4,2,0.07264882637533185,40.032705569796676,-9406.266349671407,1939,397
4,2,0.08055926712244181,40.08218835062244,-9403.380699199903,1962,374
4,2,0.08469194954092066,40.097133738087535,-9402.50984061409,1985,351
4,3,-0.06893877686577154,40.01728554062853,-9407.166317006384,351,1985
4,3,-0.06420825320744777,39.98206170904598,-9409.223405688304,374,1962
4,3,-0.05975843291913529,39.96376703850579,-9410.292538419739,397,1939
4,3,-0.05200298562886868,39.94249551541234,-9411.536252680222,421,1915
4,3,-0.047309796000743566,39.92829320813944,-9412.367009222617,444,1892
4,3,-0.044004401150122,39.92192857958996,-9412.739400732375,468,1868
4,3,-0.04288672667995667,39.91317990649115,-9413.251378503262,491,1845
4,3,-0.04078539017742972,39.93906731365469,-9411.73675650181,514,1822
4,3,-0.039367112886089864,39.91320554673811,-9413.249877856164,538,1798
4,3,-0.035222746079710085,39.93782878957133,-9411.809197780829,561,1775
4,3,-0.034133018871387776,39.954998543201036,-9410.805139057775,584,1752
4,3,-0.03006834288703949,39.92461944551098,-9412.581952152586,608,1728
4,3,-0.025860510273800506,39.93370097574901,-9412.050649850818,631,1705
4,3,-0.02200074828458146,39.96288789363358,-9410.34392759456,654,1682
4,3,-0.021715763646036442,39.94482483223638,-9411.400028706785,678,1658
4,3,-0.0215285316154064,39.94568104866902,-9411.349957135335,701,1635
4,3,-0.020807040948956426,39.939751841859504,-9411.696719408037,724,1612
4,3,-0.017881909431341526,39.92455628830289,-9412.58564750039,748,1588
4,3,-0.01724851717838095,39.93156778460574,-9412.175438375023,771,1565
4,3,-0.013178066481934,39.93006069843412,-9412.263604703814,794,1542
4,3,-0.01291783703113995,39.93974684081357,-9411.697011909704,818,1518
4,3,-0.00878726902660256,39.91116812067934,-9413.369125325467,841,1495
4,3,-0.00862213931861666,39.92012712141115,-9412.84481400786,864,1472
4,3,-0.0085320592176697,39.92889828048672,-9412.33160980581,889,1447
4,3,-0.00437199630644945,39.96250309045915,-9410.366421077655,911,1425
4,3,-0.0043145291776748,39.93334635906355,-9412.071393940023,935,1401
4,3,-0.004304175245417709,39.93753217232388,-9411.826547258359,958,1378
4,3,0.0,40.145100197945155,-9399.717055366786,1297,1039
4,3,0.0043102519349027,40.15254573784961,-9399.283847616696,1309,1027
4,3,0.004333901099792669,40.149633836464474,-9399.45326273531,1331,1005
4,3,0.00448523068569036,40.14873951811682,-9399.50529685687,1355,981
4,3,0.00858781927327537,40.168531963189004,-9398.353984025352,1378,958
4,3,0.0086273833199812,40.17175254373916,-9398.166698749594,1402,934
4,3,0.008792042944940579,40.17273078480027,-9398.109814417921,1425,911
4,3,0.012918956639400321,40.17632416778633,-9397.900872504017,1448,888
4,3,0.013077838290083122,40.176494370628355,-9397.890976302584,1472,864
4,3,0.01723573317226184,40.175121376383544,-9397.970808289196,1495,841
4,3,0.01745908449873965,40.17856160220133,-9397.770783418713,1518,818
4,3,0.020177579294613356,40.16349369763731,-9398.64700261283,1542,794
4,3,0.021316736941082954,40.14789482414125,-9399.554444748142,1565,771
4,3,0.0215773007633987,40.14702323446788,-9399.605158629574,1591,745
4,3,0.021987446477722872,40.16859058528191,-9398.350574861452,1612,724
4,3,0.025488577400688467,40.16350136811175,-9398.64655648066,1635,701
4,3,0.026872446409827912,40.16854473537889,-9398.353241259076,1658,678
4,3,0.031415635286688746,40.169792780844645,-9398.280662355945,1682,654
4,3,0.03508525860373658,40.167497559806066,-9398.414140503512,1705,631
4,3,0.03878658750747258,40.16099820012274,-9398.792150924588,1728,608
4,3,0.040253599432049474,40.16404368229854,-9398.615014474999,1752,584
4,3,0.04260940213470584,40.16586550929506,-9398.509056733792,1775,561
4,3,0.0433369454236544,40.17185647394315,-9398.16065518348,1799,537
4,3,0.04447139332207207,40.17143204310605,-9398.185336036198,1822,514
4,3,0.05466316634515858,40.17518356212638,-9397.967192474784,1845,491
4,3,0.0593061201528196,40.17103928837873,-9398.208175140544,1869,467
4,3,0.06268997220335289,40.186129353402464,-9397.330832324573,1892,444
4,3,0.06564183785109448,40.18903047823859,-9397.162197446973,1915,421
4,3,0.07264882637533185,40.18788915494541,-9397.228538163317,1939,397
4,3,0.08060401095456499,40.1882406166971,-9397.208108847939,1962,374
4,3,0.08476373761676607,40.1672660258637,-9398.427605739858,1985,351
4,4,-0.06927811382090548,39.76016603963704,-9422.224036251873,351,1985
4,4,-0.06430733091887546,39.74058216313881,-9423.374916902922,374,1962
4,4,-0.06012159337212578,39.75823298558629,-9422.337610325769,397,1939
4,4,-0.0520205673756657,39.74804160559319,-9422.936482903227,421,1915
4,4,-0.04735443555451917,39.74212465496544,-9423.28424910733,444,1892
4,4,-0.0440140852175921,39.70941952920636,-9425.207413191121,468,1868
4,4,-0.04293320380619425,39.74498754113529,-9423.115977750856,491,1845
4,4,-0.04109831965165568,39.68436050703882,-9426.682034444839,514,1822
4,4,-0.039392179845257266,39.66404648448965,-9427.878115362171,538,1798
4,4,-0.03524477731331782,39.72994060987577,-9424.000524177258,561,1775
4,4,-0.03420594177108757,39.76171198065595,-9422.133210473849,584,1752
4,4,-0.030096267702268798,39.76692061895127,-9421.827223091002,608,1728
4,4,-0.025870209733436674,39.78850197627203,-9420.559828605663,631,1705
4,4,-0.0220046210591881,39.77745540728733,-9421.208467449778,655,1681
4,4,-0.0217178847633934,39.79568767984528,-9420.13799096014,679,1657
4,4,-0.0215424389372936,39.79514542492263,-9420.169821447393,701,1635
4,4,-0.020940873637460035,39.81703504431714,-9418.885240321924,724,1612
4,4,-0.0179521936408725,39.74354015004336,-9423.201049287323,748,1588
4,4,-0.017253129456230885,39.77030571504797,-9421.628383255842,771,1565
4,4,-0.01318038237467676,39.808140160581104,-9419.40714682801,794,1542
4,4,-0.012929780575515474,39.8189921650314,-9418.770422088275,818,1518
4,4,-0.0087877323313268,39.76617637253962,-9421.870942238966,842,1494
4,4,-0.008628518554191696,39.7648754496871,-9421.947364107256,864,1472
4,4,-0.00853256883339366,39.76281936089241,-9422.068152807014,888,1448
4,4,-0.004375899436058045,39.79847687159986,-9419.974271622721,911,1425
4,4,-0.0043145291776748,39.79182347266734,-9420.364830268069,936,1400
4,4,-0.0043093047168024645,39.80322808097154,-9419.695412643205,958,1378
4,4,0.0,39.9588935184684,-9410.577427404718,1298,1038
4,4,0.00431017762501662,39.968957631921214,-9409.98915263412,1308,1028
4,4,0.004332043201050243,39.98161520163988,-9409.249493565725,1331,1005
4,4,0.004428893836850806,39.98666755312997,-9408.954319211844,1355,981
4,4,0.008584999183583379,40.02177716156631,-9406.904134362874,1378,958
4,4,0.0086258949419545,40.02693137739146,-9406.603311316409,1402,934
4,4,0.00878736556623813,40.03290271799564,-9406.254845651076,1425,911
4,4,0.012903060616115571,40.03186377903964,-9406.315470605285,1448,888
4,4,0.01307013005470509,40.0603838840551,-9404.651814756538,1472,864
4,4,0.017195487882444085,40.03883837548217,-9405.90851383102,1495,841
4,4,0.0174040155950354,40.043003640843764,-9405.665510931776,1518,818
4,4,0.020177579294613356,40.02198351804168,-9406.892089733228,1542,794
4,4,0.021316736941082954,39.99348556513887,-9408.556048504164,1565,771
4,4,0.0215773007633987,39.99343895575529,-9408.558770937128,1591,745
4,4,0.021987446477722872,40.00223185050993,-9408.0452380916,1612,724
4,4,0.025488577400688467,40.02048799203672,-9406.97938210894,1635,701
4,4,0.026872446409827912,40.03970040543746,-9405.858220656188,1658,678
4,4,0.031415635286688746,40.05095625987089,-9405.20162281508,1682,654
4,4,0.03508525860373658,40.04900949098396,-9405.315172229944,1705,631
4,4,0.03878658750747258,40.0722930866221,-9403.957468867868,1728,608
4,4,0.040253599432049474,40.0807916557936,-9403.46210034343,1752,584
4,4,0.04260940213470584,40.088432532996585,-9403.016815026505,1775,561
4,4,0.0433369454236544,40.10032766584277,-9402.323774494052,1799,537
4,4,0.04447139332207207,40.09675591978876,-9402.531851855836,1822,514
4,4,0.05466316634515858,40.10243160573475,-9402.201215030178,1845,491
4,4,0.0593061201528196,40.06581630106615,-9404.335061281945,1869,467
4,4,0.06268997220335289,40.033891687676146,-9406.197138003581,1892,444
4,4,0.06564183785109448,40.027378972300305,-9406.577189507288,1915,421
4,4,0.07264882637533185,40.01291321856248,-9407.421564263415,1939,397
4,4,0.08060401095456499,39.994300115726844,-9408.508471485811,1962,374
4,4,0.08476373761676607,39.98466995148334,-9409.071020960073,1985,351
4,5,-0.06927811382090548,39.94519006415284,-9411.378669798341,351,1985
4,5,-0.06430733091887546,40.02680430664698,-9406.610727266623,374,1962
4,5,-0.06012159337212578,40.002583223181766,-9408.024719162566,397,1939
4,5,-0.0520205673756657,40.0600535330277,-9404.671078255962,421,1915
4,5,-0.04735443555451917,40.109140086693714,-9401.810473115363,444,1892
4,5,-0.0440140852175921,40.09091410798616,-9402.872215215697,468,1868
4,5,-0.04293320380619425,40.08058516155555,-9403.474135329834,491,1845
4,5,-0.04109831965165568,40.06778315170248,-9404.220388707176,514,1822
4,5,-0.039392179845257266,40.08563920922144,-9403.17959095143,538,1798
4,5,-0.03524477731331782,40.08344243445781,-9403.307612022492,561,1775
4,5,-0.03420594177108757,40.08565839834348,-9403.178472701122,584,1752
4,5,-0.030096267702268798,40.04266459899494,-9405.68528979549,608,1728
4,5,-0.025870209733436674,40.04888920113881,-9405.32218857077,631,1705
4,5,-0.0220046210591881,40.03519014559765,-9406.121373485357,655,1681
4,5,-0.0217178847633934,40.00496055185116,-9407.885896258842,679,1657
4,5,-0.0215424389372936,40.00335630211366,-9407.97957470465,701,1635
4,5,-0.020940873637460035,39.960238883839196,-9410.498778565274,724,1612
4,5,-0.017881909431341526,39.98470778409907,-9409.06881068927,748,1588
4,5,-0.01724851717838095,39.98618167849041,-9408.982703924128,771,1565
4,5,-0.013178066481934,39.98311236608333,-9409.16202059491,794,1542
4,5,-0.01291783703113995,39.97213095947055,-9409.803693734579,818,1518
4,5,-0.00878726902660256,39.971341697636944,-9409.84981921755,841,1495
4,5,-0.00862213931861666,39.97376483517509,-9409.708210818077,864,1472
4,5,-0.0085320592176697,39.97657877918418,-9409.543774421416,889,1447
4,5,-0.00437199630644945,39.99415324863915,-9408.517049761862,911,1425
4,5,-0.0043145291776748,40.00166313507712,-9408.078449455903,935,1401
4,5,-0.004304175245417709,40.00232161633578,-9408.039996065738,958,1378
4,5,0.0,40.00099888573739,-9408.11724032657,1297,1039
4,5,0.0043102519349027,39.99052389685105,-9408.72904451099,1309,1027
4,5,0.004333901099792669,39.98407732266711,-9409.105644008749,1331,1005
4,5,0.00448523068569036,39.991347124458706,-9408.68095712151,1355,981
4,5,0.00858781927327537,39.99194526048888,-9408.646018680623,1378,958
4,5,0.0086273833199812,39.9972346455531,-9408.337076807671,1402,934
4,5,0.008792042944940579,39.99711469156057,-9408.34408261568,1425,911
4,5,0.012918956639400321,40.01329810372657,-9407.399094331915,1448,888
4,5,0.013077838290083122,39.982634277153636,-9409.189952948116,1472,864
4,5,0.01723573317226184,39.99533075877623,-9408.448274129301,1495,841
4,5,0.01745908449873965,39.9988365371301,-9408.243521745053,1518,818
4,5,0.02024172205259486,39.969274815390435,-9409.970614806563,1542,794
4,5,0.021326281763822178,39.98327928904534,-9409.152268196905,1565,771
4,5,0.0215773007633987,39.98820560171856,-9408.86446895359,1590,746
4,5,0.022000506236166305,39.963569382567606,-9410.304092020604,1612,724
4,5,0.025537356329065657,40.01021470503398,-9407.579111906667,1635,701
4,5,0.026985541536296745,40.00784713774972,-9407.717346626436,1658,678
4,5,0.03143874701198117,40.007100294729355,-9407.760954111078,1682,654
4,5,0.03510096190229195,40.0007515750509,-9408.131682954645,1705,631
4,5,0.038822223465950954,40.01495353289188,-9407.30245139766,1728,608
4,5,0.040269809480563926,40.0419731686128,-9405.725626654537,1752,584
4,5,0.042627565486570464,40.02546147192734,-9406.689097613165,1775,561
4,5,0.04335479502237924,40.01098346384026,-9407.53422828551,1798,538
4,5,0.04466784572762015,40.02072326450587,-9406.965649271086,1822,514
4,5,0.05466316634515858,39.97354885063289,-9409.7208326278,1845,491
4,5,0.0593061201528196,39.93400980785185,-9412.032584182349,1869,467
4,5,0.06268997220335289,39.86030690567966,-9416.347929824185,1892,444
4,5,0.06564183785109448,39.88645131030919,-9414.816247966039,1915,421
4,5,0.07264882637533185,39.86351408448665,-9416.159981740308,1939,397
4,5,0.08060401095456499,39.84126921255418,-9417.463894003386,1962,374
4,5,0.08476373761676607,39.82770972196634,-9418.259058463698,1985,351
5,1,-0.0689261554181829,39.90597278467803,-9398.160837359832,351,1985
5,1,-0.06413957623169092,39.92301480942623,-9397.163451031474,374,1962
5,1,-0.059684062674668144,39.960859564936555,-9394.950104315925,397,1939
5,1,-0.05192684528887043,39.97479455190862,-9394.135645980501,421,1915
5,1,-0.04722617757495875,39.977728958217526,-9393.964174891415,444,1892
5,1,-0.0439850457938093,40.00647967591046,-9392.28480141082,468,1868
5,1,-0.0428449021121456,40.005797234503525,-9392.324649873786,492,1844
5,1,-0.0406578476510596,39.930087525822344,-9396.749644552794,514,1822
5,1,-0.03931023701998061,39.91875547406512,-9397.412689177814,538,1798
5,1,-0.035197637436770984,39.91420851700115,-9397.678787069759,561,1775
5,1,-0.03409297020331348,39.91675066365619,-9397.530011340416,584,1752
5,1,-0.030046529666759633,39.91292269331828,-9397.754041787746,608,1728
5,1,-0.025085737876994377,39.92051791632561,-9397.309555345393,631,1705
5,1,-0.0219997800909298,39.91517586323894,-9397.622173309574,655,1681
5,1,-0.021703037555578772,39.93519314112307,-9396.45097365953,678,1658
5,1,-0.02151463028032035,39.93235959001652,-9396.616727464707,701,1635
5,1,-0.020655960783661675,39.94081624460854,-9396.122074660574,724,1612
5,1,-0.0176188169420241,39.96561675031837,-9394.67202912539,750,1586
5,1,-0.017244203961644448,39.97415223895649,-9394.173181010452,771,1565
5,1,-0.0131773139576841,40.00129402085156,-9392.587614241995,794,1542
5,1,-0.012876798731683,40.00023759581218,-9392.649308283153,818,1518
5,1,-0.00878626535234478,40.00099552442214,-9392.60504593459,841,1495
5,1,-0.0086218045490367,40.00215279982233,-9392.537463710847,865,1471
5,1,-0.00853151336384134,40.00156278073909,-9392.571919225033,888,1448
5,1,-0.004369731864362235,40.008439347525794,-9392.170377927045,911,1425
5,1,-0.004313226509762,40.00652423419873,-9392.282199629703,935,1401
5,1,-0.004288858027725029,40.00603527144614,-9392.310750572133,958,1378
5,1,0.0,40.09855664671037,-9386.914554834766,1296,1040
5,1,0.0043103634093368,40.095203548733494,-9387.109902623908,1308,1028
5,1,0.00433558281022465,40.09813916692973,-9386.938875855918,1331,1005
5,1,0.00448780664722921,40.09777453909498,-9386.96011810088,1355,981
5,1,0.008602068990948232,40.10511562532888,-9386.532483200064,1378,958
5,1,0.0086281277016377,40.10517756639281,-9386.528875325823,1402,934
5,1,0.008802043631283835,40.10291701876088,-9386.66054880085,1425,911
5,1,0.01292540751161461,40.117694675172345,-9385.799907002222,1448,888
5,1,0.01314236040042431,40.117476542788864,-9385.8126085953,1472,864
5,1,0.017237070154653943,40.119707735530014,-9385.682692116014,1495,841
5,1,0.01753354883888815,40.118751893369044,-9385.738347403976,1518,818
5,1,0.02024172205259486,40.12953463702088,-9385.11058348748,1542,794
5,1,0.021326281763822178,40.12732729427705,-9385.239079731335,1565,771
5,1,0.0215773007633987,40.12630044809434,-9385.29885803047,1590,746
5,1,0.022000506236166305,40.12598913198819,-9385.316981735794,1612,724
5,1,0.025537356329065657,40.13508551376721,-9384.787481027746,1635,701
5,1,0.026985541536296745,40.13076236267538,-9385.039116841172,1658,678
5,1,0.03143874701198117,40.12961058790409,-9385.106162277592,1682,654
5,1,0.03510096190229195,40.129721322867105,-9385.099716251507,1705,631
5,1,0.038822223465950954,40.12987979002992,-9385.090491702986,1728,608
5,1,0.040269809480563926,40.087628507630555,-9387.551276309901,1752,584
5,1,0.042627565486570464,40.06477358768417,-9388.883465815046,1775,561
5,1,0.04335479502237924,40.064561300293136,-9388.89584338803,1798,538
5,1,0.044846276919315926,40.06943721884642,-9388.611565903691,1822,514
5,1,0.05546410133981774,40.056285857044415,-9389.378400330042,1845,491
5,1,0.0594177082246304,40.03716234895421,-9390.493910193789,1869,467
5,1,0.06296522223903828,40.05110872906174,-9389.680339272054,1892,444
5,1,0.0656915156803352,40.06223973756984,-9389.031208096292,1915,421
5,1,0.07286015555038554,40.05194844228853,-9389.631363111415,1939,397
5,1,0.08060401095456499,40.04514434943655,-9390.028240460804,1962,374
5,1,0.08476373761676607,40.077195677878805,-9388.15930085646,1985,351
5,2,-0.06893877686577154,40.123510600062396,-9385.461277976887,351,1985
5,2,-0.06420825320744777,40.08299284220641,-9387.821423011039,374,1962
5,2,-0.05975843291913529,40.131198244322405,-9385.01374443512,397,1939
5,2,-0.05200298562886868,40.13801414102222,-9384.617031068792,421,1915
5,2,-0.047309796000743566,40.15729883910028,-9383.49494675516,444,1892
5,2,-0.044004401150122,40.166510658514184,-9382.959145219356,468,1868
5,2,-0.04288672667995667,40.15865430804981,-9383.416098771857,491,1845
5,2,-0.04078539017742972,40.156296571758745,-9383.553250620103,514,1822
5,2,-0.039367112886089864,40.16893228493059,-9382.818312752312,538,1798
5,2,-0.035222746079710085,40.15268181146262,-9383.763540433954,561,1775
5,2,-0.034133018871387776,40.153605719810024,-9383.709789975157,584,1752
5,2,-0.03006834288703949,40.13771365350155,-9384.634519265224,608,1728
5,2,-0.025860510273800506,40.137462712833,-9384.649123964417,631,1705
5,2,-0.02200074828458146,40.1413143370091,-9384.424970223843,654,1682
5,2,-0.021715763646036442,40.13963479423731,-9384.52271226496,678,1658
5,2,-0.0215285316154064,40.13919454801762,-9384.548333345327,701,1635
5,2,-0.020807040948956426,40.13576930721639,-9384.747682236495,724,1612
5,2,-0.017881909431341526,40.13996854395924,-9384.503289165741,748,1588
5,2,-0.01724851717838095,40.1488673340494,-9383.985469383988,771,1565
5,2,-0.013178066481934,40.15195999024919,-9383.805534877036,794,1542
5,2,-0.01291783703113995,40.15225755268702,-9383.788223062638,818,1518
5,2,-0.00878726902660256,40.14379284925821,-9384.280739124983,841,1495
5,2,-0.00862213931861666,40.135400292739845,-9384.769159880872,864,1472
5,2,-0.0085320592176697,40.13938166700755,-9384.537443516905,889,1447
5,2,-0.00437199630644945,40.12526365745465,-9385.359216802575,911,1425
5,2,-0.0043145291776748,40.127381364980195,-9385.235932024123,935,1401
5,2,-0.004304175245417709,40.12844779745864,-9385.173850894424,958,1378
5,2,0.0,40.10739068866111,-9386.3999714961,1297,1039
5,2,0.0043102519349027,40.11224530007211,-9386.117238418838,1309,1027
5,2,0.004333901099792669,40.11424781907803,-9386.000621470574,1331,1005
5,2,0.00448523068569036,40.10958012648446,-9386.272454171407,1355,981
5,2,0.00858781927327537,40.09679736229996,-9387.017046766729,1378,958
5,2,0.0086273833199812,40.10182323499042,-9386.724262713016,1402,934
5,2,0.008792042944940579,40.10707065003908,-9386.41861178137,1425,911
5,2,0.012918956639400321,40.0958969337994,-9387.069505435085,1448,888
5,2,0.013077838290083122,40.086921898212836,-9387.592452458479,1472,864
5,2,0.01723573317226184,40.07343332289639,-9388.378609459647,1495,841
5,2,0.01745908449873965,40.07160161805134,-9388.48538744089,1518,818
5,2,0.020177579294613356,40.081866567601224,-9387.887062182546,1542,794
5,2,0.021316736941082954,40.091671601675785,-9387.315687630908,1565,771
5,2,0.0215773007633987,40.10080753672716,-9386.783429628622,1591,745
5,2,0.021987446477722872,40.10379394831457,-9386.609468101671,1612,724
5,2,0.025488577400688467,40.11490154563427,-9385.962552882098,1635,701
5,2,0.026872446409827912,40.118680878597736,-9385.742482394344,1658,678
5,2,0.031415635286688746,40.126403550546634,-9385.292855807078,1682,654
5,2,0.03508525860373658,40.12316719939159,-9385.481270928349,1705,631
5,2,0.03878658750747258,40.1299333726485,-9385.087372607835,1728,608
5,2,0.040253599432049474,40.12332652640132,-9385.471994812284,1752,584
5,2,0.04260940213470584,40.08044454102584,-9387.969940383899,1775,561
5,2,0.0433369454236544,40.09059039240141,-9387.378686723285,1799,537
5,2,0.04447139332207207,40.07342645887698,-9388.379009583854,1822,514
5,2,0.05466316634515858,40.07377390162802,-9388.358756193524,1845,491
5,2,0.0593061201528196,40.05529755146152,-9389.436036984906,1869,467
5,2,0.06268997220335289,40.03752159828349,-9390.472949600708,1892,444
5,2,0.06564183785109448,40.04201955909576,-9390.21052960387,1915,421
5,2,0.07264882637533185,40.03014917324782,-9390.903135336499,1939,397
5,2,0.08055926712244181,40.07664798874908,-9388.191224510985,1962,374
5,2,0.08469194954092066,40.09207545543382,-9387.292156618369,1985,351
5,3,-0.06893877686577154,39.975360780525875,-9394.102557613269,351,1985
5,3,-0.06420825320744777,39.949518979899224,-9395.613137261267,374,1962
5,3,-0.05975843291913529,39.94338034593671,-9395.972114068609,397,1939
5,3,-0.05200298562886868,39.90818751183965,-9398.031196137481,421,1915
5,3,-0.047309796000743566,39.90048113811703,-9398.482327308482,444,1892
5,3,-0.044004401150122,39.904493699949256,-9398.247421039368,468,1868
5,3,-0.04288672667995667,39.8997772159971,-9398.523539257067,491,1845
5,3,-0.04078539017742972,39.927963164048585,-9396.873927804432,514,1822
5,3,-0.039367112886089864,39.90213390393409,-9398.385567046998,538,1798
5,3,-0.035222746079710085,39.92966995836986,-9396.774073316408,561,1775
5,3,-0.034133018871387776,39.945770396540986,-9395.83234144213,584,1752
5,3,-0.03006834288703949,39.919040744259156,-9397.395995551364,608,1728
5,3,-0.025860510273800506,39.92787950716077,-9396.878822186194,631,1705
5,3,-0.02200074828458146,39.95642248031683,-9395.209498264694,654,1682
5,3,-0.021715763646036442,39.93532080968174,-9396.443505728292,678,1658
5,3,-0.0215285316154064,39.93638925038562,-9396.38100856922,701,1635
5,3,-0.020807040948956426,39.93078889594446,-9396.70861318227,724,1612
5,3,-0.017881909431341526,39.92092372171341,-9397.285809246465,748,1588
5,3,-0.01724851717838095,39.92833437487457,-9396.852210081068,771,1565
5,3,-0.013178066481934,39.92537950999021,-9397.025090315114,794,1542
5,3,-0.01291783703113995,39.935443795600364,-9396.436311729152,818,1518
5,3,-0.00878726902660256,39.908135408568796,-9398.034245970806,841,1495
5,3,-0.00862213931861666,39.917250983324976,-9397.500731917557,864,1472
5,3,-0.0085320592176697,39.92616402431561,-9396.9791895001,889,1447
5,3,-0.00437199630644945,39.96055670767156,-9394.96780857103,911,1425
5,3,-0.0043145291776748,39.93109853688176,-9396.690498878872,935,1401
5,3,-0.004304175245417709,39.93521284050343,-9396.44982134906,958,1378
5,3,0.0,40.14419829601127,-9384.25714596736,1297,1039
5,3,0.0043102519349027,40.15176281957282,-9383.817006093659,1309,1027
5,3,0.004333901099792669,40.14861334461804,-9384.000247414548,1331,1005
5,3,0.00448523068569036,40.14776728175604,-9384.049475109005,1355,981
5,3,0.00858781927327537,40.16834998645848,-9382.852176213768,1378,958
5,3,0.0086273833199812,40.171565996118815,-9382.66515588947,1402,934
5,3,0.008792042944940579,40.17254338849448,-9382.608320643996,1425,911
5,3,0.012918956639400321,40.17607419537354,-9382.403016181446,1448,888
5,3,0.013077838290083122,40.17607925218343,-9382.402722158016,1472,864
5,3,0.01723573317226184,40.17262969019812,-9382.603302277068,1495,841
5,3,0.01745908449873965,40.17568254300578,-9382.425788550547,1518,818
5,3,0.020177579294613356,40.15549651335088,-9383.599792637633,1542,794
5,3,0.021316736941082954,40.140602866533,-9384.466374193506,1565,771
5,3,0.0215773007633987,40.14127035232461,-9384.427529887893,1591,745
5,3,0.021987446477722872,40.162365811356594,-9383.200213273441,1612,724
5,3,0.025488577400688467,40.15355332872113,-9383.71283791223,1635,701
5,3,0.026872446409827912,40.15742806813394,-9383.4874293537,1658,678
5,3,0.031415635286688746,40.15863121895097,-9383.417441848493,1682,654
5,3,0.03508525860373658,40.157716196394944,-9383.470668688602,1705,631
5,3,0.03878658750747258,40.15181924517624,-9383.813723295902,1728,608
5,3,0.040253599432049474,40.159309746522055,-9383.377972699083,1752,584
5,3,0.04260940213470584,40.16066366436306,-9383.299218886239,1775,561
5,3,0.0433369454236544,40.165659061933546,-9383.00867281507,1799,537
5,3,0.04447139332207207,40.16285257764508,-9383.171901217209,1822,514
5,3,0.05466316634515858,40.16404051631221,-9383.102807925543,1845,491
5,3,0.0593061201528196,40.16006312483825,-9383.33415035128,1869,467
5,3,0.06268997220335289,40.16036470461159,-9383.316608354318,1892,444
5,3,0.06564183785109448,40.16217790504162,-9383.211142663924,1915,421
5,3,0.07264882637533185,40.166165760973406,-9382.979203822933,1939,397
5,3,0.08060401095456499,40.14909757718676,-9383.972073080124,1962,374
5,3,0.08476373761676607,40.150365512362654,-9383.89830181299,1985,351
5,4,-0.06927811382090548,39.75976139308689,-9406.735419588216,351,1985
5,4,-0.06430733091887546,39.73670893455234,-9408.090210421677,374,1962
5,4,-0.06012159337212578,39.750361143254395,-9407.287776521158,397,1939
5,4,-0.0520205673756657,39.73622811038016,-9408.118476780213,421,1915
5,4,-0.04735443555451917,39.73171318431427,-9408.383913813801,444,1892
5,4,-0.0440140852175921,39.7038314346573,-9410.023778440796,468,1868
5,4,-0.04293320380619425,39.73886272018626,-9407.963599360257,491,1845
5,4,-0.04109831965165568,39.66433085590136,-9412.348976780519,514,1822
5,4,-0.039392179845257266,39.65044534727902,-9413.166896215607,538,1798
5,4,-0.03524477731331782,39.70882897408468,-9409.72976355557,561,1775
5,4,-0.03420594177108757,39.739432337040384,-9407.930115376477,584,1752
5,4,-0.030096267702268798,39.74483877886977,-9407.612330537902,608,1728
5,4,-0.025870209733436674,39.765595712852374,-9406.39266171846,631,1705
5,4,-0.0220046210591881,39.76004137423041,-9406.718969951058,655,1681
5,4,-0.0217178847633934,39.77656762367403,-9405.748213974854,679,1657
5,4,-0.0215424389372936,39.77584658910297,-9405.790559308423,701,1635
5,4,-0.020940873637460035,39.80200425812659,-9404.254847640179,724,1612
5,4,-0.0179521936408725,39.72624761077924,-9408.705280727077,748,1588
5,4,-0.017253129456230885,39.75057612397916,-9407.275142834305,771,1565
5,4,-0.01318038237467676,39.78968569020046,-9404.977942599564,794,1542
5,4,-0.012929780575515474,39.79903436817942,-9404.429158504448,818,1518
5,4,-0.0087877323313268,39.74471970290365,-9407.619329229608,842,1494
5,4,-0.008628518554191696,39.742702126031574,-9407.737915528316,864,1472
5,4,-0.00853256883339366,39.740084962078555,-9407.891752483974,888,1448
5,4,-0.004375899436058045,39.78149296221757,-9405.458976384905,911,1425
5,4,-0.0043145291776748,39.771558494461324,-9406.042408858564,936,1400
5,4,-0.0043093047168024645,39.78285121924638,-9405.379219844404,958,1378
5,4,0.0,39.94449207120337,-9395.907098187114,1298,1038
5,4,0.00431017762501662,39.95389852703144,-9395.35706255432,1308,1028
5,4,0.004332043201050243,39.96643690964888,-9394.624091105325,1331,1005
5,4,0.004428893836850806,39.97244306035516,-9394.273063718361,1355,981
5,4,0.008584999183583379,40.00812971600267,-9392.188456663649,1378,958
5,4,0.0086258949419545,40.013752717675004,-9391.860163163703,1402,934
5,4,0.00878736556623813,40.01900894248362,-9391.553325290915,1425,911
5,4,0.012903060616115571,40.022594523764845,-9391.344036183355,1448,888
5,4,0.01307013005470509,40.05045402879415,-9389.718525289218,1472,864
5,4,0.017195487882444085,40.02617023822516,-9391.13534167046,1495,841
5,4,0.0174040155950354,40.03093108438793,-9390.857506563629,1518,818
5,4,0.020177579294613356,40.01375936955688,-9391.85977482735,1542,794
5,4,0.021316736941082954,39.98642587360932,-9393.45604735657,1565,771
5,4,0.0215773007633987,39.98660082693557,-9393.445826636236,1591,745
5,4,0.021987446477722872,39.996512850168486,-9392.866842265006,1612,724
5,4,0.025488577400688467,40.01411474475201,-9391.839028144648,1635,701
5,4,0.026872446409827912,40.032710719806175,-9390.753658468688,1658,678
5,4,0.031415635286688746,40.044113164112545,-9390.088394568653,1682,654
5,4,0.03508525860373658,40.04035099806116,-9390.307873340085,1705,631
5,4,0.03878658750747258,40.06048769653928,-9389.13337056577,1728,608
5,4,0.040253599432049474,40.06501290456014,-9388.869512346635,1752,584
5,4,0.04260940213470584,40.072709591640916,-9388.420798294976,1775,561
5,4,0.0433369454236544,40.081782385516135,-9387.89196838014,1799,537
5,4,0.04447139332207207,40.0802667120574,-9387.980304774728,1822,514
5,4,0.05466316634515858,40.09085806904726,-9387.363089782677,1845,491
5,4,0.0593061201528196,40.05489871895448,-9389.459296764055,1869,467
5,4,0.06268997220335289,40.024465377527314,-9391.234842556623,1892,444
5,4,0.06564183785109448,40.013041220200236,-9391.901700704302,1915,421
5,4,0.07264882637533185,40.000385674095945,-9392.640660578754,1939,397
5,4,0.08060401095456499,39.987243644446515,-9393.408273815923,1962,374
5,4,0.08476373761676607,39.98430102900613,-9393.58018370462,1985,351
5,5,-0.06927811382090548,39.92525244442989,-9397.032524824815,351,1985
5,5,-0.06430733091887546,40.005879584303656,-9392.319841347311,374,1962
5,5,-0.06012159337212578,39.98299350187267,-9393.656574519187,397,1939
5,5,-0.0520205673756657,40.03707097125639,-9390.499241704145,421,1915
5,5,-0.04735443555451917,40.07518144421103,-9388.276708474747,444,1892
5,5,-0.0440140852175921,40.04860470628898,-9389.826392159093,468,1868
5,5,-0.04293320380619425,40.03497002075638,-9390.621826823954,491,1845
5,5,-0.04109831965165568,40.02123870436997,-9391.423172675924,514,1822
5,5,-0.039392179845257266,40.026676436477146,-9391.105799207806,538,1798
5,5,-0.03524477731331782,40.02189659696846,-9391.384772453237,561,1775
5,5,-0.03420594177108757,40.01968704281681,-9391.51374337722,584,1752
5,5,-0.030096267702268798,39.96854918483753,-9394.500633903843,608,1728
5,5,-0.025870209733436674,39.98030913479161,-9393.813413501493,631,1705
5,5,-0.0220046210591881,39.97214413088517,-9394.29053329989,655,1681
5,5,-0.0217178847633934,39.9351437743635,-9396.45386135864,679,1657
5,5,-0.0215424389372936,39.93289452867543,-9396.585434339278,701,1635
5,5,-0.020940873637460035,39.883027804806716,-9399.504367772819,724,1612
5,5,-0.017881909431341526,39.90445409911675,-9398.24973926426,748,1588
5,5,-0.01724851717838095,39.90751425008453,-9398.07060541223,771,1565
5,5,-0.013178066481934,39.912932391583254,-9397.753474173482,794,1542
5,5,-0.01291783703113995,39.8994884043795,-9398.54044828332,818,1518
5,5,-0.00878726902660256,39.90134916724549,-9398.431508523088,841,1495
5,5,-0.00862213931861666,39.908702689137115,-9398.0010407615,864,1472
5,5,-0.0085320592176697,39.914019469983394,-9397.689851171886,889,1447
5,5,-0.00437199630644945,39.935619207640144,-9396.426051128894,911,1425
5,5,-0.0043145291776748,39.946440271250864,-9395.793167978052,935,1401
5,5,-0.004304175245417709,39.94913122100283,-9395.635811105687,958,1378
5,5,0.0,39.969091674585336,-9394.468927787993,1297,1039
5,5,0.0043102519349027,39.95981007636826,-9395.011455285747,1309,1027
5,5,0.004333901099792669,39.95349348219375,-9395.380744587159,1331,1005
5,5,0.00448523068569036,39.96065198875163,-9394.962238670207,1355,981
5,5,0.00858781927327537,39.96165528471725,-9394.903589227872,1378,958
5,5,0.0086273833199812,39.96770943991643,-9394.549714112736,1402,934
5,5,0.008792042944940579,39.96801543694814,-9394.531829516902,1425,911
5,5,0.012918956639400321,39.98600526461621,-9393.480619389557,1448,888
5,5,0.013077838290083122,39.95504510873664,-9395.290025881286,1472,864
5,5,0.01723573317226184,39.97293012733706,-9394.244599570296,1495,841
5,5,0.01745908449873965,39.97727677351661,-9393.990597338683,1518,818
5,5,0.02024172205259486,39.94976597396306,-9395.598694625556,1542,794
5,5,0.021326281763822178,39.96277570318915,-9394.83809492236,1565,771
5,5,0.0215773007633987,39.967243696706575,-9394.576935649638,1590,746
5,5,0.022000506236166305,39.943609981680616,-9395.958684370093,1612,724
5,5,0.025537356329065657,39.99138660135024,-9393.166260485461,1635,701
5,5,0.026985541536296745,39.989864283719776,-9393.255184675714,1658,678
5,5,0.03143874701198117,39.98913262042146,-9393.297925033334,1682,654
5,5,0.03510096190229195,39.982813651242445,-9393.667082287124,1705,631
5,5,0.038822223465950954,39.9979752251265,-9392.781433682878,1728,608
5,5,0.040269809480563926,40.02397368888843,-9391.26353979729,1752,584
5,5,0.042627565486570464,39.98999101360397,-9393.247781786366,1775,561
5,5,0.04335479502237924,39.97604449328175,-9394.062604519453,1798,538
5,5,0.04466784572762015,39.98769431171462,-9393.381946599793,1822,514
5,5,0.05466316634515858,39.9396769830879,-9396.18870707119,1845,491
5,5,0.0593061201528196,39.89575307424707,-9398.759151329617,1869,467
5,5,0.06268997220335289,39.82077229022475,-9403.153601848617,1892,444
5,5,0.06564183785109448,39.84596681557768,-9401.676086543053,1915,421
5,5,0.07264882637533185,39.82613124005569,-9402.839251729049,1939,397
5,5,0.08060401095456499,39.80386369994247,-9404.145718597456,1962,374
5,5,0.08476373761676607,39.778006859272644,-9405.663692012904,1985,351
6,1,-0.0689261554181829,39.698578480501226,-9394.820469075234,351,1985
6,1,-0.06413957623169092,39.71914312030147,-9393.610688721965,374,1962
6,1,-0.059684062674668144,39.767148193349755,-9390.789073512055,397,1939
6,1,-0.05192684528887043,39.787208233263414,-9389.611004671167,421,1915
6,1,-0.04722617757495875,39.79009544723981,-9389.441495739853,444,1892
6,1,-0.0439850457938093,39.814165768188246,-9388.028800726028,468,1868
6,1,-0.0428449021121456,39.816061941648314,-9387.91754997789,492,1844
6,1,-0.0406578476510596,39.727489718640975,-9393.119852217103,514,1822
6,1,-0.03931023701998061,39.70828828333249,-9394.249180962472,538,1798
6,1,-0.035197637436770984,39.704940384511694,-9394.446142898945,561,1775
6,1,-0.03409297020331348,39.71083933581645,-9394.099109845269,584,1752
6,1,-0.030046529666759633,39.700548969604014,-9394.704521641226,608,1728
6,1,-0.025085737876994377,39.708031276340805,-9394.26430048289,631,1705
6,1,-0.0219997800909298,39.70417906587042,-9394.490934740445,655,1681
6,1,-0.021703037555578772,39.73125270302537,-9392.898596977951,678,1658
6,1,-0.02151463028032035,39.72701301866233,-9393.147882627256,701,1635
6,1,-0.020655960783661675,39.732344935006346,-9392.834380053888,724,1612
6,1,-0.0176188169420241,39.76444031744715,-9390.948144850357,750,1586
6,1,-0.017244203961644448,39.77334618302547,-9390.425019855478,771,1565
6,1,-0.0131773139576841,39.793298483831414,-9389.253459188196,794,1542
6,1,-0.012876798731683,39.79239837051187,-9389.306299454667,818,1518
6,1,-0.00878626535234478,39.78471388876819,-9389.757458057924,841,1495
6,1,-0.0086218045490367,39.78513920155778,-9389.732485517749,865,1471
6,1,-0.00853151336384134,39.78346860024127,-9389.830577586563,888,1448
6,1,-0.004369731864362235,39.79081317407575,-9389.399359757295,911,1425
6,1,-0.004313226509762,39.78777454176808,-9389.577755611706,935,1401
6,1,-0.004288858027725029,39.78666771754695,-9389.642739827928,958,1378
6,1,0.0,39.878732101417114,-9384.243595483003,1296,1040
6,1,0.0043103634093368,39.876844228621806,-9384.354185138387,1308,1028
6,1,0.00433558281022465,39.87931374964389,-9384.209524180395,1331,1005
6,1,0.00448780664722921,39.87859702118267,-9384.251508170932,1355,981
6,1,0.008602068990948232,39.8813487728862,-9384.090322204265,1378,958
6,1,0.0086281277016377,39.88232409631461,-9384.033194555877,1402,934
6,1,0.008802043631283835,39.880737340630795,-9384.126136356534,1425,911
6,1,0.01292540751161461,39.89520004532572,-9383.279142146386,1448,888
6,1,0.01314236040042431,39.89458529458322,-9383.315138175914,1472,864
6,1,0.017237070154653943,39.894117225711916,-9383.34254578749,1495,841
6,1,0.01753354883888815,39.894131180941166,-9383.341728639194,1518,818
6,1,0.02024172205259486,39.90762476809856,-9382.55174552353,1542,794
6,1,0.021326281763822178,39.9105330970808,-9382.381512165926,1565,771
6,1,0.0215773007633987,39.90851437115009,-9382.499673029148,1590,746
6,1,0.022000506236166305,39.90693381242235,-9382.592191088557,1612,724
6,1,0.025537356329065657,39.91555198531046,-9382.087770517246,1635,701
6,1,0.026985541536296745,39.90943621263922,-9382.445714697646,1658,678
6,1,0.03143874701198117,39.911919214589155,-9382.3003828494,1682,654
6,1,0.03510096190229195,39.91326722662076,-9382.221486544948,1705,631
6,1,0.038822223465950954,39.91142519915749,-9382.329297199127,1728,608
6,1,0.040269809480563926,39.85714470037299,-9385.508475787674,1752,584
6,1,0.042627565486570464,39.81834549278472,-9387.783578353614,1775,561
6,1,0.04335479502237924,39.82730808507766,-9387.257834267297,1798,538
6,1,0.044846276919315926,39.8467585652402,-9386.117279392354,1822,514
6,1,0.05546410133981774,39.83662127869822,-9386.711649298253,1845,491
6,1,0.0594177082246304,39.80055880114068,-9388.827293103022,1869,467
6,1,0.06296522223903828,39.79438390043789,-9389.189742464278,1892,444
6,1,0.0656915156803352,39.80478099433107,-9388.579494567715,1915,421
6,1,0.07286015555038554,39.79151080428196,-9389.358404326988,1939,397
6,1,0.08060401095456499,39.78582120142458,-9389.692441972195,1962,374
6,1,0.08476373761676607,39.79086167667827,-9389.396512315856,1985,351
6,2,-0.06893877686577154,39.908329759138,-9382.510479110619,351,1985
6,2,-0.06420825320744777,39.86720763347195,-9384.918768598947,374,1962
6,2,-0.05975843291913529,39.87457406042931,-9384.487176200186,397,1939
6,2,-0.05200298562886868,39.89671451033502,-9383.190466739063,421,1915
6,2,-0.047309796000743566,39.92264164686766,-9381.672895162788,444,1892
6,2,-0.044004401150122,39.930373400916395,-9381.220529588278,468,1868
6,2,-0.04288672667995667,39.93106051548588,-9381.180332472957,491,1845
6,2,-0.04078539017742972,39.92812004679547,-9381.35235865243,514,1822
6,2,-0.039367112886089864,39.95242099266833,-9379.931061035473,538,1798
6,2,-0.035222746079710085,39.93235132359162,-9381.104820353808,561,1775
6,2,-0.034133018871387776,39.93300833127276,-9381.066386420754,584,1752
6,2,-0.03006834288703949,39.91079882982511,-9382.36595863717,608,1728
6,2,-0.025860510273800506,39.907685836394236,-9382.548170882585,631,1705
6,2,-0.02200074828458146,39.915146890559825,-9382.111478222447,654,1682
6,2,-0.021715763646036442,39.91533734203773,-9382.100332238388,678,1658
6,2,-0.0215285316154064,39.91464269940241,-9382.140985767182,701,1635
6,2,-0.020807040948956426,39.91219313107212,-9382.284350878974,724,1612
6,2,-0.017881909431341526,39.92733643992643,-9381.398204126906,748,1588
6,2,-0.01724851717838095,39.93824462944965,-9380.76009367824,771,1565
6,2,-0.013178066481934,39.94565938977894,-9380.326442359074,794,1542
6,2,-0.01291783703113995,39.944451130258955,-9380.397101774128,818,1518
6,2,-0.00878726902660256,39.93678222971703,-9380.845631446678,841,1495
6,2,-0.00862213931861666,39.92741872282984,-9381.393390065128,864,1472
6,2,-0.0085320592176697,39.93261110289711,-9381.089623590693,889,1447
6,2,-0.00437199630644945,39.91687700375091,-9382.010227014778,911,1425
6,2,-0.0043145291776748,39.92002240542427,-9381.826160289564,935,1401
6,2,-0.004304175245417709,39.92091248732341,-9381.77407594663,958,1378
6,2,0.0,39.89232328287258,-9383.447592470777,1297,1039
6,2,0.0043102519349027,39.89281449633008,-9383.418828350825,1309,1027
6,2,0.004333901099792669,39.89623933275881,-9383.218289115968,1331,1005
6,2,0.00448523068569036,39.89329704362564,-9383.390572042535,1355,981
6,2,0.00858781927327537,39.88361930287644,-9383.957332542597,1378,958
6,2,0.0086273833199812,39.8887281021691,-9383.658127227669,1402,934
6,2,0.008792042944940579,39.89469446607259,-9383.308745723194,1425,911
6,2,0.012918956639400321,39.890676872513026,-9383.54400435283,1448,888
6,2,0.013077838290083122,39.88097148501336,-9384.112421472897,1472,864
6,2,0.01723573317226184,39.866547949721415,-9384.957422773205,1495,841
6,2,0.01745908449873965,39.86477316179732,-9385.061419660089,1518,818
6,2,0.020177579294613356,39.8708590301667,-9384.704826549889,1542,794
6,2,0.021316736941082954,39.89100845049073,-9383.524587210844,1565,771
6,2,0.0215773007633987,39.894335230691865,-9383.329780540953,1591,745
6,2,0.021987446477722872,39.89661796944679,-9383.196119329523,1612,724
6,2,0.025488577400688467,39.911608044339545,-9382.318595367138,1635,701
6,2,0.026872446409827912,39.91370664244489,-9382.19576903831,1658,678
6,2,0.031415635286688746,39.92007357496187,-9381.823166003587,1682,654
6,2,0.03508525860373658,39.91523487479908,-9382.106329025404,1705,631
6,2,0.03878658750747258,39.92316057233644,-9381.642531390082,1728,608
6,2,0.040253599432049474,39.932408670961095,-9381.101465596212,1752,584
6,2,0.04260940213470584,39.888533064657636,-9383.669549219854,1775,561
6,2,0.0433369454236544,39.901110123351486,-9382.933112555189,1799,537
6,2,0.04447139332207207,39.883258019457884,-9383.978493156981,1822,514
6,2,0.05466316634515858,39.88206950930753,-9384.048106353526,1845,491
6,2,0.0593061201528196,39.863472335395464,-9385.137646860525,1869,467
6,2,0.06268997220335289,39.85120314910072,-9385.856732003547,1892,444
6,2,0.06564183785109448,39.85438038398582,-9385.670496099698,1915,421
6,2,0.07264882637533185,39.84010728854665,-9386.507240328217,1939,397
6,2,0.08055926712244181,39.87471065646909,-9384.479173912765,1962,374
6,2,0.08469194954092066,39.90432261677299,-9382.745045543232,1985,351
6,3,-0.06893877686577154,39.808694928041376,-9388.349811111524,351,1985
6,3,-0.06420825320744777,39.78596662954634,-9389.683903265155,374,1962
6,3,-0.05975843291913529,39.7815047083697,-9389.945895953984,397,1939
6,3,-0.05200298562886868,39.74185019211172,-9392.275600423127,421,1915
6,3,-0.047309796000743566,39.728855478448686,-9393.039546109309,444,1892
6,3,-0.044004401150122,39.73283370027533,-9392.805644054348,468,1868
6,3,-0.04288672667995667,39.73235391846657,-9392.833851885698,491,1845
6,3,-0.04078539017742972,39.755519969122105,-9391.472238013876,514,1822
6,3,-0.039367112886089864,39.734408438665575,-9392.71306278989,538,1798
6,3,-0.035222746079710085,39.759813021484845,-9391.219995585858,561,1775
6,3,-0.034133018871387776,39.77539851456711,-9390.304483786667,584,1752
6,3,-0.03006834288703949,39.746567784050086,-9391.99831990701,608,1728
6,3,-0.025860510273800506,39.754698252973455,-9391.52052184371,631,1705
6,3,-0.02200074828458146,39.7815499589842,-9389.943238805237,654,1682
6,3,-0.021715763646036442,39.76082201253921,-9391.160715297108,678,1658
6,3,-0.0215285316154064,39.76170553156139,-9391.108807982298,701,1635
6,3,-0.020807040948956426,39.7566769330838,-9391.404256800426,724,1612
6,3,-0.017881909431341526,39.74302470047135,-9392.206564608905,748,1588
6,3,-0.01724851717838095,39.74926874603618,-9391.839583362369,771,1565
6,3,-0.013178066481934,39.74512275575991,-9392.08324918863,794,1542
6,3,-0.01291783703113995,39.75447156432107,-9391.533842186334,818,1518
6,3,-0.00878726902660256,39.7271515562375,-9393.139736451978,841,1495
6,3,-0.00862213931861666,39.73489658871746,-9392.684364451057,864,1472
6,3,-0.0085320592176697,39.74316104888645,-9392.198550388708,889,1447
6,3,-0.00437199630644945,39.77346756877956,-9390.417890541099,911,1425
6,3,-0.0043145291776748,39.745925964876946,-9392.036041445679,935,1401
6,3,-0.004304175245417709,39.74969879315958,-9391.814310327729,958,1378
6,3,0.0,39.96193222554092,-9379.375009733036,1297,1039
6,3,0.0043102519349027,39.96696261077691,-9379.080973891534,1309,1027
6,3,0.004333901099792669,39.96401933882936,-9379.253009392785,1331,1005
6,3,0.00448523068569036,39.965349768941046,-9379.175243615926,1355,981
6,3,0.00858781927327537,39.98669579134857,-9377.927888174816,1378,958
6,3,0.0086273833199812,39.98942179493371,-9377.768642025601,1402,934
6,3,0.008792042944940579,39.99033032468468,-9377.715570455808,1425,911
6,3,0.012918956639400321,39.99280647981418,-9377.570932507973,1448,888
6,3,0.013077838290083122,39.991884497463104,-9377.624786582945,1472,864
6,3,0.01723573317226184,39.98849321684804,-9377.822885960517,1495,841
6,3,0.01745908449873965,39.99031630855902,-9377.716389195613,1518,818
6,3,0.020177579294613356,39.9686428409759,-9378.982769399976,1542,794
6,3,0.021316736941082954,39.9548707560634,-9379.787828868111,1565,771
6,3,0.0215773007633987,39.95523094748505,-9379.76677002466,1591,745
6,3,0.021987446477722872,39.9775496498707,-9378.462261668057,1612,724
6,3,0.025488577400688467,39.96822105643,-9379.007421072587,1635,701
6,3,0.026872446409827912,39.970411703712,-9378.879389059144,1658,678
6,3,0.031415635286688746,39.97130989345071,-9378.826896538649,1682,654
6,3,0.03508525860373658,39.97137570399961,-9378.823050447138,1705,631
6,3,0.03878658750747258,39.96671887486657,-9379.095219878354,1728,608
6,3,0.040253599432049474,39.97557175161579,-9378.577838652258,1752,584
6,3,0.04260940213470584,39.97580273249883,-9378.564341164658,1775,561
6,3,0.0433369454236544,39.981494874853496,-9378.231742516109,1799,537
6,3,0.04447139332207207,39.97540329720382,-9378.587682422296,1822,514
6,3,0.05466316634515858,39.975179091152754,-9378.600784148879,1845,491
6,3,0.0593061201528196,39.96273460601672,-9379.328106546176,1869,467
6,3,0.06268997220335289,39.956026466025754,-9379.720260149297,1892,444
6,3,0.06564183785109448,39.961131109060325,-9379.421839972536,1915,421
6,3,0.07264882637533185,39.9569385349284,-9379.66693731347,1939,397
6,3,0.08060401095456499,39.939510618667086,-9380.686046759844,1962,374
6,3,0.08476373761676607,39.943354950134605,-9380.46120859834,1985,351
6,4,-0.06927811382090548,39.52210560263933,-9405.227885505401,351,1985
6,4,-0.06430733091887546,39.500500242997546,-9406.505244581089,374,1962
6,4,-0.06012159337212578,39.50788154807344,-9406.068766113449,397,1939
6,4,-0.0520205673756657,39.48260403184385,-9407.563839336368,421,1915
6,4,-0.04735443555451917,39.47346370674286,-9408.104691993874,444,1892
6,4,-0.0440140852175921,39.498996662550816,-9406.594165753035,468,1868
6,4,-0.04293320380619425,39.54368579277301,-9403.952711387381,491,1845
6,4,-0.04109831965165568,39.474790254995455,-9408.026189517557,514,1822
6,4,-0.039392179845257266,39.46869971632905,-9408.386637183556,538,1798
6,4,-0.03524477731331782,39.5183156298889,-9405.451906992475,561,1775
6,4,-0.03420594177108757,39.54252905913199,-9404.021045161873,584,1752
6,4,-0.030096267702268798,39.54923458419451,-9403.624945596963,608,1728
6,4,-0.025870209733436674,39.571328818375356,-9402.32030037786,631,1705
6,4,-0.0220046210591881,39.56595252169564,-9402.637698925053,655,1681
6,4,-0.0217178847633934,39.57776254757361,-9401.940531231281,679,1657
6,4,-0.0215424389372936,39.57713418471242,-9401.977619414181,701,1635
6,4,-0.020940873637460035,39.600407721202735,-9400.604326394508,724,1612
6,4,-0.0179521936408725,39.510758420629344,-9405.898670189343,748,1588
6,4,-0.017253129456230885,39.52755420674016,-9404.905861622428,771,1565
6,4,-0.01318038237467676,39.550148833294195,-9403.570945532621,794,1542
6,4,-0.012929780575515474,39.55671836191879,-9403.1829534544,818,1518
6,4,-0.0087877323313268,39.49039082271497,-9407.103176965204,842,1494
6,4,-0.008628518554191696,39.48838989034108,-9407.221542378904,864,1472
6,4,-0.00853256883339366,39.48236990979058,-9407.57769127829,888,1448
6,4,-0.004375899436058045,39.52253675632323,-9405.202401804658,911,1425
6,4,-0.0043145291776748,39.51759572800536,-9405.494462098657,936,1400
6,4,-0.0043093047168024645,39.527150034896565,-9404.929747498309,958,1378
6,4,0.0,39.74663019064962,-9391.994652126112,1298,1038
6,4,0.00431017762501662,39.75660721277885,-9391.408353389672,1308,1028
6,4,0.004332043201050243,39.7696702389293,-9390.64092832365,1331,1005
6,4,0.004428893836850806,39.773881625586895,-9390.393572026107,1355,981
6,4,0.008584999183583379,39.79575018849367,-9389.109540340356,1378,958
6,4,0.0086258949419545,39.8009182701319,-9388.806195013027,1402,934
6,4,0.00878736556623813,39.80649545059339,-9388.478881438314,1425,911
6,4,0.012903060616115571,39.81204035511148,-9388.15350753275,1448,888
6,4,0.01307013005470509,39.835955736868144,-9386.75067667187,1472,864
6,4,0.017195487882444085,39.80941274745921,-9388.30768938296,1495,841
6,4,0.0174040155950354,39.81469996729307,-9387.997458094247,1518,818
6,4,0.020177579294613356,39.79018946207489,-9389.435976316168,1542,794
6,4,0.021316736941082954,39.77273708956923,-9390.460793893752,1565,771
6,4,0.0215773007633987,39.77242896679034,-9390.478891154647,1591,745
6,4,0.021987446477722872,39.78324873241887,-9389.84348778948,1612,724
6,4,0.025488577400688467,39.80560099091017,-9388.531372401709,1635,701
6,4,0.026872446409827912,39.82501942470919,-9387.392075432355,1658,678
6,4,0.031415635286688746,39.836499583551806,-9386.718785453055,1682,654
6,4,0.03508525860373658,39.82866904155935,-9387.178011146516,1705,631
6,4,0.03878658750747258,39.84073326221873,-9386.470537038245,1728,608
6,4,0.040253599432049474,39.86101466659059,-9385.281670724356,1752,584
6,4,0.04260940213470584,39.888099778046886,-9383.694924006597,1775,561
6,4,0.0433369454236544,39.89455888981477,-9383.316684289479,1799,537
6,4,0.04447139332207207,39.896300035916965,-9383.214734834362,1822,514
6,4,0.05466316634515858,39.909946032835805,-9382.415873825774,1845,491
6,4,0.0593061201528196,39.87491637018712,-9384.467122514829,1869,467
6,4,0.06268997220335289,39.845957748710255,-9386.164227407191,1892,444
6,4,0.06564183785109448,39.83520177701024,-9386.79488966646,1915,421
6,4,0.07264882637533185,39.82360807321839,-9387.47486197084,1939,397
6,4,0.08060401095456499,39.806910594806965,-9388.454519287989,1962,374
6,4,0.08476373761676607,39.813934963467545,-9388.042342674726,1985,351
6,5,-0.06927811382090548,39.73175475718005,-9392.869078877824,351,1985
6,5,-0.06430733091887546,39.800613240269996,-9388.824097928811,374,1962
6,5,-0.06012159337212578,39.773086256308225,-9390.440286129346,397,1939
6,5,-0.0520205673756657,39.832876256988975,-9386.931265863936,421,1915
6,5,-0.04735443555451917,39.86740350233788,-9384.90729178444,444,1892
6,5,-0.0440140852175921,39.8318010327432,-9386.994323267134,468,1868
6,5,-0.04293320380619425,39.80747675039643,-9388.421295658414,491,1845
6,5,-0.04109831965165568,39.68306448979519,-9395.733543720571,514,1822
6,5,-0.039392179845257266,39.708841444441305,-9394.21663925882,538,1798
6,5,-0.03524477731331782,39.6926192226338,-9395.171158491874,561,1775
6,5,-0.03420594177108757,39.69276061476622,-9395.162837261389,584,1752
6,5,-0.030096267702268798,39.64173610608569,-9398.167665517423,608,1728
6,5,-0.025870209733436674,39.655823399270474,-9397.33767989287,631,1705
6,5,-0.0220046210591881,39.66191077522227,-9396.979119215377,655,1681
6,5,-0.0217178847633934,39.62756670109185,-9399.002786535168,679,1657
6,5,-0.0215424389372936,39.624771546162734,-9399.167563551508,701,1635
6,5,-0.020940873637460035,39.58679737541707,-9401.40732905206,724,1612
6,5,-0.017881909431341526,39.57383303691445,-9402.172474424327,748,1588
6,5,-0.01724851717838095,39.58225750635896,-9401.675240148063,771,1565
6,5,-0.013178066481934,39.58737439094928,-9401.37327986018,794,1542
6,5,-0.01291783703113995,39.57177850734644,-9402.293754201648,818,1518
6,5,-0.00878726902660256,39.581345691407066,-9401.729052749855,841,1495
6,5,-0.00862213931861666,39.593196907192635,-9401.029725936634,864,1472
6,5,-0.0085320592176697,39.60372849012712,-9400.40844480087,889,1447
6,5,-0.00437199630644945,39.63892900344025,-9398.33308773666,911,1425
6,5,-0.0043145291776748,39.650808812900706,-9397.633092103642,935,1401
6,5,-0.004304175245417709,39.653911115375124,-9397.450329246893,958,1378
6,5,0.0,39.6690078002892,-9396.561157318598,1297,1039
6,5,0.0043102519349027,39.65756128611048,-9397.235308680873,1309,1027
6,5,0.004333901099792669,39.650974345759224,-9397.623339870033,1331,1005
6,5,0.00448523068569036,39.651151740196646,-9397.612888866352,1355,981
6,5,0.00858781927327537,39.64484528113373,-9397.984455879958,1378,958
6,5,0.0086273833199812,39.64898984789254,-9397.740257628186,1402,934
6,5,0.008792042944940579,39.65191708328102,-9397.567800032548,1425,911
6,5,0.012918956639400321,39.65800763042994,-9397.209017239116,1448,888
6,5,0.013077838290083122,39.62963833906962,-9398.88066902384,1472,864
6,5,0.01723573317226184,39.64347067074765,-9398.065453687104,1495,841
6,5,0.01745908449873965,39.64759774503211,-9397.822277608642,1518,818
6,5,0.02024172205259486,39.62111565136556,-9399.383099538403,1542,794
6,5,0.021326281763822178,39.64423267310082,-9398.020552966766,1565,771
6,5,0.0215773007633987,39.65548055394433,-9397.357875921478,1590,746
6,5,0.022000506236166305,39.633032455747404,-9398.680608731029,1612,724
6,5,0.025537356329065657,39.684417109420664,-9395.653921200572,1635,701
6,5,0.026985541536296745,39.678231105570944,-9396.01808508238,1658,678
6,5,0.03143874701198117,39.67736815400911,-9396.06889069326,1682,654
6,5,0.03510096190229195,39.657916870409636,-9397.214363338497,1705,631
6,5,0.038822223465950954,39.64834806514881,-9397.778069855653,1728,608
6,5,0.040269809480563926,39.67090901540258,-9396.449202613225,1752,584
6,5,0.042627565486570464,39.58448976410493,-9401.543504178711,1775,561
6,5,0.04335479502237924,39.59132112030956,-9401.14040004993,1798,538
6,5,0.04466784572762015,39.604541442277934,-9400.360493842567,1822,514
6,5,0.05466316634515858,39.560324494595505,-9402.970005001462,1845,491
6,5,0.0593061201528196,39.51927559089623,-9405.395162628722,1869,467
6,5,0.06268997220335289,39.47676096709452,-9407.909571581797,1892,444
6,5,0.06564183785109448,39.490661057946944,-9407.087191624747,1915,421
6,5,0.07264882637533185,39.488158946301866,-9407.235204289524,1939,397
6,5,0.08060401095456499,39.462990178931925,-9408.724587109642,1962,374
6,5,0.08476373761676607,39.47224237811704,-9408.176970115424,1985,351
7,1,-0.0689261554181829,39.69022227938581,-9379.799837569763,351,1985
7,1,-0.06413957623169092,39.70038029979149,-9379.202055589874,374,1962
7,1,-0.059684062674668144,39.733630202943885,-9377.246425304842,397,1939
7,1,-0.05192684528887043,39.74329664858013,-9376.67818951586,421,1915
7,1,-0.04722617757495875,39.74739731181731,-9376.437176414745,444,1892
7,1,-0.0439850457938093,39.775546868663206,-9374.7833803131,468,1868
7,1,-0.0428449021121456,39.773857549531,-9374.882595373785,492,1844
7,1,-0.0406578476510596,39.71392404655016,-9378.40526732873,514,1822
7,1,-0.03931023701998061,39.70102637480093,-9379.164040363561,538,1798
7,1,-0.035197637436770984,39.69818754756651,-9379.331082330222,561,1775
7,1,-0.03409297020331348,39.70432921088635,-9378.969710269754,584,1752
7,1,-0.030046529666759633,39.69284198922042,-9379.645657525638,608,1728
7,1,-0.025085737876994377,39.7003525557156,-9379.203688072572,631,1705
7,1,-0.0219997800909298,39.69753901137852,-9379.369245102976,655,1681
7,1,-0.021703037555578772,39.72467894717888,-9377.772742408217,678,1658
7,1,-0.02151463028032035,39.71997213483896,-9378.049541751889,701,1635
7,1,-0.020655960783661675,39.72572493599731,-9377.711234102138,724,1612
7,1,-0.0176188169420241,39.75680725243627,-9375.88420889538,750,1586
7,1,-0.017244203961644448,39.76566498933687,-9375.363810751258,771,1565
7,1,-0.0131773139576841,39.78407672525493,-9374.282479374295,794,1542
7,1,-0.012876798731683,39.78313493602175,-9374.337779028585,818,1518
7,1,-0.00878626535234478,39.77610026643776,-9374.750879736483,841,1495
7,1,-0.0086218045490367,39.7763011088741,-9374.739084544302,865,1471
7,1,-0.00853151336384134,39.77491612021602,-9374.820424179781,888,1448
7,1,-0.004369731864362235,39.783416386318216,-9374.32125279032,911,1425
7,1,-0.004313226509762,39.78051638087058,-9374.491541324158,935,1401
7,1,-0.004288858027725029,39.77964062793279,-9374.542968041742,958,1378
7,1,0.0,39.860977696385405,-9369.771446625547,1296,1040
7,1,0.0043103634093368,39.86143738297386,-9369.744507454938,1308,1028
7,1,0.00433558281022465,39.86141629838784,-9369.745743075355,1331,1005
7,1,0.00448780664722921,39.86048258734045,-9369.800462018013,1355,981
7,1,0.008602068990948232,39.85993635474728,-9369.832473875316,1378,958
7,1,0.0086281277016377,39.86146316658254,-9369.742996458486,1402,934
7,1,0.008802043631283835,39.85988737844487,-9369.835344143641,1425,911
7,1,0.01292540751161461,39.876538929090344,-9368.859679076253,1448,888
7,1,0.01314236040042431,39.876471393046174,-9368.86363539586,1472,864
7,1,0.017237070154653943,39.87677541866937,-9368.845825365943,1495,841
7,1,0.01753354883888815,39.87638677107555,-9368.868592633202,1518,818
7,1,0.02024172205259486,39.89300220563504,-9367.895446011667,1542,794
7,1,0.021326281763822178,39.89790792066207,-9367.608201504758,1565,771
7,1,0.0215773007633987,39.89569714103456,-9367.73764499104,1590,746
7,1,0.022000506236166305,39.89782941146082,-9367.612798178721,1612,724
7,1,0.025537356329065657,39.902610396860936,-9367.332890400396,1635,701
7,1,0.026985541536296745,39.89695045518622,-9367.664261240865,1658,678
7,1,0.03143874701198117,39.90243942213823,-9367.342899715675,1682,654
7,1,0.03510096190229195,39.90375686092228,-9367.265774451142,1705,631
7,1,0.038822223465950954,39.89508218495102,-9367.773652595512,1728,608
7,1,0.040269809480563926,39.84943881685359,-9370.447765329016,1752,584
7,1,0.042627565486570464,39.80739858900973,-9372.91349167617,1775,561
7,1,0.04335479502237924,39.81407658547932,-9372.521642624004,1798,538
7,1,0.044846276919315926,39.833564468072026,-9371.378515368939,1822,514
7,1,0.05546410133981774,39.82325801900808,-9371.983005088616,1845,491
7,1,0.0594177082246304,39.78882858373707,-9374.003481356454,1869,467
7,1,0.06296522223903828,39.776366059395855,-9374.735270104784,1892,444
7,1,0.0656915156803352,39.7733548888217,-9374.912117851845,1915,421
7,1,0.07286015555038554,39.765231783066255,-9375.389259221958,1939,397
7,1,0.08060401095456499,39.74989904289793,-9376.290151444735,1962,374
7,1,0.08476373761676607,39.75535483381478,-9375.969550554095,1985,351
7,2,-0.06893877686577154,39.79382334360599,-9373.7102576755,351,1985
7,2,-0.06420825320744777,39.75464199351366,-9376.011436983725,374,1962
7,2,-0.05975843291913529,39.744551547289895,-9376.604431238267,397,1939
7,2,-0.05200298562886868,39.72606185643083,-9377.691422184384,421,1915
7,2,-0.047309796000743566,39.74743974560814,-9376.434682533656,444,1892
7,2,-0.044004401150122,39.77679521498785,-9374.710066644686,468,1868
7,2,-0.04288672667995667,39.78653608575577,-9374.138077667967,491,1845
7,2,-0.04078539017742972,39.80726017058105,-9372.921614437844,514,1822
7,2,-0.039367112886089864,39.86127786730923,-9369.753855570876,538,1798
7,2,-0.035222746079710085,39.85598338530081,-9370.064149973758,561,1775
7,2,-0.034133018871387776,39.86096975942531,-9369.771911760667,584,1752
7,2,-0.03006834288703949,39.82547937039862,-9371.852706052628,608,1728
7,2,-0.025860510273800506,39.82087351235427,-9372.12288250175,631,1705
7,2,-0.02200074828458146,39.82974702589292,-9371.60239621873,654,1682
7,2,-0.021715763646036442,39.82981337179612,-9371.598505059172,678,1658
7,2,-0.0215285316154064,39.82930094106614,-9371.628559076107,701,1635
7,2,-0.020807040948956426,39.835696222188716,-9371.253504101742,724,1612
7,2,-0.017881909431341526,39.851941977633444,-9370.301033025878,748,1588
7,2,-0.01724851717838095,39.86108012405343,-9369.765443994931,771,1565
7,2,-0.013178066481934,39.8691335587294,-9369.29353196565,794,1542
7,2,-0.01291783703113995,39.86732266750589,-9369.39963755647,818,1518
7,2,-0.00878726902660256,39.8715405847246,-9369.152504496624,841,1495
7,2,-0.00862213931861666,39.861131366438684,-9369.762441012208,864,1472
7,2,-0.0085320592176697,39.8611386624312,-9369.76201344188,889,1447
7,2,-0.00437199630644945,39.84627631310736,-9370.633160710513,911,1425
7,2,-0.0043145291776748,39.84935757451186,-9370.452527812738,935,1401
7,2,-0.004304175245417709,39.85121384741731,-9370.34371420123,958,1378
7,2,0.0,39.85341297804175,-9370.214809033623,1297,1039
7,2,0.0043102519349027,39.85388383522803,-9370.187209994861,1309,1027
7,2,0.004333901099792669,39.858318575128756,-9369.927286116068,1331,1005
7,2,0.00448523068569036,39.858116733231725,-9369.939115613202,1355,981
7,2,0.00858781927327537,39.85268526221821,-9370.257464343602,1378,958
7,2,0.0086273833199812,39.85798894848945,-9369.946604818937,1402,934
7,2,0.008792042944940579,39.86310600522966,-9369.64672322377,1425,911
7,2,0.012918956639400321,39.85743145232902,-9369.979278824148,1448,888
7,2,0.013077838290083122,39.84592268969148,-9370.653892082211,1472,864
7,2,0.01723573317226184,39.828492692231464,-9371.675963584612,1495,841
7,2,0.01745908449873965,39.825714045023325,-9371.838941037948,1518,818
7,2,0.020177579294613356,39.82395304478419,-9371.942235796349,1542,794
7,2,0.021316736941082954,39.87862077231362,-9368.737726194737,1565,771
7,2,0.0215773007633987,39.88625568822125,-9368.290532783149,1591,745
7,2,0.021987446477722872,39.889528106042576,-9368.098886454616,1612,724
7,2,0.025488577400688467,39.903895444659575,-9367.257661654916,1635,701
7,2,0.026872446409827912,39.90639161473081,-9367.111538805264,1658,678
7,2,0.031415635286688746,39.910388753782414,-9366.877570038565,1682,654
7,2,0.03508525860373658,39.90351513552379,-9367.279925305238,1705,631
7,2,0.03878658750747258,39.90682416454443,-9367.086218778879,1728,608
7,2,0.040253599432049474,39.91585952244253,-9366.557381732437,1752,584
7,2,0.04260940213470584,39.84667825186206,-9370.609597048302,1775,561
7,2,0.0433369454236544,39.862998130535715,-9369.653044748893,1799,537
7,2,0.04447139332207207,39.853911342144954,-9370.185597701915,1822,514
7,2,0.05466316634515858,39.85965920461571,-9369.84871637386,1845,491
7,2,0.0593061201528196,39.82279698983489,-9372.010048842343,1869,467
7,2,0.06268997220335289,39.812539096253275,-9372.611853034225,1892,444
7,2,0.06564183785109448,39.81809128082238,-9372.286101420477,1915,421
7,2,0.07264882637533185,39.796608731998276,-9373.54675391965,1939,397
7,2,0.08055926712244181,39.828452108707936,-9371.6783438695,1962,374
7,2,0.08469194954092066,39.819678144501964,-9372.193007061287,1985,351
7,3,-0.06893877686577154,39.78843562338423,-9374.026552151698,351,1985
7,3,-0.06420825320744777,39.77090320007994,-9375.05611680388,374,1962
7,3,-0.05975843291913529,39.76165697948975,-9375.599269730108,397,1939
7,3,-0.05200298562886868,39.718401741174446,-9378.141901134939,421,1915
7,3,-0.047309796000743566,39.70235878774321,-9379.08564278323,444,1892
7,3,-0.044004401150122,39.70116176155324,-9379.156074249258,468,1868
7,3,-0.04288672667995667,39.70468831058813,-9378.94858277241,491,1845
7,3,-0.04078539017742972,39.72587283216905,-9377.702537349227,514,1822
7,3,-0.039367112886089864,39.720202157607076,-9378.036013755733,538,1798
7,3,-0.035222746079710085,39.748388296062274,-9376.378935863286,561,1775
7,3,-0.034133018871387776,39.76445452274059,-9375.434919659088,584,1752
7,3,-0.03006834288703949,39.731579825474725,-9377.366973196613,608,1728
7,3,-0.025860510273800506,39.739273285503195,-9376.914683533694,631,1705
7,3,-0.02200074828458146,39.763391327542394,-9375.49737888847,654,1682
7,3,-0.021715763646036442,39.74165556119006,-9376.774650041712,678,1658
7,3,-0.0215285316154064,39.7423078977138,-9376.736306253779,701,1635
7,3,-0.020807040948956426,39.737717594101014,-9377.006133777992,724,1612
7,3,-0.017881909431341526,39.7181304625878,-9378.157856181333,748,1588
7,3,-0.01724851717838095,39.72200429509517,-9377.930029962963,771,1565
7,3,-0.013178066481934,39.71435893817886,-9378.37968684766,794,1542
7,3,-0.01291783703113995,39.72336666059487,-9377.849912373495,818,1518
7,3,-0.00878726902660256,39.69716511440931,-9379.391247157891,841,1495
7,3,-0.00862213931861666,39.704519477208045,-9378.958515997707,864,1472
7,3,-0.0085320592176697,39.71255560977181,-9378.485761096763,889,1447
7,3,-0.00437199630644945,39.740471121282255,-9376.844272024424,911,1425
7,3,-0.0043145291776748,39.71415839526196,-9378.391482818923,935,1401
7,3,-0.004304175245417709,39.71862381397688,-9378.128840170913,958,1378
7,3,0.0,39.846136106993995,-9370.641380350773,1297,1039
7,3,0.0043102519349027,39.84954898433506,-9370.441307248588,1309,1027
7,3,0.004333901099792669,39.8493636212568,-9370.452173347927,1331,1005
7,3,0.00448523068569036,39.849710315652345,-9370.431849947212,1355,981
7,3,0.00858781927327537,39.87614540241065,-9368.882732302145,1378,958
7,3,0.0086273833199812,39.87873467743279,-9368.731053898322,1402,934
7,3,0.008792042944940579,39.8808654956033,-9368.606239048782,1425,911
7,3,0.012918956639400321,39.860876451419124,-9369.777379960737,1448,888
7,3,0.013077838290083122,39.857158145418886,-9369.995297094965,1472,864
7,3,0.01723573317226184,39.87182091915552,-9369.136080277269,1495,841
7,3,0.01745908449873965,39.87215965689891,-9369.116234481691,1518,818
7,3,0.020177579294613356,39.87589143871342,-9368.897609895756,1542,794
7,3,0.021316736941082954,39.87043776592523,-9369.217117508959,1565,771
7,3,0.0215773007633987,39.86611087468111,-9369.47064285282,1591,745
7,3,0.021987446477722872,39.90363968440193,-9367.272634074772,1612,724
7,3,0.025488577400688467,39.89443582669291,-9367.811499493917,1635,701
7,3,0.026872446409827912,39.89245318053196,-9367.927595295885,1658,678
7,3,0.031415635286688746,39.89457981259014,-9367.803068482373,1682,654
7,3,0.03508525860373658,39.89857934991668,-9367.568890031473,1705,631
7,3,0.03878658750747258,39.885710564206384,-9368.322459028885,1728,608
7,3,0.040253599432049474,39.89821427954328,-9367.590264433962,1752,584
7,3,0.04260940213470584,39.90180769584238,-9367.379883026224,1775,561
7,3,0.0433369454236544,39.899408049514705,-9367.520371457904,1799,537
7,3,0.04447139332207207,39.8829987458805,-9368.48128841616,1822,514
7,3,0.05466316634515858,39.88914269585145,-9368.121456853381,1845,491
7,3,0.0593061201528196,39.90495804183122,-9367.195457353395,1869,467
7,3,0.06268997220335289,39.911369402328305,-9366.820172279953,1892,444
7,3,0.06564183785109448,39.90816567488933,-9367.007692973832,1915,421
7,3,0.07264882637533185,39.905184125729875,-9367.1822226448,1939,397
7,3,0.08060401095456499,39.8606528710791,-9369.790482661569,1962,374
7,3,0.08476373761676607,39.8998244239981,-9367.495994010576,1985,351
7,4,-0.06927811382090548,39.50550010635652,-9390.697188228041,351,1985
7,4,-0.06430733091887546,39.47386502862548,-9392.568551600121,374,1962
7,4,-0.06012159337212578,39.48279006039505,-9392.040442239891,397,1939
7,4,-0.0520205673756657,39.47601506634368,-9392.441319282481,421,1915
7,4,-0.04735443555451917,39.469365602925734,-9392.83483557056,444,1892
7,4,-0.0440140852175921,39.498230076930525,-9391.12711194804,468,1868
7,4,-0.04293320380619425,39.542921033676386,-9388.48549844377,491,1845
7,4,-0.04109831965165568,39.46821922880375,-9392.902684870862,514,1822
7,4,-0.039392179845257266,39.45184617384761,-9393.871955657223,538,1798
7,4,-0.03524477731331782,39.49661176878517,-9391.22282371199,561,1775
7,4,-0.03420594177108757,39.518156450281026,-9389.948925721628,584,1752
7,4,-0.030096267702268798,39.524448474339735,-9389.577020766163,608,1728
7,4,-0.025870209733436674,39.54636432470319,-9388.282094713231,631,1705
7,4,-0.0220046210591881,39.53823821528226,-9388.762152551657,655,1681
7,4,-0.0217178847633934,39.54828560492783,-9388.168607628842,679,1657
7,4,-0.0215424389372936,39.54759336779021,-9388.209496382455,701,1635
7,4,-0.020940873637460035,39.544064571753886,-9388.417944852525,724,1612
7,4,-0.0179521936408725,39.44442205124066,-9394.31158989725,748,1588
7,4,-0.017253129456230885,39.46008716187693,-9393.384045976325,771,1565
7,4,-0.01318038237467676,39.48263207011263,-9392.049789756556,794,1542
7,4,-0.012929780575515474,39.48966630291869,-9391.633644647021,818,1518
7,4,-0.0087877323313268,39.43965712992437,-9394.593797823714,842,1494
7,4,-0.008628518554191696,39.44089825129212,-9394.520287704492,864,1472
7,4,-0.00853256883339366,39.434518275541706,-9394.89819058074,888,1448
7,4,-0.004375899436058045,39.45856451470311,-9393.47418699427,911,1425
7,4,-0.0043145291776748,39.45026696643659,-9393.965464648703,936,1400
7,4,-0.0043093047168024645,39.46075689108284,-9393.344398974476,958,1378
7,4,0.0,39.71391297489639,-9378.405918571021,1298,1038
7,4,0.00431017762501662,39.728314991670025,-9377.558935488774,1308,1028
7,4,0.004332043201050243,39.74029635285481,-9376.854545177526,1331,1005
7,4,0.004428893836850806,39.743780096351514,-9376.64977397864,1355,981
7,4,0.008584999183583379,39.780215858465155,-9374.509188731849,1378,958
7,4,0.0086258949419545,39.7851269221114,-9374.220815822458,1402,934
7,4,0.00878736556623813,39.78978797840608,-9373.947156025763,1425,911
7,4,0.012903060616115571,39.78647943787988,-9374.141403655733,1448,888
7,4,0.01307013005470509,39.81026030702751,-9372.74556477691,1472,864
7,4,0.017195487882444085,39.78238077676551,-9374.382062434703,1495,841
7,4,0.0174040155950354,39.78720572284418,-9374.098761375857,1518,818
7,4,0.020177579294613356,39.773284337302556,-9374.916261542901,1542,794
7,4,0.021316736941082954,39.74206305479838,-9376.750697839032,1565,771
7,4,0.0215773007633987,39.74232828364762,-9376.73510799601,1591,745
7,4,0.021987446477722872,39.75473879414007,-9376.005748943871,1612,724
7,4,0.025488577400688467,39.77356432813282,-9374.899816929683,1635,701
7,4,0.026872446409827912,39.7934088719492,-9373.734588356776,1658,678
7,4,0.031415635286688746,39.80441150653953,-9373.088787895293,1682,654
7,4,0.03508525860373658,39.79266775905801,-9373.778094451991,1705,631
7,4,0.03878658750747258,39.80108683716723,-9373.283910790566,1728,608
7,4,0.040253599432049474,39.80247828636049,-9373.202245470407,1752,584
7,4,0.04260940213470584,39.805587442327536,-9373.019776815348,1775,561
7,4,0.0433369454236544,39.8046581290534,-9373.074314413941,1799,537
7,4,0.04447139332207207,39.79194076382563,-9373.82077257517,1822,514
7,4,0.05466316634515858,39.7822691911574,-9374.388614690777,1845,491
7,4,0.0593061201528196,39.73768880838216,-9377.007825960323,1869,467
7,4,0.06268997220335289,39.69828902181222,-9379.325111187718,1892,444
7,4,0.06564183785109448,39.68565609974029,-9380.068599210741,1915,421
7,4,0.07264882637533185,39.67448709067891,-9380.726128400856,1939,397
7,4,0.08060401095456499,39.65618337039355,-9381.804084533,1962,374
7,4,0.08476373761676607,39.673753066046416,-9380.769347545684,1985,351
7,5,-0.06927811382090548,39.66943994561723,-9381.02331890605,351,1985
7,5,-0.06430733091887546,39.769161145710356,-9375.158441061258,374,1962
7,5,-0.06012159337212578,39.73717582585727,-9377.037982090407,397,1939
7,5,-0.0520205673756657,39.80385478531225,-9373.121460401491,421,1915
7,5,-0.04735443555451917,39.840320347678734,-9370.982357083558,444,1892
7,5,-0.0440140852175921,39.79412524875499,-9373.692535132313,468,1868
7,5,-0.04293320380619425,39.77949076927678,-9374.551768284136,491,1845
7,5,-0.04109831965165568,39.654670619311034,-9381.893196838602,514,1822
7,5,-0.039392179845257266,39.68411113057671,-9380.159541847783,538,1798
7,5,-0.03524477731331782,39.66880030466736,-9381.0609855156,561,1775
7,5,-0.03420594177108757,39.66721706754872,-9381.154220392573,584,1752
7,5,-0.030096267702268798,39.620417674686394,-9383.911860843764,608,1728
7,5,-0.025870209733436674,39.63336136533847,-9383.148831951052,631,1705
7,5,-0.0220046210591881,39.64520179903603,-9382.451058121176,655,1681
7,5,-0.0217178847633934,39.61337794363162,-9384.326956742147,679,1657
7,5,-0.0215424389372936,39.610033237980474,-9384.524202285835,701,1635
7,5,-0.020940873637460035,39.561525913857594,-9387.386672711924,724,1612
7,5,-0.017881909431341526,39.54579975888376,-9388.315443800831,748,1588
7,5,-0.01724851717838095,39.55494865025691,-9387.775074442188,771,1565
7,5,-0.013178066481934,39.56492418545438,-9387.186022677834,794,1542
7,5,-0.01291783703113995,39.54961587692766,-9388.090033726536,818,1518
7,5,-0.00878726902660256,39.56283123023127,-9387.309598618453,841,1495
7,5,-0.00862213931861666,39.57697995712323,-9386.474331870255,864,1472
7,5,-0.0085320592176697,39.58824214358078,-9385.809684767795,889,1447
7,5,-0.00437199630644945,39.624197800591304,-9383.68899714337,911,1425
7,5,-0.0043145291776748,39.63519281919006,-9383.040888107695,935,1401
7,5,-0.004304175245417709,39.63783487701483,-9382.885176959517,958,1378
7,5,0.0,39.61542040774374,-9384.20651578466,1297,1039
7,5,0.0043102519349027,39.603880306526015,-9384.887099339228,1309,1027
7,5,0.004333901099792669,39.59762379442193,-9385.256163348087,1331,1005
7,5,0.00448523068569036,39.59558795973513,-9385.37626732478,1355,981
7,5,0.00858781927327537,39.594322179450046,-9385.45094508969,1378,958
7,5,0.0086273833199812,39.59829170177892,-9385.21676152853,1402,934
7,5,0.008792042944940579,39.60106160464352,-9385.053363904077,1425,911
7,5,0.012918956639400321,39.60867949163914,-9384.604040782187,1448,888
7,5,0.013077838290083122,39.58250058246543,-9386.148504041867,1472,864
7,5,0.01723573317226184,39.606905756270336,-9384.70865266656,1495,841
7,5,0.01745908449873965,39.6103119278292,-9384.507766621859,1518,818
7,5,0.02024172205259486,39.584502360139226,-9386.030370161001,1542,794
7,5,0.021326281763822178,39.6133031598565,-9384.331366743832,1565,771
7,5,0.0215773007633987,39.62433380960847,-9383.680978898548,1590,746
7,5,0.022000506236166305,39.603798389114395,-9384.891931170603,1612,724
7,5,0.025537356329065657,39.661063115278395,-9381.516654382045,1635,701
7,5,0.026985541536296745,39.652867041160626,-9381.999445467281,1658,678
7,5,0.03143874701198117,39.65350527897195,-9381.961846382019,1682,654
7,5,0.03510096190229195,39.6338376369098,-9383.120760556965,1705,631
7,5,0.038822223465950954,39.61911389252657,-9383.9887324523,1728,608
7,5,0.040269809480563926,39.65259712088694,-9382.015346862374,1752,584
7,5,0.042627565486570464,39.580552232904076,-9386.26349062751,1775,561
7,5,0.04335479502237924,39.58832742349213,-9385.804652625737,1798,538
7,5,0.04466784572762015,39.601671505615286,-9385.017387148877,1822,514
7,5,0.05466316634515858,39.55687949891137,-9387.66104693042,1845,491
7,5,0.0593061201528196,39.515563367058405,-9390.102213265838,1869,467
7,5,0.06268997220335289,39.474261065373895,-9392.545114898327,1892,444
7,5,0.06564183785109448,39.48809391593773,-9391.726660604369,1915,421
7,5,0.07264882637533185,39.485101919177325,-9391.90366507688,1939,397
7,5,0.08060401095456499,39.46023150206555,-9393.375501188715,1962,374
7,5,0.08476373761676607,39.46699139332591,-9392.975357728865,1985,351
8,1,-0.0689261554181829,39.65435477581125,-9366.399412114199,351,1985
8,1,-0.06413957623169092,39.67621701090367,-9365.111883704441,374,1962
8,1,-0.059684062674668144,39.709232922908235,-9363.168828019712,397,1939
8,1,-0.05192684528887043,39.71243842881899,-9362.980263319821,421,1915
8,1,-0.04722617757495875,39.71831674480136,-9362.634509433186,444,1892
8,1,-0.0439850457938093,39.74443147148665,-9361.099098058612,468,1868
8,1,-0.0428449021121456,39.75785093337922,-9360.310495207714,492,1844
8,1,-0.0406578476510596,39.693267768570756,-9364.108209039458,514,1822
8,1,-0.03931023701998061,39.650271023978306,-9366.639994405432,538,1798
8,1,-0.035197637436770984,39.64892280881446,-9366.719425997882,561,1775
8,1,-0.03409297020331348,39.65434653755931,-9366.399897421768,584,1752
8,1,-0.030046529666759633,39.66351049208309,-9365.860119907235,608,1728
8,1,-0.025085737876994377,39.669046669462006,-9365.534087044036,631,1705
8,1,-0.0219997800909298,39.66954986299799,-9365.50445556197,655,1681
8,1,-0.021703037555578772,39.69065059459518,-9364.26223818126,678,1658
8,1,-0.02151463028032035,39.6907905461447,-9364.2540013235,701,1635
8,1,-0.020655960783661675,39.69995564094587,-9363.714652278959,724,1612
8,1,-0.0176188169420241,39.733111527729136,-9361.764528513517,750,1586
8,1,-0.017244203961644448,39.741934958354975,-9361.245836548229,771,1565
8,1,-0.0131773139576841,39.748692464434754,-9360.848669366333,794,1542
8,1,-0.012876798731683,39.747711735069906,-9360.90630678577,818,1518
8,1,-0.00878626535234478,39.735517493235946,-9361.6230806115,841,1495
8,1,-0.0086218045490367,39.73754200954151,-9361.504064931964,865,1471
8,1,-0.00853151336384134,39.73448502477736,-9361.683778893694,888,1448
8,1,-0.004369731864362235,39.74637116304718,-9360.98509444219,911,1425
8,1,-0.004313226509762,39.742637364721766,-9361.204550013625,935,1401
8,1,-0.004288858027725029,39.74165595986848,-9361.262235919645,958,1378
8,1,0.0,39.80920998990078,-9357.294805767771,1296,1040
8,1,0.0043103634093368,39.81093670493853,-9357.193484519414,1308,1028
8,1,0.00433558281022465,39.80853443727749,-9357.33444745668,1331,1005
8,1,0.00448780664722921,39.808085999459735,-9357.360762332557,1355,981
8,1,0.008602068990948232,39.817385993439245,-9356.815088052928,1378,958
8,1,0.0086281277016377,39.820940201363356,-9356.606579659723,1402,934
8,1,0.008802043631283835,39.81853393359168,-9356.747741855415,1425,911
8,1,0.01292540751161461,39.835248429687766,-9355.76737250458,1448,888
8,1,0.01314236040042431,39.83787171802471,-9355.613543922344,1472,864
8,1,0.017237070154653943,39.835964240544925,-9355.72539663635,1495,841
8,1,0.01753354883888815,39.834711638545585,-9355.798850971672,1518,818
8,1,0.02024172205259486,39.870014336242775,-9353.729535602859,1542,794
8,1,0.021326281763822178,39.875043176428484,-9353.434912436089,1565,771
8,1,0.0215773007633987,39.872728224983575,-9353.570533193428,1590,746
8,1,0.022000506236166305,39.87797658031607,-9353.263071131383,1612,724
8,1,0.025537356329065657,39.87741179112798,-9353.296155981709,1635,701
8,1,0.026985541536296745,39.87507502152998,-9353.433046854976,1658,678
8,1,0.03143874701198117,39.880260450663464,-9353.129288807915,1682,654
8,1,0.03510096190229195,39.88047688915057,-9353.116610883342,1705,631
8,1,0.038822223465950954,39.8691431848606,-9353.780577266507,1728,608
8,1,0.040269809480563926,39.82193074537533,-9356.54847249245,1752,584
8,1,0.042627565486570464,39.776375526919836,-9359.222323404974,1775,561
8,1,0.04335479502237924,39.789800345457714,-9358.434039286547,1798,538
8,1,0.044846276919315926,39.80806514788977,-9357.361985935224,1822,514
8,1,0.05546410133981774,39.802474022997814,-9357.690104998483,1845,491
8,1,0.0594177082246304,39.76007592187517,-9360.179768129343,1869,467
8,1,0.06296522223903828,39.73860516294228,-9361.441567530346,1892,444
8,1,0.0656915156803352,39.73418694352489,-9361.701303228467,1915,421
8,1,0.07286015555038554,39.72555361756818,-9362.208917508902,1939,397
8,1,0.08060401095456499,39.71789641513942,-9362.659230905958,1962,374
8,1,0.08476373761676607,39.68111246202605,-9364.823674060486,1985,351
8,2,-0.06893877686577154,39.76575058186258,-9359.846392009009,351,1985
8,2,-0.06420825320744777,39.72841602469583,-9362.040604129894,374,1962
8,2,-0.05975843291913529,39.71978678733816,-9362.548051695308,397,1939
8,2,-0.05200298562886868,39.68483800320099,-9364.604364289984,421,1915
8,2,-0.047309796000743566,39.72199895397368,-9362.417953379574,444,1892
8,2,-0.044004401150122,39.74967429755989,-9360.790968503437,468,1868
8,2,-0.04288672667995667,39.76404341327674,-9359.94668010525,491,1845
8,2,-0.04078539017742972,39.756595071066464,-9360.384285431006,514,1822
8,2,-0.039367112886089864,39.798136617674054,-9357.944680403489,538,1798
8,2,-0.035222746079710085,39.790824830405604,-9358.373894073233,561,1775
8,2,-0.034133018871387776,39.79884186365834,-9357.903285500044,584,1752
8,2,-0.03006834288703949,39.777595369007784,-9359.15068521808,608,1728
8,2,-0.025860510273800506,39.77388847564014,-9359.368388332956,631,1705
8,2,-0.02200074828458146,39.78286273616832,-9358.841371521348,654,1682
8,2,-0.021715763646036442,39.78747235563526,-9358.570716104996,678,1658
8,2,-0.0215285316154064,39.78972014588416,-9358.438747688977,701,1635
8,2,-0.020807040948956426,39.797697631844954,-9357.970447352385,724,1612
8,2,-0.017881909431341526,39.81428035627985,-9356.997296180438,748,1588
8,2,-0.01724851717838095,39.822198205264975,-9356.53278304213,771,1565
8,2,-0.013178066481934,39.831398225374144,-9355.993165296451,794,1542
8,2,-0.01291783703113995,39.8287588079427,-9356.147964868827,818,1518
8,2,-0.00878726902660256,39.84096578714012,-9355.432121961796,841,1495
8,2,-0.00862213931861666,39.83244926949119,-9355.931525314581,864,1472
8,2,-0.0085320592176697,39.831637120412,-9355.979154813269,889,1447
8,2,-0.00437199630644945,39.8111074990724,-9357.183462794885,911,1425
8,2,-0.0043145291776748,39.80848074093496,-9357.337598407663,935,1401
8,2,-0.004304175245417709,39.81030731332575,-9357.230415839078,958,1378
8,2,0.0,39.8310749249749,-9356.012126036752,1297,1039
8,2,0.0043102519349027,39.83293856203641,-9355.902830609975,1309,1027
8,2,0.004333901099792669,39.837497267066965,-9355.635500957458,1331,1005
8,2,0.00448523068569036,39.8344772152403,-9355.812598139155,1355,981
8,2,0.00858781927327537,39.827787615403764,-9356.204927061463,1378,958
8,2,0.0086273833199812,39.83342677569357,-9355.874199528382,1402,934
8,2,0.008792042944940579,39.83775886140598,-9355.620161580953,1425,911
8,2,0.012918956639400321,39.83750375032842,-9355.635120790566,1448,888
8,2,0.013077838290083122,39.826274946349315,-9356.293650594149,1472,864
8,2,0.01723573317226184,39.80977575208857,-9357.26160714163,1495,841
8,2,0.01745908449873965,39.808029276212835,-9357.364090942709,1518,818
8,2,0.020177579294613356,39.80852054716877,-9357.335262540684,1542,794
8,2,0.021316736941082954,39.86627036687877,-9353.948906557333,1565,771
8,2,0.0215773007633987,39.87550169090697,-9353.408051432854,1591,745
8,2,0.021987446477722872,39.87892632691606,-9353.207436873363,1612,724
8,2,0.025488577400688467,39.890011857498145,-9352.558166613639,1635,701
8,2,0.026872446409827912,39.89468085539869,-9352.284761309005,1658,678
8,2,0.031415635286688746,39.90102913031903,-9351.913072899995,1682,654
8,2,0.03508525860373658,39.89555884401081,-9352.233351978599,1705,631
8,2,0.03878658750747258,39.899828123650664,-9351.983386720525,1728,608
8,2,0.040253599432049474,39.9031743248203,-9351.787486173002,1752,584
8,2,0.04260940213470584,39.825482138793014,-9356.340152982028,1775,561
8,2,0.0433369454236544,39.84291032544166,-9355.318110402746,1799,537
8,2,0.04447139332207207,39.83805173597179,-9355.602988113107,1822,514
8,2,0.05466316634515858,39.845696266087344,-9355.154775702109,1845,491
8,2,0.0593061201528196,39.80889693808333,-9357.313175685716,1869,467
8,2,0.06268997220335289,39.79249704906426,-9358.275725193247,1892,444
8,2,0.06564183785109448,39.809101756994394,-9357.301156871275,1915,421
8,2,0.07264882637533185,39.78963313391982,-9358.443856047874,1939,397
8,2,0.08055926712244181,39.80443304326072,-9357.575133282993,1962,374
8,2,0.08469194954092066,39.80821868451279,-9357.352976181588,1985,351
8,3,-0.06893877686577154,39.75025827477701,-9360.756649712588,351,1985
8,3,-0.06420825320744777,39.7325165517556,-9361.799508766184,374,1962
8,3,-0.05975843291913529,39.731978238133294,-9361.831158136762,397,1939
8,3,-0.05200298562886868,39.65956008653543,-9366.092792376912,421,1915
8,3,-0.047309796000743566,39.654708730031984,-9366.378561103655,444,1892
8,3,-0.044004401150122,39.666814290467016,-9365.665549342939,468,1868
8,3,-0.04288672667995667,39.67468296256646,-9365.202204971558,491,1845
8,3,-0.04078539017742972,39.69067549314505,-9364.260772773327,514,1822
8,3,-0.039367112886089864,39.70351676380258,-9363.505120308962,538,1798
8,3,-0.035222746079710085,39.73815861114087,-9361.467817844492,561,1775
8,3,-0.034133018871387776,39.75605655734628,-9360.415927390482,584,1752
8,3,-0.03006834288703949,39.72482886082724,-9362.251536101641,608,1728
8,3,-0.025860510273800506,39.73209891804183,-9361.824062898853,631,1705
8,3,-0.02200074828458146,39.75381475508525,-9360.547655690294,654,1682
8,3,-0.021715763646036442,39.73280663339065,-9361.782454013939,678,1658
8,3,-0.0215285316154064,39.73387469559091,-9361.719660569988,701,1635
8,3,-0.020807040948956426,39.73093096517884,-9361.892732263515,724,1612
8,3,-0.017881909431341526,39.70634689760223,-9363.338612214024,748,1588
8,3,-0.01724851717838095,39.71025086584717,-9363.108945618265,771,1565
8,3,-0.013178066481934,39.70059870587801,-9363.676813760228,794,1542
8,3,-0.01291783703113995,39.709919546493694,-9363.128435931763,818,1518
8,3,-0.00878726902660256,39.6825660587013,-9364.738103383897,841,1495
8,3,-0.00862213931861666,39.688835327998305,-9364.369078449165,864,1472
8,3,-0.0085320592176697,39.697014825940826,-9363.88770028859,889,1447
8,3,-0.00437199630644945,39.72597520284336,-9362.184126967613,911,1425
8,3,-0.0043145291776748,39.6998835306255,-9363.718895353259,935,1401
8,3,-0.004304175245417709,39.70419178243936,-9363.465405183959,958,1378
8,3,0.0,39.84249182032577,-9355.34264759336,1297,1039
8,3,0.0043102519349027,39.845741048557805,-9355.15215027949,1309,1027
8,3,0.004333901099792669,39.845689657405735,-9355.155163143738,1331,1005
8,3,0.00448523068569036,39.846166832024544,-9355.127188393026,1355,981
8,3,0.00858781927327537,39.87233589860465,-9353.59351830056,1378,958
8,3,0.0086273833199812,39.874982247309816,-9353.438481849902,1402,934
8,3,0.008792042944940579,39.87703495441489,-9353.318231003172,1425,911
8,3,0.012918956639400321,39.85730306983614,-9354.474412504367,1448,888
8,3,0.013077838290083122,39.85374362371908,-9354.683037694473,1472,864
8,3,0.01723573317226184,39.868140175917524,-9353.83934598278,1495,841
8,3,0.01745908449873965,39.86865347410989,-9353.809270417347,1518,818
8,3,0.020177579294613356,39.870746377369585,-9353.686645415783,1542,794
8,3,0.021316736941082954,39.847118456043475,-9355.071399660004,1565,771
8,3,0.0215773007633987,39.841423238056066,-9355.405300342794,1591,745
8,3,0.021987446477722872,39.88362953499128,-9352.931951867706,1612,724
8,3,0.025488577400688467,39.87457251412115,-9353.462485412845,1635,701
8,3,0.026872446409827912,39.872152276162055,-9353.604276210877,1658,678
8,3,0.031415635286688746,39.8748452417598,-9353.446508073277,1682,654
8,3,0.03508525860373658,39.878738766811814,-9353.218423664488,1705,631
8,3,0.03878658750747258,39.86668648363313,-9353.92452394877,1728,608
8,3,0.040253599432049474,39.87781959463055,-9353.272267166758,1752,584
8,3,0.04260940213470584,39.89809387103407,-9352.084923552857,1775,561
8,3,0.0433369454236544,39.893555045803815,-9352.350683087676,1799,537
8,3,0.04447139332207207,39.879147064339335,-9353.19450670595,1822,514
8,3,0.05466316634515858,39.88571678249967,-9352.809704152114,1845,491
8,3,0.0593061201528196,39.900210973304915,-9351.96097227556,1869,467
8,3,0.06268997220335289,39.908144426586176,-9351.496546042661,1892,444
8,3,0.06564183785109448,39.90479718877117,-9351.692482876515,1915,421
8,3,0.07264882637533185,39.89970282328849,-9351.990722644498,1939,397
8,3,0.08060401095456499,39.85322079108588,-9354.713683373684,1962,374
8,3,0.08476373761676607,39.89447469938905,-9352.296832634618,1985,351
8,4,-0.06927811382090548,39.50314144951015,-9375.324271458092,351,1985
8,4,-0.06430733091887546,39.472038921813734,-9377.164229483222,374,1962
8,4,-0.06012159337212578,39.48034327506272,-9376.672820136944,397,1939
8,4,-0.0520205673756657,39.47203214337283,-9377.164630639072,421,1915
8,4,-0.04735443555451917,39.46323867205536,-9377.685096303416,444,1892
8,4,-0.0440140852175921,39.49427381285132,-9375.848713916197,468,1868
8,4,-0.04293320380619425,39.538610105228514,-9373.227789948267,491,1845
8,4,-0.04109831965165568,39.46416552508332,-9377.630232503056,514,1822
8,4,-0.039392179845257266,39.44460621456622,-9378.788292609592,538,1798
8,4,-0.03524477731331782,39.48617035290068,-9376.328065044469,561,1775
8,4,-0.03420594177108757,39.506292105160426,-9375.137966322824,584,1752
8,4,-0.030096267702268798,39.51345916366171,-9374.714217869152,608,1728
8,4,-0.025870209733436674,39.53443070861333,-9373.474727979275,631,1705
8,4,-0.0220046210591881,39.52773412167694,-9373.870447655161,655,1681
8,4,-0.0217178847633934,39.53629869334297,-9373.36435559844,679,1657
8,4,-0.0215424389372936,39.535674527980085,-9373.40123466515,701,1635
8,4,-0.020940873637460035,39.52838726218802,-9373.831848841884,724,1612
8,4,-0.0179521936408725,39.41808289269174,-9380.359592876835,748,1588
8,4,-0.017253129456230885,39.43400991284719,-9379.415914192723,771,1565
8,4,-0.01318038237467676,39.46372572607577,-9377.656265644582,794,1542
8,4,-0.012929780575515474,39.47045739732574,-9377.257827769994,818,1518
8,4,-0.0087877323313268,39.423224180360506,-9380.054929028474,842,1494
8,4,-0.008628518554191696,39.42554845443076,-9379.917209592946,864,1472
8,4,-0.00853256883339366,39.42002628776244,-9380.244425962426,888,1448
8,4,-0.004375899436058045,39.446018719310544,-9378.70464233845,911,1425
8,4,-0.0043145291776748,39.44043276050697,-9379.035467202344,936,1400
8,4,-0.0043093047168024645,39.45171320511028,-9378.367438250909,958,1378
8,4,0.0,39.707783848286795,-9363.254075198558,1298,1038
8,4,0.00431017762501662,39.72125929803009,-9362.461452005444,1308,1028
8,4,0.004332043201050243,39.732580763504345,-9361.795733557943,1331,1005
8,4,0.004428893836850806,39.73571546478416,-9361.611442147632,1355,981
8,4,0.008584999183583379,39.774051430109026,-9359.358817710769,1378,958
8,4,0.0086258949419545,39.77888764953601,-9359.074795304405,1402,934
8,4,0.00878736556623813,39.78391946798971,-9358.779322373035,1425,911
8,4,0.012903060616115571,39.78164400685684,-9358.912934880147,1448,888
8,4,0.01307013005470509,39.805735266952524,-9357.498711021644,1472,864
8,4,0.017195487882444085,39.777600439481546,-9359.150387446785,1495,841
8,4,0.0174040155950354,39.782518046975596,-9358.861611327815,1518,818
8,4,0.020177579294613356,39.768901785346095,-9359.661284986541,1542,794
8,4,0.021316736941082954,39.734246154267424,-9361.69782219105,1565,771
8,4,0.0215773007633987,39.73408494461346,-9361.707299821861,1591,745
8,4,0.021987446477722872,39.74742452796767,-9360.923186203114,1612,724
8,4,0.025488577400688467,39.76598758236725,-9359.832469688394,1635,701
8,4,0.026872446409827912,39.78498459419144,-9358.716781991545,1658,678
8,4,0.031415635286688746,39.79478221553007,-9358.141579412291,1682,654
8,4,0.03508525860373658,39.78043565246732,-9358.983891191652,1705,631
8,4,0.03878658750747258,39.79066801281036,-9358.383100382123,1728,608
8,4,0.040253599432049474,39.796960538130165,-9358.01371284174,1752,584
8,4,0.04260940213470584,39.79877254000862,-9357.907354467361,1775,561
8,4,0.0433369454236544,39.79524168379855,-9358.114608246242,1799,537
8,4,0.04447139332207207,39.78423264473329,-9358.760933586727,1822,514
8,4,0.05466316634515858,39.77189029314496,-9359.485748534387,1845,491
8,4,0.0593061201528196,39.73279516571147,-9361.78312823015,1869,467
8,4,0.06268997220335289,39.693685467682556,-9364.083627037367,1892,444
8,4,0.06564183785109448,39.67969653736222,-9364.90703006597,1915,421
8,4,0.07264882637533185,39.66836350060809,-9365.574317307144,1939,397
8,4,0.08060401095456499,39.65254303272795,-9366.506142599448,1962,374
8,4,0.08476373761676607,39.6713186153501,-9365.40030229079,1985,351
8,5,-0.06927811382090548,39.654964291621305,-9366.363506398475,351,1985
8,5,-0.06430733091887546,39.75149042798063,-9360.684240993765,374,1962
8,5,-0.06012159337212578,39.70761298505981,-9363.26412706543,397,1939
8,5,-0.0520205673756657,39.760725284406774,-9360.1416168318,421,1915
8,5,-0.04735443555451917,39.78634840427635,-9358.636706410589,444,1892
8,5,-0.0440140852175921,39.727764042368506,-9362.078940498828,468,1868
8,5,-0.04293320380619425,39.708045928995126,-9363.238657100268,491,1845
8,5,-0.04109831965165568,39.61554183220523,-9368.686965079163,514,1822
8,5,-0.039392179845257266,39.64155041961088,-9367.153826261318,538,1798
8,5,-0.03524477731331782,39.628021883370764,-9367.951172835687,561,1775
8,5,-0.03420594177108757,39.62522637462672,-9368.115968817487,584,1752
8,5,-0.030096267702268798,39.58226269949634,-9370.650152292323,608,1728
8,5,-0.025870209733436674,39.59543616203571,-9369.87283218279,631,1705
8,5,-0.0220046210591881,39.6045421234723,-9369.335672287796,655,1681
8,5,-0.0217178847633934,39.58182079086227,-9370.676232265052,679,1657
8,5,-0.0215424389372936,39.57849384755374,-9370.872586703734,701,1635
8,5,-0.020940873637460035,39.531806107132255,-9373.629814886379,724,1612
8,5,-0.017881909431341526,39.53131407509083,-9373.658890056853,748,1588
8,5,-0.01724851717838095,39.54013515684058,-9373.13768936424,771,1565
8,5,-0.013178066481934,39.55050958207504,-9372.524856896714,794,1542
8,5,-0.01291783703113995,39.53505675329566,-9373.437736709318,818,1518
8,5,-0.00878726902660256,39.550214429593424,-9372.542289763624,841,1495
8,5,-0.00862213931861666,39.56178395824328,-9371.859045257874,864,1472
8,5,-0.0085320592176697,39.5739697467504,-9371.139623230663,889,1447
8,5,-0.00437199630644945,39.612834165316656,-9368.84663286926,911,1425
8,5,-0.0043145291776748,39.62369043169585,-9368.206518009363,935,1401
8,5,-0.004304175245417709,39.626852059138635,-9368.020132869826,958,1378
8,5,0.0,39.611847362680834,-9368.904826121992,1297,1039
8,5,0.0043102519349027,39.59981696294916,-9369.614393689559,1309,1027
8,5,0.004333901099792669,39.59355975821249,-9369.983536436099,1331,1005
8,5,0.00448523068569036,39.59116508779289,-9370.124825052375,1355,981
8,5,0.00858781927327537,39.58837127565905,-9370.289674341653,1378,958
8,5,0.0086273833199812,39.592132781143015,-9370.067728878641,1402,934
8,5,0.008792042944940579,39.59466211823744,-9369.918498657564,1425,911
8,5,0.012918956639400321,39.60172678727699,-9369.50173554126,1448,888
8,5,0.013077838290083122,39.575277779310014,-9371.062413044716,1472,864
8,5,0.01723573317226184,39.59816318188153,-9369.71195255577,1495,841
8,5,0.01745908449873965,39.599411746049356,-9369.638297626336,1518,818
8,5,0.02024172205259486,39.57112837879981,-9371.307351509296,1542,794
8,5,0.021326281763822178,39.55152884357108,-9372.464656302589,1565,771
8,5,0.0215773007633987,39.55870876948778,-9372.040632623895,1590,746
8,5,0.022000506236166305,39.5332744886657,-9373.5430473972,1612,724
8,5,0.025537356329065657,39.58255645111205,-9370.632816213454,1635,701
8,5,0.026985541536296745,39.57248572623864,-9371.227224675229,1658,678
8,5,0.03143874701198117,39.57489486447424,-9371.085015372077,1682,654
8,5,0.03510096190229195,39.55452600745181,-9372.287643940086,1705,631
8,5,0.038822223465950954,39.52678333722247,-9373.926637549355,1728,608
8,5,0.040269809480563926,39.46184303092622,-9377.767711806819,1752,584
8,5,0.042627565486570464,39.36351780575677,-9383.595476949562,1775,561
8,5,0.04335479502237924,39.387782923688974,-9382.155924414978,1798,538
8,5,0.04466784572762015,39.366552258840414,-9383.41540642756,1822,514
8,5,0.05466316634515858,39.31662348347477,-9386.380046169368,1845,491
8,5,0.0593061201528196,39.26156140111275,-9389.65385672224,1869,467
8,5,0.06268997220335289,39.12483362455743,-9397.803138491128,1892,444
8,5,0.06564183785109448,39.15589439720314,-9395.949349684055,1915,421
8,5,0.07264882637533185,39.116974206739336,-9398.272442577876,1939,397
8,5,0.08060401095456499,39.087156275636985,-9400.053798370742,1962,374
8,5,0.08476373761676607,39.15303266286434,-9396.120084022255,1985,351
9,1,-0.0689261554181829,39.59388959970075,-9354.45168534828,351,1985
9,1,-0.06413957623169092,39.61746006867924,-9353.061464947055,374,1962
9,1,-0.059684062674668144,39.6648895951446,-9350.26650774636,397,1939
9,1,-0.05192684528887043,39.65813465744043,-9350.664362837331,421,1915
9,1,-0.04722617757495875,39.65877872829821,-9350.626425165286,444,1892
9,1,-0.0439850457938093,39.69351122082421,-9348.581490916406,468,1868
9,1,-0.0428449021121456,39.709158998784204,-9347.660786116765,492,1844
9,1,-0.0406578476510596,39.633084570703446,-9352.140364975628,514,1822
9,1,-0.03931023701998061,39.58461092034079,-9354.99918233147,538,1798
9,1,-0.035197637436770984,39.577862265326836,-9355.397473529722,561,1775
9,1,-0.03409297020331348,39.58489214272316,-9354.982586661174,584,1752
9,1,-0.030046529666759633,39.59382147415883,-9354.455704690772,608,1728
9,1,-0.025085737876994377,39.598330029456946,-9354.189719110438,631,1705
9,1,-0.0219997800909298,39.602588903416255,-9353.938491480443,655,1681
9,1,-0.021703037555578772,39.6380055849784,-9351.850335171863,678,1658
9,1,-0.02151463028032035,39.638900584066874,-9351.797590483106,701,1635
9,1,-0.020655960783661675,39.65272946879487,-9350.982768665704,724,1612
9,1,-0.0176188169420241,39.69947762643813,-9348.230388791577,750,1586
9,1,-0.017244203961644448,39.709507289281106,-9347.640297064536,771,1565
9,1,-0.0131773139576841,39.719856321969004,-9347.03157154046,794,1542
9,1,-0.012876798731683,39.718285297765405,-9347.123968277472,818,1518
9,1,-0.00878626535234478,39.70082204338738,-9348.15128183589,841,1495
9,1,-0.0086218045490367,39.70244164527869,-9348.055986256268,865,1471
9,1,-0.00853151336384134,39.70026460743482,-9348.184081648593,888,1448
9,1,-0.004369731864362235,39.72008866922982,-9347.017906797833,911,1425
9,1,-0.004313226509762,39.71603069946006,-9347.25657448366,935,1401
9,1,-0.004288858027725029,39.71547086978436,-9347.289502531012,958,1378
9,1,0.0,39.764991669513066,-9344.37858330786,1296,1040
9,1,0.0043103634093368,39.77005387275329,-9344.08122239722,1308,1028
9,1,0.00433558281022465,39.76805112048386,-9344.198862346091,1331,1005
9,1,0.00448780664722921,39.76786202992015,-9344.209969669546,1355,981
9,1,0.008602068990948232,39.779451751748766,-9343.529278164173,1378,958
9,1,0.0086281277016377,39.784694078582596,-9343.22144916975,1402,934
9,1,0.008802043631283835,39.78230985849741,-9343.361445345176,1425,911
9,1,0.01292540751161461,39.79581211933733,-9342.56873295537,1448,888
9,1,0.01314236040042431,39.79817408937327,-9342.4300902697,1472,864
9,1,0.017237070154653943,39.79603535480063,-9342.555629149922,1495,841
9,1,0.01753354883888815,39.79507586545791,-9342.611951195697,1518,818
9,1,0.02024172205259486,39.82773820559114,-9340.695434385252,1542,794
9,1,0.021326281763822178,39.825325915600274,-9340.836925726046,1565,771
9,1,0.0215773007633987,39.82311836605726,-9340.966415655957,1590,746
9,1,0.022000506236166305,39.834838887638476,-9340.278998113374,1612,724
9,1,0.025537356329065657,39.836041697182225,-9340.208463858604,1635,701
9,1,0.026985541536296745,39.83378603027438,-9340.34074073301,1658,678
9,1,0.03143874701198117,39.841380995589105,-9339.895386435273,1682,654
9,1,0.03510096190229195,39.84172592943368,-9339.8751621872,1705,631
9,1,0.038822223465950954,39.847837066614645,-9339.516881480264,1728,608
9,1,0.040269809480563926,39.78889001290149,-9342.975093480487,1752,584
9,1,0.042627565486570464,39.73360887009511,-9346.222898119715,1775,561
9,1,0.04335479502237924,39.753315302949716,-9345.064613821498,1798,538
9,1,0.044846276919315926,39.76555952697879,-9344.34522467976,1822,514
9,1,0.05546410133981774,39.750980077294656,-9345.201841303504,1845,491
9,1,0.0594177082246304,39.696414750104246,-9348.410621771025,1869,467
9,1,0.06296522223903828,39.65508500717848,-9350.844004593033,1892,444
9,1,0.0656915156803352,39.64493093623169,-9351.44223675173,1915,421
9,1,0.07286015555038554,39.63242288626285,-9352.17936541612,1939,397
9,1,0.08060401095456499,39.62583157246202,-9352.567900570706,1962,374
9,1,0.08476373761676607,39.5864690483825,-9354.889531506753,1985,351
9,2,-0.06893877686577154,39.49385305141043,-9360.361210480725,351,1985
9,2,-0.06420825320744777,39.44943027497919,-9362.990227474293,374,1962
9,2,-0.05975843291913529,39.47353157094206,-9361.56350379838,397,1939
9,2,-0.05200298562886868,39.44802886752497,-9363.073213361266,421,1915
9,2,-0.047309796000743566,39.48913528296996,-9360.640275816755,444,1892
9,2,-0.044004401150122,39.53678312058768,-9357.823342729196,468,1868
9,2,-0.04288672667995667,39.52078489580332,-9358.76877665903,491,1845
9,2,-0.04078539017742972,39.49695486619225,-9360.177750163632,514,1822
9,2,-0.039367112886089864,39.5124452424931,-9359.261770053603,538,1798
9,2,-0.035222746079710085,39.504494281223984,-9359.731883062264,561,1775
9,2,-0.034133018871387776,39.51668268137911,-9359.011263499697,584,1752
9,2,-0.03006834288703949,39.5677471779629,-9355.994571571597,608,1728
9,2,-0.025860510273800506,39.55227593826912,-9356.908140980751,631,1705
9,2,-0.02200074828458146,39.58151589868883,-9355.18183546541,654,1682
9,2,-0.021715763646036442,39.58023721536878,-9355.257301308911,678,1658
9,2,-0.0215285316154064,39.57556206984505,-9355.533241670952,701,1635
9,2,-0.020807040948956426,39.587838499684295,-9354.808721498042,724,1612
9,2,-0.017881909431341526,39.61327329443118,-9353.308346535485,748,1588
9,2,-0.01724851717838095,39.62415650369941,-9352.666650380645,771,1565
9,2,-0.013178066481934,39.633438256325796,-9352.119518606081,794,1542
9,2,-0.01291783703113995,39.63071271202932,-9352.280168064917,818,1518
9,2,-0.00878726902660256,39.628766739971184,-9352.394874615102,841,1495
9,2,-0.00862213931861666,39.63246518973216,-9352.176871981594,864,1472
9,2,-0.0085320592176697,39.62496535002177,-9352.618966192735,889,1447
9,2,-0.00437199630644945,39.61657875375261,-9353.1134312913,911,1425
9,2,-0.0043145291776748,39.60283195339461,-9353.924154968034,935,1401
9,2,-0.004304175245417709,39.60599091106769,-9353.737829130549,958,1378
9,2,0.0,39.65223982136929,-9351.011614686235,1297,1039
9,2,0.0043102519349027,39.655062766623395,-9350.84531473904,1309,1027
9,2,0.004333901099792669,39.66093904831861,-9350.499180447066,1331,1005
9,2,0.00448523068569036,39.673559881436184,-9349.7559409533,1355,981
9,2,0.00858781927327537,39.68794711401884,-9348.908966722249,1378,958
9,2,0.0086273833199812,39.690507564905225,-9348.75826554529,1402,934
9,2,0.008792042944940579,39.693242283492744,-9348.597318181752,1425,911
9,2,0.012918956639400321,39.679521441521274,-9349.404947541256,1448,888
9,2,0.013077838290083122,39.668674692966164,-9350.043601121726,1472,864
9,2,0.01723573317226184,39.65819132118143,-9350.661025151243,1495,841
9,2,0.01745908449873965,39.65666503538123,-9350.750930215525,1518,818
9,2,0.020177579294613356,39.670903827403365,-9349.912336042082,1542,794
9,2,0.021316736941082954,39.6734298391232,-9349.763597925397,1565,771
9,2,0.0215773007633987,39.69137776623127,-9348.707050074929,1591,745
9,2,0.021987446477722872,39.69524131594184,-9348.479675430804,1612,724
9,2,0.025488577400688467,39.704980609791576,-9347.906604222808,1635,701
9,2,0.026872446409827912,39.705352891546084,-9347.884701527273,1658,678
9,2,0.031415635286688746,39.717290496721446,-9347.182477458418,1682,654
9,2,0.03508525860373658,39.7256473806934,-9346.691013231335,1705,631
9,2,0.03878658750747258,39.737590357483484,-9345.988832077239,1728,608
9,2,0.040253599432049474,39.75814938215259,-9344.780569021757,1752,584
9,2,0.04260940213470584,39.695826928880955,-9348.445213321751,1775,561
9,2,0.0433369454236544,39.72200261025291,-9346.905347670578,1799,537
9,2,0.04447139332207207,39.718740999039895,-9347.097166715863,1822,514
9,2,0.05466316634515858,39.7159186837834,-9347.26316298168,1845,491
9,2,0.0593061201528196,39.6542581402103,-9350.892714143789,1869,467
9,2,0.06268997220335289,39.639707792218346,-9351.750020570349,1892,444
9,2,0.06564183785109448,39.69863992369516,-9348.27968148687,1915,421
9,2,0.07264882637533185,39.68646832321745,-9348.996008756976,1939,397
9,2,0.08055926712244181,39.679923796491856,-9349.381260349177,1962,374
9,2,0.08469194954092066,39.63646593419294,-9351.94107369503,1985,351
9,3,-0.06893877686577154,39.708142908907845,-9347.720561150525,351,1985
9,3,-0.06420825320744777,39.701354825286245,-9348.119933110582,374,1962
9,3,-0.05975843291913529,39.7014705742608,-9348.11312253166,397,1939
9,3,-0.05200298562886868,39.62926120445887,-9352.365727560269,421,1915
9,3,-0.047309796000743566,39.61558249729676,-9353.172176503957,444,1892
9,3,-0.044004401150122,39.63110718168096,-9352.256916489127,468,1868
9,3,-0.04288672667995667,39.63984989081124,-9351.741646600498,491,1845
9,3,-0.04078539017742972,39.66387504612446,-9350.32625874644,514,1822
9,3,-0.039367112886089864,39.69162227946031,-9348.692659515169,538,1798
9,3,-0.035222746079710085,39.72713103660259,-9346.603770965596,561,1775
9,3,-0.034133018871387776,39.74669370746891,-9345.453747037243,584,1752
9,3,-0.03006834288703949,39.71149145826273,-9347.523576831472,608,1728
9,3,-0.025860510273800506,39.71893095780424,-9347.085994594057,631,1705
9,3,-0.02200074828458146,39.74283703647591,-9345.680423012365,654,1682
9,3,-0.021715763646036442,39.72144560436118,-9346.93810470196,678,1658
9,3,-0.0215285316154064,39.722138210552984,-9346.897373204552,701,1635
9,3,-0.020807040948956426,39.72400675833052,-9346.787489267179,724,1612
9,3,-0.017881909431341526,39.69779758202022,-9348.32924819829,748,1588
9,3,-0.01724851717838095,39.70234580339312,-9348.061625378337,771,1565
9,3,-0.013178066481934,39.696204381276154,-9348.423001299194,794,1542
9,3,-0.01291783703113995,39.705379082973636,-9347.883160597647,818,1518
9,3,-0.00878726902660256,39.67794255424547,-9349.497901133547,841,1495
9,3,-0.00862213931861666,39.68384857970604,-9349.150215545702,864,1472
9,3,-0.0085320592176697,39.69203874130619,-9348.668149310939,889,1447
9,3,-0.00437199630644945,39.71958282669005,-9347.047656371331,911,1425
9,3,-0.0043145291776748,39.69251357635015,-9348.64020395809,935,1401
9,3,-0.004304175245417709,39.69713994628591,-9348.367946813672,958,1378
9,3,0.0,39.79691023053343,-9342.504275108507,1297,1039
9,3,0.0043102519349027,39.799152836965554,-9342.372642250677,1309,1027
9,3,0.004333901099792669,39.80743040031705,-9341.886843532217,1331,1005
9,3,0.00448523068569036,39.811012438938185,-9341.676649965846,1355,981
9,3,0.00858781927327537,39.82760653777578,-9340.703157056409,1378,958
9,3,0.0086273833199812,39.83041062583217,-9340.538695275018,1402,934
9,3,0.008792042944940579,39.83110429825,-9340.498012675154,1425,911
9,3,0.012918956639400321,39.808807812597024,-9341.806014918393,1448,888
9,3,0.013077838290083122,39.8013025361667,-9342.246469672604,1472,864
9,3,0.01723573317226184,39.817979236639445,-9341.267893327613,1495,841
9,3,0.01745908449873965,39.81938785775547,-9341.18525526341,1518,818
9,3,0.020177579294613356,39.8238734745349,-9340.922121870013,1542,794
9,3,0.021316736941082954,39.81070128806826,-9341.694907508876,1565,771
9,3,0.0215773007633987,39.803799881623505,-9342.099901203705,1591,745
9,3,0.021987446477722872,39.85531575934016,-9339.078499166926,1612,724
9,3,0.025488577400688467,39.84589297719034,-9339.630852626893,1635,701
9,3,0.026872446409827912,39.84692555838804,-9339.570317443866,1658,678
9,3,0.031415635286688746,39.85118054928081,-9339.32088469771,1682,654
9,3,0.03508525860373658,39.85400312473935,-9339.155436580788,1705,631
9,3,0.03878658750747258,39.84216816844874,-9339.849232974004,1728,608
9,3,0.040253599432049474,39.851633019512306,-9339.294361908527,1752,584
9,3,0.04260940213470584,39.86728286792457,-9338.377188212578,1775,561
9,3,0.0433369454236544,39.862542753339895,-9338.654948952593,1799,537
9,3,0.04447139332207207,39.86255650118069,-9338.654143310296,1822,514
9,3,0.05466316634515858,39.86730447620087,-9338.375922088677,1845,491
9,3,0.0593061201528196,39.868026663306736,-9338.333606366017,1869,467
9,3,0.06268997220335289,39.88906045889881,-9337.101491467767,1892,444
9,3,0.06564183785109448,39.87306486524782,-9338.038420044277,1915,421
9,3,0.07264882637533185,39.8727632421536,-9338.056090976155,1939,397
9,3,0.08060401095456499,39.843977568938186,-9339.743147794326,1962,374
9,3,0.08476373761676607,39.87593853871174,-9337.870069320677,1985,351
9,4,-0.06927811382090548,39.495611283265525,-9360.25721611518,351,1985
9,4,-0.06430733091887546,39.46449914800514,-9362.098093776885,374,1962
9,4,-0.06012159337212578,39.47028616453322,-9361.755571260856,397,1939
9,4,-0.0520205673756657,39.45280508691885,-9362.790396362798,421,1915
9,4,-0.04735443555451917,39.44940048141459,-9362.991991702387,444,1892
9,4,-0.0440140852175921,39.48215036813414,-9361.05350857508,468,1868
9,4,-0.04293320380619425,39.52499571580383,-9358.519896188638,491,1845
9,4,-0.04109831965165568,39.43522819115944,-9363.831355998049,514,1822
9,4,-0.039392179845257266,39.39304081580562,-9366.331720891934,538,1798
9,4,-0.03524477731331782,39.44151692401802,-9363.458863954489,561,1775
9,4,-0.03420594177108757,39.46249544458894,-9362.216700882236,584,1752
9,4,-0.030096267702268798,39.469307688643,-9361.81348186232,608,1728
9,4,-0.025870209733436674,39.48796241399439,-9360.709658511409,631,1705
9,4,-0.0220046210591881,39.47776922827365,-9361.31273737817,655,1681
9,4,-0.0217178847633934,39.48737500853869,-9360.744408072205,679,1657
9,4,-0.0215424389372936,39.48582364226525,-9360.836185831677,701,1635
9,4,-0.020940873637460035,39.47341654045544,-9361.570311185445,724,1612
9,4,-0.0179521936408725,39.36833813995351,-9367.797044466706,748,1588
9,4,-0.017253129456230885,39.38290245048064,-9366.933001449119,771,1565
9,4,-0.01318038237467676,39.40546127029948,-9365.595306336585,794,1542
9,4,-0.012929780575515474,39.41056879495629,-9365.29254615937,818,1518
9,4,-0.0087877323313268,39.35962641953569,-9368.314029227915,842,1494
9,4,-0.008628518554191696,39.363742016990116,-9368.069780643198,864,1472
9,4,-0.00853256883339366,39.357204424855226,-9368.457779414874,888,1448
9,4,-0.004375899436058045,39.39301026256115,-9366.333532694356,911,1425
9,4,-0.0043145291776748,39.39127929895534,-9366.43618084937,936,1400
9,4,-0.0043093047168024645,39.39939593963134,-9365.954893625249,958,1378
9,4,0.0,39.61183831312117,-9353.392969107104,1298,1038
9,4,0.00431017762501662,39.62923973818219,-9352.366992919107,1308,1028
9,4,0.004332043201050243,39.64112222875819,-9351.66666816961,1331,1005
9,4,0.004428893836850806,39.64387680463636,-9351.50435021962,1355,981
9,4,0.008584999183583379,39.648154194718686,-9351.25232027119,1378,958
9,4,0.0086258949419545,39.65210898003636,-9351.019322847475,1402,934
9,4,0.00878736556623813,39.656934822327365,-9350.735038305253,1425,911
9,4,0.012903060616115571,39.65750687182339,-9350.701341853657,1448,888
9,4,0.01307013005470509,39.67899352439767,-9349.436027114789,1472,864
9,4,0.017195487882444085,39.64920148620831,-9351.190616500642,1495,841
9,4,0.0174040155950354,39.652850544770445,-9350.97563591467,1518,818
9,4,0.020177579294613356,39.63370089640261,-9352.104038617123,1542,794
9,4,0.021316736941082954,39.632372521024784,-9352.182334027733,1565,771
9,4,0.0215773007633987,39.63464399318288,-9352.04845340005,1591,745
9,4,0.021987446477722872,39.64339918136879,-9351.532494154173,1612,724
9,4,0.025488577400688467,39.657929848984196,-9350.676426788228,1635,701
9,4,0.026872446409827912,39.67427017140965,-9349.714119081753,1658,678
9,4,0.031415635286688746,39.67708220487175,-9349.5485539093,1682,654
9,4,0.03508525860373658,39.66137805076414,-9350.473323670556,1705,631
9,4,0.03878658750747258,39.67915597509166,-9349.426463262216,1728,608
9,4,0.040253599432049474,39.691784027076984,-9348.683140084091,1752,584
9,4,0.04260940213470584,39.64537717196537,-9351.41594333205,1775,561
9,4,0.0433369454236544,39.6500326342202,-9351.141648518103,1799,537
9,4,0.04447139332207207,39.63965184938385,-9351.753317329103,1822,514
9,4,0.05466316634515858,39.611380856982734,-9353.419946489508,1845,491
9,4,0.0593061201528196,39.59766136543657,-9354.229165529989,1869,467
9,4,0.06268997220335289,39.52372469038191,-9358.595017338497,1892,444
9,4,0.06564183785109448,39.48562408719317,-9360.847991633944,1915,421
9,4,0.07264882637533185,39.471339060231486,-9361.69325776416,1939,397
9,4,0.08060401095456499,39.49937166023585,-9360.034816153006,1962,374
9,4,0.08476373761676607,39.58171180174966,-9355.170273795595,1985,351
9,5,-0.06927811382090548,39.64729393156928,-9351.303006023385,351,1985
9,5,-0.06430733091887546,39.743261329166785,-9345.655484117484,374,1962
9,5,-0.06012159337212578,39.69901327776728,-9348.257712194902,397,1939
9,5,-0.0520205673756657,39.74773889557839,-9345.392319856901,421,1915
9,5,-0.04735443555451917,39.76306272676074,-9344.491902068252,444,1892
9,5,-0.0440140852175921,39.696803927825556,-9348.387720088185,468,1868
9,5,-0.04293320380619425,39.662986477660894,-9350.378591484458,491,1845
9,5,-0.04109831965165568,39.583831725908404,-9355.045165254294,514,1822
9,5,-0.039392179845257266,39.59210940254488,-9354.556717566333,538,1798
9,5,-0.03524477731331782,39.579224272552764,-9355.317085303746,561,1775
9,5,-0.03420594177108757,39.57423351494174,-9355.611662701138,584,1752
9,5,-0.030096267702268798,39.5370939471678,-9357.804977855281,608,1728
9,5,-0.025870209733436674,39.55391603112956,-9356.811277338928,631,1705
9,5,-0.0220046210591881,39.56915822481319,-9355.911267696476,655,1681
9,5,-0.0217178847633934,39.54251777457794,-9357.484539740473,679,1657
9,5,-0.0215424389372936,39.53956877756154,-9357.658760157103,701,1635
9,5,-0.020940873637460035,39.49559355623407,-9360.258264595084,724,1612
9,5,-0.017881909431341526,39.46883314677417,-9361.841567900168,748,1588
9,5,-0.01724851717838095,39.47982401274601,-9361.191153719614,771,1565
9,5,-0.013178066481934,39.4851760587292,-9360.874497494082,794,1542
9,5,-0.01291783703113995,39.46821587090949,-9361.8781022383,818,1518
9,5,-0.00878726902660256,39.481817848117394,-9361.073182529584,841,1495
9,5,-0.00862213931861666,39.4984923951811,-9360.086816626497,864,1472
9,5,-0.0085320592176697,39.51067849714152,-9359.366223457788,889,1447
9,5,-0.00437199630644945,39.55218970085324,-9356.913234260932,911,1425
9,5,-0.0043145291776748,39.564008638123724,-9356.215297852235,935,1401
9,5,-0.004304175245417709,39.5648646424594,-9356.164756853852,958,1378
9,5,0.0,39.559742538571314,-9356.467197147094,1297,1039
9,5,0.0043102519349027,39.55355957026649,-9356.83232952318,1309,1027
9,5,0.004333901099792669,39.54647087213416,-9357.251019599247,1331,1005
9,5,0.00448523068569036,39.54280472601269,-9357.467587959021,1355,981
9,5,0.00858781927327537,39.530776749678594,-9358.1782514299,1378,958
9,5,0.0086273833199812,39.53444525048235,-9357.96147804542,1402,934
9,5,0.008792042944940579,39.5376753626839,-9357.770625895548,1425,911
9,5,0.012918956639400321,39.54672828673853,-9357.235814233372,1448,888
9,5,0.013077838290083122,39.520492535601456,-9358.78605759005,1472,864
9,5,0.01723573317226184,39.53178064836149,-9358.118928599964,1495,841
9,5,0.01745908449873965,39.539590230941926,-9357.657492690498,1518,818
9,5,0.02024172205259486,39.51734917540324,-9358.971864521716,1542,794
9,5,0.021326281763822178,39.47247214920784,-9361.626200047833,1565,771
9,5,0.0215773007633987,39.474583396975056,-9361.501258724782,1590,746
9,5,0.022000506236166305,39.45226743018444,-9362.822231226934,1612,724
9,5,0.025537356329065657,39.50524329927832,-9359.687592162723,1635,701
9,5,0.026985541536296745,39.49015332911381,-9360.580053552565,1658,678
9,5,0.03143874701198117,39.49262170165715,-9360.434044039455,1682,654
9,5,0.03510096190229195,39.4746663476956,-9361.496349928719,1705,631
9,5,0.038822223465950954,39.45972977080482,-9362.380421911255,1728,608
9,5,0.040269809480563926,39.36485988990156,-9368.003442589225,1752,584
9,5,0.042627565486570464,39.25727838125978,-9374.396312754294,1775,561
9,5,0.04335479502237924,39.27847020823047,-9373.135635676806,1798,538
9,5,0.04466784572762015,39.25935981990726,-9374.272460261549,1822,514
9,5,0.05466316634515858,39.19877330643359,-9377.880247446054,1845,491
9,5,0.0593061201528196,39.16109074911054,-9380.126970606005,1869,467
9,5,0.06268997220335289,39.050542383669196,-9386.730621323999,1892,444
9,5,0.06564183785109448,39.086790335110436,-9384.563277809842,1915,421
9,5,0.07264882637533185,39.05125347091081,-9386.68808453523,1939,397
9,5,0.08060401095456499,39.03758254773024,-9387.506006238364,1962,374
9,5,0.08476373761676607,39.135466800392564,-9381.655966214897,1985,351
10,1,-0.0689261554181829,39.58396543307798,-9339.524883985647,351,1985
10,1,-0.06413957623169092,39.60958770225999,-9338.013305819803,374,1962
10,1,-0.059684062674668144,39.633657773468016,-9336.594189585132,397,1939
10,1,-0.05192684528887043,39.61267069479358,-9337.83149149873,421,1915
10,1,-0.04722617757495875,39.60680814491686,-9338.177237689883,444,1892
10,1,-0.0439850457938093,39.63291453618989,-9336.637996254985,468,1868
10,1,-0.0428449021121456,39.6745787260884,-9334.183560928555,492,1844
10,1,-0.0406578476510596,39.605504346773785,-9338.254136655882,514,1822
10,1,-0.03931023701998061,39.56985323680237,-9340.35784672587,538,1798
10,1,-0.035197637436770984,39.56743832326574,-9340.500415113342,561,1775
10,1,-0.03409297020331348,39.57928232791818,-9339.801268140556,584,1752
10,1,-0.030046529666759633,39.59140838867496,-9339.08568822347,608,1728
10,1,-0.025085737876994377,39.59616817533758,-9338.804864838292,631,1705
10,1,-0.0219997800909298,39.6007529273101,-9338.534400267938,655,1681
10,1,-0.021703037555578772,39.637727149731056,-9336.354353660277,678,1658
10,1,-0.02151463028032035,39.63866479748006,-9336.299095213519,701,1635
10,1,-0.020655960783661675,39.65165145001131,-9335.53388649649,724,1612
10,1,-0.0176188169420241,39.698178315178026,-9332.794453537232,750,1586
10,1,-0.017244203961644448,39.707855901470175,-9332.225054954026,771,1565
10,1,-0.0131773139576841,39.71433326854495,-9331.844024673237,794,1542
10,1,-0.012876798731683,39.713018143275185,-9331.921381719036,818,1518
10,1,-0.00878626535234478,39.69434898435529,-9333.019797586932,841,1495
10,1,-0.0086218045490367,39.69605196958868,-9332.91957958934,865,1471
10,1,-0.00853151336384134,39.69367876086772,-9333.059240362158,888,1448
10,1,-0.004369731864362235,39.71080264170665,-9332.051705634816,911,1425
10,1,-0.004313226509762,39.707032106607606,-9332.273519035443,935,1401
10,1,-0.004288858027725029,39.70645319645584,-9332.307577082622,958,1378
10,1,0.0,39.760359264782096,-9329.138339736239,1296,1040
10,1,0.0043103634093368,39.766187187439385,-9328.795962807802,1308,1028
10,1,0.00433558281022465,39.76421112096381,-9328.912046503749,1331,1005
10,1,0.00448780664722921,39.76394996063679,-9328.927388755239,1355,981
10,1,0.008602068990948232,39.777034146847726,-9328.158862702729,1378,958
10,1,0.0086281277016377,39.78253610266961,-9327.83576973528,1402,934
10,1,0.008802043631283835,39.7801387186319,-9327.976546528578,1425,911
10,1,0.01292540751161461,39.792891685078025,-9327.227777009004,1448,888
10,1,0.01314236040042431,39.79525339994929,-9327.089139126818,1472,864
10,1,0.017237070154653943,39.79228484082009,-9327.263401436781,1495,841
10,1,0.01753354883888815,39.791545883134496,-9327.306782237576,1518,818
10,1,0.02024172205259486,39.823712245127595,-9325.419188641301,1542,794
10,1,0.021326281763822178,39.822283742801886,-9325.502983975688,1565,771
10,1,0.0215773007633987,39.82045403334815,-9325.610318339222,1590,746
10,1,0.022000506236166305,39.83338010163325,-9324.852155317767,1612,724
10,1,0.025537356329065657,39.834571373014825,-9324.782295106828,1635,701
10,1,0.026985541536296745,39.83246522937373,-9324.905807961242,1658,678
10,1,0.03143874701198117,39.840326281813134,-9324.444837077464,1682,654
10,1,0.03510096190229195,39.840621222276724,-9324.427543585241,1705,631
10,1,0.038822223465950954,39.84611746894109,-9324.105300952675,1728,608
10,1,0.040269809480563926,39.786376818646694,-9327.610256725235,1752,584
10,1,0.042627565486570464,39.72615260360641,-9331.14891394716,1775,561
10,1,0.04335479502237924,39.73965503130753,-9330.355071353666,1798,538
10,1,0.044846276919315926,39.751625700186324,-9329.65151034786,1822,514
10,1,0.05546410133981774,39.735093386312606,-9330.623232069669,1845,491
10,1,0.0594177082246304,39.67168964853862,-9334.35367315431,1869,467
10,1,0.06296522223903828,39.62582723828076,-9337.05576538907,1892,444
10,1,0.0656915156803352,39.62421498060655,-9337.150812251431,1915,421
10,1,0.07286015555038554,39.61223922848357,-9337.8569356501,1939,397
10,1,0.08060401095456499,39.60559420675698,-9338.248836567269,1962,374
10,1,0.08476373761676607,39.5259234317295,-9342.95267642536,1985,351
10,2,-0.06893877686577154,39.385632853083514,-9351.258662326907,351,1985
10,2,-0.06420825320744777,39.35008188932301,-9353.368176599048,374,1962
10,2,-0.05975843291913529,39.363296019530495,-9352.583857356887,397,1939
10,2,-0.05200298562886868,39.33843917198704,-9354.059443572389,421,1915
10,2,-0.047309796000743566,39.36423440120393,-9352.528170113112,444,1892
10,2,-0.044004401150122,39.41023458618578,-9349.799965259104,468,1868
10,2,-0.04288672667995667,39.39870053298614,-9350.483734134448,491,1845
10,2,-0.04078539017742972,39.39719950090471,-9350.572733966701,514,1822
10,2,-0.039367112886089864,39.430568926364636,-9348.594979576696,538,1798
10,2,-0.035222746079710085,39.41814171952092,-9349.331325299778,561,1775
10,2,-0.034133018871387776,39.426477577522704,-9348.83737746825,584,1752
10,2,-0.03006834288703949,39.47734734345998,-9345.825310820974,608,1728
10,2,-0.025860510273800506,39.462142936968164,-9346.725177133207,631,1705
10,2,-0.02200074828458146,39.50559056796956,-9344.15466708421,654,1682
10,2,-0.021715763646036442,39.5033636972663,-9344.286347600999,678,1658
10,2,-0.0215285316154064,39.50008478756641,-9344.48025136622,701,1635
10,2,-0.020807040948956426,39.50807782388422,-9344.00759810395,724,1612
10,2,-0.017881909431341526,39.53214739201627,-9342.584866507705,748,1588
10,2,-0.01724851717838095,39.547466240942065,-9341.679833468357,771,1565
10,2,-0.013178066481934,39.55917507237862,-9340.988315538094,794,1542
10,2,-0.01291783703113995,39.557637093698574,-9341.079136138638,818,1518
10,2,-0.00878726902660256,39.55954982802427,-9340.966186031095,841,1495
10,2,-0.00862213931861666,39.56398827028871,-9340.704109754179,864,1472
10,2,-0.0085320592176697,39.56126765567974,-9340.8647501377,889,1447
10,2,-0.00437199630644945,39.57710229247027,-9339.929939070438,911,1425
10,2,-0.0043145291776748,39.56769232863053,-9340.485419079918,935,1401
10,2,-0.004304175245417709,39.570644744188655,-9340.311120680379,958,1378
10,2,0.0,39.56710942648043,-9340.519832748556,1297,1039
10,2,0.0043102519349027,39.56492522952164,-9340.64878897012,1309,1027
10,2,0.004333901099792669,39.56993694998145,-9340.352904736868,1331,1005
10,2,0.00448523068569036,39.58113107079522,-9339.692156447574,1355,981
10,2,0.00858781927327537,39.59879966127427,-9338.649623885029,1378,958
10,2,0.0086273833199812,39.59967326175017,-9338.598089287543,1402,934
10,2,0.008792042944940579,39.60449743047833,-9338.313527046326,1425,911
10,2,0.012918956639400321,39.597484504368566,-9338.727208498103,1448,888
10,2,0.013077838290083122,39.58493476575829,-9339.467680686483,1472,864
10,2,0.01723573317226184,39.59095455541658,-9339.112465764632,1495,841
10,2,0.01745908449873965,39.589722413821164,-9339.18516741047,1518,818
10,2,0.020177579294613356,39.61063365769693,-9337.951620763664,1542,794
10,2,0.021316736941082954,39.61328102849867,-9337.795499768645,1565,771
10,2,0.0215773007633987,39.62190720793266,-9337.28686829604,1591,745
10,2,0.021987446477722872,39.62913203726474,-9336.860950818433,1612,724
10,2,0.025488577400688467,39.64452332884214,-9335.953863655352,1635,701
10,2,0.026872446409827912,39.64209919213385,-9336.096707004512,1658,678
10,2,0.031415635286688746,39.65409302877754,-9335.39005005596,1682,654
10,2,0.03508525860373658,39.65601271050609,-9335.276965437628,1705,631
10,2,0.03878658750747258,39.662588969121025,-9334.889612664523,1728,608
10,2,0.040253599432049474,39.69899615183629,-9332.746329244483,1752,584
10,2,0.04260940213470584,39.62906025186638,-9336.865182322728,1775,561
10,2,0.0433369454236544,39.63304088883584,-9336.630548927078,1799,537
10,2,0.04447139332207207,39.58871144058784,-9339.244820863014,1822,514
10,2,0.05466316634515858,39.57654721919883,-9339.96270196059,1845,491
10,2,0.0593061201528196,39.513378712404354,-9343.694192703837,1869,467
10,2,0.06268997220335289,39.49908369703561,-9344.539455723048,1892,444
10,2,0.06564183785109448,39.56773370760889,-9340.482976146373,1915,421
10,2,0.07264882637533185,39.54905711892328,-9341.585864964894,1939,397
10,2,0.08055926712244181,39.53699532924195,-9342.298413892091,1962,374
10,2,0.08469194954092066,39.424289180026825,-9348.967042575183,1985,351
10,3,-0.06893877686577154,39.60650875475034,-9338.194895716499,351,1985
10,3,-0.06420825320744777,39.5935160356578,-9338.961334670343,374,1962
10,3,-0.05975843291913529,39.58920420439881,-9339.215744667888,397,1939
10,3,-0.05200298562886868,39.52555695829018,-9342.97433527223,421,1915
10,3,-0.047309796000743566,39.51189177020295,-9343.782101216182,444,1892
10,3,-0.044004401150122,39.53056799894868,-9342.678196522695,468,1868
10,3,-0.04288672667995667,39.530248023715046,-9342.697105058765,491,1845
10,3,-0.04078539017742972,39.56493170102267,-9340.648406878532,514,1822
10,3,-0.039367112886089864,39.596087028222726,-9338.809652166543,538,1798
10,3,-0.035222746079710085,39.63172306010709,-9336.70822399371,561,1775
10,3,-0.034133018871387776,39.64870537298565,-9335.707455348154,584,1752
10,3,-0.03006834288703949,39.578873354577055,-9339.82540618967,608,1728
10,3,-0.025860510273800506,39.58337292488648,-9339.559850403974,631,1705
10,3,-0.02200074828458146,39.61328348874529,-9337.795354687605,654,1682
10,3,-0.021715763646036442,39.58784412730146,-9339.295998735619,678,1658
10,3,-0.0215285316154064,39.592588183176815,-9339.016078199325,701,1635
10,3,-0.020807040948956426,39.64530412652058,-9335.907856659613,724,1612
10,3,-0.017881909431341526,39.627830508926834,-9336.937672663427,748,1588
10,3,-0.01724851717838095,39.634059502358255,-9336.570511883292,771,1565
10,3,-0.013178066481934,39.61461034746998,-9337.717110982489,794,1542
10,3,-0.01291783703113995,39.62471117259594,-9337.121560006803,818,1518
10,3,-0.00878726902660256,39.60896541012585,-9338.050006172642,841,1495
10,3,-0.00862213931861666,39.61723486944902,-9337.562352922052,864,1472
10,3,-0.0085320592176697,39.63198070510518,-9336.693037756202,889,1447
10,3,-0.00437199630644945,39.664419454735494,-9334.78180538725,911,1425
10,3,-0.0043145291776748,39.636894643378625,-9336.403416898813,935,1401
10,3,-0.004304175245417709,39.641373160436046,-9336.139490449683,958,1378
10,3,0.0,39.761079616646896,-9329.096018018225,1297,1039
10,3,0.0043102519349027,39.76510514367375,-9328.859526574028,1309,1027
10,3,0.004333901099792669,39.77184240268962,-9328.463780003805,1331,1005
10,3,0.00448523068569036,39.76791406369403,-9328.694522472952,1355,981
10,3,0.00858781927327537,39.80035383080855,-9326.789760633003,1378,958
10,3,0.0086273833199812,39.80225489949363,-9326.67818397691,1402,934
10,3,0.008792042944940579,39.8034281262462,-9326.609328146771,1425,911
10,3,0.012918956639400321,39.779844097647356,-9327.993847553429,1448,888
10,3,0.013077838290083122,39.77395148057873,-9328.339906554069,1472,864
10,3,0.01723573317226184,39.787892059644456,-9327.521293219292,1495,841
10,3,0.01745908449873965,39.79029488225082,-9327.380224571565,1518,818
10,3,0.020177579294613356,39.79752155698479,-9326.956001041377,1542,794
10,3,0.021316736941082954,39.79666637369528,-9327.006198379053,1565,771
10,3,0.0215773007633987,39.79022607025386,-9327.384264374848,1591,745
10,3,0.021987446477722872,39.835802135155085,-9324.710121217508,1612,724
10,3,0.025488577400688467,39.82659038681891,-9325.250367211333,1635,701
10,3,0.026872446409827912,39.82517611141365,-9325.333321990423,1658,678
10,3,0.031415635286688746,39.82905123219326,-9325.10603255582,1682,654
10,3,0.03508525860373658,39.83614028161245,-9324.690292150952,1705,631
10,3,0.03878658750747258,39.82021508784203,-9325.62433571774,1728,608
10,3,0.040253599432049474,39.83050027721059,-9325.0210466603,1752,584
10,3,0.04260940213470584,39.85359252192572,-9323.667113064028,1775,561
10,3,0.0433369454236544,39.83927743405651,-9324.506336087132,1799,537
10,3,0.04447139332207207,39.846816524538966,-9324.064318802944,1822,514
10,3,0.05466316634515858,39.852176815040515,-9323.750095546016,1845,491
10,3,0.0593061201528196,39.85302286883327,-9323.700503256736,1869,467
10,3,0.06268997220335289,39.8723084735496,-9322.57034367665,1892,444
10,3,0.06564183785109448,39.855721636467294,-9323.542319327616,1915,421
10,3,0.07264882637533185,39.850548582956684,-9323.845538961015,1939,397
10,3,0.08060401095456499,39.82052320578823,-9325.606260457824,1962,374
10,3,0.08476373761676607,39.854081371954564,-9323.638459520105,1985,351
10,4,-0.06927811382090548,39.38039718618596,-9351.569215439324,351,1985
10,4,-0.06430733091887546,39.31872980694945,-9355.230120785644,374,1962
10,4,-0.06012159337212578,39.33835867377436,-9354.064223731977,397,1939
10,4,-0.0520205673756657,39.3194430675124,-9355.187745012805,421,1915
10,4,-0.04735443555451917,39.316707138116044,-9355.350294452363,444,1892
10,4,-0.0440140852175921,39.35588083962562,-9353.0239498731,468,1868
10,4,-0.04293320380619425,39.40102894554455,-9350.345683616404,491,1845
10,4,-0.04109831965165568,39.3107706533138,-9355.703037002777,514,1822
10,4,-0.039392179845257266,39.289638328712066,-9356.95914017319,538,1798
10,4,-0.03524477731331782,39.35097594831405,-9353.315101790133,561,1775
10,4,-0.03420594177108757,39.37602687969495,-9351.828471394492,584,1752
10,4,-0.030096267702268798,39.38940843171815,-9351.034739836905,608,1728
10,4,-0.025870209733436674,39.405562976230506,-9350.076886414654,631,1705
10,4,-0.0220046210591881,39.386139205686824,-9351.228630257032,655,1681
10,4,-0.0217178847633934,39.402542267954026,-9350.255963795476,679,1657
10,4,-0.0215424389372936,39.39630716176421,-9350.625644525468,701,1635
10,4,-0.020940873637460035,39.35918655608827,-9352.82774465047,724,1612
10,4,-0.0179521936408725,39.287236257370736,-9357.10196180321,748,1588
10,4,-0.017253129456230885,39.301614277698285,-9356.24720809117,771,1565
10,4,-0.01318038237467676,39.313070192106395,-9355.56639339536,794,1542
10,4,-0.012929780575515474,39.31756588905786,-9355.299272369422,818,1518
10,4,-0.0087877323313268,39.279786359726884,-9357.544971105805,842,1494
10,4,-0.008628518554191696,39.28402600053511,-9357.29284991565,864,1472
10,4,-0.00853256883339366,39.272898131693815,-9357.954655404452,888,1448
10,4,-0.004375899436058045,39.32675931490617,-9354.753121256197,911,1425
10,4,-0.0043145291776748,39.33114390862099,-9354.492691966612,936,1400
10,4,-0.0043093047168024645,39.33875310331869,-9354.04080173809,958,1378
10,4,0.0,39.56495264442188,-9340.647170334818,1298,1038
10,4,0.00431017762501662,39.58248490249953,-9339.61225734689,1308,1028
10,4,0.004332043201050243,39.58622365390579,-9339.391621607068,1331,1005
10,4,0.004428893836850806,39.589380341972905,-9339.205351519908,1355,981
10,4,0.008584999183583379,39.55470724779868,-9341.252158947715,1378,958
10,4,0.0086258949419545,39.55880995330239,-9341.009876202508,1402,934
10,4,0.00878736556623813,39.563460449772855,-9340.735274381497,1425,911
10,4,0.012903060616115571,39.5730478718429,-9340.169259566333,1448,888
10,4,0.01307013005470509,39.59493698902796,-9338.877500551951,1472,864
10,4,0.017195487882444085,39.573355220437456,-9340.151116826075,1495,841
10,4,0.0174040155950354,39.57651067696209,-9339.96485886185,1518,818
10,4,0.020177579294613356,39.56420221924628,-9340.691477473274,1542,794
10,4,0.021316736941082954,39.58867855695033,-9339.246761219401,1565,771
10,4,0.0215773007633987,39.59343494802456,-9338.966118809874,1591,745
10,4,0.021987446477722872,39.615589114290074,-9337.659395633862,1612,724
10,4,0.025488577400688467,39.63152348319299,-9336.719987621664,1635,701
10,4,0.026872446409827912,39.647096875771574,-9335.802225799705,1658,678
10,4,0.031415635286688746,39.64462002461747,-9335.94816599432,1682,654
10,4,0.03508525860373658,39.625247870214935,-9337.089920226716,1705,631
10,4,0.03878658750747258,39.63947111332574,-9336.251577602417,1728,608
10,4,0.040253599432049474,39.64042647981566,-9336.195277425744,1752,584
10,4,0.04260940213470584,39.57674249957631,-9339.951175592869,1775,561
10,4,0.0433369454236544,39.57902710835861,-9339.816331445858,1799,537
10,4,0.04447139332207207,39.56505876240356,-9340.640904909076,1822,514
10,4,0.05466316634515858,39.53860544982804,-9342.203283620489,1845,491
10,4,0.0593061201528196,39.519725237366686,-9343.319021247751,1869,467
10,4,0.06268997220335289,39.429515606352936,-9348.657382643141,1892,444
10,4,0.06564183785109448,39.385463145441776,-9351.26872787306,1915,421
10,4,0.07264882637533185,39.345862955511826,-9353.61864514382,1939,397
10,4,0.08060401095456499,39.36471242956421,-9352.499802548331,1962,374
10,4,0.08476373761676607,39.407572879254296,-9349.957740452153,1985,351
10,5,-0.06927811382090548,39.622343978914635,-9337.261117607539,351,1985
10,5,-0.06430733091887546,39.72692026653206,-9331.10377382785,374,1962
10,5,-0.06012159337212578,39.67685806315319,-9334.049359668936,397,1939
10,5,-0.0520205673756657,39.71666127830971,-9331.707094981166,421,1915
10,5,-0.04735443555451917,39.75280117144462,-9329.582434927343,444,1892
10,5,-0.0440140852175921,39.69153618494397,-9333.18533581614,468,1868
10,5,-0.04293320380619425,39.66062860039227,-9335.005074984172,491,1845
10,5,-0.04109831965165568,39.58249278926189,-9339.611791901754,514,1822
10,5,-0.039392179845257266,39.5919928200574,-9339.051205448328,538,1798
10,5,-0.03524477731331782,39.57885136325569,-9339.82670414832,561,1775
10,5,-0.03420594177108757,39.57333972913123,-9340.152031272128,584,1752
10,5,-0.030096267702268798,39.53574395213215,-9342.372351306054,608,1728
10,5,-0.025870209733436674,39.55281034311832,-9341.36418798033,631,1705
10,5,-0.0220046210591881,39.56818928103452,-9340.456080155724,655,1681
10,5,-0.0217178847633934,39.54225069867169,-9341.987926789025,679,1657
10,5,-0.0215424389372936,39.5393771223048,-9342.157692500252,701,1635
10,5,-0.020940873637460035,39.4952272171868,-9344.767541437823,724,1612
10,5,-0.017881909431341526,39.46830948122985,-9346.360171055494,748,1588
10,5,-0.01724851717838095,39.47935487284035,-9345.706521953105,771,1565
10,5,-0.013178066481934,39.48490350628026,-9345.37823145806,794,1542
10,5,-0.01291783703113995,39.46784015455107,-9346.38794912997,818,1518
10,5,-0.00878726902660256,39.481805555602826,-9345.561519146562,841,1495
10,5,-0.00862213931861666,39.49848769559234,-9344.574703879338,864,1472
10,5,-0.0085320592176697,39.51064793905365,-9343.855639464273,889,1447
10,5,-0.00437199630644945,39.552124237445284,-9341.404709924018,911,1425
10,5,-0.0043145291776748,39.563983875157845,-9340.704369258508,935,1401
10,5,-0.004304175245417709,39.56483700218967,-9340.653998111198,958,1378
10,5,0.0,39.55925454873279,-9340.983622402395,1297,1039
10,5,0.0043102519349027,39.553176240174295,-9341.342578098205,1309,1027
10,5,0.004333901099792669,39.546142885251086,-9341.758003093655,1331,1005
10,5,0.00448523068569036,39.542477625749264,-9341.974520871992,1355,981
10,5,0.00858781927327537,39.53011570209031,-9342.70492448435,1378,958
10,5,0.0086273833199812,39.53388766717997,-9342.482033912645,1402,934
10,5,0.008792042944940579,39.53715149093854,-9342.289187267768,1425,911
10,5,0.012918956639400321,39.54627896833876,-9341.749964647357,1448,888
10,5,0.013077838290083122,39.51966354235806,-9343.32266802545,1472,864
10,5,0.01723573317226184,39.529469192648484,-9342.743129745817,1495,841
10,5,0.01745908449873965,39.53676653740932,-9342.311931845667,1518,818
10,5,0.02024172205259486,39.51522296600605,-9343.585164419828,1542,794
10,5,0.021326281763822178,39.46777751134315,-9346.391656823354,1565,771
10,5,0.0215773007633987,39.47039193316772,-9346.236920795714,1590,746
10,5,0.022000506236166305,39.4478654933781,-9347.570497245413,1612,724
10,5,0.025537356329065657,39.501836314350555,-9344.376669921327,1635,701
10,5,0.026985541536296745,39.48579868881696,-9345.325271402047,1658,678
10,5,0.03143874701198117,39.488394601875115,-9345.17170090887,1682,654
10,5,0.03510096190229195,39.47166918254453,-9346.161329798917,1705,631
10,5,0.038822223465950954,39.45829692668883,-9346.95285655403,1728,608
10,5,0.040269809480563926,39.364263328285645,-9352.526453487879,1752,584
10,5,0.042627565486570464,39.257222888257544,-9358.88722417368,1775,561
10,5,0.04335479502237924,39.278348580942804,-9357.630478513598,1798,538
10,5,0.04466784572762015,39.25932915215547,-9358.761894358784,1822,514
10,5,0.05466316634515858,39.197807372041254,-9362.425421073362,1845,491
10,5,0.0593061201528196,39.159903563416506,-9364.68539785922,1869,467
10,5,0.06268997220335289,39.04833961480839,-9371.350003791584,1892,444
10,5,0.06564183785109448,39.08549121871621,-9369.128529371523,1915,421
10,5,0.07264882637533185,39.049765232789596,-9371.264720195753,1939,397
10,5,0.08060401095456499,39.0364019291636,-9372.06426456346,1962,374
10,5,0.08476373761676607,39.13491388884035,-9366.176579107016,1985,351
