Date,Actual_Close,Smoothed_Level_Log,Smoothed_Level_Price
2016-01-04,22424.0,10.017887092844624,22424.000000000004
2016-01-05,22458.0,10.019402172832176,22457.999903423693
2016-01-06,22465.0,10.019713815614086,22464.999867677234
2016-01-07,22428.0,10.018065462815043,22428.000124957154
2016-01-08,22426.0,10.017976278064582,22425.99997855527
2016-01-11,22418.0,10.017619489449558,22418.000064306423
2016-01-12,22428.0,10.018065450069283,22427.99983909525
2016-01-13,22393.0,10.016503701440604,22393.00027847425
2016-01-14,22436.0,10.018422080426953,22435.99977112421
2016-01-15,22415.0,10.017485651955973,22414.999896138586
2016-01-18,22365.0,10.015252528157982,22365.000274888956
2016-01-19,22392.0,10.016459027522274,22391.99991775383
2016-01-20,22396.0,10.016637640244564,22395.999771018378
2016-01-21,22336.0,10.01395502409573,22336.000413967166
2016-01-22,22392.0,10.016459009778597,22391.999520437425
2016-01-25,22314.0,10.012969573860133,22314.00023891617
2016-01-26,22303.0,10.012476473697891,22302.99991413196
2016-01-27,22268.0,10.010905939315919,22267.9997775988
2016-01-28,22171.0,10.006540427540743,22171.00044227894
2016-01-29,22198.0,10.007757475474849,22198.00003913338
2016-02-01,22236.0,10.009467874297762,22235.9999605178
2016-02-02,22263.0,10.010681375232771,22262.99974607997
2016-02-03,22219.0,10.008703075829214,22219.00040324765
2016-02-04,22288.0,10.011803676593349,22287.99956702801
2016-02-05,22236.0,10.009467880882807,22236.000106942873
2016-02-08,22214.0,10.008477999723603,22213.99999992308
2016-02-09,22192.0,10.007487149635942,22192.00015714886
2016-02-10,22214.0,10.008477996186437,22213.99992134849
2016-02-11,22214.0,10.008478004870893,22214.000114264993
2016-02-12,22246.0,10.009917504475526,22246.000185165725
2016-02-15,22330.0,10.013686334246122,22329.999763568143
2016-02-16,22348.0,10.014492108978633,22347.999964234117
2016-02-17,22356.0,10.014850012711431,22355.999828347107
2016-02-18,22316.0,10.013059198085731,22316.000203528885
2016-02-19,22333.0,10.013820685497231,22333.00002851381
2016-02-22,22358.0,10.014939470154625,22357.999828387896
2016-02-23,22335.0,10.013910239543243,22335.00012858313
2016-02-24,22348.0,10.014492100976844,22347.999785410128
2016-02-25,22301.0,10.012386805732985,22301.000139177584
2016-02-26,22293.0,10.012028005542152,22292.999971388574
2016-02-29,22277.0,10.011310040837083,22277.0001285875
2016-03-01,22297.0,10.012207418126488,22296.999974940794
2016-03-02,22310.0,10.0127902786104,22309.999803311053
2016-03-03,22268.0,10.010905948165124,22267.999974652914
2016-03-04,22219.0,10.008703074065597,22219.00036406185
2016-03-07,22272.0,10.011085555262405,22271.99982468057
2016-03-08,22276.0,10.011265143586527,22275.999974983344
2016-03-09,22273.0,10.011130453358849,22272.999817525426
2016-03-10,22219.0,10.008703069408703,22219.00026059033
2016-03-11,22238.0,10.009557818026225,22238.000039206283
2016-03-14,22268.0,10.010905946731933,22267.99994273861
2016-03-15,22282.0,10.011534455656076,22281.999978538286
2016-03-16,22290.0,10.011893418197182,22289.999817606902
2016-03-17,22247.0,10.009962457635517,22247.000235648753
2016-03-18,22270.0,10.010995756238158,22269.9999106248
2016-03-21,22268.0,10.01090595315292,22268.000085721134
2016-03-22,22290.0,10.011893431657562,22290.00011763876
2016-03-23,22345.0,10.014357849041401,22344.999724572164
2016-03-24,22323.0,10.013372815901633,22322.999996344875
2016-03-25,22300.0,10.012341961292055,22300.00008571774
2016-03-28,22301.0,10.012386799331853,22300.999996425937
2016-03-29,22301.0,10.012386787776034,22300.999738719613
2016-03-30,22228.0,10.009108051898528,22228.000388961456
2016-03-31,22264.0,10.010726298706917,22263.9998998385
2016-04-01,22272.0,10.01108556201081,22271.999974981074
2016-04-04,22273.0,10.011130461551467,22272.999999999607
2016-04-05,22274.0,10.011175356348486,22273.999964260052
2016-04-06,22265.0,10.010771218397402,22265.000014285197
2016-04-07,22260.0,10.010546630284333,22260.000121423782
2016-04-08,22289.0,10.011848556912588,22288.999882010834
2016-04-11,22285.0,10.011669078477734,22284.99984616838
2016-04-12,22238.0,10.009557830229117,22238.000310574178
2016-04-13,22278.0,10.011354918587116,22277.999892664182
2016-04-14,22288.0,10.011803693453873,22287.999942815357
2016-04-15,22282.0,10.011534457581334,22282.00002143689
2016-04-18,22282.0,10.011534455015223,22281.999964258805
2016-04-19,22272.0,10.011085564577746,22272.000032151853
2016-04-20,22271.0,10.011040662058972,22270.99998570476
2016-04-21,22266.0,10.010816131090985,22266.000017864742
2016-04-22,22266.0,10.010816131893117,22266.000035725006
2016-04-25,22276.0,10.011265139574279,22275.9998856065
2016-04-26,22254.0,10.010277048642394,22254.000042833337
2016-04-27,22244.0,10.00982759537118,22244.000157125498
2016-04-28,22278.0,10.011354912489788,22277.99975682789
2016-04-29,22244.0,10.009827590229227,22244.000042747903
2016-05-02,22222.0,10.00883807264453,22222.000100011785
2016-05-03,22228.0,10.009108033435147,22227.99997855744
2016-05-04,22228.0,10.009108034399816,22228.000000000087
2016-05-05,22228.0,10.00910803648906,22228.00004643981
2016-05-06,22241.0,10.009692710899492,22240.999989258653
2016-05-09,22251.0,10.010142232008764,22251.000035692752
2016-05-10,22271.0,10.011040656440674,22270.999860579628
2016-05-11,22252.0,10.010187181944742,22252.000239199173
2016-05-12,22300.0,10.01234195135045,22299.999864019952
2016-05-13,22310.0,10.012790273631063,22309.999692222067
2016-05-16,22234.0,10.009377947051465,22234.00042818027
2016-05-17,22278.0,10.011354909276314,22277.99968523812
2016-05-18,22234.0,10.009377947531942,22234.00043886317
2016-05-19,22313.0,10.012924734880833,22312.99972435257
2016-05-20,22315.0,10.013014370492487,22314.99985337073
2016-05-23,22276.0,10.011265156249804,22276.000257070496
2016-05-24,22309.0,10.01274545770248,22308.999871273267
2016-05-25,22306.0,10.012610988035854,22306.00018918549
2016-05-26,22356.0,10.014850014625814,22355.99987114506
2016-05-27,22370.0,10.015476059428064,22370.00011059479
2016-05-30,22415.0,10.017485641588614,22414.99966375425
2016-05-31,22366.0,10.015297242271403,22366.00032840601
2016-06-01,22409.0,10.017217928816953,22408.999685238752
2016-06-02,22364.0,10.015207813162055,22364.000246351075
2016-06-03,22388.0,10.016280369788515,22387.999771133396
2016-06-06,22348.0,10.014492112169018,22348.000035532838
2016-06-07,22318.0,10.013148806739219,22317.999999856544
2016-06-08,22288.0,10.011803702108512,22288.000135709968
2016-06-09,22296.0,10.012162571723799,22296.00005712268
2016-06-10,22320.0,10.013238416491113,22319.999999907723
2016-06-13,22344.0,10.014313103784762,22343.99991419343
2016-06-14,22344.0,10.014313104104916,22343.999921346967
2016-06-15,22322.0,10.013328012117949,22321.99986388689
2016-06-16,22262.0,10.01063648728877,22262.000428222887
2016-06-17,22322.0,10.013328008597902,22321.99978531241
2016-06-20,22322.0,10.013328018215589,22321.999999998403
2016-06-21,22322.0,10.013328007795229,22321.999767395133
2016-06-22,22257.0,10.010411859129173,22257.000317641603
2016-06-23,22281.0,10.01148957360882,22280.999939204376
2016-06-24,22288.0,10.011803698902977,22288.000064264994
2016-06-27,22313.0,10.012924735533343,22312.999738912004
2016-06-28,22265.0,10.01077122432746,22265.000146317943
2016-06-29,22258.0,10.010456778347553,22258.00010715408
2016-06-30,22281.0,10.011489572646878,22280.99991777135
2016-07-01,22281.0,10.011489580184334,22281.00008571339
2016-07-04,22305.0,10.012566143715407,22304.999914193602
2016-07-05,22305.0,10.01256614323425,22304.99990346141
2016-07-06,22278.0,10.011354927733235,22278.00009642141
2016-07-07,22278.0,10.011354922923925,22277.999989279597
2016-07-08,22275.0,10.01122025249937,22275.00000357203
2016-07-11,22273.0,10.011130458822821,22272.99993922448
2016-07-12,22254.0,10.010277053779175,22254.000157147275
2016-07-13,22279.0,10.01139980539774,22278.999903469925
2016-07-14,22277.0,10.011310035546055,22277.000010719268
2016-07-15,22278.0,10.01135492324473,22277.999996426483
2016-07-18,22278.0,10.011354922121713,22277.999971407924
2016-07-19,22270.0,10.010995758003087,22269.999949929777
2016-07-20,22248.0,10.010007404581494,22248.00019283883
2016-07-21,22280.0,10.011444689226044,22279.99989271788
2016-07-22,22282.0,10.011534455656964,22281.999978558077
2016-07-25,22278.0,10.011354924046676,22278.000014292258
2016-07-26,22278.0,10.011354926932121,22278.000078574194
2016-07-27,22300.0,10.012341950394214,22299.999842695892
2016-07-28,22278.0,10.01135492613003,22278.000060705217
2016-07-29,22273.0,10.011130459143482,22272.99994636656
2016-08-01,22253.0,10.01023211718838,22253.000160717045
2016-08-02,22278.0,10.011354912328525,22277.99975323527
2016-08-03,22234.0,10.009377939034158,22234.000249923443
2016-08-04,22260.0,10.010546626267418,22260.000032007258
2016-08-05,22295.0,10.012117702300188,22294.999670894827
2016-08-08,22238.0,10.009557831030122,22238.000328386937
2016-08-09,22273.0,10.011130456413207,22272.999885555153
2016-08-10,22276.0,10.011265144549093,22275.999996425446
2016-08-11,22278.0,10.011354926290817,22278.000064287226
2016-08-12,22298.0,10.012252260914506,22297.999857002687
2016-08-15,22278.0,10.011354926611627,22278.000071434235
2016-08-16,22278.0,10.011354923565527,22278.000003573212
2016-08-17,22279.0,10.011399806039801,22278.999917774392
2016-08-18,22257.0,10.010411846942729,22257.00004640792
2016-08-19,22248.0,10.010007397359056,22248.000032154032
2016-08-22,22248.0,10.010007400247739,22248.000096421452
2016-08-23,22275.0,10.011220248165491,22274.999907034875
2016-08-24,22276.0,10.01126514486994,22276.00000357264
2016-08-25,22278.0,10.0113549238862,22278.00001071717
2016-08-26,22283.0,10.011579328468017,22282.9998569665
2016-08-29,22248.0,10.010007401530881,22248.000124968807
2016-08-30,22248.0,10.010007404255958,22248.000185596324
2016-08-31,22300.0,10.01234194477697,22299.99971743136
2016-09-01,22273.0,10.011130462349282,22273.000017769344
2016-09-02,22251.0,10.010142241956526,22251.0002570404
2016-09-05,22301.0,10.012386787463509,22300.999731749987
2016-09-06,22276.0,10.011265148877968,22276.000092855465
2016-09-07,22277.0,10.011310031373853,22276.999917775123
2016-09-08,22255.0,10.010321988511205,22255.00015714812
2016-09-09,22277.0,10.011310023344274,22276.9997389002
2016-09-12,22226.0,10.009018070285972,22226.00036762649
2016-09-13,22278.0,10.011354911845391,22277.999742472024
2016-09-14,22258.0,10.010456780754009,22258.000160716965
2016-09-15,22283.0,10.0115793316774,22282.999928481182
2016-09-16,22288.0,10.011803690886461,22287.999885592897
2016-09-19,22261.0,10.010591554188727,22261.00015000347
2016-09-20,22276.0,10.011265145829896,22276.00002495661
2016-09-21,22298.0,10.01225226139559,22297.99986772989
2016-09-22,22283.0,10.0115793382536,22283.000075018666
2016-09-23,22289.0,10.011848561244156,22288.999978557153
2016-09-26,22289.0,10.011848560442262,22288.999960683745
2016-09-27,22278.0,10.011354927253617,22278.000085736476
2016-09-28,22291.0,10.011938284692608,22290.999914217
2016-09-29,22280.0,10.01144469596538,22280.000042870288
2016-09-30,22281.0,10.011489579863754,22281.000078570567
2016-10-03,22304.0,10.012521306507512,22303.999842695728
2016-10-04,22283.0,10.01157933696982,22283.00004641219
2016-10-05,22275.0,10.011220250091185,22274.999949929694
2016-10-06,22253.0,10.010232113497102,22253.000078575024
2016-10-07,22253.0,10.010232116704001,22253.00014993816
2016-10-10,22295.0,10.012117704388581,22294.999717455557
2016-10-11,22258.0,10.010456777862672,22258.000096361586
2016-10-12,22248.0,10.010007398322573,22248.000053590364
2016-10-13,22253.0,10.010232109644875,22252.99999285142
2016-10-14,22256.0,10.010366922020657,22256.00017487502
2016-10-17,22308.0,10.012700622275826,22307.999660168447
2016-10-18,22265.0,10.010771223044959,22265.000117763055
2016-10-19,22255.0,10.010321983536913,22255.000046445268
2016-10-20,22258.0,10.010456775459023,22258.00004286117
2016-10-21,22273.0,10.011130457860489,22272.99991779045
2016-10-24,22265.0,10.010771221927177,22265.000092875653
2016-10-25,22283.0,10.01157933680691,22283.000042782074
2016-10-26,22313.0,10.0129247443481,22312.999935595675
2016-10-27,22325.0,10.013462397094623,22324.999806887026
2016-10-28,22283.0,10.011579341776148,22283.000153511595
2016-10-31,22284.0,10.011624210980363,22283.99999642692
2016-11-01,22284.0,10.011624208574121,22283.999942806215
2016-11-02,22268.0,10.010905951869983,22268.000057152705
2016-11-03,22268.0,10.010905949303423,22268.000000000542
2016-11-04,22268.0,10.010905953633452,22268.00009642164
2016-11-07,22295.0,10.012117715455142,22294.999964184535
2016-11-08,22312.0,10.012879919529999,22311.9997818483
2016-11-09,22268.0,10.010905957480201,22268.000182081043
2016-11-10,22275.0,10.011220258427482,22275.00013562071
2016-11-11,22320.0,10.01323840672124,22319.99978184414
2016-11-14,22304.0,10.012521316603312,22304.000067872446
2016-11-15,22307.0,10.012655820890524,22307.00025326793
2016-11-16,22381.0,10.015967649390149,22380.999681518802
2016-11-17,22366.0,10.015297244333933,22366.00037453655
2016-11-18,22456.0,10.019313120202463,22456.00004852169
2016-11-21,22560.0,10.023933676089289,22559.999333967757
2016-11-22,22478.0,10.020292357151435,22478.000563595906
2016-11-23,22554.0,10.023667733220245,22554.00046073339
2016-11-24,22760.0,10.03275985025164,22759.999135378865
2016-11-25,22725.0,10.03122092061157,22725.000035584868
2016-11-28,22700.0,10.03012020267713,22699.999982013345
2016-11-29,22670.0,10.028797743495353,22669.99999985896
2016-11-30,22640.0,10.027473543356699,22640.00024993608
2016-12-01,22680.0,10.029238748381529,22679.99978544358
2016-12-02,22660.0,10.028356545610427,22660.00024990421
2016-12-05,22710.0,10.030560628796731,22709.999856861763
2016-12-06,22720.0,10.031000864965302,22719.999821198464
2016-12-07,22680.0,10.029238756251868,22679.999963942868
2016-12-08,22630.0,10.027031739401354,22630.000017510425
2016-12-09,22585.0,10.025041260734731,22585.00028561052
2016-12-12,22620.0,10.026589749661614,22619.99999980779
2016-12-13,22655.0,10.028135860241015,22655.00007113164
2016-12-14,22710.0,10.030560631152325,22709.99991035728
2016-12-15,22740.0,10.031880763372843,22739.999910593513
2016-12-16,22745.0,10.032100620789178,22745.0000178565
2016-12-19,22755.0,10.032540179665135,22754.99998212351
2016-12-20,22760.0,10.032759888397049,22760.000003568348
2016-12-21,22766.0,10.033023471844396,22765.999953539933
2016-12-22,22759.0,10.03271595101471,22759.00001071486
2016-12-23,22755.0,10.032540182177902,22755.00003930152
2016-12-26,22762.0,10.032847756742768,22761.999974983042
2016-12-27,22762.0,10.032847759097507,22762.000028581602
2016-12-28,22770.0,10.033199158900459,22769.999996417675
2016-12-29,22777.0,10.033506531663155,22776.999949965593
2016-12-30,22770.0,10.033199160156117,22770.000025009023
2017-01-02,22770.0,10.033199155132335,22769.999910617502
2017-01-03,22745.0,10.032100620786057,22745.00001778551
2017-01-04,22725.0,10.031220914318318,22724.99989257071
2017-01-05,22675.0,10.029018264685295,22674.999766491885
2017-01-06,22560.0,10.023933726947297,22560.000481324405
2017-01-09,22580.0,10.024819832954405,22579.999892761978
2017-01-10,22570.0,10.024376871394438,22570.000035725065
2017-01-11,22570.0,10.02437686981158,22569.999999999956
2017-01-12,22570.0,10.024376868228014,22569.999964258885
2017-01-13,22560.0,10.02393370877914,22560.00007145078
2017-01-16,22570.0,10.024376868228014,22569.999964258885
2017-01-17,22570.0,10.024376870128199,22570.00000714606
2017-01-18,22572.0,10.024465477505716,22571.99996426142
2017-01-19,22564.0,10.024110997076601,22564.000050018396
2017-01-20,22570.0,10.024376865693693,22569.999907059257
2017-01-23,22550.0,10.02349035126652,22550.000142869947
2017-01-24,22570.0,10.024376869808785,22569.99999993689
2017-01-25,22590.0,10.025262606296998,22589.9999285015
2017-01-26,22590.0,10.025262609462038,22589.99999999975
2017-01-27,22590.0,10.025262609462049,22589.99999999999
2017-01-30,22590.0,10.025262609462049,22589.99999999999
2017-01-31,22590.0,10.025262609462077,22590.000000000633
2017-02-01,22590.0,10.025262617362388,22590.00017846867
2017-02-02,22640.0,10.027473520468755,22639.999731753032
2017-02-03,22615.0,10.026368680325385,22614.99996411998
2017-02-06,22580.0,10.024819844820398,22580.00016069609
2017-02-07,22590.0,10.025262617358237,22590.000178374892
2017-02-08,22650.0,10.02791512379849,22649.999838897565
2017-02-09,22665.0,10.028577157065637,22664.999856999435
2017-02-10,22640.0,10.027473540992629,22640.00019641354
2017-02-13,22670.0,10.028797749786422,22670.000142477493
2017-02-14,22740.0,10.031880761783464,22739.999874451027
2017-02-15,22775.0,10.033418714278273,22774.999821218848
2017-02-16,22760.0,10.032759890594509,22760.00005358254
2017-02-17,22760.0,10.032759896708264,22760.000192731597
2017-02-20,22814.0,10.035129655625047,22813.99986396477
2017-02-21,22830.0,10.035830737018607,22829.999942805498
2017-02-22,22830.0,10.035830733257596,22829.999856941617
2017-02-23,22790.0,10.034077132423652,22790.000232091596
2017-02-24,22815.0,10.035173483487224,22814.999774718326
2017-02-27,22777.0,10.033506535578105,22777.000039136412
2017-02-28,22750.0,10.032320434894748,22750.000239231074
2017-03-01,22790.0,10.034077119880195,22789.999946226188
2017-03-02,22815.0,10.035173493357169,22814.999999901116
2017-03-03,22840.0,10.036268653593025,22839.999767559108
2017-03-06,22800.0,10.03451582120602,22800.000142807512
2017-03-07,22800.0,10.034515814158846,22799.999982131954
2017-03-08,22795.0,10.03429649421494,22795.00003572885
2017-03-09,22800.0,10.034515807884343,22799.999839073294
2017-03-10,22760.0,10.03275990078927,22760.00028561529
2017-03-13,22800.0,10.034515808668067,22799.999856942184
2017-03-14,22800.0,10.034515818858456,22800.000089283054
2017-03-15,22825.0,10.035611692926379,22824.99971384776
2017-03-16,22770.0,10.033199169561275,22770.000239164463
2017-03-17,22782.0,10.03372602883177,22781.999985690923
2017-03-20,22790.0,10.034077119416867,22789.99993566696
2017-03-21,22780.0,10.033638237471251,22780.000010708383
2017-03-22,22773.0,10.033330906449573,22773.00008573339
2017-03-23,22790.0,10.034077118789185,22789.999921362072
2017-03-24,22785.0,10.033857702599596,22784.999974973245
2017-03-27,22773.0,10.03333090409655,22773.000032148007
2017-03-28,22770.0,10.033199159999313,22770.000021438587
2017-03-29,22773.0,10.0333309009586,22772.999960687463
2017-03-30,22765.0,10.032979546669111,22764.999974963703
2017-03-31,22750.0,10.032320423591573,22749.99998208384
2017-04-03,22730.0,10.03144091369552,22729.999928376186
2017-04-04,22690.0,10.029679582492525,22690.00010706589
2017-04-05,22680.0,10.029238753109155,22679.999892666143
2017-04-06,22640.0,10.027473533096439,22640.00001764379
2017-04-07,22605.0,10.025926403676053,22605.000089229783
2017-04-10,22595.0,10.025483932587294,22595.000242713544
2017-04-11,22653.0,10.028047565991338,22652.999853204095
2017-04-12,22670.0,10.02879772818883,22669.999652860064
2017-04-13,22590.0,10.02526264731408,22590.000855077382
2017-04-14,22750.0,10.032320386571545,22749.99913987822
2017-04-17,22670.0,10.028797752935363,22670.00021386398
2017-04-18,22650.0,10.027915147292632,22650.000371039878
2017-04-19,22734.0,10.031616860096461,22733.999541905483
2017-04-20,22690.0,10.029679578391546,22690.000014014673
2017-04-21,22650.0,10.027915147456078,22650.000374741932
2017-04-24,22715.0,10.03078077502561,22714.999928041292
2017-04-25,22760.0,10.032759873309578,22759.999660177516
2017-04-26,22710.0,10.030560646103774,22710.000249904708
2017-04-27,22730.0,10.031440915272789,22729.99996422753
2017-04-28,22740.0,10.031880759441714,22739.999821199635
2017-05-01,22700.0,10.030120209760584,22700.000142807745
2017-05-02,22700.0,10.03012020976059,22700.00014280787
2017-05-03,22740.0,10.03188076101345,22739.99985694092
2017-05-04,22740.0,10.031880765732753,22739.999964257855
2017-05-05,22730.0,10.0314409121245,22729.999892666925
2017-05-08,22690.0,10.029679590361583,22690.000285614824
2017-05-09,22730.0,10.0314409118102,22729.999885522895
2017-05-10,22738.0,10.03179280891625,22737.999914214048
2017-05-11,22722.0,10.0310888946092,22721.999942725786
2017-05-12,22690.0,10.029679580919497,22690.000071373885
2017-05-15,22678.0,10.029150560110642,22677.999763669315
2017-05-16,22600.0,10.025705202312116,22600.000385369294
2017-05-17,22630.0,10.027031741773776,22630.00007119834
2017-05-18,22680.0,10.029238737328665,22679.999534764636
2017-05-19,22600.0,10.025705201837605,22600.000374645344
2017-05-22,22625.0,10.026810772505664,22625.00008908678
2017-05-23,22675.0,10.029018255256435,22674.9995526925
2017-05-24,22600.0,10.025705201049748,22600.000356839777
2017-05-25,22625.0,10.026810772505739,22625.00008908847
2017-05-26,22675.0,10.02901827732378,22675.00005306955
2017-05-29,22740.0,10.031880750784808,22739.999624341588
2017-05-30,22700.0,10.030120211334332,22700.000178531813
2017-05-31,22710.0,10.030560631952,22709.9999285179
2017-06-01,22700.0,10.030120201105756,22699.999946343152
2017-06-02,22675.0,10.029018282858448,22675.000178568145
2017-06-05,22700.0,10.030120199531956,22699.999910617877
2017-06-06,22700.0,10.03012020346947,22699.999999999472
2017-06-07,22700.0,10.030120201107477,22699.999946382224
2017-06-08,22685.0,10.02945919288454,22685.000017841194
2017-06-09,22675.0,10.029018278134433,22675.000071451104
2017-06-12,22685.0,10.029459191310044,22684.99998212377
2017-06-13,22690.0,10.029679578560854,22690.000017856273
2017-06-14,22700.0,10.030120197169415,22699.99985698821
2017-06-15,22670.0,10.028797750590734,22670.00016071123
2017-06-16,22685.0,10.02945919209653,22684.99999996519
2017-06-19,22700.0,10.03012020425437,22700.000017816685
2017-06-20,22720.0,10.031000862603683,22719.999767542493
2017-06-21,22675.0,10.029018281279791,22675.000142772093
2017-06-22,22670.0,10.02879775058902,22670.00016067237
2017-06-23,22710.0,10.030560628013397,22709.99983907224
2017-06-26,22705.0,10.030340443531871,22704.99999999591
2017-06-27,22700.0,10.030120208189706,22700.000107148804
2017-06-28,22725.0,10.031220915112451,22724.99991061738
2017-06-29,22725.0,10.031220915112467,22724.999910617742
2017-06-30,22700.0,10.030120212908006,22700.00021425422
2017-07-03,22735.0,10.031660860911,22734.999878410694
2017-07-04,22736.0,10.031704850022518,22735.999992852616
2017-07-05,22735.0,10.031660865630315,22734.999985704315
2017-07-06,22730.0,10.03144091370019,22729.999928482335
2017-07-07,22705.0,10.030340447464406,22705.000089284105
2017-07-10,22705.0,10.030340442745079,22704.99998213178
2017-07-11,22700.0,10.030120205043474,22700.000035729343
2017-07-12,22705.0,10.030340442745066,22704.9999821315
2017-07-13,22705.0,10.030340443532056,22705.000000000106
2017-07-14,22705.0,10.030340445105512,22705.000035725425
2017-07-17,22715.0,10.030780776620052,22714.99996425904
2017-07-18,22715.0,10.030780780552387,22715.00005358204
2017-07-19,22730.0,10.031440913701559,22729.999928513465
2017-07-20,22725.0,10.031220915898583,22724.99992848223
2017-07-21,22700.0,10.03012020897653,22700.000125009727
2017-07-24,22710.0,10.030560635885212,22710.000017841165
2017-07-25,22725.0,10.031220913540032,22724.999874884164
2017-07-26,22705.0,10.030340445891298,22705.00005356669
2017-07-27,22700.0,10.030120208661408,22700.000117856453
2017-07-28,22728.0,10.031352918814653,22727.999892738135
2017-07-31,22726.0,10.031264921848859,22725.999985703173
2017-08-01,22720.0,10.031000873778629,22720.000021437252
2017-08-02,22720.0,10.03100087362139,22720.00001786477
2017-08-03,22725.0,10.031220918259386,22724.99998213148
2017-08-04,22725.0,10.0312209198318,22725.000017864575
2017-08-07,22730.0,10.031440915274343,22729.999964262857
2017-08-08,22725.0,10.031220920460715,22725.00003215668
2017-08-09,22729.0,10.03139692068646,22728.999989278735
2017-08-10,22730.0,10.031440916217722,22729.999985705857
2017-08-11,22727.0,10.031308924445664,22727.000010719228
2017-08-14,22727.0,10.031308923974013,22727.000000000015
2017-08-15,22727.0,10.031308923974011,22726.999999999975
2017-08-16,22727.0,10.031308924131237,22727.000003573234
2017-08-17,22728.0,10.031352923376799,22727.999996426595
2017-08-18,22728.0,10.031352923376799,22727.999996426595
2017-08-21,22727.0,10.031308924288462,22727.000007146493
2017-08-22,22728.0,10.031352923691234,22728.000003573066
2017-08-23,22730.0,10.031440917789595,22730.00002143454
2017-08-24,22738.0,10.031792810488568,22737.9999499654
2017-08-25,22732.0,10.03152890225952,22731.999996419894
2017-08-28,22725.0,10.03122092014621,22725.000025009536
2017-08-29,22725.0,10.031220919045678,22724.999999999964
2017-08-30,22725.0,10.031220917472918,22724.999964259
2017-08-31,22715.0,10.03078078133904,22715.00007145085
2017-09-01,22725.0,10.03122091747292,22724.99996425904
2017-09-04,22725.0,10.031220919517365,22725.000010719046
2017-09-05,22728.0,10.031352921804336,22727.999960687655
2017-09-06,22720.0,10.031000874093083,22720.000028581653
2017-09-07,22720.0,10.031000873621382,22720.000017864608
2017-09-08,22725.0,10.031220915899977,22724.99992851392
2017-09-11,22710.0,10.030560639032126,22710.000089307578
2017-09-12,22720.0,10.031000871261982,22719.999964259045
2017-09-13,22720.0,10.03100087283508,22719.999999999814
2017-09-14,22720.0,10.03100087204862,22719.999982131467
2017-09-15,22715.0,10.030780779923719,22715.00003930183
2017-09-18,22721.0,10.031044884849994,22720.999974983963
2017-09-19,22720.0,10.031000873778654,22720.000021437816
2017-09-20,22725.0,10.031220917473084,22724.999964262755
2017-09-21,22720.0,10.031000872834921,22719.99999999622
2017-09-22,22715.0,10.030780781338864,22715.000071446855
2017-09-25,22730.0,10.03144091291528,22729.999910641334
2017-09-26,22720.0,10.031000874407498,22720.000035725167
2017-09-27,22720.0,10.031000872048626,22719.999982131587
2017-09-28,22715.0,10.030780779766442,22715.000035729285
2017-09-29,22720.0,10.031000871262151,22719.99996426288
2017-10-02,22715.0,10.030780778979974,22715.00001786467
2017-10-03,22715.0,10.030780778979974,22715.00001786467
2017-10-04,22720.0,10.031000871262147,22719.9999642628
2017-10-05,22715.0,10.030780778979977,22715.000017864753
2017-10-06,22715.0,10.030780779766273,22715.000035725454
2017-10-09,22725.0,10.031220916686614,22724.999946390235
2017-10-10,22720.0,10.031000873306814,22720.000010717624
2017-10-11,22718.0,10.030912841263218,22718.000010719512
2017-10-12,22719.0,10.03095685620881,22718.999964260238
2017-10-13,22710.0,10.030560635728628,22710.00001428514
2017-10-16,22705.0,10.030340446364239,22705.00006430481
2017-10-17,22718.0,10.030912838903287,22717.999957106604
2017-10-18,22719.0,10.030956856208809,22718.999964260198
2017-10-19,22710.0,10.030560637773988,22710.000060735252
2017-10-20,22718.0,10.03091284031919,22717.999989273067
2017-10-23,22723.0,10.03113290495635,22722.999967836768
2017-10-24,22719.0,10.03095685856829,22719.00001786526
2017-10-25,22720.0,10.031000872677799,22719.999996426403
2017-10-26,22720.0,10.031000869688167,22719.999928501973
2017-10-27,22700.0,10.030120206616415,22700.0000714351
2017-10-30,22700.0,10.030120203469506,22700.000000000276
2017-10-31,22700.0,10.030120203626906,22700.000003573245
2017-11-01,22701.0,10.030164255047808,22700.999992853194
2017-11-02,22700.0,10.030120203626907,22700.000003573285
2017-11-03,22700.0,10.030120204256482,22700.00001786463
2017-11-06,22705.0,10.030340442115484,22704.999967836844
2017-11-07,22701.0,10.030164255834794,22701.000010718573
2017-11-08,22700.0,10.03012020362691,22700.000003573325
2017-11-09,22700.0,10.030120203626902,22700.000003573165
2017-11-10,22701.0,10.030164254260653,22700.99997498398
2017-11-13,22695.0,10.029899918196104,22695.000075019194
2017-11-14,22710.0,10.030560631322242,22709.999914216103
2017-11-15,22701.0,10.030164256779024,22701.00003215353
2017-11-16,22701.0,10.030164257093704,22701.000039297076
2017-11-17,22712.0,10.03064869453325,22711.999917792615
2017-11-20,22700.0,10.030120205357981,22700.000042868665
2017-11-21,22700.0,10.030120205829958,22700.000053582524
2017-11-22,22715.0,10.030780777720285,22714.99998925083
2017-11-23,22727.0,10.031308920199526,22726.99991421726
2017-11-24,22715.0,10.03078078008073,22715.000042868363
2017-11-27,22715.0,10.030780776620057,22714.999964259165
2017-11-28,22705.0,10.030340446678968,22705.000071450744
2017-11-29,22715.0,10.030780775046587,22714.999928517787
2017-11-30,22705.0,10.030340444318519,22705.00001785674
2017-12-01,22700.0,10.030120204571308,22700.000025011166
2017-12-04,22702.0,10.030208305472643,22702.000003572342
2017-12-05,22705.0,10.030340443059876,22704.999989279248
2017-12-06,22705.0,10.030340442902478,22704.999985705534
2017-12-07,22701.0,10.030164257408599,22701.0000464455
2017-12-08,22710.0,10.030560632109406,22709.9999320926
2017-12-11,22700.0,10.030120205200708,22700.00003929856
2017-12-12,22701.0,10.030164255205227,22700.999996426763
2017-12-13,22701.0,10.030164255992206,22701.00001429198
2017-12-14,22705.0,10.030340442115492,22704.999967837008
2017-12-15,22700.0,10.03012020645961,22700.00006787564
2017-12-18,22714.0,10.030736749202735,22713.99990349146
2017-12-19,22701.0,10.030164257250938,22701.00004286645
2017-12-20,22700.0,10.030120204413901,22700.000021438038
2017-12-21,22705.0,10.03034044211549,22704.999967836968
2017-12-22,22701.0,10.030164257487263,22701.000048231257
2017-12-25,22710.5,10.030582646867924,22710.499892760276
2017-12-26,22690.0,10.029679584149168,22690.000144655114
2017-12-27,22710.0,10.030560631951303,22709.999928502086
2017-12-28,22710.0,10.030560633525786,22709.99996425859
2017-12-29,22700.0,10.0301202050433,22700.000035725392
2018-01-01,22700.0,10.030120203469505,22700.000000000236
2018-01-02,22700.0,10.030120204728595,22700.000028581595
2018-01-03,22708.0,10.03047256334622,22707.999978554657
2018-01-04,22710.0,10.03056063462754,22709.999989279408
2018-01-05,22709.0,10.030516599405566,22708.99997140702
2018-01-08,22700.0,10.030120206302405,22700.00006430707
2018-01-09,22709.0,10.030516597989168,22708.999939242047
2018-01-10,22701.0,10.030164255677104,22701.000007138835
2018-01-11,22695.0,10.029899917881409,22695.000067877172
2018-01-12,22708.0,10.030472562401712,22707.999957106756
2018-01-15,22709.0,10.03051660066465,22708.99999999955
2018-01-16,22710.0,10.030560633368449,22709.99996068546
2018-01-17,22700.0,10.030120205200712,22700.00003929864
2018-01-18,22701.0,10.030164255047813,22700.999992853314
2018-01-19,22700.0,10.030120203784323,22700.000007146617
2018-01-22,22701.0,10.030164256621607,22701.00002858
2018-01-23,22710.0,10.030560631479688,22709.999917791694
2018-01-24,22696.0,10.029943979479341,22696.000067875888
2018-01-25,22701.0,10.0301642559919,22701.000014285044
2018-01-26,22710.0,10.03056063226681,22709.999935667263
2018-01-29,22701.0,10.03016425662161,22701.00002858008
2018-01-30,22700.0,10.030120203626916,22700.00000357349
2018-01-31,22700.0,10.030120204885952,22700.00003215359
2018-02-01,22709.0,10.030516599248203,22708.999967833486
2018-02-02,22709.0,10.030516598461046,22708.99994995794
2018-02-05,22695.0,10.029899917881343,22695.00006787568
2018-02-06,22700.0,10.030120201265323,22699.999949965313
2018-02-07,22691.0,10.029723651600456,22691.00005716285
2018-02-08,22698.0,10.030032091499265,22697.999946391436
2018-02-09,22690.0,10.029679580922854,22690.000071450064
2018-02-12,22702.0,10.030208303111152,22701.999949961784
2018-02-13,22700.0,10.030120202997141,22699.999989277585
2018-02-14,22695.0,10.029899915677728,22695.000017864637
2018-02-15,22695.0,10.029899914890567,22695.00000000003
2018-02-16,22695.0,10.029899914890558,22694.999999999825
2018-02-19,22695.0,10.029899913315733,22694.999964259157
2018-02-20,22685.0,10.02945919839537,22685.00014285439
2018-02-21,22715.0,10.030780772684421,22714.999874861194
2018-02-22,22710.0,10.030560640603493,22710.000124993323
2018-02-23,22740.0,10.031880761329948,22739.999864138066
2018-02-26,22732.0,10.031528906502695,22732.00009287574
2018-02-27,22750.0,10.03232042249302,22749.99995709177
2018-02-28,22756.0,10.032584123985952,22755.999957114363
2018-03-01,22750.0,10.032320426891737,22750.00005716256
2018-03-02,22760.0,10.03275988745484,22759.999982123692
2018-03-05,22765.0,10.032979547611763,22764.99999642318
2018-03-06,22769.0,10.033155238460624,22768.999949964204
2018-03-07,22759.0,10.032715951642587,22759.000025004698
2018-03-08,22756.0,10.032584126969654,22756.00002501149
2018-03-09,22760.0,10.0327598872982,22759.999978558546
2018-03-12,22758.0,10.03267201185897,22758.000021438413
2018-03-13,22762.0,10.032847757684765,22761.99999642477
2018-03-14,22765.0,10.032979547611868,22764.999996425566
2018-03-15,22767.0,10.033067397287216,22766.9999821323
2018-03-16,22764.0,10.032935620350875,22764.00001429261
2018-03-19,22765.0,10.032979549024327,22765.000028580205
2018-03-20,22774.0,10.033374811879694,22773.999966047246
2018-03-21,22773.5,10.033352861562337,22773.500075006894
2018-03-22,22794.0,10.034252620454442,22793.999955295527
2018-03-23,22802.0,10.034603530393216,22801.999999989763
2018-03-26,22810.0,10.034954314808157,22809.999989272994
2018-03-27,22815.0,10.035173493048134,22814.99999285049
2018-03-28,22818.0,10.03530497527678,22817.999957112785
2018-03-29,22809.0,10.034910472798748,22808.999974960312
2018-03-30,22793.0,10.034208752609866,22793.00005358014
2018-04-02,22792.0,10.034164878998798,22792.000064297456
2018-04-03,22809.0,10.034910472172138,22808.999960667967
2018-04-04,22815.0,10.035173492108376,22814.999971409903
2018-04-05,22813.0,10.035085826169281,22812.999960679655
2018-04-06,22800.0,10.034515815411783,22800.000010698925
2018-04-09,22790.0,10.034077123807329,22790.000035725578
2018-04-10,22790.0,10.034077121926133,22789.99999285313
2018-04-11,22788.0,10.033989360600257,22787.99999999934
2018-04-12,22786.0,10.033901591258028,22785.999999999236
2018-04-13,22784.0,10.033813813113566,22783.999974980066
2018-04-16,22775.0,10.033418722755385,22775.00001428508
2018-04-17,22770.0,10.033199160313126,22770.00002858411
2018-04-18,22773.0,10.033330902998578,22773.000007143903
2018-04-19,22778.0,10.033550434951524,22777.999957114203
2018-04-20,22771.0,10.033243076313102,22771.000017862425
2018-04-23,22769.0,10.03315524081509,22769.00000357302
2018-04-24,22768.0,10.033111320486572,22768.00000357318
2018-04-25,22768.0,10.033111319858763,22767.999989279226
2018-04-26,22765.0,10.032979547925803,22765.000003572306
2018-04-27,22763.0,10.032891690061337,22763.000007146413
2018-04-30,22763.0,10.03289168974739,22763.000000000015
2018-05-01,22763.0,10.03289168927642,22762.999989279346
2018-05-02,22760.0,10.032759889025227,22760.00001786569
2018-05-03,22762.0,10.032847758312696,22762.000010717748
2018-05-04,22767.0,10.033067397287178,22766.99998213145
2018-05-07,22767.0,10.033067398856694,22767.000017864622
2018-05-08,22772.0,10.033286989600116,22771.999989277654
2018-05-09,22774.0,10.03337481227212,22773.99997498435
2018-05-10,22769.0,10.033155241442767,22769.000017864608
2018-05-11,22769.0,10.03315524003036,22768.99998570553
2018-05-14,22765.0,10.032979548867559,22765.000025011363
2018-05-15,22768.0,10.033111320172646,22767.999996425697
2018-05-16,22770.0,10.033199159214675,22770.00000357238
2018-05-17,22773.0,10.033330904096536,22773.000032147684
2018-05-18,22785.0,10.033857699462352,22784.999903491156
2018-05-21,22770.0,10.033199161254041,22770.00005000874
2018-05-22,22769.0,10.033155241442808,22769.00001786554
2018-05-23,22773.0,10.033330902684762,22772.99999999736
2018-05-24,22777.0,10.033506531977011,22776.999957114283
2018-05-25,22769.0,10.033155248968711,22769.000189222836
2018-05-28,22814.0,10.035129657037787,22813.999896195026
2018-05-29,22830.0,10.035830740147619,22830.000014240835
2018-05-30,22850.0,10.036706385992508,22849.99976396309
2018-05-31,22804.0,10.0346912440985,22804.000135616017
2018-06-01,22796.0,10.034340366908197,22796.000135711573
2018-06-04,22826.0,10.035655511883661,22825.99990344866
2018-06-05,22829.0,10.03578693232139,22828.99990347391
2018-06-06,22805.0,10.03473509227757,22805.000071419996
2018-06-07,22801.0,10.034559672532378,22800.99997497657
2018-06-08,22790.0,10.034077127725114,22790.000125011902
2018-06-11,22814.0,10.035129657513508,22813.999907048117
2018-06-12,22812.0,10.03504199227639,22811.999999999112
2018-06-13,22810.0,10.034954315905035,22810.000014292764
2018-06-14,22812.0,10.03504199243304,22812.000003572604
2018-06-15,22815.0,10.035173496022683,22815.000060714818
2018-06-18,22835.0,10.03604972514729,22834.999989226235
2018-06-19,22852.0,10.036793919373581,22851.99998924192
2018-06-20,22866.0,10.037406369475812,22865.999985683535
2018-06-21,22876.0,10.037843605815112,22876.00001784112
2018-06-22,22891.0,10.038499097474071,22890.99996067478
2018-06-25,22895.0,10.03867382836658,22895.00007498992
2018-06-26,22920.0,10.039765169266738,22919.999964200393
2018-06-27,22935.0,10.04041940469347,22934.999946382497
2018-06-28,22935.0,10.040419410301617,22935.000075005348
2018-06-29,22956.0,10.041334615335257,22955.99991063239
2018-07-02,22952.0,10.041160372733515,22952.000345939756
2018-07-03,23045.0,10.045204089619398,23044.999641991075
2018-07-04,23038.0,10.044900306882171,23038.00003215459
2018-07-05,23040.0,10.044987113724089,23039.999974984577
2018-07-06,23035.0,10.044770078610911,23035.000028583992
2018-07-09,23038.0,10.044900305176212,23037.99999285269
2018-07-10,23039.0,10.044943711555362,23039.000010718668
2018-07-11,23043.0,10.045117314666685,23042.999999997544
2018-07-12,23047.0,10.04529088795536,23046.999996424714
2018-07-13,23050.0,10.045421047959687,23049.999989279273
2018-07-16,23050.0,10.045421048424792,23049.99999999995
2018-07-17,23050.0,10.045421048269766,23049.999996426595
2018-07-18,23049.0,10.045377663845802,23049.000007146504
2018-07-19,23050.0,10.045421048734903,23050.000007148006
2018-07-20,23053.0,10.045551217127077,23053.000583874426
2018-07-23,23220.0,10.05276923376568,23219.999501090388
2018-07-24,23248.0,10.053974376427762,23247.99978188024
2018-07-25,23215.0,10.052553899367657,23214.999974780043
2018-07-26,23175.0,10.050829405066674,23175.00033911092
2018-07-27,23230.0,10.053199821137676,23229.999892519936
2018-07-30,23255.0,10.054275441654042,23254.999999903364
2018-07-31,23280.0,10.055349899540564,23279.99994634403
2018-08-01,23290.0,10.055779359809176,23289.999928518075
2018-08-02,23280.0,10.055349907061924,23280.000121441277
2018-08-03,23304.0,10.056380295263985,23303.99992134234
2018-08-06,23306.0,10.056466116213185,23305.999978557935
2018-08-07,23302.0,10.056294470324934,23301.999942794697
2018-08-08,23282.0,10.055435810801953,23282.00004641887
2018-08-09,23275.0,10.055135103219822,23275.000025010246
2018-08-10,23275.0,10.055135107514664,23275.000124972692
2018-08-13,23310.0,10.056637727273541,23309.99988913154
2018-08-14,23314.0,10.056809316253496,23313.999971410463
2018-08-15,23310.0,10.0566377329495,23310.00002143815
2018-08-16,23312.0,10.056723525214839,23311.999924931923
2018-08-17,23293.0,10.055908164921894,23292.999992791727
2018-08-20,23272.0,10.055006202783831,23272.000060711845
2018-08-21,23268.0,10.054834306566223,23268.000035729656
2018-08-22,23274.0,10.05509213682129,23274.000003567166
2018-08-23,23281.0,10.055392858089766,23281.000042848325
2018-08-24,23300.0,10.056208635565035,23299.999907061967
2018-08-27,23293.0,10.055908166611843,23293.000032155724
2018-08-28,23295.0,10.05599402471099,23295.00001071788
2018-08-29,23300.0,10.056208639093612,23299.9999892778
2018-08-30,23302.0,10.056294472626519,23301.999996426224
2018-08-31,23303.0,10.056337386476995,23302.99999642665
2018-09-03,23303.0,10.05633738801015,23303.00003215374
2018-09-04,23312.0,10.056723527208455,23311.9999714071
2018-09-05,23313.0,10.056766423877335,23312.9999999996
2018-09-06,23314.0,10.056809315486793,23313.999953535567
2018-09-07,23302.0,10.056294474619584,23302.000042868633
2018-09-10,23302.0,10.05629446986508,23301.999932079172
2018-09-11,23283.0,10.055478761976607,23283.00005714483
2018-09-12,23280.0,10.055349901691795,23279.99999642467
2018-09-13,23276.0,10.055178061935761,23275.999910601553
2018-09-14,23247.0,10.053931381336962,23247.00025350627
2018-09-17,23289.0,10.055736417242594,23288.99981761927
2018-09-18,23280.0,10.055349907061814,23280.000121438716
2018-09-19,23305.0,10.056423207270766,23304.999964201776
2018-09-20,23320.0,10.057066640003514,23319.99998925147
2018-09-21,23332.0,10.05758108680091,23331.999974973678
2018-09-24,23337.0,10.057795363333943,23337.000010713065
2018-09-25,23345.0,10.058138106639461,23344.999982127625
2018-09-26,23348.0,10.058266605405331,23347.999978558346
2018-09-27,23345.0,10.058138104801571,23344.99993922209
2018-09-28,23325.0,10.05728102954408,23325.000089300604
2018-10-01,23330.0,10.057495363483687,23329.99996426337
2018-10-02,23325.0,10.057281028778672,23325.000071447437
2018-10-03,23340.0,10.057923904767899,23339.999974964387
2018-10-04,23348.0,10.058266602343208,23347.9999070639
2018-10-05,23330.0,10.057495370833351,23330.000135731032
2018-10-08,23350.0,10.058352260800158,23349.99994636772
2018-10-09,23355.0,10.058566371406023,23354.999964262523
2018-10-10,23350.0,10.058352263096877,23349.999999996115
2018-10-11,23345.0,10.058138107864135,23345.000010717635
2018-10-12,23343.0,10.058052430600608,23342.9999606803
2018-10-15,23330.0,10.057495368231171,23330.000075022177
2018-10-16,23338.0,10.057838211753351,23337.99998570077
2018-10-17,23342.0,10.05800959212525,23342.000003570192
2018-10-18,23347.0,10.058223775032246,23346.99999642344
2018-10-19,23351.0,10.058395087661204,23350.999974984734
2018-10-22,23348.0,10.058266606782793,23348.000010719323
2018-10-23,23348.0,10.058266606323688,23348.000000000146
2018-10-24,23348.0,10.058266606629767,23348.00000714647
2018-10-25,23350.0,10.058352263556042,23350.00001071762
2018-10-26,23355.0,10.058566370334642,23354.999939240417
2018-10-29,23343.0,10.058052434121516,23343.000042868855
2018-10-30,23343.0,10.058052432285047,23343.000000000164
2018-10-31,23343.0,10.058052432591177,23343.00000714616
2018-11-01,23345.0,10.05813810480215,23344.999939235608
2018-11-02,23330.0,10.05749536424761,23329.999982085676
2018-11-05,23310.0,10.056637737393116,23310.000125018825
2018-11-06,23325.0,10.057281023570043,23324.999949956185
2018-11-07,23326.0,10.057323895872042,23325.99996783453
2018-11-08,23318.0,10.056980870425585,23317.999928468504
2018-11-09,23290.0,10.055779368705734,23290.000135718914
2018-11-12,23300.0,10.056208639246549,23299.999992841236
2018-11-13,23308.0,10.056551928109274,23307.999996417766
2018-11-14,23315.0,10.05685220709641,23314.999949965757
2018-11-15,23308.0,10.056551929029334,23308.000017862538
2018-11-16,23306.0,10.056466118053095,23306.000021438867
2018-11-19,23310.0,10.056637735400049,23310.00007856043
2018-11-20,23336.0,10.05775251001324,23335.999964195158
2018-11-21,23352.0,10.05843790901348,23351.99991778995
2018-11-22,23345.0,10.058138110771573,23345.00007859177
2018-11-23,23360.0,10.05878043158625,23359.999874885863
2018-11-26,23340.0,10.057923909666613,23340.000089300378
2018-11-27,23345.0,10.058138105108641,23344.999946390635
2018-11-28,23335.0,10.057709658689632,23335.000007133876
2018-11-29,23327.0,10.057366766335134,23326.999985690705
2018-11-30,23315.0,10.056852208781415,23314.999989251628
2018-12-03,23300.0,10.056208639245396,23299.999992814373
2018-12-04,23283.0,10.055478765658526,23283.000142870944
2018-12-05,23306.0,10.05646611758921,23306.000010627566
2018-12-06,23332.0,10.057581080518435,23331.999828390974
2018-12-07,23310.0,10.056637734634144,23310.000060707192
2018-12-10,23305.0,10.056423208806688,23304.999999996428
2018-12-11,23300.0,10.056208640320515,23300.00001786464
2018-12-12,23300.0,10.05620863725263,23299.999946382908
2018-12-13,23285.0,10.055564658024567,23285.00006072936
2018-12-14,23287.0,10.05565054838004,23287.00010355273
2018-12-17,23318.0,10.056980868739524,23317.999889152932
2018-12-18,23318.0,10.056980871807141,23317.999960683628
2018-12-19,23307.0,10.056509024231225,23307.000014280075
2018-12-20,23300.0,10.05620863786559,23299.99996066488
2018-12-21,23282.0,10.055435810955792,23282.000050000566
2018-12-24,23278.0,10.055263987962386,23278.000010718682
2018-12-25,23277.0,10.055221025104878,23276.999942804192
2018-12-26,23260.0,10.054490424071574,23259.99995345484
2018-12-27,23230.0,10.053199824217945,23229.99996407457
2018-12-28,23190.0,10.05147643640785,23190.00014281033
2018-12-31,23190.0,10.051476430249606,23190.00000000066
2019-01-01,23190.0,10.051476432560163,23190.00005358248
2019-01-02,23205.0,10.052123048594654,23204.999928514153
2019-01-03,23200.0,10.051907558116365,23200.00001071757
2019-01-04,23198.0,10.05182134734988,23198.00000714636
2019-01-07,23198.0,10.051821347041821,23197.999999999996
2019-01-08,23198.0,10.051821347041818,23197.999999999913
2019-01-09,23198.0,10.051821346733735,23197.999992853016
2019-01-10,23196.0,10.051735129612503,23196.000014292717
2019-01-11,23198.0,10.05182134688777,23197.999996426322
2019-01-14,23199.0,10.051864453739174,23199.000010718617
2019-01-15,23203.0,10.052036858253206,23202.999967836917
2019-01-16,23198.0,10.051821347811915,23198.000017864622
2019-01-17,23198.0,10.051821346887783,23197.99999642661
2019-01-18,23197.0,10.051778239256349,23197.000007146493
2019-01-21,23198.0,10.05182134688778,23197.999996426526
2019-01-22,23198.0,10.051821346733734,23197.999992852976
2019-01-23,23196.0,10.051735129304413,23196.00000714627
2019-01-24,23196.0,10.051735128380082,23195.999985705494
2019-01-25,23192.0,10.05156267152588,23192.000021438438
2019-01-28,23194.0,10.051648903516627,23193.999999999498
2019-01-29,23196.0,10.051735129766397,23196.000017862458
2019-01-30,23203.0,10.052036857791089,23202.999957114407
2019-01-31,23198.0,10.051821348119972,23198.00002501094
2019-02-01,23200.0,10.051907557346345,23199.999992853092
2019-02-04,23200.0,10.051907557654399,23199.999999999945
2019-02-05,23200.0,10.0519075576544,23199.99999999999
2019-02-06,23200.0,10.0519075576544,23199.99999999999
2019-02-07,23200.0,10.051907557654406,23200.000000000113
2019-02-08,23200.0,10.051907559194296,23200.00003572556
2019-02-11,23210.0,10.052338497420655,23209.99995711191
2019-02-12,23208.0,10.05225232426105,23207.999964255254
2019-02-13,23196.0,10.05173513161461,23196.00006073359
2019-02-14,23201.0,10.051950659403591,23200.999982131536
2019-02-15,23201.0,10.051950659865701,23200.999992852958
2019-02-18,23199.0,10.05186445358519,23199.00000714635
2019-02-19,23199.0,10.051864453123121,23198.999996426803
2019-02-20,23198.0,10.051821349043806,23198.00004644203
2019-02-21,23210.0,10.052338497266573,23209.999953535687
2019-02-22,23209.0,10.052295414694617,23209.00002858241
2019-02-25,23216.0,10.052596971582874,23215.999917789937
2019-02-26,23200.0,10.051907559963885,23200.00005358002
2019-02-27,23199.0,10.051864453431183,23199.000003573514
2019-02-28,23199.0,10.051864453739203,23199.000010719275
2019-03-01,23202.0,10.05199376006526,23201.999982132325
2019-03-04,23200.0,10.051907557654374,23199.99999999937
2019-03-05,23198.0,10.051821347657937,23198.000014292636
2019-03-06,23200.0,10.051907556884245,23199.99998213238
2019-03-07,23197.0,10.051778239718438,23197.000017865572
2019-03-08,23199.0,10.051864452815042,23198.99998927968
2019-03-11,23198.0,10.051821347195851,23198.000003573175
2019-03-12,23198.0,10.051821347195853,23198.00000357322
2019-03-13,23199.0,10.051864452969081,23198.99999285322
2019-03-14,23198.0,10.051821347195855,23198.00000357326
2019-03-15,23198.0,10.051821347657915,23198.00001429214
2019-03-18,23202.0,10.051993761143198,23202.000007142637
2019-03-19,23208.0,10.052252325031262,23207.999982130343
2019-03-20,23209.0,10.052295411923188,23208.999964260307
2019-03-21,23200.0,10.05190755888631,23200.00002858027
2019-03-22,23199.0,10.051864453431175,23199.000003573346
2019-03-25,23199.0,10.051864453123114,23198.99999642664
2019-03-26,23198.0,10.051821347195853,23198.00000357322
2019-03-27,23198.0,10.05182134734988,23198.00000714636
2019-03-28,23200.0,10.051907557808379,23200.00000357228
2019-03-29,23203.0,10.052036858561264,23202.999974984778
2019-04-01,23199.0,10.051864453585138,23199.000007145118
2019-04-02,23197.0,10.051778239564415,23197.00001429271
2019-04-03,23199.0,10.051864452815042,23198.99998927968
2019-04-04,23198.0,10.051821347349884,23198.00000714644
2019-04-05,23199.0,10.051864453123112,23198.999996426595
2019-04-08,23199.0,10.051864453123114,23198.99999642664
2019-04-09,23198.0,10.051821347503909,23198.000010719497
2019-04-10,23200.0,10.0519075567302,23199.99997855852
2019-04-11,23196.0,10.051735130074592,23196.000025011333
2019-04-12,23199.0,10.05186445281503,23198.999989279393
2019-04-15,23199.0,10.051864453277144,23198.99999999997
2019-04-16,23199.0,10.051864453123116,23198.99999642668
2019-04-17,23198.0,10.051821347965953,23198.00002143801
2019-04-18,23203.0,10.052036859947133,23203.0000071411
2019-04-19,23210.0,10.052338499422058,23210.000003564484
2019-04-22,23218.0,10.0526831164351,23217.999942816823
2019-04-23,23210.0,10.052338501269617,23210.00004644632
2019-04-24,23215.0,10.052553899684366,23214.999982132427
2019-04-25,23215.0,10.052553911212435,23215.000249756555
2019-04-26,23285.0,10.055564644658059,23284.99974949022
2019-04-29,23285.0,10.055564655416436,23284.999999999036
2019-04-30,23285.0,10.055564655416461,23284.999999999614
2019-05-01,23285.0,10.055564651577894,23284.999910618586
2019-05-02,23260.0,10.054490428220968,23260.000049969738
2019-05-03,23249.0,10.054017405789592,23249.00014999713
2019-05-06,23280.0,10.05534989861856,23279.99992487978
2019-05-07,23290.0,10.055779372832353,23290.00023182787
2019-05-08,23365.0,10.058994445939211,23364.999785151456
2019-05-09,23380.0,10.059636227379416,23379.999821221478
2019-05-10,23345.0,10.058138109695722,23345.00005347604
2019-05-13,23325.0,10.057281036429826,23325.000249910616
2019-05-14,23375.0,10.059422335021573,23374.999552712015
2019-05-15,23300.0,10.05620865103747,23300.00026756972
2019-05-16,23300.0,10.056208653024251,23300.000313861707
2019-05-17,23388.0,10.059978337658091,23387.999727822847
2019-05-20,23400.0,10.060491297985399,23399.999921366783
2019-05-21,23390.0,10.060063858048876,23389.999964228533
2019-05-22,23370.0,10.059208433340828,23370.000135731192
2019-05-23,23388.0,10.059978345321905,23387.99990706414
2019-05-24,23380.0,10.059636237165444,23380.00005001881
2019-05-27,23386.0,10.05989283170004,23385.999999994765
2019-05-28,23392.0,10.060149363770817,23392.00002856893
2019-05-29,23406.0,10.060747677970467,23405.999982112084
2019-05-30,23415.0,10.061132119480764,23414.999949964993
2019-05-31,23410.0,10.060918558652235,23409.999957095984
2019-06-03,23393.0,10.060192114195113,23393.000067871177
2019-06-04,23395.0,10.060277605590448,23395.000053577627
2019-06-05,23412.0,10.06100398628888,23411.9999034903
2019-06-06,23402.0,10.06057676823647,23402.00001070796
2019-06-07,23395.0,10.060277599019454,23394.999899849212
2019-06-10,23360.0,10.05878043877203,23360.0000427457
2019-06-11,23337.0,10.057795363024697,23337.000003496192
2019-06-12,23315.0,10.056852211846245,23315.000060708142
2019-06-13,23310.0,10.056637735860825,23310.000089301127
2019-06-14,23330.0,10.057495364247599,23329.99998208543
2019-06-17,23345.0,10.058138103577296,23344.99991064137
2019-06-18,23335.0,10.057709656850937,23334.99996422794
2019-06-19,23315.0,10.05685220923979,23314.999999938635
2019-06-20,23295.0,10.055994025015826,23295.000017819017
2019-06-21,23280.0,10.055349905067896,23280.000075020303
2019-06-24,23286.0,10.055607601210339,23286.000014283105
2019-06-25,23296.0,10.056036950075702,23295.999978551135
2019-06-26,23300.0,10.05620864047357,23300.00002143085
2019-06-27,23310.0,10.056637728963196,23309.99992851739
2019-06-28,23300.0,10.056208633410739,23299.999856866863
2019-07-01,23250.0,10.054060415616688,23250.000106977554
2019-07-02,23230.0,10.053199831146246,23230.000125019014
2019-07-03,23245.0,10.053845331049374,23244.999928514382
2019-07-04,23240.0,10.053630210965679,23239.99999999608
2019-07-05,23235.0,10.053415043825519,23235.00005359013
2019-07-08,23245.0,10.053845328741922,23244.999874877663
2019-07-09,23220.0,10.052769257557824,23220.00005354395
2019-07-10,23210.0,10.052338499267833,23209.99999998492
2019-07-11,23200.0,10.051907559194301,23200.000035725683
2019-07-12,23200.0,10.05190755750038,23199.999996426704
2019-07-15,23199.0,10.051864453585198,23199.00000714652
2019-07-16,23200.0,10.051907557500384,23199.999996426788
2019-07-17,23200.0,10.051907559810084,23200.000050011848
2019-07-18,23214.0,10.052510826387797,23214.000057088546
2019-07-19,23244.0,10.053802303503337,23243.99977472708
2019-07-22,23211.0,10.052381587986368,23211.000110688696
2019-07-23,23209.0,10.052295413155122,23208.999992852256
2019-07-24,23205.0,10.052123052907085,23205.00002858412
2019-07-25,23209.0,10.052295412231286,23208.99997141096
2019-07-26,23205.0,10.052123052291176,23205.00001429195
2019-07-29,23205.0,10.052123050905264,23204.999982131863
2019-07-30,23200.0,10.051907563042114,23200.00012499494
2019-07-31,23230.0,10.05319981652907,23229.999785461998
2019-08-01,23200.0,10.051907564581708,23200.000160713505
2019-08-02,23215.0,10.052553906293069,23215.000135553466
2019-08-05,23268.0,10.054834294116613,23267.999746052148
2019-08-06,23250.0,10.054060408397596,23249.999939133686
2019-08-07,23215.0,10.052553906606814,23215.000142837067
2019-08-08,23220.0,10.052769252019274,23219.99992493884
2019-08-09,23204.0,10.05207995797091,23204.00003213651
2019-08-12,23197.0,10.05177824125854,23197.000053591346
2019-08-13,23205.0,10.052123049673124,23204.999953540064
2019-08-14,23200.0,10.0519075596564,23200.000046446356
2019-08-15,23208.0,10.052252325031148,23207.999982127705
2019-08-16,23211.0,10.052381581831861,23210.99996783645
2019-08-19,23205.0,10.052123052291098,23205.000014290137
2019-08-20,23203.0,10.052036859485327,23202.999996425802
2019-08-21,23200.0,10.05190755811644,23200.0000107193
2019-08-22,23200.0,10.051907557346343,23199.999992853052
2019-08-23,23198.0,10.051821347349877,23198.000007146275
2019-08-26,23198.0,10.051821346887786,23197.999996426694
2019-08-27,23197.0,10.051778240488419,23197.00003572683
2019-08-28,23206.0,10.052166141827156,23205.99992851775
2019-08-29,23195.0,10.051692017339162,23195.000003556215
2019-08-30,23185.0,10.051260798366464,23185.000035725825
2019-09-02,23185.0,10.051260798828595,23185.000046440346
2019-09-03,23198.0,10.051821345192822,23197.999957106913
2019-09-04,23199.0,10.051864452969074,23198.999992853056
2019-09-05,23198.0,10.051821347195853,23198.00000357322
2019-09-06,23198.0,10.051821347195853,23198.00000357322
2019-09-09,23199.0,10.051864453123112,23198.999996426595
2019-09-10,23199.0,10.05186445327715,23199.000000000095
2019-09-11,23199.0,10.051864454201203,23199.00002143722
2019-09-12,23205.0,10.052123050751225,23204.9999785574
2019-09-13,23205.0,10.05212305367658,23205.000046440244
2019-09-16,23218.0,10.052683117973828,23217.999978543015
2019-09-17,23225.0,10.052984560142313,23224.999917789864
2019-09-18,23209.0,10.052295416233559,23209.0000642997
2019-09-19,23211.0,10.052381581677848,23210.999964261642
2019-09-20,23203.0,10.052036860717172,23203.0000250083
2019-09-23,23202.0,10.051993760681329,23201.999996426355
2019-09-24,23200.0,10.051907557962434,23200.000007146347
2019-09-25,23200.0,10.051907557654403,23200.00000000003
2019-09-26,23200.0,10.0519075576544,23199.99999999999
2019-09-27,23200.0,10.0519075576544,23199.99999999999
2019-09-30,23200.0,10.05190755780842,23200.00000357323
2019-10-01,23201.0,10.051950659865712,23200.999992853205
2019-10-02,23200.0,10.05190755780842,23200.00000357323
2019-10-03,23200.0,10.0519075576544,23199.99999999999
2019-10-04,23200.0,10.0519075576544,23199.99999999999
2019-10-07,23200.0,10.051907557654415,23200.000000000317
2019-10-08,23200.0,10.051907561502883,23200.00008928478
2019-10-09,23225.0,10.052984555985049,23224.99982123739
2019-10-10,23200.0,10.051907561502883,23200.00008928478
2019-10-11,23200.0,10.051907557654415,23200.000000000317
2019-10-14,23200.0,10.051907557808422,23200.00000357327
2019-10-15,23201.0,10.051950660173746,23200.999999999913
2019-10-16,23202.0,10.051993761297322,23202.000010718617
2019-10-17,23206.0,10.052166143829528,23205.999974984785
2019-10-18,23203.0,10.052036860409336,23203.00001786559
2019-10-21,23205.0,10.052123050751275,23204.999978558553
2019-10-22,23201.0,10.05195066140577,23201.00002858411
2019-10-23,23205.0,10.052123050751272,23204.999978558473
2019-10-24,23203.0,10.052036859485321,23202.99999642568
2019-10-25,23200.0,10.051907558116442,23200.00001071934
2019-10-28,23200.0,10.051907557962434,23200.000007146347
2019-10-29,23202.0,10.051993760219288,23201.99998570608
2019-10-30,23200.0,10.051907558270463,23200.000014292622
2019-10-31,23202.0,10.051993760219288,23201.99998570608
2019-11-01,23200.0,10.051907557808406,23200.0000035729
2019-11-04,23199.0,10.051864453431174,23199.000003573306
2019-11-05,23199.0,10.051864453277146,23199.000000000015
2019-11-06,23199.0,10.051864453277146,23199.000000000015
2019-11-07,23199.0,10.051864453123114,23198.99999642664
2019-11-08,23198.0,10.05182134750391,23198.000010719537
2019-11-11,23200.0,10.051907557192317,23199.999989279644
2019-11-12,23199.0,10.051864453431172,23199.000003573266
2019-11-13,23199.0,10.051864453431175,23199.000003573346
2019-11-14,23200.0,10.051907558116413,23200.000010718682
2019-11-15,23204.0,10.052079956123906,23203.99998927862
2019-11-18,23205.0,10.052123050751248,23204.999978557935
2019-11-19,23200.0,10.051907558270402,23200.00001429122
2019-11-20,23199.0,10.05186445250688,23198.999982130623
2019-11-21,23193.0,10.051605789221005,23193.000028583538
2019-11-22,23195.0,10.051692017185818,23194.9999999994
2019-11-25,23197.0,10.051778237561713,23196.999967836033
2019-11-26,23190.0,10.051476432868595,23190.000060735027
2019-11-27,23200.0,10.051907556113834,23199.999964258837
2019-11-28,23200.0,10.05190755441845,23199.999924925945
2019-11-29,23179.0,10.051001977943914,23179.000060711285
2019-12-02,23175.0,10.050829390279743,23174.999996423798
2019-12-03,23170.0,10.050613618197447,23170.00001786466
2019-12-04,23170.0,10.05061361696373,23169.999989279433
2019-12-05,23167.0,10.050484132966888,23167.00003930094
2019-12-06,23175.0,10.050829388429307,23174.999953539937
2019-12-09,23170.0,10.050613618197445,23170.000017864615
2019-12-10,23170.0,10.050613618197447,23170.00001786466
2019-12-11,23175.0,10.050829388737778,23174.999960688765
2019-12-12,23169.0,10.050570458779488,23169.00003572924
2019-12-13,23173.0,10.0507430866636,23172.99999642484
2019-12-16,23176.0,10.050872538986605,23175.999989279208
2019-12-17,23176.0,10.050872538986605,23175.999989279208
2019-12-18,23173.0,10.0507430866636,23172.99999642484
2019-12-19,23169.0,10.05057045877949,23169.000035729285
2019-12-20,23175.0,10.050829389200416,23174.999971410398
2019-12-23,23173.0,10.050743087588845,23173.00001786556
2019-12-24,23176.0,10.050872538524034,23175.999978558677
2019-12-25,23173.0,10.050743087434654,23173.000014292484
2019-12-26,23174.0,10.050786238940193,23173.999985705927
2019-12-27,23171.0,10.050656776061148,23171.000007145914
2019-12-30,23170.0,10.050613617734859,23170.00000714649
2019-12-31,23171.0,10.05065677559853,23170.999996426584
2020-01-01,23171.0,10.050656775290074,23170.999989279364
2020-01-02,23168.0,10.0505272961108,23168.000021438686
2020-01-03,23171.0,10.050656776061068,23171.000007144063
2020-01-06,23176.0,10.050872538524004,23175.999978557975
2020-01-07,23175.0,10.05082939058824,23175.0000035732
2020-01-08,23175.0,10.050829390125667,23174.99999285309
2020-01-09,23173.0,10.050743087588847,23173.0000178656
2020-01-10,23176.0,10.050872538524034,23175.999978558677
2020-01-13,23173.0,10.050743087588845,23173.00001786556
2020-01-14,23175.0,10.05082938935464,23174.999974984523
2020-01-15,23170.0,10.050613618351665,23170.00002143789
2020-01-16,23171.0,10.050656775444313,23170.99999285324
2020-01-17,23170.0,10.050613617426412,23169.99999999978
2020-01-20,23169.0,10.050570457545826,23169.000007146526
2020-01-21,23170.0,10.05061361711797,23169.999992853154
2020-01-22,23169.0,10.050570457391599,23169.000003573245
2020-01-23,23169.0,10.050570457237374,23169.000000000004
2020-01-24,23169.0,10.050570457237374,23169.000000000004
2020-01-27,23169.0,10.050570457237374,23169.000000000004
2020-01-28,23169.0,10.05057045723738,23169.000000000167
2020-01-29,23169.0,10.05057045924181,23169.000046440775
2020-01-30,23182.0,10.051131398604674,23182.000096344025
2020-01-31,23222.0,10.052855382332508,23221.999956936113
2020-02-03,23250.0,10.054060403634365,23249.99982838855
2020-02-04,23230.0,10.053199827301023,23230.000035694487
2020-02-05,23220.0,10.052769256944355,23220.000039299215
2020-02-06,23221.0,10.052812321877507,23221.00002858078
2020-02-07,23230.0,10.053199828684237,23230.00006782654
2020-02-10,23258.0,10.054404430781949,23257.999835541756
2020-02-11,23240.0,10.053630215269639,23240.000100020105
2020-02-12,23250.0,10.054060407787263,23249.99992494344
2020-02-13,23239.0,10.053587183393626,23239.0000607342
2020-02-14,23245.0,10.053845330587956,23244.999917788733
2020-02-17,23228.0,10.05311373079801,23228.00010002139
2020-02-18,23239.0,10.053587176935025,23238.99991064278
2020-02-19,23225.0,10.052984567527412,23225.000089308785
2020-02-20,23236.0,10.053458078342992,23235.99998212149
2020-02-21,23242.0,10.05371626562888,23241.999996422157
2020-02-24,23247.0,10.053931373197015,23247.000064276912
2020-02-25,23270.0,10.054920248152966,23269.999810503745
2020-02-26,23240.0,10.053630215575591,23240.000107130443
2020-02-27,23240.0,10.053630210965864,23240.00000000037
2020-02-28,23240.0,10.053630210965835,23239.99999999971
2020-03-02,23240.0,10.05363020758157,23239.999921349387
2020-03-03,23218.0,10.052683120434935,23218.000035684996
2020-03-04,23206.0,10.052166147370697,23206.000057161156
2020-03-05,23210.0,10.052338497882728,23209.999967836626
2020-03-06,23205.0,10.052123047359867,23204.99989986093
2020-03-09,23172.0,10.050699937610194,23172.00012498233
2020-03-10,23174.0,10.05078623894023,23173.999985706792
2020-03-11,23172.0,10.050699936069972,23172.0000892923
2020-03-12,23195.0,10.051692015642976,23194.999964213173
2020-03-13,23208.0,10.052252326415594,23208.000014257934
2020-03-16,23225.0,10.052984563065111,23224.99998567185
2020-03-17,23238.0,10.05354415350278,23238.000110612265
2020-03-18,23282.0,10.05543581308224,23282.000099508536
2020-03-19,23354.0,10.05852355902255,23354.000102451428
2020-03-20,23455.0,10.062838968268334,23454.99994149797
2020-03-23,23540.0,10.066456373954802,23539.999838528172
2020-03-24,23580.0,10.068154171054081,23579.999928380916
2020-03-25,23600.0,10.069001991011111,23599.99999993888
2020-03-26,23620.0,10.06984908672439,23619.999928503148
2020-03-27,23620.0,10.069849092775728,23620.00007143573
2020-03-30,23640.0,10.070695464866033,23639.99984269939
2020-03-31,23616.0,10.069679727093558,23615.999992758356
2020-04-01,23590.0,10.06857817633793,23590.000092855167
2020-04-02,23590.0,10.068578166337476,23589.99985694446
2020-04-03,23550.0,10.06688108877896,23549.999748825023
2020-04-06,23440.0,10.062199261944967,23440.00042787418
2020-04-07,23450.0,10.062625787555994,23450.000320832794
2020-04-08,23550.0,10.06688107481896,23549.999420067044
2020-04-09,23488.0,10.064244932761856,23488.000031652748
2020-04-10,23435.0,10.061985917971624,23435.00017845325
2020-04-13,23432.0,10.061857894907515,23432.000149963525
2020-04-14,23471.0,10.063520884856377,23470.999749677918
2020-04-15,23440.0,10.062199248413616,23440.000110699326
2020-04-16,23440.0,10.062199241251015,23439.999942807957
2020-04-17,23424.0,10.061516423165104,23424.00015000884
2020-04-20,23450.0,10.06262577143383,23449.999942768023
2020-04-21,23460.0,10.063052123576801,23460.00003212459
2020-04-22,23479.0,10.063861681617473,23478.999953516635
2020-04-23,23485.0,10.064117200589799,23485.00004999259
2020-04-24,23505.0,10.064968432807136,23504.999749646024
2020-04-27,23455.0,10.062838976390768,23455.000132009667
2020-04-28,23442.0,10.06228456412953,23441.999996399427
2020-04-29,23428.0,10.061687169344376,23428.000050011822
2020-04-30,23428.0,10.06168716720969,23428.000000000415
2020-05-01,23428.0,10.061687169801624,23428.00006072424
2020-05-04,23445.0,10.062412525271933,23444.99985342763
2020-05-05,23421.0,10.061388338753309,23421.00009286212
2020-05-06,23423.0,10.06147372459287,23422.999999999076
2020-05-07,23425.0,10.0615590994719,23424.999821156616
2020-05-08,23377.0,10.059507910906618,23376.99997457938
2020-05-11,23322.0,10.05715240972286,23322.000224884305
2020-05-12,23330.0,10.05749536639283,23330.00003213368
2020-05-13,23347.0,10.058223773041716,23346.99994995053
2020-05-14,23350.0,10.05835226340298,23350.000007143633
2020-05-15,23355.0,10.05856636956914,23354.99992136213
2020-05-18,23338.0,10.057838208378103,23337.999906929224
2020-05-19,23295.0,10.055994027003873,23295.000064130574
2020-05-20,23270.0,10.054920260900998,23270.000107150445
2020-05-21,23275.0,10.055135100149169,23274.9999535408
2020-05-22,23267.0,10.054791334760118,23267.000189226437
2020-05-25,23312.0,10.056723525207488,23311.999924760567
2020-05-26,23336.0,10.05775250618585,23335.999874879184
2020-05-27,23325.0,10.057281023568304,23324.999949915622
2020-05-28,23300.0,10.056208640317225,23300.000017787985
2020-05-29,23280.0,10.05534990184275,23279.999999938897
2020-06-01,23260.0,10.05449042806832,23260.000046419154
2020-06-02,23253.0,10.054189437100714,23253.00005001936
2020-06-03,23260.0,10.054490425457962,23259.999985702223
2020-06-04,23263.0,10.054619392850137,23262.999960687695
2020-06-05,23255.0,10.054275442887224,23255.00002858102
2020-06-08,23255.0,10.054275433966996,23254.999821141115
2020-06-09,23205.0,10.052123057055894,23205.00012485724
2020-06-10,23190.0,10.051476436410343,23190.000142868168
2020-06-11,23215.0,10.052553895218304,23214.999878452814
2020-06-12,23206.0,10.05216614844816,23206.000082164774
2020-06-15,23220.0,10.052769251557537,23219.9999142173
2020-06-16,23210.0,10.052338498651675,23209.9999856839
2020-06-17,23196.0,10.05173513330842,23196.000100023193
2020-06-18,23210.0,10.052338497882147,23209.999967823143
2020-06-19,23215.0,10.052553898914617,23214.99996426271
2020-06-22,23210.0,10.052338500500008,23210.00002858371
2020-06-23,23213.0,10.052467742313684,23212.99992493467
2020-06-24,23195.0,10.051692021959942,23195.00011073521
2020-06-25,23208.0,10.052252324107002,23207.99996068012
2020-06-26,23210.0,10.052338497112599,23209.999949961933
2020-06-29,23198.0,10.051821349813869,23198.000064305954
2020-06-30,23204.0,10.052079955507864,23203.999974983977
2020-07-01,23203.0,10.052036859639356,23202.999999999753
2020-07-02,23202.0,10.051993760527301,23201.9999928526
2020-07-03,23199.0,10.051864454047239,23199.000017865408
2020-07-06,23201.0,10.051950656629907,23200.999917779303
2020-07-07,23180.0,10.051045121362577,23180.000103587583
2020-07-08,23188.0,10.051390180610136,23187.99995711409
2020-07-09,23184.0,10.051217664097859,23183.99998927497
2020-07-10,23177.0,10.050915687989967,23177.000032155942
2020-07-13,23179.0,10.051001975324654,23178.99999999947
2020-07-14,23181.0,10.051088256601666,23180.999999999363
2020-07-15,23183.0,10.051174530280743,23182.999996426337
2020-07-16,23184.0,10.051217665485071,23184.000021436095
2020-07-17,23191.0,10.051519549814186,23190.999964262133
2020-07-20,23188.0,10.051390181688868,23187.99998212772
2020-07-21,23180.0,10.051045118743346,23180.000042873806
2020-07-22,23184.0,10.051217663327327,23183.999971410954
2020-07-23,23180.0,10.051045116739454,23179.999996423587
2020-07-24,23175.0,10.050829392129929,23175.000039301853
2020-07-27,23181.0,10.051088253980643,23180.99993924142
2020-07-28,23170.0,10.050613619893486,23170.000057161877
2020-07-29,23175.0,10.050829389663033,23174.99998213154
2020-07-30,23175.0,10.050829389663026,23174.999982131372
2020-07-31,23170.0,10.05061361819745,23170.00001786474
2020-08-03,23170.0,10.050613618197449,23170.0000178647
2020-08-04,23175.0,10.050829389508836,23174.99997855803
2020-08-05,23174.0,10.050786239556999,23173.999999999793
2020-08-06,23173.0,10.05074308697208,23173.000003573256
2020-08-07,23173.0,10.050743086355247,23172.99998927939
2020-08-10,23170.0,10.050613618505892,23170.000025011323
2020-08-11,23174.0,10.050786239094366,23173.999989278745
2020-08-12,23175.0,10.05082939012567,23174.999992853172
2020-08-13,23174.0,10.050786239711199,23174.000003573226
2020-08-14,23174.0,10.050786239557008,23174.0
2020-08-17,23174.0,10.050786239557008,23174.0
2020-08-18,23174.0,10.050786239557008,23174.0
2020-08-19,23174.0,10.050786239557008,23174.0
2020-08-20,23174.0,10.0507862397112,23174.00000357327
2020-08-21,23175.0,10.050829390588225,23175.00000357287
2020-08-24,23177.0,10.050915685214804,23176.999967835985
2020-08-25,23170.0,10.050613619122647,23170.00003930153
2020-08-26,23174.0,10.050786238940177,23173.999985705555
2020-08-27,23174.0,10.050786239557006,23173.999999999956
2020-08-28,23174.0,10.050786239557008,23174.0
2020-08-31,23174.0,10.050786239557008,23174.0
2020-09-01,23174.0,10.050786239557008,23174.0
2020-09-02,23174.0,10.05078623955701,23174.00000000004
2020-09-03,23174.0,10.050786240173734,23174.00001429201
2020-09-04,23178.0,10.050958830660878,23177.99997141091
2020-09-07,23174.0,10.050786240482111,23174.000021438347
2020-09-08,23176.0,10.050872538986622,23175.99998927962
2020-09-09,23175.0,10.050829390202749,23174.999994639453
2020-09-10,23172.5,10.050721510366783,23172.500014292684
2020-09-11,23174.0,10.0507862394799,23173.999998213094
2020-09-14,23175.0,10.050829390279866,23174.99999642664
2020-09-15,23175.0,10.050829390896588,23175.000010719188
2020-09-16,23178.0,10.050958830198235,23177.999960687765
2020-09-17,23170.0,10.050613618659987,23170.000028581715
2020-09-18,23170.0,10.050613618659987,23170.000028581715
2020-09-21,23178.0,10.050958830506604,23177.99996783513
2020-09-22,23177.0,10.050915687989919,23177.000032154832
2020-09-23,23185.0,10.051260795438246,23184.999967835098
2020-09-24,23184.0,10.051217665793326,23184.00002858267
2020-09-25,23191.0,10.051519549814193,23190.999964262297
2020-09-28,23188.0,10.051390183230085,23188.00001786546
2020-09-29,23190.0,10.051476428554318,23189.999960686942
2020-09-30,23181.0,10.051088259067646,23181.000057163234
2020-10-01,23188.0,10.051390181843033,23187.999985702492
2020-10-02,23191.0,10.051519552741441,23191.000032148102
2020-10-05,23203.0,10.052036858098846,23202.9999642553
2020-10-06,23205.0,10.05212305136727,23204.999992852703
2020-10-07,23205.0,10.052123049518764,23204.99994995814
2020-10-08,23191.0,10.051519551816403,23191.00001069555
2020-10-09,23180.0,10.051045118280737,23180.000032150518
2020-10-12,23178.0,10.050958832048494,23178.00000357306
2020-10-13,23177.0,10.050915686448366,23176.999996426264
2020-10-14,23175.0,10.050829389971398,23174.999989277894
2020-10-15,23170.0,10.050613618968477,23170.00003572941
2020-10-16,23175.0,10.050829389663035,23174.99998213158
2020-10-19,23175.0,10.050829391050755,23175.000014291993
2020-10-20,23179.0,10.051001974399634,23178.99997855843
2020-10-21,23177.0,10.050915686756717,23177.00000357291
2020-10-22,23176.0,10.050872539603365,23176.000003573237
2020-10-23,23176.0,10.050872539295002,23175.999996426614
2020-10-26,23175.0,10.050829390588243,23175.000003573285
2020-10-27,23175.0,10.05082939058824,23175.0000035732
2020-10-28,23176.0,10.050872538369791,23175.999974983944
2020-10-29,23170.0,10.05061361989352,23170.00005716266
2020-10-30,23180.0,10.05104511488936,23179.99995353842
2020-11-02,23177.0,10.050915686910871,23177.000007145736
2020-11-03,23176.0,10.050872539603366,23176.000003573277
2020-11-04,23176.0,10.050872539295002,23175.999996426614
2020-11-05,23175.0,10.050829390742425,23175.00000714646
2020-11-06,23176.0,10.05087253836979,23175.999974983904
2020-11-09,23170.0,10.05061361881427,23170.000032156426
2020-11-10,23173.0,10.050743086663639,23172.999996425748
2020-11-11,23175.0,10.050829390125664,23174.99999285301
2020-11-12,23175.0,10.050829390434055,23174.99999999998
2020-11-13,23175.0,10.05082939043405,23174.999999999858
2020-11-16,23175.0,10.05082938858331,23174.999957108957
2020-11-17,23163.0,10.050311458364845,23163.00003214839
2020-11-18,23160.0,10.050181934617543,23160.000067872956
2020-11-19,23176.0,10.05087253698142,23175.999942807033
2020-11-20,23176.0,10.050872539603342,23176.000003572703
2020-11-23,23177.0,10.05091568243757,23176.999903468022
2020-11-24,23151.0,10.049793260525398,23151.00012500811
2020-11-25,23160.0,10.050181930915178,23159.999982126188
2020-11-26,23164.0,10.05035462711146,23163.99997141052
2020-11-27,23160.0,10.050181929216917,23159.999942794464
2020-11-30,23140.0,10.049318002135731,23140.00003211979
2020-12-01,23129.0,10.048842522094557,23129.000039297498
2020-12-02,23129.0,10.048842519777473,23128.999985705675
2020-12-03,23125.0,10.048669563771188,23125.000032156753
2020-12-04,23130.0,10.048885753989461,23129.999971410776
2020-12-07,23127.0,10.048756045745371,23127.000014292465
2020-12-08,23128.0,10.048799283541678,23127.99999642663
2020-12-09,23128.0,10.048799283696182,23127.999999999996
2020-12-10,23128.0,10.04879928369618,23127.999999999956
2020-12-11,23128.0,10.048799283387163,23127.999992853016
2020-12-14,23126.0,10.048712804997926,23126.000007146376
2020-12-15,23126.0,10.048712804688906,23125.99999999997
2020-12-16,23126.0,10.048712803761696,23125.999978557305
2020-12-17,23120.0,10.048453324331694,23120.000035729197
2020-12-18,23124.0,10.048626316966034,23123.999971411053
2020-12-21,23120.0,10.048453324486209,23120.000039301576
2020-12-22,23127.0,10.04875604450914,23126.99998570216
2020-12-23,23130.0,10.048885753989458,23129.999971410696
2020-12-24,23125.0,10.048669563925678,23125.00003572933
2020-12-25,23130.0,10.048885753680429,23129.99996426285
2020-12-28,23125.0,10.048669562380438,23124.999999995645
2020-12-29,23120.0,10.048453318609793,23119.999903438842
2020-12-30,23088.0,10.04706828317592,23088.00004992243
2020-12-31,23070.0,10.046288353954763,23070.00006429525
2021-01-01,23070.0,10.046288351167815,23070.00000000037
2021-01-04,23070.0,10.046288352716376,23070.000035725658
2021-01-05,23080.0,10.04672172062136,23079.999999984393
2021-01-06,23090.0,10.047154898943068,23089.999921367635
2021-01-07,23078.0,10.046635061753632,23077.999999977354
2021-01-08,23066.0,10.046114950164885,23065.99998567603
2021-01-11,23050.0,10.045421053228962,23050.000110736055
2021-01-12,23065.0,10.046071593512382,23064.999942809434
2021-01-13,23064.0,10.046028239473157,23064.00000357306
2021-01-14,23064.0,10.046028239473168,23064.000003573306
2021-01-15,23065.0,10.046071596456636,23065.000010718664
2021-01-18,23069.0,10.046245003271443,23068.999985705464
2021-01-19,23069.0,10.046245004355738,23069.00001071907
2021-01-20,23072.0,10.04637503776101,23071.99994638838
2021-01-21,23060.0,10.045854797231296,23060.00007859416
2021-01-22,23070.0,10.046288348069325,23069.9999285182
2021-01-25,23060.0,10.045854796766637,23060.000067879115
2021-01-26,23069.0,10.046245002496736,23068.99996783376
2021-01-27,23069.0,10.046245002341765,23068.999964258728
2021-01-28,23059.0,10.045811427592616,23058.99999640954
2021-01-29,23048.0,10.045334278004232,23048.000028576458
2021-02-01,23045.0,10.04520410282761,23044.999946374304
2021-02-02,23027.0,10.044422721163341,23027.000039277664
2021-02-03,23020.0,10.044118682586081,23020.000007140974
2021-02-04,23015.0,10.043901454697878,23014.99996424702
2021-02-05,23000.0,10.043249492577077,22999.99994631318
2021-02-08,22970.0,10.041944306564247,22970.000249938934
2021-02-09,23010.0,10.04368417681224,23009.999856942886
2021-02-10,23010.0,10.04368418302939,23009.999999999498
2021-02-11,23010.0,10.043684183029413,23010.00000000003
2021-02-12,23010.0,10.043684183029413,23010.00000000003
2021-02-15,23010.0,10.043684183029413,23010.00000000003
2021-02-16,23010.0,10.043684183029416,23010.00000000011
2021-02-17,23010.0,10.043684183805803,23010.000017864775
2021-02-18,23015.0,10.043901455940707,23014.99999285075
2021-02-19,23018.0,10.044031797373153,23017.999996425682
2021-02-22,23020.0,10.044118682741454,23020.000010717653
2021-02-23,23025.0,10.044335859571408,23024.999964262908
2021-02-24,23020.0,10.044118683827968,23020.000035729205
2021-02-25,23025.0,10.044335858795192,23024.999946390526
2021-02-26,23015.0,10.043901458579832,23015.0000535902
2021-03-01,23020.0,10.0441186818101,23019.999989277872
2021-03-02,23022.0,10.044205558854124,23021.999985706014
2021-03-03,23020.0,10.04411868243109,23020.000003573088
2021-03-04,23019.0,10.044075243173618,23019.00005358461
2021-03-05,23033.0,10.04468324578898,23032.99992136704
2021-03-08,23025.0,10.044335867792473,23025.000153552923
2021-03-09,23060.0,10.04585478715553,23059.999846246996
2021-03-10,23052.0,10.045507813641404,23052.00002500789
2021-03-11,23051.0,10.045464432206728,23051.00001786569
2021-03-12,23055.0,10.045637948048295,23055.000078559664
2021-03-15,23081.0,10.046765043367033,23080.99991061382
2021-03-16,23082.0,10.046808366092964,23081.99986410736
2021-03-17,23045.0,10.045204113987014,23045.000203542775
2021-03-18,23065.0,10.046071594131291,23064.999957084576
2021-03-19,23073.0,10.046418380950552,23072.99998212739
2021-03-22,23076.0,10.046548393982976,23075.999967836568
2021-03-23,23070.0,10.046288353645595,23070.00005716275
2021-03-24,23080.0,10.046721719692709,23079.99997855113
2021-03-25,23084.0,10.046895015211604,23083.999985705155
2021-03-26,23084.0,10.046895013663043,23083.999949958186
2021-03-29,23070.0,10.046288353335614,23070.00005001148
2021-03-30,23070.0,10.046288351787311,23070.00001429213
2021-03-31,23074.0,10.046461719473683,23073.999953539304
2021-04-01,23065.0,10.046071598625147,23065.000060735365
2021-04-02,23073.0,10.0464183814151,23072.999992845896
2021-04-05,23079.0,10.046678392900665,23079.00001785439
2021-04-06,23090.0,10.047154900645808,23089.999960683886
2021-04-07,23090.0,10.047154901574658,23089.99998213103
2021-04-08,23085.0,10.046938332617811,23084.99994636713
2021-04-09,23065.0,10.046071599398902,23065.00007858201
2021-04-12,23067.0,10.04615830370028,23066.99999999974
2021-04-13,23069.0,10.046245004975079,23069.00002500665
2021-04-14,23078.0,10.046635059586535,23077.999949965095
2021-04-15,23073.0,10.046418381570087,23072.999996421913
2021-04-16,23067.0,10.046158305558981,23067.000042874413
2021-04-19,23073.0,10.04641838095069,23072.999982130586
2021-04-20,23074.0,10.046461721332362,23073.999996426453
2021-04-21,23074.0,10.046461720867725,23073.999985705435
2021-04-22,23070.0,10.046288351787291,23070.00001429168
2021-04-23,23070.0,10.046288346518057,23069.999892730455
2021-04-26,23040.0,10.044987119769747,23040.000114276543
2021-04-27,23042.0,10.04507391706316,23042.000010718242
2021-04-28,23047.0,10.045290888420332,23047.000007140927
2021-04-29,23054.0,10.045594568075803,23053.999974982835
2021-04-30,23054.0,10.045594569160953,23053.999999999876
2021-05-03,23054.0,10.045594568540917,23053.999985705577
2021-05-04,23050.0,10.04542105059476,23050.000050017694
2021-05-05,23060.0,10.045854793357675,23059.99998926845
2021-05-06,23067.0,10.046158301531204,23066.999949965673
2021-05-07,23060.0,10.045854794907584,23060.000025009344
2021-05-10,23060.0,10.04585479304818,23059.999982131503
2021-05-11,23055.0,10.045637945105675,23055.00001071755
2021-05-12,23053.0,10.045551190093967,23052.999960680132
2021-05-13,23040.0,10.044987118065984,23040.000075021853
2021-05-14,23048.0,10.045334275213754,23047.99996426154
2021-05-17,23046.0,10.045247496953616,23045.999985703555
2021-05-18,23040.0,10.04498711651564,23040.000039301933
2021-05-19,23045.0,10.04520410437924,23044.999982131616
2021-05-20,23045.0,10.045204106549862,23045.00003215362
2021-05-21,23054.0,10.045594568075687,23053.999974980172
2021-05-24,23056.0,10.045681318549198,23056.000007144925
2021-05-25,23060.0,10.045854792428285,23059.99996783672
2021-05-26,23055.0,10.045637943865426,23054.999982123616
2021-05-27,23045.0,10.04520410670486,23045.000035725545
2021-05-28,23045.0,10.045204104379238,23044.999982131576
2021-05-31,23040.0,10.044987116205519,23040.000032156728
2021-06-01,23044.0,10.045160709611647,23043.999971410994
2021-06-02,23040.0,10.044987115585233,23040.00001786534
2021-06-03,23041.0,10.045030516955846,23041.000007145332
2021-06-04,23044.0,10.045160703557618,23043.999831901965
2021-06-07,23000.0,10.043249494275516,22999.99998537727
2021-06-08,22952.0,10.041160365593424,22952.00018206038
2021-06-09,22955.0,10.041291054970767,22954.999960688285
2021-06-10,22947.0,10.040942488924069,22947.00002143463
2021-06-11,22945.0,10.040855326984659,22945.000003573103
2021-06-14,22944.0,10.040811744022278,22944.000014292535
2021-06-15,22947.0,10.040942487367067,22946.999985706112
2021-06-16,22946.0,10.040898910694354,22946.00005358501
2021-06-17,22960.0,10.04150885369699,22960.000074929685
2021-06-18,22995.0,10.043032077482327,22994.999942703413
2021-06-21,23014.0,10.043858004139615,23013.999971375444
2021-06-22,23025.0,10.044335858639903,23024.999942814993
2021-06-23,23020.0,10.044118680412092,23019.999957095748
2021-06-24,23003.0,10.043379926467694,23003.000121448356
2021-06-25,23020.0,10.044118679636048,23019.999939231213
2021-06-28,23020.0,10.044118682275862,23019.999999999724
2021-06-29,23020.0,10.044118681344388,23019.999978557204
2021-06-30,23014.0,10.043858005693757,23014.000007142462
2021-07-01,23010.0,10.043684181786519,23009.99997140104
2021-07-02,22998.0,10.043162536161875,22998.000035721976
2021-07-05,22996.0,10.043075568762829,22996.00004644381
2021-07-06,23007.0,10.043553795966396,23006.999989265558
2021-07-07,23015.0,10.043901453766727,23014.999942816597
2021-07-08,23007.0,10.04355379658791,23007.00000356472
2021-07-09,23000.0,10.043249499104547,23000.000096444994
2021-07-12,23020.0,10.044118677617378,23019.999892761436
2021-07-13,23010.0,10.0436841847373,23010.000039298513
2021-07-14,23011.0,10.043727640984697,23010.999989279702
2021-07-15,23009.0,10.043640723340715,23009.00001429279
2021-07-16,23011.0,10.043727642537304,23011.000025006742
2021-07-19,23020.0,10.044118681809795,23019.99998927088
2021-07-20,23026.0,10.044379289681553,23025.999964262333
2021-07-21,23022.0,10.044205558232754,23021.999971400845
2021-07-22,23010.0,10.043684184115909,23010.000025000307
2021-07-23,23005.0,10.043466863832085,23005.00002858409
2021-07-26,23008.0,10.04359725958886,23007.999978558557
2021-07-27,23005.0,10.043466862123411,23004.999989276042
2021-07-28,22999.0,10.043206011350849,22998.999899854043
2021-07-29,22965.0,10.0417265997116,22965.000067785935
2021-07-30,22950.0,10.041073217823456,22950.000053582855
2021-08-02,22950.0,10.041073215488696,22950.000000000113
2021-08-03,22950.0,10.041073214710098,22949.999982131278
2021-08-04,22945.0,10.040855326205632,22944.999985698338
2021-08-05,22936.0,10.040463007562657,22935.999999987416
2021-08-06,22927.0,10.040070535413356,22927.000025006346
2021-08-09,22925.0,10.039983291508365,22924.999871246317
2021-08-10,22887.0,10.038324336487452,22886.999856478218
2021-08-11,22809.0,10.034910485468751,22809.000263950427
2021-08-12,22805.0,10.034735093687669,22805.0001035773
2021-08-13,22830.0,10.035830735608725,22829.999910617895
2021-08-16,22830.0,10.035830739523815,22829.99999999941
2021-08-17,22830.0,10.035830735922094,22829.999917772104
2021-08-18,22807.0,10.034822789751203,22807.00010000991
2021-08-19,22812.0,10.035041992746066,22812.000010713356
2021-08-20,22820.0,10.035392622945995,22819.99998927297
2021-08-23,22825.0,10.035611703897445,22824.999964262337
2021-08-24,22820.0,10.035392619498198,22819.999910594248
2021-08-25,22790.0,10.034077126156397,22790.000089260848
2021-08-26,22785.0,10.033857705109305,22785.000032156982
2021-08-27,22789.0,10.034033239559633,22788.999935663513
2021-08-30,22775.0,10.033418724324031,22775.000050010985
2021-08-31,22775.0,10.033418719773938,22774.999946382603
2021-09-01,22760.0,10.032759890594498,22760.000053582295
2021-09-02,22760.0,10.032759888240276,22760.00000000021
2021-09-03,22760.0,10.032759888240266,22759.999999999967
2021-09-06,22760.0,10.032759887926252,22759.999992853016
2021-09-07,22758.0,10.032672011073956,22758.000003573048
2021-09-08,22757.0,10.03262807077218,22757.000032154763
2021-09-09,22765.0,10.032979545256987,22764.999942816703
2021-09-10,22757.0,10.032628070929189,22757.000035727808
2021-09-13,22759.0,10.032715950229887,22758.999992853074
2021-09-14,22759.0,10.032715950386898,22758.999996426475
2021-09-15,22758.0,10.032672010288817,22757.999985704853
2021-09-16,22753.0,10.032452287271115,22753.000078588586
2021-09-17,22770.0,10.033199156232014,22769.999935657183
2021-09-20,22769.0,10.03315523861728,22768.999953531085
2021-09-21,22755.0,10.03254018343364,22755.000067875855
2021-09-22,22760.0,10.032759887769172,22759.99998927788
2021-09-23,22762.0,10.032847757213862,22761.99998570607
2021-09-24,22760.0,10.032759889496129,22760.000028583407
2021-09-27,22766.0,10.0330234721584,22765.999960688525
2021-09-28,22761.0,10.032803823534891,22760.999989272896
2021-09-29,22753.0,10.032452284602126,22753.000017861086
2021-09-30,22750.0,10.032320425949594,22750.000035728823
2021-10-01,22757.0,10.032628068259902,22756.999974982842
2021-10-04,22757.0,10.032628068888117,22756.999989279146
2021-10-05,22754.0,10.032496232942535,22753.99999642473
2021-10-06,22750.0,10.032320425007324,22750.000014292174
2021-10-07,22750.0,10.03232042547841,22750.000025009387
2021-10-08,22757.0,10.032628067160589,22756.999949965786
2021-10-11,22750.0,10.032320426577725,22750.00005001879
2021-10-12,22757.0,10.032628068259905,22756.999974982922
2021-10-13,22757.0,10.032628069359214,22756.9999999999
2021-10-14,22757.0,10.032628069516235,22757.00000357323
2021-10-15,22758.0,10.032672010759935,22757.999996426563
2021-10-18,22758.0,10.03267201044588,22757.99998927931
2021-10-19,22755.0,10.03254018092181,22755.000010719144
2021-10-20,22755.0,10.032540179665483,22754.999982131434
2021-10-21,22750.0,10.032320425792573,22750.000032156593
2021-10-22,22754.0,10.032496231057793,22753.999953539325
2021-10-25,22745.0,10.032100623302506,22745.000075022148
2021-10-26,22757.0,10.032628067160415,22756.999949961824
2021-10-27,22755.0,10.032540179979529,22754.99998927754
2021-10-28,22750.0,10.032320425164357,22750.000017864688
2021-10-29,22750.0,10.032320424379098,22750.000000000025
2021-11-01,22750.0,10.032320424064944,22749.99999285302
2021-11-02,22748.0,10.032232508583718,22748.000003572062
2021-11-03,22747.0,10.03218853716838,22746.999763806954
2021-11-04,22680.0,10.029238768382244,22680.000239059813
2021-11-05,22680.0,10.029238754689253,22679.99992850276
2021-11-08,22660.0,10.02835653804984,22660.00007858131
2021-11-09,22662.0,10.02844479130977,22661.99998570613
2021-11-10,22660.0,10.028356532531182,22659.99995352853
2021-11-11,22645.0,10.027694357567427,22645.00003571371
2021-11-12,22640.0,10.027473533895282,22640.000035729612
2021-11-15,22645.0,10.027694355990144,22644.99999999615
2021-11-16,22650.0,10.027915129806738,22649.999974984385
2021-11-17,22648.0,10.027826827422818,22648.000014292746
2021-11-18,22650.0,10.02791513169982,22650.000017862676
2021-11-19,22657.0,10.028224134882985,22657.000021422886
2021-11-22,22670.0,10.02879774223991,22669.99997139805
2021-11-23,22675.0,10.029018274983152,22674.999999995787
2021-11-24,22680.0,10.029238755477943,22679.99994639025
2021-11-25,22670.0,10.028797746338235,22670.00006430708
2021-11-26,22678.0,10.029150571161338,22678.000014277004
2021-11-29,22690.0,10.029679575568595,22689.99994996192
2021-11-30,22688.0,10.029591433110133,22688.000085721582
2021-12-01,22710.0,10.030560634781907,22709.999992785088
2021-12-02,22730.0,10.031440929387426,22730.00028505322
2021-12-03,22830.0,10.035830753453121,22830.00031800546
2021-12-06,23020.0,10.044118660413133,23019.99949671972
2021-12-07,23070.0,10.046288320105322,23069.999283388668
2021-12-08,22920.0,10.03976520348018,22920.000748372473
2021-12-09,22980.0,10.042379549051299,22979.999945963733
2021-12-10,23025.0,10.044335846364843,23024.99966018176
2021-12-13,22975.0,10.042161958878154,22975.000267756765
2021-12-14,23000.0,10.043249495682954,23000.000017748338
2021-12-15,23030.0,10.0445529819451,23029.999749672417
2021-12-16,22990.0,10.042814622414333,22990.00010706687
2021-12-17,22980.0,10.042379544862383,22979.999849702446
2021-12-20,22928.0,10.04011415894216,22928.000203467815
2021-12-21,22933.0,10.040332202911141,22933.000060707538
2021-12-22,22955.0,10.041291052478531,22954.999903479013
2021-12-23,22950.0,10.04107319909884,22949.999623852906
2021-12-24,22840.0,10.036268676241606,22840.000284852715
2021-12-27,22810.0,10.034954323889346,22810.00019641492
2021-12-28,22835.0,10.036049719356782,22834.99985699999
2021-12-29,22820.0,10.035392617141419,22819.999856812534
2021-12-30,22765.0,10.032979565797165,22765.00041041385
2021-12-31,22825.0,10.035611696057597,22824.99978531781
2022-01-03,22825.0,10.035611694016435,22824.99973872829
2022-01-04,22752.0,10.032408344520801,22752.00027115456
2022-01-05,22755.0,10.032540178408917,22754.999953538263
2022-01-06,22745.0,10.032100612136114,22744.99982104256
2022-01-07,22685.0,10.029459203111609,22685.000249842255
2022-01-10,22695.0,10.02989991378807,22694.999974978844
2022-01-11,22698.0,10.030032093388767,22697.99998927935
2022-01-12,22698.0,10.030032095749734,22698.000042868567
2022-01-13,22710.0,10.030560633210959,22709.999957108863
2022-01-14,22710.0,10.030560636672728,22710.000035725647
2022-01-17,22720.0,10.031000875977137,22720.000071387356
2022-01-18,22750.0,10.032320411801756,22749.999713865498
2022-01-19,22700.0,10.030120202663229,22699.999981697772
2022-01-20,22645.0,10.027694361501375,22645.00012479797
2022-01-21,22625.0,10.026810779613626,22625.000249904428
2022-01-24,22675.0,10.029018259996658,22674.999660177044
2022-01-25,22630.0,10.027031745726102,22630.00016063949
2022-01-26,22630.0,10.027031738627617,22630.000000000764
2022-01-27,22630.0,10.027031740995332,22630.000053582153
2022-01-28,22645.0,10.027694353622568,22644.999946382388
2022-01-31,22645.0,10.027694355990308,22644.999999999854
2022-02-01,22645.0,10.027694355990317,22645.000000000055
2022-02-02,22645.0,10.027694355990317,22645.000000000055
2022-02-03,22645.0,10.027694355990327,22645.000000000295
2022-02-04,22645.0,10.027694359144906,22645.000071435734
2022-02-07,22665.0,10.028577168094609,22665.000106971074
2022-02-08,22715.0,10.030780764809109,22714.999695973467
2022-02-09,22680.0,10.029238763351808,22680.00012496951
2022-02-10,22680.0,10.029238758629413,22680.000017865594
2022-02-11,22685.0,10.029459197605624,22685.000124938982
2022-02-14,22725.0,10.031220916679342,22724.99994622497
2022-02-15,22750.0,10.0323204204502,22749.999910617593
2022-02-16,22750.0,10.032320429872305,22750.0001249705
2022-02-17,22785.0,10.033857703689542,22784.999999807664
2022-02-18,22820.0,10.03539261479816,22819.999803339386
2022-02-21,22800.0,10.034515820425744,22800.00012501723
2022-02-22,22815.0,10.035173492577298,22814.999982108373
2022-02-23,22825.0,10.035611706244802,22825.00001784078
2022-02-24,22840.0,10.036268658292025,22839.999874884274
2022-02-25,22820.0,10.03539262419686,22820.000017817692
2022-02-28,22805.0,10.034735093061974,22805.000089308323
2022-03-01,22815.0,10.035173495708351,22815.000053543343
2022-03-02,22840.0,10.036268659074198,22839.999892749096
2022-03-03,22835.0,10.036049725618922,22834.99999999594
2022-03-04,22830.0,10.035830742653367,22830.000071447073
2022-03-07,22845.0,10.036487551650355,22844.999946382395
2022-03-08,22845.0,10.03648755243286,22844.999964258717
2022-03-09,22835.0,10.036049727183626,22835.000035725956
2022-03-10,22835.0,10.036049731560592,22835.00013567398
2022-03-11,22873.0,10.037712451340713,22872.999924824537
2022-03-14,22890.0,10.038455408730329,22889.999903489264
2022-03-15,22880.0,10.038018446898963,22880.00003215164
2022-03-16,22879.0,10.037974736213823,22878.999953531435
2022-03-17,22865.0,10.037362637497917,22865.000032142747
2022-03-18,22860.0,10.037143938130297,22860.000017864993
2022-03-21,22860.0,10.0371439389116,22860.00003572556
2022-03-22,22870.0,10.037581285766509,22869.99997140522
2022-03-23,22872.0,10.037668733220936,22871.999982132136
2022-03-24,22869.0,10.037537559874872,22868.999982127618
2022-03-25,22861.0,10.037187682017901,22861.000025008336
2022-03-28,22860.0,10.037143938286592,22860.000021437885
2022-03-29,22865.0,10.03736263359118,22864.99994281518
2022-03-30,22854.0,10.036881434923593,22853.999982103815
2022-03-31,22838.0,10.036181096607685,22838.00005358003
2022-04-01,22837.0,10.036137308196045,22837.00003572741
2022-04-04,22846.0,10.036531329106486,22846.000064256517
2022-04-05,22873.0,10.037712449313052,22872.999878445833
2022-04-06,22866.0,10.037406370101566,22865.99999999202
2022-04-07,22859.0,10.037100193110446,22859.000028582832
2022-04-08,22860.0,10.037143937192504,22859.999996427025
2022-04-11,22860.0,10.037143941722903,22860.00009999195
2022-04-12,22888.0,10.038368030199724,22887.99989631227
2022-04-13,22887.0,10.03832434494355,22887.00005001293
2022-04-14,22900.0,10.03889218735718,22899.999949960024
2022-04-15,22899.0,10.03884851921795,22898.999971407626
2022-04-18,22890.0,10.038455424484006,22890.000264090944
2022-04-19,22955.0,10.041291047640142,22954.99979241379
2022-04-20,22962.0,10.041595953564222,22961.999974982096
2022-04-21,22962.0,10.041595955120592,22962.00001071945
2022-04-22,22965.0,10.041726599092742,22965.00005357386
2022-04-25,22983.0,10.04251008636347,22982.999889188355
2022-04-26,22970.0,10.041944296926992,22970.000028571198
2022-04-27,22965.0,10.04172659613715,22964.99998569867
2022-04-28,22956.0,10.041334621562758,22956.000053590884
2022-04-29,22962.0,10.041595953719925,22961.99997855735
2022-05-02,22962.0,10.041595954653756,22961.999999999975
2022-05-03,22962.0,10.041595955276174,22962.000014291927
2022-05-04,22966.0,10.04177013800179,22965.999946389424
2022-05-05,22955.0,10.04129105839524,22955.000039297065
2022-05-06,22955.0,10.041291055904905,22954.999982131427
2022-05-09,22950.0,10.04107321486559,22949.99998569981
2022-05-10,22941.0,10.040681000051759,22941.00042072473
2022-05-11,23050.0,10.045421038611027,23049.999773792646
2022-05-12,23096.0,10.047414712671168,23095.99979972066
2022-05-13,23086.0,10.04698165511512,23086.0000678789
2022-05-16,23095.0,10.047371425337925,23095.000057118996
2022-05-17,23120.0,10.048453321855678,23119.99997848371
2022-05-18,23139.0,10.049274781821179,23138.999935652064
2022-05-19,23140.0,10.049318003680346,23140.000067862184
2022-05-20,23160.0,10.050181930142399,23159.999964228624
2022-05-23,23170.0,10.050613622047411,23170.00010706832
2022-05-24,23210.0,10.05233849002446,23209.999785446253
2022-05-25,23190.0,10.051476435640595,23190.000125017694
2022-05-26,23205.0,10.052123047824457,23204.999910641745
2022-05-27,23195.0,10.051692015797807,23194.999967804473
2022-05-30,23176.0,10.050872543764832,23176.00010001941
2022-05-31,23185.0,10.051260797133141,23185.000007131235
2022-06-01,23196.0,10.0517351268392,23195.99994996317
2022-06-02,23193.0,10.051605787526215,23192.99998927627
2022-06-03,23187.0,10.051347055620594,23186.99999642024
2022-06-06,23180.0,10.051045118743371,23180.00004287438
2022-06-07,23185.0,10.051260796363081,23184.999989277403
2022-06-08,23187.0,10.051347050531861,23186.99987842779
2022-06-09,23155.0,10.049966027243233,23155.000192843654
2022-06-10,23177.0,10.050915685983195,23176.999985644998
2022-06-13,23195.0,10.051692016721852,23194.999989237695
2022-06-14,23210.0,10.052338500036184,23210.00001781834
2022-06-15,23230.0,10.053199822994273,23229.999935648673
2022-06-16,23232.0,10.05328591547068,23231.999949961915
2022-06-17,23220.0,10.052769258636655,23220.000078594414
2022-06-20,23230.0,10.053199823610548,23229.999949964742
2022-06-21,23226.0,10.053027621805438,23226.00004644583
2022-06-22,23235.0,10.053415041518548,23234.999999987667
2022-06-23,23244.0,10.053802312272305,23243.999978552965
2022-06-24,23247.0,10.053931369663461,23246.999982132384
2022-06-27,23245.0,10.05384533596904,23245.00004287203
2022-06-28,23255.0,10.054275441657532,23254.999999984535
2022-06-29,23265.0,10.05470536120626,23264.99992851854
2022-06-30,23255.0,10.054275450102416,23255.00019637031
2022-07-01,23300.0,10.056208638009494,23299.999964017858
2022-07-04,23335.0,10.057709656846509,23334.999964124603
2022-07-05,23360.0,10.058780435103918,23359.999957058586
2022-07-06,23373.0,10.059336783492894,23372.99987130653
2022-07-07,23350.0,10.058352267380151,23350.000100010566
2022-07-08,23355.0,10.058566370946943,23354.999953540715
2022-07-11,23347.0,10.0582237828321,23347.000178526618
2022-07-12,23389.0,10.060021098775678,23388.99984621228
2022-07-13,23388.0,10.059978353571145,23388.000099997353
2022-07-14,23415.0,10.061132122832142,23415.000028437502
2022-07-15,23450.0,10.062625767012952,23449.999839098436
2022-07-18,23440.0,10.062199240944029,23439.999935612195
2022-07-19,23412.0,10.061003994376879,23412.00009284655
2022-07-20,23410.0,10.060918560790235,23410.000007146566
2022-07-21,23410.0,10.06091855895821,23409.999964258874
2022-07-22,23400.0,10.060491300581193,23399.99998210836
2022-07-25,23385.0,10.059850070158525,23384.999999965825
2022-07-26,23370.0,10.059208430590132,23370.000071447437
2022-07-27,23375.0,10.059422350792724,23374.99992136268
2022-07-28,23358.0,10.058694815917955,23357.99997849765
2022-07-29,23335.0,10.057709664965541,23335.000153582227
2022-08-01,23355.0,10.058566369568906,23354.999921356655
2022-08-02,23353.0,10.058480741075691,23353.000153524124
2022-08-03,23394.0,10.06023485178984,23393.999849791515
2022-08-04,23393.0,10.060192110224271,23392.99997498128
2022-08-05,23385.0,10.059850071840595,23385.000039301023
2022-08-08,23388.0,10.059978348378799,23387.999978558764
2022-08-09,23385.0,10.059850070618372,23385.000010719352
2022-08-10,23385.0,10.059850070923929,23385.00001786479
2022-08-11,23390.0,10.060063859119818,23389.999989277876
2022-08-12,23392.0,10.060149363465833,23392.000021434735
2022-08-15,23400.0,10.060491300582022,23399.99998212777
2022-08-16,23403.0,10.060619497492944,23402.9999821323
2022-08-17,23401.0,10.060534035780796,23401.000007146285
2022-08-18,23401.0,10.060534035322714,23400.99999642672
2022-08-19,23400.0,10.060491303025245,23400.000039299175
2022-08-22,23410.0,10.060918562009736,23410.00003569508
2022-08-23,23430.0,10.061772527687678,23429.999910634153
2022-08-24,23425.0,10.061559107564143,23425.000010717413
2022-08-25,23423.0,10.061473723219507,23422.99996783078
2022-08-26,23412.0,10.061003994835868,23412.000103592407
2022-08-29,23430.0,10.06177252646722,23429.99988203881
2022-08-30,23415.0,10.06113212924334,23415.00017855572
2022-08-31,23450.0,10.062625768537123,23449.999874840247
2022-09-01,23450.0,10.062625773874435,23450.000000000233
2022-09-02,23450.0,10.062625782245561,23450.00019630314
2022-09-05,23505.0,10.06496843736677,23504.999856820228
2022-09-06,23520.0,10.065606408836905,23520.00016050851
2022-09-07,23580.0,10.068154159224123,23579.99964943052
2022-09-08,23542.0,10.066541340635032,23542.000039141076
2022-09-09,23515.0,10.065393799239457,23515.00011429016
2022-09-12,23520.0,10.065606406262967,23520.0000999695
2022-09-13,23553.0,10.06700848046532,23553.00001410719
2022-09-14,23590.0,10.068578171334096,23589.999974814727
2022-09-15,23620.0,10.06984908974558,23619.999999863623
2022-09-16,23650.0,10.071118392404989,23649.999964168113
2022-09-19,23670.0,10.071963699487458,23669.99992850308
2022-09-20,23670.0,10.071963705526038,23670.000071436254
2022-09-21,23690.0,10.072808295642869,23689.999964228988
2022-09-22,23700.0,10.07323032561517,23699.999964259136
2022-09-23,23700.0,10.073230329384112,23700.000053583073
2022-09-26,23715.0,10.073863038310252,23714.999999966087
2022-09-27,23730.0,10.074495347170393,23729.999946384043
2022-09-28,23730.0,10.07449536295663,23730.000320991476
2022-09-29,23820.0,10.07828083462912,23819.999802766346
2022-09-30,23855.0,10.07974911644641,23854.999964126902
2022-10-03,23880.0,10.080796563015372,23879.999892750955
2022-10-04,23875.0,10.080587164600187,23874.999982123743
2022-10-05,23865.0,10.080168231685574,23865.000053590702
2022-10-06,23870.0,10.080377719332722,23869.999999996322
2022-10-07,23875.0,10.080587163852119,23874.999964263614
2022-10-10,23870.0,10.080377728305308,23870.000214171956
2022-10-11,23925.0,10.082679211083107,23924.999874679706
2022-10-12,23945.0,10.083514835811213,23945.000551561192
2022-10-13,24120.0,10.090796623339033,24119.999336649627
2022-10-14,24110.0,10.09038200217658,24110.000747442897
2022-10-17,24310.0,10.09864305538599,24309.99971012321
2022-10-18,24430.0,10.103567149580469,24429.99964157972
2022-10-19,24450.0,10.104385503651729,24450.00021390598
2022-10-20,24530.0,10.107652167576793,24530.000743854063
2022-10-21,24820.0,10.119405018200922,24819.9989933585
2022-10-24,24830.0,10.119807878501476,24829.999999981712
2022-10-25,24840.0,10.120210533169756,24839.99992851894
2022-10-26,24830.0,10.119807879941028,24830.0000357258
2022-10-27,24830.0,10.119807877062819,24829.999964259856
2022-10-28,24820.0,10.119405063076245,24820.000107163996
2022-10-31,24840.0,10.120210534607427,24839.999964230694
2022-11-01,24850.0,10.120613027928938,24849.999910643455
2022-11-02,24835.0,10.120009233294299,24835.000142871984
2022-11-03,24860.0,10.121015362906542,24859.99994634814
2022-11-04,24870.0,10.121417535360345,24869.9999642592
2022-11-07,24870.0,10.121417536941118,24870.000003573023
2022-11-08,24871.0,10.12145774363936,24870.999964260845
2022-11-09,24862.0,10.121095814076087,24862.000042872685
2022-11-10,24865.0,10.121216462084684,24864.999774619784
2022-11-11,24805.0,10.118800523269904,24804.999963654594
2022-11-14,24735.0,10.115974538091383,24735.000356915505
2022-11-15,24765.0,10.117186642133685,24764.99992846251
2022-11-16,24775.0,10.117590362079886,24775.00007139405
2022-11-17,24805.0,10.118800519690488,24804.999874867182
2022-11-18,24800.0,10.11859893791287,24800.000142842942
2022-11-21,24835.0,10.120009224659592,24834.99992842903
2022-11-22,24850.0,10.120613028504282,24849.99992494076
2022-11-23,24844.0,10.12037155295954,24843.999982120924
2022-11-24,24833.0,10.1199286838534,24832.999778060974
2022-11-25,24760.0,10.116984738761179,24760.00029619513
2022-11-28,24770.0,10.117388518154115,24769.999892763488
2022-11-29,24750.0,10.116580753515771,24749.999641593648
2022-11-30,24630.0,10.11172048957149,24629.999961993584
2022-12-01,24500.0,10.106428393498309,24499.999925654516
2022-12-02,24350.0,10.10028709574184,24349.99920207738
2022-12-05,23980.0,10.084975483295272,23980.00131203617
2022-12-06,23980.0,10.084975416640678,23979.99971365895
2022-12-07,23900.0,10.081633731873849,23899.999855506496
2022-12-08,23780.0,10.076600153502044,23779.99960185791
2022-12-09,23550.0,10.06688115384515,23550.00128113385
2022-12-12,23680.0,10.072386057234391,23679.999247839132
2022-12-13,23600.0,10.069001990972557,23599.999999029
2022-12-14,23520.0,10.065606411106367,23520.000213886276
2022-12-15,23500.0,10.064755715316059,23500.0003568195
2022-12-16,23580.0,10.068154180086287,23580.000141360335
2022-12-19,23700.0,10.073230313504743,23699.99967724203
2022-12-20,23730.0,10.074495340389026,23729.999785462216
2022-12-21,23700.0,10.073230321073758,23699.9998566277
2022-12-22,23630.0,10.070272370149628,23629.999999259766
2022-12-23,23560.0,10.067305652913848,23560.00035689455
2022-12-26,23590.0,10.06857816633951,23589.999856992443
2022-12-27,23580.0,10.06815418166291,23580.000178537113
2022-12-28,23620.0,10.069849080667911,23619.999785449094
2022-12-29,23600.0,10.06900199555444,23600.000107161446
2022-12-30,23610.0,10.06942562856572,23609.999964258255
2023-01-02,23610.0,10.069425615672479,23609.999659848854
2023-01-03,23515.0,10.065393808026323,23515.000320913325
2023-01-04,23510.0,10.06518113697036,23509.999892706102
2023-01-05,23475.0,10.063691307116132,23475.000071356215
2023-01-06,23460.0,10.063052122510836,23460.00000711705
2023-01-09,23447.0,10.06249783559658,23447.00003929354
2023-01-10,23445.0,10.062412531066359,23444.999989277952
2023-01-11,23440.0,10.062199244148193,23440.0000107178
2023-01-12,23438.0,10.062113915666055,23437.99999642588
2023-01-13,23435.0,10.061985912338663,23435.000046444813
2023-01-16,23445.0,10.062412527254745,23444.99989991466
2023-01-17,23427.0,10.061644486600251,23427.000100020785
2023-01-18,23437.0,10.062071248084273,23436.999974978615
2023-01-19,23440.0,10.062199243233577,23439.9999892792
2023-01-20,23440.0,10.062199243690948,23439.999999999978
2023-01-23,23440.0,10.06219924369095,23440.00000000002
2023-01-24,23440.0,10.06219924369095,23440.00000000002
2023-01-25,23440.0,10.06219924369096,23440.00000000027
2023-01-26,23440.0,10.06219924673857,23440.00007143625
2023-01-27,23460.0,10.063052120682672,23459.999964228315
2023-01-30,23470.0,10.063478283513922,23469.999874877965
2023-01-31,23445.0,10.062412534569841,23445.00007141709
2023-02-01,23440.0,10.062199245824853,23440.000050018723
2023-02-02,23449.0,10.062583126298433,23448.999935668293
2023-02-03,23440.0,10.062199251155391,23440.000174966528
2023-02-06,23480.0,10.063904286065217,23480.000284652364
2023-02-07,23600.0,10.069001971283402,23599.999534364943
2023-02-08,23590.0,10.068578169368916,23589.99992845613
2023-02-09,23560.0,10.067305643070995,23560.000124996917
2023-02-10,23565.0,10.067517843145804,23565.000089263587
2023-02-13,23595.0,10.068790100371414,23594.999910596805
2023-02-14,23600.0,10.069001992527038,23600.00003571475
2023-02-15,23615.0,10.069637389881853,23615.000178331877
2023-02-16,23680.0,10.072386098739292,23680.000230675174
2023-02-17,23810.0,10.077860907138072,23809.999229917088
2023-02-20,23725.0,10.07428463324389,23725.000231692684
2023-02-21,23705.0,10.073441289637614,23705.000339014583
2023-02-22,23780.0,10.076600164212444,23779.999856551214
2023-02-23,23815.0,10.078070902724038,23814.999749682378
2023-02-24,23780.0,10.076600179254847,23780.000214259555
2023-02-27,23805.0,10.077650908103559,23804.99967803594
2023-02-28,23740.0,10.074916673415592,23740.000124680882
2023-03-01,23710.0,10.07365218207051,23710.000071392224
2023-03-02,23700.0,10.073230330138038,23700.000071451133
2023-03-03,23710.0,10.07365216849799,23709.999749587754
2023-03-06,23650.0,10.071118401462918,23650.00017838815
2023-03-07,23640.0,10.070695483596579,23640.000285489503
2023-03-08,23710.0,10.073652163970003,23709.999642229184
2023-03-09,23680.0,10.07238609050272,23680.00003563314
2023-03-10,23660.0,10.071541126933223,23659.999749223996
2023-03-13,23570.0,10.067730009548644,23570.000320987267
2023-03-14,23570.0,10.067729995172117,23569.999982132533
2023-03-15,23565.0,10.067517839357675,23564.99999999633
2023-03-16,23560.0,10.067305640040162,23560.000053590502
2023-03-17,23570.0,10.067729994413808,23569.99996425919
2023-03-20,23570.0,10.067729995930138,23569.99999999909
2023-03-21,23570.0,10.067729986822272,23569.99978532668
2023-03-22,23510.0,10.06518114760089,23510.000142629888
2023-03-23,23490.0,10.064330083735246,23490.00014287294
2023-03-24,23510.0,10.065181136972745,23509.99989276219
2023-03-27,23500.0,10.064755698610057,23499.999964228453
2023-03-28,23480.0,10.063904276984458,23480.000071436134
2023-03-29,23480.0,10.063904272419848,23479.999964259092
2023-03-30,23470.0,10.063478287320947,23469.99996422886
2023-03-31,23450.0,10.062625779967057,23450.000142872206
2023-04-03,23470.0,10.063478284275932,23469.99989276236
2023-04-04,23460.0,10.06305212449178,23460.00005358998
2023-04-05,23465.0,10.063265225334417,23464.999932089926
2023-04-06,23451.0,10.062668417649409,23451.000017845476
2023-04-07,23442.0,10.062284565349886,23442.000025006997
2023-04-10,23440.0,10.062199244757979,23440.00002501118
2023-04-11,23445.0,10.062412530304272,23444.999971410816
2023-04-12,23442.0,10.062284564435512,23442.000003572233
2023-04-13,23440.0,10.062199243995854,23440.00000714698
2023-04-14,23440.0,10.062199250544444,23440.000160645915
2023-04-17,23485.0,10.064117194649395,23484.99991048221
2023-04-18,23505.0,10.064968441328444,23504.999949939367
2023-04-19,23511.0,10.065223671311557,23510.99989633019
2023-04-20,23488.0,10.064244934455187,23488.000071425722
2023-04-21,23485.0,10.064117200286649,23485.000042873125
2023-04-24,23494.0,10.06450034381928,23493.99989276042
2023-04-25,23473.0,10.063606105406244,23473.00004641449
2023-04-26,23465.0,10.063265226399626,23464.999957085038
2023-04-27,23445.0,10.062412535332642,23445.000089300967
2023-04-28,23450.0,10.062625773112451,23449.999982131703
2023-05-01,23450.0,10.062625773874421,23449.999999999898
2023-05-02,23450.0,10.062625773874421,23449.999999999898
2023-05-03,23450.0,10.062625773112437,23449.99998213137
2023-05-04,23445.0,10.062412531523526,23444.999999996227
2023-05-05,23440.0,10.062199244910417,23440.00002858433
2023-05-08,23443.0,10.062327223982523,23443.000050004037
2023-05-09,23460.0,10.063052120378655,23459.999957096094
2023-05-10,23465.0,10.063265227467003,23464.99998213105
2023-05-11,23465.0,10.063265225943539,23464.999946382963
2023-05-12,23450.0,10.062625777378239,23450.000082164424
2023-05-15,23458.0,10.062966864643782,23457.99994281717
2023-05-16,23450.0,10.062625775093258,23450.000028581617
2023-05-17,23450.0,10.062625773874435,23450.000000000233
2023-05-18,23450.0,10.062625775397896,23450.00003572538
2023-05-19,23460.0,10.063052117331482,23459.99988560941
2023-05-22,23438.0,10.062113924046415,23438.000192844745
2023-05-23,23470.0,10.063478283969728,23469.999885575733
2023-05-24,23470.0,10.063478288845054,23469.999999999654
2023-05-25,23470.0,10.063478289606236,23470.00001786458
2023-05-26,23475.0,10.06369130179279,23474.999946390766
2023-05-29,23465.0,10.063265232034547,23465.00008930848
2023-05-30,23480.0,10.063904272419368,23479.99996424783
2023-05-31,23485.0,10.064117197700233,23484.999982131136
2023-06-01,23485.0,10.064117196939243,23484.999964259296
2023-06-02,23475.0,10.063691308641392,23475.00010716169
2023-06-05,23495.0,10.064542906972637,23494.99989276226
2023-06-06,23485.0,10.0641171999823,23485.000035725498
2023-06-07,23485.0,10.064117199221778,23485.000017864633
2023-06-08,23490.0,10.064330073848556,23489.99991063458
2023-06-09,23470.0,10.063478293410979,23470.000107161904
2023-06-12,23480.0,10.063904274701923,23480.000017842212
2023-06-13,23495.0,10.064542910015227,23494.999964247916
2023-06-14,23500.0,10.064755703171269,23500.00007141693
2023-06-15,23525.0,10.06581895989463,23524.999892750686
2023-06-16,23520.0,10.065606402772106,23520.00001786445
2023-06-19,23520.0,10.065606402012559,23519.9999999999
2023-06-20,23520.0,10.065606399732934,23519.999946383112
2023-06-21,23505.0,10.064968447257785,23505.000089308516
2023-06-22,23515.0,10.065393792859245,23514.999964259478
2023-06-23,23515.0,10.065393796657803,23515.000053582567
2023-06-26,23530.0,10.066031477923811,23529.999910642546
2023-06-27,23520.0,10.065606408845014,23520.000160699234
2023-06-28,23555.0,10.06709338794384,23554.99992485246
2023-06-29,23569.0,10.067687567002798,23568.999971396897
2023-06-30,23575.0,10.0679421247347,23575.000406268948
2023-07-03,23695.0,10.073019317013056,23694.999587976356
2023-07-04,23700.0,10.073230333147562,23700.000142776837
2023-07-05,23745.0,10.075127248933862,23744.999713887948
2023-07-06,23710.0,10.073652173009235,23709.999856549366
2023-07-07,23635.0,10.070483955304388,23635.000285441107
2023-07-10,23640.0,10.070695478314018,23640.00016060978
2023-07-11,23690.0,10.072808285075034,23689.999713876987
2023-07-12,23660.0,10.071541142815372,23660.00012499564
2023-07-13,23665.0,10.071752436296519,23664.999856972776
2023-07-14,23630.0,10.070272375469738,23630.00012497398
2023-07-17,23630.0,10.07027237093699,23630.000017865153
2023-07-18,23635.0,10.070483941715304,23634.999964263112
2023-07-19,23630.0,10.070272373506791,23630.00007858954
2023-07-20,23647.0,10.070991534769593,23646.999971385576
2023-07-21,23656.0,10.071372061531783,23655.99999998745
2023-07-24,23665.0,10.07175243947084,23664.99993209309
2023-07-25,23655.0,10.071329791085805,23655.00007145127
2023-07-26,23665.0,10.071752440226048,23664.999949965073
2023-07-27,23661.0,10.071583406292817,23661.00010000833
2023-07-28,23685.0,10.072597210980742,23684.99989632815
2023-07-31,23680.0,10.07238608975238,23680.00001786508
2023-08-01,23680.0,10.072386097287865,23680.00019630537
2023-08-02,23735.0,10.074706024953041,23734.99985682153
2023-08-03,23750.0,10.075337803441824,23749.99985700213
2023-08-04,23725.0,10.074284626488353,23725.00007141758
2023-08-07,23720.0,10.074073855370974,23720.000053590895
2023-08-08,23730.0,10.074495348676503,23729.999982124053
2023-08-09,23735.0,10.07470603098526,23734.99999999623
2023-08-10,23740.0,10.074916668915892,23740.000017858
2023-08-11,23750.0,10.075337817724266,23750.000196210127
2023-08-14,23815.0,10.07807092590487,23815.00030173388
2023-08-15,23965.0,10.084349684681458,23964.999355047366
2023-08-16,23935.0,10.083097093589998,23934.999802856717
2023-08-17,23850.0,10.0795395022805,23850.00014224171
2023-08-18,23805.0,10.077650928377226,23805.000160650587
2023-08-21,23805.0,10.077650938849573,23805.000409944798
2023-08-22,23920.0,10.082470200540643,23919.999820027704
2023-08-23,23985.0,10.085183905728664,23984.999803143113
2023-08-24,23995.0,10.085600757118895,23995.000067823046
2023-08-25,24024.0,10.086808613666893,24024.00009618553
2023-08-28,24080.0,10.089136905911635,24080.000156252183
2023-08-29,24180.0,10.093281099000427,24179.999391429137
2023-08-30,24110.0,10.090381974116625,24110.00007091734
2023-08-31,24060.0,10.088305996946872,24060.00017848194
2023-09-01,24060.0,10.088305989528692,24060.00000000053
2023-09-04,24060.0,10.08830598804319,24059.999964259365
2023-09-05,24050.0,10.087890277762211,24050.000053590713
2023-09-06,24055.0,10.088098154133403,24054.999999996377
2023-09-07,24060.0,10.08830598804335,24059.99996426321
2023-09-08,24055.0,10.088098157845959,24055.0000893019
2023-09-11,24075.0,10.088929237405322,24075.000017791328
2023-09-12,24100.0,10.089967123915683,24100.000106930165
2023-09-13,24155.0,10.092246678445651,24155.000035197314
2023-09-14,24220.0,10.094934011927718,24219.999874555768
2023-09-15,24250.0,10.096171909581088,24250.000320474872
2023-09-18,24370.0,10.101108128980341,24369.999570139746
2023-09-19,24370.0,10.101108131926226,24369.999641930972
2023-09-20,24270.0,10.096996319298102,24270.000499414826
2023-09-21,24310.0,10.09864306876774,24310.00003543357
2023-09-22,24360.0,10.100697717414418,24359.999892586642
2023-09-25,24380.0,10.101518400102675,24379.999928503516
2023-09-26,24380.0,10.101518403768017,24380.00001786455
2023-09-27,24385.0,10.101723467411333,24384.999982130175
2023-09-28,24385.0,10.101723452724473,24384.9996239911
2023-09-29,24280.0,10.097408269412577,24280.000588526393
2023-10-02,24340.0,10.099876364322487,24339.99994598878
2023-10-03,24385.0,10.10172346666895,24384.999964027185
2023-10-04,24420.0,10.103157736681593,24419.999731792646
2023-10-05,24380.0,10.101518405960602,24380.000071319788
2023-10-06,24360.0,10.100697726223009,24360.000107163924
2023-10-09,24370.0,10.101108148084066,24370.000035697518
2023-10-10,24390.0,10.101928495596496,24390.000106987474
2023-10-11,24440.0,10.10397640523651,24439.999803281924
2023-10-12,24435.0,10.103771811166471,24435.00003572924
2023-10-13,24440.0,10.103976415477401,24440.000053569293
2023-10-16,24460.0,10.1047944106982,24460.000035639136
2023-10-17,24490.0,10.106020155037791,24490.000124692746
2023-10-18,24555.0,10.108670768274056,24554.99974955646
2023-10-19,24550.0,10.108467129581097,24549.99991059947
2023-10-20,24520.0,10.10724440460604,24520.0003569105
2023-10-23,24590.0,10.110095119206226,24589.999606461355
2023-10-24,24550.0,10.108467140495264,24550.000178542276
2023-10-25,24560.0,10.108874385168004,24560.00007139409
2023-10-26,24590.0,10.11009512794057,24589.999821238845
2023-10-27,24570.0,10.109281466677078,24570.000028546747
2023-10-30,24558.0,10.108792947757122,24558.00005001639
2023-10-31,24560.0,10.108874385605572,24560.000082140767
2023-11-01,24585.0,10.109891774029663,24584.99985700437
2023-11-02,24570.0,10.10928146041683,24569.99987473242
2023-11-03,24520.0,10.107244370266795,24519.99951491219
2023-11-06,24335.0,10.099670945657236,24335.000569187898
2023-11-07,24310.0,10.09864307979165,24310.000303424797
2023-11-08,24370.0,10.10110813340916,24369.999678070046
2023-11-09,24340.0,10.099876367270971,24340.000017754883
2023-11-10,24315.0,10.098848736489316,24315.00033193452
2023-11-13,24383.0,10.101641433061634,24382.999656563054
2023-11-14,24355.0,10.100492440796915,24354.99986741799
2023-11-15,24290.0,10.09782003125143,24290.000224809104
2023-11-16,24288.0,10.097737674894523,24287.999871253352
2023-11-17,24250.0,10.096171890152881,24249.99984934086
2023-11-20,24170.0,10.092867479586818,24170.00014234413
2023-11-21,24130.0,10.091211175626963,24130.000410400287
2023-11-22,24205.0,10.094314496447799,24204.999856561277
2023-11-23,24240.0,10.095759437967033,24239.99994627887
2023-11-24,24260.0,10.096584175129424,24259.999821237347
2023-11-27,24230.0,10.095346818232102,24230.00010713368
2023-11-28,24230.0,10.095346818232107,24230.00010713381
2023-11-29,24260.0,10.096584176603304,24259.999856993687
2023-11-30,24250.0,10.09617190372812,24250.0001785404
2023-12-01,24290.0,10.097820010217646,24289.99971389848
2023-12-04,24250.0,10.096171904611788,24250.000199969352
2023-12-05,24266.0,10.096831471432816,24265.999971390334
2023-12-06,24274.0,10.097161096635618,24273.99997498107
2023-12-07,24275.0,10.097202284907038,24274.999799670855
2023-12-08,24220.0,10.094934029635732,24220.000303443885
2023-12-11,24250.0,10.096171893415553,24249.999928460653
2023-12-12,24260.0,10.096584183822246,24260.00003212522
2023-12-13,24279.0,10.097367050358793,24278.99981050195
2023-12-14,24245.0,10.09596569675712,24245.000174992325
2023-12-15,24260.0,10.096584193519822,24260.000267388416
2023-12-18,24350.0,10.100287115278878,24349.99967780426
2023-12-19,24350.0,10.100287126308773,24349.999946382206
2023-12-20,24335.0,10.099670922266153,24334.999999965887
2023-12-21,24320.0,10.099054325772482,24319.999749318642
2023-12-22,24235.0,10.095553160053127,24235.000285334423
2023-12-25,24230.0,10.095346828530696,24230.000356668614
2023-12-26,24325.0,10.099259896008165,24324.99973130507
2023-12-27,24345.0,10.100081749497736,24344.999534546365
2023-12-28,24235.0,10.095553168145937,24235.000481463678
2023-12-29,24260.0,10.09658417881391,24259.999910622966
2024-01-01,24260.0,10.096584192059295,24260.00023195601
2024-01-02,24325.0,10.099259904097325,24324.999928073874
2024-01-03,24370.0,10.101108138548273,24369.999803310253
2024-01-04,24360.0,10.100697724756952,24360.000071450762
2024-01-05,24370.0,10.101108139282745,24369.999821209334
2024-01-08,24330.0,10.099465446050894,24330.000249950026
2024-01-09,24360.0,10.100697724015413,24360.000053386888
2024-01-10,24405.0,10.102543311960934,24405.000088826546
2024-01-11,24475.0,10.105407459353412,24474.999803091298
2024-01-12,24490.0,10.10602014483749,24489.999874887373
2024-01-15,24470.0,10.105203163734295,24470.000178571725
2024-01-16,24500.0,10.106428396527479,24499.999999869175
2024-01-17,24530.0,10.107652135064098,24529.99994631765
2024-01-18,24545.0,10.108263443579746,24544.99992851498
2024-01-19,24540.0,10.10805972044872,24540.000053590888
2024-01-22,24550.0,10.108467133949489,24550.000017843486
2024-01-23,24565.0,10.109077947507739,24565.00007136109
2024-01-24,24600.0,10.110501717559027,24599.99989270888
2024-01-25,24605.0,10.110704951121244,24604.999946389777
2024-01-26,24595.0,10.110298441225797,24594.999803150407
2024-01-29,24530.0,10.107652126988691,24529.999748227918
2024-01-30,24395.0,10.102133494898322,24395.000552507336
2024-01-31,24415.0,10.102952971371396,24414.999874888636
2024-02-01,24400.0,10.102338403945529,24399.999821007354
2024-02-02,24335.0,10.099670936935043,24335.00035693333
2024-02-05,24370.0,10.101108139283536,24369.999821228597
2024-02-06,24355.0,10.100492455036964,24355.00021423439
2024-02-07,24400.0,10.10233840468506,24399.999839051914
2024-02-08,24400.0,10.102338411281268,24399.99999999939
2024-02-09,24400.0,10.102338411281291,24399.999999999953
2024-02-12,24400.0,10.102338411281291,24399.999999999953
2024-02-13,24400.0,10.102338411281318,24400.000000000604
2024-02-14,24400.0,10.102338418596224,24400.00017848431
2024-02-15,24450.0,10.104385496346291,24450.00003528802
2024-02-16,24510.0,10.10683647067859,24509.99985677416
2024-02-19,24530.0,10.107652133609449,24529.99991063509
2024-02-20,24525.0,10.107448285162022,24525.00001786543
2024-02-21,24525.0,10.107448293891654,24525.00023195966
2024-02-22,24590.0,10.11009513156012,24589.9999102436
2024-02-23,24630.0,10.111720489656362,24629.999964083996
2024-02-26,24660.0,10.112937767293316,24659.999767579015
2024-02-27,24625.0,10.111517470389899,24625.00010710912
2024-02-28,24620.0,10.111314403365691,24620.000089302815
2024-02-29,24640.0,10.112126414745871,24639.999928504953
2024-03-01,24640.0,10.112126422864415,24640.00012854588
2024-03-04,24676.0,10.113586387139318,24675.99992127834
2024-03-05,24690.0,10.114153576692425,24689.999860580512
2024-03-06,24665.0,10.113140519460295,24665.000142870933
2024-03-07,24680.0,10.113748470050725,24679.99980333497
2024-03-08,24640.0,10.112126422718427,24640.000124948732
2024-03-11,24635.0,10.111923477153496,24635.000053591786
2024-03-12,24645.0,10.11232932203639,24645.000071394377
2024-03-13,24675.0,10.11354586212615,24674.999946318745
2024-03-14,24690.0,10.11415358306102,24690.00001782111
2024-03-15,24710.0,10.114963296812258,24709.999946369466
2024-03-18,24715.0,10.115165628630795,24715.000071419803
2024-03-19,24740.0,10.116176647385437,24740.000035599827
2024-03-20,24775.0,10.117590355588527,24774.99991057064
2024-03-21,24785.0,10.117993906560837,24784.99990349125
2024-03-22,24768.0,10.117307774799347,24767.99996061623
2024-03-25,24740.0,10.11617665431883,24740.000207131958
2024-03-26,24770.0,10.11738852031624,24769.999946319316
2024-03-27,24785.0,10.117993909012212,24784.99996424856
2024-03-28,24790.0,10.118195627190143,24790.000053568892
2024-03-29,24810.0,10.119002071643115,24809.999874889818
2024-04-01,24795.0,10.118397316184456,24795.000427992003
2024-04-02,24900.0,10.122623081674638,24899.999980623783
2024-04-03,25000.0,10.126631080225563,24999.99940938063
2024-04-04,24935.0,10.124027729431871,24935.000285546852
2024-04-05,24950.0,10.12462910046266,24949.999982110712
2024-04-08,24960.0,10.125029818903364,24959.999910643208
2024-04-09,24945.0,10.124428681010464,24945.000017843813
2024-04-10,24935.0,10.124027725855965,24935.00019638164
2024-04-11,24980.0,10.125830782239872,24979.999964036368
2024-04-12,25015.0,10.127230942411604,25015.000462509804
2024-04-15,25180.0,10.133805298268983,25179.99976508685
2024-04-16,25280.0,10.13776885101955,25280.00006974134
2024-04-17,25400.0,10.142504436084726,25399.9995701837
2024-04-18,25400.0,10.142504458629437,25400.000142819357
2024-04-19,25440.0,10.144078013937483,25439.99991053831
2024-04-22,25455.0,10.14466746212381,25454.999892767584
2024-04-23,25440.0,10.144078014640797,25439.99992843064
2024-04-24,25405.0,10.142701281202964,25404.999928234214
2024-04-25,25350.0,10.140534013943427,25350.000124825867
2024-04-26,25330.0,10.139744745816055,25330.00007143905
2024-04-29,25330.0,10.139744742995731,25330.000000000255
2024-04-30,25330.0,10.13974474299575,25330.00000000075
2024-05-01,25330.0,10.139744751449976,25330.00021414629
2024-05-02,25390.0,10.142110667651558,25389.999821072448
2024-05-03,25400.0,10.142504447376552,25399.99985699608
2024-05-06,25370.0,10.141322661039258,25370.00021427325
2024-05-07,25400.0,10.142504452299017,25399.99998202667
2024-05-08,25425.0,10.143488219508962,25424.999964206712
2024-05-09,25440.0,10.144078016750845,25439.99998211024
2024-05-10,25450.0,10.144471020995516,25449.999974978757
2024-05-13,25453.0,10.144588892381723,25452.999978558593
2024-05-14,25450.0,10.144471021697752,25449.999992850673
2024-05-15,25445.0,10.144274537758431,25444.999967824744
2024-05-16,25431.0,10.143724185631012,25431.000110739198
2024-05-17,25448.0,10.14439243160273,25447.999953525596
2024-05-20,25452.0,10.144549605054385,25452.000017859722
2024-05-21,25461.0,10.144903147795468,25460.99997855372
2024-05-22,25464.0,10.145020969242486,25464.00000714411
2024-05-23,25469.0,10.145217304063184,25468.999967836902
2024-05-24,25465.0,10.145060237072387,25464.999942797524
2024-05-27,25445.0,10.144274542251775,25445.00008215789
2024-05-28,25448.0,10.144392433288537,25447.999996426013
2024-05-29,25450.0,10.144471021697838,25449.999992852845
2024-05-30,25450.0,10.144471020574327,25449.99996425951
2024-05-31,25440.0,10.144078017734516,25440.00000713485
2024-06-03,25432.0,10.14376350062206,25431.99994993509
2024-06-04,25410.0,10.142898080109731,25410.000096444197
2024-06-05,25415.0,10.143094829880868,25414.999999996562
2024-06-06,25420.0,10.143291541227986,25419.999910637045
2024-06-07,25400.0,10.142504457928784,25400.00012502275
2024-06-10,25415.0,10.143094830582282,25415.000017823
2024-06-11,25435.0,10.14388145444598,25434.999928505127
2024-06-12,25435.0,10.143881457256864,25434.99999999996
2024-06-13,25435.0,10.143881459363573,25435.000053584117
2024-06-14,25450.0,10.144471019871956,25449.999946384156
2024-06-17,25450.0,10.144471021276564,25449.99998213143
2024-06-18,25445.0,10.144274540427128,25445.000035729747
2024-06-19,25450.0,10.144471021276571,25449.99998213161
2024-06-20,25450.0,10.144471021978667,25449.999999999956
2024-06-21,25450.0,10.144471022680627,25450.000017864822
2024-06-24,25455.0,10.14466746563448,25454.99998213171
2024-06-25,25455.0,10.144667467739936,25455.000035726076
2024-06-26,25465.0,10.145060236511686,25464.999928519257
2024-06-27,25455.0,10.144667466335882,25454.99999998589
2024-06-28,25445.0,10.144274541129093,25445.000053591237
2024-07-01,25450.0,10.144471021276575,25449.9999821317
2024-07-02,25450.0,10.144471021978665,25449.999999999913
2024-07-03,25450.0,10.144471021978648,25449.99999999946
2024-07-04,25450.0,10.14447101663926,25449.999864112047
2024-07-05,25412.0,10.142976788147653,25412.000146404353
2024-07-08,25415.0,10.143094829177993,25414.999982133013
2024-07-09,25413.0,10.143016133662082,25413.000014292807
2024-07-10,25415.0,10.143094830724406,25415.000021435095
2024-07-11,25423.0,10.14340955213683,25422.99992494304
2024-07-12,25410.0,10.142898071103623,25409.999867598995
2024-07-15,25360.0,10.140928417702344,25360.00023207398
2024-07-16,25375.0,10.14151970577192,25374.99973173122
2024-07-17,25315.0,10.139152392157417,25315.00019627751
2024-07-18,25310.0,10.13895485495089,25310.000035730653
2024-07-19,25315.0,10.139152385109453,25315.0000178583
2024-07-22,25325.0,10.139547331936072,25325.000071395927
2024-07-23,25355.0,10.140731223293892,25354.99987486732
2024-07-24,25350.0,10.140534000549904,25349.999785300068
2024-07-25,25285.0,10.137966624807424,25285.00028555212
2024-07-26,25300.0,10.13855966906374,25299.999857007657
2024-07-29,25275.0,10.137571047421346,25275.00008928834
2024-07-30,25275.0,10.137571038229076,25274.999856953713
2024-07-31,25235.0,10.135987201600791,25235.000071324925
2024-08-01,25215.0,10.135194335926522,25215.000035696794
2024-08-02,25205.0,10.134797650168775,25204.99958794976
2024-08-05,25080.0,10.12982601962906,25080.000624045675
2024-08-06,25130.0,10.131817626973998,25129.999910445727
2024-08-07,25155.0,10.132811956530118,25154.999839126194
2024-08-08,25135.0,10.132016572565679,25134.999910494338
2024-08-09,25090.0,10.130224650033716,25090.00026779179
2024-08-12,25120.0,10.131419615600725,25119.999874866986
2024-08-13,25115.0,10.13122054335336,25114.999677754822
2024-08-14,25020.0,10.127430799704653,25020.00039240745
2024-08-15,25035.0,10.128030124762763,25034.99999996789
2024-08-16,25050.0,10.128629091511197,25049.999624204564
2024-08-19,24960.0,10.125029828896675,24960.00016007625
2024-08-20,24915.0,10.123225319314344,24915.000214240066
2024-08-21,24930.0,10.123827178664415,24930.000053520012
2024-08-22,24960.0,10.125029818901593,24959.999910599003
2024-08-23,24965.0,10.12523010715822,24964.999606139943
2024-08-26,24860.0,10.121015374371279,24860.000231361497
2024-08-27,24820.0,10.119405069548204,24820.00026779802
2024-08-28,24855.0,10.12081421564925,24854.99992842947
2024-08-29,24870.0,10.121417533204486,24869.99991064298
2024-08-30,24860.0,10.121015366501785,24860.000035725887
2024-09-02,24860.0,10.121015365064704,24860.00000000004
2024-09-03,24860.0,10.12101536391455,24859.99997140722
2024-09-04,24852.0,10.12069349474872,24851.99959156074
2024-09-05,24730.0,10.115772359266675,24729.999969117496
2024-09-06,24600.0,10.110501752355953,24600.00074871328
2024-09-09,24680.0,10.113748463520707,24679.99964217414
2024-09-10,24660.0,10.112937763640133,24659.999677491534
2024-09-11,24550.0,10.108467152834706,24550.000481475567
2024-09-12,24575.0,10.109484934829224,24574.999749675528
2024-09-13,24530.0,10.107652143801793,24530.00016065331
2024-09-16,24530.0,10.107652150339016,24530.000321011375
2024-09-17,24620.0,10.111314383747994,24619.9996063151
2024-09-18,24600.0,10.110501719736758,24599.999946281085
2024-09-19,24565.0,10.109077953325151,24565.000214265823
2024-09-20,24590.0,10.110095135206553,24589.999999909378
2024-09-23,24615.0,10.111111284930159,24614.99982124237
2024-09-24,24590.0,10.11009513738785,24590.00005354747
2024-09-25,24580.0,10.10968838965801,24580.000160703632
2024-09-26,24615.0,10.111111283476705,24614.999785465596
2024-09-27,24590.0,10.110095133751612,24589.999964132377
2024-09-30,24555.0,10.108670789379284,24555.000267795327
2024-10-01,24595.0,10.110298451685068,24595.00006039617
2024-10-02,24652.0,10.112613317265419,24652.000127778345
2024-10-03,24745.0,10.116378715374706,24744.99970278087
2024-10-04,24755.0,10.116782778600246,24755.000267470914
2024-10-07,24840.0,10.120210523079527,24839.99967787765
2024-10-08,24835.0,10.120009227541262,24834.999999995307
2024-10-09,24830.0,10.119807879221687,24830.000017864564
2024-10-10,24830.0,10.119807874902627,24829.999910622286
2024-10-11,24805.0,10.118800533373232,24805.000214267646
2024-10-14,24840.0,10.120210543215718,24840.000178060644
2024-10-15,24925.0,10.123626589068957,24924.99985640503
2024-10-16,24970.0,10.125430406754587,24970.00058631479
2024-10-17,25180.0,10.133805273412152,25179.999139191852
2024-10-18,25150.0,10.132613198917301,25150.000588243824
2024-10-21,25285.0,10.137966609192604,25284.999890731404
2024-10-22,25390.0,10.142110661297655,25389.99965974687
2024-10-23,25400.0,10.142504449488605,25399.999910642222
2024-10-24,25385.0,10.141913725266884,25384.999946320597
2024-10-25,25355.0,10.140731231044963,25355.00007139572
2024-10-28,25345.0,10.140336745259717,25344.99985688355
2024-10-29,25295.0,10.138362031662751,25295.000124874205
2024-10-30,25280.0,10.137768848966667,25280.00001784448
2024-10-31,25270.0,10.137373203209822,25270.00007145301
2024-11-01,25280.0,10.137768851085015,25280.00007139632
2024-11-04,25310.0,10.138954852123733,25309.999964175306
2024-11-05,25330.0,10.13974474581155,25330.000071324943
2024-11-06,25370.0,10.1413226441368,25369.999785457887
2024-11-07,25350.0,10.14053399912847,25349.999749266724
2024-11-08,25260.0,10.13697741567956,25260.00049951847
2024-11-11,25310.0,10.138954850706071,25309.99992829427
2024-11-12,25340.0,10.140139448231738,25339.999856996434
2024-11-13,25330.0,10.139744752860382,25330.000249871875
2024-11-14,25390.0,10.142110664836837,25389.999749606683
2024-11-15,25380.0,10.141716746194094,25380.00012501465
2024-11-18,25405.0,10.14270127910293,25404.999874882855
2024-11-19,25395.0,10.142307587455244,25395.00010716433
2024-11-20,25415.0,10.14309482706792,25414.999928505487
2024-11-21,25415.0,10.143094830162179,25415.00000714608
2024-11-22,25417.0,10.143173519204206,25416.99996783623
2024-11-25,25410.0,10.14289807659524,25410.00000714096
2024-11-26,25405.0,10.1427012805089,25404.999910601535
2024-11-27,25375.0,10.141519718171457,25375.00004636948
2024-11-28,25358.0,10.140849541509322,25358.00001068659
2024-11-29,25344.0,10.14029730081482,25344.000157149734
2024-12-02,25374.0,10.141480305429393,25373.999967745836
2024-12-03,25395.0,10.142307580982667,25394.999942793234
2024-12-04,25400.0,10.142504449488383,25399.999910636583
2024-12-05,25380.0,10.141716743379094,25380.000053569955
2024-12-06,25375.0,10.141519716343955,25374.999999996624
2024-12-09,25370.0,10.14132265188875,25369.999982124864
2024-12-10,25360.0,10.140928412776907,25360.000107164877
2024-12-11,25380.0,10.141716740421977,25379.99997851832
2024-12-12,25394.0,10.142268203503352,25393.9999713966
2024-12-13,25400.0,10.142504450051595,25399.99992494216
2024-12-16,25385.0,10.141913735821188,25385.00021424161
2024-12-17,25430.0,10.143684854194463,25429.999892642114
2024-12-18,25445.0,10.144274537617882,25444.999964248476
2024-12-19,25450.0,10.14447102057446,25449.9999642629
2024-12-20,25445.0,10.144274539022785,25444.99999999623
2024-12-23,25440.0,10.144078016048757,25439.999964249142
2024-12-24,25425.0,10.143488222321514,25425.000035715846
2024-12-25,25420.0,10.143291546149038,25420.000035730187
2024-12-26,25425.0,10.143488223023763,25425.000053570526
2024-12-27,25445.0,10.144274540563945,25445.00003921105
2024-12-30,25476.0,10.145492107701466,25475.99990345131
2024-12-31,25480.0,10.145649109125063,25479.999985704795
2025-01-01,25480.0,10.14564910547638,25479.99989273635
2025-01-02,25450.0,10.14447101916115,25449.999928294154
2025-01-03,25400.0,10.142504455810874,25400.000071227852
2025-01-06,25370.0,10.141322655407555,25370.000071396942
2025-01-07,25360.0,10.140928411368707,25360.00007145293
2025-01-08,25370.0,10.141322651888736,25369.999982124504
2025-01-09,25375.0,10.14151971352699,25374.999928516107
2025-01-10,25360.0,10.140928414888716,25360.000160720363
2025-01-13,25390.0,10.14211066906645,25389.999856996583
2025-01-14,25380.0,10.141716741971981,25380.000017857437
2025-01-15,25375.0,10.141519716343927,25374.999999995904
2025-01-16,25370.0,10.141322645542422,25369.999821118523
2025-01-17,25315.0,10.139152392159065,25315.000196319237
2025-01-20,25315.0,10.139152376631984,25314.99980325116
2025-01-21,25260.0,10.136977373845266,25259.999442784203
2025-01-22,25050.0,10.128629140621081,25050.000854407175
2025-01-23,25080.0,10.129825987619409,25079.9998212436
2025-01-24,25060.0,10.129028231300726,25060.00007143771
2025-01-27,25060.0,10.129028228450071,25060.0000000003
2025-01-28,25060.0,10.12902822845006,25060.000000000033
2025-01-29,25060.0,10.12902822845006,25060.000000000033
2025-01-30,25060.0,10.129028228450172,25060.000000002838
2025-01-31,25060.0,10.129028259683105,25060.000782700143
2025-02-03,25280.0,10.137768800025295,25279.998780606627
2025-02-04,25160.0,10.133010725685713,25160.000374162817
2025-02-05,25145.0,10.132414367042406,25145.000463581797
2025-02-06,25260.0,10.136977383840609,25259.999695266568
2025-02-07,25290.0,10.138164348116584,25290.00021376558
2025-02-10,25380.0,10.141716749631277,25380.000212250354
2025-02-11,25530.0,10.147609491976851,25529.99953385595
2025-02-12,25550.0,10.148392577416114,25549.999534587947
2025-02-13,25440.0,10.14407802302568,25440.00014174204
2025-02-14,25370.0,10.141322676496392,25370.000606420752
2025-02-17,25470.0,10.145256558122766,25469.999749101728
2025-02-18,25500.0,10.146433729041409,25499.999946319724
2025-02-19,25515.0,10.147021789295382,25514.99989276836
2025-02-20,25500.0,10.14643373464886,25500.00008930971
2025-02-21,25510.0,10.146825803846834,25509.999814057028
2025-02-24,25468.0,10.145178054313446,25468.000335579865
2025-02-25,25520.0,10.14721773226993,25519.999867581908
2025-02-26,25535.0,10.147805334882335,25534.99989276809
2025-02-27,25520.0,10.147217740958368,25520.00008931086
2025-02-28,25530.0,10.147609515128506,25530.000124917693
2025-03-03,25575.0,10.149370579633343,25574.999713905676
2025-03-04,25540.0,10.148001127477631,25539.999946138712
2025-03-05,25490.0,10.146041503671588,25490.000160623378
2025-03-06,25485.0,10.145845322774054,25484.99999999776
2025-03-07,25480.0,10.145649116692457,25480.00017852199
2025-03-10,25525.0,10.147413626212659,25524.999570664208
2025-03-11,25450.0,10.14447103179152,25450.000249737062
2025-03-12,25445.0,10.144274546038995,25445.00017852369
2025-03-13,25490.0,10.146041492457824,25489.99987478453
2025-03-14,25500.0,10.146433731145946,25499.999999985415
2025-03-17,25510.0,10.146825809734832,25509.999964259845
2025-03-18,25510.0,10.14682581463603,25510.0000892894
2025-03-19,25535.0,10.1478053369807,25534.999946349817
2025-03-20,25545.0,10.148196885956763,25545.000107081174
2025-03-21,25585.0,10.14976152053314,25584.999981935653
2025-03-24,25620.0,10.151128567775174,25619.999803352388
2025-03-25,25600.0,10.15034762697144,25599.99991049693
2025-03-26,25555.0,10.14858827818823,25555.000178523398
2025-03-27,25560.0,10.148783906394135,25559.999946392083
2025-03-28,25550.0,10.148392599127394,25550.000089311143
2025-03-31,25565.0,10.148979513096192,25565.00014270619
2025-04-01,25620.0,10.151128564980912,25619.99973176338
2025-04-02,25600.0,10.150347659681055,25600.000747863072
2025-04-03,25790.0,10.15774207106672,25789.999282814384
2025-04-04,25780.0,10.157354277879007,25780.000035726654
2025-04-07,25780.0,10.157354306170424,25780.0007650794
2025-04-08,25995.0,10.165659456326033,25994.999103386104
2025-04-09,25960.0,10.164312145220839,25959.999335497017
2025-04-10,25740.0,10.15580150808939,25740.000693416867
2025-04-11,25715.0,10.154829776795903,25715.0004779618
2025-04-14,25824.0,10.159059551247438,25823.99948811055
2025-04-15,25790.0,10.157742109121,25790.00026423425
2025-04-16,25830.0,10.159291881520298,25829.999881967542
2025-04-17,25837.0,10.159562863266979,25837.000288900734
2025-04-18,25925.0,10.162963013497047,25924.999491852337
2025-04-21,25871.0,10.160877949656097,25871.00052804202
2025-04-22,25965.0,10.164504747444866,25964.99977063679
2025-04-23,25995.0,10.16565949136218,25995.000014150715
2025-04-24,26029.0,10.1669665743393,26028.999851623234
2025-04-25,26021.5,10.166678399878355,26021.50003930115
2025-04-26,26025.0,10.16681288956834,26024.999898116537
2025-04-28,26000.0,10.165851821124972,26000.000107155185
2025-04-29,26005.0,10.166044105520072,26004.999982131943
2025-04-30,26005.0,10.16604410620717,26004.999999999938
2025-05-01,26005.0,10.16604410620715,26004.999999999385
2025-05-02,26005.0,10.166044099674266,26004.99983011177
2025-05-05,25957.5,10.164215871536385,25957.500191015424
2025-05-06,25963.5,10.164446983571088,25963.4999749848
2025-05-07,25962.5,10.164408468459635,25962.50000714664
2025-05-08,25963.5,10.164446986460767,25963.500050010996
2025-05-09,25978.5,10.165024548741595,25978.49991958063
2025-05-12,25971.0,10.164735809608295,25970.999992842702
2025-05-13,25961.5,10.164369947319678,25961.499921312552
2025-05-14,25930.0,10.163155885281784,25930.000175003475
2025-05-15,25947.5,10.163830538846314,25947.49984449326
2025-05-16,25921.5,10.162828026326865,25921.50018572001
2025-05-19,25947.5,10.163830544354322,25947.499987412306
2025-05-20,25970.0,10.164697301972325,25969.99993028433
2025-05-21,25973.0,10.1648128159591,25973.00000178462
2025-05-22,25976.5,10.16494755855659,25976.4999070573
2025-05-23,25954.0,10.164081016675356,25953.99993195328
2025-05-26,25912.5,10.16248076315177,25912.500166040427
2025-05-27,25917.5,10.162673701738905,25917.500169542902
2025-05-28,25970.0,10.164697304985463,25970.00000853553
2025-05-29,26025.0,10.166812885442859,26024.99979075091
2025-05-30,26021.5,10.166678399878371,26021.50003930157
2025-06-02,26029.0,10.166966582577553,26029.000066056713
2025-06-03,26055.0,10.167964967750754,26055.000010615815
2025-06-04,26084.0,10.16907737433256,26083.99989095496
2025-06-05,26082.5,10.169019866640937,26082.499903463788
2025-06-06,26054.0,10.167926588586576,26054.000060681512
2025-06-09,26042.5,10.167485095317494,26042.499933823136
2025-06-10,26012.5,10.166332477223776,26012.500169650557
2025-06-11,26030.0,10.167004996614915,26029.999964242703
2025-06-12,26037.5,10.167293089682495,26037.500107099208
2025-06-13,26075.0,10.16873227287574,26074.99981765145
2025-06-16,26061.5,10.168214413092173,26061.500119666394
2025-06-17,26081.5,10.168981529721988,26081.499999945718
2025-06-18,26101.5,10.169748063810703,26101.500023150984
2025-06-19,26128.0,10.170762811652615,26127.999907046215
2025-06-20,26128.5,10.170781963327395,26128.500306794802
2025-06-23,26215.0,10.174087027057285,26214.99952945783
2025-06-24,26170.0,10.172368999614557,26170.000107044863
2025-06-25,26155.0,10.171795653068507,26154.999928434576
2025-06-26,26120.0,10.17045658475359,26120.000035607354
2025-06-27,26095.0,10.169499010989428,26095.00018036641
2025-06-30,26120.5,10.170475723436022,26120.499942776943
2025-07-01,26130.0,10.170839362681178,26130.000108871172
2025-07-02,26170.0,10.172368994152224,26169.999964095612
2025-07-03,26200.0,10.173514682926436,26199.9998212439
2025-07-04,26180.0,10.172751037412272,26179.999946288623
2025-07-07,26145.0,10.17141325003562,26145.000089243054
2025-07-08,26135.0,10.171030693060885,26135.000050018807
2025-07-09,26139.0,10.171183727001699,26138.999898118083
2025-07-10,26114.5,10.170245997953327,26114.50008750556
2025-07-11,26114.5,10.170245996038961,26114.50003751286
2025-07-14,26125.0,10.170647989539981,26125.000007128707
2025-07-15,26137.5,10.171126345102278,26137.500035687866
2025-07-16,26160.0,10.171986802496416,26159.99991956536
2025-07-17,26160.0,10.171986805571121,26159.999999999643
2025-07-18,26160.0,10.171986804888089,26159.999982131518
2025-07-21,26155.0,10.171795655121281,26154.99998212488
2025-07-22,26145.0,10.171413248672001,26145.000053591248
2025-07-23,26150.0,10.171604466759478,26149.999928516587
2025-07-24,26135.0,10.171030694564342,26135.000089311652
2025-07-25,26145.0,10.1714132527644,26145.00016058703
2025-07-28,26200.0,10.173514685648065,26199.999892550582
2025-07-29,26225.0,10.174468426789339,26224.999830188957
2025-07-30,26202.5,10.17361010763408,26202.500067857847
2025-07-31,26199.0,10.173476524422252,26199.000087515393
2025-08-01,26220.0,10.174277748521435,26219.999769362174
2025-08-04,26176.5,10.17261735663958,26176.500417581803
2025-08-05,26250.0,10.175421254595642,26249.999647616656
2025-08-06,26225.0,10.17446843530643,26225.00005354967
2025-08-07,26215.0,10.174087047732298,26215.00007145331
2025-08-08,26225.0,10.17446843299158,26224.999992842717
2025-08-11,26233.0,10.174773443122875,26233.00010352915
2025-08-12,26270.0,10.17618288036259,26269.999939132544
2025-08-13,26290.0,10.176943911604877,26289.999839130167
2025-08-14,26265.0,10.175992537467856,26265.00010715579
2025-08-15,26270.0,10.176182886077791,26270.000089270867
2025-08-18,26300.0,10.177324216803848,26299.9999641792
2025-08-19,26320.0,10.17808439221385,26320.000178307404
2025-08-20,26390.0,10.18074042575647,26389.99990127766
2025-08-21,26432.5,10.182349575686196,26432.499552749265
2025-08-22,26350.0,10.179223559032204,26350.00013340203
2025-08-25,26305.0,10.17751432841388,26305.00037481921
2025-08-26,26365.0,10.179792645855757,26364.99983894115
2025-08-27,26380.0,10.1803614235615,26379.99992851533
2025-08-28,26375.0,10.180171867388943,26374.999910603914
2025-08-29,26345.0,10.179033786710153,26345.000107138985
2025-09-01,26345.0,10.179033782643424,26345.000000001004
2025-09-02,26345.0,10.179033788403272,26345.000151744192
2025-09-03,26387.5,10.180645686735227,26387.499856944156
2025-09-04,26390.0,10.180740430512618,26390.000026792393
2025-09-05,26400.0,10.181119289810328,26400.00001784429
2025-09-08,26415.0,10.181687303846651,26414.999848067124
2025-09-09,26387.5,10.1806456968941,26387.50012501141
2025-09-10,26395.0,10.180929877257432,26394.999999992484
2025-09-11,26402.5,10.181213978236183,26402.499910642156
2025-09-12,26385.0,10.180550948209007,26385.000062512354
2025-09-15,26385.0,10.18055094550118,26384.999991066343
2025-09-16,26382.5,10.180456189867874,26382.499982129248
2025-09-17,26375.0,10.180171873148895,26375.00006252266
2025-09-18,26385.0,10.180550944146637,26384.999955326723
2025-09-19,26382.5,10.1804561956212,26382.50013391639
2025-09-22,26417.5,10.18178194391596,26417.49988378344
2025-09-23,26420.0,10.181876577602896,26419.99998749224
2025-09-24,26419.0,10.181838725487601,26418.999953533446
2025-09-25,26405.0,10.181308667711697,26405.00006787837
2025-09-26,26410.0,10.181498006102629,26410.000021430424
2025-09-29,26421.0,10.181914426796927,26420.99998212245
2025-09-30,26427.0,10.182141490667114,26426.99991779111
2025-10-01,26410.0,10.181498005628146,26410.000008899337
2025-10-02,26395.5,10.18094882005885,26395.499999971602
2025-10-03,26381.0,10.180399332854154,26380.99999460862
2025-10-06,26365.0,10.179792654132445,26365.000057156023
2025-10-07,26365.0,10.179792651286842,26364.999982131703
2025-10-08,26360.0,10.179602987599285,26359.999973187703
2025-10-09,26347.5,10.179128673485666,26347.500017852384
2025-10-10,26340.0,10.178843976992846,26340.000044661425
2025-10-13,26345.0,10.179033783389034,26345.000019644096
2025-10-14,26355.5,10.17943225731543,26355.499907069567
2025-10-15,26340.0,10.178843976721035,26340.000037501923
2025-10-16,26335.0,10.178654133545557,26335.000042875145
2025-10-17,26342.0,10.178919901677133,26341.999976770087
2025-10-20,26342.5,10.17893888347368,26342.49999999994
2025-10-21,26343.0,10.178957864570629,26343.0000142917
2025-10-22,26347.5,10.179128670094947,26347.49992851542
2025-10-23,26332.0,10.178540207024684,26331.99995884088
2025-10-24,26305.0,10.177514317830784,26305.000096430886
2025-10-27,26305.0,10.17751431728793,26305.000082151095
2025-10-28,26328.0,10.17838828858579,26327.9999463597
2025-10-29,26336.0,10.178692101576969,26335.999949966143
2025-10-30,26330.0,10.17846425126826,26329.999967822223
2025-10-31,26315.0,10.177894399416768,26315.000042864212
2025-11-03,26312.0,10.17778038936258,26312.00003930189
2025-11-04,26320.0,10.178084384692365,26319.9999803419
2025-11-05,26322.5,10.178179364373229,26322.499964262315
2025-11-06,26315.0,10.17789439812714,26315.000008927655
2025-11-07,26310.0,10.177704373354944,26309.999982125126
2025-11-10,26300.0,10.177324221561738,26300.000089311707
2025-11-11,26315.0,10.177894401177943,26315.000089209516
2025-11-12,26355.0,10.1794132838618,26354.99985695805
2025-11-13,26355.0,10.179413288611304,26354.999982131223
2025-11-14,26350.0,10.179223555325496,26350.000035730278
2025-11-17,26355.0,10.17941329240567,26355.000082131734
2025-11-18,26383.0,10.18047513771536,26382.999878451188
2025-11-19,26377.0,10.18024769796459,26377.00001786354
2025-11-20,26376.0,10.180209781769735,26375.999921351195
2025-11-21,26353.0,10.17933740564817,26353.00016251625
2025-11-24,26375.5,10.18019082455637,26375.49991063238
2025-11-25,26373.0,10.18009603933218,26373.000021438416
2025-11-26,26376.5,10.18022874058946,26376.499983919046
2025-11-27,26375.5,10.180190826657315,26375.49996604586
2025-11-28,26365.0,10.179792654064988,26365.000055377513
2025-12-01,26370.0,10.179982279347207,26369.999999996704
2025-12-02,26375.0,10.180171869762175,26374.999973197915
2025-12-03,26372.5,10.180077080165654,26372.500016079062
2025-12-04,26374.5,10.180152911016664,26374.49994102559
2025-12-05,26360.0,10.179602990581511,26360.00005179918
2025-12-08,26360.0,10.179602990310526,26360.000044656015
2025-12-09,26372.5,10.180077075761085,26372.499899919563
2025-12-10,26357.0,10.179489171437602,26356.9999498976
2025-12-11,26327.5,10.178369300337142,26327.50002849661
2025-12-12,26306.0,10.177552333849267,26306.000126809202
2025-12-15,26320.0,10.178084386930555,26320.000039251063
2025-12-16,26345.0,10.179033777894253,26344.999874884077
2025-12-17,26335.0,10.178654131916957,26334.999999985976
2025-12-18,26325.0,10.178274336662186,26324.99999104976
2025-12-19,26312.5,10.177799395854521,26312.500142871184
2025-12-22,26340.0,10.178843970343465,26339.999869516716
2025-12-23,26331.0,10.17850223098826,26330.999992838817
2025-12-24,26320.0,10.178084381497642,26319.9998962568
2025-12-25,26280.0,10.176563479528644,26280.00018212296
2025-12-26,26291.0,10.176981951966118,26290.999939243047
2025-12-29,26285.0,10.176753711349194,26284.999949944053
2025-12-30,26265.0,10.175992540866558,26265.00019642269
2025-12-31,26300.0,10.177324213407301,26299.99987485001
