"Ngày","Lần cuối","Mở","Cao","Thấp","KL","% Thay đổi"
"31/08/2026","26,072.5","26,072.5","26,072.5","26,072.5","","0.00%"
"28/08/2026","26,072.5","26,130.5","26,130.5","26,072.5","","-0.02%"
"27/08/2026","26,078.0","26,102.0","26,105.0","26,064.5","","-0.10%"
"26/08/2026","26,105.0","26,109.5","26,142.5","26,072.0","","-0.03%"
"25/08/2026","26,112.0","26,179.5","26,188.5","26,098.0","","-0.23%"
"24/08/2026","26,173.5","26,063.5","26,193.5","26,063.5","","0.19%"
"22/08/2026","26,124.5","26,099.5","26,152.0","26,057.5","","0.00%"
"21/08/2026","26,124.5","26,099.5","26,152.0","26,057.5","","0.09%"
"20/08/2026","26,102.0","26,179.5","26,180.0","26,093.5","","-0.30%"
"19/08/2026","26,180.5","26,178.0","26,195.5","26,164.0","","0.01%"
"18/08/2026","26,177.0","26,207.0","26,215.5","26,164.5","","-0.11%"
"17/08/2026","26,205.0","26,137.5","26,221.5","26,076.5","","0.22%"
"14/08/2026","26,148.5","26,053.0","26,148.5","26,042.5","","0.28%"
"13/08/2026","26,075.0","26,059.5","26,125.0","26,013.5","","0.08%"
"12/08/2026","26,054.5","26,127.0","26,145.0","26,027.0","","-0.31%"
"11/08/2026","26,136.5","26,152.0","26,157.5","26,118.0","","-0.07%"
"10/08/2026","26,155.0","26,194.5","26,202.0","26,115.0","","-0.19%"
"07/08/2026","26,204.5","26,231.5","26,240.0","26,171.0","","-0.12%"
"06/08/2026","26,235.0","26,249.5","26,272.0","26,211.0","","-0.06%"
"05/08/2026","26,251.0","26,264.5","26,285.0","26,244.5","","-0.05%"
"04/08/2026","26,263.5","26,279.5","26,288.0","26,258.0","","-0.09%"
"03/08/2026","26,287.0","26,307.0","26,310.5","26,260.0","","-0.05%"
"31/07/2026","26,300.5","26,282.0","26,335.0","26,254.5","","0.07%"
"30/07/2026","26,281.5","26,320.5","26,340.0","26,264.5","","-0.16%"
"29/07/2026","26,322.5","26,339.5","26,345.0","26,318.5","","-0.05%"
"28/07/2026","26,335.0","26,318.5","26,342.0","26,314.5","","0.08%"
"27/07/2026","26,315.0","26,318.5","26,325.0","26,313.0","","-0.05%"
"24/07/2026","26,327.0","26,324.5","26,331.0","26,313.5","","0.04%"
"23/07/2026","26,316.5","26,340.5","26,342.5","26,306.5","","0.01%"
"22/07/2026","26,313.5","26,324.5","26,344.5","26,311.0","","-0.01%"
"21/07/2026","26,315.0","26,294.5","26,327.5","26,290.0","","0.08%"
"20/07/2026","26,295.0","26,261.0","26,297.0","26,261.0","","0.00%"
"17/07/2026","26,295.0","26,261.0","26,298.0","26,253.5","","0.16%"
"16/07/2026","26,253.5","26,232.0","26,273.0","26,225.0","","-0.01%"
"15/07/2026","26,255.5","26,266.0","26,283.0","26,252.5","","-0.02%"
"14/07/2026","26,261.5","26,259.5","26,271.0","26,245.5","","0.02%"
"13/07/2026","26,255.0","26,291.0","26,295.0","26,252.0","","-0.05%"
"10/07/2026","26,267.5","26,290.0","26,302.5","26,256.5","","-0.10%"
"09/07/2026","26,295.0","26,302.0","26,310.5","26,290.5","","0.00%"
"08/07/2026","26,295.0","26,304.5","26,312.5","26,288.5","","0.01%"
"07/07/2026","26,292.0","26,296.5","26,310.0","26,272.5","","-0.03%"
"06/07/2026","26,300.0","26,303.5","26,318.0","26,272.5","","0.02%"
"03/07/2026","26,296.0","26,293.0","26,306.0","26,288.5","","0.02%"
"02/07/2026","26,290.0","26,299.5","26,335.0","26,287.0","","-0.04%"
"01/07/2026","26,300.5","26,313.5","26,325.5","26,293.5","","-0.06%"
"30/06/2026","26,315.0","26,294.0","26,344.0","26,270.0","","0.10%"
"29/06/2026","26,290.0","26,314.0","26,342.5","26,243.0","","-0.04%"
"26/06/2026","26,300.0","26,334.5","26,355.0","26,262.5","","-0.08%"
"25/06/2026","26,320.0","26,334.5","26,366.0","26,289.5","","-0.06%"
"24/06/2026","26,335.0","26,323.5","26,364.5","26,297.0","","0.04%"
"23/06/2026","26,325.0","26,325.0","26,362.0","26,288.5","","0.02%"
"22/06/2026","26,320.0","26,319.5","26,358.5","26,272.5","","0.00%"
"19/06/2026","26,320.0","26,363.5","26,367.5","26,290.0","","-0.04%"
"18/06/2026","26,330.0","26,319.5","26,358.0","26,288.5","","0.03%"
"17/06/2026","26,322.5","26,285.0","26,359.5","26,268.0","","0.09%"
"16/06/2026","26,300.0","26,282.5","26,339.0","26,254.5","","0.04%"
"15/06/2026","26,290.0","26,312.5","26,351.0","26,255.0","","-0.08%"
"12/06/2026","26,310.0","26,332.0","26,368.0","26,278.5","","-0.06%"
"11/06/2026","26,326.5","26,315.5","26,359.0","26,290.5","","0.02%"
"10/06/2026","26,320.0","26,334.5","26,362.5","26,282.5","","-0.04%"
"09/06/2026","26,330.0","26,344.5","26,376.5","26,300.5","","-0.06%"
"08/06/2026","26,345.0","26,347.0","26,377.5","26,309.0","","0.06%"
"05/06/2026","26,330.0","26,332.0","26,372.0","26,290.0","","-0.02%"
"04/06/2026","26,335.0","26,341.5","26,372.0","26,302.5","","-0.04%"
"03/06/2026","26,345.0","26,339.5","26,376.5","26,307.5","","0.05%"
"02/06/2026","26,332.5","26,326.0","26,366.5","26,295.0","","0.04%"
"01/06/2026","26,322.5","26,314.5","26,372.5","26,276.5","","0.04%"
"29/05/2026","26,312.5","26,329.5","26,372.5","26,275.0","","-0.06%"
"28/05/2026","26,327.5","26,337.0","26,375.0","26,287.5","","-0.02%"
"27/05/2026","26,333.0","26,342.0","26,377.0","26,286.5","","-0.04%"
"26/05/2026","26,344.0","26,361.5","26,377.0","26,309.5","","-0.05%"
"25/05/2026","26,356.0","26,362.0","26,377.5","26,327.5","","-0.03%"
"22/05/2026","26,365.0","26,358.5","26,379.0","26,317.5","","0.04%"
"21/05/2026","26,355.0","26,378.5","26,381.5","26,328.0","","-0.07%"
"20/05/2026","26,373.0","26,354.5","26,382.5","26,330.0","","0.05%"
"19/05/2026","26,359.0","26,361.5","26,374.5","26,324.0","","0.01%"
"18/05/2026","26,357.0","26,354.5","26,378.5","26,328.5","","0.01%"
"15/05/2026","26,355.0","26,359.0","26,375.5","26,311.0","","0.04%"
"14/05/2026","26,345.0","26,353.5","26,368.0","26,302.5","","-0.01%"
"13/05/2026","26,348.0","26,330.0","26,374.5","26,320.0","","0.03%"
"12/05/2026","26,339.0","26,328.0","26,358.0","26,300.5","","0.05%"
"11/05/2026","26,325.0","26,320.0","26,350.0","26,295.0","","0.06%"
"08/05/2026","26,308.0","26,294.5","26,340.0","26,279.0","","-0.01%"
"07/05/2026","26,310.0","26,309.0","26,340.0","26,266.0","","-0.06%"
"06/05/2026","26,325.0","26,314.5","26,359.0","26,295.5","","0.01%"
"05/05/2026","26,323.0","26,338.5","26,350.5","26,302.5","","-0.06%"
"04/05/2026","26,339.5","26,356.0","26,361.0","26,282.5","","-0.06%"
"01/05/2026","26,356.0","26,356.0","26,356.0","26,356.0","","0.00%"
"30/04/2026","26,356.0","26,356.0","26,356.0","26,356.0","","0.00%"
"29/04/2026","26,356.0","26,330.5","26,361.5","26,325.5","","0.03%"
"28/04/2026","26,348.0","26,345.5","26,357.0","26,330.0","","-0.04%"
"27/04/2026","26,359.0","26,359.0","26,359.0","26,359.0","","0.00%"
"24/04/2026","26,359.0","26,333.0","26,359.0","26,309.0","","0.12%"
"23/04/2026","26,327.0","26,330.0","26,344.0","26,309.5","","0.02%"
"22/04/2026","26,322.5","26,325.0","26,337.5","26,302.5","","-0.03%"
"21/04/2026","26,330.0","26,328.5","26,343.5","26,298.0","","-0.01%"
"20/04/2026","26,333.0","26,335.0","26,346.5","26,315.5","","-0.01%"
"17/04/2026","26,335.0","26,337.0","26,346.0","26,322.0","","0.01%"
"16/04/2026","26,333.5","26,328.0","26,342.0","26,302.5","","0.01%"
"15/04/2026","26,330.0","26,324.5","26,344.5","26,309.0","","-0.05%"
"14/04/2026","26,342.5","26,344.5","26,352.5","26,322.0","","0.00%"
"13/04/2026","26,343.0","26,335.5","26,352.5","26,322.5","","0.03%"
"10/04/2026","26,336.0","26,332.0","26,349.0","26,315.0","","0.04%"
"09/04/2026","26,325.0","26,330.5","26,332.5","26,315.5","","-0.03%"
"08/04/2026","26,332.5","26,331.0","26,348.0","26,308.5","","-0.01%"
"07/04/2026","26,334.0","26,339.5","26,352.5","26,320.0","","-0.01%"
"06/04/2026","26,336.5","26,345.5","26,353.0","26,320.0","","-0.01%"
"03/04/2026","26,340.0","26,339.5","26,353.5","26,319.0","","0.02%"
"02/04/2026","26,336.0","26,345.0","26,358.5","26,291.5","","0.00%"
"01/04/2026","26,335.0","26,342.0","26,372.0","26,313.0","","-0.02%"
"31/03/2026","26,340.0","26,345.5","26,351.5","26,330.0","","-0.02%"
"30/03/2026","26,345.0","26,339.0","26,349.5","26,316.5","","0.03%"
"27/03/2026","26,337.5","26,347.0","26,350.0","26,307.0","","-0.05%"
"26/03/2026","26,351.0","26,347.0","26,354.0","26,326.0","","0.00%"
"25/03/2026","26,350.0","26,339.5","26,355.5","26,325.0","","-0.03%"
"24/03/2026","26,357.0","26,356.5","26,363.5","26,314.0","","0.06%"
"23/03/2026","26,341.0","26,316.0","26,341.5","26,302.0","","0.11%"
"20/03/2026","26,312.0","26,309.5","26,327.0","26,279.5","","0.08%"
"19/03/2026","26,290.0","26,286.5","26,322.5","26,274.5","","-0.08%"
"18/03/2026","26,310.0","26,292.0","26,317.0","26,272.0","","0.04%"
"17/03/2026","26,300.0","26,284.5","26,309.0","26,254.0","","0.04%"
"16/03/2026","26,290.0","26,291.0","26,308.0","26,243.5","","-0.02%"
"13/03/2026","26,294.0","26,287.5","26,308.5","26,257.5","","0.07%"
"12/03/2026","26,275.0","26,260.0","26,296.0","26,207.5","","0.10%"
"11/03/2026","26,250.0","26,245.0","26,281.5","26,215.0","","0.06%"
"10/03/2026","26,235.0","26,259.5","26,284.5","26,182.5","","-0.16%"
"09/03/2026","26,277.5","26,274.5","26,302.0","26,215.0","","0.14%"
"06/03/2026","26,240.0","26,230.0","26,269.5","26,197.5","","0.10%"
"05/03/2026","26,215.0","26,207.0","26,256.5","26,170.0","","-0.02%"
"04/03/2026","26,220.0","26,244.5","26,255.0","26,181.0","","0.08%"
"03/03/2026","26,200.0","26,210.0","26,232.0","26,143.5","","0.13%"
"02/03/2026","26,165.0","26,041.5","26,232.0","26,041.5","","0.46%"
"27/02/2026","26,045.0","26,059.5","26,105.0","25,998.0","","-0.12%"
"26/02/2026","26,075.0","26,100.0","26,159.5","26,039.0","","-0.10%"
"25/02/2026","26,102.0","26,198.5","26,202.0","26,087.5","","-0.36%"
"24/02/2026","26,195.0","26,129.5","26,224.5","26,115.0","","0.29%"
"23/02/2026","26,120.0","25,970.0","26,127.0","25,948.5","","0.58%"
"20/02/2026","25,970.0","25,970.0","25,970.0","25,970.0","","0.00%"
"19/02/2026","25,970.0","25,970.0","25,970.0","25,970.0","","0.00%"
"18/02/2026","25,970.0","25,970.0","25,970.0","25,970.0","","0.00%"
"17/02/2026","25,970.0","25,970.0","25,970.0","25,970.0","","0.00%"
"16/02/2026","25,970.0","25,970.0","25,970.0","25,970.0","","0.00%"
"13/02/2026","25,970.0","25,979.5","26,019.5","25,915.0","","0.04%"
"12/02/2026","25,960.0","25,927.5","26,044.0","25,920.0","","-0.15%"
"11/02/2026","26,000.0","25,882.0","26,024.0","25,867.5","","0.44%"
"10/02/2026","25,885.0","25,899.5","25,932.5","25,844.5","","-0.10%"
"09/02/2026","25,910.0","25,958.5","25,979.0","25,886.5","","-0.15%"
"06/02/2026","25,950.0","25,969.5","25,994.0","25,927.0","","-0.02%"
"05/02/2026","25,955.0","25,977.0","25,997.5","25,927.0","","-0.10%"
"04/02/2026","25,982.0","25,999.5","26,027.0","25,940.0","","-0.08%"
"03/02/2026","26,002.0","26,024.5","26,036.5","25,984.5","","-0.07%"
"02/02/2026","26,020.0","25,923.5","26,057.5","25,889.5","","0.31%"
"30/01/2026","25,940.0","25,999.5","25,999.5","25,884.0","","-0.23%"
"29/01/2026","26,000.0","26,064.5","26,102.5","25,980.0","","-0.25%"
"28/01/2026","26,065.0","26,102.0","26,135.0","26,040.5","","-0.26%"
"27/01/2026","26,134.0","26,169.5","26,170.0","26,124.0","","-0.20%"
"26/01/2026","26,187.5","26,234.5","26,256.0","26,163.0","","-0.22%"
"23/01/2026","26,245.0","26,269.5","26,285.0","26,220.0","","-0.09%"
"22/01/2026","26,269.5","26,270.0","26,296.0","26,247.5","","0.02%"
"21/01/2026","26,265.0","26,264.5","26,290.0","26,245.0","","0.00%"
"20/01/2026","26,265.0","26,265.5","26,285.5","26,243.0","","0.00%"
"19/01/2026","26,265.0","26,274.5","26,297.5","26,241.0","","-0.04%"
"16/01/2026","26,275.0","26,274.5","26,317.5","26,250.0","","0.02%"
"15/01/2026","26,270.0","26,282.5","26,300.0","26,248.5","","-0.03%"
"14/01/2026","26,277.5","26,285.0","26,316.5","26,255.0","","-0.04%"
"13/01/2026","26,287.5","26,268.5","26,305.0","26,245.0","","0.05%"
"12/01/2026","26,275.0","26,267.0","26,290.0","26,242.5","","0.08%"
"10/01/2026","26,255.0","26,269.0","26,274.0","26,249.0","","-0.06%"
"09/01/2026","26,270.0","26,272.0","26,297.5","26,246.0","","0.00%"
"08/01/2026","26,270.0","26,277.0","26,310.5","26,247.5","","-0.02%"
"07/01/2026","26,274.0","26,279.5","26,293.0","26,270.5","","-0.01%"
"06/01/2026","26,275.5","26,279.5","26,294.5","26,267.0","","0.00%"
"05/01/2026","26,274.5","26,290.0","26,307.5","26,262.5","","-0.10%"
"02/01/2026","26,300.0","26,300.0","26,300.0","26,300.0","","0.00%"
"01/01/2026","26,300.0","26,300.0","26,300.0","26,300.0","","0.00%"
"31/12/2025","26,300.0","26,270.5","26,327.0","26,260.0","","0.13%"
"30/12/2025","26,265.0","26,287.0","26,301.0","26,239.0","","-0.08%"
"29/12/2025","26,285.0","26,289.5","26,311.0","26,261.5","","-0.02%"
"26/12/2025","26,291.0","26,284.5","26,320.0","26,260.0","","0.04%"
"25/12/2025","26,280.0","26,289.5","26,318.5","26,255.0","","-0.15%"
"24/12/2025","26,320.0","26,339.5","26,352.5","26,288.0","","-0.04%"
"23/12/2025","26,331.0","26,334.5","26,356.0","26,320.0","","-0.03%"
"22/12/2025","26,340.0","26,316.0","26,365.0","26,291.5","","0.10%"
"19/12/2025","26,312.5","26,334.5","26,344.0","26,288.0","","-0.05%"
"18/12/2025","26,325.0","26,335.0","26,352.5","26,310.0","","-0.04%"
"17/12/2025","26,335.0","26,344.5","26,369.0","26,305.0","","-0.04%"
"16/12/2025","26,345.0","26,322.5","26,361.5","26,281.0","","0.09%"
"15/12/2025","26,320.0","26,270.0","26,335.0","26,269.0","","0.05%"
"12/12/2025","26,306.0","26,314.5","26,372.0","26,270.0","","-0.08%"
"11/12/2025","26,327.5","26,354.5","26,370.5","26,315.0","","-0.11%"
"10/12/2025","26,357.0","26,371.5","26,371.5","26,353.0","","-0.06%"
"09/12/2025","26,372.5","26,361.5","26,384.5","26,344.0","","0.05%"
"08/12/2025","26,360.0","26,359.5","26,385.0","26,330.0","","0.00%"
"05/12/2025","26,360.0","26,377.0","26,392.0","26,346.5","","-0.05%"
"04/12/2025","26,374.5","26,364.5","26,392.0","26,350.0","","0.01%"
"03/12/2025","26,372.5","26,379.5","26,395.5","26,320.0","","-0.01%"
"02/12/2025","26,375.0","26,368.5","26,397.0","26,348.0","","0.02%"
"01/12/2025","26,370.0","26,359.5","26,388.0","26,320.0","","0.02%"
"28/11/2025","26,365.0","26,372.0","26,393.0","26,341.5","","-0.04%"
"27/11/2025","26,375.5","26,379.5","26,391.5","26,359.0","","0.00%"
"26/11/2025","26,376.5","26,365.5","26,390.0","26,354.0","","0.01%"
"25/11/2025","26,373.0","26,377.0","26,392.0","26,357.5","","-0.01%"
"24/11/2025","26,375.5","26,360.0","26,391.5","26,312.5","","0.09%"
"21/11/2025","26,353.0","26,382.0","26,386.5","26,353.0","","-0.09%"
"20/11/2025","26,376.0","26,383.0","26,386.0","26,354.5","","0.00%"
"19/11/2025","26,377.0","26,383.5","26,387.5","26,351.0","","-0.02%"
"18/11/2025","26,383.0","26,364.5","26,386.5","26,325.0","","0.11%"
"17/11/2025","26,355.0","26,350.0","26,367.5","26,310.0","","0.02%"
"14/11/2025","26,350.0","26,356.0","26,368.5","26,332.5","","-0.02%"
"13/11/2025","26,355.0","26,344.5","26,369.5","26,306.0","","0.00%"
"12/11/2025","26,355.0","26,321.0","26,368.0","26,305.0","","0.15%"
"11/11/2025","26,315.0","26,312.5","26,333.0","26,293.5","","0.06%"
"10/11/2025","26,300.0","26,314.5","26,326.5","26,282.0","","-0.04%"
"07/11/2025","26,310.0","26,314.5","26,330.0","26,293.0","","-0.02%"
"06/11/2025","26,315.0","26,323.5","26,338.0","26,298.0","","-0.03%"
"05/11/2025","26,322.5","26,319.5","26,345.0","26,302.5","","0.01%"
"04/11/2025","26,320.0","26,316.0","26,341.0","26,302.5","","0.03%"
"03/11/2025","26,312.0","26,306.0","26,326.5","26,275.0","","-0.01%"
"31/10/2025","26,315.0","26,329.5","26,338.5","26,291.5","","-0.06%"
"30/10/2025","26,330.0","26,332.0","26,342.0","26,295.0","","-0.02%"
"29/10/2025","26,336.0","26,329.5","26,339.0","26,305.0","","0.03%"
"28/10/2025","26,328.0","26,302.0","26,338.0","26,287.5","","0.09%"
"27/10/2025","26,305.0","26,302.0","26,345.0","26,276.5","","0.00%"
"24/10/2025","26,305.0","26,334.5","26,346.0","26,291.0","","-0.10%"
"23/10/2025","26,332.0","26,339.5","26,351.5","26,315.0","","-0.06%"
"22/10/2025","26,347.5","26,341.5","26,356.0","26,290.0","","0.02%"
"21/10/2025","26,343.0","26,343.5","26,352.5","26,331.5","","0.00%"
"20/10/2025","26,342.5","26,340.0","26,360.0","26,334.5","","0.00%"
"17/10/2025","26,342.0","26,335.0","26,349.5","26,331.5","","0.03%"
"16/10/2025","26,335.0","26,340.5","26,356.0","26,322.5","","-0.02%"
"15/10/2025","26,340.0","26,355.0","26,359.5","26,322.5","","-0.06%"
"14/10/2025","26,355.5","26,347.5","26,364.0","26,305.0","","0.04%"
"13/10/2025","26,345.0","26,334.5","26,357.5","26,320.0","","0.02%"
"10/10/2025","26,340.0","26,345.0","26,402.5","26,325.0","","-0.03%"
"09/10/2025","26,347.5","26,362.0","26,428.5","26,336.0","","-0.05%"
"08/10/2025","26,360.0","26,357.5","26,373.5","26,342.0","","-0.02%"
"07/10/2025","26,365.0","26,357.5","26,385.0","26,347.5","","0.00%"
"06/10/2025","26,365.0","26,372.5","26,406.5","26,349.0","","-0.06%"
"03/10/2025","26,381.0","26,377.5","26,399.0","26,363.5","","-0.05%"
"02/10/2025","26,395.5","26,412.5","26,425.0","26,369.0","","-0.05%"
"01/10/2025","26,410.0","26,427.5","26,429.0","26,351.0","","-0.06%"
"30/09/2025","26,427.0","26,425.0","26,432.0","26,404.5","","0.02%"
"29/09/2025","26,421.0","26,410.0","26,433.5","26,395.0","","0.04%"
"26/09/2025","26,410.0","26,397.5","26,422.5","26,383.0","","0.02%"
"25/09/2025","26,405.0","26,418.0","26,428.0","26,391.5","","-0.05%"
"24/09/2025","26,419.0","26,415.0","26,432.0","26,365.0","","0.00%"
"23/09/2025","26,420.0","26,414.0","26,436.0","26,370.0","","0.01%"
"22/09/2025","26,417.5","26,385.5","26,428.0","26,360.0","","0.13%"
"19/09/2025","26,382.5","26,384.0","26,405.0","26,362.5","","-0.01%"
"18/09/2025","26,385.0","26,360.0","26,399.0","26,352.5","","0.04%"
"17/09/2025","26,375.0","26,370.5","26,394.5","26,346.0","","-0.03%"
"16/09/2025","26,382.5","26,380.0","26,401.5","26,362.0","","-0.01%"
"15/09/2025","26,385.0","26,387.0","26,402.5","26,362.0","","0.00%"
"12/09/2025","26,385.0","26,389.0","26,412.5","26,370.5","","-0.07%"
"11/09/2025","26,402.5","26,397.5","26,417.5","26,370.0","","0.03%"
"10/09/2025","26,395.0","26,385.0","26,408.5","26,355.5","","0.03%"
"09/09/2025","26,387.5","26,407.0","26,425.0","26,365.0","","-0.10%"
"08/09/2025","26,415.0","26,374.5","26,431.5","26,367.5","","0.06%"
"05/09/2025","26,400.0","26,395.0","26,415.0","26,380.0","","0.04%"
"04/09/2025","26,390.0","26,385.0","26,405.0","26,367.5","","0.01%"
"03/09/2025","26,387.5","26,329.0","26,390.0","26,295.5","","0.16%"
"02/09/2025","26,345.0","26,345.0","26,345.0","26,345.0","","0.00%"
"01/09/2025","26,345.0","26,345.0","26,345.0","26,345.0","","0.00%"
"29/08/2025","26,345.0","26,345.0","26,375.0","26,332.5","","-0.11%"
"28/08/2025","26,375.0","26,356.0","26,382.0","26,325.0","","-0.02%"
"27/08/2025","26,380.0","26,370.0","26,402.5","26,325.0","","0.06%"
"26/08/2025","26,365.0","26,319.0","26,377.5","26,295.5","","0.23%"
"25/08/2025","26,305.0","26,300.0","26,368.0","26,289.0","","-0.17%"
"22/08/2025","26,350.0","26,428.0","26,447.5","26,320.0","","-0.31%"
"21/08/2025","26,432.5","26,400.5","26,457.0","26,328.5","","0.16%"
"20/08/2025","26,390.0","26,321.0","26,390.0","26,290.0","","0.27%"
"19/08/2025","26,320.0","26,305.0","26,331.0","26,282.5","","0.08%"
"18/08/2025","26,300.0","26,272.0","26,309.5","26,245.0","","0.11%"
"15/08/2025","26,270.0","26,270.0","26,332.5","26,245.0","","0.02%"
"14/08/2025","26,265.0","26,282.0","26,303.5","26,245.0","","-0.10%"
"13/08/2025","26,290.0","26,261.0","26,332.5","26,230.0","","0.08%"
"12/08/2025","26,270.0","26,238.5","26,282.5","26,200.0","","0.14%"
"11/08/2025","26,233.0","26,228.0","26,239.0","26,218.5","","0.03%"
"08/08/2025","26,225.0","26,210.0","26,237.5","26,170.0","","0.04%"
"07/08/2025","26,215.0","26,213.0","26,237.0","26,199.0","","-0.04%"
"06/08/2025","26,225.0","26,245.0","26,282.5","26,186.0","","-0.10%"
"05/08/2025","26,250.0","26,185.0","26,263.5","26,164.0","","0.28%"
"04/08/2025","26,176.5","26,207.5","26,226.0","26,147.5","","-0.17%"
"01/08/2025","26,220.0","26,212.5","26,234.0","26,170.5","","0.08%"
"31/07/2025","26,199.0","26,227.5","26,232.5","26,172.5","","-0.01%"
"30/07/2025","26,202.5","26,225.5","26,266.5","26,190.0","","-0.09%"
"29/07/2025","26,225.0","26,162.5","26,260.0","26,162.5","","0.10%"
"28/07/2025","26,200.0","26,145.0","26,221.0","26,127.5","","0.21%"
"25/07/2025","26,145.0","26,132.5","26,158.0","26,112.5","","0.04%"
"24/07/2025","26,135.0","26,157.5","26,163.0","26,116.5","","-0.06%"
"23/07/2025","26,150.0","26,147.0","26,166.5","26,120.0","","0.02%"
"22/07/2025","26,145.0","26,145.0","26,162.5","26,128.5","","-0.04%"
"21/07/2025","26,155.0","26,155.0","26,168.5","26,139.0","","-0.02%"
"18/07/2025","26,160.0","26,155.0","26,173.0","26,138.0","","0.00%"
"17/07/2025","26,160.0","26,167.5","26,172.5","26,129.0","","0.00%"
"16/07/2025","26,160.0","26,160.0","26,182.5","26,125.0","","0.09%"
"15/07/2025","26,137.5","26,140.0","26,151.5","26,100.0","","0.05%"
"14/07/2025","26,125.0","26,110.0","26,137.5","26,085.0","","0.04%"
"11/07/2025","26,114.5","26,105.0","26,137.0","26,065.0","","0.00%"
"10/07/2025","26,114.5","26,137.5","26,150.0","26,098.0","","-0.09%"
"09/07/2025","26,139.0","26,137.5","26,160.0","26,122.5","","0.02%"
"08/07/2025","26,135.0","26,148.0","26,153.5","26,086.5","","-0.04%"
"07/07/2025","26,145.0","26,202.5","26,205.0","26,086.5","","-0.13%"
"04/07/2025","26,180.0","26,210.0","26,264.5","26,155.0","","-0.08%"
"03/07/2025","26,200.0","26,215.0","26,241.5","26,145.0","","0.11%"
"02/07/2025","26,170.0","26,127.5","26,185.5","26,095.0","","0.15%"
"01/07/2025","26,130.0","26,105.0","26,170.0","26,065.0","","0.04%"
"30/06/2025","26,120.5","26,082.5","26,129.0","26,055.0","","0.10%"
"27/06/2025","26,095.0","26,120.0","26,140.0","26,061.5","","-0.10%"
"26/06/2025","26,120.0","26,140.0","26,147.5","26,098.5","","-0.13%"
"25/06/2025","26,155.0","26,155.0","26,180.0","26,128.5","","-0.06%"
"24/06/2025","26,170.0","26,180.0","26,190.5","26,131.0","","-0.17%"
"23/06/2025","26,215.0","26,135.0","26,222.5","26,115.0","","0.33%"
"20/06/2025","26,128.5","26,125.0","26,152.5","26,114.0","","0.00%"
"19/06/2025","26,128.0","26,105.0","26,143.5","26,085.0","","0.10%"
"18/06/2025","26,101.5","26,095.0","26,115.0","26,065.0","","0.08%"
"17/06/2025","26,081.5","26,070.0","26,093.0","26,048.5","","0.08%"
"16/06/2025","26,061.5","26,070.0","26,102.5","26,043.0","","-0.05%"
"13/06/2025","26,075.0","26,055.0","26,099.5","26,025.0","","0.14%"
"12/06/2025","26,037.5","26,020.0","26,042.5","26,010.0","","0.03%"
"11/06/2025","26,030.0","26,005.0","26,040.0","26,000.0","","0.07%"
"10/06/2025","26,012.5","26,042.5","26,065.0","26,010.0","","-0.12%"
"09/06/2025","26,042.5","26,094.0","26,094.0","26,022.5","","-0.04%"
"06/06/2025","26,054.0","26,075.0","26,097.0","26,030.5","","-0.11%"
"05/06/2025","26,082.5","26,085.0","26,126.5","26,058.0","","-0.01%"
"04/06/2025","26,084.0","26,045.0","26,098.0","26,025.0","","0.11%"
"03/06/2025","26,055.0","26,030.0","26,083.5","25,998.5","","0.10%"
"02/06/2025","26,029.0","26,025.0","26,046.5","25,980.0","","0.03%"
"30/05/2025","26,021.5","25,985.0","26,045.0","25,935.0","","-0.01%"
"29/05/2025","26,025.0","25,995.5","26,074.5","25,994.5","","0.21%"
"28/05/2025","25,970.0","25,915.0","25,975.0","25,911.5","","0.20%"
"27/05/2025","25,917.5","25,915.0","25,960.0","25,889.5","","0.02%"
"26/05/2025","25,912.5","25,961.0","25,965.0","25,890.5","","-0.16%"
"23/05/2025","25,954.0","25,970.0","25,987.0","25,939.5","","-0.09%"
"22/05/2025","25,976.5","25,980.0","25,988.5","25,945.0","","0.01%"
"21/05/2025","25,973.0","25,970.0","25,984.5","25,930.0","","0.01%"
"20/05/2025","25,970.0","25,950.0","25,978.0","25,935.0","","0.09%"
"19/05/2025","25,947.5","25,920.0","25,961.0","25,907.5","","0.10%"
"16/05/2025","25,921.5","25,925.0","25,971.0","25,903.0","","-0.10%"
"15/05/2025","25,947.5","25,930.0","25,962.5","25,906.0","","0.07%"
"14/05/2025","25,930.0","25,945.0","25,985.0","25,914.0","","-0.12%"
"13/05/2025","25,961.5","25,975.0","25,986.5","25,913.5","","-0.04%"
"12/05/2025","25,971.0","25,970.0","25,982.5","25,918.0","","-0.03%"
"09/05/2025","25,978.5","25,967.5","25,997.0","25,948.0","","0.06%"
"08/05/2025","25,963.5","25,960.0","25,988.0","25,951.0","","0.00%"
"07/05/2025","25,962.5","25,965.0","25,980.0","25,912.5","","0.00%"
"06/05/2025","25,963.5","25,955.0","25,988.5","25,949.0","","0.02%"
"05/05/2025","25,957.5","26,000.0","26,018.5","25,934.0","","-0.18%"
"02/05/2025","26,005.0","26,005.0","26,005.0","26,005.0","","0.00%"
"01/05/2025","26,005.0","26,005.0","26,005.0","26,005.0","","0.00%"
"30/04/2025","26,005.0","26,005.0","26,005.0","26,005.0","","0.00%"
"29/04/2025","26,005.0","26,000.0","26,010.0","25,960.0","","0.02%"
"28/04/2025","26,000.0","26,000.0","26,050.0","25,927.5","","-0.10%"
"26/04/2025","26,025.0","26,025.0","26,035.0","26,015.0","","0.01%"
"25/04/2025","26,021.5","26,050.0","26,062.0","26,007.5","","-0.03%"
"24/04/2025","26,029.0","26,032.5","26,067.0","25,985.0","","0.13%"
"23/04/2025","25,995.0","26,005.0","26,018.5","25,927.5","","0.12%"
"22/04/2025","25,965.0","25,900.0","25,994.0","25,890.0","","0.36%"
"21/04/2025","25,871.0","25,950.0","25,964.5","25,858.5","","-0.21%"
"18/04/2025","25,925.0","25,900.0","25,976.5","25,865.0","","0.34%"
"17/04/2025","25,837.0","25,852.5","25,900.0","25,848.0","","0.03%"
"16/04/2025","25,830.0","25,832.5","25,905.0","25,796.5","","0.16%"
"15/04/2025","25,790.0","25,850.0","25,923.5","25,808.0","","-0.13%"
"14/04/2025","25,824.0","25,735.0","25,843.0","25,705.0","","0.42%"
"11/04/2025","25,715.0","25,670.0","25,782.5","25,660.5","","-0.10%"
"10/04/2025","25,740.0","25,830.0","25,874.5","25,753.5","","-0.85%"
"09/04/2025","25,960.0","26,025.0","26,130.0","25,982.5","","-0.13%"
"08/04/2025","25,995.0","25,850.0","26,033.0","25,836.5","","0.83%"
"07/04/2025","25,780.0","25,780.0","25,780.0","25,780.0","","0.00%"
"04/04/2025","25,780.0","25,805.0","25,810.0","25,760.0","","-0.04%"
"03/04/2025","25,790.0","25,700.0","25,837.0","25,700.0","","0.74%"
"02/04/2025","25,600.0","25,650.0","25,658.5","25,612.5","","-0.08%"
"01/04/2025","25,620.0","25,605.0","25,660.0","25,545.0","","0.22%"
"31/03/2025","25,565.0","25,538.5","25,592.5","25,536.5","","0.06%"
"28/03/2025","25,550.0","25,600.0","25,620.0","25,555.0","","-0.04%"
"27/03/2025","25,560.0","25,580.0","25,629.5","25,562.5","","0.02%"
"26/03/2025","25,555.0","25,615.0","25,635.0","25,567.5","","-0.18%"
"25/03/2025","25,600.0","25,651.5","25,664.0","25,611.0","","-0.08%"
"24/03/2025","25,620.0","25,538.0","25,657.5","25,538.0","","0.14%"
"21/03/2025","25,585.0","25,560.0","25,605.0","25,545.0","","0.16%"
"20/03/2025","25,545.0","25,545.0","25,567.5","25,542.5","","0.04%"
"19/03/2025","25,535.0","25,530.0","25,550.0","25,525.0","","0.10%"
"18/03/2025","25,510.0","25,525.0","25,550.0","25,520.0","","0.00%"
"17/03/2025","25,510.0","25,520.0","25,586.0","25,475.0","","0.04%"
"14/03/2025","25,500.0","25,520.0","25,532.5","25,465.0","","0.04%"
"13/03/2025","25,490.0","25,475.0","25,512.5","25,465.0","","0.18%"
"12/03/2025","25,445.0","25,485.0","25,515.0","25,450.0","","-0.02%"
"11/03/2025","25,450.0","25,512.5","25,520.0","25,462.0","","-0.29%"
"10/03/2025","25,525.0","25,515.0","25,568.5","25,510.0","","0.18%"
"07/03/2025","25,480.0","25,449.0","25,552.5","25,435.0","","-0.02%"
"06/03/2025","25,485.0","25,450.0","25,516.5","25,430.0","","-0.02%"
"05/03/2025","25,490.0","25,515.0","25,586.0","25,495.0","","-0.20%"
"04/03/2025","25,540.0","25,580.0","25,596.5","25,555.0","","-0.14%"
"03/03/2025","25,575.0","25,554.0","25,617.5","25,548.0","","0.18%"
"28/02/2025","25,530.0","25,553.5","25,573.0","25,540.0","","0.04%"
"27/02/2025","25,520.0","25,551.5","25,566.0","25,489.5","","-0.06%"
"26/02/2025","25,535.0","25,482.5","25,572.5","25,482.5","","0.06%"
"25/02/2025","25,520.0","25,470.0","25,537.5","25,466.0","","0.20%"
"24/02/2025","25,468.0","25,485.0","25,535.0","25,468.5","","-0.16%"
"21/02/2025","25,510.0","25,480.0","25,545.0","25,475.0","","0.04%"
"20/02/2025","25,500.0","25,525.0","25,574.5","25,515.0","","-0.06%"
"19/02/2025","25,515.0","25,530.0","25,574.5","25,500.0","","0.06%"
"18/02/2025","25,500.0","25,510.0","25,580.0","25,425.0","","0.12%"
"17/02/2025","25,470.0","25,390.0","25,482.5","25,390.0","","0.39%"
"14/02/2025","25,370.0","25,415.0","25,460.5","25,385.0","","-0.28%"
"13/02/2025","25,440.0","25,535.0","25,535.0","25,400.0","","-0.43%"
"12/02/2025","25,550.0","25,490.0","25,607.0","25,490.0","","0.08%"
"11/02/2025","25,530.0","25,420.0","25,540.0","25,420.0","","0.59%"
"10/02/2025","25,380.0","25,375.0","25,405.0","25,367.5","","0.36%"
"07/02/2025","25,290.0","25,340.0","25,342.5","25,282.5","","0.12%"
"06/02/2025","25,260.0","25,165.0","25,275.0","25,147.5","","0.46%"
"05/02/2025","25,145.0","25,195.0","25,195.0","25,115.0","","-0.06%"
"04/02/2025","25,160.0","25,280.0","25,282.5","25,160.0","","-0.47%"
"03/02/2025","25,280.0","25,025.0","25,355.0","25,025.0","","0.88%"
"31/01/2025","25,060.0","25,060.0","25,060.0","25,060.0","","0.00%"
"30/01/2025","25,060.0","25,060.0","25,060.0","25,060.0","","0.00%"
"29/01/2025","25,060.0","25,060.0","25,060.0","25,060.0","","0.00%"
"28/01/2025","25,060.0","25,060.0","25,060.0","25,060.0","","0.00%"
"27/01/2025","25,060.0","25,060.0","25,060.0","25,060.0","","0.00%"
"24/01/2025","25,060.0","25,130.0","25,142.5","25,025.0","","-0.08%"
"23/01/2025","25,080.0","25,050.0","25,157.5","25,005.0","","0.12%"
"22/01/2025","25,050.0","25,255.0","25,270.0","25,075.0","","-0.83%"
"21/01/2025","25,260.0","25,295.0","25,315.0","25,245.0","","-0.22%"
"20/01/2025","25,315.0","25,330.0","25,380.5","25,280.0","","0.00%"
"17/01/2025","25,315.0","25,355.0","25,385.0","25,318.5","","-0.22%"
"16/01/2025","25,370.0","25,387.5","25,388.5","25,372.5","","-0.02%"
"15/01/2025","25,375.0","25,385.0","25,394.0","25,382.0","","-0.02%"
"14/01/2025","25,380.0","25,395.0","25,400.0","25,375.0","","-0.04%"
"13/01/2025","25,390.0","25,375.0","25,433.5","25,370.0","","0.12%"
"10/01/2025","25,360.0","25,382.5","25,385.0","25,367.5","","-0.06%"
"09/01/2025","25,375.0","25,382.5","25,389.0","25,375.0","","0.02%"
"08/01/2025","25,370.0","25,385.0","25,395.0","25,376.0","","0.04%"
"07/01/2025","25,360.0","25,390.5","25,422.5","25,362.5","","-0.04%"
"06/01/2025","25,370.0","25,390.0","25,455.0","25,375.0","","-0.12%"
"03/01/2025","25,400.0","25,460.0","25,462.5","25,422.5","","-0.20%"
"02/01/2025","25,450.0","25,460.0","25,485.0","25,446.5","","-0.12%"
"01/01/2025","25,480.0","25,480.0","25,480.0","25,480.0","","0.00%"
"31/12/2024","25,480.0","25,495.0","25,512.5","25,446.5","","0.02%"
"30/12/2024","25,476.0","25,446.5","25,485.5","25,444.0","","0.12%"
"27/12/2024","25,445.0","25,445.0","25,456.5","25,425.0","","0.08%"
"26/12/2024","25,425.0","25,420.0","25,451.0","25,420.0","","0.02%"
"25/12/2024","25,420.0","25,437.5","25,455.0","25,415.0","","-0.02%"
"24/12/2024","25,425.0","25,450.0","25,465.0","25,432.5","","-0.06%"
"23/12/2024","25,440.0","25,440.0","25,465.0","25,425.5","","-0.02%"
"20/12/2024","25,445.0","25,465.0","25,467.5","25,450.0","","-0.02%"
"19/12/2024","25,450.0","25,465.0","25,469.0","25,450.0","","0.02%"
"18/12/2024","25,445.0","25,445.0","25,457.5","25,395.0","","0.06%"
"17/12/2024","25,430.0","25,392.5","25,440.0","25,346.5","","0.18%"
"16/12/2024","25,385.0","25,390.0","25,405.0","25,346.5","","-0.06%"
"13/12/2024","25,400.0","25,404.5","25,410.0","25,385.0","","0.02%"
"12/12/2024","25,394.0","25,367.5","25,399.0","25,360.0","","0.06%"
"11/12/2024","25,380.0","25,360.0","25,390.0","25,346.5","","0.08%"
"10/12/2024","25,360.0","25,380.0","25,382.5","25,365.0","","-0.04%"
"09/12/2024","25,370.0","25,373.5","25,395.0","25,365.0","","-0.02%"
"06/12/2024","25,375.0","25,395.0","25,396.5","25,366.5","","-0.02%"
"05/12/2024","25,380.0","25,410.0","25,414.0","25,346.5","","-0.08%"
"04/12/2024","25,400.0","25,405.0","25,412.5","25,365.0","","0.02%"
"03/12/2024","25,395.0","25,400.0","25,408.0","25,346.5","","0.08%"
"02/12/2024","25,374.0","25,367.5","25,392.5","25,340.0","","0.12%"
"29/11/2024","25,344.0","25,340.0","25,405.0","25,340.0","","-0.06%"
"28/11/2024","25,358.0","25,355.0","25,407.5","25,327.5","","-0.07%"
"27/11/2024","25,375.0","25,405.0","25,417.5","25,385.0","","-0.12%"
"26/11/2024","25,405.0","25,425.0","25,425.0","25,405.0","","-0.02%"
"25/11/2024","25,410.0","25,415.0","25,425.0","25,388.5","","-0.03%"
"22/11/2024","25,417.0","25,422.5","25,432.5","25,415.0","","0.01%"
"21/11/2024","25,415.0","25,425.0","25,434.0","25,403.5","","0.00%"
"20/11/2024","25,415.0","25,400.0","25,425.0","25,395.0","","0.08%"
"19/11/2024","25,395.0","25,395.0","25,417.5","25,375.0","","-0.04%"
"18/11/2024","25,405.0","25,385.0","25,417.5","25,342.5","","0.10%"
"15/11/2024","25,380.0","25,385.0","25,397.5","25,375.0","","-0.04%"
"14/11/2024","25,390.0","25,375.0","25,405.0","25,335.0","","0.24%"
"13/11/2024","25,330.0","25,350.0","25,363.5","25,295.0","","-0.04%"
"12/11/2024","25,340.0","25,355.0","25,357.5","25,303.5","","0.12%"
"11/11/2024","25,310.0","25,285.0","25,332.5","25,255.0","","0.20%"
"08/11/2024","25,260.0","25,305.0","25,315.0","25,275.0","","-0.36%"
"07/11/2024","25,350.0","25,415.0","25,420.0","25,365.0","","-0.08%"
"06/11/2024","25,370.0","25,380.0","25,417.5","25,355.0","","0.16%"
"05/11/2024","25,330.0","25,322.5","25,365.0","25,290.0","","0.08%"
"04/11/2024","25,310.0","25,280.0","25,335.0","25,267.5","","0.12%"
"01/11/2024","25,280.0","25,280.0","25,345.0","25,260.0","","0.04%"
"31/10/2024","25,270.0","25,330.0","25,350.0","25,275.0","","-0.04%"
"30/10/2024","25,280.0","25,345.0","25,405.0","25,290.0","","-0.06%"
"29/10/2024","25,295.0","25,355.0","25,355.0","25,278.5","","-0.20%"
"28/10/2024","25,345.0","25,400.0","25,435.0","25,350.0","","-0.04%"
"25/10/2024","25,355.0","25,412.5","25,430.0","25,370.0","","-0.12%"
"24/10/2024","25,385.0","25,394.0","25,455.0","25,385.0","","-0.06%"
"23/10/2024","25,400.0","25,415.0","25,432.5","25,375.0","","0.04%"
"22/10/2024","25,390.0","25,390.0","25,405.0","25,360.0","","0.42%"
"21/10/2024","25,285.0","25,165.0","25,305.0","25,165.0","","0.54%"
"18/10/2024","25,150.0","25,225.0","25,275.0","25,165.0","","-0.12%"
"17/10/2024","25,180.0","25,030.0","25,207.5","25,030.0","","0.84%"
"16/10/2024","24,970.0","24,975.0","25,010.0","24,895.0","","0.18%"
"15/10/2024","24,925.0","24,865.0","24,959.0","24,835.0","","0.34%"
"14/10/2024","24,840.0","24,817.0","24,852.5","24,805.0","","0.14%"
"11/10/2024","24,805.0","24,840.0","24,855.5","24,805.0","","-0.10%"
"10/10/2024","24,830.0","24,870.0","24,870.0","24,825.0","","0.00%"
"09/10/2024","24,830.0","24,837.5","24,847.5","24,820.0","","-0.02%"
"08/10/2024","24,835.0","24,845.0","24,855.0","24,831.5","","-0.02%"
"07/10/2024","24,840.0","24,855.0","24,860.0","24,837.5","","0.34%"
"04/10/2024","24,755.0","24,770.0","24,772.5","24,720.0","","0.04%"
"03/10/2024","24,745.0","24,710.0","24,762.5","24,640.0","","0.38%"
"02/10/2024","24,652.0","24,630.0","24,675.0","24,591.0","","0.23%"
"01/10/2024","24,595.0","24,575.0","24,615.0","24,552.5","","0.16%"
"30/09/2024","24,555.0","24,580.0","24,615.0","24,545.0","","-0.14%"
"27/09/2024","24,590.0","24,620.0","24,630.0","24,585.0","","-0.10%"
"26/09/2024","24,615.0","24,625.0","24,640.0","24,552.5","","0.14%"
"25/09/2024","24,580.0","24,545.0","24,605.5","24,536.0","","-0.04%"
"24/09/2024","24,590.0","24,655.0","24,655.0","24,585.0","","-0.10%"
"23/09/2024","24,615.0","24,620.0","24,655.0","24,533.0","","0.10%"
"20/09/2024","24,590.0","24,570.0","24,635.0","24,528.0","","0.10%"
"19/09/2024","24,565.0","24,640.0","24,675.0","24,575.0","","-0.14%"
"18/09/2024","24,600.0","24,655.0","24,687.5","24,611.5","","-0.08%"
"17/09/2024","24,620.0","24,582.0","24,635.0","24,557.5","","0.37%"
"16/09/2024","24,530.0","24,545.0","24,618.0","24,540.0","","0.00%"
"13/09/2024","24,530.0","24,585.0","24,598.0","24,520.0","","-0.18%"
"12/09/2024","24,575.0","24,585.0","24,605.0","24,527.5","","0.10%"
"11/09/2024","24,550.0","24,650.0","24,665.0","24,535.0","","-0.45%"
"10/09/2024","24,660.0","24,700.0","24,705.0","24,620.0","","-0.08%"
"09/09/2024","24,680.0","24,635.0","24,695.0","24,608.5","","0.33%"
"06/09/2024","24,600.0","24,665.0","24,712.5","24,590.0","","-0.53%"
"05/09/2024","24,730.0","24,840.0","24,840.0","24,735.0","","-0.49%"
"04/09/2024","24,852.0","24,885.0","24,897.5","24,850.0","","-0.03%"
"03/09/2024","24,860.0","24,860.0","24,860.0","24,860.0","","0.00%"
"02/09/2024","24,860.0","24,860.0","24,860.0","24,860.0","","0.00%"
"30/08/2024","24,860.0","24,895.0","24,900.0","24,865.5","","-0.04%"
"29/08/2024","24,870.0","24,895.0","24,905.0","24,825.0","","0.06%"
"28/08/2024","24,855.0","24,825.0","24,890.0","24,819.0","","0.14%"
"27/08/2024","24,820.0","24,852.5","24,867.0","24,810.0","","-0.16%"
"26/08/2024","24,860.0","24,890.0","24,948.0","24,855.0","","-0.42%"
"23/08/2024","24,965.0","24,933.0","25,017.5","24,933.0","","0.02%"
"22/08/2024","24,960.0","24,935.0","24,975.0","24,905.0","","0.12%"
"21/08/2024","24,930.0","24,915.0","24,945.0","24,902.5","","0.06%"
"20/08/2024","24,915.0","24,915.0","24,968.5","24,917.5","","-0.18%"
"19/08/2024","24,960.0","25,069.0","25,069.0","24,970.0","","-0.36%"
"16/08/2024","25,050.0","25,070.0","25,086.0","25,035.0","","0.06%"
"15/08/2024","25,035.0","25,040.0","25,095.0","25,027.5","","0.06%"
"14/08/2024","25,020.0","25,083.5","25,125.0","25,035.0","","-0.38%"
"13/08/2024","25,115.0","25,130.0","25,132.5","25,085.0","","-0.02%"
"12/08/2024","25,120.0","25,127.5","25,132.5","25,075.0","","0.12%"
"09/08/2024","25,090.0","25,155.0","25,160.0","25,102.5","","-0.18%"
"08/08/2024","25,135.0","25,160.0","25,162.5","25,105.0","","-0.08%"
"07/08/2024","25,155.0","25,155.0","25,179.0","25,105.0","","0.10%"
"06/08/2024","25,130.0","25,122.5","25,150.0","25,100.0","","0.20%"
"05/08/2024","25,080.0","25,110.0","25,125.0","25,075.0","","-0.50%"
"02/08/2024","25,205.0","25,225.0","25,280.0","25,192.5","","-0.04%"
"01/08/2024","25,215.0","25,215.0","25,252.5","25,190.0","","-0.08%"
"31/07/2024","25,235.0","25,285.0","25,330.0","25,235.0","","-0.16%"
"30/07/2024","25,275.0","25,290.0","25,305.0","25,267.0","","0.00%"
"29/07/2024","25,275.0","25,315.0","25,332.5","25,280.0","","-0.10%"
"26/07/2024","25,300.0","25,335.0","25,339.0","25,294.5","","0.06%"
"25/07/2024","25,285.0","25,350.0","25,377.5","25,295.0","","-0.26%"
"24/07/2024","25,350.0","25,367.5","25,411.5","25,330.0","","-0.02%"
"23/07/2024","25,355.0","25,355.0","25,365.0","25,347.5","","0.12%"
"22/07/2024","25,325.0","25,335.0","25,342.5","25,322.5","","0.04%"
"19/07/2024","25,315.0","25,330.0","25,373.5","25,290.0","","0.02%"
"18/07/2024","25,310.0","25,305.0","25,375.0","25,273.0","","-0.02%"
"17/07/2024","25,315.0","25,380.0","25,380.0","25,322.5","","-0.24%"
"16/07/2024","25,375.0","25,375.0","25,430.0","25,375.0","","0.06%"
"15/07/2024","25,360.0","25,415.0","25,422.5","25,370.0","","-0.20%"
"12/07/2024","25,410.0","25,420.0","25,447.5","25,415.0","","-0.05%"
"11/07/2024","25,423.0","25,422.5","25,430.0","25,416.5","","0.03%"
"10/07/2024","25,415.0","25,420.0","25,447.5","25,414.0","","0.01%"
"09/07/2024","25,413.0","25,415.0","25,452.5","25,413.0","","-0.01%"
"08/07/2024","25,415.0","25,410.0","25,452.5","25,405.0","","0.01%"
"05/07/2024","25,412.0","25,450.0","25,455.5","25,365.0","","-0.15%"
"04/07/2024","25,450.0","25,454.0","25,456.5","25,445.0","","0.00%"
"03/07/2024","25,450.0","25,447.5","25,456.0","25,444.5","","0.00%"
"02/07/2024","25,450.0","25,447.5","25,457.0","25,447.5","","0.00%"
"01/07/2024","25,450.0","25,450.0","25,458.5","25,443.5","","0.02%"
"28/06/2024","25,445.0","25,460.0","25,465.0","25,443.0","","-0.04%"
"27/06/2024","25,455.0","25,470.0","25,470.0","25,457.5","","-0.04%"
"26/06/2024","25,465.0","25,454.5","25,469.0","25,450.5","","0.04%"
"25/06/2024","25,455.0","25,457.5","25,462.5","25,445.0","","0.00%"
"24/06/2024","25,455.0","25,453.0","25,458.5","25,450.5","","0.02%"
"21/06/2024","25,450.0","25,455.0","25,460.0","25,449.0","","0.00%"
"20/06/2024","25,450.0","25,455.0","25,456.5","25,430.0","","0.00%"
"19/06/2024","25,450.0","25,454.0","25,456.0","25,440.0","","0.02%"
"18/06/2024","25,445.0","25,455.0","25,457.5","25,447.0","","-0.02%"
"17/06/2024","25,450.0","25,457.5","25,460.0","25,414.0","","0.00%"
"14/06/2024","25,450.0","25,452.5","25,455.0","25,415.0","","0.06%"
"13/06/2024","25,435.0","25,437.5","25,445.0","25,420.0","","0.00%"
"12/06/2024","25,435.0","25,442.5","25,451.0","25,415.0","","0.00%"
"11/06/2024","25,435.0","25,427.5","25,445.0","25,415.0","","0.08%"
"10/06/2024","25,415.0","25,420.0","25,456.0","25,410.0","","0.06%"
"07/06/2024","25,400.0","25,432.5","25,434.0","25,407.5","","-0.08%"
"06/06/2024","25,420.0","25,425.0","25,432.5","25,404.5","","0.02%"
"05/06/2024","25,415.0","25,415.0","25,424.0","25,405.0","","0.02%"
"04/06/2024","25,410.0","25,412.5","25,430.5","25,405.0","","-0.09%"
"03/06/2024","25,432.0","25,440.0","25,455.5","25,404.5","","-0.03%"
"31/05/2024","25,440.0","25,460.0","25,460.5","25,445.0","","-0.04%"
"30/05/2024","25,450.0","25,458.0","25,460.0","25,450.0","","0.00%"
"29/05/2024","25,450.0","25,457.5","25,460.0","25,447.5","","0.01%"
"28/05/2024","25,448.0","25,472.5","25,473.5","25,445.0","","0.01%"
"27/05/2024","25,445.0","25,450.0","25,475.0","25,448.5","","-0.08%"
"24/05/2024","25,465.0","25,476.0","25,476.5","25,465.0","","-0.02%"
"23/05/2024","25,469.0","25,467.5","25,470.0","25,445.0","","0.02%"
"22/05/2024","25,464.0","25,463.0","25,465.5","25,445.0","","0.01%"
"21/05/2024","25,461.0","25,458.0","25,462.5","25,430.0","","0.04%"
"20/05/2024","25,452.0","25,456.0","25,457.0","25,444.0","","0.02%"
"17/05/2024","25,448.0","25,453.5","25,453.5","25,437.5","","0.07%"
"16/05/2024","25,431.0","25,430.0","25,456.5","25,400.0","","-0.06%"
"15/05/2024","25,445.0","25,450.0","25,457.0","25,445.0","","-0.02%"
"14/05/2024","25,450.0","25,457.5","25,460.0","25,445.0","","-0.01%"
"13/05/2024","25,453.0","25,449.5","25,456.5","25,435.0","","0.01%"
"10/05/2024","25,450.0","25,447.5","25,464.0","25,432.0","","0.04%"
"09/05/2024","25,440.0","25,445.0","25,447.5","25,425.0","","0.06%"
"08/05/2024","25,425.0","25,430.0","25,437.0","25,395.0","","0.10%"
"07/05/2024","25,400.0","25,405.0","25,412.5","25,375.0","","0.12%"
"06/05/2024","25,370.0","25,390.0","25,415.0","25,360.0","","-0.12%"
"03/05/2024","25,400.0","25,415.0","25,423.0","25,407.5","","0.04%"
"02/05/2024","25,390.0","25,360.0","25,405.0","25,320.0","","0.24%"
"01/05/2024","25,330.0","25,330.0","25,330.0","25,330.0","","0.00%"
"30/04/2024","25,330.0","25,330.0","25,330.0","25,330.0","","0.00%"
"29/04/2024","25,330.0","25,330.0","25,330.0","25,330.0","","0.00%"
"26/04/2024","25,330.0","25,355.0","25,375.0","25,317.5","","-0.08%"
"25/04/2024","25,350.0","25,395.0","25,445.0","25,315.0","","-0.22%"
"24/04/2024","25,405.0","25,445.0","25,460.0","25,402.5","","-0.14%"
"23/04/2024","25,440.0","25,460.0","25,464.0","25,445.0","","-0.06%"
"22/04/2024","25,455.0","25,445.0","25,461.5","25,440.0","","0.06%"
"19/04/2024","25,440.0","25,461.0","25,463.0","25,405.0","","0.16%"
"18/04/2024","25,400.0","25,400.0","25,400.0","25,400.0","","0.00%"
"17/04/2024","25,400.0","25,350.0","25,430.0","25,345.0","","0.47%"
"16/04/2024","25,280.0","25,265.0","25,295.0","25,245.0","","0.40%"
"15/04/2024","25,180.0","25,035.0","25,195.0","24,994.5","","0.66%"
"12/04/2024","25,015.0","24,990.0","25,025.0","24,970.0","","0.14%"
"11/04/2024","24,980.0","25,000.0","25,012.5","24,950.0","","0.18%"
"10/04/2024","24,935.0","24,955.0","24,961.0","24,943.0","","-0.04%"
"09/04/2024","24,945.0","24,965.0","25,010.0","24,943.0","","-0.06%"
"08/04/2024","24,960.0","24,930.0","24,975.0","24,930.0","","0.04%"
"05/04/2024","24,950.0","24,970.0","25,005.0","24,949.5","","0.06%"
"04/04/2024","24,935.0","25,000.0","25,014.0","24,920.0","","-0.26%"
"03/04/2024","25,000.0","24,935.0","25,010.0","24,915.0","","0.40%"
"02/04/2024","24,900.0","24,815.0","24,937.5","24,800.0","","0.42%"
"01/04/2024","24,795.0","24,817.5","24,818.5","24,770.0","","-0.06%"
"29/03/2024","24,810.0","24,795.0","24,822.5","24,792.5","","0.08%"
"28/03/2024","24,790.0","24,810.0","24,818.5","24,772.5","","0.02%"
"27/03/2024","24,785.0","24,780.0","24,797.5","24,778.0","","0.06%"
"26/03/2024","24,770.0","24,770.0","24,792.5","24,750.0","","0.12%"
"25/03/2024","24,740.0","24,799.0","24,806.0","24,746.5","","-0.11%"
"22/03/2024","24,768.0","24,805.0","24,821.5","24,756.0","","-0.07%"
"21/03/2024","24,785.0","24,765.0","24,801.5","24,765.0","","0.04%"
"20/03/2024","24,775.0","24,770.0","24,790.0","24,715.0","","0.14%"
"19/03/2024","24,740.0","24,730.0","24,755.0","24,695.0","","0.10%"
"18/03/2024","24,715.0","24,745.0","24,745.0","24,690.0","","0.02%"
"15/03/2024","24,710.0","24,725.0","24,744.0","24,700.0","","0.08%"
"14/03/2024","24,690.0","24,685.0","24,707.5","24,636.5","","0.06%"
"13/03/2024","24,675.0","24,650.0","24,687.5","24,640.0","","0.12%"
"12/03/2024","24,645.0","24,655.0","24,680.0","24,625.0","","0.04%"
"11/03/2024","24,635.0","24,645.0","24,670.0","24,602.5","","-0.02%"
"08/03/2024","24,640.0","24,685.0","24,700.0","24,632.5","","-0.16%"
"07/03/2024","24,680.0","24,642.5","24,715.0","24,642.5","","0.06%"
"06/03/2024","24,665.0","24,707.5","24,721.5","24,642.5","","-0.10%"
"05/03/2024","24,690.0","24,690.0","24,705.0","24,649.5","","0.06%"
"04/03/2024","24,676.0","24,660.0","24,700.0","24,649.5","","0.15%"
"01/03/2024","24,640.0","24,652.5","24,660.0","24,639.0","","0.00%"
"29/02/2024","24,640.0","24,645.0","24,657.5","24,639.0","","0.08%"
"28/02/2024","24,620.0","24,645.0","24,655.0","24,606.0","","-0.02%"
"27/02/2024","24,625.0","24,670.0","24,674.0","24,632.5","","-0.14%"
"26/02/2024","24,660.0","24,650.0","24,707.5","24,640.0","","0.12%"
"23/02/2024","24,630.0","24,610.0","24,660.0","24,597.5","","0.16%"
"22/02/2024","24,590.0","24,555.0","24,615.0","24,552.5","","0.27%"
"21/02/2024","24,525.0","24,532.5","24,550.0","24,490.0","","0.00%"
"20/02/2024","24,525.0","24,545.0","24,550.0","24,527.5","","-0.02%"
"19/02/2024","24,530.0","24,530.0","24,540.0","24,490.0","","0.08%"
"16/02/2024","24,510.0","24,422.5","24,550.0","24,422.5","","0.25%"
"15/02/2024","24,450.0","24,455.0","24,465.0","24,400.0","","0.20%"
"14/02/2024","24,400.0","24,400.0","24,400.0","24,400.0","","0.00%"
"13/02/2024","24,400.0","24,400.0","24,400.0","24,400.0","","0.00%"
"12/02/2024","24,400.0","24,400.0","24,400.0","24,400.0","","0.00%"
"09/02/2024","24,400.0","24,400.0","24,400.0","24,400.0","","0.00%"
"08/02/2024","24,400.0","24,400.0","24,400.0","24,400.0","","0.00%"
"07/02/2024","24,400.0","24,375.0","24,465.0","24,370.0","","0.18%"
"06/02/2024","24,355.0","24,385.0","24,387.5","24,342.5","","-0.06%"
"05/02/2024","24,370.0","24,415.0","24,417.5","24,360.0","","0.14%"
"02/02/2024","24,335.0","24,400.0","24,417.5","24,330.0","","-0.27%"
"01/02/2024","24,400.0","24,414.5","24,430.0","24,362.5","","-0.06%"
"31/01/2024","24,415.0","24,400.0","24,465.0","24,395.0","","0.08%"
"30/01/2024","24,395.0","24,510.0","24,510.0","24,395.0","","-0.55%"
"29/01/2024","24,530.0","24,595.0","24,610.0","24,535.0","","-0.26%"
"26/01/2024","24,595.0","24,620.0","24,625.0","24,600.0","","-0.04%"
"25/01/2024","24,605.0","24,595.0","24,615.0","24,577.5","","0.02%"
"24/01/2024","24,600.0","24,575.0","24,617.5","24,541.0","","0.14%"
"23/01/2024","24,565.0","24,565.0","24,575.0","24,510.0","","0.06%"
"22/01/2024","24,550.0","24,535.0","24,565.0","24,510.0","","0.04%"
"19/01/2024","24,540.0","24,550.0","24,570.0","24,535.0","","-0.02%"
"18/01/2024","24,545.0","24,520.0","24,580.0","24,520.0","","0.06%"
"17/01/2024","24,530.0","24,520.0","24,556.5","24,520.0","","0.12%"
"16/01/2024","24,500.0","24,505.0","24,547.5","24,470.0","","0.12%"
"15/01/2024","24,470.0","24,460.0","24,490.0","24,460.0","","-0.08%"
"12/01/2024","24,490.0","24,495.0","24,535.0","24,480.0","","0.06%"
"11/01/2024","24,475.0","24,455.0","24,492.5","24,445.0","","0.29%"
"10/01/2024","24,405.0","24,370.0","24,420.0","24,345.0","","0.18%"
"09/01/2024","24,360.0","24,350.0","24,392.5","24,337.5","","0.12%"
"08/01/2024","24,330.0","24,370.0","24,390.0","24,327.5","","-0.16%"
"05/01/2024","24,370.0","24,370.0","24,380.0","24,337.0","","0.04%"
"04/01/2024","24,360.0","24,365.0","24,400.0","24,357.5","","-0.04%"
"03/01/2024","24,370.0","24,345.0","24,387.5","24,310.0","","0.18%"
"02/01/2024","24,325.0","24,265.0","24,337.5","24,250.0","","0.27%"
"01/01/2024","24,260.0","24,260.0","24,260.0","24,260.0","","0.00%"
"29/12/2023","24,260.0","24,270.0","24,300.0","24,240.0","","0.10%"
"28/12/2023","24,235.0","24,300.0","24,355.0","24,250.0","","-0.45%"
"27/12/2023","24,345.0","24,375.0","24,391.0","24,315.0","","0.08%"
"26/12/2023","24,325.0","24,250.0","24,335.0","24,210.0","","0.39%"
"25/12/2023","24,230.0","24,220.0","24,265.0","24,180.0","","-0.02%"
"22/12/2023","24,235.0","24,300.0","24,317.5","24,235.0","","-0.35%"
"21/12/2023","24,320.0","24,342.5","24,357.5","24,320.0","","-0.06%"
"20/12/2023","24,335.0","24,330.0","24,349.0","24,275.0","","-0.06%"
"19/12/2023","24,350.0","24,360.0","24,378.0","24,340.0","","0.00%"
"18/12/2023","24,350.0","24,265.0","24,375.0","24,230.0","","0.37%"
"15/12/2023","24,260.0","24,245.0","24,275.0","24,220.0","","0.06%"
"14/12/2023","24,245.0","24,227.5","24,265.0","24,200.0","","-0.14%"
"13/12/2023","24,279.0","24,262.5","24,283.0","24,257.5","","0.08%"
"12/12/2023","24,260.0","24,270.0","24,280.0","24,263.5","","0.04%"
"11/12/2023","24,250.0","24,210.0","24,277.5","24,180.0","","0.12%"
"08/12/2023","24,220.0","24,260.0","24,267.5","24,230.0","","-0.23%"
"07/12/2023","24,275.0","24,280.0","24,290.0","24,267.5","","0.00%"
"06/12/2023","24,274.0","24,280.0","24,305.0","24,263.0","","0.03%"
"05/12/2023","24,266.0","24,255.0","24,283.5","24,237.5","","0.07%"
"04/12/2023","24,250.0","24,280.0","24,295.0","24,225.0","","-0.16%"
"01/12/2023","24,290.0","24,300.0","24,315.0","24,260.0","","0.16%"
"30/11/2023","24,250.0","24,260.0","24,277.5","24,200.0","","-0.04%"
"29/11/2023","24,260.0","24,190.0","24,270.0","24,182.0","","0.12%"
"28/11/2023","24,230.0","24,257.5","24,260.0","24,228.5","","0.00%"
"27/11/2023","24,230.0","24,230.0","24,270.0","24,221.5","","-0.12%"
"24/11/2023","24,260.0","24,260.0","24,282.0","24,210.0","","0.08%"
"23/11/2023","24,240.0","24,210.0","24,247.5","24,165.0","","0.14%"
"22/11/2023","24,205.0","24,145.0","24,217.5","24,142.5","","0.31%"
"21/11/2023","24,130.0","24,110.0","24,172.5","24,097.0","","-0.17%"
"20/11/2023","24,170.0","24,215.0","24,235.0","24,158.0","","-0.33%"
"17/11/2023","24,250.0","24,300.0","24,305.0","24,225.0","","-0.16%"
"16/11/2023","24,288.0","24,288.0","24,312.5","24,274.5","","-0.01%"
"15/11/2023","24,290.0","24,378.0","24,381.0","24,269.0","","-0.27%"
"14/11/2023","24,355.0","24,383.0","24,389.0","24,352.5","","-0.11%"
"13/11/2023","24,383.0","24,320.0","24,395.5","24,320.0","","0.28%"
"10/11/2023","24,315.0","24,380.0","24,380.0","24,305.0","","-0.10%"
"09/11/2023","24,340.0","24,375.0","24,395.0","24,330.0","","-0.12%"
"08/11/2023","24,370.0","24,345.0","24,385.0","24,290.0","","0.25%"
"07/11/2023","24,310.0","24,360.0","24,377.5","24,262.5","","-0.10%"
"06/11/2023","24,335.0","24,565.0","24,565.0","24,315.0","","-0.75%"
"03/11/2023","24,520.0","24,575.0","24,580.0","24,535.0","","-0.20%"
"02/11/2023","24,570.0","24,565.0","24,585.0","24,558.0","","-0.06%"
"01/11/2023","24,585.0","24,575.0","24,593.0","24,560.0","","0.10%"
"31/10/2023","24,560.0","24,555.0","24,573.5","24,551.5","","0.01%"
"30/10/2023","24,558.0","24,570.0","24,590.0","24,555.0","","-0.05%"
"27/10/2023","24,570.0","24,606.0","24,612.0","24,555.0","","-0.08%"
"26/10/2023","24,590.0","24,590.0","24,620.0","24,570.0","","0.12%"
"25/10/2023","24,560.0","24,565.0","24,585.0","24,550.0","","0.04%"
"24/10/2023","24,550.0","24,560.0","24,597.5","24,525.0","","-0.16%"
"23/10/2023","24,590.0","24,535.0","24,617.5","24,485.0","","0.29%"
"20/10/2023","24,520.0","24,565.0","24,582.5","24,480.0","","-0.12%"
"19/10/2023","24,550.0","24,585.0","24,597.5","24,490.0","","-0.02%"
"18/10/2023","24,555.0","24,487.5","24,577.5","24,479.5","","0.27%"
"17/10/2023","24,490.0","24,455.0","24,503.0","24,454.0","","0.12%"
"16/10/2023","24,460.0","24,452.5","24,481.5","24,445.0","","0.08%"
"13/10/2023","24,440.0","24,485.0","24,485.0","24,435.0","","0.02%"
"12/10/2023","24,435.0","24,440.0","24,460.0","24,425.0","","-0.02%"
"11/10/2023","24,440.0","24,402.0","24,455.0","24,380.0","","0.21%"
"10/10/2023","24,390.0","24,392.5","24,425.0","24,372.0","","0.08%"
"09/10/2023","24,370.0","24,367.5","24,402.5","24,352.5","","0.04%"
"06/10/2023","24,360.0","24,375.0","24,426.5","24,363.5","","-0.08%"
"05/10/2023","24,380.0","24,410.0","24,428.0","24,380.0","","-0.16%"
"04/10/2023","24,420.0","24,395.0","24,440.0","24,379.0","","0.14%"
"03/10/2023","24,385.0","24,375.0","24,414.0","24,375.0","","0.18%"
"02/10/2023","24,340.0","24,305.0","24,387.5","24,297.5","","0.25%"
"29/09/2023","24,280.0","24,415.0","24,420.0","24,265.0","","-0.43%"
"28/09/2023","24,385.0","24,435.0","24,445.0","24,390.0","","0.00%"
"27/09/2023","24,385.0","24,435.0","24,437.5","24,374.5","","0.02%"
"26/09/2023","24,380.0","24,352.5","24,442.5","24,352.5","","0.00%"
"25/09/2023","24,380.0","24,340.0","24,397.5","24,325.0","","0.08%"
"22/09/2023","24,360.0","24,320.0","24,375.0","24,285.0","","0.21%"
"21/09/2023","24,310.0","24,295.0","24,335.0","24,255.0","","0.16%"
"20/09/2023","24,270.0","24,372.5","24,380.0","24,285.0","","-0.41%"
"19/09/2023","24,370.0","24,385.0","24,416.5","24,382.5","","0.00%"
"18/09/2023","24,370.0","24,275.0","24,385.0","24,255.0","","0.49%"
"15/09/2023","24,250.0","24,255.0","24,270.0","24,230.5","","0.12%"
"14/09/2023","24,220.0","24,165.0","24,240.0","24,160.0","","0.27%"
"13/09/2023","24,155.0","24,100.0","24,176.5","24,095.0","","0.23%"
"12/09/2023","24,100.0","24,085.0","24,115.0","24,079.0","","0.10%"
"11/09/2023","24,075.0","24,070.0","24,085.0","24,045.0","","0.08%"
"08/09/2023","24,055.0","24,055.0","24,125.0","24,055.0","","-0.02%"
"07/09/2023","24,060.0","24,060.0","24,096.5","24,040.0","","0.02%"
"06/09/2023","24,055.0","24,085.0","24,105.0","23,995.0","","0.02%"
"05/09/2023","24,050.0","24,120.0","24,120.0","24,057.5","","-0.04%"
"04/09/2023","24,060.0","24,060.0","24,060.0","24,060.0","","0.00%"
"01/09/2023","24,060.0","24,060.0","24,060.0","24,060.0","","0.00%"
"31/08/2023","24,060.0","24,100.0","24,122.5","24,055.0","","-0.21%"
"30/08/2023","24,110.0","24,165.0","24,191.5","24,110.0","","-0.29%"
"29/08/2023","24,180.0","24,175.0","24,200.0","24,150.0","","0.42%"
"28/08/2023","24,080.0","23,995.0","24,095.0","23,970.0","","0.23%"
"25/08/2023","24,024.0","24,040.0","24,040.0","23,980.0","","0.12%"
"24/08/2023","23,995.0","23,995.0","24,010.5","23,967.5","","0.04%"
"23/08/2023","23,985.0","24,000.0","24,021.0","23,965.0","","0.27%"
"22/08/2023","23,920.0","23,812.5","23,935.0","23,805.0","","0.48%"
"21/08/2023","23,805.0","23,795.0","23,819.0","23,747.5","","0.00%"
"18/08/2023","23,805.0","23,867.5","23,875.0","23,780.0","","-0.19%"
"17/08/2023","23,850.0","23,965.0","23,975.0","23,865.0","","-0.36%"
"16/08/2023","23,935.0","23,975.0","24,007.5","23,915.0","","-0.13%"
"15/08/2023","23,965.0","23,855.0","23,980.0","23,830.0","","0.63%"
"14/08/2023","23,815.0","23,770.0","23,825.5","23,727.5","","0.27%"
"11/08/2023","23,750.0","23,750.0","23,760.0","23,687.5","","0.04%"
"10/08/2023","23,740.0","23,740.0","23,755.0","23,710.0","","0.02%"
"09/08/2023","23,735.0","23,735.0","23,750.5","23,681.0","","0.02%"
"08/08/2023","23,730.0","23,745.0","23,746.5","23,693.5","","0.04%"
"07/08/2023","23,720.0","23,710.0","23,750.0","23,676.5","","-0.02%"
"04/08/2023","23,725.0","23,750.0","23,763.5","23,684.5","","-0.11%"
"03/08/2023","23,750.0","23,770.0","23,775.5","23,745.0","","0.06%"
"02/08/2023","23,735.0","23,692.5","23,751.5","23,670.0","","0.23%"
"01/08/2023","23,680.0","23,677.5","23,695.0","23,664.5","","0.00%"
"31/07/2023","23,680.0","23,682.5","23,691.5","23,670.0","","-0.02%"
"28/07/2023","23,685.0","23,661.5","23,698.5","23,661.5","","0.10%"
"27/07/2023","23,661.0","23,675.0","23,680.0","23,657.0","","-0.02%"
"26/07/2023","23,665.0","23,667.5","23,682.5","23,661.5","","0.04%"
"25/07/2023","23,655.0","23,677.5","23,723.5","23,654.5","","-0.04%"
"24/07/2023","23,665.0","23,665.0","23,676.5","23,645.5","","0.04%"
"21/07/2023","23,656.0","23,665.0","23,670.0","23,636.5","","0.04%"
"20/07/2023","23,647.0","23,697.5","23,697.5","23,635.5","","0.07%"
"19/07/2023","23,630.0","23,642.5","23,654.5","23,630.0","","-0.02%"
"18/07/2023","23,635.0","23,635.0","23,650.5","23,625.0","","0.02%"
"17/07/2023","23,630.0","23,645.0","23,672.0","23,625.0","","0.00%"
"14/07/2023","23,630.0","23,660.0","23,665.0","23,627.5","","-0.15%"
"13/07/2023","23,665.0","23,630.0","23,677.5","23,625.0","","0.02%"
"12/07/2023","23,660.0","23,700.0","23,700.0","23,655.0","","-0.13%"
"11/07/2023","23,690.0","23,635.0","23,715.0","23,628.5","","0.21%"
"10/07/2023","23,640.0","23,630.0","23,672.5","23,603.0","","0.02%"
"07/07/2023","23,635.0","23,712.5","23,717.5","23,640.0","","-0.32%"
"06/07/2023","23,710.0","23,772.5","23,772.5","23,710.0","","-0.15%"
"05/07/2023","23,745.0","23,717.5","23,790.0","23,717.5","","0.19%"
"04/07/2023","23,700.0","23,690.0","23,710.0","23,655.0","","0.02%"
"03/07/2023","23,695.0","23,546.5","23,710.0","23,546.5","","0.51%"
"30/06/2023","23,575.0","23,585.0","23,596.5","23,530.0","","0.03%"
"29/06/2023","23,569.0","23,580.0","23,583.5","23,532.5","","0.06%"
"28/06/2023","23,555.0","23,537.5","23,562.5","23,526.5","","0.15%"
"27/06/2023","23,520.0","23,539.0","23,541.5","23,515.0","","-0.04%"
"26/06/2023","23,530.0","23,525.0","23,540.0","23,490.0","","0.06%"
"23/06/2023","23,515.0","23,520.0","23,527.5","23,497.5","","0.00%"
"22/06/2023","23,515.0","23,502.5","23,527.5","23,502.0","","0.04%"
"21/06/2023","23,505.0","23,525.0","23,531.5","23,510.0","","-0.06%"
"20/06/2023","23,520.0","23,536.0","23,536.0","23,517.5","","0.00%"
"19/06/2023","23,520.0","23,530.5","23,531.5","23,506.0","","0.00%"
"16/06/2023","23,520.0","23,530.0","23,542.5","23,512.5","","-0.02%"
"15/06/2023","23,525.0","23,512.5","23,546.5","23,479.5","","0.11%"
"14/06/2023","23,500.0","23,505.5","23,514.0","23,503.0","","0.02%"
"13/06/2023","23,495.0","23,498.0","23,504.0","23,482.5","","0.06%"
"12/06/2023","23,480.0","23,472.5","23,488.5","23,470.5","","0.04%"
"09/06/2023","23,470.0","23,487.5","23,495.0","23,477.0","","-0.09%"
"08/06/2023","23,490.0","23,487.5","23,499.0","23,482.5","","0.02%"
"07/06/2023","23,485.0","23,485.0","23,492.5","23,476.5","","0.00%"
"06/06/2023","23,485.0","23,495.0","23,500.0","23,470.0","","-0.04%"
"05/06/2023","23,495.0","23,487.5","23,508.5","23,472.5","","0.09%"
"02/06/2023","23,475.0","23,480.0","23,483.5","23,455.0","","-0.04%"
"01/06/2023","23,485.0","23,491.0","23,492.5","23,476.5","","0.00%"
"31/05/2023","23,485.0","23,485.0","23,497.5","23,485.0","","0.02%"
"30/05/2023","23,480.0","23,477.5","23,492.0","23,472.5","","0.06%"
"29/05/2023","23,465.0","23,482.5","23,484.0","23,465.0","","-0.04%"
"26/05/2023","23,475.0","23,477.5","23,485.0","23,472.5","","0.02%"
"25/05/2023","23,470.0","23,485.0","23,492.5","23,469.0","","0.00%"
"24/05/2023","23,470.0","23,495.0","23,510.0","23,445.0","","0.00%"
"23/05/2023","23,470.0","23,444.0","23,482.5","23,442.5","","0.14%"
"22/05/2023","23,438.0","23,455.0","23,467.5","23,438.0","","-0.09%"
"19/05/2023","23,460.0","23,465.0","23,546.0","23,427.5","","0.04%"
"18/05/2023","23,450.0","23,455.0","23,460.0","23,411.0","","0.00%"
"17/05/2023","23,450.0","23,455.0","23,455.5","23,446.5","","0.00%"
"16/05/2023","23,450.0","23,457.0","23,472.5","23,449.0","","-0.03%"
"15/05/2023","23,458.0","23,464.0","23,471.5","23,446.5","","0.03%"
"12/05/2023","23,450.0","23,460.0","23,475.0","23,455.0","","-0.06%"
"11/05/2023","23,465.0","23,470.0","23,475.0","23,462.5","","0.00%"
"10/05/2023","23,465.0","23,467.5","23,475.0","23,449.5","","0.02%"
"09/05/2023","23,460.0","23,452.5","23,469.0","23,448.0","","0.07%"
"08/05/2023","23,443.0","23,450.0","23,460.0","23,444.0","","0.01%"
"05/05/2023","23,440.0","23,452.5","23,455.0","23,445.0","","-0.02%"
"04/05/2023","23,445.0","23,452.5","23,457.5","23,444.5","","-0.02%"
"03/05/2023","23,450.0","23,450.0","23,450.0","23,450.0","","0.00%"
"02/05/2023","23,450.0","23,450.0","23,450.0","23,450.0","","0.00%"
"01/05/2023","23,450.0","23,450.0","23,450.0","23,450.0","","0.00%"
"28/04/2023","23,450.0","23,455.0","23,483.0","23,451.0","","0.02%"
"27/04/2023","23,445.0","23,475.0","23,492.5","23,455.0","","-0.09%"
"26/04/2023","23,465.0","23,492.5","23,495.0","23,472.5","","-0.03%"
"25/04/2023","23,473.0","23,480.0","23,496.0","23,473.0","","-0.09%"
"24/04/2023","23,494.0","23,490.0","23,497.0","23,477.5","","0.04%"
"21/04/2023","23,485.0","23,492.5","23,508.5","23,450.0","","-0.01%"
"20/04/2023","23,488.0","23,500.0","23,562.5","23,482.5","","-0.10%"
"19/04/2023","23,511.0","23,517.5","23,518.0","23,452.0","","0.03%"
"18/04/2023","23,505.0","23,510.0","23,517.0","23,472.5","","0.09%"
"17/04/2023","23,485.0","23,455.0","23,495.0","23,446.5","","0.19%"
"14/04/2023","23,440.0","23,445.5","23,451.0","23,442.5","","0.00%"
"13/04/2023","23,440.0","23,447.0","23,453.5","23,440.0","","-0.01%"
"12/04/2023","23,442.0","23,450.0","23,454.5","23,445.0","","-0.01%"
"11/04/2023","23,445.0","23,447.0","23,457.0","23,444.0","","0.02%"
"10/04/2023","23,440.0","23,450.0","23,452.5","23,442.0","","-0.01%"
"07/04/2023","23,442.0","23,450.0","23,460.0","23,444.5","","-0.04%"
"06/04/2023","23,451.0","23,457.5","23,475.0","23,447.5","","-0.06%"
"05/04/2023","23,465.0","23,470.0","23,497.5","23,455.0","","0.02%"
"04/04/2023","23,460.0","23,485.0","23,495.0","23,456.0","","-0.04%"
"03/04/2023","23,470.0","23,465.0","23,515.0","23,456.0","","0.09%"
"31/03/2023","23,450.0","23,472.5","23,510.0","23,456.0","","-0.09%"
"30/03/2023","23,470.0","23,480.0","23,490.0","23,470.0","","-0.04%"
"29/03/2023","23,480.0","23,515.0","23,515.0","23,481.0","","0.00%"
"28/03/2023","23,480.0","23,517.0","23,521.0","23,492.5","","-0.09%"
"27/03/2023","23,500.0","23,515.0","23,532.5","23,510.0","","-0.04%"
"24/03/2023","23,510.0","23,515.0","23,525.0","23,495.0","","0.09%"
"23/03/2023","23,490.0","23,505.0","23,520.0","23,490.0","","-0.09%"
"22/03/2023","23,510.0","23,565.0","23,570.0","23,490.0","","-0.25%"
"21/03/2023","23,570.0","23,590.0","23,595.0","23,577.5","","0.00%"
"20/03/2023","23,570.0","23,590.0","23,590.0","23,576.0","","0.00%"
"17/03/2023","23,570.0","23,585.0","23,607.5","23,575.0","","0.04%"
"16/03/2023","23,560.0","23,582.5","23,587.5","23,562.5","","-0.02%"
"15/03/2023","23,565.0","23,585.0","23,602.5","23,572.5","","-0.02%"
"14/03/2023","23,570.0","23,580.0","23,610.0","23,567.5","","0.00%"
"13/03/2023","23,570.0","23,675.0","23,675.0","23,537.5","","-0.38%"
"10/03/2023","23,660.0","23,695.0","23,705.0","23,675.0","","-0.08%"
"09/03/2023","23,680.0","23,725.0","23,756.0","23,695.0","","-0.13%"
"08/03/2023","23,710.0","23,725.0","23,757.5","23,695.0","","0.30%"
"07/03/2023","23,640.0","23,635.0","23,667.5","23,600.0","","-0.04%"
"06/03/2023","23,650.0","23,725.0","23,733.0","23,657.5","","-0.25%"
"03/03/2023","23,710.0","23,730.0","23,738.5","23,715.0","","0.04%"
"02/03/2023","23,700.0","23,715.0","23,735.0","23,699.5","","-0.04%"
"01/03/2023","23,710.0","23,745.0","23,790.0","23,720.0","","-0.13%"
"28/02/2023","23,740.0","23,795.0","23,807.5","23,760.0","","-0.27%"
"27/02/2023","23,805.0","23,825.0","23,835.0","23,788.0","","0.11%"
"24/02/2023","23,780.0","23,830.0","23,847.5","23,771.0","","-0.15%"
"23/02/2023","23,815.0","23,870.0","23,870.0","23,750.0","","0.15%"
"22/02/2023","23,780.0","23,735.0","23,805.0","23,735.0","","0.32%"
"21/02/2023","23,705.0","23,740.0","23,805.0","23,695.0","","-0.08%"
"20/02/2023","23,725.0","23,830.0","23,855.0","23,690.0","","-0.36%"
"17/02/2023","23,810.0","23,780.0","23,835.0","23,755.0","","0.55%"
"16/02/2023","23,680.0","23,640.0","23,707.5","23,607.5","","0.28%"
"15/02/2023","23,615.0","23,610.0","23,641.5","23,605.0","","0.06%"
"14/02/2023","23,600.0","23,605.0","23,622.5","23,590.0","","0.02%"
"13/02/2023","23,595.0","23,590.0","23,610.0","23,561.0","","0.13%"
"10/02/2023","23,565.0","23,575.0","23,630.0","23,565.0","","0.02%"
"09/02/2023","23,560.0","23,610.0","23,640.0","23,565.0","","-0.13%"
"08/02/2023","23,590.0","23,625.0","23,634.5","23,587.5","","-0.04%"
"07/02/2023","23,600.0","23,505.0","23,615.0","23,505.0","","0.51%"
"06/02/2023","23,480.0","23,451.0","23,505.0","23,450.5","","0.17%"
"03/02/2023","23,440.0","23,447.5","23,505.0","23,444.0","","-0.04%"
"02/02/2023","23,449.0","23,449.0","23,454.5","23,442.5","","0.04%"
"01/02/2023","23,440.0","23,449.0","23,495.0","23,445.0","","-0.02%"
"31/01/2023","23,445.0","23,450.0","23,476.0","23,445.0","","-0.11%"
"30/01/2023","23,470.0","23,475.0","23,477.5","23,447.5","","0.04%"
"27/01/2023","23,460.0","23,485.0","23,485.0","23,445.0","","0.09%"
"26/01/2023","23,440.0","23,440.0","23,440.0","23,440.0","","0.00%"
"25/01/2023","23,440.0","23,440.0","23,440.0","23,440.0","","0.00%"
"24/01/2023","23,440.0","23,440.0","23,440.0","23,440.0","","0.00%"
"23/01/2023","23,440.0","23,440.0","23,440.0","23,440.0","","0.00%"
"20/01/2023","23,440.0","23,440.0","23,440.0","23,440.0","","0.00%"
"19/01/2023","23,440.0","23,450.0","23,485.0","23,435.0","","0.01%"
"18/01/2023","23,437.0","23,435.0","23,470.0","23,430.0","","0.04%"
"17/01/2023","23,427.0","23,439.0","23,450.0","23,430.0","","-0.08%"
"16/01/2023","23,445.0","23,440.0","23,450.0","23,427.5","","0.04%"
"13/01/2023","23,435.0","23,442.5","23,450.5","23,439.5","0.02K","-0.01%"
"12/01/2023","23,438.0","23,445.0","23,460.0","23,441.0","0.02K","-0.01%"
"11/01/2023","23,440.0","23,449.0","23,465.0","23,444.5","0.02K","-0.02%"
"10/01/2023","23,445.0","23,450.0","23,482.5","23,447.5","0.02K","-0.01%"
"09/01/2023","23,447.0","23,470.0","23,485.0","23,452.0","0.02K","-0.06%"
"06/01/2023","23,460.0","23,485.0","23,515.0","23,460.0","0.02K","-0.06%"
"05/01/2023","23,475.0","23,520.0","23,522.5","23,470.0","0.03K","-0.15%"
"04/01/2023","23,510.0","23,530.0","23,562.5","23,504.0","0.03K","-0.02%"
"03/01/2023","23,515.0","23,575.0","23,590.0","23,490.0","0.04K","-0.40%"
"02/01/2023","23,610.0","23,610.0","23,610.0","23,610.0","","0.00%"
"30/12/2022","23,610.0","23,620.0","23,645.0","23,555.0","0.02K","0.04%"
"29/12/2022","23,600.0","23,640.0","23,675.0","23,620.0","0.03K","-0.08%"
"28/12/2022","23,620.0","23,600.0","23,642.5","23,577.5","0.04K","0.17%"
"27/12/2022","23,580.0","23,605.0","23,630.0","23,565.0","0.03K","-0.04%"
"26/12/2022","23,590.0","23,605.0","23,657.5","23,587.5","0.03K","0.13%"
"23/12/2022","23,560.0","23,640.0","23,675.0","23,570.0","0.03K","-0.30%"
"22/12/2022","23,630.0","23,715.0","23,745.0","23,647.5","0.05K","-0.30%"
"21/12/2022","23,700.0","23,740.0","23,760.0","23,692.0","0.03K","-0.13%"
"20/12/2022","23,730.0","23,785.0","23,855.0","23,730.0","0.06K","0.13%"
"19/12/2022","23,700.0","23,605.0","23,715.0","23,590.0","0.02K","0.51%"
"16/12/2022","23,580.0","23,555.0","23,610.0","23,525.0","0.03K","0.34%"
"15/12/2022","23,500.0","23,545.0","23,592.5","23,492.5","0.03K","-0.09%"
"14/12/2022","23,520.0","23,525.0","23,575.0","23,475.0","0.04K","-0.34%"
"13/12/2022","23,600.0","23,705.0","23,705.0","23,575.0","0.04K","-0.34%"
"12/12/2022","23,680.0","23,575.0","23,705.0","23,525.0","0.04K","0.55%"
"09/12/2022","23,550.0","23,625.0","23,625.0","23,515.0","0.02K","-0.97%"
"08/12/2022","23,780.0","23,895.0","23,930.0","23,805.0","0.03K","-0.50%"
"07/12/2022","23,900.0","24,000.0","24,015.0","23,825.5","0.05K","-0.33%"
"06/12/2022","23,980.0","24,025.0","24,095.0","24,000.0","0.03K","0.00%"
"05/12/2022","23,980.0","24,115.0","24,125.0","23,925.0","0.03K","-1.52%"
"02/12/2022","24,350.0","24,455.0","24,455.0","24,362.5","0.01K","-0.61%"
"01/12/2022","24,500.0","24,530.0","24,550.0","24,490.0","0.03K","-0.53%"
"30/11/2022","24,630.0","24,740.0","24,741.5","24,635.0","0.04K","-0.48%"
"29/11/2022","24,750.0","24,765.0","24,795.0","24,720.0","0.03K","-0.08%"
"28/11/2022","24,770.0","24,780.0","24,826.5","24,767.5","0.02K","0.04%"
"25/11/2022","24,760.0","24,835.0","24,853.5","24,755.0","0.03K","-0.29%"
"24/11/2022","24,833.0","24,845.0","24,851.5","24,835.0","0.02K","-0.04%"
"23/11/2022","24,844.0","24,840.0","24,852.5","24,839.5","0.02K","-0.02%"
"22/11/2022","24,850.0","24,845.0","24,854.5","24,822.5","0.01K","0.06%"
"21/11/2022","24,835.0","24,817.5","24,842.5","24,795.0","0.02K","0.14%"
"18/11/2022","24,800.0","24,800.0","24,816.0","24,790.0","0.03K","-0.02%"
"17/11/2022","24,805.0","24,785.0","24,836.0","24,782.5","0.03K","0.12%"
"16/11/2022","24,775.0","24,771.5","24,807.5","24,764.0","0.03K","0.04%"
"15/11/2022","24,765.0","24,765.0","24,848.5","24,760.0","0.04K","0.12%"
"14/11/2022","24,735.0","24,810.0","24,830.0","24,735.0","0.04K","-0.28%"
"11/11/2022","24,805.0","24,855.0","24,869.0","24,800.0","0.04K","-0.24%"
"10/11/2022","24,865.0","24,860.0","24,872.0","24,855.0","0.02K","0.01%"
"09/11/2022","24,862.0","24,861.0","24,873.5","24,860.5","0.01K","-0.04%"
"08/11/2022","24,871.0","24,861.0","24,871.5","24,861.0","0.01K","0.00%"
"07/11/2022","24,870.0","24,864.0","24,874.5","24,840.0","0.02K","0.00%"
"04/11/2022","24,870.0","24,867.0","24,883.0","24,840.0","0.02K","0.04%"
"03/11/2022","24,860.0","24,859.0","24,872.5","24,855.0","0.02K","0.10%"
"02/11/2022","24,835.0","24,860.0","24,872.5","24,840.0","0.02K","-0.06%"
"01/11/2022","24,850.0","24,855.0","24,875.0","24,822.5","0.02K","0.04%"
"31/10/2022","24,840.0","24,830.0","24,860.0","24,830.0","0.03K","0.08%"
"28/10/2022","24,820.0","24,850.0","24,850.0","24,812.5","0.03K","-0.04%"
"27/10/2022","24,830.0","24,830.0","24,851.0","24,810.0","0.03K","0.00%"
"26/10/2022","24,830.0","24,855.0","24,862.5","24,832.5","0.03K","-0.04%"
"25/10/2022","24,840.0","24,850.0","24,867.5","24,825.0","0.02K","0.04%"
"24/10/2022","24,830.0","24,855.0","24,872.5","24,810.0","0.01K","0.04%"
"21/10/2022","24,820.0","24,555.0","24,845.0","24,552.5","0.03K","1.18%"
"20/10/2022","24,530.0","24,455.0","24,564.0","24,455.0","0.03K","0.33%"
"19/10/2022","24,450.0","24,450.0","24,580.0","24,445.0","0.04K","0.08%"
"18/10/2022","24,430.0","24,340.0","24,445.0","24,325.0","0.04K","0.49%"
"17/10/2022","24,310.0","24,135.0","24,355.0","24,135.0","0.04K","0.83%"
"14/10/2022","24,110.0","24,105.0","24,183.5","24,100.0","0.03K","-0.04%"
"13/10/2022","24,120.0","23,965.0","24,155.0","23,965.0","0.05K","0.73%"
"12/10/2022","23,945.0","23,935.0","23,977.5","23,891.5","0.04K","0.08%"
"11/10/2022","23,925.0","23,887.5","23,942.5","23,885.0","0.04K","0.23%"
"10/10/2022","23,870.0","23,890.0","23,895.0","23,877.5","0.03K","-0.02%"
"07/10/2022","23,875.0","23,885.0","23,895.0","23,860.0","0.03K","0.02%"
"06/10/2022","23,870.0","23,875.0","23,887.5","23,825.0","0.03K","0.02%"
"05/10/2022","23,865.0","23,835.0","23,907.5","23,835.0","0.03K","-0.04%"
"04/10/2022","23,875.0","23,872.5","23,907.5","23,860.0","0.04K","-0.02%"
"03/10/2022","23,880.0","23,835.0","23,913.5","23,835.0","0.05K","0.10%"
"30/09/2022","23,855.0","23,825.0","23,887.5","23,815.0","0.04K","0.15%"
"29/09/2022","23,820.0","23,741.0","23,860.0","23,741.0","0.04K","0.38%"
"28/09/2022","23,730.0","23,732.5","23,782.5","23,731.0","0.04K","0.00%"
"27/09/2022","23,730.0","23,727.5","23,740.5","23,722.5","0.03K","0.06%"
"26/09/2022","23,715.0","23,740.0","23,742.5","23,707.5","0.04K","0.06%"
"23/09/2022","23,700.0","23,715.0","23,715.0","23,704.5","0.02K","0.00%"
"22/09/2022","23,700.0","23,710.0","23,715.0","23,702.5","0.03K","0.04%"
"21/09/2022","23,690.0","23,680.0","23,698.5","23,667.5","0.03K","0.08%"
"20/09/2022","23,670.0","23,675.0","23,682.0","23,667.0","0.02K","0.00%"
"19/09/2022","23,670.0","23,660.0","23,681.0","23,645.0","0.04K","0.08%"
"16/09/2022","23,650.0","23,645.0","23,672.5","23,590.0","0.03K","0.13%"
"15/09/2022","23,620.0","23,600.0","23,630.0","23,595.0","0.04K","0.13%"
"14/09/2022","23,590.0","23,590.0","23,607.5","23,582.5","0.04K","0.16%"
"13/09/2022","23,553.0","23,535.0","23,560.0","23,520.0","0.04K","0.14%"
"12/09/2022","23,520.0","23,522.5","23,570.0","23,511.0","0.03K","0.02%"
"09/09/2022","23,515.0","23,550.0","23,620.0","23,522.5","0.04K","-0.11%"
"08/09/2022","23,542.0","23,600.0","23,632.5","23,510.0","0.07K","-0.16%"
"07/09/2022","23,580.0","23,547.5","23,635.0","23,530.0","0.05K","0.26%"
"06/09/2022","23,520.0","23,530.0","23,552.5","23,475.0","0.02K","0.06%"
"05/09/2022","23,505.0","23,470.0","23,567.5","23,445.0","0.04K","0.23%"
"02/09/2022","23,450.0","23,450.0","23,450.0","23,450.0","","0.00%"
"01/09/2022","23,450.0","23,450.0","23,450.0","23,450.0","","0.00%"
"31/08/2022","23,450.0","23,435.0","23,467.5","23,420.0","0.03K","0.15%"
"30/08/2022","23,415.0","23,435.0","23,435.0","23,402.5","0.04K","-0.06%"
"29/08/2022","23,430.0","23,420.0","23,445.0","23,397.0","0.05K","0.08%"
"26/08/2022","23,412.0","23,425.0","23,440.5","23,411.5","0.03K","-0.05%"
"25/08/2022","23,423.0","23,440.0","23,460.0","23,415.0","0.04K","-0.01%"
"24/08/2022","23,425.0","23,435.0","23,489.0","23,405.0","0.08K","-0.02%"
"23/08/2022","23,430.0","23,420.0","23,435.0","23,405.0","0.03K","0.09%"
"22/08/2022","23,410.0","23,405.0","23,415.0","23,401.0","0.02K","0.04%"
"19/08/2022","23,400.0","23,406.0","23,406.0","23,398.5","0.02K","0.00%"
"18/08/2022","23,401.0","23,405.0","23,406.0","23,394.5","0.03K","0.00%"
"17/08/2022","23,401.0","23,408.0","23,413.0","23,397.5","0.03K","-0.01%"
"16/08/2022","23,403.0","23,410.0","23,413.5","23,385.0","0.03K","0.01%"
"15/08/2022","23,400.0","23,400.0","23,408.5","23,393.5","0.03K","0.03%"
"12/08/2022","23,392.0","23,398.0","23,404.5","23,380.0","0.03K","0.01%"
"11/08/2022","23,390.0","23,385.0","23,395.0","23,380.0","0.02K","0.02%"
"10/08/2022","23,385.0","23,390.0","23,394.5","23,384.5","0.02K","0.00%"
"09/08/2022","23,385.0","23,390.0","23,401.5","23,387.5","0.03K","-0.01%"
"08/08/2022","23,388.0","23,395.0","23,398.5","23,385.0","0.02K","0.01%"
"05/08/2022","23,385.0","23,395.0","23,412.5","23,372.5","0.03K","-0.03%"
"04/08/2022","23,393.0","23,405.0","23,416.5","23,375.5","0.03K","0.00%"
"03/08/2022","23,394.0","23,357.5","23,402.5","23,356.0","0.04K","0.18%"
"02/08/2022","23,353.0","23,362.0","23,381.5","23,347.5","0.03K","-0.01%"
"01/08/2022","23,355.0","23,345.0","23,364.0","23,341.0","0.04K","0.09%"
"29/07/2022","23,335.0","23,372.5","23,401.5","23,340.0","0.03K","-0.10%"
"28/07/2022","23,358.0","23,370.0","23,380.0","23,354.5","0.04K","-0.07%"
"27/07/2022","23,375.0","23,355.0","23,383.5","23,355.0","0.03K","0.02%"
"26/07/2022","23,370.0","23,385.0","23,387.5","23,350.0","0.04K","-0.06%"
"25/07/2022","23,385.0","23,395.0","23,409.5","23,385.0","0.02K","-0.06%"
"22/07/2022","23,400.0","23,415.0","23,427.5","23,397.5","0.03K","-0.04%"
"21/07/2022","23,410.0","23,415.0","23,429.5","23,382.5","0.03K","0.00%"
"20/07/2022","23,410.0","23,435.0","23,443.5","23,412.0","0.03K","-0.01%"
"19/07/2022","23,412.0","23,460.0","23,460.0","23,401.5","0.04K","-0.12%"
"18/07/2022","23,440.0","23,435.0","23,447.5","23,401.5","0.02K","-0.04%"
"15/07/2022","23,450.0","23,420.0","23,455.0","23,401.5","0.05K","0.15%"
"14/07/2022","23,415.0","23,395.0","23,420.0","23,340.0","0.03K","0.12%"
"13/07/2022","23,388.0","23,395.0","23,399.0","23,379.5","0.02K","0.00%"
"12/07/2022","23,389.0","23,363.0","23,394.0","23,363.0","0.03K","0.18%"
"11/07/2022","23,347.0","23,355.0","23,357.5","23,330.0","0.04K","-0.03%"
"08/07/2022","23,355.0","23,380.0","23,384.5","23,339.0","0.04K","0.02%"
"07/07/2022","23,350.0","23,375.0","23,388.0","23,350.0","0.04K","-0.10%"
"06/07/2022","23,373.0","23,370.0","23,380.0","23,363.0","0.04K","0.06%"
"05/07/2022","23,360.0","23,358.0","23,375.0","23,353.0","0.03K","0.11%"
"04/07/2022","23,335.0","23,345.0","23,377.5","23,317.5","0.04K","0.15%"
"01/07/2022","23,300.0","23,265.0","23,320.0","23,260.0","0.04K","0.19%"
"30/06/2022","23,255.0","23,270.0","23,292.5","23,237.5","0.05K","-0.04%"
"29/06/2022","23,265.0","23,260.0","23,270.0","23,238.0","0.05K","0.04%"
"28/06/2022","23,255.0","23,248.0","23,262.0","23,204.0","0.03K","0.04%"
"27/06/2022","23,245.0","23,245.0","23,256.5","23,245.0","0.02K","-0.01%"
"24/06/2022","23,247.0","23,250.0","23,259.0","23,237.5","0.03K","0.01%"
"23/06/2022","23,244.0","23,236.5","23,256.0","23,225.0","0.03K","0.04%"
"22/06/2022","23,235.0","23,234.0","23,246.0","23,225.0","0.03K","0.04%"
"21/06/2022","23,226.0","23,227.0","23,241.5","23,222.5","0.03K","-0.02%"
"20/06/2022","23,230.0","23,193.0","23,250.0","23,193.0","0.03K","0.04%"
"17/06/2022","23,220.0","23,240.0","23,245.0","23,224.5","0.03K","-0.05%"
"16/06/2022","23,232.0","23,240.0","23,242.5","23,219.0","0.04K","0.01%"
"15/06/2022","23,230.0","23,218.0","23,235.0","23,217.5","0.03K","0.09%"
"14/06/2022","23,210.0","23,210.0","23,250.0","23,201.0","0.04K","0.06%"
"13/06/2022","23,195.0","23,188.0","23,212.5","23,170.0","0.03K","0.08%"
"10/06/2022","23,177.0","23,160.0","23,193.0","23,160.0","0.03K","0.10%"
"09/06/2022","23,155.0","23,192.0","23,192.0","23,160.0","0.03K","-0.14%"
"08/06/2022","23,187.0","23,190.0","23,193.0","23,187.5","0.02K","0.01%"
"07/06/2022","23,185.0","23,187.5","23,201.0","23,186.5","0.02K","0.02%"
"06/06/2022","23,180.0","23,190.0","23,208.5","23,185.0","0.02K","-0.03%"
"03/06/2022","23,187.0","23,198.0","23,204.0","23,184.5","0.02K","-0.03%"
"02/06/2022","23,193.0","23,205.0","23,211.0","23,190.0","0.03K","-0.01%"
"01/06/2022","23,196.0","23,190.0","23,211.0","23,185.0","0.03K","0.05%"
"31/05/2022","23,185.0","23,182.0","23,191.5","23,181.0","0.03K","0.04%"
"30/05/2022","23,176.0","23,187.0","23,205.0","23,178.5","0.03K","-0.08%"
"27/05/2022","23,195.0","23,210.0","23,210.0","23,188.0","0.04K","-0.04%"
"26/05/2022","23,205.0","23,200.0","23,215.0","23,195.0","0.04K","0.06%"
"25/05/2022","23,190.0","23,208.0","23,215.0","23,170.0","0.04K","-0.09%"
"24/05/2022","23,210.0","23,177.5","23,225.0","23,172.5","0.04K","0.17%"
"23/05/2022","23,170.0","23,167.0","23,175.0","23,129.0","0.03K","0.04%"
"20/05/2022","23,160.0","23,169.0","23,178.0","23,129.0","0.03K","0.09%"
"19/05/2022","23,140.0","23,142.5","23,174.5","23,112.0","0.07K","0.00%"
"18/05/2022","23,139.0","23,122.5","23,142.5","23,118.5","0.06K","0.08%"
"17/05/2022","23,120.0","23,097.5","23,175.5","23,085.0","0.09K","0.11%"
"16/05/2022","23,095.0","23,097.5","23,097.5","23,078.0","0.05K","0.04%"
"13/05/2022","23,086.0","23,097.5","23,097.5","23,084.0","0.06K","-0.04%"
"12/05/2022","23,096.0","23,055.0","23,102.5","23,040.0","0.06K","0.20%"
"11/05/2022","23,050.0","22,945.5","23,105.0","22,945.5","0.08K","0.48%"
"10/05/2022","22,941.0","22,952.5","22,962.5","22,937.0","0.06K","-0.04%"
"09/05/2022","22,950.0","22,960.0","22,963.0","22,944.0","0.05K","-0.02%"
"06/05/2022","22,955.0","22,960.5","22,971.5","22,952.0","0.04K","0.00%"
"05/05/2022","22,955.0","22,967.5","22,976.0","22,947.0","0.07K","-0.05%"
"04/05/2022","22,966.0","22,964.5","22,976.5","22,957.5","0.05K","0.02%"
"03/05/2022","22,962.0","22,962.0","22,962.0","22,962.0","","0.00%"
"02/05/2022","22,962.0","22,962.0","22,962.0","22,962.0","","0.00%"
"29/04/2022","22,962.0","22,959.5","22,975.5","22,954.0","0.03K","0.03%"
"28/04/2022","22,956.0","22,961.5","22,968.0","22,948.5","0.06K","-0.04%"
"27/04/2022","22,965.0","22,974.5","22,983.5","22,960.0","0.04K","-0.02%"
"26/04/2022","22,970.0","22,985.0","22,986.0","22,970.0","0.04K","-0.06%"
"25/04/2022","22,983.0","22,971.5","22,986.5","22,963.0","0.04K","0.08%"
"22/04/2022","22,965.0","22,970.5","22,972.5","22,963.0","0.02K","0.01%"
"21/04/2022","22,962.0","22,966.0","22,986.5","22,926.0","0.05K","0.00%"
"20/04/2022","22,962.0","22,962.5","22,986.5","22,916.5","0.05K","0.03%"
"19/04/2022","22,955.0","22,923.5","22,965.0","22,903.0","0.05K","0.28%"
"18/04/2022","22,890.0","22,902.5","22,931.5","22,892.5","0.06K","-0.04%"
"15/04/2022","22,899.0","22,902.0","22,906.5","22,842.5","0.04K","0.00%"
"14/04/2022","22,900.0","22,891.0","22,903.0","22,888.5","0.05K","0.06%"
"13/04/2022","22,887.0","22,894.5","22,943.0","22,875.0","0.04K","0.00%"
"12/04/2022","22,888.0","22,874.5","22,890.5","22,863.0","0.04K","0.12%"
"11/04/2022","22,860.0","22,860.0","22,860.0","22,860.0","","0.00%"
"08/04/2022","22,860.0","22,857.5","22,874.0","22,842.5","0.05K","0.00%"
"07/04/2022","22,859.0","22,866.0","22,875.0","22,840.0","0.06K","-0.03%"
"06/04/2022","22,866.0","22,877.5","22,878.5","22,842.5","0.05K","-0.03%"
"05/04/2022","22,873.0","22,848.5","22,876.5","22,842.5","0.05K","0.12%"
"04/04/2022","22,846.0","22,850.0","22,853.5","22,835.5","0.04K","0.04%"
"01/04/2022","22,837.0","22,839.5","22,855.0","22,832.0","0.04K","0.00%"
"31/03/2022","22,838.0","22,856.5","22,868.0","22,832.0","0.04K","-0.07%"
"30/03/2022","22,854.0","22,878.0","22,879.0","22,852.0","0.05K","-0.05%"
"29/03/2022","22,865.0","22,877.5","22,879.0","22,865.0","0.05K","0.02%"
"28/03/2022","22,860.0","22,872.0","22,877.5","22,842.5","0.04K","0.00%"
"25/03/2022","22,861.0","22,869.5","22,877.0","22,842.5","0.05K","-0.03%"
"24/03/2022","22,869.0","22,874.5","22,880.0","22,842.5","0.05K","-0.01%"
"23/03/2022","22,872.0","22,877.5","22,883.5","22,860.0","0.05K","0.01%"
"22/03/2022","22,870.0","22,870.0","22,877.5","22,842.5","0.03K","0.04%"
"21/03/2022","22,860.0","22,865.0","22,894.5","22,842.5","0.03K","0.00%"
"18/03/2022","22,860.0","22,872.5","22,877.5","22,857.0","0.03K","-0.02%"
"17/03/2022","22,865.0","22,875.5","22,882.0","22,863.5","0.05K","-0.06%"
"16/03/2022","22,879.0","22,879.5","22,886.5","22,866.5","0.05K","0.00%"
"15/03/2022","22,880.0","22,892.5","22,902.5","22,876.5","0.04K","-0.04%"
"14/03/2022","22,890.0","22,850.0","22,902.0","22,836.5","0.04K","0.07%"
"11/03/2022","22,873.0","22,840.0","22,920.0","22,837.5","0.05K","0.17%"
"10/03/2022","22,835.0","22,850.0","22,856.5","22,835.0","0.03K","0.00%"
"09/03/2022","22,835.0","22,847.5","22,852.5","22,834.0","0.03K","-0.04%"
"08/03/2022","22,845.0","22,850.0","22,854.0","22,842.5","0.03K","0.00%"
"07/03/2022","22,845.0","22,845.0","22,862.5","22,837.5","0.03K","0.07%"
"04/03/2022","22,830.0","22,840.0","22,845.0","22,835.0","0.02K","-0.02%"
"03/03/2022","22,835.0","22,845.0","22,855.0","22,818.0","0.03K","-0.02%"
"02/03/2022","22,840.0","22,821.0","22,845.0","22,810.0","0.02K","0.11%"
"01/03/2022","22,815.0","22,810.0","22,821.5","22,805.0","0.02K","0.04%"
"28/02/2022","22,805.0","22,842.5","22,869.5","22,805.0","0.05K","-0.07%"
"25/02/2022","22,820.0","22,845.0","22,845.0","22,815.0","0.03K","-0.09%"
"24/02/2022","22,840.0","22,830.0","22,845.0","22,820.0","0.03K","0.07%"
"23/02/2022","22,825.0","22,825.0","22,837.0","22,823.0","0.02K","0.04%"
"22/02/2022","22,815.0","22,810.0","22,839.0","22,800.0","0.03K","0.07%"
"21/02/2022","22,800.0","22,835.0","22,842.5","22,800.0","0.03K","-0.09%"
"18/02/2022","22,820.0","22,790.0","22,905.0","22,790.0","0.04K","0.15%"
"17/02/2022","22,785.0","22,752.5","22,790.0","22,752.5","0.02K","0.15%"
"16/02/2022","22,750.0","22,752.5","22,765.0","22,745.0","0.03K","0.00%"
"15/02/2022","22,750.0","22,747.5","22,765.0","22,740.0","0.03K","0.11%"
"14/02/2022","22,725.0","22,695.0","22,755.0","22,695.0","0.03K","0.18%"
"11/02/2022","22,685.0","22,684.0","22,700.0","22,675.5","0.02K","0.02%"
"10/02/2022","22,680.0","22,685.0","22,707.5","22,681.5","0.02K","0.00%"
"09/02/2022","22,680.0","22,742.5","22,750.0","22,690.0","0.02K","-0.15%"
"08/02/2022","22,715.0","22,695.0","22,722.5","22,670.0","0.02K","0.22%"
"07/02/2022","22,665.0","22,652.5","22,682.5","22,640.0","0.02K","0.09%"
"04/02/2022","22,645.0","22,645.0","22,645.0","22,645.0","","0.00%"
"03/02/2022","22,645.0","22,645.0","22,645.0","22,645.0","","0.00%"
"02/02/2022","22,645.0","22,645.0","22,645.0","22,645.0","","0.00%"
"01/02/2022","22,645.0","22,645.0","22,645.0","22,645.0","","0.00%"
"31/01/2022","22,645.0","22,645.0","22,645.0","22,645.0","","0.00%"
"28/01/2022","22,645.0","22,650.0","22,670.0","22,637.5","0.02K","0.07%"
"27/01/2022","22,630.0","22,640.0","22,659.5","22,635.0","0.02K","0.00%"
"26/01/2022","22,630.0","22,635.0","22,675.0","22,630.0","0.02K","0.00%"
"25/01/2022","22,630.0","22,635.0","22,702.5","22,635.0","0.03K","-0.20%"
"24/01/2022","22,675.0","22,630.0","22,700.0","22,625.0","0.03K","0.22%"
"21/01/2022","22,625.0","22,650.0","22,675.0","22,617.5","0.04K","-0.09%"
"20/01/2022","22,645.0","22,700.0","22,740.0","22,640.0","0.03K","-0.24%"
"19/01/2022","22,700.0","22,735.0","22,810.0","22,700.0","0.03K","-0.22%"
"18/01/2022","22,750.0","22,750.0","22,815.0","22,730.0","0.03K","0.13%"
"17/01/2022","22,720.0","22,720.0","22,736.5","22,710.0","0.02K","0.04%"
"14/01/2022","22,710.0","22,730.0","22,730.0","22,690.0","0.02K","0.00%"
"13/01/2022","22,710.0","22,702.5","22,715.0","22,685.0","0.02K","0.05%"
"12/01/2022","22,698.0","22,690.0","22,710.0","22,690.0","0.03K","0.00%"
"11/01/2022","22,698.0","22,705.0","22,730.0","22,680.0","0.03K","0.01%"
"10/01/2022","22,695.0","22,752.5","22,760.0","22,675.0","0.03K","0.04%"
"07/01/2022","22,685.0","22,745.0","22,751.5","22,685.0","0.02K","-0.26%"
"06/01/2022","22,745.0","22,757.5","22,811.0","22,747.5","0.02K","-0.04%"
"05/01/2022","22,755.0","22,750.0","22,770.0","22,735.0","0.02K","0.01%"
"04/01/2022","22,752.0","22,770.0","22,782.5","22,750.0","0.02K","-0.32%"
"03/01/2022","22,825.0","22,825.0","22,825.0","22,825.0","","0.00%"
"31/12/2021","22,825.0","22,760.0","22,857.5","22,747.5","0.03K","0.26%"
"30/12/2021","22,765.0","22,822.5","22,840.0","22,770.0","0.02K","-0.24%"
"29/12/2021","22,820.0","22,840.0","22,842.5","22,820.0","0.02K","-0.07%"
"28/12/2021","22,835.0","22,820.0","22,890.0","22,802.5","0.03K","0.11%"
"27/12/2021","22,810.0","22,835.0","22,838.5","22,790.0","0.03K","-0.13%"
"24/12/2021","22,840.0","22,940.0","22,955.0","22,850.0","0.03K","-0.48%"
"23/12/2021","22,950.0","22,970.0","22,980.0","22,920.0","0.03K","-0.02%"
"22/12/2021","22,955.0","22,980.0","22,982.5","22,917.5","0.04K","0.10%"
"21/12/2021","22,933.0","22,935.0","22,936.5","22,885.0","0.03K","0.02%"
"20/12/2021","22,928.0","22,930.0","22,985.0","22,915.0","0.02K","-0.23%"
"17/12/2021","22,980.0","23,035.0","23,035.0","22,910.0","0.04K","-0.04%"
"16/12/2021","22,990.0","23,030.0","23,060.0","22,987.5","0.03K","-0.17%"
"15/12/2021","23,030.0","23,020.0","23,075.0","23,010.0","0.04K","0.13%"
"14/12/2021","23,000.0","22,977.5","23,025.0","22,960.0","0.03K","0.11%"
"13/12/2021","22,975.0","23,051.5","23,051.5","22,960.0","0.02K","-0.22%"
"10/12/2021","23,025.0","23,010.0","23,075.0","22,967.5","0.04K","0.20%"
"09/12/2021","22,980.0","22,937.5","22,997.5","22,910.0","0.03K","0.26%"
"08/12/2021","22,920.0","23,065.0","23,080.0","22,920.0","0.06K","-0.65%"
"07/12/2021","23,070.0","23,075.0","23,120.0","23,015.0","0.04K","0.22%"
"06/12/2021","23,020.0","22,855.0","23,125.0","22,825.0","0.03K","0.83%"
"03/12/2021","22,830.0","22,693.5","22,857.5","22,693.5","0.04K","0.44%"
"02/12/2021","22,730.0","22,715.0","22,735.0","22,696.0","0.02K","0.09%"
"01/12/2021","22,710.0","22,690.0","22,715.0","22,690.0","0.02K","0.10%"
"30/11/2021","22,688.0","22,693.0","22,726.0","22,675.0","0.03K","-0.01%"
"29/11/2021","22,690.0","22,675.0","22,695.0","22,670.0","0.02K","0.05%"
"26/11/2021","22,678.0","22,675.0","22,685.0","22,667.0","0.02K","0.04%"
"25/11/2021","22,670.0","22,685.0","22,690.0","22,669.5","0.03K","-0.04%"
"24/11/2021","22,680.0","22,685.0","22,695.0","22,670.0","0.02K","0.02%"
"23/11/2021","22,675.0","22,670.0","22,680.0","22,665.5","0.02K","0.02%"
"22/11/2021","22,670.0","22,667.5","22,675.0","22,643.5","0.02K","0.06%"
"19/11/2021","22,657.0","22,654.0","22,665.0","22,651.5","0.02K","0.03%"
"18/11/2021","22,650.0","22,665.0","22,665.0","22,647.5","0.02K","0.01%"
"17/11/2021","22,648.0","22,649.5","22,655.5","22,645.0","0.02K","-0.01%"
"16/11/2021","22,650.0","22,650.0","22,655.0","22,645.0","0.02K","0.02%"
"15/11/2021","22,645.0","22,650.0","22,662.0","22,644.5","0.02K","0.02%"
"12/11/2021","22,640.0","22,646.0","22,662.0","22,637.0","0.02K","-0.02%"
"11/11/2021","22,645.0","22,647.5","22,659.0","22,644.0","0.01K","-0.07%"
"10/11/2021","22,660.0","22,661.5","22,667.5","22,657.5","0.01K","-0.01%"
"09/11/2021","22,662.0","22,663.5","22,669.5","22,658.5","0.02K","0.01%"
"08/11/2021","22,660.0","22,672.5","22,685.0","22,657.0","0.03K","-0.09%"
"05/11/2021","22,680.0","22,681.0","22,690.0","22,676.0","0.01K","0.00%"
"04/11/2021","22,680.0","22,680.0","22,723.5","22,680.0","0.01K","-0.29%"
"03/11/2021","22,747.0","22,748.0","22,754.0","22,744.0","0.02K","0.00%"
"02/11/2021","22,748.0","22,749.5","22,758.5","22,742.5","0.02K","-0.01%"
"01/11/2021","22,750.0","22,753.0","22,757.5","22,745.5","0.01K","0.00%"
"29/10/2021","22,750.0","22,753.0","22,756.0","22,745.5","0.01K","0.00%"
"28/10/2021","22,750.0","22,755.0","22,762.5","22,753.0","0.01K","-0.02%"
"27/10/2021","22,755.0","22,755.0","22,764.5","22,752.5","0.01K","-0.01%"
"26/10/2021","22,757.0","22,758.5","22,761.5","22,752.0","0.01K","0.05%"
"25/10/2021","22,745.0","22,755.0","22,759.5","22,750.0","0.02K","-0.04%"
"22/10/2021","22,754.0","22,755.0","22,762.0","22,748.5","0.02K","0.02%"
"21/10/2021","22,750.0","22,754.5","22,762.5","22,751.0","0.01K","-0.02%"
"20/10/2021","22,755.0","22,756.5","22,763.0","22,753.0","","0.00%"
"19/10/2021","22,755.0","22,757.0","22,764.0","22,753.5","0.01K","-0.01%"
"18/10/2021","22,758.0","22,792.5","22,794.0","22,757.0","0.01K","0.00%"
"15/10/2021","22,758.0","22,759.0","22,762.5","22,757.5","0.01K","0.00%"
"14/10/2021","22,757.0","22,760.0","22,765.5","22,752.0","0.02K","0.00%"
"13/10/2021","22,757.0","22,755.0","22,763.5","22,752.0","0.01K","0.00%"
"12/10/2021","22,757.0","22,754.5","22,763.5","22,750.0","0.02K","0.03%"
"11/10/2021","22,750.0","22,759.5","22,764.0","22,752.5","0.02K","-0.03%"
"08/10/2021","22,757.0","22,758.0","22,765.0","22,753.5","0.02K","0.03%"
"07/10/2021","22,750.0","22,760.5","22,766.0","22,753.0","0.02K","0.00%"
"06/10/2021","22,750.0","22,762.0","22,805.0","22,755.5","0.02K","-0.02%"
"05/10/2021","22,754.0","22,758.5","22,764.0","22,753.0","0.02K","-0.01%"
"04/10/2021","22,757.0","22,758.0","22,764.5","22,754.0","0.01K","0.00%"
"01/10/2021","22,757.0","22,760.5","22,765.0","22,754.0","0.02K","0.03%"
"30/09/2021","22,750.0","22,755.5","22,768.5","22,753.0","0.03K","-0.01%"
"29/09/2021","22,753.0","22,768.0","22,768.5","22,755.5","0.03K","-0.04%"
"28/09/2021","22,761.0","22,769.0","22,785.0","22,756.0","0.06K","-0.02%"
"27/09/2021","22,766.0","22,763.0","22,773.5","22,757.0","0.01K","0.03%"
"24/09/2021","22,760.0","22,770.0","22,774.5","22,764.5","0.01K","-0.01%"
"23/09/2021","22,762.0","22,765.0","22,772.5","22,756.0","0.01K","0.01%"
"22/09/2021","22,760.0","22,760.5","22,780.0","22,755.5","0.02K","0.02%"
"21/09/2021","22,755.0","22,764.5","22,781.0","22,760.0","0.01K","-0.06%"
"20/09/2021","22,769.0","22,775.0","22,782.0","22,771.0","0.02K","0.00%"
"17/09/2021","22,770.0","22,756.0","22,772.5","22,754.0","0.01K","0.07%"
"16/09/2021","22,753.0","22,761.0","22,765.0","22,753.0","0.02K","-0.02%"
"15/09/2021","22,758.0","22,757.5","22,766.0","22,754.5","0.02K","0.00%"
"14/09/2021","22,759.0","22,765.0","22,766.5","22,756.5","0.01K","0.00%"
"13/09/2021","22,759.0","22,766.0","22,767.5","22,756.5","0.01K","0.01%"
"10/09/2021","22,757.0","22,764.0","22,767.0","22,754.5","0.02K","-0.04%"
"09/09/2021","22,765.0","22,760.0","22,767.5","22,754.5","0.02K","0.04%"
"08/09/2021","22,757.0","22,764.5","22,769.0","22,751.0","0.02K","0.00%"
"07/09/2021","22,758.0","22,760.5","22,790.0","22,755.0","0.02K","-0.01%"
"06/09/2021","22,760.0","22,772.5","22,781.5","22,762.5","0.03K","0.00%"
"03/09/2021","22,760.0","22,760.0","22,760.0","22,760.0","","0.00%"
"02/09/2021","22,760.0","22,760.0","22,760.0","22,760.0","","0.00%"
"01/09/2021","22,760.0","22,765.0","22,795.0","22,763.0","0.01K","-0.07%"
"31/08/2021","22,775.0","22,782.5","22,785.5","22,771.5","0.01K","0.00%"
"30/08/2021","22,775.0","22,800.0","22,800.5","22,777.5","0.01K","-0.06%"
"27/08/2021","22,789.0","22,785.0","22,794.5","22,777.5","0.02K","0.02%"
"26/08/2021","22,785.0","22,791.0","22,819.0","22,782.5","0.02K","-0.02%"
"25/08/2021","22,790.0","22,815.0","22,830.0","22,792.5","0.02K","-0.13%"
"24/08/2021","22,820.0","22,825.0","22,833.5","22,821.0","0.01K","-0.02%"
"23/08/2021","22,825.0","22,825.0","22,832.5","22,814.5","0.02K","0.02%"
"20/08/2021","22,820.0","22,830.5","22,834.0","22,808.5","0.11K","0.04%"
"19/08/2021","22,812.0","22,805.0","22,837.5","22,805.0","0.13K","0.02%"
"18/08/2021","22,807.0","22,832.5","22,839.0","22,798.0","0.12K","-0.10%"
"17/08/2021","22,830.0","22,805.0","22,840.5","22,805.0","0.12K","0.00%"
"16/08/2021","22,830.0","22,817.5","22,846.0","22,817.5","0.02K","0.00%"
"13/08/2021","22,830.0","22,805.0","22,832.5","22,800.0","0.03K","0.11%"
"12/08/2021","22,805.0","22,800.0","22,845.0","22,785.0","0.10K","-0.02%"
"11/08/2021","22,809.0","22,955.0","22,955.0","22,790.0","0.01K","-0.34%"
"10/08/2021","22,887.0","22,931.0","22,943.0","22,882.0","0.16K","-0.17%"
"09/08/2021","22,925.0","22,930.0","22,966.0","22,920.5","0.08K","-0.01%"
"06/08/2021","22,927.0","22,955.0","22,957.0","22,921.5","0.02K","-0.04%"
"05/08/2021","22,936.0","22,940.0","22,952.0","22,938.0","0.01K","-0.04%"
"04/08/2021","22,945.0","22,945.0","22,957.0","22,930.0","0.02K","-0.02%"
"03/08/2021","22,950.0","22,955.0","22,985.0","22,928.5","0.02K","0.00%"
"02/08/2021","22,950.0","22,955.0","22,961.5","22,952.5","0.01K","0.00%"
"30/07/2021","22,950.0","22,987.5","22,992.5","22,952.5","0.02K","-0.07%"
"29/07/2021","22,965.0","23,020.0","23,020.0","22,966.5","0.02K","-0.15%"
"28/07/2021","22,999.0","23,005.0","23,022.5","22,999.5","0.02K","-0.03%"
"27/07/2021","23,005.0","23,009.5","23,022.5","23,006.5","0.01K","-0.01%"
"26/07/2021","23,008.0","23,007.0","23,022.5","23,004.5","0.02K","0.01%"
"23/07/2021","23,005.0","23,015.5","23,025.0","23,004.5","0.03K","-0.02%"
"22/07/2021","23,010.0","23,022.5","23,025.0","23,009.5","0.01K","-0.05%"
"21/07/2021","23,022.0","23,021.5","23,029.0","23,015.0","0.01K","-0.02%"
"20/07/2021","23,026.0","23,019.0","23,028.5","23,017.5","0.02K","0.03%"
"19/07/2021","23,020.0","23,012.5","23,027.5","23,012.0","0.03K","0.04%"
"16/07/2021","23,011.0","23,004.5","23,016.5","23,000.0","0.02K","0.01%"
"15/07/2021","23,009.0","23,012.5","23,020.0","23,011.0","0.02K","-0.01%"
"14/07/2021","23,011.0","23,012.5","23,021.0","23,012.0","0.03K","0.00%"
"13/07/2021","23,010.0","23,022.5","23,029.0","23,002.5","0.02K","-0.04%"
"12/07/2021","23,020.0","23,004.5","23,022.0","23,000.0","0.02K","0.09%"
"09/07/2021","23,000.0","23,000.0","23,031.5","22,997.5","0.02K","-0.03%"
"08/07/2021","23,007.0","23,020.0","23,032.0","23,006.0","0.02K","-0.03%"
"07/07/2021","23,015.0","23,010.5","23,017.5","22,999.5","0.02K","0.03%"
"06/07/2021","23,007.0","23,004.5","23,016.0","22,992.5","0.02K","0.05%"
"05/07/2021","22,996.0","22,994.5","23,011.5","22,989.5","0.03K","-0.01%"
"02/07/2021","22,998.0","23,005.0","23,025.0","22,999.5","0.02K","-0.05%"
"01/07/2021","23,010.0","23,025.0","23,025.0","23,005.0","0.02K","-0.02%"
"30/06/2021","23,014.0","23,025.0","23,028.0","23,016.0","0.02K","-0.03%"
"29/06/2021","23,020.0","23,025.0","23,030.0","23,014.5","0.02K","0.00%"
"28/06/2021","23,020.0","23,025.0","23,025.0","23,012.0","0.02K","0.00%"
"25/06/2021","23,020.0","23,002.5","23,052.0","23,002.5","0.02K","0.07%"
"24/06/2021","23,003.0","23,007.5","23,030.0","23,002.5","0.01K","-0.07%"
"23/06/2021","23,020.0","23,027.5","23,028.0","23,022.5","0.01K","-0.02%"
"22/06/2021","23,025.0","23,017.5","23,027.5","23,011.0","0.02K","0.05%"
"21/06/2021","23,014.0","22,947.5","23,050.0","22,947.5","0.02K","0.08%"
"18/06/2021","22,995.0","22,972.5","23,015.0","22,949.0","0.02K","0.15%"
"17/06/2021","22,960.0","22,952.0","22,968.0","22,948.5","0.02K","0.06%"
"16/06/2021","22,946.0","22,950.0","22,953.5","22,942.0","0.02K","0.00%"
"15/06/2021","22,947.0","22,951.0","22,956.0","22,946.5","0.01K","0.01%"
"14/06/2021","22,944.0","22,947.5","22,954.0","22,941.0","0.02K","0.00%"
"11/06/2021","22,945.0","22,946.5","22,965.0","22,943.0","0.02K","-0.01%"
"10/06/2021","22,947.0","22,957.5","23,005.0","22,943.0","0.02K","-0.03%"
"09/06/2021","22,955.0","22,955.5","23,010.5","22,955.5","0.02K","0.01%"
"08/06/2021","22,952.0","23,012.0","23,012.5","22,943.5","0.02K","-0.21%"
"07/06/2021","23,000.0","23,051.5","23,055.0","23,005.0","0.02K","-0.19%"
"04/06/2021","23,044.0","23,044.5","23,056.0","23,043.0","0.02K","0.01%"
"03/06/2021","23,041.0","23,042.5","23,053.0","23,042.0","0.01K","0.00%"
"02/06/2021","23,040.0","23,046.0","23,048.0","23,041.5","0.01K","-0.02%"
"01/06/2021","23,044.0","23,046.5","23,062.0","23,042.5","0.02K","0.02%"
"31/05/2021","23,040.0","23,047.5","23,054.0","23,042.5","0.01K","-0.02%"
"28/05/2021","23,045.0","23,049.0","23,057.0","23,043.0","0.02K","0.00%"
"27/05/2021","23,045.0","23,060.5","23,062.0","23,045.0","0.02K","-0.04%"
"26/05/2021","23,055.0","23,054.5","23,062.5","23,050.5","0.02K","-0.02%"
"25/05/2021","23,060.0","23,060.5","23,065.0","23,051.5","0.01K","0.02%"
"24/05/2021","23,056.0","23,054.5","23,060.5","23,047.5","0.01K","0.01%"
"21/05/2021","23,054.0","23,052.5","23,057.5","23,042.0","0.02K","0.04%"
"20/05/2021","23,045.0","23,046.0","23,052.5","23,041.5","0.02K","0.00%"
"19/05/2021","23,045.0","23,043.0","23,051.5","23,042.0","0.02K","0.02%"
"18/05/2021","23,040.0","23,044.5","23,048.0","23,039.0","0.02K","-0.03%"
"17/05/2021","23,046.0","23,052.0","23,054.5","23,041.5","0.02K","-0.01%"
"14/05/2021","23,048.0","23,051.5","23,052.5","23,047.0","0.02K","0.03%"
"13/05/2021","23,040.0","23,062.5","23,070.5","23,045.0","0.02K","-0.06%"
"12/05/2021","23,053.0","23,058.5","23,064.0","23,050.0","0.01K","-0.01%"
"11/05/2021","23,055.0","23,061.0","23,065.0","23,050.0","0.02K","-0.02%"
"10/05/2021","23,060.0","23,059.5","23,066.0","23,049.5","0.02K","0.00%"
"07/05/2021","23,060.0","23,070.5","23,070.5","23,055.5","0.02K","-0.03%"
"06/05/2021","23,067.0","23,066.5","23,071.0","23,047.5","0.01K","0.03%"
"05/05/2021","23,060.0","23,063.5","23,071.0","23,047.5","0.02K","0.04%"
"04/05/2021","23,050.0","23,064.0","23,071.5","23,047.5","0.01K","-0.02%"
"03/05/2021","23,054.0","23,054.0","23,054.0","23,054.0","","0.00%"
"30/04/2021","23,054.0","23,054.0","23,054.0","23,054.0","","0.00%"
"29/04/2021","23,054.0","23,062.5","23,065.0","23,041.0","0.02K","0.03%"
"28/04/2021","23,047.0","23,046.5","23,060.0","23,036.5","0.02K","0.02%"
"27/04/2021","23,042.0","23,048.5","23,058.0","23,040.0","0.02K","0.01%"
"26/04/2021","23,040.0","23,050.5","23,075.0","23,042.5","0.02K","-0.13%"
"23/04/2021","23,070.0","23,071.0","23,075.5","23,057.5","0.02K","0.00%"
"22/04/2021","23,070.0","23,069.0","23,076.0","23,065.0","0.02K","-0.02%"
"21/04/2021","23,074.0","23,074.0","23,074.0","23,074.0","","0.00%"
"20/04/2021","23,074.0","23,077.0","23,080.0","23,068.5","0.02K","0.00%"
"19/04/2021","23,073.0","23,073.5","23,076.5","23,067.0","0.02K","0.03%"
"16/04/2021","23,067.0","23,067.5","23,076.5","23,064.5","0.02K","-0.03%"
"15/04/2021","23,073.0","23,076.0","23,079.0","23,064.5","0.02K","-0.02%"
"14/04/2021","23,078.0","23,077.0","23,081.5","23,066.5","0.02K","0.04%"
"13/04/2021","23,069.0","23,071.0","23,075.5","23,065.5","0.02K","0.01%"
"12/04/2021","23,067.0","23,063.5","23,075.0","23,061.0","0.02K","0.01%"
"09/04/2021","23,065.0","23,075.0","23,086.5","23,064.0","0.02K","-0.09%"
"08/04/2021","23,085.0","23,090.0","23,095.0","23,083.0","0.02K","-0.02%"
"07/04/2021","23,090.0","23,093.0","23,093.5","23,088.0","0.01K","0.00%"
"06/04/2021","23,090.0","23,091.5","23,096.0","23,075.0","0.02K","0.05%"
"05/04/2021","23,079.0","23,079.5","23,083.0","23,069.0","0.01K","0.03%"
"02/04/2021","23,073.0","23,072.0","23,079.5","23,069.0","0.02K","0.03%"
"01/04/2021","23,065.0","23,075.0","23,078.0","23,069.5","0.01K","-0.04%"
"31/03/2021","23,074.0","23,075.0","23,077.5","23,068.5","0.01K","0.02%"
"30/03/2021","23,070.0","23,071.5","23,077.5","23,067.5","0.02K","0.00%"
"29/03/2021","23,070.0","23,090.0","23,092.5","23,069.5","0.02K","-0.06%"
"26/03/2021","23,084.0","23,085.0","23,095.0","23,077.0","0.05K","0.00%"
"25/03/2021","23,084.0","23,080.0","23,092.5","23,072.5","0.02K","0.02%"
"24/03/2021","23,080.0","23,081.5","23,085.5","23,065.0","0.02K","0.04%"
"23/03/2021","23,070.0","23,075.5","23,083.0","23,065.0","0.02K","-0.03%"
"22/03/2021","23,076.0","23,065.0","23,085.0","23,060.0","0.02K","0.01%"
"19/03/2021","23,073.0","23,065.0","23,077.5","23,060.5","0.02K","0.03%"
"18/03/2021","23,065.0","23,061.5","23,070.0","23,054.0","0.02K","0.09%"
"17/03/2021","23,045.0","23,070.0","23,080.5","23,055.0","0.03K","-0.16%"
"16/03/2021","23,082.0","23,076.0","23,083.5","23,064.5","0.09K","0.00%"
"15/03/2021","23,081.0","23,077.0","23,082.0","23,055.0","0.03K","0.11%"
"12/03/2021","23,055.0","23,057.5","23,058.5","23,037.5","0.02K","0.02%"
"11/03/2021","23,051.0","23,052.0","23,059.0","23,032.5","0.02K","0.00%"
"10/03/2021","23,052.0","23,032.5","23,062.5","23,032.5","0.02K","-0.03%"
"09/03/2021","23,060.0","23,032.5","23,062.5","23,030.0","0.02K","0.15%"
"08/03/2021","23,025.0","23,036.5","23,046.0","23,020.5","0.02K","-0.03%"
"05/03/2021","23,033.0","23,025.5","23,040.0","23,016.5","0.02K","0.06%"
"04/03/2021","23,019.0","23,020.5","23,030.5","23,015.0","0.02K","0.00%"
"03/03/2021","23,020.0","23,027.5","23,035.0","23,021.0","0.02K","-0.01%"
"02/03/2021","23,022.0","23,027.5","23,035.0","23,022.0","0.02K","0.01%"
"01/03/2021","23,020.0","23,015.0","23,040.0","23,015.0","0.02K","0.02%"
"26/02/2021","23,015.0","23,022.5","23,027.5","23,007.5","0.02K","-0.04%"
"25/02/2021","23,025.0","23,030.0","23,030.0","23,015.0","0.02K","0.02%"
"24/02/2021","23,020.0","23,024.0","23,030.0","23,019.5","0.02K","-0.02%"
"23/02/2021","23,025.0","23,025.0","23,030.0","23,019.5","0.02K","0.02%"
"22/02/2021","23,020.0","23,023.5","23,029.0","23,015.0","0.02K","0.01%"
"19/02/2021","23,018.0","23,017.5","23,024.0","22,987.5","0.02K","0.01%"
"18/02/2021","23,015.0","23,010.0","23,057.5","23,002.5","0.02K","0.02%"
"17/02/2021","23,010.0","22,987.5","23,024.0","22,987.5","0.01K","0.00%"
"16/02/2021","23,010.0","23,010.0","23,010.0","23,010.0","","0.00%"
"15/02/2021","23,010.0","23,010.0","23,010.0","23,010.0","","0.00%"
"12/02/2021","23,010.0","23,010.0","23,010.0","23,010.0","","0.00%"
"11/02/2021","23,010.0","23,010.0","23,010.0","23,010.0","","0.00%"
"10/02/2021","23,010.0","23,010.0","23,010.0","23,010.0","","0.00%"
"09/02/2021","23,010.0","22,952.5","23,015.0","22,952.5","0.02K","0.17%"
"08/02/2021","22,970.0","22,977.0","23,033.5","22,965.0","0.01K","-0.13%"
"05/02/2021","23,000.0","23,017.5","23,025.0","22,997.0","0.02K","-0.07%"
"04/02/2021","23,015.0","23,025.5","23,030.0","23,019.0","0.02K","-0.02%"
"03/02/2021","23,020.0","23,065.5","23,065.5","23,018.0","0.02K","-0.03%"
"02/02/2021","23,027.0","23,065.5","23,065.5","23,016.0","0.02K","-0.08%"
"01/02/2021","23,045.0","23,037.5","23,052.5","23,033.5","0.01K","-0.01%"
"29/01/2021","23,048.0","23,072.5","23,072.5","23,042.5","0.02K","-0.05%"
"28/01/2021","23,059.0","23,070.0","23,075.0","23,056.0","0.01K","-0.04%"
"27/01/2021","23,069.0","23,072.5","23,075.0","23,064.5","0.01K","0.00%"
"26/01/2021","23,069.0","23,072.5","23,075.0","23,064.5","0.02K","0.04%"
"25/01/2021","23,060.0","23,070.0","23,077.5","23,065.0","0.01K","-0.04%"
"22/01/2021","23,070.0","23,072.5","23,081.5","23,041.0","0.09K","0.04%"
"21/01/2021","23,060.0","23,075.5","23,077.5","23,067.0","0.02K","-0.05%"
"20/01/2021","23,072.0","23,087.5","23,090.0","23,066.0","0.02K","0.01%"
"19/01/2021","23,069.0","23,070.5","23,075.0","23,065.0","0.02K","0.00%"
"18/01/2021","23,069.0","23,100.0","23,100.0","23,063.5","0.02K","0.02%"
"15/01/2021","23,065.0","23,067.0","23,075.0","23,058.5","0.02K","0.00%"
"14/01/2021","23,064.0","23,069.0","23,070.5","23,062.5","0.01K","0.00%"
"13/01/2021","23,064.0","23,072.5","23,072.5","23,057.0","0.01K","0.00%"
"12/01/2021","23,065.0","23,071.0","23,072.5","23,062.5","0.01K","0.07%"
"11/01/2021","23,050.0","23,070.0","23,080.0","23,057.5","0.01K","-0.07%"
"08/01/2021","23,066.0","23,079.0","23,084.0","23,063.5","0.02K","-0.05%"
"07/01/2021","23,078.0","23,092.0","23,130.0","23,075.0","0.02K","-0.05%"
"06/01/2021","23,090.0","23,091.5","23,098.0","23,086.5","0.02K","0.04%"
"05/01/2021","23,080.0","23,099.0","23,125.5","23,080.0","0.02K","0.04%"
"04/01/2021","23,070.0","23,100.0","23,100.0","23,077.0","","0.00%"
"01/01/2021","23,070.0","23,070.0","23,070.0","23,070.0","","0.00%"
"31/12/2020","23,070.0","23,091.5","23,111.0","23,077.5","0.02K","-0.08%"
"30/12/2020","23,088.0","23,090.5","23,135.0","23,075.0","0.02K","-0.14%"
"29/12/2020","23,120.0","23,124.0","23,135.0","23,121.5","0.02K","-0.02%"
"28/12/2020","23,125.0","23,125.0","23,149.5","23,124.0","0.01K","-0.02%"
"25/12/2020","23,130.0","23,127.0","23,154.5","23,124.5","0.02K","0.02%"
"24/12/2020","23,125.0","23,129.0","23,140.5","23,127.0","0.02K","-0.02%"
"23/12/2020","23,130.0","23,126.0","23,140.0","23,123.5","0.02K","0.01%"
"22/12/2020","23,127.0","23,130.0","23,137.0","23,124.0","0.01K","0.03%"
"21/12/2020","23,120.0","23,125.0","23,132.5","23,122.5","0.01K","-0.02%"
"18/12/2020","23,124.0","23,125.0","23,132.0","23,120.0","0.01K","0.02%"
"17/12/2020","23,120.0","23,124.0","23,135.5","23,119.5","0.02K","-0.03%"
"16/12/2020","23,126.0","23,126.0","23,136.0","23,125.8","0.02K","0.00%"
"15/12/2020","23,126.0","23,152.5","23,153.5","23,126.0","0.02K","0.00%"
"14/12/2020","23,126.0","23,178.5","23,178.5","23,126.0","0.02K","-0.01%"
"11/12/2020","23,128.0","23,178.5","23,178.5","23,127.0","0.02K","0.00%"
"10/12/2020","23,128.0","23,130.0","23,137.5","23,127.0","0.02K","0.00%"
"09/12/2020","23,128.0","23,131.5","23,137.5","23,127.0","0.01K","0.00%"
"08/12/2020","23,128.0","23,129.5","23,137.5","23,127.0","0.01K","0.00%"
"07/12/2020","23,127.0","23,130.0","23,137.5","23,126.5","0.01K","-0.01%"
"04/12/2020","23,130.0","23,131.0","23,137.5","23,128.0","0.01K","0.02%"
"03/12/2020","23,125.0","23,129.0","23,137.5","23,119.5","0.01K","-0.02%"
"02/12/2020","23,129.0","23,130.0","23,141.0","23,123.0","0.06K","0.00%"
"01/12/2020","23,129.0","23,132.0","23,142.5","23,125.0","0.14K","-0.05%"
"30/11/2020","23,140.0","23,178.5","23,178.5","23,132.5","0.02K","-0.09%"
"27/11/2020","23,160.0","23,161.5","23,182.5","23,155.0","0.01K","-0.02%"
"26/11/2020","23,164.0","23,165.5","23,167.0","23,157.5","0.02K","0.02%"
"25/11/2020","23,160.0","23,165.0","23,167.5","23,151.5","0.02K","0.04%"
"24/11/2020","23,151.0","23,151.0","23,180.0","23,151.0","0.02K","-0.11%"
"23/11/2020","23,177.0","23,169.0","23,186.0","23,168.5","0.02K","0.00%"
"20/11/2020","23,176.0","23,181.0","23,186.0","23,173.5","0.02K","0.00%"
"19/11/2020","23,176.0","23,177.0","23,183.0","23,171.0","0.02K","0.07%"
"18/11/2020","23,160.0","23,172.5","23,183.0","23,163.0","0.02K","-0.01%"
"17/11/2020","23,163.0","23,167.0","23,183.0","23,162.5","0.01K","-0.05%"
"16/11/2020","23,175.0","23,176.0","23,183.0","23,173.0","0.02K","0.00%"
"13/11/2020","23,175.0","23,176.0","23,185.0","23,172.5","0.02K","0.00%"
"12/11/2020","23,175.0","23,175.0","23,176.0","23,174.5","0.01K","0.00%"
"11/11/2020","23,175.0","23,174.5","23,182.5","23,172.5","0.02K","0.01%"
"10/11/2020","23,173.0","23,176.0","23,182.5","23,172.5","0.02K","0.01%"
"09/11/2020","23,170.0","23,175.0","23,182.5","23,172.5","0.02K","-0.03%"
"06/11/2020","23,176.0","23,174.0","23,185.0","23,172.5","0.02K","0.00%"
"05/11/2020","23,175.0","23,176.5","23,183.0","23,173.0","0.01K","0.00%"
"04/11/2020","23,176.0","23,177.0","23,178.5","23,176.0","0.01K","0.00%"
"03/11/2020","23,176.0","23,178.0","23,188.0","23,172.0","0.03K","0.00%"
"02/11/2020","23,177.0","23,178.5","23,183.5","23,173.5","0.02K","-0.01%"
"30/10/2020","23,180.0","23,176.0","23,185.5","23,173.5","0.02K","0.04%"
"29/10/2020","23,170.0","23,179.5","23,186.0","23,175.0","0.02K","-0.03%"
"28/10/2020","23,176.0","23,176.5","23,183.5","23,173.0","0.02K","0.00%"
"27/10/2020","23,175.0","23,175.5","23,183.0","23,173.0","0.02K","0.00%"
"26/10/2020","23,175.0","23,178.5","23,183.5","23,172.5","0.02K","0.00%"
"23/10/2020","23,176.0","23,177.0","23,185.0","23,173.5","0.01K","0.00%"
"22/10/2020","23,176.0","23,180.0","23,180.0","23,176.0","0.01K","0.00%"
"21/10/2020","23,177.0","23,178.0","23,182.0","23,178.0","0.01K","-0.01%"
"20/10/2020","23,179.0","23,178.5","23,184.5","23,174.0","0.02K","0.02%"
"19/10/2020","23,175.0","23,181.0","23,183.5","23,173.0","0.02K","0.00%"
"16/10/2020","23,175.0","23,182.5","23,185.0","23,173.0","0.01K","0.02%"
"15/10/2020","23,170.0","23,176.0","23,183.5","23,173.0","0.02K","-0.02%"
"14/10/2020","23,175.0","23,176.0","23,183.5","23,173.0","0.02K","-0.01%"
"13/10/2020","23,177.0","23,178.0","23,185.5","23,174.0","0.01K","0.00%"
"12/10/2020","23,178.0","23,183.5","23,207.5","23,174.0","0.03K","-0.01%"
"09/10/2020","23,180.0","23,184.0","23,207.5","23,181.5","0.02K","-0.05%"
"08/10/2020","23,191.0","23,194.5","23,207.5","23,190.0","0.04K","-0.06%"
"07/10/2020","23,205.0","23,204.0","23,209.0","23,192.0","0.02K","0.00%"
"06/10/2020","23,205.0","23,207.0","23,209.5","23,191.0","0.02K","0.01%"
"05/10/2020","23,203.0","23,185.5","23,206.5","23,173.0","0.02K","0.05%"
"02/10/2020","23,191.0","23,180.0","23,195.0","23,173.0","0.02K","0.01%"
"01/10/2020","23,188.0","23,184.0","23,191.5","23,175.0","0.02K","0.03%"
"30/09/2020","23,181.0","23,182.5","23,187.0","23,173.0","0.02K","-0.04%"
"29/09/2020","23,190.0","23,189.0","23,191.0","23,176.0","0.02K","0.01%"
"28/09/2020","23,188.0","23,192.5","23,195.5","23,172.5","0.02K","-0.01%"
"25/09/2020","23,191.0","23,197.5","23,197.5","23,177.5","0.02K","0.03%"
"24/09/2020","23,184.0","23,180.0","23,187.5","23,173.0","0.02K","0.00%"
"23/09/2020","23,185.0","23,175.0","23,187.5","23,173.0","0.02K","0.03%"
"22/09/2020","23,177.0","23,179.0","23,184.5","23,173.0","0.02K","0.00%"
"21/09/2020","23,178.0","23,180.0","23,186.0","23,173.0","0.04K","0.03%"
"18/09/2020","23,170.0","23,180.0","23,185.0","23,173.0","0.01K","0.00%"
"17/09/2020","23,170.0","23,175.5","23,183.5","23,173.0","0.02K","-0.03%"
"16/09/2020","23,178.0","23,177.5","23,184.0","23,173.0","0.02K","0.01%"
"15/09/2020","23,175.0","23,177.0","23,178.0","23,175.0","0.02K","0.00%"
"14/09/2020","23,175.0","23,182.0","23,185.5","23,172.5","0.02K","0.00%"
"11/09/2020","23,174.0","23,180.0","23,183.0","23,172.5","0.02K","0.01%"
"10/09/2020","23,172.5","23,176.0","23,185.0","23,173.0","0.02K","-0.01%"
"09/09/2020","23,175.0","23,182.0","23,187.5","23,173.0","0.02K","0.00%"
"08/09/2020","23,176.0","23,178.5","23,184.0","23,173.0","0.02K","0.01%"
"07/09/2020","23,174.0","23,180.0","23,184.0","23,172.5","0.02K","-0.02%"
"04/09/2020","23,178.0","23,175.0","23,184.0","23,171.0","0.02K","0.02%"
"03/09/2020","23,174.0","23,174.0","23,177.0","23,171.0","0.02K","0.00%"
"02/09/2020","23,174.0","23,174.0","23,174.0","23,174.0","","0.00%"
"01/09/2020","23,174.0","23,174.5","23,182.0","23,172.0","0.02K","0.00%"
"31/08/2020","23,174.0","23,175.0","23,182.0","23,171.0","0.02K","0.00%"
"28/08/2020","23,174.0","23,175.0","23,182.5","23,171.0","0.01K","0.00%"
"27/08/2020","23,174.0","23,175.0","23,182.5","23,172.5","0.01K","0.00%"
"26/08/2020","23,174.0","23,175.5","23,182.5","23,171.0","0.02K","0.02%"
"25/08/2020","23,170.0","23,178.0","23,183.5","23,171.0","0.02K","-0.03%"
"24/08/2020","23,177.0","23,187.5","23,187.5","23,174.5","0.02K","0.01%"
"21/08/2020","23,175.0","23,175.5","23,183.0","23,173.0","0.02K","0.00%"
"20/08/2020","23,174.0","23,175.5","23,182.5","23,172.5","0.02K","0.00%"
"19/08/2020","23,174.0","23,174.5","23,177.5","23,172.5","0.01K","0.00%"
"18/08/2020","23,174.0","23,174.5","23,182.5","23,172.5","0.01K","0.00%"
"17/08/2020","23,174.0","23,187.5","23,187.5","23,170.0","0.02K","0.00%"
"14/08/2020","23,174.0","23,176.0","23,184.0","23,172.5","0.01K","0.00%"
"13/08/2020","23,174.0","23,179.0","23,184.0","23,172.5","0.02K","0.00%"
"12/08/2020","23,175.0","23,174.5","23,183.0","23,172.5","0.01K","0.00%"
"11/08/2020","23,174.0","23,175.0","23,182.0","23,172.5","0.01K","0.02%"
"10/08/2020","23,170.0","23,175.0","23,200.0","23,172.5","0.02K","-0.01%"
"07/08/2020","23,173.0","23,180.0","23,182.5","23,172.5","0.02K","0.00%"
"06/08/2020","23,173.0","23,175.0","23,182.5","23,172.5","0.01K","0.00%"
"05/08/2020","23,174.0","23,174.5","23,182.5","23,172.5","0.01K","0.00%"
"04/08/2020","23,175.0","23,174.5","23,183.0","23,172.5","0.02K","0.02%"
"03/08/2020","23,170.0","23,180.0","23,183.0","23,169.0","0.02K","0.00%"
"31/07/2020","23,170.0","23,177.0","23,183.5","23,173.0","0.01K","-0.02%"
"30/07/2020","23,175.0","23,175.0","23,183.0","23,173.0","0.02K","0.00%"
"29/07/2020","23,175.0","23,180.0","23,184.5","23,173.5","0.02K","0.02%"
"28/07/2020","23,170.0","23,176.5","23,200.0","23,174.0","0.01K","-0.05%"
"27/07/2020","23,181.0","23,187.5","23,187.5","23,178.5","0.02K","0.03%"
"24/07/2020","23,175.0","23,180.0","23,186.5","23,173.0","0.01K","-0.02%"
"23/07/2020","23,180.0","23,183.0","23,186.0","23,176.0","0.02K","-0.02%"
"22/07/2020","23,184.0","23,187.5","23,195.0","23,175.5","0.02K","0.02%"
"21/07/2020","23,180.0","23,183.0","23,190.0","23,176.0","0.02K","-0.03%"
"20/07/2020","23,188.0","23,190.0","23,195.5","23,179.0","0.02K","-0.01%"
"17/07/2020","23,191.0","23,195.0","23,195.5","23,177.5","0.02K","0.03%"
"16/07/2020","23,184.0","23,185.0","23,187.5","23,176.5","0.01K","0.00%"
"15/07/2020","23,183.0","23,180.0","23,192.5","23,175.5","0.02K","0.01%"
"14/07/2020","23,181.0","23,185.5","23,232.5","23,175.0","0.02K","0.01%"
"13/07/2020","23,179.0","23,193.5","23,197.5","23,175.0","0.02K","0.01%"
"10/07/2020","23,177.0","23,192.5","23,204.5","23,173.0","0.02K","-0.03%"
"09/07/2020","23,184.0","23,191.0","23,206.0","23,183.5","0.02K","-0.02%"
"08/07/2020","23,188.0","23,205.0","23,210.0","23,185.0","0.02K","0.03%"
"07/07/2020","23,180.0","23,197.5","23,211.5","23,183.0","0.02K","-0.09%"
"06/07/2020","23,201.0","23,201.5","23,207.5","23,198.0","0.02K","0.01%"
"03/07/2020","23,199.0","23,199.5","23,210.0","23,197.5","0.01K","-0.01%"
"02/07/2020","23,202.0","23,205.0","23,210.0","23,195.0","0.02K","0.00%"
"01/07/2020","23,203.0","23,205.0","23,213.5","23,198.5","0.02K","0.00%"
"30/06/2020","23,204.0","23,205.0","23,210.0","23,199.0","0.02K","0.03%"
"29/06/2020","23,198.0","23,211.0","23,216.0","23,197.5","0.02K","-0.05%"
"26/06/2020","23,210.0","23,211.0","23,219.0","23,200.0","0.02K","0.01%"
"25/06/2020","23,208.0","23,205.0","23,220.5","23,200.0","0.02K","0.06%"
"24/06/2020","23,195.0","23,222.0","23,223.0","23,204.0","0.02K","-0.08%"
"23/06/2020","23,213.0","23,215.0","23,219.0","23,207.5","0.02K","0.01%"
"22/06/2020","23,210.0","23,212.5","23,220.0","23,207.5","0.01K","-0.02%"
"19/06/2020","23,215.0","23,208.0","23,225.0","23,194.0","0.03K","0.02%"
"18/06/2020","23,210.0","23,206.5","23,218.0","23,193.5","0.01K","0.06%"
"17/06/2020","23,196.0","23,198.5","23,240.0","23,194.0","0.02K","-0.06%"
"16/06/2020","23,210.0","23,222.0","23,235.5","23,206.5","0.02K","-0.04%"
"15/06/2020","23,220.0","23,222.5","23,243.0","23,205.0","0.02K","0.06%"
"12/06/2020","23,206.0","23,217.5","23,225.0","23,199.0","0.02K","-0.04%"
"11/06/2020","23,215.0","23,200.0","23,217.5","23,190.0","0.01K","0.11%"
"10/06/2020","23,190.0","23,200.0","23,220.0","23,186.5","0.02K","-0.06%"
"09/06/2020","23,205.0","23,232.0","23,265.0","23,202.0","0.02K","-0.22%"
"08/06/2020","23,255.0","23,257.5","23,265.0","23,239.5","0.02K","0.00%"
"05/06/2020","23,255.0","23,255.5","23,262.0","23,250.0","0.01K","-0.03%"
"04/06/2020","23,263.0","23,264.5","23,274.0","23,257.5","0.02K","0.01%"
"03/06/2020","23,260.0","23,262.5","23,273.0","23,252.5","0.02K","0.03%"
"02/06/2020","23,253.0","23,257.5","23,282.0","23,247.5","0.02K","-0.03%"
"01/06/2020","23,260.0","23,281.5","23,301.0","23,254.0","0.03K","-0.09%"
"29/05/2020","23,280.0","23,281.0","23,305.0","23,275.0","0.02K","-0.09%"
"28/05/2020","23,300.0","23,295.0","23,329.0","23,287.5","0.02K","-0.11%"
"27/05/2020","23,325.0","23,324.0","23,331.5","23,300.0","0.02K","-0.05%"
"26/05/2020","23,336.0","23,301.0","23,338.0","23,301.0","0.25K","0.10%"
"25/05/2020","23,312.0","23,277.5","23,320.0","23,272.5","0.13K","0.19%"
"22/05/2020","23,267.0","23,271.0","23,282.0","23,252.5","0.02K","-0.03%"
"21/05/2020","23,275.0","23,272.5","23,285.0","23,252.5","0.02K","0.02%"
"20/05/2020","23,270.0","23,297.5","23,311.5","23,271.0","0.02K","-0.11%"
"19/05/2020","23,295.0","23,317.5","23,370.0","23,292.5","0.02K","-0.18%"
"18/05/2020","23,338.0","23,349.0","23,360.0","23,335.0","0.02K","-0.07%"
"15/05/2020","23,355.0","23,355.0","23,371.5","23,351.0","0.02K","0.02%"
"14/05/2020","23,350.0","23,374.5","23,386.0","23,349.0","0.02K","0.01%"
"13/05/2020","23,347.0","23,375.0","23,380.0","23,334.0","0.02K","0.07%"
"12/05/2020","23,330.0","23,331.0","23,382.5","23,318.0","0.02K","0.03%"
"11/05/2020","23,322.0","23,382.5","23,405.0","23,318.0","0.02K","-0.24%"
"08/05/2020","23,377.0","23,475.0","23,475.0","23,373.5","0.02K","-0.20%"
"07/05/2020","23,425.0","23,422.5","23,432.5","23,421.5","0.01K","0.01%"
"06/05/2020","23,423.0","23,420.0","23,437.5","23,418.0","0.02K","0.01%"
"05/05/2020","23,421.0","23,424.0","23,427.5","23,419.5","0.02K","-0.10%"
"04/05/2020","23,445.0","23,475.0","23,475.0","23,439.0","0.01K","0.07%"
"01/05/2020","23,428.0","23,428.0","23,428.0","23,428.0","","0.00%"
"30/04/2020","23,428.0","23,428.0","23,428.0","23,428.0","","0.00%"
"29/04/2020","23,428.0","23,450.0","23,450.0","23,423.5","0.02K","-0.06%"
"28/04/2020","23,442.0","23,465.0","23,477.5","23,440.0","0.03K","-0.06%"
"27/04/2020","23,455.0","23,497.5","23,510.0","23,454.0","0.02K","-0.21%"
"24/04/2020","23,505.0","23,502.0","23,518.0","23,493.5","0.09K","0.09%"
"23/04/2020","23,485.0","23,489.0","23,524.0","23,452.5","0.33K","0.03%"
"22/04/2020","23,479.0","23,490.0","23,500.0","23,460.0","0.02K","0.08%"
"21/04/2020","23,460.0","23,460.0","23,465.0","23,447.5","0.01K","0.04%"
"20/04/2020","23,450.0","23,422.5","23,455.0","23,422.5","0.02K","0.11%"
"17/04/2020","23,424.0","23,460.0","23,460.0","23,418.5","0.02K","-0.07%"
"16/04/2020","23,440.0","23,448.0","23,465.0","23,437.5","0.02K","0.00%"
"15/04/2020","23,440.0","23,470.5","23,478.5","23,442.5","0.02K","-0.13%"
"14/04/2020","23,471.0","23,460.0","23,475.5","23,435.0","0.03K","0.17%"
"13/04/2020","23,432.0","23,437.5","23,460.0","23,420.0","0.12K","-0.01%"
"10/04/2020","23,435.0","23,491.0","23,517.0","23,420.0","0.02K","-0.23%"
"09/04/2020","23,488.0","23,514.0","23,532.0","23,471.0","0.17K","-0.26%"
"08/04/2020","23,550.0","23,460.0","23,565.0","23,460.0","0.03K","0.43%"
"07/04/2020","23,450.0","23,460.0","23,470.0","23,447.5","0.02K","0.04%"
"06/04/2020","23,440.0","23,555.0","23,555.0","23,450.0","0.01K","-0.47%"
"03/04/2020","23,550.0","23,560.0","23,605.0","23,481.0","0.06K","-0.17%"
"02/04/2020","23,590.0","23,590.0","23,590.0","23,590.0","","0.00%"
"01/04/2020","23,590.0","23,590.0","23,628.0","23,587.5","0.02K","-0.11%"
"31/03/2020","23,616.0","23,622.5","23,635.0","23,612.0","0.06K","-0.10%"
"30/03/2020","23,640.0","23,627.5","23,642.5","23,618.0","0.02K","0.08%"
"27/03/2020","23,620.0","23,624.0","23,640.0","23,617.0","0.02K","0.00%"
"26/03/2020","23,620.0","23,640.0","23,645.0","23,597.5","0.02K","0.08%"
"25/03/2020","23,600.0","23,590.0","23,630.0","23,565.0","0.02K","0.08%"
"24/03/2020","23,580.0","23,635.0","23,651.0","23,587.5","0.01K","0.17%"
"23/03/2020","23,540.0","23,460.0","23,558.5","23,460.0","0.01K","0.36%"
"20/03/2020","23,455.0","23,412.5","23,472.5","23,369.5","0.01K","0.43%"
"19/03/2020","23,354.0","23,295.0","23,430.0","23,246.5","0.02K","0.31%"
"18/03/2020","23,282.0","23,248.0","23,285.0","23,241.0","","0.19%"
"17/03/2020","23,238.0","23,220.0","23,255.0","23,214.5","0.02K","0.06%"
"16/03/2020","23,225.0","23,220.0","23,236.0","23,214.5","0.02K","0.07%"
"13/03/2020","23,208.0","23,172.5","23,223.5","23,172.5","0.02K","0.06%"
"12/03/2020","23,195.0","23,180.0","23,196.5","23,171.5","0.02K","0.10%"
"11/03/2020","23,172.0","23,175.0","23,183.0","23,171.5","0.02K","-0.01%"
"10/03/2020","23,174.0","23,174.5","23,210.0","23,172.5","0.02K","0.01%"
"09/03/2020","23,172.0","23,207.5","23,218.0","23,173.5","0.03K","-0.14%"
"06/03/2020","23,205.0","23,220.0","23,220.0","23,199.5","0.01K","-0.02%"
"05/03/2020","23,210.0","23,209.0","23,227.5","23,201.0","0.05K","0.02%"
"04/03/2020","23,206.0","23,226.0","23,232.0","23,202.0","0.09K","-0.05%"
"03/03/2020","23,218.0","23,225.0","23,241.0","23,216.5","0.02K","-0.09%"
"02/03/2020","23,240.0","23,239.0","23,243.5","23,225.5","0.02K","0.00%"
"28/02/2020","23,240.0","23,240.0","23,245.5","23,230.5","0.01K","0.00%"
"27/02/2020","23,240.0","23,241.0","23,259.5","23,222.5","0.02K","0.00%"
"26/02/2020","23,240.0","23,270.0","23,280.0","23,236.0","0.02K","-0.13%"
"25/02/2020","23,270.0","23,290.0","23,290.0","23,250.0","0.01K","0.10%"
"24/02/2020","23,247.0","23,246.0","23,255.5","23,240.0","0.03K","0.02%"
"21/02/2020","23,242.0","23,239.0","23,251.5","23,230.0","0.02K","0.03%"
"20/02/2020","23,236.0","23,240.0","23,288.5","23,226.0","0.06K","0.05%"
"19/02/2020","23,225.0","23,230.0","23,248.0","23,225.5","0.13K","-0.06%"
"18/02/2020","23,239.0","23,230.0","23,245.0","23,225.0","0.03K","0.05%"
"17/02/2020","23,228.0","23,250.5","23,253.5","23,224.5","0.03K","-0.07%"
"14/02/2020","23,245.0","23,237.5","23,254.0","23,230.0","0.02K","0.03%"
"13/02/2020","23,239.0","23,241.5","23,242.5","23,221.5","0.03K","-0.05%"
"12/02/2020","23,250.0","23,226.5","23,255.0","23,219.5","0.04K","0.04%"
"11/02/2020","23,240.0","23,225.0","23,262.5","23,217.5","0.02K","-0.08%"
"10/02/2020","23,258.0","23,255.0","23,262.5","23,214.5","0.02K","0.12%"
"07/02/2020","23,230.0","23,242.0","23,242.5","23,219.5","0.02K","0.04%"
"06/02/2020","23,221.0","23,223.0","23,228.5","23,217.0","0.02K","0.00%"
"05/02/2020","23,220.0","23,255.0","23,267.0","23,217.5","0.14K","-0.04%"
"04/02/2020","23,230.0","23,255.0","23,267.5","23,234.0","0.01K","-0.09%"
"03/02/2020","23,250.0","23,255.0","23,278.0","23,220.0","0.01K","0.12%"
"31/01/2020","23,222.0","23,180.0","23,228.0","23,168.0","0.04K","0.17%"
"30/01/2020","23,182.0","23,180.0","23,186.5","23,169.0","0.01K","0.06%"
"29/01/2020","23,169.0","23,169.0","23,169.0","23,169.0","","0.00%"
"28/01/2020","23,169.0","23,169.0","23,169.0","23,169.0","","0.00%"
"27/01/2020","23,169.0","23,169.0","23,169.0","23,169.0","","0.00%"
"24/01/2020","23,169.0","23,169.0","23,169.0","23,169.0","","0.00%"
"23/01/2020","23,169.0","23,169.0","23,169.0","23,169.0","","0.00%"
"22/01/2020","23,169.0","23,171.0","23,204.5","23,167.5","0.02K","0.00%"
"21/01/2020","23,170.0","23,170.0","23,174.0","23,167.5","0.02K","0.00%"
"20/01/2020","23,169.0","23,170.0","23,172.5","23,167.5","0.01K","0.00%"
"17/01/2020","23,170.0","23,170.0","23,175.5","23,164.0","0.02K","0.00%"
"16/01/2020","23,171.0","23,171.0","23,177.5","23,169.0","0.03K","0.00%"
"15/01/2020","23,170.0","23,175.0","23,177.5","23,172.5","0.01K","-0.02%"
"14/01/2020","23,175.0","23,174.0","23,177.5","23,172.0","0.02K","0.01%"
"13/01/2020","23,173.0","23,174.0","23,177.0","23,172.0","0.01K","-0.01%"
"10/01/2020","23,176.0","23,174.0","23,205.0","23,172.0","0.05K","0.01%"
"09/01/2020","23,173.0","23,180.0","23,180.0","23,173.5","0.02K","-0.01%"
"08/01/2020","23,175.0","23,178.0","23,181.0","23,174.0","0.02K","0.00%"
"07/01/2020","23,175.0","23,175.0","23,179.0","23,172.5","0.01K","0.00%"
"06/01/2020","23,176.0","23,177.0","23,178.0","23,171.5","0.01K","0.02%"
"03/01/2020","23,171.0","23,173.5","23,174.5","23,169.0","0.02K","0.01%"
"02/01/2020","23,168.0","23,171.0","23,175.5","23,168.5","0.02K","-0.01%"
"01/01/2020","23,171.0","23,171.0","23,171.0","23,171.0","","0.00%"
"31/12/2019","23,171.0","23,172.5","23,176.5","23,169.0","0.01K","0.00%"
"30/12/2019","23,170.0","23,170.5","23,175.5","23,169.0","0.01K","0.00%"
"27/12/2019","23,171.0","23,172.0","23,177.0","23,171.0","0.02K","-0.01%"
"26/12/2019","23,174.0","23,171.0","23,177.5","23,169.0","0.09K","0.00%"
"25/12/2019","23,173.0","23,171.0","23,178.0","23,170.0","0.01K","-0.01%"
"24/12/2019","23,176.0","23,179.0","23,179.0","23,172.5","0.01K","0.01%"
"23/12/2019","23,173.0","23,171.0","23,178.0","23,170.5","0.02K","-0.01%"
"20/12/2019","23,175.0","23,176.0","23,195.0","23,170.0","0.16K","0.03%"
"19/12/2019","23,169.0","23,171.0","23,176.5","23,168.5","0.02K","-0.02%"
"18/12/2019","23,173.0","23,173.0","23,177.0","23,171.5","0.01K","-0.01%"
"17/12/2019","23,176.0","23,176.0","23,178.0","23,169.0","0.03K","0.00%"
"16/12/2019","23,176.0","23,171.0","23,178.0","23,169.5","0.02K","0.01%"
"13/12/2019","23,173.0","23,169.0","23,199.5","23,168.0","0.02K","0.02%"
"12/12/2019","23,169.0","23,173.5","23,176.5","23,167.5","0.01K","-0.03%"
"11/12/2019","23,175.0","23,172.0","23,177.5","23,169.0","0.01K","0.02%"
"10/12/2019","23,170.0","23,170.0","23,176.0","23,168.5","0.01K","0.00%"
"09/12/2019","23,170.0","23,171.0","23,177.5","23,168.0","0.02K","-0.02%"
"06/12/2019","23,175.0","23,178.5","23,210.0","23,166.5","0.03K","0.03%"
"05/12/2019","23,167.0","23,175.0","23,181.0","23,167.0","0.01K","-0.01%"
"04/12/2019","23,170.0","23,175.0","23,177.5","23,166.5","0.02K","0.00%"
"03/12/2019","23,170.0","23,173.5","23,180.0","23,171.0","0.02K","-0.02%"
"02/12/2019","23,175.0","23,165.0","23,202.5","23,165.0","0.03K","-0.02%"
"29/11/2019","23,179.0","23,200.0","23,202.5","23,180.0","0.01K","-0.09%"
"28/11/2019","23,200.0","23,206.5","23,207.5","23,197.5","0.02K","0.00%"
"27/11/2019","23,200.0","23,203.5","23,207.5","23,196.0","0.03K","0.04%"
"26/11/2019","23,190.0","23,197.5","23,198.0","23,186.0","0.03K","-0.03%"
"25/11/2019","23,197.0","23,197.5","23,202.0","23,195.5","0.01K","0.01%"
"22/11/2019","23,195.0","23,195.0","23,201.0","23,192.5","0.01K","0.01%"
"21/11/2019","23,193.0","23,197.5","23,201.5","23,192.5","0.02K","-0.03%"
"20/11/2019","23,199.0","23,201.0","23,208.5","23,198.5","0.02K","0.00%"
"19/11/2019","23,200.0","23,202.0","23,207.0","23,198.5","0.02K","-0.02%"
"18/11/2019","23,205.0","23,202.0","23,207.0","23,201.5","0.03K","0.00%"
"15/11/2019","23,204.0","23,202.0","23,206.0","23,201.0","0.02K","0.02%"
"14/11/2019","23,200.0","23,201.5","23,203.5","23,200.5","0.01K","0.00%"
"13/11/2019","23,199.0","23,199.5","23,203.0","23,198.5","0.02K","0.00%"
"12/11/2019","23,199.0","23,200.0","23,200.5","23,198.5","0.01K","0.00%"
"11/11/2019","23,200.0","23,202.0","23,202.0","23,198.0","0.01K","0.01%"
"08/11/2019","23,198.0","23,200.0","23,202.5","23,197.5","0.02K","0.00%"
"07/11/2019","23,199.0","23,199.5","23,202.5","23,198.0","0.01K","0.00%"
"06/11/2019","23,199.0","23,199.5","23,202.5","23,198.0","0.01K","0.00%"
"05/11/2019","23,199.0","23,200.0","23,202.5","23,198.5","0.02K","0.00%"
"04/11/2019","23,199.0","23,202.0","23,202.5","23,198.5","0.02K","0.00%"
"01/11/2019","23,200.0","23,199.5","23,202.0","23,199.0","0.01K","-0.01%"
"31/10/2019","23,202.0","23,202.0","23,204.5","23,198.5","0.01K","0.01%"
"30/10/2019","23,200.0","23,201.0","23,204.5","23,199.0","0.01K","-0.01%"
"29/10/2019","23,202.0","23,201.5","23,206.0","23,199.5","0.01K","0.01%"
"28/10/2019","23,200.0","23,201.0","23,203.5","23,199.0","0.01K","0.00%"
"25/10/2019","23,200.0","23,202.0","23,207.0","23,198.5","0.01K","-0.01%"
"24/10/2019","23,203.0","23,207.0","23,209.5","23,203.0","0.02K","-0.01%"
"23/10/2019","23,205.0","23,207.0","23,210.0","23,203.0","0.01K","0.02%"
"22/10/2019","23,201.0","23,203.5","23,209.0","23,202.0","0.02K","-0.02%"
"21/10/2019","23,205.0","23,202.5","23,208.0","23,201.0","0.02K","0.01%"
"18/10/2019","23,203.0","23,202.5","23,208.5","23,201.5","0.01K","-0.01%"
"17/10/2019","23,206.0","23,203.5","23,211.5","23,201.0","0.02K","0.02%"
"16/10/2019","23,202.0","23,201.0","23,204.5","23,201.0","0.02K","0.00%"
"15/10/2019","23,201.0","23,200.5","23,205.5","23,200.5","0.02K","0.00%"
"14/10/2019","23,200.0","23,201.5","23,205.5","23,199.0","0.02K","0.00%"
"11/10/2019","23,200.0","23,201.0","23,208.0","23,196.0","0.03K","0.00%"
"10/10/2019","23,200.0","23,226.0","23,226.0","23,190.0","0.05K","-0.11%"
"09/10/2019","23,225.0","23,205.0","23,226.0","23,200.0","0.02K","0.11%"
"08/10/2019","23,200.0","23,205.0","23,206.0","23,200.0","0.01K","0.00%"
"07/10/2019","23,200.0","23,201.5","23,207.0","23,201.0","0.01K","0.00%"
"04/10/2019","23,200.0","23,205.0","23,207.0","23,201.0","0.01K","0.00%"
"03/10/2019","23,200.0","23,201.0","23,206.0","23,201.0","0.02K","0.00%"
"02/10/2019","23,200.0","23,201.0","23,205.5","23,201.0","0.01K","0.00%"
"01/10/2019","23,201.0","23,201.0","23,205.5","23,201.0","0.01K","0.00%"
"30/09/2019","23,200.0","23,202.0","23,206.5","23,200.5","0.02K","0.00%"
"27/09/2019","23,200.0","23,202.0","23,205.5","23,200.0","0.02K","0.00%"
"26/09/2019","23,200.0","23,205.0","23,205.0","23,199.5","0.01K","0.00%"
"25/09/2019","23,200.0","23,203.5","23,206.5","23,201.0","0.01K","0.00%"
"24/09/2019","23,200.0","23,203.5","23,208.0","23,200.0","0.05K","-0.01%"
"23/09/2019","23,202.0","23,209.0","23,209.0","23,201.0","0.02K","0.00%"
"20/09/2019","23,203.0","23,211.0","23,213.0","23,202.0","0.02K","-0.03%"
"19/09/2019","23,211.0","23,212.0","23,226.0","23,207.5","0.03K","0.01%"
"18/09/2019","23,209.0","23,217.5","23,230.0","23,208.5","0.02K","-0.07%"
"17/09/2019","23,225.0","23,225.0","23,231.0","23,219.0","0.02K","0.03%"
"16/09/2019","23,218.0","23,215.0","23,222.5","23,213.0","0.02K","0.06%"
"13/09/2019","23,205.0","23,215.0","23,221.5","23,206.0","0.02K","0.00%"
"12/09/2019","23,205.0","23,200.5","23,211.5","23,199.0","0.02K","0.03%"
"11/09/2019","23,199.0","23,199.5","23,204.0","23,196.0","0.04K","0.00%"
"10/09/2019","23,199.0","23,197.0","23,202.0","23,196.0","0.01K","0.00%"
"09/09/2019","23,199.0","23,195.0","23,202.5","23,195.0","0.02K","0.00%"
"06/09/2019","23,198.0","23,195.0","23,202.0","23,194.0","0.02K","0.00%"
"05/09/2019","23,198.0","23,197.5","23,206.0","23,196.0","0.02K","0.00%"
"04/09/2019","23,199.0","23,199.0","23,202.5","23,194.0","0.01K","0.00%"
"03/09/2019","23,198.0","23,186.0","23,203.0","23,186.0","0.02K","0.06%"
"02/09/2019","23,185.0","23,185.0","23,185.0","23,185.0","","0.00%"
"30/08/2019","23,185.0","23,203.0","23,204.0","23,183.5","0.02K","-0.04%"
"29/08/2019","23,195.0","23,203.0","23,208.5","23,195.5","0.02K","-0.05%"
"28/08/2019","23,206.0","23,205.0","23,212.0","23,197.5","0.02K","0.04%"
"27/08/2019","23,197.0","23,202.5","23,205.5","23,196.5","0.02K","0.00%"
"26/08/2019","23,198.0","23,217.5","23,217.5","23,196.5","0.02K","0.00%"
"23/08/2019","23,198.0","23,201.0","23,212.5","23,195.0","0.03K","-0.01%"
"22/08/2019","23,200.0","23,205.0","23,211.5","23,199.5","0.02K","0.00%"
"21/08/2019","23,200.0","23,202.5","23,211.5","23,201.0","0.02K","-0.01%"
"20/08/2019","23,203.0","23,209.0","23,214.0","23,200.0","0.05K","-0.01%"
"19/08/2019","23,205.0","23,215.0","23,217.0","23,206.0","0.02K","-0.03%"
"16/08/2019","23,211.0","23,206.0","23,217.5","23,206.0","0.02K","0.01%"
"15/08/2019","23,208.0","23,209.0","23,209.5","23,203.5","0.02K","0.03%"
"14/08/2019","23,200.0","23,202.5","23,212.5","23,199.0","0.02K","-0.02%"
"13/08/2019","23,205.0","23,203.5","23,208.0","23,199.0","0.02K","0.03%"
"12/08/2019","23,197.0","23,201.0","23,252.0","23,197.5","0.02K","-0.03%"
"09/08/2019","23,204.0","23,204.0","23,215.0","23,199.5","0.02K","-0.07%"
"08/08/2019","23,220.0","23,220.0","23,242.5","23,208.5","0.02K","0.02%"
"07/08/2019","23,215.0","23,215.0","23,264.5","23,213.0","0.02K","-0.15%"
"06/08/2019","23,250.0","23,280.0","23,292.5","23,249.0","0.02K","-0.08%"
"05/08/2019","23,268.0","23,230.0","23,280.5","23,223.0","0.04K","0.23%"
"02/08/2019","23,215.0","23,216.5","23,236.0","23,205.0","0.02K","0.06%"
"01/08/2019","23,200.0","23,205.0","23,222.5","23,199.0","0.01K","-0.13%"
"31/07/2019","23,230.0","23,201.0","23,232.5","23,198.5","0.01K","0.13%"
"30/07/2019","23,200.0","23,201.5","23,216.0","23,200.5","0.02K","-0.02%"
"29/07/2019","23,205.0","23,211.0","23,217.5","23,208.5","0.02K","0.00%"
"26/07/2019","23,205.0","23,208.0","23,216.5","23,203.5","0.04K","-0.02%"
"25/07/2019","23,209.0","23,210.5","23,213.0","23,201.5","0.09K","0.02%"
"24/07/2019","23,205.0","23,217.0","23,224.5","23,208.5","0.04K","-0.02%"
"23/07/2019","23,209.0","23,241.0","23,251.0","23,206.5","0.14K","-0.01%"
"22/07/2019","23,211.0","23,216.0","23,246.0","23,210.0","0.12K","-0.14%"
"19/07/2019","23,244.0","23,242.0","23,250.5","23,199.5","0.01K","0.13%"
"18/07/2019","23,214.0","23,216.0","23,222.5","23,202.5","0.02K","0.06%"
"17/07/2019","23,200.0","23,185.0","23,204.0","23,185.0","0.02K","0.00%"
"16/07/2019","23,200.0","23,195.0","23,202.5","23,195.0","0.01K","0.00%"
"15/07/2019","23,199.0","23,198.0","23,206.0","23,185.0","0.02K","0.00%"
"12/07/2019","23,200.0","23,192.5","23,205.0","23,192.5","0.02K","0.00%"
"11/07/2019","23,200.0","23,225.0","23,237.5","23,197.5","0.02K","-0.04%"
"10/07/2019","23,210.0","23,216.0","23,245.0","23,212.5","0.02K","-0.04%"
"09/07/2019","23,220.0","23,252.5","23,252.5","23,225.5","0.02K","-0.11%"
"08/07/2019","23,245.0","23,240.0","23,252.5","23,235.0","0.02K","0.04%"
"05/07/2019","23,235.0","23,248.0","23,248.5","23,235.0","0.02K","-0.02%"
"04/07/2019","23,240.0","23,243.0","23,254.5","23,215.0","0.02K","-0.02%"
"03/07/2019","23,245.0","23,227.5","23,250.0","23,225.0","0.02K","0.06%"
"02/07/2019","23,230.0","23,275.0","23,275.0","23,228.5","0.03K","-0.09%"
"01/07/2019","23,250.0","23,316.0","23,316.0","23,250.0","0.03K","-0.21%"
"28/06/2019","23,300.0","23,310.0","23,319.0","23,287.0","0.03K","-0.04%"
"27/06/2019","23,310.0","23,305.0","23,335.0","23,305.0","0.06K","0.04%"
"26/06/2019","23,300.0","23,301.0","23,325.0","23,288.0","0.02K","0.02%"
"25/06/2019","23,296.0","23,290.5","23,307.5","23,286.0","0.02K","0.04%"
"24/06/2019","23,286.0","23,291.5","23,302.5","23,282.5","0.02K","0.03%"
"21/06/2019","23,280.0","23,295.0","23,312.5","23,285.0","0.02K","-0.06%"
"20/06/2019","23,295.0","23,310.0","23,315.0","23,295.0","0.02K","-0.09%"
"19/06/2019","23,315.0","23,330.0","23,342.0","23,297.0","0.09K","-0.09%"
"18/06/2019","23,335.0","23,332.5","23,351.5","23,322.5","0.14K","-0.04%"
"17/06/2019","23,345.0","23,324.0","23,372.5","23,324.0","0.02K","0.06%"
"14/06/2019","23,330.0","23,332.5","23,335.0","23,316.5","0.02K","0.09%"
"13/06/2019","23,310.0","23,347.5","23,350.0","23,312.0","0.02K","-0.02%"
"12/06/2019","23,315.0","23,332.0","23,350.0","23,320.0","0.02K","-0.09%"
"11/06/2019","23,337.0","23,381.5","23,381.5","23,340.0","0.02K","-0.10%"
"10/06/2019","23,360.0","23,393.5","23,421.5","23,357.0","0.02K","-0.15%"
"07/06/2019","23,395.0","23,406.0","23,412.5","23,387.0","0.22K","-0.03%"
"06/06/2019","23,402.0","23,407.0","23,421.5","23,392.5","0.14K","-0.04%"
"05/06/2019","23,412.0","23,406.0","23,417.5","23,406.0","0.02K","0.07%"
"04/06/2019","23,395.0","23,405.0","23,410.0","23,393.0","0.02K","0.01%"
"03/06/2019","23,393.0","23,415.5","23,419.5","23,390.0","0.03K","-0.07%"
"31/05/2019","23,410.0","23,419.5","23,421.5","23,409.5","0.03K","-0.02%"
"30/05/2019","23,415.0","23,405.0","23,422.5","23,405.0","0.02K","0.04%"
"29/05/2019","23,406.0","23,397.5","23,416.0","23,395.0","0.02K","0.06%"
"28/05/2019","23,392.0","23,397.5","23,401.5","23,385.0","0.02K","0.03%"
"27/05/2019","23,386.0","23,396.5","23,402.5","23,383.0","0.02K","0.03%"
"24/05/2019","23,380.0","23,392.5","23,403.5","23,375.0","0.02K","-0.03%"
"23/05/2019","23,388.0","23,388.5","23,389.5","23,375.0","0.02K","0.08%"
"22/05/2019","23,370.0","23,407.5","23,407.5","23,375.0","0.02K","-0.09%"
"21/05/2019","23,390.0","23,402.5","23,407.5","23,380.0","0.02K","-0.04%"
"20/05/2019","23,400.0","23,407.5","23,437.5","23,390.0","0.01K","0.05%"
"17/05/2019","23,388.0","23,332.5","23,401.0","23,332.5","0.01K","0.38%"
"16/05/2019","23,300.0","23,342.5","23,343.5","23,277.5","0.02K","0.00%"
"15/05/2019","23,300.0","23,340.0","23,360.5","23,297.5","0.02K","-0.32%"
"14/05/2019","23,375.0","23,368.0","23,382.5","23,352.5","0.02K","0.21%"
"13/05/2019","23,325.0","23,350.0","23,375.0","23,305.0","0.02K","-0.09%"
"10/05/2019","23,345.0","23,395.0","23,397.5","23,342.5","0.01K","-0.15%"
"09/05/2019","23,380.0","23,375.0","23,410.0","23,372.5","0.02K","0.06%"
"08/05/2019","23,365.0","23,295.0","23,395.5","23,295.0","0.03K","0.32%"
"07/05/2019","23,290.0","23,295.0","23,347.0","23,295.0","0.02K","0.04%"
"06/05/2019","23,280.0","23,265.0","23,302.5","23,265.0","0.01K","0.13%"
"03/05/2019","23,249.0","23,255.5","23,270.0","23,251.5","0.02K","-0.05%"
"02/05/2019","23,260.0","23,265.0","23,266.0","23,252.0","0.02K","-0.11%"
"01/05/2019","23,285.0","23,285.0","23,285.0","23,285.0","","0.00%"
"30/04/2019","23,285.0","23,285.0","23,285.0","23,285.0","","0.00%"
"29/04/2019","23,285.0","23,285.0","23,285.0","23,285.0","","0.00%"
"26/04/2019","23,285.0","23,221.5","23,291.0","23,221.5","0.02K","0.30%"
"25/04/2019","23,215.0","23,222.5","23,269.0","23,220.0","0.02K","0.00%"
"24/04/2019","23,215.0","23,222.5","23,226.0","23,214.0","0.02K","0.02%"
"23/04/2019","23,210.0","23,210.0","23,222.5","23,210.0","0.02K","-0.03%"
"22/04/2019","23,218.0","23,206.0","23,219.0","23,206.0","0.02K","0.03%"
"19/04/2019","23,210.0","23,212.5","23,213.0","23,201.0","0.02K","0.03%"
"18/04/2019","23,203.0","23,204.0","23,204.0","23,199.0","0.01K","0.02%"
"17/04/2019","23,198.0","23,197.0","23,202.5","23,196.0","0.02K","0.00%"
"16/04/2019","23,199.0","23,199.5","23,205.0","23,197.5","0.02K","0.00%"
"15/04/2019","23,199.0","23,199.0","23,199.0","23,199.0","","0.00%"
"12/04/2019","23,199.0","23,200.5","23,201.0","23,195.0","0.02K","0.01%"
"11/04/2019","23,196.0","23,196.0","23,201.5","23,195.0","0.02K","-0.02%"
"10/04/2019","23,200.0","23,201.0","23,201.5","23,196.5","0.02K","0.01%"
"09/04/2019","23,198.0","23,199.0","23,201.0","23,195.5","0.02K","0.00%"
"08/04/2019","23,199.0","23,197.0","23,203.0","23,197.0","0.04K","0.00%"
"05/04/2019","23,199.0","23,198.0","23,206.0","23,187.0","0.10K","0.00%"
"04/04/2019","23,198.0","23,200.0","23,203.0","23,197.0","0.02K","0.00%"
"03/04/2019","23,199.0","23,199.5","23,201.5","23,197.0","0.02K","0.01%"
"02/04/2019","23,197.0","23,201.0","23,202.0","23,196.5","0.03K","-0.01%"
"01/04/2019","23,199.0","23,197.0","23,204.0","23,197.0","0.02K","-0.02%"
"29/03/2019","23,203.0","23,204.0","23,204.0","23,197.0","0.02K","0.01%"
"28/03/2019","23,200.0","23,199.0","23,203.5","23,198.0","0.02K","0.01%"
"27/03/2019","23,198.0","23,200.0","23,200.5","23,196.0","0.02K","0.00%"
"26/03/2019","23,198.0","23,200.0","23,201.0","23,195.5","0.02K","0.00%"
"25/03/2019","23,199.0","23,201.0","23,202.5","23,198.0","0.02K","0.00%"
"22/03/2019","23,199.0","23,201.5","23,203.5","23,198.5","0.02K","0.00%"
"21/03/2019","23,200.0","23,210.0","23,210.0","23,196.5","0.02K","-0.04%"
"20/03/2019","23,209.0","23,210.0","23,212.0","23,177.0","0.07K","0.00%"
"19/03/2019","23,208.0","23,208.0","23,221.0","23,199.0","0.13K","0.03%"
"18/03/2019","23,202.0","23,201.0","23,209.0","23,199.0","0.02K","0.02%"
"15/03/2019","23,198.0","23,200.5","23,205.5","23,198.5","0.02K","0.00%"
"14/03/2019","23,198.0","23,199.0","23,206.5","23,197.5","0.02K","0.00%"
"13/03/2019","23,199.0","23,199.0","23,200.5","23,197.0","0.02K","0.00%"
"12/03/2019","23,198.0","23,199.5","23,200.5","23,197.5","0.02K","0.00%"
"11/03/2019","23,198.0","23,196.0","23,201.5","23,196.0","0.02K","0.00%"
"08/03/2019","23,199.0","23,199.0","23,201.0","23,196.0","0.02K","0.01%"
"07/03/2019","23,197.0","23,202.5","23,202.5","23,197.0","0.02K","-0.01%"
"06/03/2019","23,200.0","23,200.0","23,202.0","23,197.0","0.02K","0.01%"
"05/03/2019","23,198.0","23,200.5","23,202.0","23,197.0","0.01K","-0.01%"
"04/03/2019","23,200.0","23,199.0","23,202.5","23,196.0","0.02K","-0.01%"
"01/03/2019","23,202.0","23,198.5","23,204.0","23,180.0","0.06K","0.01%"
"28/02/2019","23,199.0","23,197.5","23,216.0","23,170.0","0.20K","0.00%"
"27/02/2019","23,199.0","23,197.5","23,202.5","23,195.5","0.02K","0.00%"
"26/02/2019","23,200.0","23,209.0","23,218.5","23,197.5","0.02K","-0.07%"
"25/02/2019","23,216.0","23,223.0","23,223.5","23,170.0","0.07K","0.03%"
"22/02/2019","23,209.0","23,211.0","23,257.0","23,180.0","0.20K","0.00%"
"21/02/2019","23,210.0","23,199.0","23,213.5","23,199.0","0.02K","0.05%"
"20/02/2019","23,198.0","23,198.0","23,202.5","23,193.5","0.02K","0.00%"
"19/02/2019","23,199.0","23,200.0","23,202.5","23,196.0","0.02K","0.00%"
"18/02/2019","23,199.0","23,199.5","23,225.0","23,179.5","0.02K","-0.01%"
"15/02/2019","23,201.0","23,199.0","23,206.5","23,196.0","0.02K","0.00%"
"14/02/2019","23,201.0","23,202.5","23,204.0","23,196.5","0.01K","0.02%"
"13/02/2019","23,196.0","23,201.5","23,212.5","23,197.5","0.02K","-0.05%"
"12/02/2019","23,208.0","23,202.5","23,212.5","23,202.5","0.02K","-0.01%"
"11/02/2019","23,210.0","23,200.0","23,220.0","23,199.0","0.01K","0.04%"
"08/02/2019","23,200.0","23,200.0","23,200.0","23,200.0","","0.00%"
"07/02/2019","23,200.0","23,200.0","23,200.0","23,200.0","","0.00%"
"06/02/2019","23,200.0","23,200.0","23,200.0","23,200.0","","0.00%"
"05/02/2019","23,200.0","23,200.0","23,200.0","23,200.0","","0.00%"
"04/02/2019","23,200.0","23,200.0","23,200.0","23,200.0","","0.00%"
"01/02/2019","23,200.0","23,196.5","23,215.0","23,187.5","0.01K","0.01%"
"31/01/2019","23,198.0","23,201.5","23,202.5","23,197.0","0.01K","-0.02%"
"30/01/2019","23,203.0","23,203.0","23,208.0","23,194.0","0.01K","0.03%"
"29/01/2019","23,196.0","23,198.5","23,199.5","23,192.0","0.02K","0.01%"
"28/01/2019","23,194.0","23,191.0","23,214.0","23,171.0","0.02K","0.01%"
"25/01/2019","23,192.0","23,198.5","23,200.0","23,190.0","0.01K","-0.02%"
"24/01/2019","23,196.0","23,201.0","23,201.0","23,195.0","0.02K","0.00%"
"23/01/2019","23,196.0","23,198.0","23,200.5","23,196.0","0.01K","-0.01%"
"22/01/2019","23,198.0","23,199.0","23,202.3","23,196.5","0.02K","0.00%"
"21/01/2019","23,198.0","23,197.0","23,202.5","23,196.0","0.02K","0.00%"
"18/01/2019","23,197.0","23,202.5","23,203.3","23,196.5","0.01K","0.00%"
"17/01/2019","23,198.0","23,199.5","23,203.5","23,196.5","0.02K","0.00%"
"16/01/2019","23,198.0","23,202.5","23,203.5","23,196.0","0.02K","-0.02%"
"15/01/2019","23,203.0","23,202.0","23,204.0","23,197.0","0.00K","0.02%"
"14/01/2019","23,199.0","23,197.0","23,202.5","23,196.0","0.00K","0.00%"
"11/01/2019","23,198.0","23,199.0","23,201.0","23,193.5","0.02K","0.01%"
"10/01/2019","23,196.0","23,198.5","23,201.0","23,193.0","0.01K","-0.01%"
"09/01/2019","23,198.0","23,199.5","23,201.0","23,194.5","0.02K","0.00%"
"08/01/2019","23,198.0","23,200.5","23,200.5","23,193.5","0.02K","0.00%"
"07/01/2019","23,198.0","23,198.5","23,204.0","23,192.5","0.02K","0.00%"
"04/01/2019","23,198.0","23,199.0","23,202.5","23,194.0","0.02K","-0.01%"
"03/01/2019","23,200.0","23,202.5","23,206.5","23,192.5","0.02K","-0.02%"
"02/01/2019","23,205.0","23,193.5","23,210.0","23,192.5","0.02K","0.06%"
"01/01/2019","23,190.0","23,190.0","23,190.0","23,190.0","","0.00%"
"31/12/2018","23,190.0","23,190.0","23,190.0","23,190.0","","0.00%"
"28/12/2018","23,190.0","23,190.0","23,232.5","23,185.0","","-0.17%"
"27/12/2018","23,230.0","23,287.5","23,287.5","23,220.0","","-0.13%"
"26/12/2018","23,260.0","23,287.5","23,287.5","23,262.5","","-0.07%"
"25/12/2018","23,277.0","23,281.0","23,282.5","23,275.0","","0.00%"
"24/12/2018","23,278.0","23,281.0","23,290.0","23,279.0","","-0.02%"
"21/12/2018","23,282.0","23,297.5","23,297.5","23,278.0","","-0.08%"
"20/12/2018","23,300.0","23,305.0","23,326.5","23,291.0","","-0.03%"
"19/12/2018","23,307.0","23,308.0","23,316.5","23,303.5","","-0.05%"
"18/12/2018","23,318.0","23,327.5","23,334.0","23,294.0","","0.00%"
"17/12/2018","23,318.0","23,285.0","23,328.0","23,285.0","","0.13%"
"14/12/2018","23,287.0","23,294.0","23,294.0","23,282.0","","0.01%"
"13/12/2018","23,285.0","23,290.0","23,303.5","23,282.5","","-0.06%"
"12/12/2018","23,300.0","23,304.0","23,320.0","23,290.5","","0.00%"
"11/12/2018","23,300.0","23,304.0","23,328.0","23,297.5","","-0.02%"
"10/12/2018","23,305.0","23,317.0","23,347.5","23,297.5","","-0.02%"
"07/12/2018","23,310.0","23,327.5","23,328.0","23,312.5","","-0.09%"
"06/12/2018","23,332.0","23,322.5","23,344.5","23,302.5","","0.11%"
"05/12/2018","23,306.0","23,301.5","23,308.0","23,293.5","","0.10%"
"04/12/2018","23,283.0","23,347.5","23,347.5","23,284.0","","-0.07%"
"03/12/2018","23,300.0","23,313.5","23,317.0","23,296.0","","-0.06%"
"30/11/2018","23,315.0","23,347.5","23,347.5","23,312.5","","-0.05%"
"29/11/2018","23,327.0","23,347.5","23,347.5","23,326.5","","-0.03%"
"28/11/2018","23,335.0","23,347.5","23,347.5","23,332.0","","-0.04%"
"27/11/2018","23,345.0","23,347.5","23,348.5","23,332.5","","0.02%"
"26/11/2018","23,340.0","23,346.0","23,360.0","23,312.5","","-0.09%"
"23/11/2018","23,360.0","23,317.5","23,362.5","23,317.5","","0.06%"
"22/11/2018","23,345.0","23,352.5","23,354.0","23,347.5","","-0.03%"
"21/11/2018","23,352.0","23,317.5","23,353.5","23,317.5","","0.07%"
"20/11/2018","23,336.0","23,324.0","23,347.5","23,324.0","","0.11%"
"19/11/2018","23,310.0","23,311.5","23,347.5","23,304.5","","0.02%"
"16/11/2018","23,306.0","23,311.5","23,312.5","23,301.5","","-0.01%"
"15/11/2018","23,308.0","23,315.5","23,347.5","23,302.5","","-0.03%"
"14/11/2018","23,315.0","23,305.5","23,317.5","23,302.5","","0.03%"
"13/11/2018","23,308.0","23,310.5","23,313.0","23,302.5","","0.03%"
"12/11/2018","23,300.0","23,314.0","23,325.0","23,280.0","","0.04%"
"09/11/2018","23,290.0","23,312.5","23,326.0","23,295.0","","-0.12%"
"08/11/2018","23,318.0","23,317.5","23,328.0","23,312.5","","-0.03%"
"07/11/2018","23,326.0","23,322.5","23,333.0","23,311.5","","0.00%"
"06/11/2018","23,325.0","23,312.5","23,328.5","23,312.5","","0.06%"
"05/11/2018","23,310.0","23,325.5","23,332.5","23,306.0","","-0.09%"
"02/11/2018","23,330.0","23,332.5","23,347.5","23,317.5","","-0.06%"
"01/11/2018","23,345.0","23,345.5","23,349.0","23,334.5","","0.01%"
"31/10/2018","23,343.0","23,347.5","23,348.5","23,342.5","","0.00%"
"30/10/2018","23,343.0","23,342.5","23,348.5","23,331.5","","0.00%"
"29/10/2018","23,343.0","23,350.0","23,353.0","23,345.5","","-0.05%"
"26/10/2018","23,355.0","23,352.5","23,357.0","23,348.5","","0.02%"
"25/10/2018","23,350.0","23,351.5","23,355.0","23,347.0","","0.01%"
"24/10/2018","23,348.0","23,350.5","23,352.5","23,345.0","","0.00%"
"23/10/2018","23,348.0","23,347.5","23,352.5","23,346.0","","0.00%"
"22/10/2018","23,348.0","23,351.5","23,352.0","23,345.0","","-0.01%"
"19/10/2018","23,351.0","23,349.5","23,353.0","23,345.5","","0.02%"
"18/10/2018","23,347.0","23,347.5","23,349.0","23,343.0","","0.02%"
"17/10/2018","23,342.0","23,342.5","23,346.5","23,311.5","","0.02%"
"16/10/2018","23,338.0","23,337.5","23,342.5","23,333.0","","0.03%"
"15/10/2018","23,330.0","23,353.0","23,353.0","23,332.5","","-0.06%"
"12/10/2018","23,343.0","23,345.5","23,348.0","23,342.5","","-0.01%"
"11/10/2018","23,345.0","23,342.5","23,357.5","23,342.5","","-0.02%"
"10/10/2018","23,350.0","23,355.5","23,356.5","23,348.0","","-0.02%"
"09/10/2018","23,355.0","23,357.5","23,358.5","23,347.5","","0.02%"
"08/10/2018","23,350.0","23,347.5","23,354.0","23,311.5","","0.09%"
"05/10/2018","23,330.0","23,352.5","23,352.5","23,331.5","","-0.08%"
"04/10/2018","23,348.0","23,347.5","23,351.5","23,343.5","","0.03%"
"03/10/2018","23,340.0","23,342.5","23,342.5","23,311.5","","0.06%"
"02/10/2018","23,325.0","23,332.5","23,335.5","23,322.0","","-0.02%"
"01/10/2018","23,330.0","23,324.0","23,345.5","23,323.0","","0.02%"
"28/09/2018","23,325.0","23,335.0","23,345.5","23,322.5","","-0.09%"
"27/09/2018","23,345.0","23,346.0","23,348.0","23,342.5","","-0.01%"
"26/09/2018","23,348.0","23,350.5","23,350.5","23,341.0","","0.01%"
"25/09/2018","23,345.0","23,342.5","23,346.5","23,342.5","","0.03%"
"24/09/2018","23,337.0","23,337.5","23,341.0","23,334.0","","0.02%"
"21/09/2018","23,332.0","23,327.5","23,341.5","23,327.5","","0.05%"
"20/09/2018","23,320.0","23,305.0","23,330.5","23,296.5","","0.06%"
"19/09/2018","23,305.0","23,296.5","23,314.0","23,282.5","","0.11%"
"18/09/2018","23,280.0","23,302.5","23,317.5","23,278.5","","-0.04%"
"17/09/2018","23,289.0","23,247.5","23,291.5","23,247.5","","0.18%"
"14/09/2018","23,247.0","23,260.5","23,277.5","23,238.5","","-0.12%"
"13/09/2018","23,276.0","23,276.0","23,280.5","23,272.5","","-0.02%"
"12/09/2018","23,280.0","23,282.5","23,287.5","23,281.0","","-0.01%"
"11/09/2018","23,283.0","23,287.5","23,312.5","23,273.5","","-0.08%"
"10/09/2018","23,302.0","23,310.5","23,312.5","23,295.5","","0.00%"
"07/09/2018","23,302.0","23,311.5","23,313.0","23,302.0","","-0.05%"
"06/09/2018","23,314.0","23,312.5","23,317.0","23,307.5","","0.00%"
"05/09/2018","23,313.0","23,316.5","23,332.5","23,285.0","","0.00%"
"04/09/2018","23,312.0","23,302.5","23,317.0","23,296.5","","0.04%"
"03/09/2018","23,303.0","23,303.0","23,303.0","23,303.0","","0.00%"
"31/08/2018","23,303.0","23,304.0","23,306.5","23,293.5","","0.00%"
"30/08/2018","23,302.0","23,302.5","23,307.5","23,296.5","","0.01%"
"29/08/2018","23,300.0","23,295.0","23,312.5","23,292.0","","0.02%"
"28/08/2018","23,295.0","23,285.0","23,297.5","23,270.0","","0.01%"
"27/08/2018","23,293.0","23,305.0","23,305.0","23,287.5","","-0.03%"
"24/08/2018","23,300.0","23,305.0","23,307.0","23,282.5","","0.08%"
"23/08/2018","23,281.0","23,279.0","23,283.0","23,270.0","","0.03%"
"22/08/2018","23,274.0","23,277.5","23,283.5","23,263.5","","0.03%"
"21/08/2018","23,268.0","23,267.5","23,275.0","23,259.0","","-0.02%"
"20/08/2018","23,272.0","23,274.0","23,320.0","23,250.0","","-0.09%"
"17/08/2018","23,293.0","23,315.5","23,315.5","23,286.5","","-0.08%"
"16/08/2018","23,312.0","23,315.5","23,317.5","23,311.5","","0.01%"
"15/08/2018","23,310.0","23,313.0","23,317.5","23,311.5","","-0.02%"
"14/08/2018","23,314.0","23,317.0","23,320.5","23,311.0","","0.02%"
"13/08/2018","23,310.0","23,315.0","23,315.0","23,312.5","","0.15%"
"10/08/2018","23,275.0","23,278.0","23,281.0","23,271.0","","0.00%"
"09/08/2018","23,275.0","23,280.0","23,286.5","23,277.0","","-0.03%"
"08/08/2018","23,282.0","23,301.0","23,302.5","23,281.5","","-0.09%"
"07/08/2018","23,302.0","23,310.0","23,312.5","23,302.0","","-0.02%"
"06/08/2018","23,306.0","23,310.5","23,312.5","23,307.0","","0.01%"
"03/08/2018","23,304.0","23,280.5","23,307.5","23,280.5","","0.10%"
"02/08/2018","23,280.0","23,274.0","23,285.0","23,272.5","","-0.04%"
"01/08/2018","23,290.0","23,291.5","23,293.0","23,282.0","","0.04%"
"31/07/2018","23,280.0","23,285.0","23,285.0","23,277.5","","0.11%"
"30/07/2018","23,255.0","23,259.5","23,262.5","23,250.0","","0.11%"
"27/07/2018","23,230.0","23,217.5","23,232.5","23,217.5","","0.24%"
"26/07/2018","23,175.0","23,180.0","23,185.0","23,175.0","","-0.17%"
"25/07/2018","23,215.0","23,251.0","23,251.0","23,215.0","","-0.14%"
"24/07/2018","23,248.0","23,250.0","23,255.0","23,249.5","","0.12%"
"23/07/2018","23,220.0","23,205.0","23,225.0","23,205.0","","0.72%"
"20/07/2018","23,053.0","23,056.5","23,057.5","23,049.5","","0.01%"
"19/07/2018","23,050.0","23,050.5","23,053.5","23,049.0","","0.00%"
"18/07/2018","23,049.0","23,050.0","23,052.5","23,048.5","","0.00%"
"17/07/2018","23,050.0","23,049.5","23,052.5","23,046.5","","0.00%"
"16/07/2018","23,050.0","23,050.0","23,052.5","23,047.5","","0.00%"
"13/07/2018","23,050.0","23,048.5","23,051.0","23,045.5","","0.01%"
"12/07/2018","23,047.0","23,044.0","23,048.5","23,041.0","","0.02%"
"11/07/2018","23,043.0","23,044.5","23,045.0","23,038.5","","0.02%"
"10/07/2018","23,039.0","23,040.0","23,043.5","23,039.0","","0.00%"
"09/07/2018","23,038.0","23,040.5","23,043.0","23,039.0","","0.01%"
"06/07/2018","23,035.0","23,042.5","23,043.5","23,036.5","","-0.02%"
"05/07/2018","23,040.0","23,038.5","23,045.5","23,034.0","","0.01%"
"04/07/2018","23,038.0","23,042.0","23,045.0","23,032.5","","-0.03%"
"03/07/2018","23,045.0","23,042.5","23,046.0","23,042.5","","0.41%"
"02/07/2018","22,952.0","22,965.0","22,965.0","22,954.5","","-0.02%"
"29/06/2018","22,956.0","22,967.5","22,967.5","22,957.5","","0.09%"
"28/06/2018","22,935.0","22,939.5","22,948.5","22,937.5","","0.00%"
"27/06/2018","22,935.0","22,938.5","22,939.5","22,937.5","","0.07%"
"26/06/2018","22,920.0","22,897.5","22,924.0","22,897.5","","0.11%"
"25/06/2018","22,895.0","22,892.5","22,898.0","22,887.5","","0.02%"
"22/06/2018","22,891.0","22,896.5","22,896.5","22,892.5","","0.07%"
"21/06/2018","22,876.0","22,872.5","22,883.0","22,872.5","","0.04%"
"20/06/2018","22,866.0","22,866.5","22,867.5","22,857.0","","0.06%"
"19/06/2018","22,852.0","22,837.0","22,853.5","22,837.0","","0.07%"
"18/06/2018","22,835.0","22,816.5","22,836.0","22,816.5","","0.09%"
"15/06/2018","22,815.0","22,814.0","22,817.5","22,814.0","","0.01%"
"14/06/2018","22,812.0","22,814.5","22,814.5","22,808.0","","0.01%"
"13/06/2018","22,810.0","22,814.5","22,819.5","22,812.0","","-0.01%"
"12/06/2018","22,812.0","22,812.0","22,818.5","22,805.5","","-0.01%"
"11/06/2018","22,814.0","22,815.5","22,816.5","22,814.5","","0.11%"
"08/06/2018","22,790.0","22,795.0","22,797.5","22,793.0","","-0.05%"
"07/06/2018","22,801.0","22,806.0","22,807.5","22,801.5","","-0.02%"
"06/06/2018","22,805.0","22,829.5","22,829.5","22,806.0","","-0.11%"
"05/06/2018","22,829.0","22,824.5","22,829.5","22,813.5","","0.01%"
"04/06/2018","22,826.0","22,792.0","22,828.0","22,792.0","","0.13%"
"01/06/2018","22,796.0","22,792.0","22,802.0","22,789.5","","-0.04%"
"31/05/2018","22,804.0","22,813.5","22,817.5","22,775.0","","-0.20%"
"30/05/2018","22,850.0","22,868.5","22,875.5","22,840.0","","0.09%"
"29/05/2018","22,830.0","22,840.0","22,845.5","22,832.5","","0.07%"
"28/05/2018","22,814.0","22,812.0","22,817.0","22,770.0","","0.20%"
"25/05/2018","22,769.0","22,780.0","22,783.0","22,770.0","","-0.04%"
"24/05/2018","22,777.0","22,778.0","22,780.0","22,775.0","","0.02%"
"23/05/2018","22,773.0","22,774.0","22,775.0","22,767.0","","0.02%"
"22/05/2018","22,769.0","22,770.0","22,771.0","22,765.0","","0.00%"
"21/05/2018","22,770.0","22,767.0","22,777.0","22,767.0","","-0.07%"
"18/05/2018","22,785.0","22,784.0","22,786.0","22,775.0","","0.05%"
"17/05/2018","22,773.0","22,775.0","22,776.5","22,773.5","","0.01%"
"16/05/2018","22,770.0","22,773.8","22,775.0","22,772.0","","0.01%"
"15/05/2018","22,768.0","22,770.0","22,773.0","22,768.5","","0.01%"
"14/05/2018","22,765.0","22,767.0","22,770.5","22,766.0","","-0.02%"
"11/05/2018","22,769.0","22,770.0","22,775.0","22,768.5","","0.00%"
"10/05/2018","22,769.0","22,771.0","22,775.0","22,770.0","","-0.02%"
"09/05/2018","22,774.0","22,770.0","22,777.0","22,770.0","","0.01%"
"08/05/2018","22,772.0","22,771.5","22,773.5","22,770.0","","0.02%"
"07/05/2018","22,767.0","22,762.5","22,790.5","22,762.5","","0.00%"
"04/05/2018","22,767.0","22,767.0","22,772.0","22,764.5","","0.02%"
"03/05/2018","22,762.0","22,761.0","22,767.0","22,760.0","","0.01%"
"02/05/2018","22,760.0","22,763.5","22,765.0","22,761.0","","-0.01%"
"01/05/2018","22,763.0","22,763.0","22,763.0","22,763.0","","0.00%"
"30/04/2018","22,763.0","22,763.0","22,763.0","22,763.0","","0.00%"
"27/04/2018","22,763.0","22,765.0","22,767.5","22,760.5","","-0.01%"
"26/04/2018","22,765.0","22,766.5","22,769.0","22,766.0","","-0.01%"
"25/04/2018","22,768.0","22,768.0","22,768.0","22,768.0","","0.00%"
"24/04/2018","22,768.0","22,769.0","22,771.5","22,766.5","","0.00%"
"23/04/2018","22,769.0","22,771.0","22,773.0","22,770.0","","-0.01%"
"20/04/2018","22,771.0","22,770.0","22,776.0","22,770.0","","-0.03%"
"19/04/2018","22,778.0","22,776.0","22,781.5","22,773.0","","0.02%"
"18/04/2018","22,773.0","22,771.0","22,774.5","22,770.0","","0.01%"
"17/04/2018","22,770.0","22,768.0","22,777.0","22,767.0","","-0.02%"
"16/04/2018","22,775.0","22,786.5","22,788.0","22,774.0","","-0.04%"
"13/04/2018","22,784.0","22,785.5","22,806.0","22,783.5","","-0.01%"
"12/04/2018","22,786.0","22,786.5","22,790.5","22,786.0","","-0.01%"
"11/04/2018","22,788.0","22,789.0","22,792.5","22,787.0","","-0.01%"
"10/04/2018","22,790.0","22,806.0","22,811.0","22,789.5","","0.00%"
"09/04/2018","22,790.0","22,789.5","22,812.5","22,788.5","","-0.04%"
"06/04/2018","22,800.0","22,803.0","22,812.5","22,801.0","","-0.06%"
"05/04/2018","22,813.0","22,809.0","22,814.0","22,806.0","","-0.01%"
"04/04/2018","22,815.0","22,817.5","22,817.5","22,810.0","","0.03%"
"03/04/2018","22,809.0","22,790.5","22,814.0","22,787.0","","0.07%"
"02/04/2018","22,792.0","22,788.5","22,793.5","22,782.0","","0.00%"
"30/03/2018","22,793.0","22,789.5","22,810.0","22,787.5","","-0.07%"
"29/03/2018","22,809.0","22,807.5","22,819.0","22,807.0","","-0.04%"
"28/03/2018","22,818.0","22,817.5","22,822.0","22,813.0","","0.01%"
"27/03/2018","22,815.0","22,813.5","22,815.5","22,809.0","","0.02%"
"26/03/2018","22,810.0","22,797.5","22,815.0","22,797.5","","0.04%"
"23/03/2018","22,802.0","22,799.0","22,803.5","22,785.0","","0.04%"
"22/03/2018","22,794.0","22,785.0","22,795.0","22,774.5","","0.09%"
"21/03/2018","22,773.5","22,777.0","22,777.5","22,772.3","","0.00%"
"20/03/2018","22,774.0","22,777.0","22,779.0","22,763.5","","0.04%"
"19/03/2018","22,765.0","22,766.0","22,771.5","22,765.5","","0.00%"
"16/03/2018","22,764.0","22,764.5","22,766.5","22,762.5","","-0.01%"
"15/03/2018","22,767.0","22,768.0","22,769.0","22,761.0","","0.01%"
"14/03/2018","22,765.0","22,766.5","22,769.5","22,762.0","","0.01%"
"13/03/2018","22,762.0","22,762.0","22,769.0","22,755.0","","0.02%"
"12/03/2018","22,758.0","22,761.5","22,762.5","22,757.0","","-0.01%"
"09/03/2018","22,760.0","22,760.0","22,763.5","22,757.0","","0.02%"
"08/03/2018","22,756.0","22,760.5","22,761.5","22,755.5","","-0.01%"
"07/03/2018","22,759.0","22,761.0","22,770.5","22,757.5","","-0.04%"
"06/03/2018","22,769.0","22,770.0","22,773.0","22,766.0","","0.02%"
"05/03/2018","22,765.0","22,764.0","22,769.0","22,761.0","","0.02%"
"02/03/2018","22,760.0","22,761.0","22,764.5","22,759.0","","0.04%"
"01/03/2018","22,750.0","22,757.5","22,758.0","22,749.0","","-0.03%"
"28/02/2018","22,756.0","22,758.0","22,759.5","22,749.0","","0.03%"
"27/02/2018","22,750.0","22,745.5","22,751.5","22,742.5","","0.08%"
"26/02/2018","22,732.0","22,740.5","22,747.5","22,736.5","","-0.04%"
"23/02/2018","22,740.0","22,738.5","22,742.5","22,736.0","","0.13%"
"22/02/2018","22,710.0","22,720.0","22,729.0","22,712.5","","-0.02%"
"21/02/2018","22,715.0","22,700.0","22,722.0","22,697.5","","0.13%"
"20/02/2018","22,685.0","22,698.0","22,700.5","22,692.5","","-0.04%"
"19/02/2018","22,695.0","22,695.0","22,695.0","22,695.0","","0.00%"
"16/02/2018","22,695.0","22,710.0","22,712.5","22,705.0","","0.00%"
"15/02/2018","22,695.0","22,695.0","22,695.0","22,695.0","","0.00%"
"14/02/2018","22,695.0","22,710.0","22,710.0","22,707.5","","-0.02%"
"13/02/2018","22,700.0","22,700.0","22,720.0","22,692.5","","-0.01%"
"12/02/2018","22,702.0","22,692.0","22,708.5","22,689.5","","0.05%"
"09/02/2018","22,690.0","22,703.0","22,709.5","22,685.5","","-0.04%"
"08/02/2018","22,698.0","22,691.0","22,708.5","22,683.5","","0.03%"
"07/02/2018","22,691.0","22,703.5","22,712.0","22,694.0","","-0.04%"
"06/02/2018","22,700.0","22,709.5","22,715.0","22,705.0","","0.02%"
"05/02/2018","22,695.0","22,709.5","22,729.0","22,702.5","","-0.06%"
"02/02/2018","22,709.0","22,708.5","22,710.5","22,708.0","","0.00%"
"01/02/2018","22,709.0","22,710.5","22,711.0","22,702.5","","0.04%"
"31/01/2018","22,700.0","22,709.5","22,715.0","22,704.5","","0.00%"
"30/01/2018","22,700.0","22,709.5","22,715.5","22,705.0","","0.00%"
"29/01/2018","22,701.0","22,709.4","22,715.5","22,705.3","","-0.04%"
"26/01/2018","22,710.0","22,709.5","22,711.0","22,708.5","","0.04%"
"25/01/2018","22,701.0","22,709.5","22,718.0","22,705.5","","0.02%"
"24/01/2018","22,696.0","22,709.5","22,718.0","22,703.0","","-0.06%"
"23/01/2018","22,710.0","22,709.5","22,711.0","22,708.0","","0.04%"
"22/01/2018","22,701.0","22,709.0","22,715.5","22,705.0","","0.00%"
"19/01/2018","22,700.0","22,709.5","22,718.0","22,705.0","","0.00%"
"18/01/2018","22,701.0","22,711.0","22,719.5","22,706.0","","0.00%"
"17/01/2018","22,700.0","22,710.8","22,718.0","22,704.5","","-0.04%"
"16/01/2018","22,710.0","22,708.5","22,729.0","22,707.0","","0.00%"
"15/01/2018","22,709.0","22,708.5","22,710.5","22,706.9","","0.00%"
"12/01/2018","22,708.0","22,708.5","22,710.5","22,707.0","","0.06%"
"11/01/2018","22,695.0","22,709.0","22,714.5","22,702.0","","-0.03%"
"10/01/2018","22,701.0","22,709.0","22,718.5","22,705.4","","-0.04%"
"09/01/2018","22,709.0","22,710.5","22,710.5","22,707.4","","0.04%"
"08/01/2018","22,700.0","22,709.0","22,717.5","22,704.5","","-0.04%"
"05/01/2018","22,709.0","22,710.5","22,711.0","22,707.0","","0.00%"
"04/01/2018","22,710.0","22,713.5","22,718.0","22,705.5","","0.01%"
"03/01/2018","22,708.0","22,709.5","22,711.0","22,708.0","","0.04%"
"02/01/2018","22,700.0","22,709.5","22,715.5","22,705.0","","0.00%"
"01/01/2018","22,700.0","22,700.0","22,700.0","22,700.0","","0.00%"
"29/12/2017","22,700.0","22,708.5","22,714.5","22,701.5","","-0.04%"
"28/12/2017","22,710.0","22,709.3","22,712.5","22,708.0","","0.00%"
"27/12/2017","22,710.0","22,710.5","22,712.5","22,709.0","","0.09%"
"26/12/2017","22,690.0","22,712.5","22,713.5","22,700.0","","-0.09%"
"25/12/2017","22,710.5","22,710.5","22,713.0","22,710.0","","0.04%"
"22/12/2017","22,701.0","22,712.0","22,719.0","22,706.5","","-0.02%"
"21/12/2017","22,705.0","22,712.5","22,719.5","22,706.0","","0.02%"
"20/12/2017","22,700.0","22,715.0","22,719.8","22,707.0","","0.00%"
"19/12/2017","22,701.0","22,712.5","22,721.0","22,707.0","","-0.06%"
"18/12/2017","22,714.0","22,717.5","22,717.8","22,711.0","","0.06%"
"15/12/2017","22,700.0","22,717.0","22,721.5","22,708.0","","-0.02%"
"14/12/2017","22,705.0","22,711.5","22,720.0","22,708.5","","0.02%"
"13/12/2017","22,701.0","22,712.5","22,719.0","22,706.0","","0.00%"
"12/12/2017","22,701.0","22,714.0","22,729.0","22,706.0","","0.00%"
"11/12/2017","22,700.0","22,711.5","22,717.0","22,705.5","","-0.04%"
"08/12/2017","22,710.0","22,711.0","22,717.5","22,710.0","","0.04%"
"07/12/2017","22,701.0","22,713.0","22,720.5","22,707.0","","-0.02%"
"06/12/2017","22,705.0","22,715.5","22,720.0","22,710.0","","0.00%"
"05/12/2017","22,705.0","22,713.5","22,722.0","22,708.0","","0.01%"
"04/12/2017","22,702.0","22,715.5","22,727.5","22,708.5","","0.01%"
"01/12/2017","22,700.0","22,717.5","22,727.5","22,707.5","","-0.02%"
"30/11/2017","22,705.0","22,717.5","22,727.5","22,711.5","","-0.04%"
"29/11/2017","22,715.0","22,712.5","22,725.0","22,708.0","","0.04%"
"28/11/2017","22,705.0","22,716.0","22,726.5","22,710.0","","-0.04%"
"27/11/2017","22,715.0","22,725.5","22,729.0","22,717.5","","0.00%"
"24/11/2017","22,715.0","22,729.0","22,731.5","22,719.0","","-0.05%"
"23/11/2017","22,727.0","22,720.0","22,731.0","22,716.5","","0.05%"
"22/11/2017","22,715.0","22,723.0","22,729.0","22,714.5","","0.07%"
"21/11/2017","22,700.0","22,715.0","22,718.0","22,706.5","","0.00%"
"20/11/2017","22,700.0","22,729.0","22,729.0","22,705.0","","-0.05%"
"17/11/2017","22,712.0","22,711.5","22,714.0","22,709.5","","0.05%"
"16/11/2017","22,701.0","22,711.5","22,716.0","22,705.0","","0.00%"
"15/11/2017","22,701.0","22,711.5","22,717.0","22,706.0","","-0.04%"
"14/11/2017","22,710.0","22,711.5","22,716.5","22,710.0","","0.07%"
"13/11/2017","22,695.0","22,713.5","22,716.5","22,698.0","","-0.03%"
"10/11/2017","22,701.0","22,712.5","22,720.0","22,707.5","","0.00%"
"09/11/2017","22,700.0","22,707.5","22,719.5","22,704.0","","0.00%"
"08/11/2017","22,700.0","22,715.0","22,716.5","22,706.5","","0.00%"
"07/11/2017","22,701.0","22,712.5","22,719.3","22,706.5","","-0.02%"
"06/11/2017","22,705.0","22,713.0","22,719.0","22,708.5","","0.02%"
"03/11/2017","22,700.0","22,713.5","22,719.0","22,706.0","","0.00%"
"02/11/2017","22,700.0","22,712.5","22,719.5","22,706.0","","0.00%"
"01/11/2017","22,701.0","22,711.5","22,723.0","22,706.5","","0.00%"
"31/10/2017","22,700.0","22,716.3","22,721.5","22,706.5","","0.00%"
"30/10/2017","22,700.0","22,716.5","22,719.0","22,708.5","","0.00%"
"27/10/2017","22,700.0","22,719.0","22,722.0","22,708.5","","-0.09%"
"26/10/2017","22,720.0","22,720.5","22,725.5","22,718.0","","0.00%"
"25/10/2017","22,720.0","22,720.0","22,733.5","22,719.0","","0.00%"
"24/10/2017","22,719.0","22,722.0","22,730.0","22,719.0","","-0.02%"
"23/10/2017","22,723.0","22,718.0","22,723.5","22,716.5","","0.02%"
"20/10/2017","22,718.0","22,718.3","22,719.5","22,716.5","","0.04%"
"19/10/2017","22,710.0","22,717.5","22,727.5","22,714.5","","-0.04%"
"18/10/2017","22,719.0","22,719.0","22,720.5","22,717.0","","0.00%"
"17/10/2017","22,718.0","22,719.5","22,720.5","22,716.0","","0.06%"
"16/10/2017","22,705.0","22,719.0","22,725.0","22,708.5","","-0.02%"
"13/10/2017","22,710.0","22,720.0","22,725.5","22,715.0","","-0.04%"
"12/10/2017","22,719.0","22,717.5","22,722.0","22,716.5","","0.00%"
"11/10/2017","22,718.0","22,718.0","22,723.5","22,715.5","","-0.01%"
"10/10/2017","22,720.0","22,723.0","22,733.5","22,721.5","","-0.02%"
"09/10/2017","22,725.0","22,728.5","22,729.5","22,725.5","","0.04%"
"06/10/2017","22,715.0","22,728.5","22,731.5","22,721.5","","0.00%"
"05/10/2017","22,715.0","22,729.5","22,732.0","22,721.5","","-0.02%"
"04/10/2017","22,720.0","22,729.5","22,737.0","22,723.8","","0.02%"
"03/10/2017","22,715.0","22,727.5","22,733.5","22,721.0","","0.00%"
"02/10/2017","22,715.0","22,726.0","22,733.5","22,720.5","","-0.02%"
"29/09/2017","22,720.0","22,726.0","22,736.0","22,723.0","","0.02%"
"28/09/2017","22,715.0","22,729.5","22,734.5","22,721.5","","-0.02%"
"27/09/2017","22,720.0","22,732.5","22,739.0","22,725.0","","0.00%"
"26/09/2017","22,720.0","22,733.5","22,737.5","22,726.0","","-0.04%"
"25/09/2017","22,730.0","22,736.0","22,738.0","22,726.0","","0.07%"
"22/09/2017","22,715.0","22,722.5","22,739.5","22,721.0","","-0.02%"
"21/09/2017","22,720.0","22,725.0","22,733.5","22,724.5","","-0.02%"
"20/09/2017","22,725.0","22,728.5","22,730.0","22,726.0","","0.02%"
"19/09/2017","22,720.0","22,729.5","22,730.5","22,723.5","","0.00%"
"18/09/2017","22,721.0","22,725.0","22,730.5","22,723.0","","0.03%"
"15/09/2017","22,715.0","22,725.0","22,730.0","22,720.5","","-0.02%"
"14/09/2017","22,720.0","22,725.5","22,728.0","22,723.0","","0.00%"
"13/09/2017","22,720.0","22,725.5","22,729.0","22,723.0","","0.00%"
"12/09/2017","22,720.0","22,725.0","22,734.0","22,723.0","","0.04%"
"11/09/2017","22,710.0","22,725.5","22,730.0","22,718.0","","-0.07%"
"08/09/2017","22,725.0","22,726.5","22,728.0","22,725.0","","0.02%"
"07/09/2017","22,720.0","22,727.5","22,732.0","22,724.0","","0.00%"
"06/09/2017","22,720.0","22,727.0","22,733.0","22,724.0","","-0.04%"
"05/09/2017","22,728.0","22,728.0","22,733.0","22,727.5","","0.01%"
"04/09/2017","22,725.0","22,725.0","22,725.0","22,725.0","","0.00%"
"01/09/2017","22,725.0","22,729.0","22,735.5","22,727.5","","0.04%"
"31/08/2017","22,715.0","22,731.0","22,735.5","22,723.0","","-0.04%"
"30/08/2017","22,725.0","22,730.0","22,740.5","22,728.0","","0.00%"
"29/08/2017","22,725.0","22,731.0","22,740.5","22,727.5","","0.00%"
"28/08/2017","22,725.0","22,732.5","22,738.5","22,727.5","","-0.03%"
"25/08/2017","22,732.0","22,735.0","22,738.0","22,729.5","","-0.03%"
"24/08/2017","22,738.0","22,730.0","22,739.0","22,725.0","","0.04%"
"23/08/2017","22,730.0","22,729.0","22,738.5","22,726.5","","0.01%"
"22/08/2017","22,728.0","22,727.5","22,729.0","22,726.5","","0.00%"
"21/08/2017","22,727.0","22,728.0","22,729.0","22,726.5","","0.00%"
"18/08/2017","22,728.0","22,726.5","22,731.5","22,726.5","","0.00%"
"17/08/2017","22,728.0","22,728.0","22,729.0","22,726.0","","0.00%"
"16/08/2017","22,727.0","22,726.0","22,728.5","22,725.5","","0.00%"
"15/08/2017","22,727.0","22,726.0","22,728.5","22,726.0","","0.00%"
"14/08/2017","22,727.0","22,731.0","22,731.0","22,725.5","","0.00%"
"11/08/2017","22,727.0","22,727.0","22,730.0","22,726.5","","-0.01%"
"10/08/2017","22,730.0","22,728.0","22,735.0","22,728.0","","0.00%"
"09/08/2017","22,729.0","22,729.5","22,732.5","22,728.0","","0.02%"
"08/08/2017","22,725.0","22,728.0","22,738.5","22,727.5","","-0.02%"
"07/08/2017","22,730.0","22,735.0","22,740.0","22,729.0","","0.02%"
"04/08/2017","22,725.0","22,735.0","22,753.0","22,717.5","","0.00%"
"03/08/2017","22,725.0","22,720.0","22,752.0","22,712.5","","0.02%"
"02/08/2017","22,720.0","22,725.0","22,745.0","22,709.0","","0.00%"
"01/08/2017","22,720.0","22,727.0","22,747.0","22,711.0","","-0.03%"
"31/07/2017","22,726.0","22,732.0","22,761.0","22,711.5","","-0.01%"
"28/07/2017","22,728.0","22,729.0","22,748.5","22,714.5","","0.12%"
"27/07/2017","22,700.0","22,735.0","22,751.0","22,715.5","","-0.02%"
"26/07/2017","22,705.0","22,730.0","22,748.5","22,716.0","","-0.09%"
"25/07/2017","22,725.0","22,725.0","22,752.5","22,716.0","","0.07%"
"24/07/2017","22,710.0","22,735.0","22,752.5","22,715.0","","0.04%"
"21/07/2017","22,700.0","22,735.0","22,752.5","22,711.5","","-0.11%"
"20/07/2017","22,725.0","22,734.5","22,749.5","22,717.0","","-0.02%"
"19/07/2017","22,730.0","22,732.5","22,739.5","22,727.5","","0.07%"
"18/07/2017","22,715.0","22,728.0","22,744.0","22,709.5","","0.00%"
"17/07/2017","22,715.0","22,732.5","22,762.0","22,707.5","","0.04%"
"14/07/2017","22,705.0","22,730.5","22,751.0","22,714.0","","0.00%"
"13/07/2017","22,705.0","22,725.0","22,748.0","22,716.0","","0.00%"
"12/07/2017","22,705.0","22,732.0","22,755.0","22,711.0","","0.02%"
"11/07/2017","22,700.0","22,737.5","22,768.5","22,716.5","","-0.02%"
"10/07/2017","22,705.0","22,743.0","22,773.5","22,721.5","","0.00%"
"07/07/2017","22,705.0","22,745.0","22,762.0","22,721.5","","-0.11%"
"06/07/2017","22,730.0","22,742.5","22,757.0","22,724.5","","-0.02%"
"05/07/2017","22,735.0","22,741.0","22,759.0","22,719.5","","0.00%"
"04/07/2017","22,736.0","22,738.0","22,753.5","22,718.0","","0.00%"
"03/07/2017","22,735.0","22,735.0","22,752.5","22,717.0","","0.15%"
"30/06/2017","22,700.0","22,732.0","22,752.0","22,713.0","","-0.11%"
"29/06/2017","22,725.0","22,743.5","22,756.5","22,720.0","","0.00%"
"28/06/2017","22,725.0","22,737.5","22,761.0","22,718.5","","0.11%"
"27/06/2017","22,700.0","22,743.5","22,759.0","22,713.0","","-0.02%"
"26/06/2017","22,705.0","22,730.0","22,752.5","22,710.0","","-0.02%"
"23/06/2017","22,710.0","22,724.0","22,740.0","22,708.0","","0.18%"
"22/06/2017","22,670.0","22,697.5","22,741.0","22,687.5","","-0.02%"
"21/06/2017","22,675.0","22,725.0","22,743.0","22,696.5","","-0.20%"
"20/06/2017","22,720.0","22,685.0","22,740.5","22,685.0","","0.09%"
"19/06/2017","22,700.0","22,705.0","22,761.0","22,671.0","","0.07%"
"16/06/2017","22,685.0","22,684.0","22,700.0","22,668.0","","0.07%"
"15/06/2017","22,670.0","22,705.0","22,728.0","22,670.5","","-0.13%"
"14/06/2017","22,700.0","22,695.0","22,720.0","22,683.5","","0.04%"
"13/06/2017","22,690.0","22,695.0","22,716.5","22,675.0","","0.02%"
"12/06/2017","22,685.0","22,690.0","22,710.5","22,671.0","","0.04%"
"09/06/2017","22,675.0","22,690.0","22,709.0","22,670.0","","-0.04%"
"08/06/2017","22,685.0","22,695.0","22,767.5","22,673.0","","-0.07%"
"07/06/2017","22,700.0","22,715.0","22,740.5","22,686.0","","0.00%"
"06/06/2017","22,700.0","22,725.0","22,740.5","22,700.0","","0.00%"
"05/06/2017","22,700.0","22,705.0","22,728.5","22,695.0","","0.11%"
"02/06/2017","22,675.0","22,714.0","22,733.0","22,688.0","","-0.11%"
"01/06/2017","22,700.0","22,700.0","22,728.0","22,679.0","","-0.04%"
"31/05/2017","22,710.0","22,715.0","22,730.5","22,687.5","","0.04%"
"30/05/2017","22,700.0","22,725.0","22,776.5","22,691.0","","-0.18%"
"29/05/2017","22,740.0","22,735.0","22,762.0","22,637.5","","0.29%"
"26/05/2017","22,675.0","22,715.0","22,750.0","22,685.0","","0.22%"
"25/05/2017","22,625.0","22,685.0","22,706.5","22,654.0","","0.11%"
"24/05/2017","22,600.0","22,683.5","22,706.5","22,642.0","","-0.33%"
"23/05/2017","22,675.0","22,684.5","22,730.0","22,670.5","","0.22%"
"22/05/2017","22,625.0","22,697.0","22,748.0","22,660.5","","0.11%"
"19/05/2017","22,600.0","22,712.5","22,725.0","22,650.0","","-0.35%"
"18/05/2017","22,680.0","22,695.0","22,713.0","22,670.5","","0.22%"
"17/05/2017","22,630.0","22,681.5","22,702.0","22,656.5","","0.13%"
"16/05/2017","22,600.0","22,684.5","22,697.5","22,640.0","","-0.34%"
"15/05/2017","22,678.0","22,695.0","22,736.5","22,664.0","","-0.05%"
"12/05/2017","22,690.0","22,726.0","22,765.5","22,672.0","","-0.14%"
"11/05/2017","22,722.0","22,726.0","22,763.0","22,707.5","","-0.07%"
"10/05/2017","22,738.0","22,737.5","22,754.0","22,713.5","","0.04%"
"09/05/2017","22,730.0","22,735.5","22,752.5","22,716.5","","0.18%"
"08/05/2017","22,690.0","22,742.0","22,755.0","22,710.0","","-0.18%"
"05/05/2017","22,730.0","22,737.5","22,755.5","22,713.0","","-0.04%"
"04/05/2017","22,740.0","22,750.0","22,769.0","22,718.0","","0.00%"
"03/05/2017","22,740.0","22,743.5","22,762.0","22,718.0","","0.18%"
"02/05/2017","22,700.0","22,700.0","22,700.0","22,700.0","","0.00%"
"01/05/2017","22,700.0","22,750.0","22,762.5","22,740.0","","-0.18%"
"28/04/2017","22,740.0","22,727.5","22,755.0","22,709.5","","0.04%"
"27/04/2017","22,730.0","22,741.0","22,766.0","22,717.0","","0.09%"
"26/04/2017","22,710.0","22,751.0","22,769.5","22,697.5","","-0.22%"
"25/04/2017","22,760.0","22,740.0","22,770.0","22,707.5","","0.20%"
"24/04/2017","22,715.0","22,717.5","22,735.0","22,690.0","","0.29%"
"21/04/2017","22,650.0","22,730.0","22,767.5","22,682.0","","-0.18%"
"20/04/2017","22,690.0","22,734.0","22,763.5","22,712.0","","-0.19%"
"19/04/2017","22,734.0","22,776.5","22,787.5","22,705.0","","0.37%"
"18/04/2017","22,650.0","22,737.0","22,803.0","22,680.0","","-0.09%"
"17/04/2017","22,670.0","22,700.0","22,745.0","22,681.0","","-0.35%"
"14/04/2017","22,750.0","22,682.5","22,787.5","22,652.0","","0.71%"
"13/04/2017","22,590.0","22,665.0","22,725.0","22,634.0","","-0.35%"
"12/04/2017","22,670.0","22,672.5","22,687.0","22,646.0","","0.08%"
"11/04/2017","22,653.0","22,657.5","22,693.0","22,630.0","","0.26%"
"10/04/2017","22,595.0","22,673.0","22,722.5","22,632.5","","-0.04%"
"07/04/2017","22,605.0","22,713.5","22,733.5","22,632.5","","-0.15%"
"06/04/2017","22,640.0","22,707.5","22,707.5","22,690.0","","-0.18%"
"05/04/2017","22,680.0","22,691.5","22,735.0","22,676.5","","-0.04%"
"04/04/2017","22,690.0","22,775.0","22,780.5","22,681.0","","-0.18%"
"03/04/2017","22,730.0","22,761.0","22,797.0","22,720.0","","-0.09%"
"31/03/2017","22,750.0","22,769.0","22,784.0","22,737.5","","-0.07%"
"30/03/2017","22,765.0","22,774.0","22,786.5","22,738.5","","-0.04%"
"29/03/2017","22,773.0","22,774.0","22,805.0","22,751.0","","0.01%"
"28/03/2017","22,770.0","22,774.0","22,792.5","22,751.0","","-0.01%"
"27/03/2017","22,773.0","22,774.0","22,797.5","22,761.0","","-0.05%"
"24/03/2017","22,785.0","22,775.0","22,805.0","22,760.0","","-0.02%"
"23/03/2017","22,790.0","22,774.0","22,810.0","22,757.5","","0.07%"
"22/03/2017","22,773.0","22,772.0","22,789.0","22,760.5","","-0.03%"
"21/03/2017","22,780.0","22,783.0","22,812.0","22,766.0","","-0.04%"
"20/03/2017","22,790.0","22,792.5","22,830.0","22,772.0","","0.04%"
"17/03/2017","22,782.0","22,782.5","22,821.5","22,755.0","","0.05%"
"16/03/2017","22,770.0","22,770.0","22,821.5","22,752.5","","-0.24%"
"15/03/2017","22,825.0","22,820.0","22,837.5","22,792.5","","0.11%"
"14/03/2017","22,800.0","22,795.0","22,822.0","22,785.0","","0.00%"
"13/03/2017","22,800.0","22,800.0","22,836.0","22,780.0","","0.18%"
"10/03/2017","22,760.0","22,805.0","22,826.0","22,713.5","","-0.18%"
"09/03/2017","22,800.0","22,817.5","22,837.5","22,784.5","","0.02%"
"08/03/2017","22,795.0","22,798.0","22,810.0","22,774.5","","-0.02%"
"07/03/2017","22,800.0","22,807.5","22,822.5","22,781.0","","0.00%"
"06/03/2017","22,800.0","22,843.0","22,850.0","22,790.0","","-0.18%"
"03/03/2017","22,840.0","22,839.5","22,860.0","22,812.5","","0.11%"
"02/03/2017","22,815.0","22,820.0","22,840.0","22,765.5","","0.11%"
"01/03/2017","22,790.0","22,785.0","22,820.0","22,758.5","","0.18%"
"28/02/2017","22,750.0","22,760.0","22,817.5","22,740.0","","-0.12%"
"27/02/2017","22,777.0","22,830.0","22,842.5","22,767.5","","-0.17%"
"24/02/2017","22,815.0","22,830.0","22,850.0","22,802.0","","0.11%"
"23/02/2017","22,790.0","22,830.0","22,852.0","22,755.0","","-0.18%"
"22/02/2017","22,830.0","22,835.0","22,862.5","22,805.0","","0.00%"
"21/02/2017","22,830.0","22,830.5","22,845.0","22,797.5","","0.07%"
"20/02/2017","22,814.0","22,795.0","22,837.5","22,765.0","","0.24%"
"17/02/2017","22,760.0","22,755.0","22,805.0","22,710.0","","0.00%"
"16/02/2017","22,760.0","22,760.0","22,792.5","22,742.5","","-0.07%"
"15/02/2017","22,775.0","22,750.0","22,782.5","22,732.5","","0.15%"
"14/02/2017","22,740.0","22,720.0","22,750.0","22,662.0","","0.31%"
"13/02/2017","22,670.0","22,660.0","22,685.0","22,582.5","","0.13%"
"10/02/2017","22,640.0","22,645.0","22,672.5","22,582.5","","-0.11%"
"09/02/2017","22,665.0","22,675.0","22,695.0","22,657.5","","0.07%"
"08/02/2017","22,650.0","22,655.0","22,672.5","22,572.5","","0.27%"
"07/02/2017","22,590.0","22,585.0","22,615.0","22,567.5","","0.04%"
"06/02/2017","22,580.0","22,625.0","22,637.5","22,576.5","","-0.15%"
"03/02/2017","22,615.0","22,640.0","22,660.0","22,614.0","","-0.11%"
"02/02/2017","22,640.0","22,572.5","22,645.0","22,552.5","","0.22%"
"01/02/2017","22,590.0","22,590.0","22,590.0","22,590.0","","0.00%"
"31/01/2017","22,590.0","22,590.0","22,590.0","22,590.0","","0.00%"
"30/01/2017","22,590.0","22,590.0","22,590.0","22,590.0","","0.00%"
"27/01/2017","22,590.0","22,590.0","22,590.0","22,590.0","","0.00%"
"26/01/2017","22,590.0","22,590.0","22,590.0","22,590.0","","0.00%"
"25/01/2017","22,590.0","22,567.5","22,605.0","22,562.5","","0.09%"
"24/01/2017","22,570.0","22,567.5","22,585.0","22,545.0","","0.09%"
"23/01/2017","22,550.0","22,570.0","22,585.0","22,542.5","","-0.09%"
"20/01/2017","22,570.0","22,566.0","22,586.5","22,547.5","","0.03%"
"19/01/2017","22,564.0","22,569.0","22,574.0","22,562.5","","-0.04%"
"18/01/2017","22,572.0","22,575.0","22,586.0","22,555.0","","0.01%"
"17/01/2017","22,570.0","22,570.0","22,586.0","22,555.0","","0.00%"
"16/01/2017","22,570.0","22,560.0","22,585.0","22,544.5","","0.04%"
"13/01/2017","22,560.0","22,568.0","22,587.5","22,549.5","","-0.04%"
"12/01/2017","22,570.0","22,640.0","22,640.0","22,549.5","","0.00%"
"11/01/2017","22,570.0","22,572.5","22,591.0","22,551.5","","0.00%"
"10/01/2017","22,570.0","22,580.0","22,595.0","22,555.0","","-0.04%"
"09/01/2017","22,580.0","22,538.5","22,582.5","22,520.0","","0.09%"
"06/01/2017","22,560.0","22,572.5","22,595.0","22,547.5","","-0.51%"
"05/01/2017","22,675.0","22,775.0","22,777.5","22,637.5","","-0.22%"
"04/01/2017","22,725.0","22,734.0","22,748.0","22,700.0","","-0.09%"
"03/01/2017","22,745.0","22,760.0","22,775.0","22,725.0","","-0.11%"
"02/01/2017","22,770.0","22,770.0","22,770.0","22,770.0","","0.00%"
"30/12/2016","22,770.0","22,765.0","22,790.0","22,742.5","","-0.03%"
"29/12/2016","22,777.0","22,770.0","22,794.0","22,751.0","","0.03%"
"28/12/2016","22,770.0","22,766.5","22,785.0","22,749.0","","0.04%"
"27/12/2016","22,762.0","22,763.0","22,781.0","22,740.5","","0.00%"
"26/12/2016","22,762.0","22,760.0","22,782.5","22,730.5","","0.03%"
"23/12/2016","22,755.0","22,762.0","22,779.0","22,735.0","","-0.02%"
"22/12/2016","22,759.0","22,758.5","22,763.0","22,757.0","","-0.03%"
"21/12/2016","22,766.0","22,767.0","22,783.5","22,754.0","","0.03%"
"20/12/2016","22,760.0","22,750.0","22,779.0","22,737.0","","0.02%"
"19/12/2016","22,755.0","22,760.0","22,766.0","22,755.0","","0.04%"
"16/12/2016","22,745.0","22,755.0","22,757.5","22,750.0","","0.02%"
"15/12/2016","22,740.0","22,747.5","22,765.0","22,719.0","","0.13%"
"14/12/2016","22,710.0","22,732.5","22,745.0","22,626.5","","0.24%"
"13/12/2016","22,655.0","22,665.0","22,678.0","22,595.0","","0.15%"
"12/12/2016","22,620.0","22,650.0","22,667.5","22,612.5","","0.15%"
"09/12/2016","22,585.0","22,615.0","22,620.0","22,570.0","","-0.20%"
"08/12/2016","22,630.0","22,643.0","22,700.0","22,627.0","","-0.22%"
"07/12/2016","22,680.0","22,720.0","22,747.5","22,692.5","","-0.18%"
"06/12/2016","22,720.0","22,730.0","22,750.0","22,709.0","","0.04%"
"05/12/2016","22,710.0","22,710.0","22,735.0","22,660.0","","0.22%"
"02/12/2016","22,660.0","22,685.0","22,730.0","22,669.0","","-0.09%"
"01/12/2016","22,680.0","22,692.5","22,715.0","22,675.0","","0.18%"
"30/11/2016","22,640.0","22,680.0","22,692.5","22,645.0","","-0.13%"
"29/11/2016","22,670.0","22,715.0","22,735.0","22,660.0","","-0.13%"
"28/11/2016","22,700.0","22,717.5","22,750.0","22,690.0","","-0.11%"
"25/11/2016","22,725.0","22,752.5","22,780.0","22,660.0","","-0.15%"
"24/11/2016","22,760.0","22,757.5","22,777.5","22,666.0","","0.91%"
"23/11/2016","22,554.0","22,625.0","22,667.5","22,594.5","","0.34%"
"22/11/2016","22,478.0","22,520.0","22,563.0","22,508.0","","-0.36%"
"21/11/2016","22,560.0","22,550.0","22,575.0","22,522.5","","0.46%"
"18/11/2016","22,456.0","22,550.0","22,590.0","22,470.0","","0.40%"
"17/11/2016","22,366.0","22,362.5","22,437.0","22,362.5","","-0.07%"
"16/11/2016","22,381.0","22,362.5","22,406.5","22,354.5","","0.33%"
"15/11/2016","22,307.0","22,300.0","22,372.0","22,300.0","","0.01%"
"14/11/2016","22,304.0","22,335.0","22,365.0","22,290.0","","-0.07%"
"11/11/2016","22,320.0","22,331.5","22,340.0","22,304.0","","0.20%"
"10/11/2016","22,275.0","22,325.5","22,355.0","22,295.0","","0.03%"
"09/11/2016","22,268.0","22,335.5","22,361.0","22,301.5","","-0.20%"
"08/11/2016","22,312.0","22,334.0","22,358.5","22,322.0","","0.08%"
"07/11/2016","22,295.0","22,308.5","22,352.5","22,290.0","","0.12%"
"04/11/2016","22,268.0","22,322.5","22,346.5","22,296.0","","0.00%"
"03/11/2016","22,268.0","22,326.0","22,345.5","22,293.8","","0.00%"
"02/11/2016","22,268.0","22,319.0","22,342.5","22,293.8","","-0.07%"
"01/11/2016","22,284.0","22,323.0","22,346.5","22,303.5","","0.00%"
"31/10/2016","22,284.0","22,322.0","22,341.5","22,303.5","","0.00%"
"28/10/2016","22,283.0","22,325.0","22,344.0","22,304.0","","-0.19%"
"27/10/2016","22,325.0","22,333.0","22,352.0","22,317.0","","0.05%"
"26/10/2016","22,313.0","22,337.0","22,356.0","22,309.5","","0.13%"
"25/10/2016","22,283.0","22,337.5","22,354.0","22,299.0","","0.08%"
"24/10/2016","22,265.0","22,315.0","22,339.5","22,287.5","","-0.04%"
"21/10/2016","22,273.0","22,310.0","22,337.5","22,283.0","","0.07%"
"20/10/2016","22,258.0","22,306.5","22,330.0","22,281.0","","0.01%"
"19/10/2016","22,255.0","22,307.3","22,329.0","22,281.3","","-0.04%"
"18/10/2016","22,265.0","22,307.5","22,328.3","22,280.5","","-0.19%"
"17/10/2016","22,308.0","22,305.0","22,324.5","22,291.8","","0.23%"
"14/10/2016","22,256.0","22,307.5","22,327.0","22,280.0","","0.01%"
"13/10/2016","22,253.0","22,307.5","22,326.0","22,277.0","","0.02%"
"12/10/2016","22,248.0","22,303.5","22,323.0","22,275.0","","-0.04%"
"11/10/2016","22,258.0","22,303.5","22,322.0","22,277.0","","-0.17%"
"10/10/2016","22,295.0","22,303.5","22,319.0","22,285.5","","0.19%"
"07/10/2016","22,253.0","22,307.0","22,322.5","22,278.0","","0.00%"
"06/10/2016","22,253.0","22,305.0","22,323.5","22,279.0","","-0.10%"
"05/10/2016","22,275.0","22,307.0","22,325.5","22,290.3","","-0.04%"
"04/10/2016","22,283.0","22,305.0","22,326.0","22,291.0","","-0.09%"
"03/10/2016","22,304.0","22,304.5","22,324.5","22,281.5","","0.10%"
"30/09/2016","22,281.0","22,304.5","22,324.5","22,282.5","","0.00%"
"29/09/2016","22,280.0","22,311.5","22,328.0","22,281.8","","-0.05%"
"28/09/2016","22,291.0","22,311.5","22,332.5","22,286.0","","0.06%"
"27/09/2016","22,278.0","22,311.5","22,339.0","22,286.0","","-0.05%"
"26/09/2016","22,289.0","22,323.0","22,340.0","22,296.0","","0.00%"
"23/09/2016","22,289.0","22,311.5","22,330.0","22,281.0","","0.03%"
"22/09/2016","22,283.0","22,316.0","22,336.5","22,291.5","","-0.07%"
"21/09/2016","22,298.0","22,316.0","22,351.0","22,296.5","","0.10%"
"20/09/2016","22,276.0","22,310.0","22,336.5","22,288.5","","0.07%"
"19/09/2016","22,261.0","22,301.5","22,333.0","22,281.0","","-0.12%"
"16/09/2016","22,288.0","22,310.0","22,330.5","22,285.0","","0.02%"
"15/09/2016","22,283.0","22,309.5","22,329.5","22,279.5","","0.11%"
"14/09/2016","22,258.0","22,309.5","22,326.5","22,267.0","","-0.09%"
"13/09/2016","22,278.0","22,300.0","22,318.5","22,285.5","","0.23%"
"12/09/2016","22,226.0","22,301.5","22,318.0","22,263.5","","-0.23%"
"09/09/2016","22,277.0","22,300.0","22,315.5","22,285.3","","0.10%"
"08/09/2016","22,255.0","22,295.0","22,317.5","22,274.0","","-0.10%"
"07/09/2016","22,277.0","22,300.0","22,312.5","22,288.0","","0.00%"
"06/09/2016","22,276.0","22,295.0","22,315.5","22,275.5","","-0.11%"
"05/09/2016","22,301.0","22,307.5","22,320.0","22,281.0","","0.22%"
"02/09/2016","22,251.0","22,292.5","22,294.5","22,281.5","","-0.10%"
"01/09/2016","22,273.0","22,302.0","22,320.0","22,285.5","","-0.12%"
"31/08/2016","22,300.0","22,300.0","22,323.5","22,281.0","","0.23%"
"30/08/2016","22,248.0","22,307.5","22,335.5","22,278.5","","0.00%"
"29/08/2016","22,248.0","22,301.0","22,335.5","22,275.0","","-0.16%"
"26/08/2016","22,283.0","22,304.5","22,331.5","22,281.0","","0.02%"
"25/08/2016","22,278.0","22,295.0","22,328.3","22,280.0","","0.01%"
"24/08/2016","22,276.0","22,295.0","22,324.5","22,274.0","","0.00%"
"23/08/2016","22,275.0","22,299.5","22,323.5","22,274.0","","0.12%"
"22/08/2016","22,248.0","22,300.0","22,321.8","22,263.0","","0.00%"
"19/08/2016","22,248.0","22,305.0","22,319.8","22,274.0","","-0.04%"
"18/08/2016","22,257.0","22,300.5","22,316.3","22,278.5","","-0.10%"
"17/08/2016","22,279.0","22,302.0","22,315.8","22,285.0","","0.00%"
"16/08/2016","22,278.0","22,299.5","22,315.0","22,280.0","","0.00%"
"15/08/2016","22,278.0","22,300.0","22,332.5","22,280.0","","-0.09%"
"12/08/2016","22,298.0","22,319.0","22,330.0","22,289.0","","0.09%"
"11/08/2016","22,278.0","22,299.5","22,329.0","22,288.0","","0.01%"
"10/08/2016","22,276.0","22,295.0","22,326.0","22,280.0","","0.01%"
"09/08/2016","22,273.0","22,295.0","22,324.0","22,269.0","","0.16%"
"08/08/2016","22,238.0","22,301.5","22,322.5","22,267.0","","-0.26%"
"05/08/2016","22,295.0","22,295.0","22,315.0","22,280.0","","0.16%"
"04/08/2016","22,260.0","22,299.5","22,315.0","22,280.0","","0.12%"
"03/08/2016","22,234.0","22,295.0","22,318.5","22,267.5","","-0.20%"
"02/08/2016","22,278.0","22,300.5","22,319.0","22,255.0","","0.11%"
"01/08/2016","22,253.0","22,295.0","22,315.0","22,275.5","","-0.09%"
"29/07/2016","22,273.0","22,300.5","22,313.0","22,285.5","","-0.02%"
"28/07/2016","22,278.0","22,298.5","22,315.0","22,284.5","","-0.10%"
"27/07/2016","22,300.0","22,305.0","22,316.0","22,285.5","","0.10%"
"26/07/2016","22,278.0","22,301.5","22,313.5","22,290.0","","0.00%"
"25/07/2016","22,278.0","22,304.5","22,310.5","22,291.5","","-0.02%"
"22/07/2016","22,282.0","22,301.5","22,306.5","22,290.5","","0.01%"
"21/07/2016","22,280.0","22,305.0","22,317.3","22,286.5","","0.14%"
"20/07/2016","22,248.0","22,302.5","22,319.5","22,275.5","","-0.10%"
"19/07/2016","22,270.0","22,302.0","22,316.0","22,285.5","","-0.04%"
"18/07/2016","22,278.0","22,302.5","22,316.0","22,285.5","","0.00%"
"15/07/2016","22,278.0","22,300.5","22,326.0","22,269.5","","0.00%"
"14/07/2016","22,277.0","22,301.5","22,309.5","22,289.5","","-0.01%"
"13/07/2016","22,279.0","22,300.5","22,323.0","22,290.5","","0.11%"
"12/07/2016","22,254.0","22,300.5","22,318.5","22,277.5","","-0.09%"
"11/07/2016","22,273.0","22,304.0","22,308.5","22,286.5","","-0.01%"
"08/07/2016","22,275.0","22,300.0","22,305.0","22,287.5","","-0.01%"
"07/07/2016","22,278.0","22,302.5","22,336.0","22,290.5","","0.00%"
"06/07/2016","22,278.0","22,322.5","22,337.5","22,292.0","","-0.12%"
"05/07/2016","22,305.0","22,307.5","22,310.5","22,303.0","","0.00%"
"04/07/2016","22,305.0","22,306.0","22,310.5","22,303.0","","0.11%"
"01/07/2016","22,281.0","22,304.0","22,335.5","22,292.0","","0.00%"
"30/06/2016","22,281.0","22,304.5","22,337.0","22,281.5","","0.10%"
"29/06/2016","22,258.0","22,311.5","22,335.0","22,285.5","","-0.03%"
"28/06/2016","22,265.0","22,317.5","22,350.5","22,285.5","","-0.22%"
"27/06/2016","22,313.0","22,301.5","22,362.0","22,280.5","","0.11%"
"24/06/2016","22,288.0","22,301.5","22,352.5","22,280.5","","0.03%"
"23/06/2016","22,281.0","22,302.5","22,318.5","22,287.5","","0.11%"
"22/06/2016","22,257.0","22,303.0","22,317.5","22,278.5","","-0.29%"
"21/06/2016","22,322.0","22,300.0","22,415.0","22,285.0","","0.00%"
"20/06/2016","22,322.0","22,300.0","22,428.0","22,295.0","","0.00%"
"17/06/2016","22,322.0","22,302.5","22,415.0","22,285.5","","0.27%"
"16/06/2016","22,262.0","22,320.0","22,332.5","22,285.0","","-0.27%"
"15/06/2016","22,322.0","22,317.5","22,415.0","22,299.0","","-0.10%"
"14/06/2016","22,344.0","22,352.5","22,436.0","22,288.0","","0.00%"
"13/06/2016","22,344.0","22,325.0","22,436.0","22,307.5","","0.11%"
"10/06/2016","22,320.0","22,335.0","22,357.5","22,317.5","","0.11%"
"09/06/2016","22,296.0","22,357.5","22,372.5","22,320.0","","0.04%"
"08/06/2016","22,288.0","22,340.0","22,367.5","22,310.5","","-0.13%"
"07/06/2016","22,318.0","22,397.5","22,397.5","22,329.5","","-0.13%"
"06/06/2016","22,348.0","22,370.0","22,474.5","22,340.0","","-0.18%"
"03/06/2016","22,388.0","22,439.5","22,458.5","22,389.5","","0.11%"
"02/06/2016","22,364.0","22,455.0","22,470.5","22,400.5","","-0.20%"
"01/06/2016","22,409.0","22,428.0","22,461.0","22,410.0","","0.19%"
"31/05/2016","22,366.0","22,395.0","22,412.5","22,376.0","","-0.22%"
"30/05/2016","22,415.0","22,415.0","22,437.5","22,390.5","","0.20%"
"27/05/2016","22,370.0","22,380.0","22,401.0","22,367.5","","0.06%"
"26/05/2016","22,356.0","22,357.5","22,382.5","22,315.5","","0.22%"
"25/05/2016","22,306.0","22,342.5","22,357.0","22,313.5","","-0.01%"
"24/05/2016","22,309.0","22,321.5","22,333.5","22,293.0","","0.15%"
"23/05/2016","22,276.0","22,317.5","22,323.0","22,295.0","","-0.17%"
"20/05/2016","22,315.0","22,316.0","22,320.0","22,315.0","","0.01%"
"19/05/2016","22,313.0","22,307.5","22,317.5","22,307.5","","0.36%"
"18/05/2016","22,234.0","22,307.5","22,316.0","22,269.0","","-0.20%"
"17/05/2016","22,278.0","22,307.5","22,323.5","22,287.0","","0.20%"
"16/05/2016","22,234.0","22,317.5","22,370.0","22,267.5","","-0.34%"
"13/05/2016","22,310.0","22,276.5","22,321.5","22,276.0","","0.04%"
"12/05/2016","22,300.0","22,295.0","22,322.0","22,278.5","","0.22%"
"11/05/2016","22,252.0","22,300.0","22,301.5","22,271.5","","-0.09%"
"10/05/2016","22,271.0","22,294.5","22,314.0","22,268.0","","0.09%"
"09/05/2016","22,251.0","22,287.5","22,302.5","22,265.5","","0.04%"
"06/05/2016","22,241.0","22,294.5","22,311.5","22,266.5","","0.06%"
"05/05/2016","22,228.0","22,290.0","22,320.5","22,259.0","","0.00%"
"04/05/2016","22,228.0","22,287.5","22,322.5","22,259.0","","0.00%"
"03/05/2016","22,228.0","22,279.0","22,297.0","22,279.0","","0.03%"
"02/05/2016","22,222.0","22,295.0","22,310.5","22,257.0","","-0.10%"
"29/04/2016","22,244.0","22,292.5","22,316.0","22,266.0","","-0.15%"
"28/04/2016","22,278.0","22,293.5","22,303.5","22,279.0","","0.15%"
"27/04/2016","22,244.0","22,297.5","22,306.0","22,267.5","","-0.04%"
"26/04/2016","22,254.0","22,304.0","22,305.0","22,272.0","","-0.10%"
"25/04/2016","22,276.0","22,300.0","22,305.0","22,277.5","","0.04%"
"22/04/2016","22,266.0","22,288.5","22,342.5","22,274.5","","0.00%"
"21/04/2016","22,266.0","22,288.5","22,341.0","22,277.5","","-0.02%"
"20/04/2016","22,271.0","22,294.5","22,345.5","22,277.0","","0.00%"
"19/04/2016","22,272.0","22,305.0","22,352.5","22,277.5","","-0.04%"
"18/04/2016","22,282.0","22,339.0","22,342.0","22,337.0","","0.00%"
"15/04/2016","22,282.0","22,325.0","22,361.0","22,287.5","","-0.03%"
"14/04/2016","22,288.0","22,325.0","22,359.0","22,275.0","","0.04%"
"13/04/2016","22,278.0","22,295.0","22,349.0","22,276.5","","0.18%"
"12/04/2016","22,238.0","22,290.0","22,348.5","22,260.5","","-0.21%"
"11/04/2016","22,285.0","22,347.5","22,348.0","22,288.0","","-0.02%"
"08/04/2016","22,289.0","22,289.0","22,295.0","22,287.3","","0.13%"
"07/04/2016","22,260.0","22,300.0","22,320.0","22,274.8","","-0.02%"
"06/04/2016","22,265.0","22,295.0","22,314.8","22,280.0","","-0.04%"
"05/04/2016","22,274.0","22,295.0","22,346.5","22,278.5","","0.00%"
"04/04/2016","22,273.0","22,295.0","22,346.5","22,276.5","","0.00%"
"01/04/2016","22,272.0","22,291.5","22,343.5","22,282.0","","0.04%"
"31/03/2016","22,264.0","22,289.5","22,343.5","22,277.0","","0.16%"
"30/03/2016","22,228.0","22,297.0","22,341.5","22,261.5","","-0.33%"
"29/03/2016","22,301.0","22,309.0","22,363.5","22,301.5","","0.00%"
"28/03/2016","22,301.0","22,302.0","22,363.5","22,295.0","","0.00%"
"25/03/2016","22,300.0","22,325.0","22,345.0","22,301.5","","-0.10%"
"24/03/2016","22,323.0","22,347.5","22,376.0","22,288.5","","-0.10%"
"23/03/2016","22,345.0","22,363.0","22,380.0","22,287.5","","0.25%"
"22/03/2016","22,290.0","22,295.0","22,307.5","22,290.0","","0.10%"
"21/03/2016","22,268.0","22,292.0","22,300.5","22,280.0","","-0.01%"
"18/03/2016","22,270.0","22,290.0","22,314.0","22,264.5","","0.10%"
"17/03/2016","22,247.0","22,291.0","22,296.5","22,269.5","","-0.19%"
"16/03/2016","22,290.0","22,295.0","22,298.5","22,292.5","","0.04%"
"15/03/2016","22,282.0","22,295.5","22,297.0","22,287.0","","0.06%"
"14/03/2016","22,268.0","22,290.0","22,309.5","22,254.5","","0.13%"
"11/03/2016","22,238.0","22,290.0","22,307.5","22,254.5","","0.09%"
"10/03/2016","22,219.0","22,296.0","22,308.0","22,254.5","","-0.24%"
"09/03/2016","22,273.0","22,375.0","22,375.0","22,284.5","","-0.01%"
"08/03/2016","22,276.0","22,302.5","22,303.5","22,285.0","","0.02%"
"07/03/2016","22,272.0","22,294.0","22,368.5","22,281.0","","0.24%"
"04/03/2016","22,219.0","22,294.5","22,325.5","22,254.5","","-0.22%"
"03/03/2016","22,268.0","22,297.5","22,317.0","22,273.5","","-0.19%"
"02/03/2016","22,310.0","22,315.0","22,332.0","22,292.0","","0.06%"
"01/03/2016","22,297.0","22,302.5","22,317.0","22,284.0","","0.09%"
"29/02/2016","22,277.0","22,375.0","22,400.0","22,282.0","","-0.07%"
"26/02/2016","22,293.0","22,322.5","22,369.0","22,265.5","","-0.04%"
"25/02/2016","22,301.0","22,315.0","22,366.5","22,307.5","","-0.21%"
"24/02/2016","22,348.0","22,377.5","22,398.5","22,344.5","","0.06%"
"23/02/2016","22,335.0","22,371.5","22,397.5","22,344.0","","-0.10%"
"22/02/2016","22,358.0","22,358.0","22,402.0","22,337.5","","0.11%"
"19/02/2016","22,333.0","22,357.5","22,392.5","22,323.5","","0.08%"
"18/02/2016","22,316.0","22,365.0","22,397.5","22,343.0","","-0.18%"
"17/02/2016","22,356.0","22,371.5","22,421.5","22,364.5","","0.04%"
"16/02/2016","22,348.0","22,371.5","22,403.5","22,360.5","","0.08%"
"15/02/2016","22,330.0","22,320.0","22,385.0","22,320.0","","0.38%"
"12/02/2016","22,246.0","22,286.0","22,319.0","22,286.0","","0.14%"
"11/02/2016","22,214.0","22,286.0","22,287.0","22,275.0","","0.00%"
"10/02/2016","22,214.0","22,286.0","22,288.0","22,275.0","","0.10%"
"09/02/2016","22,192.0","22,286.0","22,288.0","22,264.0","","-0.10%"
"08/02/2016","22,214.0","22,286.0","22,287.0","22,275.0","","-0.10%"
"05/02/2016","22,236.0","22,288.5","22,325.5","22,262.5","","-0.23%"
"04/02/2016","22,288.0","22,289.5","22,300.0","22,284.5","","0.31%"
"03/02/2016","22,219.0","22,294.0","22,314.5","22,257.0","","-0.20%"
"02/02/2016","22,263.0","22,215.0","22,310.0","22,213.5","","0.12%"
"01/02/2016","22,236.0","22,230.0","22,293.0","22,206.0","","0.17%"
"29/01/2016","22,198.0","22,233.5","22,257.5","22,214.0","","0.12%"
"28/01/2016","22,171.0","22,257.5","22,300.0","22,213.0","","-0.44%"
"27/01/2016","22,268.0","22,305.0","22,330.0","22,284.0","","-0.16%"
"26/01/2016","22,303.0","22,358.0","22,387.5","22,296.5","","-0.05%"
"25/01/2016","22,314.0","22,430.5","22,476.0","22,348.5","","-0.35%"
"22/01/2016","22,392.0","22,410.0","22,477.0","22,381.0","","0.25%"
"21/01/2016","22,336.0","22,423.0","22,475.0","22,376.5","","-0.27%"
"20/01/2016","22,396.0","22,425.0","22,477.0","22,408.0","","0.02%"
"19/01/2016","22,392.0","22,422.5","22,477.0","22,401.0","","0.12%"
"18/01/2016","22,365.0","22,430.5","22,467.5","22,376.5","","-0.22%"
"15/01/2016","22,415.0","22,437.5","22,479.5","22,409.0","","-0.09%"
"14/01/2016","22,436.0","22,416.5","22,493.5","22,409.0","","0.19%"
"13/01/2016","22,393.0","22,429.5","22,475.0","22,392.5","","-0.16%"
"12/01/2016","22,428.0","22,467.5","22,482.0","22,390.0","","0.04%"
"11/01/2016","22,418.0","22,475.0","22,505.0","22,419.5","","-0.04%"
"08/01/2016","22,426.0","22,475.5","22,489.0","22,450.5","","-0.01%"
"07/01/2016","22,428.0","22,495.0","22,510.0","22,445.0","","-0.16%"
"06/01/2016","22,465.0","22,472.5","22,507.5","22,465.0","","0.03%"
"05/01/2016","22,458.0","22,505.0","22,507.0","22,445.0","","0.15%"
"04/01/2016","22,424.0","22,490.0","22,524.5","22,438.0","","-0.25%"