Date,Open,High,Low,Close
2010-01-04,16.88,17.55,16.82,17.42
2010-01-05,17.59,17.85,17.47,17.76
2010-01-06,17.75,18.21,17.73,18.2
2010-01-07,18.23,18.34,18.04,18.23
2010-01-08,18.23,18.49,18.02,18.48
2010-01-11,18.48,18.88,18.47,18.55
2010-01-12,18.34,18.79,18.15,18.25
2010-01-13,18.26,18.64,18.19,18.62
2010-01-14,18.62,18.71,18.43,18.66
2010-01-15,18.45,18.66,18.38,18.39
2010-01-18,18.31,18.66,18.31,18.64
2010-01-19,18.63,18.84,18.46,18.76
2010-01-20,18.77,18.84,17.79,17.89
2010-01-21,17.87,18.05,17.33,17.39
2010-01-22,17.41,17.5,16.88,17.04
2010-01-25,17.04,17.25,16.98,17.14
2010-01-26,17.14,17.25,16.34,16.78
2010-01-27,16.79,16.95,16.41,16.6
2010-01-28,16.52,16.75,16.01,16.23
2010-01-29,16.24,16.34,16.02,16.2
2010-02-01,16.17,16.71,16.09,16.68
2010-02-02,16.68,16.79,16.54,16.71
2010-02-03,16.7,16.93,16.27,16.38
2010-02-04,16.38,16.4,15.18,15.27
2010-02-05,15.27,15.37,14.65,15.15
2010-02-08,15.14,15.29,14.94,15
2010-02-09,15,15.58,15,15.46
2010-02-10,15.46,15.63,15.08,15.19
2010-02-11,15.2,15.71,15.18,15.6
2010-02-12,15.64,15.73,15.21,15.52
2010-02-15,15.53,15.63,15.45,15.54
2010-02-16,15.55,16.2,15.48,16.12
2010-02-17,16.13,16.32,15.83,15.91
2010-02-18,15.9,16.24,15.68,15.84
2010-02-19,15.85,16.5,15.76,16.31
2010-02-22,16.33,16.55,16.14,16.22
2010-02-23,16.23,16.42,15.78,15.83
2010-02-24,15.85,15.99,15.63,15.93
2010-02-25,15.89,16.14,15.62,16.13
2010-02-26,16.08,16.51,16,16.46
2010-03-01,16.47,16.74,16.41,16.43
2010-03-02,16.46,17.07,16.32,16.91
2010-03-03,16.91,17.34,16.86,17.16
2010-03-04,17.17,17.36,17.04,17.12
2010-03-05,17.12,17.48,17.1,17.34
2010-03-08,17.36,17.51,17.11,17.23
2010-03-09,17.24,17.39,16.89,17.26
2010-03-10,17.27,17.63,16.93,17.02
2010-03-11,17,17.16,16.82,17.15
2010-03-12,17.18,17.32,16.95,17.05
2010-03-15,17.14,17.16,16.95,17.13
2010-03-16,17.14,17.46,17.14,17.44
2010-03-17,17.45,17.58,17.35,17.46
2010-03-18,17.49,17.54,17.32,17.41
2010-03-19,17.38,17.39,16.96,16.98
2010-03-22,16.9,16.99,16.61,16.96
2010-03-23,16.97,17.12,16.73,17.02
2010-03-24,16.98,16.99,16.56,16.56
2010-03-25,16.55,16.84,16.55,16.61
2010-03-26,16.56,16.96,16.56,16.91
2010-03-29,16.93,17.43,16.93,17.39
2010-03-30,17.36,17.46,17.21,17.27
2010-03-31,17.28,17.62,17.23,17.5
2010-04-01,17.5,17.98,17.47,17.93
2010-04-02,17.93,17.95,17.81,17.82
2010-04-05,17.82,18.12,17.8,18.07
2010-04-06,18.08,18.09,17.86,17.91
2010-04-07,17.92,18.25,17.91,18.14
2010-04-08,18.17,18.18,17.91,18.07
2010-04-09,18.09,18.42,18.04,18.4
2010-04-12,18.49,18.6,18.15,18.21
2010-04-13,18.2,18.3,17.95,18.21
2010-04-14,18.22,18.48,18.2,18.43
2010-04-15,18.43,18.5,18.21,18.39
2010-04-16,18.39,18.42,17.61,17.73
2010-04-19,17.65,17.76,17.48,17.68
2010-04-20,17.73,18.04,17.71,17.84
2010-04-21,17.84,18.13,17.71,18.05
2010-04-22,18.09,18.15,17.77,17.98
2010-04-23,18,18.33,17.84,18.32
2010-04-26,18.33,18.41,18.22,18.29
2010-04-27,18.29,18.39,18.05,18.16
2010-04-28,18.19,18.23,17.82,18.1
2010-04-29,18.04,18.55,18.04,18.45
2010-04-30,18.48,18.76,18.45,18.65
2010-05-03,18.68,18.87,18.51,18.8
2010-05-04,18.81,18.82,17.81,17.87
2010-05-05,17.86,17.88,17.08,17.48
2010-05-06,17.5,17.75,17.27,17.66
2010-05-07,17.58,18.66,17.47,18.36
2010-05-10,18.52,18.62,18.18,18.5
2010-05-11,18.5,19.36,18.38,19.29
2010-05-12,19.32,19.7,19.07,19.5
2010-05-13,19.48,19.8,19.31,19.42
2010-05-14,19.42,19.7,18.95,19.32
2010-05-17,19.34,19.38,18.75,18.91
2010-05-18,18.89,19.1,18.64,18.95
2010-05-19,18.97,18.97,17.95,18.2
2010-05-20,18.2,18.3,17.5,17.66
2010-05-21,17.65,17.87,17.43,17.66
2010-05-24,17.64,18.05,17.64,17.88
2010-05-25,17.9,17.96,17.54,17.95
2010-05-26,17.96,18.4,17.91,18.07
2010-05-27,18.03,18.55,18.02,18.49
2010-05-28,18.5,18.62,18.26,18.41
2010-05-31,18.41,18.61,18.36,18.57
2010-06-01,18.57,18.67,18.28,18.41
2010-06-02,18.41,18.5,18.09,18.34
2010-06-03,18.35,18.43,17.83,17.98
2010-06-04,17.97,18.04,17.3,17.46
2010-06-07,17.43,18.24,17.23,18.11
2010-06-08,18.12,18.46,18.05,18.27
2010-06-09,18.29,18.34,18.09,18.11
2010-06-10,18.11,18.41,17.86,18.23
2010-06-11,18.23,18.5,18.05,18.23
2010-06-14,18.25,18.55,18.21,18.23
2010-06-15,18.23,18.66,18.23,18.55
2010-06-16,18.55,18.64,18.41,18.46
2010-06-17,18.46,18.86,18.34,18.71
2010-06-18,18.73,19.25,18.68,19.16
2010-06-21,19.19,19.47,18.68,18.73
2010-06-22,18.72,18.96,18.61,18.8
2010-06-23,18.81,18.94,18.34,18.52
2010-06-24,18.54,18.8,18.2,18.68
2010-06-25,18.73,19.12,18.61,19.06
2010-06-28,19.07,19.23,18.65,18.73
2010-06-29,18.75,18.8,18.39,18.53
2010-06-30,18.5,18.8,18.48,18.61
2010-07-01,18.62,18.66,17.73,17.96
2010-07-02,17.82,18.11,17.62,17.91
2010-07-05,17.83,17.91,17.75,17.91
2010-07-06,17.81,18.01,17.62,17.91
2010-07-07,17.84,18.05,17.56,18.05
2010-07-08,18.03,18.15,17.73,18.07
2010-07-09,17.95,18.21,17.83,18.11
2010-07-12,18.13,18.13,17.79,17.91
2010-07-13,17.93,18.31,17.86,18.23
2010-07-14,18.24,18.45,18.09,18.27
2010-07-15,18.29,18.52,18.2,18.34
2010-07-16,18.34,18.38,17.75,17.88
2010-07-19,17.85,17.91,17.51,17.61
2010-07-20,17.64,17.74,17.43,17.68
2010-07-21,17.67,17.86,17.56,17.66
2010-07-22,17.64,18.16,17.61,18.08
2010-07-23,18.11,18.26,18.05,18.11
2010-07-26,18.11,18.25,18,18.18
2010-07-27,18.17,18.23,17.61,17.67
2010-07-28,17.66,17.73,17.35,17.51
2010-07-29,17.52,17.68,17.47,17.61
2010-07-30,17.62,18.09,17.52,17.98
2010-08-02,18,18.52,17.96,18.34
2010-08-03,18.35,18.57,18.3,18.36
2010-08-04,18.38,18.68,18.22,18.29
2010-08-05,18.25,18.46,18.2,18.34
2010-08-06,18.36,18.57,18.29,18.47
2010-08-09,18.48,18.57,18.23,18.34
2010-08-10,18.34,18.45,17.98,18.29
2010-08-11,18.3,18.36,17.83,17.89
2010-08-12,17.89,18.11,17.84,18.06
2010-08-13,18.07,18.19,17.98,18.16
2010-08-16,18.1,18.45,18.1,18.38
2010-08-17,18.38,18.6,18.34,18.5
2010-08-18,18.5,18.56,18.18,18.36
2010-08-19,18.37,18.55,18.24,18.3
2010-08-20,18.3,18.35,17.87,18.02
2010-08-23,18,18.09,17.91,18
2010-08-24,18.01,18.45,17.77,18.34
2010-08-25,18.34,19,18.32,18.91
2010-08-26,18.94,19.15,18.88,18.93
2010-08-27,18.96,19.3,18.9,19.08
2010-08-30,19.05,19.2,18.99,19.03
2010-08-31,19.05,19.39,18.84,19.36
2010-09-01,19.34,19.49,19.27,19.36
2010-09-02,19.36,19.68,19.31,19.63
2010-09-03,19.64,19.93,19.49,19.81
2010-09-06,19.9,19.95,19.75,19.95
2010-09-07,19.95,20,19.57,19.79
2010-09-08,19.8,20.13,19.78,19.91
2010-09-09,19.91,20.07,19.69,19.7
2010-09-10,19.71,20.02,19.67,19.89
2010-09-13,19.86,20.22,19.79,20.05
2010-09-14,20.05,20.5,20.02,20.45
2010-09-15,20.45,20.6,20.32,20.56
2010-09-16,20.57,20.79,20.43,20.75
2010-09-17,20.77,20.96,20.61,20.73
2010-09-20,20.73,20.96,20.7,20.73
2010-09-21,20.74,21.02,20.51,20.92
2010-09-22,20.93,21.14,20.88,21.11
2010-09-23,21.11,21.2,20.89,21.11
2010-09-24,21.11,21.43,21.09,21.43
2010-09-27,21.41,21.61,21.36,21.43
2010-09-28,21.43,21.76,20.98,21.73
2010-09-29,21.74,22,21.68,21.9
2010-09-30,21.88,22.06,21.55,21.73
2010-10-01,21.73,22.12,21.7,22.08
2010-10-04,22.07,22.2,21.85,21.86
2010-10-05,21.89,22.87,21.75,22.84
2010-10-06,22.82,23.16,22.75,23.16
2010-10-07,23.16,23.5,22.45,22.5
2010-10-08,22.52,23.27,22.31,23.2
2010-10-11,23.37,23.64,23.03,23.27
2010-10-12,23.21,23.45,22.92,23.29
2010-10-13,23.27,24.05,23.25,24
2010-10-14,24,24.91,23.97,24.62
2010-10-15,24.65,24.82,24.05,24.3
2010-10-18,24.27,24.48,23.68,24.34
2010-10-19,24.34,24.46,23.26,23.34
2010-10-20,23.38,23.94,23.27,23.91
2010-10-21,23.9,24.02,23.01,23.14
2010-10-22,23.16,23.38,22.82,23.26
2010-10-25,23.3,23.82,23.29,23.61
2010-10-26,23.59,23.91,23.14,23.82
2010-10-27,23.82,24.22,23.34,23.54
2010-10-28,23.56,24,23.48,24
2010-10-29,24,24.73,23.73,24.73
2010-11-01,24.89,25.01,24.45,24.61
2010-11-02,24.69,24.92,24.63,24.89
2010-11-03,24.88,25,23.92,24.82
2010-11-04,24.75,26.36,24.72,26.3
2010-11-05,26.24,26.9,25.84,26.7
2010-11-08,26.8,27.71,26.52,27.7
2010-11-09,27.7,29.33,26.46,26.91
2010-11-10,26.97,28.18,26.48,27.12
2010-11-11,27.12,27.83,26.93,27.66
2010-11-12,27.69,27.7,25.8,26.05
2010-11-15,26.03,26.48,25.41,25.52
2010-11-16,25.55,25.83,24.97,25.39
2010-11-17,25.5,25.89,25.04,25.64
2010-11-18,25.64,27.04,25.64,26.96
2010-11-19,26.95,27.39,26.38,27.29
2010-11-22,27.61,27.9,27.1,27.86
2010-11-23,27.86,27.91,27.04,27.5
2010-11-24,27.52,27.7,27.13,27.54
2010-11-25,27.53,27.57,27.32,27.52
2010-11-26,27.43,27.5,26.41,26.66
2010-11-29,26.77,27.24,26.47,27.14
2010-11-30,27.12,28.28,26.86,28.07
2010-12-01,28.09,28.82,27.95,28.4
2010-12-02,28.41,29,28.27,28.55
2010-12-03,28.57,29.38,28.57,29.38
2010-12-06,29.46,30.24,29.23,30.07
2010-12-07,30.14,30.66,28.47,28.61
2010-12-08,28.72,29.23,27.98,28.34
2010-12-09,28.36,28.96,28.15,28.72
2010-12-10,28.75,28.95,28.04,28.64
2010-12-13,28.59,29.67,28.42,29.5
2010-12-14,29.48,29.94,29.17,29.46
2010-12-15,29.47,29.58,28.68,28.76
2010-12-16,28.73,29.19,28.3,28.85
2010-12-17,28.83,29.3,28.65,29.11
2010-12-20,29.15,29.48,28.75,29.3
2010-12-21,29.3,29.55,29.01,29.32
2010-12-22,29.3,29.48,29.16,29.2
2010-12-23,29.21,29.36,28.93,29.22
2010-12-27,29.11,29.27,28.75,29.21
2010-12-28,29.16,30.32,29.16,30.26
2010-12-29,30.18,30.65,30.09,30.5
2010-12-30,30.55,30.89,30.29,30.39
2010-12-31,30.41,30.93,30.37,30.86
2011-01-03,30.88,31.21,30.46,30.68
2011-01-04,30.67,30.83,29.34,29.75
2011-01-05,29.75,29.75,28.59,29.22
2011-01-06,29.51,29.51,28.81,29.03
2011-01-07,28.96,29.32,28.33,28.49
2011-01-10,28.86,29.07,28.62,29.05
2011-01-11,29.13,29.66,29.04,29.43
2011-01-12,29.63,29.8,29.38,29.62
2011-01-13,29.68,29.74,28.5,28.65
2011-01-14,28.79,28.93,28.11,28.42
2011-01-17,28.51,28.6,28.03,28.27
2011-01-18,28.27,29.03,28.2,28.86
2011-01-19,28.89,29.48,28.64,28.8
2011-01-20,28.73,28.8,27.39,27.47
2011-01-21,27.48,27.65,27.11,27.49
2011-01-24,27.52,27.96,26.84,26.95
2011-01-25,26.95,27.05,26.57,26.86
2011-01-26,26.86,27.65,26.68,27.59
2011-01-27,27.64,27.81,26.78,26.91
2011-01-28,26.91,28.02,26.4,27.96
2011-01-31,28.06,28.43,27.54,28.05
2011-02-01,28.08,28.64,27.88,28.58
2011-02-02,28.59,28.74,28.12,28.32
2011-02-03,28.32,28.99,27.98,28.91
2011-02-04,28.93,29.3,28.74,29.12
2011-02-07,29.2,29.47,29.02,29.41
2011-02-08,29.36,30.36,29.28,30.33
2011-02-09,30.34,30.51,30.07,30.19
2011-02-10,30.19,30.29,29.67,30.18
2011-02-11,30.2,30.28,29.7,29.91
2011-02-14,29.91,30.72,29.82,30.57
2011-02-15,30.57,30.91,30.5,30.75
2011-02-16,30.77,30.95,30.3,30.68
2011-02-17,30.68,31.79,30.57,31.75
2011-02-18,31.77,32.88,31.62,32.65
2011-02-21,32.67,33.99,32.62,33.88
2011-02-22,33.89,34.34,32.41,33.05
2011-02-23,33.15,33.77,32.7,33.52
2011-02-24,33.52,33.77,31.76,32.13
2011-02-25,32.09,33.41,32.08,33.37
2011-02-28,33.37,33.99,33.28,33.95
2011-03-01,33.92,34.72,33.8,34.7
2011-03-02,34.66,34.98,34.24,34.67
2011-03-03,34.67,34.94,34.05,34.19
2011-03-04,34.2,35.62,34.2,35.62
2011-03-07,35.63,36.73,35.62,35.92
2011-03-08,35.92,36.52,35.52,36
2011-03-09,36.02,36.44,35.65,36.13
2011-03-10,36.15,36.18,34.67,35.28
2011-03-11,35.3,36.15,34.05,35.91
2011-03-14,36.38,36.45,35.52,35.84
2011-03-15,35.84,35.9,33.59,34.17
2011-03-16,34.17,35.06,33.78,33.9
2011-03-17,33.85,34.65,33.69,34.52
2011-03-18,34.52,35.41,34.38,35.27
2011-03-21,35.67,36.2,35.59,36.08
2011-03-22,36.08,36.45,35.76,36.37
2011-03-23,36.37,37.42,36.14,37.37
2011-03-24,37.37,38.16,36.84,37.42
2011-03-25,37.42,37.77,36.88,37.33
2011-03-28,37.3,37.38,36.43,37.14
2011-03-29,37.14,37.23,36.52,37.12
2011-03-30,37.12,37.75,36.9,37.46
2011-03-31,37.46,37.93,37.34,37.66
2011-04-01,37.67,37.85,37.08,37.8
2011-04-04,37.82,38.61,37.79,38.58
2011-04-05,38.58,39.32,38.08,39.28
2011-04-06,39.29,39.77,39.12,39.49
2011-04-07,39.51,39.68,39.22,39.63
2011-04-08,39.65,40.94,39.5,40.93
2011-04-11,41,41.95,39.78,40.22
2011-04-12,40.26,40.89,39.75,40.08
2011-04-13,40.04,40.75,40.01,40.63
2011-04-14,40.62,42.2,40.43,42.14
2011-04-15,42.15,42.98,41.81,42.97
2011-04-18,43,43.56,42.2,43.36
2011-04-19,43.41,44.17,42.77,43.93
2011-04-20,43.95,45.39,43.82,45.24
2011-04-21,45.2,46.68,45.02,46.59
2011-04-25,47.27,49.8,45.69,46.95
2011-04-26,46.96,47.16,44.63,45.59
2011-04-27,45.48,48.3,44.89,47.8
2011-04-28,47.81,49.54,47.26,48.46
2011-04-29,48.51,49.2,47.56,47.91
2011-05-02,47.9,48.17,42.2,43.98
2011-05-03,44.03,45.57,40.62,41.65
2011-05-04,41.69,42.32,38.97,39.44
2011-05-05,39.18,39.57,34.27,34.73
2011-05-06,34.82,36.44,33.09,35.62
2011-05-09,35.7,37.98,35.28,37.74
2011-05-10,37.76,38.83,37.32,38.5
2011-05-11,38.53,39.49,35.02,35.12
2011-05-12,35.15,35.93,32.33,34.65
2011-05-13,34.63,36.46,33.95,35.35
2011-05-16,35.29,35.42,33.52,33.62
2011-05-17,33.6,34.41,33.02,33.96
2011-05-18,34,35.55,33.89,35.06
2011-05-19,35.1,35.77,34.56,34.99
2011-05-20,34.99,35.59,34.23,35.07
2011-05-23,35.04,35.43,34.4,35.08
2011-05-24,35.07,36.72,34.91,36.68
2011-05-25,36.67,37.98,36.27,37.92
2011-05-26,37.94,38.86,36.29,37.25
2011-05-27,37.24,38.21,37.24,38.01
2011-05-30,38.02,38.41,37.81,38.12
2011-05-31,38.15,38.78,37.97,38.49
2011-06-01,38.48,38.52,36.4,36.83
2011-06-02,36.88,37.44,35.61,36.19
2011-06-03,36.23,36.44,35.13,36.24
2011-06-06,36.3,37.29,36.29,36.78
2011-06-07,36.75,37.51,36.48,37.13
2011-06-08,37.19,37.26,36.08,36.81
2011-06-09,36.85,37.63,36.58,37.56
2011-06-10,37.57,37.87,36.11,36.19
2011-06-13,35.83,36.31,34.57,34.76
2011-06-14,34.78,35.6,34.42,35.38
2011-06-15,35.44,35.98,34.82,35.82
2011-06-16,35.8,35.82,35.18,35.56
2011-06-17,35.55,35.91,34.93,35.87
2011-06-20,36,36.16,35.27,36.05
2011-06-21,36.03,36.57,35.69,36.36
2011-06-22,36.44,36.77,35.9,36.29
2011-06-23,36.32,36.35,34.71,35.29
2011-06-24,35.3,35.39,34.17,34.32
2011-06-27,34.29,34.33,33.37,33.59
2011-06-28,33.58,34.13,33.54,33.93
2011-06-29,33.95,34.93,33.86,34.85
2011-06-30,34.88,35.14,34.45,34.71
2011-07-01,34.72,34.82,33.47,33.89
2011-07-04,33.89,34.19,33.8,34.15
2011-07-05,34.08,35.67,33.87,35.47
2011-07-06,35.48,36.27,35.07,35.89
2011-07-07,35.9,36.64,35.71,36.43
2011-07-08,36.43,36.87,36,36.71
2011-07-11,36.7,36.93,35.55,35.75
2011-07-12,35.79,36.43,34.81,36.1
2011-07-13,36.15,38.32,36.04,38.21
2011-07-14,38.32,39.37,38,38.16
2011-07-15,38.23,39.3,37.88,39.29
2011-07-18,39.33,40.72,39.3,40.56
2011-07-19,40.62,40.86,38.61,39.02
2011-07-20,39.01,40.13,38.21,40.13
2011-07-21,40.1,40.36,38.85,39.34
2011-07-22,39.34,40.28,38.88,40.09
2011-07-25,40.36,41.07,39.86,40.37
2011-07-26,40.37,40.96,40.02,40.89
2011-07-27,40.9,41.46,40.11,40.25
2011-07-28,40.22,40.58,39.33,39.72
2011-07-29,39.73,40.38,39.33,39.89
2011-08-01,39.62,40.03,39.04,39.25
2011-08-02,39.26,40.87,39.2,40.85
2011-08-03,40.85,42.03,40.57,41.73
2011-08-04,41.74,42.26,38.49,38.87
2011-08-05,38.78,39.83,37.55,38.35
2011-08-08,39.12,40.38,38.32,39.02
2011-08-09,39.04,39.56,36.99,37.69
2011-08-10,37.77,39.53,37.64,39.3
2011-08-11,39.27,39.84,37.97,38.64
2011-08-12,38.74,39.2,38.21,39.09
2011-08-15,39.1,39.97,38.71,39.89
2011-08-16,39.9,40.14,39.29,39.92
2011-08-17,39.88,40.59,39.79,40.22
2011-08-18,40.25,40.92,40.05,40.64
2011-08-19,40.65,42.92,40.54,42.91
2011-08-22,43.49,44.04,42.48,43.72
2011-08-23,43.79,44.24,41.51,41.9
2011-08-24,41.92,42.45,39.11,39.7
2011-08-25,39.69,41.18,38.74,41.12
2011-08-26,41.16,41.47,40.11,41.35
2011-08-29,41.67,41.77,40.3,40.89
2011-08-30,40.85,41.64,40.41,41.32
2011-08-31,41.33,42.02,41.08,41.52
2011-09-01,41.51,41.8,41.23,41.49
2011-09-02,41.51,43.38,41.49,43.27
2011-09-05,42.95,43.4,42.33,42.89
2011-09-06,43.01,43.27,41.54,41.96
2011-09-07,41.96,42.19,40.4,41.56
2011-09-08,41.62,42.65,41.33,42.33
2011-09-09,42.32,42.7,41.2,41.79
2011-09-12,41.44,41.48,39.71,40.28
2011-09-13,40.31,41.3,40.01,41.1
2011-09-14,41.06,41.32,40.31,40.74
2011-09-15,40.75,40.77,39.33,39.9
2011-09-16,39.89,40.91,39.38,40.67
2011-09-19,40.72,40.85,38.99,39.64
2011-09-20,39.7,40.28,39.16,39.74
2011-09-21,39.76,40.68,39.37,39.61
2011-09-22,39.6,39.78,35.48,35.83
2011-09-23,35.82,36.62,29.8,30.85
2011-09-26,30.72,30.89,26.07,30.72
2011-09-27,30.61,33.51,30.23,31.9
2011-09-28,31.84,32.82,29.47,29.9
2011-09-29,29.83,31.52,29.1,30.65
2011-09-30,30.59,31.31,29.67,29.93
2011-10-03,29.67,31.41,29.67,30.45
2011-10-04,30.44,31.34,28.67,30.21
2011-10-05,30.23,30.64,28.44,30.48
2011-10-06,30.48,32.21,30.25,31.94
2011-10-07,31.97,32.83,30.73,31.16
2011-10-10,31.32,32.35,31.24,32.07
2011-10-11,32.1,32.57,31.36,32.12
2011-10-12,32.15,33.03,31.87,32.57
2011-10-13,32.51,32.76,31.47,31.83
2011-10-14,31.79,32.53,31.26,32.19
2011-10-17,32.28,32.68,31.49,31.81
2011-10-18,31.84,32.35,30.37,32.04
2011-10-19,32.04,32.14,30.91,31.26
2011-10-20,31.24,31.37,29.95,30.58
2011-10-21,30.58,31.52,30.28,31.37
2011-10-24,31.41,32.05,31.22,31.74
2011-10-25,31.76,33.38,31.37,33.22
2011-10-26,33.2,33.94,32.92,33.39
2011-10-27,33.41,35.37,33.15,35.1
2011-10-28,35.11,35.67,34.72,35.3
2011-10-31,35.31,35.45,34.1,34.14
2011-11-01,34.08,34.7,32.13,33.4
2011-11-02,33.15,34.43,33.1,34.25
2011-11-03,34.29,34.9,33.29,34.43
2011-11-04,34.31,34.71,33.83,34.12
2011-11-07,34.08,35.01,33.86,34.96
2011-11-08,34.98,35.33,34.5,34.92
2011-11-09,34.94,35.24,33.81,34.07
2011-11-10,34.07,34.33,33.14,34.05
2011-11-11,34.04,34.85,33.7,34.68
2011-11-14,34.65,34.92,33.96,34.22
2011-11-15,34.23,34.82,33.76,34.58
2011-11-16,34.57,34.62,33.63,33.71
2011-11-17,33.69,33.98,31.07,31.67
2011-11-18,31.68,32.61,30.92,32.37
2011-11-21,32.35,32.35,30.68,31.62
2011-11-22,31.56,33.03,31.18,32.78
2011-11-23,32.79,32.89,31.25,31.75
2011-11-24,31.76,32.23,31.51,31.84
2011-11-25,31.77,31.86,30.97,31
2011-11-28,31.3,32.32,31.25,32.07
2011-11-29,32.04,32.2,31.51,31.92
2011-11-30,31.965,32.955,31.14,32.825
2011-12-01,32.86,33.43,32.49,32.74
2011-12-02,32.8,33.69,32.35,32.59
2011-12-05,32.63,33.04,31.88,32.06
2011-12-06,32.08,32.9,31.62,32.75
2011-12-07,32.7,32.81,32.22,32.53
2011-12-08,32.55,33.23,31.42,31.68
2011-12-09,31.57,32.34,31.48,32.19
2011-12-12,32.2,32.26,30.88,31.31
2011-12-13,31.3,31.99,30.42,30.81
2011-12-14,30.79,31.02,28.52,28.94
2011-12-15,28.98,29.32,28.11,29.28
2011-12-16,29.26,29.93,29.11,29.75
2011-12-19,29.78,29.78,28.68,28.8
2011-12-20,28.78,29.61,28.69,29.53
2011-12-21,29.56,30.2,29.15,29.37
2011-12-22,29.3,29.7,29.02,29.11
2011-12-23,29.12,29.45,29.03,29.12
2011-12-27,29.12,29.17,28.64,28.73
2011-12-28,28.69,28.8,26.86,27.08
2011-12-29,27.07,27.87,26.17,27.77
2011-12-30,27.65,28.48,27.3,27.835
2012-01-03,28.01,29.74,27.93,29.71
2012-01-04,29.74,29.75,28.94,29.16
2012-01-05,29.14,29.65,28.7,29.34
2012-01-06,29.32,29.49,28.59,28.75
2012-01-09,28.83,29.24,28.58,29.02
2012-01-10,29.02,30.34,28.95,29.92
2012-01-11,29.93,30.26,29.57,29.99
2012-01-12,29.94,30.68,29.9,30.24
2012-01-13,30.2,30.27,29.45,29.75
2012-01-16,29.7,30.06,29.49,29.97
2012-01-17,29.89,30.6,29.82,30.06
2012-01-18,30.08,30.61,29.77,30.53
2012-01-19,30.49,30.88,30.36,30.63
2012-01-20,30.63,32.19,30.32,32.16
2012-01-23,32.13,32.78,31.8,32.34
2012-01-24,32.35,32.48,31.88,32.01
2012-01-25,32.04,33.41,31.55,33.26
2012-01-26,33.23,33.81,33.01,33.46
2012-01-27,33.44,33.94,33.28,33.91
2012-01-30,33.86,34.02,33.06,33.5
2012-01-31,33.545,34.12,32.95,33.145
2012-02-01,33.12,34.01,33.09,33.7
2012-02-02,33.78,34.4,33.47,34.33
2012-02-03,34.35,34.42,33.35,33.65
2012-02-06,33.66,33.86,33.01,33.68
2012-02-07,33.65,34.35,33.17,34.15
2012-02-08,34.15,34.51,33.67,33.96
2012-02-09,33.94,34.42,33.69,33.91
2012-02-10,33.91,34.05,33.19,33.57
2012-02-13,33.66,34.03,33.46,33.69
2012-02-14,33.68,33.83,33.27,33.57
2012-02-15,33.6,33.97,33.09,33.45
2012-02-16,33.46,33.56,32.65,33.5
2012-02-17,33.47,33.69,33.09,33.28
2012-02-20,33.33,33.68,33.33,33.59
2012-02-21,33.57,34.46,33.45,34.32
2012-02-22,34.31,34.5,33.91,34.31
2012-02-23,34.25,35.61,34.23,35.38
2012-02-24,35.44,35.73,35.2,35.39
2012-02-27,35.42,35.62,35.07,35.44
2012-02-28,35.45,37.22,35.32,36.9
2012-02-29,36.895,37.495,34.04,34.63
2012-03-01,34.6,35.66,34.43,35.47
2012-03-02,35.48,35.5,34.39,34.78
2012-03-05,34.67,34.9,33.54,33.97
2012-03-06,34.01,34.17,32.47,32.94
2012-03-07,32.93,33.57,32.73,33.46
2012-03-08,33.43,34.16,33.32,33.87
2012-03-09,33.88,34.42,33.12,34.29
2012-03-12,34.28,34.3,33.37,33.7
2012-03-13,33.65,33.82,33.02,33.35
2012-03-14,33.44,33.46,31.65,32.21
2012-03-15,32.22,32.86,31.97,32.53
2012-03-16,32.43,32.75,32.14,32.54
2012-03-19,32.53,33.09,32.34,32.95
2012-03-20,32.87,32.97,31.78,32.13
2012-03-21,32.05,32.39,31.88,32.17
2012-03-22,32.17,32.35,31.11,31.57
2012-03-23,31.59,32.3,31.45,32.22
2012-03-26,32.22,32.93,32.03,32.84
2012-03-27,32.84,33.19,32.49,32.59
2012-03-28,32.57,32.69,31.8,32.06
2012-03-29,32.06,32.32,31.66,32.25
2012-03-30,32.265,32.63,32.165,32.255
2012-04-02,32.43,33.23,32.36,33
2012-04-03,33,33.29,32.49,32.66
2012-04-04,32.64,32.69,31.01,31.37
2012-04-05,31.33,31.83,31.22,31.73
2012-04-09,32.03,32.11,31.34,31.58
2012-04-10,31.55,31.94,31.19,31.78
2012-04-11,31.81,31.83,31.39,31.6
2012-04-12,31.59,32.58,31.44,32.36
2012-04-13,32.37,32.44,31.33,31.52
2012-04-16,31.48,31.7,31.21,31.5
2012-04-17,31.49,31.915,31.34,31.705
2012-04-18,31.7,31.9,31.35,31.63
2012-04-19,31.63,32.02,31.33,31.79
2012-04-20,31.78,31.92,31.57,31.69
2012-04-23,31.66,31.71,30.48,30.83
2012-04-24,30.84,31.14,30.7,30.89
2012-04-25,30.82,30.99,29.99,30.69
2012-04-26,30.75,31.3,30.64,30.99
2012-04-27,31.04,31.4,30.9,31.23
2012-04-30,31.27,31.38,30.59,30.95
2012-05-01,31,31.3,30.76,30.89
2012-05-02,30.98,31.01,30.41,30.58
2012-05-03,30.57,30.64,29.88,30.05
2012-05-04,30.11,30.44,29.78,30.34
2012-05-07,30.06,30.36,29.68,30.02
2012-05-08,30.07,30.12,29.12,29.45
2012-05-09,29.4,29.41,28.615,29.235
2012-05-10,29.194,29.44,28.938,29.029
2012-05-11,29.026,29.09,28.435,28.879
2012-05-14,28.85,28.99,28.09,28.13
2012-05-15,28.22,28.44,27.57,27.7
2012-05-16,27.73,27.96,26.74,27.18
2012-05-17,27.23,28.3,27.23,28.01
2012-05-18,28.055,28.9,27.795,28.696
2012-05-21,28.71,28.84,28.05,28.47
2012-05-22,28.52,28.78,27.94,28.16
2012-05-23,28.144,28.15,27.105,27.743
2012-05-24,27.761,28.535,27.622,28.3
2012-05-25,28.134,28.58,27.905,28.493
2012-05-28,28.605,28.765,28.295,28.368
2012-05-29,28.472,28.67,27.741,27.82
2012-05-30,27.815,28.16,27.381,27.903
2012-05-31,27.866,28.19,27.54,27.65
2012-06-01,27.68,28.69,27.205,28.49
2012-06-04,28.455,28.615,27.973,28.21
2012-06-05,28.277,28.56,28.095,28.47
2012-06-06,28.468,29.88,28.435,29.396
2012-06-07,29.475,29.68,28.385,28.585
2012-06-08,28.615,28.67,27.935,28.485
2012-06-11,28.825,28.97,28.285,28.58
2012-06-12,28.414,29.026,28.36,28.94
2012-06-13,28.92,29.105,28.72,28.87
2012-06-14,28.835,29.095,28.176,28.631
2012-06-15,28.586,28.823,28.535,28.649
2012-06-18,28.54,28.861,28.27,28.763
2012-06-19,28.771,28.935,28.315,28.405
2012-06-20,28.45,28.6,27.705,28.06
2012-06-21,27.942,28.015,26.84,26.877
2012-06-22,26.983,27.035,26.579,26.89
2012-06-25,26.678,27.645,26.633,27.505
2012-06-26,27.462,27.545,26.79,27.065
2012-06-27,27.018,27.32,26.66,26.91
2012-06-28,26.876,27.12,26.125,26.305
2012-06-29,26.311,27.9,26.262,27.47
2012-07-02,27.483,27.607,27.185,27.48
2012-07-03,27.46,28.425,27.4,28.225
2012-07-04,28.191,28.33,28.029,28.131
2012-07-05,28.123,28.37,27.505,27.663
2012-07-06,27.733,27.797,26.92,27.081
2012-07-09,26.959,27.485,26.915,27.353
2012-07-10,27.315,27.565,26.73,26.75
2012-07-11,26.875,27.24,26.83,27.115
2012-07-12,27.116,27.37,26.459,27.178
2012-07-13,27.115,27.56,27.075,27.3
2012-07-16,27.398,27.41,26.88,27.248
2012-07-17,27.277,27.605,26.792,27.285
2012-07-18,27.297,27.363,26.89,27.195
2012-07-19,27.15,27.583,27.115,27.25
2012-07-20,27.26,27.425,26.805,27.28
2012-07-23,27.23,27.255,26.663,27.02
2012-07-24,27.018,27.16,26.616,26.945
2012-07-25,26.928,27.55,26.815,27.325
2012-07-26,27.305,27.81,27.24,27.52
2012-07-27,27.47,27.85,27.365,27.72
2012-07-30,27.725,28.225,27.535,28.183
2012-07-31,28.112,28.355,27.9,27.97
2012-08-01,27.958,28.055,27.107,27.378
2012-08-02,27.443,27.77,26.985,27.11
2012-08-03,27.13,27.88,27.045,27.76
2012-08-06,27.735,27.98,27.6,27.853
2012-08-07,27.849,28.205,27.759,28.075
2012-08-08,28.06,28.24,27.694,28.018
2012-08-09,28.025,28.22,27.87,28.149
2012-08-10,28.098,28.31,27.599,28.082
2012-08-13,28.165,28.185,27.725,27.791
2012-08-14,27.8,28.005,27.624,27.786
2012-08-15,27.809,27.99,27.5,27.81
2012-08-16,27.794,28.28,27.73,28.181
2012-08-17,28.16,28.325,27.999,28.06
2012-08-20,28.119,28.83,27.925,28.778
2012-08-21,28.665,29.488,28.653,29.29
2012-08-22,29.23,29.905,29.195,29.83
2012-08-23,29.808,30.795,29.79,30.49
2012-08-24,30.482,30.774,30.21,30.773
2012-08-27,30.885,31.235,30.615,30.725
2012-08-28,30.795,30.98,30.51,30.845
2012-08-29,30.837,30.955,30.535,30.668
2012-08-30,30.75,30.89,30.205,30.42
2012-08-31,30.415,31.74,30.24,31.71
2012-09-03,31.565,32.28,31.505,32.075
2012-09-04,32.095,32.395,31.905,32.32
2012-09-05,32.275,32.345,31.935,32.225
2012-09-06,32.208,32.975,32.185,32.66
2012-09-07,32.615,33.7,31.945,33.63
2012-09-10,33.604,33.945,33.235,33.338
2012-09-11,33.4,33.805,33.335,33.443
2012-09-12,33.519,34.07,32.455,33.255
2012-09-13,33.227,34.785,32.665,34.65
2012-09-14,34.545,34.92,34.27,34.62
2012-09-17,34.7,34.73,33.795,34.2
2012-09-18,34.24,35.015,33.96,34.773
2012-09-19,34.725,34.94,34.26,34.555
2012-09-20,34.601,34.725,34.07,34.631
2012-09-21,34.57,35.155,34.325,34.5
2012-09-24,34.43,34.45,33.56,33.945
2012-09-25,33.999,34.46,33.65,33.735
2012-09-26,33.75,34.02,33.32,33.943
2012-09-27,33.9,34.72,33.875,34.61
2012-09-28,34.615,34.85,34.26,34.46
2012-10-01,34.27,35.36,34.15,34.63
2012-10-02,34.69,35.03,34.37,34.595
2012-10-03,34.55,34.85,34.445,34.595
2012-10-04,34.658,35.08,34.617,34.966
2012-10-05,34.95,35.09,34.29,34.47
2012-10-08,34.42,34.51,33.695,33.965
2012-10-09,34.011,34.2,33.53,33.87
2012-10-10,33.83,34.12,33.7,33.955
2012-10-11,33.905,34.31,33.765,33.975
2012-10-12,34.03,34.105,33.385,33.42
2012-10-15,33.12,33.335,32.53,32.665
2012-10-16,32.628,33.015,32.623,32.935
2012-10-17,33.08,33.235,32.84,33.2
2012-10-18,33.116,33.27,32.675,32.775
2012-10-19,32.83,32.87,31.91,32.03
2012-10-22,31.78,32.42,31.765,32.405
2012-10-23,32.42,32.42,31.55,31.658
2012-10-24,31.735,32.015,31.51,31.725
2012-10-25,31.845,32.22,31.79,32.088
2012-10-26,32.13,32.32,31.58,32.06
2012-10-29,32.08,32.18,31.65,31.775
2012-10-30,31.816,32.11,31.73,31.785
2012-10-31,31.87,32.395,31.8,32.227
2012-11-01,32.24,32.645,32.16,32.275
2012-11-02,32.3,32.325,30.79,30.902
2012-11-05,31.07,31.22,30.64,31.16
2012-11-06,31.168,32.24,31.05,31.97
2012-11-07,31.831,32.38,31.205,31.79
2012-11-08,31.725,32.41,31.62,32.31
2012-11-09,32.355,32.76,32.05,32.58
2012-11-12,32.64,32.72,32.195,32.37
2012-11-13,32.3,32.8,32.11,32.45
2012-11-14,32.565,32.915,32.36,32.67
2012-11-15,32.56,32.76,32.15,32.57
2012-11-16,32.6,32.63,32.03,32.3
2012-11-19,32.37,33.2,32.3,33.063
2012-11-20,33.1,33.23,32.855,33.13
2012-11-21,33.095,33.375,32.84,33.34
2012-11-22,33.375,33.425,33.255,33.33
2012-11-23,33.33,34.135,33.225,34.04
2012-11-26,33.975,34.205,33.87,34.15
2012-11-27,34.21,34.255,33.9,34.025
2012-11-28,34.01,34.03,32.9,33.706
2012-11-29,33.7,34.38,33.52,34.19
2012-11-30,34.16,34.32,33.125,33.39
2012-12-03,33.54,33.81,33.39,33.607
2012-12-04,33.58,33.58,32.66,32.898
2012-12-05,32.885,33.21,32.51,32.853
2012-12-06,32.86,33.237,32.52,32.996
2012-12-07,32.992,33.24,32.61,33.04
2012-12-10,33.09,33.4,33.06,33.225
2012-12-11,33.185,33.19,32.75,32.96
2012-12-12,32.929,33.77,32.9,33.43
2012-12-13,33.29,33.31,32.2,32.51
2012-12-14,32.47,32.7,32.165,32.25
2012-12-17,32.3,32.385,32,32.258
2012-12-18,32.22,32.51,31.33,31.603
2012-12-19,31.74,31.775,30.95,30.955
2012-12-20,31.09,31.202,29.58,29.913
2012-12-21,29.955,30.255,29.61,29.96
2012-12-24,30.031,30.33,29.808,29.88
2012-12-26,29.87,30.185,29.81,30.005
2012-12-27,29.95,30.46,29.67,30.137
2012-12-28,30.155,30.31,29.85,29.995
2012-12-31,30.075,30.41,29.87,30.27
2013-01-02,30.24,31.465,30.24,31.07
2013-01-03,31.16,31.17,29.975,30.143
2013-01-04,29.98,30.32,29.2,30.32
2013-01-07,30.18,30.441,29.835,30.11
2013-01-08,30.2,30.525,30.055,30.383
2013-01-09,30.354,30.545,30.035,30.323
2013-01-10,30.28,30.915,30.225,30.826
2013-01-11,30.79,30.84,30.165,30.44
2013-01-14,30.402,31.135,30.36,31.025
2013-01-15,31.032,31.53,30.936,31.34
2013-01-16,31.42,31.535,31.095,31.468
2013-01-17,31.42,31.89,31.03,31.715
2013-01-18,31.69,32.1,31.64,31.825
2013-01-21,31.97,32.08,31.84,31.983
2013-01-22,31.99,32.33,31.795,32.206
2013-01-23,32.22,32.445,32.075,32.203
2013-01-24,32.11,32.15,31.575,31.625
2013-01-25,31.54,31.755,31.095,31.17
2013-01-28,31.2,31.29,30.715,30.825
2013-01-29,30.9,31.44,30.9,31.368
2013-01-30,31.35,32.24,31.225,31.985
2013-01-31,32.015,32.095,31.085,31.43
2013-02-01,31.42,32.125,31.275,31.8
2013-02-04,31.765,31.89,31.365,31.71
2013-02-05,31.69,32.08,31.59,31.795
2013-02-06,31.84,31.875,31.58,31.825
2013-02-07,31.84,31.895,31.265,31.42
2013-02-08,31.405,31.665,31.305,31.39
2013-02-11,31.425,31.515,30.8,30.92
2013-02-12,30.84,31.115,30.56,31.09
2013-02-13,31.135,31.21,30.72,30.755
2013-02-14,30.785,31.044,30.215,30.373
2013-02-15,30.435,30.45,29.67,29.77
2013-02-18,29.975,30.145,29.851,29.95
2013-02-19,30.015,30.125,29.215,29.447
2013-02-20,29.445,29.625,28.265,28.536
2013-02-21,28.675,28.875,28.3,28.655
2013-02-22,28.713,28.905,28.355,28.71
2013-02-25,28.65,29.23,28.55,28.978
2013-02-26,29.065,29.44,28.575,29.385
2013-02-27,29.33,29.34,28.83,28.955
2013-02-28,28.98,29.155,28.385,28.505
2013-03-01,28.515,28.76,27.93,28.57
2013-03-04,28.653,28.795,28.42,28.555
2013-03-05,28.605,29.065,28.51,28.673
2013-03-06,28.74,29.055,28.535,29.043
2013-03-07,28.935,29.055,28.735,28.875
2013-03-08,28.885,29.24,28.33,28.951
2013-03-11,28.895,29.075,28.7,28.956
2013-03-12,28.965,29.335,28.865,29.125
2013-03-13,29.16,29.265,28.84,28.895
2013-03-14,28.915,28.95,28.54,28.785
2013-03-15,28.785,28.995,28.705,28.753
2013-03-18,28.925,29.035,28.595,28.86
2013-03-19,28.93,29.075,28.64,28.879
2013-03-20,28.902,28.99,28.675,28.795
2013-03-21,28.745,29.315,28.72,29.14
2013-03-22,29.135,29.19,28.52,28.708
2013-03-25,28.635,28.89,28.48,28.82
2013-03-26,28.802,28.845,28.62,28.735
2013-03-27,28.76,28.795,28.11,28.652
2013-03-28,28.665,28.82,28.195,28.314
2013-04-01,28.225,28.34,27.85,28.01
2013-04-02,28.04,28.16,27.185,27.245
2013-04-03,27.244,27.335,26.725,26.94
2013-04-04,27.04,27.045,26.62,26.885
2013-04-05,26.888,27.325,26.775,27.3
2013-04-08,27.334,27.35,27.125,27.275
2013-04-09,27.25,28.055,27.18,27.935
2013-04-10,27.92,28.001,27.495,27.61
2013-04-11,27.6,27.825,27.39,27.61
2013-04-12,27.665,27.685,25.92,25.98
2013-04-15,25.9,26.08,22.53,22.645
2013-04-16,22.735,23.95,22.03,23.325
2013-04-17,23.505,23.71,22.85,23.285
2013-04-18,23.35,23.655,22.47,23.255
2013-04-19,23.3,23.83,22.905,23.21
2013-04-22,23.261,23.672,23.113,23.395
2013-04-23,23.35,23.43,22.595,22.915
2013-04-24,22.9,23.345,22.845,23.135
2013-04-25,23.105,24.385,23.06,24.375
2013-04-26,24.36,24.81,23.635,23.96
2013-04-29,23.94,24.633,23.94,24.633
2013-04-30,24.39,24.515,24.035,24.325
2013-05-01,24.315,24.34,23.235,23.625
2013-05-02,23.63,24.19,23.38,23.803
2013-05-03,23.77,24.375,23.46,24.08
2013-05-06,24.065,24.42,23.825,24
2013-05-07,24.03,24.03,23.448,23.95
2013-05-08,23.82,24.108,23.677,23.96
2013-05-09,23.922,24.18,23.555,23.725
2013-05-10,23.665,23.906,23.189,23.797
2013-05-13,23.75,23.824,23.498,23.656
2013-05-14,23.666,23.79,23.133,23.41
2013-05-15,23.454,23.491,22.51,22.595
2013-05-16,22.544,22.814,22.115,22.675
2013-05-17,22.665,22.792,22.162,22.185
2013-05-20,21.5,23.102,21.181,22.9
2013-05-21,22.741,22.919,22.075,22.43
2013-05-22,22.43,23.286,22.195,22.28
2013-05-23,22.256,22.678,21.98,22.595
2013-05-24,22.53,22.647,22.323,22.363
2013-05-27,22.409,22.75,22.325,22.66
2013-05-28,22.612,22.642,22.168,22.345
2013-05-29,22.308,22.521,22.194,22.48
2013-05-30,22.5,23.1,22.366,22.77
2013-05-31,22.831,22.906,22.175,22.193
2013-06-03,22.33,22.959,22.325,22.725
2013-06-04,22.73,22.783,22.298,22.535
2013-06-05,22.546,22.758,22.35,22.545
2013-06-06,22.52,22.899,22.324,22.645
2013-06-07,22.595,22.811,21.58,21.63
2013-06-10,21.72,22.085,21.401,21.908
2013-06-11,21.92,21.938,21.492,21.663
2013-06-12,21.7,22.014,21.645,21.78
2013-06-13,21.755,21.975,21.583,21.833
2013-06-14,21.826,22.539,21.693,22.063
2013-06-17,22.033,22.058,21.681,21.865
2013-06-18,21.888,21.944,21.526,21.67
2013-06-19,21.691,21.817,21.27,21.385
2013-06-20,21.235,21.308,19.605,19.675
2013-06-21,19.767,20.135,19.389,20.065
2013-06-24,20.202,20.21,19.459,19.673
2013-06-25,19.679,19.848,19.465,19.635
2013-06-26,19.589,19.641,18.436,18.515
2013-06-27,18.59,18.976,18.388,18.449
2013-06-28,18.526,19.66,18.18,19.628
2013-07-01,20.053,20.065,19.385,19.62
2013-07-02,19.623,19.819,19.24,19.39
2013-07-03,19.415,19.915,19.343,19.783
2013-07-04,19.796,19.845,19.418,19.575
2013-07-05,19.565,19.619,18.706,18.89
2013-07-08,18.919,19.3,18.714,19.09
2013-07-09,19.064,19.51,18.995,19.295
2013-07-10,19.215,19.433,19.023,19.37
2013-07-11,19.805,20.269,19.65,20.15
2013-07-12,20.107,20.215,19.638,19.905
2013-07-15,20.074,20.138,19.58,19.97
2013-07-16,19.955,20.057,19.712,20
2013-07-17,19.949,20.183,19.279,19.335
2013-07-18,19.37,19.578,19.246,19.385
2013-07-19,19.404,19.623,19.321,19.528
2013-07-22,19.795,20.599,19.679,20.535
2013-07-23,20.532,20.56,20.109,20.48
2013-07-24,20.399,20.496,20.004,20.165
2013-07-25,20.12,20.318,19.797,20.23
2013-07-26,20.255,20.344,19.664,20.035
2013-07-29,19.998,20.224,19.701,19.865
2013-07-30,19.826,19.906,19.54,19.73
2013-07-31,19.765,20.117,19.399,19.835
2013-08-01,19.851,19.977,19.559,19.615
2013-08-02,19.586,20.284,19.211,19.811
2013-08-05,19.868,20.017,19.563,19.7
2013-08-06,19.705,19.81,19.488,19.515
2013-08-07,19.534,19.627,19.152,19.58
2013-08-08,19.558,20.33,19.534,20.25
2013-08-09,20.247,20.558,20.088,20.46
2013-08-12,20.866,21.449,20.655,21.385
2013-08-13,21.322,21.765,21.14,21.45
2013-08-14,21.443,21.866,21.28,21.865
2013-08-15,21.914,23.181,21.728,22.978
2013-08-16,22.904,23.404,22.771,23.167
2013-08-19,23.266,23.609,22.997,23.16
2013-08-20,23.125,23.306,22.293,23
2013-08-21,22.967,23.353,22.769,22.87
2013-08-22,22.606,23.322,22.461,23.105
2013-08-23,23.13,24.099,22.891,23.95
2013-08-26,24.147,24.402,23.786,24.305
2013-08-27,24.226,24.691,23.977,24.455
2013-08-28,24.522,25.106,24.251,24.335
2013-08-29,24.363,24.408,23.661,23.865
2013-08-30,23.795,24.002,23.385,23.442
2013-09-02,23.257,24.365,23.244,24.18
2013-09-03,24.154,24.475,23.984,24.265
2013-09-04,24.305,24.383,23.346,23.475
2013-09-05,23.485,23.638,23.014,23.17
2013-09-06,23.184,23.917,23.045,23.821
2013-09-09,23.895,23.933,23.41,23.695
2013-09-10,23.687,23.723,22.811,22.975
2013-09-11,23.029,23.205,22.76,23.175
2013-09-12,23.133,23.158,21.765,21.775
2013-09-13,21.92,22.222,21.389,22.205
2013-09-16,22.199,22.269,21.663,21.805
2013-09-17,21.789,22.092,21.625,21.745
2013-09-18,21.7,23.205,21.208,22.94
2013-09-19,22.866,23.395,22.816,23.045
2013-09-20,23.087,23.097,21.726,21.77
2013-09-23,21.889,21.931,21.275,21.65
2013-09-24,21.672,21.998,21.313,21.7
2013-09-25,21.751,21.926,21.474,21.757
2013-09-26,21.782,22.077,21.638,21.725
2013-09-27,21.707,22.101,21.358,21.73
2013-09-30,21.867,22.037,21.417,21.69
2013-10-01,21.695,21.939,20.619,21.17
2013-10-02,21.138,22,20.957,21.7
2013-10-03,21.723,21.819,21.433,21.65
2013-10-04,21.676,21.891,21.479,21.708
2013-10-07,21.8,22.442,21.623,22.36
2013-10-08,22.279,22.476,22.125,22.295
2013-10-09,22.36,22.383,21.761,21.845
2013-10-10,21.881,22.197,21.522,21.68
2013-10-11,21.67,21.837,20.965,21.299
2013-10-14,21.319,21.658,21.08,21.239
2013-10-15,21.243,21.508,20.505,21.35
2013-10-16,21.205,21.416,21.12,21.39
2013-10-17,21.349,22.168,21.09,21.86
2013-10-18,21.836,22.014,21.727,21.895
2013-10-21,21.973,22.307,21.863,22.217
2013-10-22,22.18,22.804,21.974,22.68
2013-10-23,22.715,22.799,22.491,22.53
2013-10-24,22.552,22.864,22.547,22.685
2013-10-25,22.714,22.732,22.241,22.533
2013-10-28,22.551,22.691,22.35,22.49
2013-10-29,22.477,22.607,22.29,22.473
2013-10-30,22.471,23.07,22.373,22.646
2013-10-31,22.545,22.562,21.775,21.909
2013-11-01,21.934,21.987,21.701,21.87
2013-11-04,21.845,21.923,21.591,21.645
2013-11-05,21.671,21.781,21.556,21.695
2013-11-06,21.669,22.057,21.611,21.8
2013-11-07,21.818,22.002,21.392,21.65
2013-11-08,21.696,21.891,21.264,21.475
2013-11-11,21.386,21.455,21.24,21.355
2013-11-12,21.325,21.338,20.577,20.725
2013-11-13,20.701,20.865,20.435,20.609
2013-11-14,20.709,20.897,20.637,20.774
2013-11-15,20.737,20.835,20.566,20.76
2013-11-18,20.767,20.78,20.308,20.405
2013-11-19,20.387,20.488,20.21,20.365
2013-11-20,20.369,20.496,19.787,19.857
2013-11-21,19.913,20.054,19.72,19.956
2013-11-22,19.979,20.053,19.827,19.862
2013-11-25,19.71,20.308,19.582,20.231
2013-11-26,20.213,20.254,19.797,19.845
2013-11-27,19.888,20.11,19.63,19.643
2013-11-28,19.677,19.787,19.631,19.707
2013-11-29,19.732,20.081,19.678,19.97
2013-12-02,19.878,19.889,19.107,19.147
2013-12-03,19.236,19.33,18.979,19.112
2013-12-04,19.126,19.881,18.887,19.676
2013-12-05,19.617,19.722,19.236,19.386
2013-12-06,19.391,19.773,19.189,19.483
2013-12-09,19.5,19.99,19.442,19.851
2013-12-10,19.778,20.43,19.748,20.39
2013-12-11,20.361,20.475,20.22,20.282
2013-12-12,20.319,20.346,19.422,19.495
2013-12-13,19.491,19.746,19.293,19.68
2013-12-16,19.621,20.292,19.455,19.98
2013-12-17,20.012,20.234,19.685,19.892
2013-12-18,19.95,20.263,19.611,19.721
2013-12-19,19.85,19.908,19.119,19.205
2013-12-20,19.265,19.528,19.143,19.355
2013-12-23,19.436,19.529,19.279,19.419
2013-12-24,19.435,19.58,19.322,19.495
2013-12-26,19.46,20.041,19.42,19.75
2013-12-27,19.795,20.109,19.762,20.026
2013-12-30,20.102,20.132,19.47,19.54
2013-12-31,19.621,19.823,18.641,19.437
2014-01-02,19.487,20.432,19.44,19.95
2014-01-03,20.02,20.31,19.989,20.176
2014-01-06,20.1,20.345,19.947,20.13
2014-01-07,20.187,20.271,19.63,19.825
2014-01-08,19.809,19.825,19.313,19.525
2014-01-09,19.497,19.713,19.403,19.57
2014-01-10,19.555,20.246,19.555,20.135
2014-01-13,20.192,20.456,19.957,20.385
2014-01-14,20.382,20.571,20.141,20.24
2014-01-15,20.22,20.241,19.931,20.175
2014-01-16,20.159,20.225,19.967,20.1
2014-01-17,20.105,20.417,19.962,20.282
2014-01-20,20.348,20.393,20.272,20.301
2014-01-21,20.262,20.292,19.674,19.885
2014-01-22,19.909,19.939,19.747,19.78
2014-01-23,19.708,20.305,19.644,20.02
2014-01-24,20.025,20.28,19.719,19.903
2014-01-27,20.001,20.006,19.561,19.687
2014-01-28,19.7,19.838,19.463,19.575
2014-01-29,19.553,19.967,19.446,19.745
2014-01-30,19.707,19.711,18.998,19.155
2014-01-31,19.193,19.47,19.077,19.167
2014-02-03,19.08,19.635,19.076,19.325
2014-02-04,19.35,19.52,19.275,19.48
2014-02-05,19.47,20.231,19.466,19.875
2014-02-06,19.916,20.176,19.84,19.955
2014-02-07,19.925,20.092,19.764,20.023
2014-02-10,20.027,20.286,19.97,20.065
2014-02-11,20.08,20.272,19.923,20.22
2014-02-12,20.142,20.397,20.09,20.23
2014-02-13,20.252,20.522,20.13,20.48
2014-02-14,20.481,21.444,20.447,21.44
2014-02-17,21.666,21.971,21.536,21.795
2014-02-18,21.795,21.965,21.309,21.92
2014-02-19,21.843,21.911,21.368,21.515
2014-02-20,21.586,21.888,21.393,21.813
2014-02-21,21.725,21.96,21.57,21.795
2014-02-24,21.83,22.169,21.506,21.966
2014-02-25,21.953,22.013,21.67,21.848
2014-02-26,21.851,22.028,21.088,21.231
2014-02-27,21.29,21.479,20.99,21.256
2014-02-28,21.282,21.401,21.076,21.137
2014-03-03,21.471,21.713,21.316,21.414
2014-03-04,21.398,21.509,21.022,21.165
2014-03-05,21.21,21.312,21.136,21.157
2014-03-06,21.186,21.622,21.076,21.459
2014-03-07,21.454,21.579,20.757,20.873
2014-03-10,20.831,21.031,20.597,20.827
2014-03-11,20.8,21.299,20.657,20.852
2014-03-12,20.868,21.409,20.802,21.3
2014-03-13,21.268,21.455,21.09,21.2
2014-03-14,21.255,21.768,21.118,21.415
2014-03-17,21.535,21.545,21.115,21.18
2014-03-18,21.209,21.232,20.616,20.85
2014-03-19,20.857,20.952,20.492,20.603
2014-03-20,20.612,20.71,20.134,20.31
2014-03-21,20.336,20.572,20.255,20.292
2014-03-24,20.226,20.283,19.894,19.913
2014-03-25,19.946,20.204,19.904,19.973
2014-03-26,19.965,20.127,19.677,19.77
2014-03-27,19.825,19.842,19.568,19.713
2014-03-28,19.758,19.918,19.622,19.8
2014-03-31,19.816,19.999,19.725,19.761
2014-04-01,19.777,19.903,19.633,19.75
2014-04-02,19.766,20.137,19.743,19.97
2014-04-03,19.997,20.073,19.66,19.84
2014-04-04,19.838,20.223,19.785,19.915
2014-04-07,19.875,20.007,19.777,19.864
2014-04-08,19.911,20.171,19.884,20.027
2014-04-09,20.03,20.093,19.607,19.874
2014-04-10,19.87,20.382,19.87,20.035
2014-04-11,20.015,20.123,19.905,19.949
2014-04-14,20.112,20.116,19.723,19.979
2014-04-15,19.98,19.981,19.228,19.605
2014-04-16,19.538,19.813,19.341,19.654
2014-04-17,19.64,19.72,19.499,19.631
2014-04-21,19.569,19.71,19.237,19.436
2014-04-22,19.424,19.534,19.297,19.41
2014-04-23,19.416,19.545,19.405,19.439
2014-04-24,19.435,19.907,18.94,19.652
2014-04-25,19.682,19.801,19.511,19.709
2014-04-28,19.705,19.748,19.484,19.585
2014-04-29,19.577,19.598,19.313,19.45
2014-04-30,19.472,19.48,19.046,19.188
2014-05-01,19.218,19.218,18.775,19.025
2014-05-02,19.05,19.679,18.931,19.448
2014-05-05,19.505,19.719,19.463,19.596
2014-05-06,19.571,19.696,19.486,19.575
2014-05-07,19.59,19.749,19.279,19.307
2014-05-08,19.305,19.373,19.111,19.174
2014-05-09,19.185,19.303,19.042,19.149
2014-05-12,19.084,19.651,19.06,19.526
2014-05-13,19.517,19.6,19.354,19.526
2014-05-14,19.553,19.987,19.497,19.775
2014-05-15,19.769,19.82,19.42,19.488
2014-05-16,19.495,19.519,19.253,19.36
2014-05-19,19.317,19.676,19.305,19.346
2014-05-20,19.358,19.447,19.236,19.4
2014-05-21,19.4,19.49,19.27,19.391
2014-05-22,19.402,19.807,19.353,19.492
2014-05-23,19.492,19.515,19.289,19.429
2014-05-26,19.423,19.489,19.374,19.438
2014-05-27,19.415,19.433,19.023,19.057
2014-05-28,19.082,19.155,18.975,19.014
2014-05-29,19.025,19.095,18.79,19.023
2014-05-30,19.04,19.092,18.63,18.801
2014-06-02,18.77,18.871,18.66,18.75
2014-06-03,18.774,18.925,18.725,18.807
2014-06-04,18.797,18.888,18.743,18.8
2014-06-05,18.797,19.138,18.701,19.03
2014-06-06,19.046,19.193,18.888,19.019
2014-06-09,19.026,19.194,18.99,19.06
2014-06-10,19.046,19.241,18.979,19.187
2014-06-11,19.201,19.335,19.152,19.189
2014-06-12,19.198,19.565,19.16,19.525
2014-06-13,19.518,19.724,19.482,19.695
2014-06-16,19.753,19.878,19.577,19.65
2014-06-17,19.673,19.738,19.458,19.73
2014-06-18,19.731,19.901,19.665,19.88
2014-06-19,19.92,20.917,19.83,20.792
2014-06-20,20.805,20.973,20.573,20.844
2014-06-23,20.798,20.931,20.729,20.866
2014-06-24,20.855,21.153,20.798,20.914
2014-06-25,20.883,21.156,20.698,21.019
2014-06-26,20.989,21.115,20.79,21.093
2014-06-27,21.089,21.196,20.96,20.993
2014-06-30,20.942,21.113,20.757,21.017
2014-07-01,21.013,21.217,21.002,21.02
2014-07-02,21.022,21.28,20.908,21.15
2014-07-03,21.141,21.165,20.787,21.131
2014-07-04,21.136,21.228,21.073,21.141
2014-07-07,21.09,21.103,20.814,21.037
2014-07-08,21.016,21.186,20.902,21.026
2014-07-09,21.017,21.22,20.987,21.113
2014-07-10,21.081,21.567,21.08,21.39
2014-07-11,21.407,21.492,21.351,21.419
2014-07-14,21.435,21.443,20.842,20.905
2014-07-15,20.907,21.063,20.657,20.675
2014-07-16,20.697,20.818,20.574,20.757
2014-07-17,20.735,21.232,20.709,21.139
2014-07-18,21.18,21.204,20.722,20.848
2014-07-21,20.883,21.102,20.798,20.913
2014-07-22,20.894,21.062,20.732,20.934
2014-07-23,20.95,21.042,20.887,20.902
2014-07-24,20.895,20.912,20.3,20.369
2014-07-25,20.308,20.724,20.303,20.707
2014-07-28,20.711,20.722,20.502,20.572
2014-07-29,20.58,20.798,20.459,20.564
2014-07-30,20.558,20.71,20.45,20.596
2014-07-31,20.591,20.73,20.33,20.381
2014-08-01,20.357,20.534,20.25,20.325
2014-08-04,20.316,20.448,20.142,20.153
2014-08-05,20.165,20.262,19.738,19.765
2014-08-06,19.755,20.11,19.75,20.024
2014-08-07,20.034,20.103,19.877,19.95
2014-08-08,19.944,20.165,19.824,19.97
2014-08-11,19.899,20.095,19.832,20.005
2014-08-12,20.009,20.133,19.857,19.91
2014-08-13,19.929,20.07,19.7,19.814
2014-08-14,19.845,19.979,19.791,19.874
2014-08-15,19.878,19.947,19.51,19.616
2014-08-18,19.547,19.693,19.47,19.62
2014-08-19,19.613,19.707,19.375,19.423
2014-08-20,19.447,19.594,19.41,19.465
2014-08-21,19.466,19.485,19.308,19.43
2014-08-22,19.442,19.572,19.31,19.47
2014-08-25,19.405,19.497,19.325,19.349
2014-08-26,19.363,19.678,19.333,19.356
2014-08-27,19.378,19.5,19.315,19.45
2014-08-28,19.484,19.89,19.47,19.493
2014-08-29,19.499,19.627,19.438,19.47
2014-09-01,19.451,19.528,19.402,19.476
2014-09-02,19.445,19.489,19.084,19.159
2014-09-03,19.193,19.248,19.107,19.17
2014-09-04,19.183,19.356,19.019,19.039
2014-09-05,19.031,19.231,19.019,19.191
2014-09-08,19.184,19.316,18.907,19.017
2014-09-09,19.027,19.133,18.866,19.052
2014-09-10,19.029,19.103,18.884,18.959
2014-09-11,18.95,18.958,18.574,18.694
2014-09-12,18.682,18.705,18.455,18.644
2014-09-15,18.572,18.697,18.552,18.667
2014-09-16,18.644,18.876,18.603,18.702
2014-09-17,18.71,18.787,18.484,18.53
2014-09-18,18.507,18.612,18.286,18.522
2014-09-19,18.525,18.585,17.789,17.895
2014-09-22,17.811,17.86,17.339,17.736
2014-09-23,17.72,17.99,17.626,17.788
2014-09-24,17.763,17.874,17.526,17.687
2014-09-25,17.688,17.693,17.345,17.516
2014-09-26,17.524,17.726,17.45,17.624
2014-09-29,17.574,17.636,17.438,17.486
2014-09-30,17.464,17.58,16.861,16.962
2014-10-01,16.934,17.435,16.873,17.165
2014-10-02,17.175,17.342,16.935,17.099
2014-10-03,17.105,17.16,16.722,16.808
2014-10-06,16.842,17.357,16.668,17.323
2014-10-07,17.31,17.62,17.097,17.175
2014-10-08,17.24,17.466,17.055,17.365
2014-10-09,17.413,17.71,17.322,17.36
2014-10-10,17.35,17.393,17.205,17.347
2014-10-13,17.503,17.592,17.279,17.475
2014-10-14,17.486,17.562,17.322,17.375
2014-10-15,17.343,17.805,17.022,17.455
2014-10-16,17.45,17.54,17.202,17.38
2014-10-17,17.383,17.434,17.219,17.275
2014-10-20,17.272,17.517,17.257,17.427
2014-10-21,17.398,17.653,17.355,17.5
2014-10-22,17.509,17.523,17.118,17.15
2014-10-23,17.187,17.246,17.036,17.18
2014-10-24,17.191,17.35,17.132,17.188
2014-10-27,17.147,17.226,17.087,17.118
2014-10-28,17.081,17.402,17.07,17.202
2014-10-29,17.24,17.324,17.026,17.105
2014-10-30,17.11,17.212,16.35,16.511
2014-10-31,16.504,16.533,15.781,16.154
2014-11-03,15.956,16.23,15.762,16.14
2014-11-04,16.102,16.165,15.923,16.016
2014-11-05,16.004,16.014,15.145,15.323
2014-11-06,15.37,15.461,15.224,15.405
2014-11-07,15.357,15.806,15.055,15.732
2014-11-10,15.67,15.877,15.493,15.6
2014-11-11,15.616,15.886,15.46,15.705
2014-11-12,15.737,15.775,15.564,15.678
2014-11-13,15.653,15.776,15.557,15.645
2014-11-14,15.549,16.39,15.269,16.296
2014-11-17,16.259,16.47,16.031,16.138
2014-11-18,16.098,16.415,15.99,16.185
2014-11-19,16.127,16.549,15.896,16.13
2014-11-20,16.101,16.336,15.966,16.26
2014-11-21,16.217,16.602,16.117,16.45
2014-11-24,16.42,16.475,16.245,16.46
2014-11-25,16.48,16.7,16.445,16.66
2014-11-26,16.63,16.66,16.47,16.5
2014-11-27,16.5,16.545,16.14,16.215
2014-11-28,16.18,16.19,15.42,15.53
2014-12-01,14.69,16.76,14.68,16.42
2014-12-02,16.26,16.5,16.05,16.428
2014-12-03,16.41,16.55,16.2,16.395
2014-12-04,16.37,16.63,16.335,16.435
2014-12-05,16.43,16.52,16.19,16.27
2014-12-08,16.2,16.4,16.16,16.338
2014-12-09,16.32,17.18,16.245,17.045
2014-12-10,17.04,17.29,16.9,17.04
2014-12-11,17.05,17.19,16.9,17.05
2014-12-12,17.07,17.18,16.955,16.99
2014-12-15,17.01,17.023,16.1,16.16
2014-12-16,16.18,16.62,15.51,15.74
2014-12-17,15.74,16.02,15.59,15.733
2014-12-18,15.71,16.2,15.71,15.84
2014-12-19,15.83,16.08,15.81,16.02
2014-12-22,16.06,16.159,15.526,15.66
2014-12-23,15.618,15.862,15.555,15.747
2014-12-24,15.759,15.859,15.684,15.75
2014-12-26,15.811,16.301,15.785,16.026
2014-12-29,16.052,16.246,15.721,15.79
2014-12-30,15.789,16.462,15.774,16.287
2014-12-31,16.278,16.295,15.556,15.67
2015-01-02,15.862,16.061,15.526,15.778
2015-01-05,15.811,16.257,15.811,16.182
2015-01-06,16.108,16.695,16.108,16.525
2015-01-07,16.453,16.639,16.287,16.52
2015-01-08,16.548,16.64,16.295,16.355
2015-01-09,16.375,16.606,16.194,16.453
2015-01-12,16.555,16.638,16.425,16.565
2015-01-13,16.564,17.183,16.56,17.036
2015-01-14,17.036,17.071,16.538,16.805
2015-01-15,16.84,17.2,16.67,16.925
2015-01-16,16.95,17.81,16.845,17.68
2015-01-19,17.76,17.78,17.565,17.66
2015-01-20,17.66,18,17.59,17.965
2015-01-21,17.88,18.45,17.877,18.095
2015-01-22,18.08,18.45,17.89,18.29
2015-01-23,18.29,18.375,18.08,18.29
2015-01-26,18.33,18.45,17.83,17.89
2015-01-27,17.77,18.18,17.66,18.03
2015-01-28,18.025,18.12,17.885,17.955
2015-01-29,17.95,18.01,16.72,16.915
2015-01-30,16.97,17.29,16.79,17.23
2015-02-02,17.17,17.31,16.965,17.2
2015-02-03,17.197,17.72,17.05,17.278
2015-02-04,17.27,17.63,17.15,17.35
2015-02-05,17.39,17.47,16.9,17.225
2015-02-06,17.214,17.35,16.54,16.725
2015-02-09,16.71,17.14,16.68,16.977
2015-02-10,17,17.08,16.71,16.89
2015-02-11,16.9,17.07,16.71,16.79
2015-02-12,16.82,17.04,16.605,16.83
2015-02-13,16.88,17.42,16.825,17.26
2015-02-16,17.335,17.39,17.225,17.275
2015-02-17,17.29,17.32,16.27,16.49
2015-02-18,16.48,16.57,16.26,16.475
2015-02-19,16.52,16.77,16.33,16.355
2015-02-20,16.4,16.56,16.17,16.21
2015-02-23,16.213,16.59,16.08,16.295
2015-02-24,16.354,16.46,16.08,16.275
2015-02-25,16.47,16.71,16.425,16.53
2015-02-26,16.52,16.87,16.49,16.531
2015-02-27,16.63,16.67,16.385,16.55
2015-03-02,16.63,16.76,16.33,16.36
2015-03-03,16.41,16.56,16.16,16.26
2015-03-04,16.28,16.35,16.06,16.217
2015-03-05,16.2,16.35,16.125,16.18
2015-03-06,16.2,16.231,15.75,15.85
2015-03-09,15.87,15.96,15.71,15.73
2015-03-10,15.73,15.82,15.59,15.62
2015-03-11,15.66,15.753,15.27,15.495
2015-03-12,15.48,15.709,15.39,15.57
2015-03-13,15.58,15.66,15.46,15.61
2015-03-16,15.57,15.755,15.49,15.62
2015-03-17,15.605,15.71,15.36,15.55
2015-03-18,15.55,16.085,15.425,15.9
2015-03-19,15.97,16.18,15.82,16.144
2015-03-20,16.13,16.906,16.095,16.74
2015-03-23,16.77,17.11,16.63,17.01
2015-03-24,16.99,17.095,16.83,16.98
2015-03-25,16.95,17.13,16.86,16.98
2015-03-26,16.94,17.4,16.94,17.094
2015-03-27,17.08,17.21,16.87,16.95
2015-03-30,16.91,16.99,16.645,16.705
2015-03-31,16.73,16.85,16.45,16.655
2015-04-01,16.651,17.09,16.53,16.96
2015-04-02,16.964,17.02,16.6,16.78
2015-04-06,17.096,17.32,16.95,16.995
2015-04-07,16.98,16.991,16.75,16.85
2015-04-08,16.86,16.92,16.4,16.545
2015-04-09,16.49,16.51,16.15,16.18
2015-04-10,16.19,16.68,16.18,16.5
2015-04-13,16.465,16.54,16.27,16.277
2015-04-14,16.28,16.38,16.01,16.145
2015-04-15,16.188,16.41,16.085,16.34
2015-04-16,16.358,16.52,16.15,16.306
2015-04-17,16.3,16.531,16.225,16.27
2015-04-20,16.34,16.38,15.88,15.975
2015-04-21,15.97,16.21,15.915,16.025
2015-04-22,16.02,16.12,15.71,15.81
2015-04-23,15.82,15.96,15.76,15.89
2015-04-24,15.875,15.932,15.61,15.74
2015-04-27,15.77,16.49,15.74,16.41
2015-04-28,16.4,16.7,16.315,16.64
2015-04-29,16.61,16.725,16.43,16.57
2015-04-30,16.54,16.74,15.83,16.15
2015-05-01,16.13,16.28,15.91,16.16
2015-05-04,16.19,16.76,16.15,16.42
2015-05-05,16.46,16.72,16.36,16.57
2015-05-06,16.59,16.66,16.4,16.54
2015-05-07,16.55,16.574,16.19,16.337
2015-05-08,16.32,16.55,16.28,16.486
2015-05-11,16.48,16.57,16.22,16.34
2015-05-12,16.28,16.6,16.15,16.546
2015-05-13,16.531,17.23,16.501,17.12
2015-05-14,17.16,17.58,17.075,17.47
2015-05-15,17.5,17.58,17.21,17.54
2015-05-18,17.63,17.78,17.473,17.71
2015-05-19,17.72,17.72,16.89,17.105
2015-05-20,17.13,17.29,16.95,17.13
2015-05-21,17.12,17.26,17.02,17.158
2015-05-22,17.17,17.34,16.95,17.09
2015-05-25,17.07,17.19,17.01,17.15
2015-05-26,17.14,17.14,16.66,16.765
2015-05-27,16.74,16.82,16.61,16.695
2015-05-28,16.69,16.79,16.56,16.7
2015-05-29,16.73,16.82,16.67,16.73
2015-06-01,16.74,17.18,16.61,16.763
2015-06-02,16.76,16.86,16.635,16.777
2015-06-03,16.79,16.83,16.41,16.525
2015-06-04,16.49,16.55,16.12,16.13
2015-06-05,16.18,16.215,15.99,16.1
2015-06-08,16.06,16.16,15.95,15.98
2015-06-09,15.972,16.19,15.96,15.97
2015-06-10,15.99,16.25,15.982,16.052
2015-06-11,16.04,16.08,15.83,16.064
2015-06-12,16.04,16.077,15.85,15.97
2015-06-15,16.04,16.27,15.87,16.091
2015-06-16,16.09,16.16,15.91,16.03
2015-06-17,16.018,16.28,15.938,16.14
2015-06-18,16.1,16.47,16.08,16.17
2015-06-19,16.2,16.24,15.93,16.13
2015-06-22,16.11,16.28,16.04,16.19
2015-06-23,16.16,16.22,15.768,15.86
2015-06-24,15.85,15.94,15.775,15.9
2015-06-25,15.92,15.976,15.794,15.866
2015-06-26,15.89,15.925,15.57,15.81
2015-06-29,15.96,15.997,15.693,15.768
2015-06-30,15.76,15.8935,15.4965,15.7295
2015-07-01,15.752,15.752,15.56,15.585
2015-07-02,15.58,15.81,15.51,15.7
2015-07-03,15.69,15.74,15.618,15.706
2015-07-06,15.74,15.85,15.55,15.76
2015-07-07,15.73,15.74,14.71,15.08
2015-07-08,15.13,15.27,14.777,15.14
2015-07-09,15.13,15.58,15.04,15.42
2015-07-10,15.44,15.67,15.4,15.58
2015-07-13,15.65,15.68,15.34,15.52
2015-07-14,15.48,15.5,15.28,15.382
2015-07-15,15.38,15.4,15.01,15.11
2015-07-16,15.105,15.19,14.9,15.017
2015-07-17,15.03,15.06,14.86,14.9
2015-07-20,14.88,15.02,14.56,14.69
2015-07-21,14.67,14.98,14.665,14.848
2015-07-22,14.86,14.91,14.65,14.82
2015-07-23,14.8,14.99,14.595,14.68
2015-07-24,14.65,14.74,14.39,14.68
2015-07-27,14.68,14.78,14.55,14.56
2015-07-28,14.58,14.73,14.56,14.686
2015-07-29,14.71,14.92,14.629,14.82
2015-07-30,14.84,14.87,14.63,14.758
2015-07-31,14.751,15.01,14.56,14.74
2015-08-03,14.778,14.787,14.439,14.526
2015-08-04,14.498,14.67,14.4,14.6
2015-08-05,14.58,14.72,14.51,14.603
2015-08-06,14.609,14.78,14.54,14.657
2015-08-07,14.67,15.03,14.61,14.78
2015-08-10,14.787,15.4,14.75,15.24
2015-08-11,15.28,15.41,15.12,15.365
2015-08-12,15.32,15.6,15.17,15.54
2015-08-13,15.55,15.59,15.3,15.43
2015-08-14,15.42,15.62,15.19,15.24
2015-08-17,15.27,15.42,15.22,15.33
2015-08-18,15.32,15.37,14.74,14.89
2015-08-19,14.88,15.36,14.845,15.32
2015-08-20,15.3,15.59,15.297,15.57
2015-08-21,15.55,15.665,15.14,15.29
2015-08-24,15.35,15.39,14.61,14.81
2015-08-25,14.797,14.97,14.58,14.71
2015-08-26,14.72,14.76,13.99,14.135
2015-08-27,14.15,14.62,14.13,14.51
2015-08-28,14.55,14.69,14.39,14.591
2015-08-31,14.555,14.7,14.42,14.63
2015-09-01,14.632,14.78,14.53,14.61
2015-09-02,14.605,14.837,14.451,14.678
2015-09-03,14.691,14.97,14.58,14.72
2015-09-04,14.728,14.82,14.51,14.59
2015-09-07,14.667,14.676,14.485,14.495
2015-09-08,14.54,14.91,14.47,14.795
2015-09-09,14.83,14.95,14.59,14.61
2015-09-10,14.62,14.88,14.57,14.71
2015-09-11,14.729,14.77,14.31,14.63
2015-09-14,14.581,14.62,14.355,14.43
2015-09-15,14.44,14.46,14.295,14.42
2015-09-16,14.41,14.95,14.35,14.93
2015-09-17,14.92,15.28,14.8,15.14
2015-09-18,15.15,15.43,15.04,15.17
2015-09-21,15.17,15.265,15.1,15.2
2015-09-22,15.204,15.25,14.72,14.77
2015-09-23,14.78,14.941,14.715,14.79
2015-09-24,14.81,15.21,14.77,15.15
2015-09-25,15.09,15.21,14.969,15.09
2015-09-28,15.13,15.135,14.51,14.6
2015-09-29,14.59,14.73,14.498,14.64
2015-09-30,14.61,14.75,14.48,14.54
2015-10-01,14.536,14.71,14.475,14.49
2015-10-02,14.54,15.32,14.4,15.25
2015-10-05,15.278,15.73,15.12,15.66
2015-10-06,15.63,16.096,15.59,15.898
2015-10-07,15.92,16.12,15.84,16.06
2015-10-08,16.059,16.06,15.4,15.7
2015-10-09,15.71,16.02,15.62,15.83
2015-10-12,15.815,16.08,15.799,15.83
2015-10-13,15.85,16,15.64,15.92
2015-10-14,15.91,16.21,15.8,16.15
2015-10-15,16.13,16.2,15.92,16.11
2015-10-16,16.1,16.16,15.95,16.03
2015-10-19,16.01,16.045,15.76,15.85
2015-10-20,15.81,15.985,15.75,15.913
2015-10-21,15.9,15.96,15.64,15.71
2015-10-22,15.701,15.92,15.66,15.85
2015-10-23,15.84,16.09,15.72,15.86
2015-10-26,15.832,15.99,15.78,15.86
2015-10-27,15.87,15.965,15.79,15.87
2015-10-28,15.89,16.36,15.73,15.97
2015-10-29,15.971,16.001,15.56,15.644
2015-10-30,15.6285,15.6745,15.5,15.56
2015-11-02,15.57,15.57,15.27,15.42
2015-11-03,15.43,15.48,15.23,15.28
2015-11-04,15.3,15.35,15.06,15.11
2015-11-05,15.107,15.12,14.95,14.99
2015-11-06,15.009,15.09,14.729,14.76
2015-11-09,14.74,14.803,14.45,14.56
2015-11-10,14.579,14.59,14.32,14.43
2015-11-11,14.44,14.54,14.27,14.325
2015-11-12,14.35,14.5,14.21,14.31
2015-11-13,14.32,14.39,14.19,14.236
2015-11-16,14.4,14.46,14.22,14.25
2015-11-17,14.26,14.3,14.123,14.22
2015-11-18,14.13,14.26,14.04,14.188
2015-11-19,14.2,14.42,14.13,14.28
2015-11-20,14.275,14.42,14.09,14.16
2015-11-23,14.15,14.2,13.92,14.14
2015-11-24,14.13,14.303,14.07,14.201
2015-11-25,14.249,14.284,14.05,14.2
2015-11-26,14.19,14.39,14.14,14.28
2015-11-27,14.31,14.31,13.96,14.1
2015-11-30,14.06,14.2,14.01,14.0815
2015-12-01,14.0915,14.2575,14.0605,14.1975
2015-12-02,14.2135,14.2345,13.93,14.02
2015-12-03,14.01,14.17,13.84,14.11
2015-12-04,14.136,14.62,14.05,14.55
2015-12-07,14.51,14.645,14.23,14.28
2015-12-08,14.26,14.33,14.09,14.18
2015-12-09,14.21,14.36,14.13,14.17
2015-12-10,14.18,14.25,14.11,14.13
2015-12-11,14.11,14.16,13.79,13.9495
2015-12-14,13.969,13.969,13.648,13.68
2015-12-15,13.71,13.83,13.68,13.77
2015-12-16,13.8,14.32,13.79,14.17
2015-12-17,14.13,14.152,13.69,13.73
2015-12-18,13.765,14.22,13.72,14.1
2015-12-21,14.061,14.33,14.06,14.25
2015-12-22,14.251,14.4,14.227,14.2575
2015-12-23,14.28,14.35,14.2155,14.32
2015-12-24,14.33,14.406,14.28,14.3805
2015-12-28,14.394,14.421,13.855,13.94
2015-12-29,13.958,14.07,13.925,13.9625
2015-12-30,13.9555,14.0015,13.79,13.89
2015-12-31,13.8,13.98,13.8,13.8425
2016-01-04,13.93,14.2,13.845,13.87
2016-01-05,13.903,14.08,13.9,13.99
2016-01-06,13.992,14.1505,13.8995,14.01
2016-01-07,14,14.3835,13.9345,14.31
2016-01-08,14.3,14.31,13.89,13.96
2016-01-11,14.02,14.08,13.84,13.86
2016-01-12,13.88,13.92,13.75,13.78
2016-01-13,13.81,14.2,13.77,14.165
2016-01-14,14.15,14.18,13.76,13.84
2016-01-15,13.867,14.13,13.775,13.89
2016-01-18,13.88,14,13.85,13.945
2016-01-19,13.92,14.19,13.89,14.03
2016-01-20,14.04,14.2,14,14.14
2016-01-21,14.12,14.19,13.89,14.1
2016-01-22,14.07,14.3475,14.03,14.04
2016-01-25,14.05,14.31,14.05,14.23
2016-01-26,14.229,14.561,14.217,14.5
2016-01-27,14.49,14.5725,14.3515,14.4805
2016-01-28,14.5015,14.5035,14.1815,14.24
2016-01-29,14.25,14.315,14.17,14.27
2016-02-01,14.25,14.42,14.21,14.35
2016-02-02,14.36,14.3905,14.23,14.3075
2016-02-03,14.3035,14.8,14.2735,14.68
2016-02-04,14.675,14.91,14.63,14.86
2016-02-05,14.87,15.05,14.65,15.01
2016-02-08,14.94,15.46,14.89,15.32
2016-02-09,15.35,15.45,15.19,15.2455
2016-02-10,15.2445,15.303,15.09,15.27
2016-02-11,15.35,15.96,15.29,15.75
2016-02-12,15.701,15.8,15.62,15.73
2016-02-15,15.6975,15.6975,15.2075,15.3335
2016-02-16,15.32,15.43,15.14,15.22
2016-02-17,15.18,15.39,15.168,15.28
2016-02-18,15.29,15.5505,15.21,15.4035
2016-02-19,15.4345,15.48,15.2765,15.37
2016-02-22,15.31,15.341,14.93,15.18
2016-02-23,15.19,15.311,15.172,15.29
2016-02-24,15.32,15.58,15.18,15.23
2016-02-25,15.21,15.322,15.03,15.1575
2016-02-26,15.1795,15.2265,14.6755,14.73
2016-02-29,14.72,14.922,14.62,14.9
2016-03-01,14.91,15.07,14.73,14.82
2016-03-02,14.83,15.03,14.76,14.95
2016-03-03,14.94,15.32,14.85,15.22
2016-03-04,15.18,15.79,15.125,15.49
2016-03-07,15.63,15.8,15.46,15.645
2016-03-08,15.67,15.74,15.33,15.35
2016-03-09,15.348,15.44,15.19,15.32
2016-03-10,15.29,15.6455,15.1555,15.6025
2016-03-11,15.587,15.73,15.46,15.48
2016-03-14,15.498,15.82,15.29,15.35
2016-03-15,15.36,15.4,15.2,15.281
2016-03-16,15.28,15.65,15.2,15.6
2016-03-17,15.6,16.04,15.545,15.93
2016-03-18,15.94,16.141,15.73,15.81
2016-03-21,15.85,15.905,15.705,15.84
2016-03-22,15.83,16.01,15.77,15.885
2016-03-23,15.85,15.91,15.23,15.28
2016-03-24,15.29,15.33,15.16,15.21
2016-03-28,15.19,15.36,15.145,15.25
2016-03-29,15.23,15.37,15.06,15.34
2016-03-30,15.36,15.45,15.19,15.22
2016-03-31,15.219,15.53,15.199,15.44
2016-04-01,15.43,15.47,14.8,15.07
2016-04-04,15.03,15.1035,14.8985,14.9255
2016-04-05,14.945,15.21,14.935,15.14
2016-04-06,15.141,15.2,14.93,15.07
2016-04-07,15.08,15.36,15.06,15.2275
2016-04-08,15.2205,15.39,15.13,15.365
2016-04-11,15.38,15.97,15.37,15.92
2016-04-12,15.93,16.2105,15.79,16.1925
2016-04-13,16.1855,16.32,16,16.22
2016-04-14,16.225,16.25,15.91,16.16
2016-04-15,16.1705,16.37,16.09,16.24
2016-04-18,16.28,16.33,16.12,16.21
2016-04-19,16.23,17.08,16.163,16.94
2016-04-20,16.942,17.24,16.84,16.96
2016-04-21,16.95,17.69,16.75,17
2016-04-22,17.01,17.3465,16.8435,16.96
2016-04-25,16.94,17.12,16.82,17
2016-04-26,16.99,17.174,16.84,17.16
2016-04-27,17.15,17.41,17.07,17.24
2016-04-28,17.25,17.65,17.15,17.56
2016-04-29,17.58,17.96,17.57,17.82
2016-05-02,17.83,18.02,17.49,17.55
2016-05-03,17.54,17.73,17.34,17.42
2016-05-04,17.41,17.48,17.1815,17.3825
2016-05-05,17.3825,17.64,17.25,17.35
2016-05-06,17.34,17.6,17.23,17.47
2016-05-09,17.46,17.47,16.93,17.03
2016-05-10,17.02,17.16,16.91,17.11
2016-05-11,17.13,17.58,17.09,17.42
2016-05-12,17.41,17.46,16.97,16.97
2016-05-13,16.99,17.17,16.86,17.1
2016-05-16,17.07,17.39,17.068,17.14
2016-05-17,17.15,17.34,17.06,17.25
2016-05-18,17.24,17.29,16.77,16.91
2016-05-19,16.85,16.93,16.34,16.5
2016-05-20,16.48,16.65,16.43,16.52
2016-05-23,16.49,16.57,16.31,16.39
2016-05-24,16.4,16.4445,16.1965,16.23
2016-05-25,16.22,16.36,16.17,16.295
2016-05-26,16.3,16.5645,16.235,16.33
2016-05-27,16.32,16.37,16.13,16.19
2016-05-30,16.22,16.222,15.905,15.995
2016-05-31,16.01,16.161,15.96,16
2016-06-01,16.01,16.09,15.83,15.96
2016-06-02,15.97,16.05,15.92,16.02
2016-06-03,16,16.45,15.958,16.41
2016-06-06,16.39,16.53,16.35,16.47
2016-06-07,16.48,16.485,16.2485,16.38
2016-06-08,16.41,17.1,16.385,17.04
2016-06-09,17.03,17.33,16.95,17.305
2016-06-10,17.27,17.3755,17.1605,17.3325
2016-06-13,17.33,17.46,17.11,17.45
2016-06-14,17.44,17.49,17.22,17.39
2016-06-15,17.4,17.61,17.35,17.52
2016-06-16,17.54,17.8635,17.115,17.175
2016-06-17,17.165,17.5,17.165,17.46
2016-06-20,17.39,17.64,17.29,17.5
2016-06-21,17.49,17.58,17.19,17.29
2016-06-22,17.3,17.34,17.14,17.27
2016-06-23,17.22,17.48,17.21,17.29
2016-06-24,17.09,18.32,16.5,17.7575
2016-06-27,17.83,17.92,17.64,17.74
2016-06-28,17.76,17.85,17.53,17.78
2016-06-29,17.77,18.45,17.77,18.29
2016-06-30,18.28,18.82,18.198,18.71
2016-07-01,18.75,19.89,18.715,19.72
2016-07-04,19.75,21.12,19.68,20.34
2016-07-05,20.32,20.46,19.53,19.89
2016-07-06,20,20.51,19.86,19.99
2016-07-07,20.09,20.27,19.47,19.68
2016-07-08,19.69,20.2135,19.2255,20.2085
2016-07-11,20.34,20.67,20.1185,20.29
2016-07-12,20.3005,20.53,19.97,20.17
2016-07-13,20.18,20.48,19.9,20.35
2016-07-14,20.39,20.55,20.0105,20.3
2016-07-15,20.32,20.35,20.01,20.09
2016-07-18,20.16,20.23,19.72,20.06
2016-07-19,20.059,20.071,19.81,19.9
2016-07-20,19.91,19.98,19.33,19.42
2016-07-21,19.4,19.88,19.22,19.755
2016-07-22,19.805,19.95,19.57,19.65
2016-07-25,19.6325,19.7105,19.3105,19.5575
2016-07-26,19.5795,19.75,19.4405,19.64
2016-07-27,19.65,20.41,19.52,20.37
2016-07-28,20.36,20.52,20.11,20.1705
2016-07-29,20.1785,20.41,19.97,20.37
2016-08-01,20.36,20.6495,20.3,20.4495
2016-08-02,20.4745,20.79,20.34,20.6
2016-08-03,20.63,20.725,20.37,20.395
2016-08-04,20.405,20.49,20.06,20.35
2016-08-05,20.33,20.44,19.7,19.71
2016-08-08,19.51,19.87,19.51,19.74
2016-08-09,19.73,19.8835,19.5955,19.8605
2016-08-10,19.8995,20.49,19.8875,20.15
2016-08-11,20.095,20.32,19.9,19.97
2016-08-12,20,20.22,19.66,19.71
2016-08-15,19.78,20.0485,19.71,19.8225
2016-08-16,19.8335,20.11,19.72,19.8
2016-08-17,19.81,19.891,19.39,19.69
2016-08-18,19.71,19.94,19.63,19.75
2016-08-19,19.79,19.79,19.24,19.32
2016-08-22,19.26,19.26,18.74,18.913
2016-08-23,18.89,19.12,18.82,18.82
2016-08-24,18.84,19,18.5425,18.5515
2016-08-25,18.5575,18.67,18.4855,18.55
2016-08-26,18.53,19.07,18.52,18.65
2016-08-29,18.64,18.89,18.4,18.87
2016-08-30,18.88,18.96,18.58,18.613
2016-08-31,18.61,18.87,18.55,18.65
2016-09-01,18.66,18.94,18.59,18.89
2016-09-02,18.9,19.41,18.76,19.4
2016-09-05,19.41,19.56,19.3,19.51
2016-09-06,19.52,20.13,19.47,20.05
2016-09-07,20.02,20.13,19.68,19.84
2016-09-08,19.79,19.94,19.56,19.62
2016-09-09,19.61,19.665,19.07,19.09
2016-09-12,19.08,19.18,18.72,19.12
2016-09-13,19.09,19.29,18.79,18.87
2016-09-14,18.88,19.12,18.81,18.97
2016-09-15,18.96,19.22,18.82,19
2016-09-16,19.01,19.03,18.6685,18.8025
2016-09-19,18.8,19.31,18.78,19.15
2016-09-20,19.16,19.3,19.09,19.3
2016-09-21,19.27,19.87,19.04,19.845
2016-09-22,19.83,20.07,19.71,19.88
2016-09-23,19.89,19.94,19.59,19.68
2016-09-26,19.68,19.75,19.36,19.437
2016-09-27,19.43,19.542,18.99,19.15
2016-09-28,19.12,19.2095,18.92,19.1885
2016-09-29,19.2325,19.3935,18.9965,19.1025
2016-09-30,19.1,19.7025,19.07,19.1805
2016-10-03,19.2,19.32,18.71,18.825
2016-10-04,18.83,18.9025,17.7255,17.8095
2016-10-05,17.7895,18.01,17.56,17.74
2016-10-06,17.75,17.84,17.12,17.33
2016-10-07,17.32,17.65,17.1,17.49
2016-10-10,17.56,17.81,17.56,17.64
2016-10-11,17.63,17.83,17.45,17.455
2016-10-12,17.4725,17.62,17.37,17.48
2016-10-13,17.5,17.68,17.42,17.5
2016-10-14,17.51,17.58,17.32,17.45
2016-10-17,17.44,17.5,17.35,17.47
2016-10-18,17.46,17.72,17.45,17.625
2016-10-19,17.63,17.78,17.57,17.68
2016-10-20,17.69,17.742,17.16,17.55
2016-10-21,17.54,17.56,17.4,17.54
2016-10-24,17.53,17.88,17.47,17.59
2016-10-25,17.61,17.82,17.52,17.82
2016-10-26,17.77,17.87,17.575,17.63
2016-10-27,17.64,17.7295,17.55,17.629
2016-10-28,17.6125,17.91,17.56,17.77
2016-10-31,17.812,17.92,17.76,17.89
2016-11-01,17.88,18.49,17.85,18.38
2016-11-02,18.378,18.74,18.36,18.52
2016-11-03,18.53,18.65,18.01,18.36
2016-11-04,18.3925,18.48,18.19,18.41
2016-11-07,18.19,18.29,18.018,18.18
2016-11-08,18.21,18.73,18.18,18.37
2016-11-09,18.375,19,18.19,18.48
2016-11-10,18.485,18.99,18.4,18.6075
2016-11-11,18.6055,18.84,17.2,17.37
2016-11-14,17.41,17.51,16.65,16.93
2016-11-15,16.92,17.14,16.83,17.085
2016-11-16,17.07,17.24,16.87,16.98
2016-11-17,16.985,17.09,16.59,16.67
2016-11-18,16.68,16.77,16.45,16.57
2016-11-21,16.63,16.77,16.53,16.59
2016-11-22,16.6,16.89,16.55,16.64
2016-11-23,16.635,16.81,16.18,16.37
2016-11-24,16.39,16.41,16.23,16.33
2016-11-25,16.35,16.59,16.17,16.52
2016-11-28,16.58,16.86,16.47,16.61
2016-11-29,16.63,16.73,16.42,16.61
2016-11-30,16.63,16.77,16.42,16.51
2016-12-01,16.52,16.68,16.27,16.525
2016-12-02,16.54,16.81,16.33,16.69
2016-12-05,16.88,16.99,16.51,16.755
2016-12-06,16.74,16.893,16.69,16.74
2016-12-07,16.73,17.23,16.66,17.12
2016-12-08,17.14,17.22,16.97,17.03
2016-12-09,17.02,17.121,16.79,16.86
2016-12-12,16.87,17.2,16.68,17.08
2016-12-13,17.079,17.16,16.78,16.92
2016-12-14,16.91,17.22,16.75,16.84
2016-12-15,16.8,16.95,15.89,15.97
2016-12-16,15.95,16.27,15.94,16.1
2016-12-19,16.08,16.21,15.9125,15.9685
2016-12-20,15.9535,16.1,15.64,16.1
2016-12-21,16.11,16.18,15.9,15.94
2016-12-22,15.95,16.04,15.77,15.795
2016-12-23,15.79,15.863,15.69,15.73
2016-12-27,15.78,16.06,15.72,15.97
2016-12-28,15.98,16.08,15.82,16.01
2016-12-29,16.03,16.24,15.99,16.17
2016-12-30,16.18,16.27,15.85,15.95
2017-01-03,15.94,16.4995,15.91,16.293
2017-01-04,16.3095,16.53,16.2585,16.42
2017-01-05,16.44,16.72,16.422,16.59
2017-01-06,16.6,16.67,16.3,16.48
2017-01-09,16.48,16.7,16.42,16.56
2017-01-10,16.585,16.91,16.54,16.79
2017-01-11,16.81,16.87,16.54,16.73
2017-01-12,16.74,16.99,16.73,16.78
2017-01-13,16.7635,16.84,16.6,16.81
2017-01-16,16.83,16.93,16.79,16.81
2017-01-17,16.812,17.21,16.81,17.2
2017-01-18,17.21,17.33,17.04,17.07
2017-01-19,17.05,17.11,16.74,17.02
2017-01-20,17.01,17.16,16.83,17.08
2017-01-23,17.11,17.26,17.06,17.25
2017-01-24,17.224,17.29,17.03,17.1
2017-01-25,17.11,17.12,16.78,16.9985
2017-01-26,17.0025,17.0395,16.69,16.8
2017-01-27,16.81,17.25,16.64,17.14
2017-01-30,17.16,17.28,17.065,17.12
2017-01-31,17.13,17.62,17.1,17.56
2017-02-01,17.55,17.64,17.37,17.54
2017-02-02,17.56,17.74,17.42,17.47
2017-02-03,17.49,17.54,17.28,17.48
2017-02-06,17.53,17.752,17.468,17.73
2017-02-07,17.74,17.8,17.555,17.71
2017-02-08,17.71,17.87,17.635,17.78
2017-02-09,17.777,17.85,17.62,17.6525
2017-02-10,17.6455,18.01,17.545,17.94
2017-02-13,17.94,18.01,17.7625,17.8255
2017-02-14,17.8225,18.08,17.75,17.96
2017-02-15,17.97,17.99,17.77,17.98
2017-02-16,17.99,18.14,17.94,18.11
2017-02-17,18.1,18.1,17.98,18.01
2017-02-20,18.01,18.08,17.92,18.07
2017-02-21,18.06,18.09,17.84,17.9725
2017-02-22,17.9845,18.0605,17.9295,18.0265
2017-02-23,18.0275,18.22,17.95,18.19
2017-02-24,18.18,18.41,18.165,18.35
2017-02-27,18.39,18.49,18.23,18.269
2017-02-28,18.27,18.46,18.25,18.31
2017-03-01,18.33,18.46,18.24,18.42
2017-03-02,18.43,18.44,17.69,17.79
2017-03-03,17.78,17.99,17.64,17.9365
2017-03-06,17.965,17.965,17.7105,17.7835
2017-03-07,17.7915,17.7925,17.475,17.51
2017-03-08,17.49,17.55,17.22,17.23
2017-03-09,17.25,17.29,16.94,16.96
2017-03-10,16.95,17.0895,16.8495,17.03
2017-03-13,16.99,17.15,16.96,16.98
2017-03-14,16.9435,17.0555,16.87,16.89
2017-03-15,16.889,17.36,16.84,17.3
2017-03-16,17.32,17.56,17.25,17.34
2017-03-17,17.32,17.42,17.23,17.4
2017-03-20,17.4,17.46,17.36,17.43
2017-03-21,17.44,17.5995,17.325,17.5565
2017-03-22,17.5555,17.59,17.45,17.54
2017-03-23,17.53,17.69,17.519,17.58
2017-03-24,17.578,17.78,17.53,17.77
2017-03-27,17.79,18.13,17.79,18.1
2017-03-28,18.09,18.2395,18.0015,18.195
2017-03-29,18.1885,18.26,18.037,18.24
2017-03-30,18.23,18.3,18.06,18.12
2017-03-31,18.11,18.27,18.05,18.21
2017-04-03,18.262,18.27,18.09,18.26
2017-04-04,18.27,18.42,18.21,18.33
2017-04-05,18.32,18.32,18.15,18.31
2017-04-06,18.3,18.35,18.17,18.26
2017-04-07,18.25,18.47,17.89,18
2017-04-10,17.94,18.03,17.76,17.95
2017-04-11,17.96,18.34,17.915,18.33
2017-04-12,18.333,18.53,18.25,18.47
2017-04-13,18.49,18.6,18.42,18.54
2017-04-17,18.59,18.65,18.37,18.43
2017-04-18,18.44,18.44,18.0845,18.3025
2017-04-19,18.3105,18.3385,18.11,18.16
2017-04-20,18.17,18.24,17.89,18.03
2017-04-21,18.04,18.05,17.8195,17.9615
2017-04-24,17.81,17.941,17.66,17.94
2017-04-25,17.95,18.01,17.57,17.6
2017-04-26,17.595,17.66,17.33,17.51
2017-04-27,17.5,17.5,17.24,17.27
2017-04-28,17.26,17.42,17.17,17.23
2017-05-01,17.241,17.275,16.81,16.85
2017-05-02,16.87,17.01,16.79,16.8415
2017-05-03,16.843,16.89,16.41,16.48
2017-05-04,16.47,16.64,16.22,16.33
2017-05-05,16.32,16.52,16.23,16.36
2017-05-08,16.27,16.455,16.23,16.23
2017-05-09,16.24,16.32,16.07,16.19
2017-05-10,16.2,16.35,16.145,16.21
2017-05-11,16.202,16.3955,16.18,16.3375
2017-05-12,16.3405,16.49,16.3165,16.451
2017-05-15,16.46,16.82,16.43,16.63
2017-05-16,16.64,16.87,16.63,16.85
2017-05-17,16.84,17.04,16.79,16.9
2017-05-18,16.911,17.12,16.46,16.58
2017-05-19,16.59,16.88,16.58,16.85
2017-05-22,16.89,17.211,16.85,17.1715
2017-05-23,17.1625,17.31,17.04,17.06
2017-05-24,17.061,17.24,16.91,17.23
2017-05-25,17.22,17.27,17.14,17.17
2017-05-26,17.15,17.39,17.105,17.34
2017-05-29,17.34,17.45,17.325,17.42
2017-05-30,17.424,17.48,17.23,17.4
2017-05-31,17.39,17.43,17.24,17.34
2017-06-01,17.33,17.38,17.02,17.3
2017-06-02,17.287,17.58,17.135,17.53
2017-06-05,17.57,17.65,17.505,17.56
2017-06-06,17.55,17.751,17.53,17.71
2017-06-07,17.72,17.73,17.53,17.6
2017-06-08,17.59,17.69,17.33,17.44
2017-06-09,17.49,17.49,17.19,17.23
2017-06-12,17.215,17.24,16.92,16.97
2017-06-13,16.96,16.974,16.73,16.85
2017-06-14,16.84,17.34,16.82,16.92
2017-06-15,16.91,17.09,16.68,16.76
2017-06-16,16.77,16.835,16.66,16.7
2017-06-19,16.7,16.71,16.48,16.51
2017-06-20,16.5,16.65,16.4,16.46
2017-06-21,16.467,16.54,16.37,16.5
2017-06-22,16.45,16.69,16.45,16.55
2017-06-23,16.556,16.79,16.556,16.7
2017-06-26,16.72,16.76,16.3,16.61
2017-06-27,16.6,16.76,16.539,16.67
2017-06-28,16.6655,16.87,16.6615,16.8
2017-06-29,16.81,16.9,16.61,16.63
2017-06-30,16.64,16.71,16.55,16.62
2017-07-03,16.64,16.665,16.11,16.16
2017-07-04,16.145,16.21,16.035,16.08
2017-07-05,16.079,16.23,15.89,16.09
2017-07-06,16.089,16.11,15.94,16.06
2017-07-07,16.05,16.18,14.37,15.57
2017-07-10,15.63,15.7425,15.21,15.6725
2017-07-11,15.6725,15.864,15.4665,15.85
2017-07-12,15.84,16.0295,15.7575,15.92
2017-07-13,15.911,15.99,15.7015,15.7075
2017-07-14,15.7075,16.09,15.62,15.96
2017-07-17,16,16.2045,15.9745,16.1155
2017-07-18,16.118,16.34,16.098,16.2885
2017-07-19,16.2935,16.37,16.17,16.27
2017-07-20,16.29,16.42,16.15,16.34
2017-07-21,16.33,16.53,16.305,16.49
2017-07-24,16.53,16.6,16.43,16.49
2017-07-25,16.491,16.62,16.25,16.4975
2017-07-26,16.4855,16.7,16.31,16.64
2017-07-27,16.65,16.82,16.56,16.58
2017-07-28,16.59,16.76,16.52,16.73
2017-07-31,16.77,16.88,16.68,16.8305
2017-08-01,16.8325,16.86,16.61,16.71
2017-08-02,16.72,16.93,16.4795,16.5825
2017-08-03,16.5875,16.7,16.45,16.66
2017-08-04,16.68,16.755,16.2,16.28
2017-08-07,16.285,16.315,16.13,16.29
2017-08-08,16.27,16.48,16.24,16.45
2017-08-09,16.46,16.9615,16.454,16.9505
2017-08-10,16.9575,17.25,16.8685,17.12
2017-08-11,17.13,17.2,16.9,17.12
2017-08-14,17.13,17.22,16.9385,17.0765
2017-08-15,17.0675,17.0745,16.5845,16.633
2017-08-16,16.655,17.1385,16.6275,17.1275
2017-08-17,17.1315,17.1815,16.98,17.04
2017-08-18,17.048,17.32,16.94,17.04
2017-08-21,16.95,17.13,16.85,17.02
2017-08-22,17.01,17.1215,16.8845,16.9945
2017-08-23,16.989,17.1065,16.9225,17.0985
2017-08-24,17.0845,17.1025,16.83,16.98
2017-08-25,16.97,17.18,16.74,17.04
2017-08-28,17.08,17.484,17.03,17.44
2017-08-29,17.54,17.6675,17.29,17.4
2017-08-30,17.39,17.48,17.32,17.44
2017-08-31,17.429,17.625,17.29,17.58
2017-09-01,17.6,17.75,17.46,17.71
2017-09-04,17.764,17.95,17.764,17.905
2017-09-05,17.912,18.0085,17.79,17.8875
2017-09-06,17.905,17.9965,17.8185,17.8735
2017-09-07,17.8825,18.1515,17.8,18.1275
2017-09-08,18.1195,18.22,17.9,18.01
2017-09-11,17.79,17.92,17.71,17.8
2017-09-12,17.82,17.925,17.72,17.907
2017-09-13,17.916,17.989,17.67,17.78
2017-09-14,17.77,17.8,17.61,17.79
2017-09-15,17.786,17.85,17.6,17.61
2017-09-18,17.6,17.63,17.07,17.22
2017-09-19,17.2,17.3325,17.12,17.3175
2017-09-20,17.305,17.4,16.98,17.19
2017-09-21,17.18,17.183,16.84,16.96
2017-09-22,16.99,17.07,16.91,16.99
2017-09-25,16.989,17.19,16.84,17.19
2017-09-26,17.16,17.25,16.774,16.82
2017-09-27,16.83,16.9155,16.73,16.7675
2017-09-28,16.7695,16.9,16.69,16.88
2017-09-29,16.87,16.89,16.64,16.66
2017-10-02,16.666,16.73,16.55,16.59
2017-10-03,16.592,16.6695,16.5585,16.637
2017-10-04,16.6425,16.89,16.56,16.58
2017-10-05,16.59,16.75,16.57,16.597
2017-10-06,16.6065,16.87,16.3355,16.79
2017-10-09,16.804,16.99,16.79,16.97
2017-10-10,16.96,17.2505,16.939,17.117
2017-10-11,17.1295,17.2395,17.0645,17.173
2017-10-12,17.189,17.27,17.12,17.25
2017-10-13,17.249,17.4,17.18,17.4
2017-10-16,17.397,17.47,17.11,17.23
2017-10-17,17.24,17.255,16.97,17.03
2017-10-18,17.04,17.11,16.91,16.99
2017-10-19,17,17.29,16.92,17.25
2017-10-20,17.26,17.291,16.94,17.04
2017-10-23,17.0265,17.11,16.86,17.07
2017-10-24,17.08,17.15,16.89,16.94
2017-10-25,16.95,17.04,16.82,16.94
2017-10-26,16.95,17.0355,16.75,16.81
2017-10-27,16.8,16.87,16.61,16.85
2017-10-30,16.82,16.9015,16.6915,16.8415
2017-10-31,16.8415,16.902,16.65,16.71
2017-11-01,16.7,17.2,16.67,17.143
2017-11-02,17.14,17.24,17.05,17.12
2017-11-03,17.14,17.1835,16.7925,16.8495
2017-11-06,16.863,17.26,16.81,17.21
2017-11-07,17.22,17.23,16.92,16.94
2017-11-08,16.96,17.26,16.96,17.04
2017-11-09,17.05,17.15,16.92,17
2017-11-10,16.99,17.1,16.8,16.9
2017-11-13,16.873,17.071,16.83,17.05
2017-11-14,17.06,17.1,16.87,17.03
2017-11-15,17.028,17.2,16.95,17
2017-11-16,16.99,17.13,16.96,17.07
2017-11-17,17.0835,17.3785,17.0345,17.2885
2017-11-20,17.3085,17.3085,16.8475,16.9145
2017-11-21,16.9255,17.0585,16.9135,16.9695
2017-11-22,16.961,17.1695,16.9545,17.1505
2017-11-23,17.1355,17.1615,17.0705,17.0975
2017-11-24,17.0995,17.1605,16.9845,17.0445
2017-11-27,17.0635,17.1985,17.0155,17.0525
2017-11-28,17.0665,17.1205,16.7845,16.865
2017-11-29,16.8805,16.9245,16.5235,16.5355
2017-11-30,16.557,16.5955,16.3205,16.4375
2017-12-01,16.4275,16.5575,16.2465,16.4565
2017-12-04,16.33,16.4335,16.2525,16.3295
2017-12-05,16.323,16.3645,16.0315,16.1005
2017-12-06,16.1225,16.1475,15.9225,15.9615
2017-12-07,15.951,15.9925,15.6465,15.722
2017-12-08,15.7255,15.8995,15.7135,15.8515
2017-12-11,15.8495,15.8885,15.6995,15.7125
2017-12-12,15.7305,15.8195,15.6245,15.738
2017-12-13,15.7355,16.1545,15.6755,16.08
2017-12-14,16.072,16.1295,15.8355,15.8975
2017-12-15,15.8975,16.0855,15.8965,16.0525
2017-12-18,16.0435,16.1735,16.0155,16.1515
2017-12-19,16.1405,16.2285,16.0585,16.1415
2017-12-20,16.1375,16.2655,16.1045,16.1835
2017-12-21,16.187,16.2495,16.0925,16.127
2017-12-22,16.1305,16.4265,16.1155,16.3335
2017-12-26,16.3605,16.5705,16.298,16.5525
2017-12-27,16.549,16.7295,16.4865,16.6875
2017-12-28,16.681,16.8895,16.663,16.8625
2017-12-29,16.849,17.1135,16.8215,16.9545
2018-01-02,16.9815,17.2075,16.9405,17.1825
2018-01-03,17.1825,17.2435,17.0275,17.1315
2018-01-04,17.1255,17.2785,16.9895,17.2225
2018-01-05,17.2255,17.2875,17.1015,17.2125
2018-01-08,17.2365,17.2625,17.0445,17.1355
2018-01-09,17.126,17.1435,16.9205,16.9705
2018-01-10,16.972,17.1915,16.9105,16.9725
2018-01-11,16.9855,17.0525,16.8745,16.9975
2018-01-12,17.0005,17.2855,16.988,17.2555
2018-01-15,17.2295,17.4275,17.2145,17.3525
2018-01-16,17.3545,17.3755,16.8035,17.1955
2018-01-17,17.1925,17.2965,16.9965,17.0005
2018-01-18,16.995,17.1325,16.9155,16.9505
2018-01-19,16.9575,17.1315,16.9565,17.0285
2018-01-22,17.0665,17.0995,16.9505,17.0175
2018-01-23,16.9995,17.0995,16.7515,17.0525
2018-01-24,17.048,17.6265,16.9945,17.5605
2018-01-25,17.553,17.7025,17.1445,17.3075
2018-01-26,17.3075,17.5435,17.2505,17.4105
2018-01-29,17.4145,17.4845,17.1115,17.1655
2018-01-30,17.173,17.3385,17.0795,17.1325
2018-01-31,17.1455,17.3945,17.1005,17.3425
2018-02-01,17.33,17.4005,17.1075,17.2305
2018-02-02,17.225,17.2565,16.5685,16.5915
2018-02-05,16.6365,16.9105,16.5605,16.7345
2018-02-06,16.753,16.9935,16.5885,16.6395
2018-02-07,16.644,16.7805,16.2715,16.3775
2018-02-08,16.388,16.4745,16.2515,16.4155
2018-02-09,16.4095,16.4565,16.1905,16.3215
2018-02-12,16.3525,16.6235,16.3315,16.5495
2018-02-13,16.5495,16.6915,16.4585,16.5775
2018-02-14,16.5775,16.9345,16.3875,16.8605
2018-02-15,16.855,16.9815,16.6485,16.863
2018-02-16,16.8685,16.9495,16.6235,16.6925
2018-02-19,16.6455,16.7335,16.618,16.6675
2018-02-20,16.6645,16.7055,16.4335,16.4535
2018-02-21,16.451,16.7745,16.3925,16.5055
2018-02-22,16.508,16.681,16.41,16.62
2018-02-23,16.619,16.64,16.51,16.53
2018-02-26,16.5,16.77,16.49,16.665
2018-02-27,16.65,16.7,16.3415,16.4275
2018-02-28,16.425,16.51,16.36,16.414
2018-03-01,16.42,16.5525,16.1755,16.4745
2018-03-02,16.482,16.5795,16.3905,16.5185
2018-03-05,16.5255,16.6,16.36,16.437
2018-03-06,16.42,16.864,16.4,16.759
2018-03-07,16.8,16.84,16.44,16.495
2018-03-08,16.5,16.5745,16.43,16.5
2018-03-09,16.48,16.69,16.37,16.59
2018-03-12,16.59,16.61,16.44,16.5435
2018-03-13,16.5445,16.66,16.47,16.6
2018-03-14,16.59,16.66,16.52,16.55
2018-03-15,16.54,16.58,16.38,16.41
2018-03-16,16.402,16.5,16.22,16.33
2018-03-19,16.31,16.36,16.22,16.3265
2018-03-20,16.3315,16.35,16.13,16.2
2018-03-21,16.204,16.65,16.185,16.575
2018-03-22,16.55,16.61,16.35,16.39
2018-03-23,16.43,16.67,16.42,16.56
2018-03-26,16.57,16.79,16.53,16.705
2018-03-27,16.7,16.81,16.48,16.532
2018-03-28,16.52,16.57,16.25,16.295
2018-03-29,16.3,16.37,16.23,16.36
2018-04-02,16.37,16.68,16.36,16.599
2018-04-03,16.59,16.62,16.36,16.419
2018-04-04,16.42,16.53,16.26,16.32
2018-04-05,16.31,16.422,16.19,16.4
2018-04-06,16.39,16.5,16.27,16.37
2018-04-09,16.43,16.56,16.33,16.496
2018-04-10,16.49,16.65,16.44,16.573
2018-04-11,16.57,16.87,16.53,16.674
2018-04-12,16.68,16.7,16.459,16.47
2018-04-13,16.48,16.691,16.47,16.64
2018-04-16,16.62,16.77,16.56,16.672
2018-04-17,16.67,16.805,16.59,16.781
2018-04-18,16.78,17.263,16.73,17.196
2018-04-19,17.2,17.36,17.11,17.254
2018-04-20,17.24,17.26,17.0465,17.1345
2018-04-23,17.123,17.13,16.5995,16.621
2018-04-24,16.64,16.76,16.57,16.7245
2018-04-25,16.716,16.7565,16.51,16.564
2018-04-26,16.57,16.62,16.43,16.5145
2018-04-27,16.521,16.57,16.445,16.53
2018-04-30,16.51,16.55,16.2,16.33
2018-05-01,16.32,16.344,16.06,16.16
2018-05-02,16.17,16.53,16.16,16.39
2018-05-03,16.38,16.59,16.36,16.44
2018-05-04,16.45,16.52,16.37,16.52
2018-05-07,16.52,16.571,16.409,16.48
2018-05-08,16.49,16.53,16.32,16.47
2018-05-09,16.49,16.62,16.36,16.51
2018-05-10,16.5,16.7565,16.475,16.72
2018-05-11,16.75,16.833,16.66,16.68
2018-05-14,16.67,16.74,16.5,16.52
2018-05-15,16.53,16.56,16.21,16.27
2018-05-16,16.26,16.43,16.19,16.37
2018-05-17,16.38,16.49,16.33,16.43
2018-05-18,16.432,16.475,16.369,16.43
2018-05-21,16.42,16.5235,16.275,16.5165
2018-05-22,16.513,16.67,16.45,16.53
2018-05-23,16.54,16.59,16.33,16.46
2018-05-24,16.47,16.693,16.41,16.65
2018-05-25,16.67,16.72,16.49,16.49
2018-05-28,16.511,16.512,16.43,16.472
2018-05-29,16.42,16.501,16.32,16.36
2018-05-30,16.37,16.56,16.32,16.51
2018-05-31,16.512,16.6,16.4095,16.4225
2018-06-01,16.434,16.51,16.34,16.4
2018-06-04,16.42,16.55,16.37,16.43
2018-06-05,16.42,16.54,16.37,16.49
2018-06-06,16.5,16.74,16.49,16.66
2018-06-07,16.68,16.9,16.65,16.7
2018-06-08,16.72,16.83,16.629,16.771
2018-06-11,16.788,16.95,16.749,16.9255
2018-06-12,16.925,16.95,16.76,16.86
2018-06-13,16.85,17.11,16.8,17.04
2018-06-14,17.041,17.32,16.939,17.14
2018-06-15,17.16,17.25,16.46,16.56
2018-06-18,16.54,16.63,16.42,16.47
2018-06-19,16.48,16.55,16.24,16.29
2018-06-20,16.3,16.37,16.26,16.28
2018-06-21,16.29,16.365,16.2,16.33
2018-06-22,16.32,16.49,16.31,16.46
2018-06-25,16.459,16.496,16.2915,16.3285
2018-06-26,16.3215,16.3605,16.15,16.29
2018-06-27,16.3,16.31,15.98,16.05
2018-06-28,16.07,16.14,15.92,16.01
2018-06-29,16,16.16,15.97,16.0925
2018-07-02,16.09,16.13,15.78,15.85
2018-07-03,15.86,16.042,15.79,16.03
2018-07-04,16.02,16.15,16,16.09
2018-07-05,16.093,16.104,15.93,16.06
2018-07-06,16.04,16.08,15.95,16.03
2018-07-09,16.0455,16.22,16.0385,16.09
2018-07-10,16.12,16.161,15.91,16.06
2018-07-11,16.07,16.08,15.7835,15.8055
2018-07-12,15.806,16,15.7635,15.9475
2018-07-13,15.941,15.99,15.69,15.81
2018-07-16,15.81,15.88,15.75,15.81
2018-07-17,15.79,15.865,15.55,15.57
2018-07-18,15.58,15.615,15.4,15.56
2018-07-19,15.55,15.574,15.1805,15.3125
2018-07-20,15.3125,15.54,15.25,15.52
2018-07-23,15.53,15.56,15.36,15.4
2018-07-24,15.39,15.6,15.33,15.45
2018-07-25,15.46,15.63,15.45,15.61
2018-07-26,15.6,15.67,15.38,15.38
2018-07-27,15.39,15.54,15.33,15.5
2018-07-30,15.477,15.55,15.4,15.51
2018-07-31,15.49,15.61,15.37,15.51
2018-08-01,15.516,15.54,15.39,15.39
2018-08-02,15.4,15.47,15.29,15.32
2018-08-03,15.31,15.55,15.248,15.42
2018-08-06,15.41,15.49,15.27,15.31
2018-08-07,15.3,15.49,15.3,15.38
2018-08-08,15.37,15.47,15.29,15.41
2018-08-09,15.43,15.511,15.37,15.45
2018-08-10,15.446,15.451,15.29,15.33
2018-08-13,15.3065,15.3445,14.98,14.99
2018-08-14,15,15.11,14.99,15.05
2018-08-15,15.07,15.08,14.37,14.44
2018-08-16,14.47,14.84,14.34,14.66
2018-08-17,14.65,14.8165,14.6,14.8155
2018-08-20,14.78,14.85,14.65,14.76
2018-08-21,14.75,14.85,14.72,14.79
2018-08-22,14.785,14.88,14.69,14.76
2018-08-23,14.77,14.77,14.49,14.49
2018-08-24,14.5,14.88,14.49,14.8155
2018-08-27,14.86,14.92,14.75,14.89
2018-08-28,14.9,15,14.68,14.71
2018-08-29,14.708,14.79,14.67,14.76
2018-08-30,14.78,14.8,14.51,14.55
2018-08-31,14.57,14.72,14.49,14.51
2018-09-03,14.525,14.553,14.4,14.498
2018-09-04,14.51,14.52,14.01,14.18
2018-09-05,14.16,14.2355,14.09,14.1945
2018-09-06,14.193,14.31,14.12,14.158
2018-09-07,14.165,14.26,14.08,14.16
2018-09-10,14.15,14.25,14.08,14.17
2018-09-11,14.16,14.23,13.95,14.14
2018-09-12,14.133,14.2815,14.0745,14.2525
2018-09-13,14.265,14.35,14.15,14.15
2018-09-14,14.18,14.29,14.0625,14.0675
2018-09-17,14.07,14.2515,14.04,14.1815
2018-09-18,14.201,14.2375,14.08,14.1505
2018-09-19,14.156,14.3415,14.15,14.2445
2018-09-20,14.253,14.351,14.1835,14.3185
2018-09-21,14.324,14.43,14.1555,14.2995
2018-09-24,14.3,14.39,14.193,14.27
2018-09-25,14.275,14.56,14.22,14.45
2018-09-26,14.46,14.5145,14.3165,14.3285
2018-09-27,14.349,14.465,14.1845,14.2455
2018-09-28,14.228,14.72,14.228,14.63
2018-10-01,14.675,14.69,14.38,14.5
2018-10-02,14.504,14.913,14.45,14.69
2018-10-03,14.7,14.83,14.625,14.65
2018-10-04,14.64,14.77,14.535,14.59
2018-10-05,14.6,14.72,14.52,14.64
2018-10-08,14.649,14.665,14.27,14.367
2018-10-09,14.39,14.4425,14.2705,14.3865
2018-10-10,14.3925,14.44,14.25,14.29
2018-10-11,14.32,14.62,14.26,14.58
2018-10-12,14.6,14.71,14.52,14.62
2018-10-15,14.6,14.78,14.59,14.7
2018-10-16,14.71,14.85,14.62,14.66
2018-10-17,14.665,14.73,14.6,14.62
2018-10-18,14.609,14.66,14.458,14.57
2018-10-19,14.58,14.72,14.56,14.63
2018-10-22,14.64,14.6925,14.5205,14.5645
2018-10-23,14.5645,14.81,14.52,14.74
2018-10-24,14.76,14.81,14.6535,14.6835
2018-10-25,14.692,14.78,14.6,14.65
2018-10-26,14.64,14.78,14.58,14.7
2018-10-29,14.71,14.76,14.42,14.475
2018-10-30,14.48,14.531,14.38,14.49
2018-10-31,14.47,14.48,14.2445,14.2655
2018-11-01,14.2765,14.82,14.2715,14.74
2018-11-02,14.75,14.91,14.65,14.74
2018-11-05,14.75,14.77,14.6,14.65
2018-11-06,14.61,14.72,14.49,14.54
2018-11-07,14.535,14.72,14.49,14.58
2018-11-08,14.57,14.592,14.3895,14.4345
2018-11-09,14.4345,14.4445,14.1095,14.1735
2018-11-12,14.162,14.212,13.9895,13.9945
2018-11-13,13.99,14.13,13.958,13.9915
2018-11-14,13.9995,14.2,13.9,14.13
2018-11-15,14.132,14.35,14.099,14.28
2018-11-16,14.287,14.4215,14.24,14.4205
2018-11-19,14.43,14.4435,14.35,14.4275
2018-11-20,14.4335,14.49,14.24,14.31
2018-11-21,14.33,14.56,14.28,14.51
2018-11-22,14.454,14.5435,14.45,14.4885
2018-11-23,14.48,14.51,14.19,14.2805
2018-11-26,14.31,14.44,14.22,14.22
2018-11-27,14.23,14.31,14.099,14.16
2018-11-28,14.15,14.4,14.12,14.32
2018-11-29,14.33,14.39,14.27,14.32
2018-11-30,14.31,14.343,14.06,14.18
2018-12-03,14.26,14.57,14.21,14.38
2018-12-04,14.41,14.67,14.39,14.54
2018-12-05,14.53,14.55,14.42,14.5005
2018-12-06,14.5,14.5185,14.35,14.47
2018-12-07,14.4785,14.65,14.44,14.631
2018-12-10,14.64,14.66,14.48,14.5325
2018-12-11,14.5465,14.72,14.51,14.54
2018-12-12,14.56,14.7975,14.55,14.7405
2018-12-13,14.7715,14.81,14.69,14.76
2018-12-14,14.75,14.76,14.5,14.59
2018-12-17,14.59,14.701,14.54,14.66
2018-12-18,14.67,14.721,14.613,14.65
2018-12-19,14.64,14.822,14.55,14.5975
2018-12-20,14.6115,14.84,14.56,14.77
2018-12-21,14.774,14.8,14.61,14.63
2018-12-24,14.67,14.81,14.65,14.7755
2018-12-26,14.7925,15.171,14.71,15.04
2018-12-27,15.03,15.27,14.94,15.23
2018-12-28,15.22,15.39,15.22,15.37
2018-12-31,15.4,15.51,15.33,15.4935
2019-01-02,15.4885,15.61,15.33,15.53
2019-01-03,15.57,15.751,15.49,15.73
2019-01-04,15.74,15.87,15.59,15.69
2019-01-07,15.74,15.82,15.62,15.67
2019-01-08,15.66,15.69,15.509,15.66
2019-01-09,15.65,15.78,15.586,15.75
2019-01-10,15.754,15.79,15.56,15.57
2019-01-11,15.58,15.74,15.56,15.6
2019-01-14,15.61,15.6635,15.55,15.6515
2019-01-15,15.6515,15.7,15.547,15.5815
2019-01-16,15.5915,15.65,15.499,15.6
2019-01-17,15.59,15.62,15.46,15.53
2019-01-18,15.54,15.58,15.329,15.34
2019-01-21,15.32,15.3665,15.19,15.2695
2019-01-22,15.27,15.35,15.18,15.34
2019-01-23,15.33,15.44,15.27,15.37
2019-01-24,15.36,15.4,15.2455,15.3165
2019-01-25,15.3175,15.73,15.294,15.73
2019-01-28,15.76,15.82,15.61,15.74
2019-01-29,15.7505,15.92,15.72,15.84
2019-01-30,15.85,16.11,15.82,16.06
2019-01-31,16.09,16.1875,15.9955,16.0685
2019-02-01,16.0635,16.08,15.8985,15.9205
2019-02-04,15.92,15.93,15.69,15.86
2019-02-05,15.87,15.93,15.82,15.85
2019-02-06,15.84,15.87,15.648,15.67
2019-02-07,15.65,15.76,15.64,15.73
2019-02-08,15.72,15.8685,15.65,15.8265
2019-02-11,15.8275,15.8425,15.67,15.71
2019-02-12,15.704,15.832,15.655,15.7
2019-02-13,15.701,15.82,15.54,15.57
2019-02-14,15.56,15.69,15.49,15.61
2019-02-15,15.62,15.81,15.56,15.7915
2019-02-18,15.785,15.8595,15.761,15.8065
2019-02-19,15.82,16.01,15.747,15.98
2019-02-20,15.99,16.22,15.96,16.05
2019-02-21,16.06,16.1065,15.8,15.8
2019-02-22,15.81,15.9795,15.81,15.9245
2019-02-25,15.9,16.01,15.85,15.88
2019-02-26,15.89,15.94,15.79,15.92
2019-02-27,15.93,16.174,15.7,15.76
2019-02-28,15.74,15.83,15.58,15.63
2019-03-01,15.61,15.64,15.1378,15.16
2019-03-04,15.1495,15.28,15.06,15.08
2019-03-05,15.081,15.17,15.05,15.13
2019-03-06,15.125,15.16,15.05,15.07
2019-03-07,15.08,15.12,14.98,15.02
2019-03-08,15.03,15.37,15.01,15.35
2019-03-11,15.31,15.36,15.22,15.3205
2019-03-12,15.31,15.48,15.2993,15.4425
2019-03-13,15.44,15.54,15.4198,15.4525
2019-03-14,15.4585,15.4645,15.1365,15.1915
2019-03-15,15.1853,15.393,15.17,15.2935
2019-03-18,15.301,15.44,15.23,15.3525
2019-03-19,15.34,15.45,15.32,15.3615
2019-03-20,15.37,15.56,15.27,15.5005
2019-03-21,15.49,15.64,15.38,15.4715
2019-03-22,15.47,15.55,15.37,15.44
2019-03-25,15.42,15.59,15.39,15.5435
2019-03-26,15.5435,15.5595,15.399,15.4335
2019-03-27,15.44,15.481,15.2648,15.2985
2019-03-28,15.287,15.34,14.98,15.0145
2019-03-29,15.04,15.21,14.99,15.1395
2019-04-01,15.13,15.2165,15.0552,15.115
2019-04-02,15.1105,15.1255,14.94,15.1245
2019-04-03,15.1235,15.2,15.04,15.135
2019-04-04,15.13,15.18,14.91,15.12
2019-04-05,15.15,15.21,15.07,15.1085
2019-04-08,15.12,15.302,15.119,15.24
2019-04-09,15.25,15.34,15.2148,15.22
2019-04-10,15.23,15.3,15.15,15.22
2019-04-11,15.24,15.26,14.9,14.98
2019-04-12,14.97,15.1185,14.9531,14.9925
2019-04-15,14.99,15.04,14.86,15.003
2019-04-16,14.99,15.03,14.89,15.0075
2019-04-17,15,15.101,14.929,15
2019-04-18,14.99,15.03,14.9371,15.02
2019-04-22,15.007,15.0845,14.9895,15.0135
2019-04-23,15.02,15.04,14.75,14.84
2019-04-24,14.81,14.99,14.79,14.94
2019-04-25,14.95,15.01,14.86,14.95
2019-04-26,14.94,15.0855,14.91,15.0535
2019-04-29,15.07,15.08,14.8826,14.91
2019-04-30,14.92,15.02,14.82,14.94
2019-05-01,14.95,14.96,14.61,14.68
2019-05-02,14.69,14.73,14.57,14.62
2019-05-03,14.63,14.98,14.6,14.92
2019-05-06,14.925,14.975,14.76,14.9005
2019-05-07,14.9005,14.941,14.8,14.92
2019-05-08,14.91,14.97,14.8292,14.85
2019-05-09,14.84,14.863,14.7,14.77
2019-05-10,14.76,14.85,14.74,14.777
2019-05-13,14.79,14.81,14.62,14.76
2019-05-14,14.78,14.86,14.74,14.8
2019-05-15,14.79,14.8565,14.76,14.7985
2019-05-16,14.7935,14.823,14.529,14.56
2019-05-17,14.55,14.57,14.3957,14.43
2019-05-20,14.41,14.481,14.388,14.46
2019-05-21,14.44,14.48,14.38,14.46
2019-05-22,14.45,14.5,14.4,14.44
2019-05-23,14.45,14.65,14.42,14.59
2019-05-24,14.6,14.612,14.54,14.57
2019-05-27,14.58,14.64,14.55,14.59
2019-05-28,14.588,14.61,14.3,14.36
2019-05-29,14.3459,14.48,14.3426,14.41
2019-05-30,14.42,14.58,14.37,14.5255
2019-05-31,14.5225,14.69,14.48,14.58
2019-06-03,14.6,14.832,14.58,14.79
2019-06-04,14.794,14.86,14.67,14.8
2019-06-05,14.82,15.05,14.77,14.81
2019-06-06,14.82,15,14.75,14.89
2019-06-07,14.9,15.152,14.86,15.02
2019-06-10,14.99,15.01,14.65,14.7
2019-06-11,14.71,14.8,14.6526,14.75
2019-06-12,14.705,14.88,14.705,14.7825
2019-06-13,14.7875,14.94,14.7419,14.91
2019-06-14,14.875,15.12,14.8,14.86
2019-06-17,14.88,14.91,14.78,14.84
2019-06-18,14.85,15.09,14.82,15.01
2019-06-19,15.021,15.18,14.9179,15.16
2019-06-20,15.17,15.5175,15.123,15.4245
2019-06-21,15.4585,15.55,15.17,15.3335
2019-06-24,15.36,15.4715,15.3,15.4425
2019-06-25,15.4475,15.51,15.28,15.37
2019-06-26,15.38,15.38,15.18,15.27
2019-06-27,15.29,15.301,15.17,15.26
2019-06-28,15.24,15.34,15.21,15.31
2019-07-01,15.18,15.31,15.12,15.15
2019-07-02,15.14,15.33,15.05,15.32
2019-07-03,15.34,15.47,15.21,15.3
2019-07-04,15.33,15.34,15.22,15.2815
2019-07-05,15.24,15.3385,14.9,15.02
2019-07-08,15,15.13,14.9663,15.03
2019-07-09,15.02,15.14,14.95,15.11
2019-07-10,15.12,15.2885,15.0449,15.2365
2019-07-11,15.2405,15.32,15.1,15.115
2019-07-12,15.12,15.25,15.06,15.23
2019-07-15,15.22,15.41,15.17,15.39
2019-07-16,15.391,15.6995,15.32,15.5555
2019-07-17,15.5585,15.99,15.5179,15.97
2019-07-18,15.98,16.35,15.92,16.35
2019-07-19,16.36,16.58,16.06,16.2
2019-07-22,16.25,16.43,16.17,16.36
2019-07-23,16.37,16.54,16.18,16.41
2019-07-24,16.42,16.65,16.33,16.6
2019-07-25,16.59,16.6525,16.3255,16.41
2019-07-26,16.44,16.52,16.34,16.35
2019-07-29,16.41,16.48,16.34,16.46
2019-07-30,16.47,16.61,16.4,16.57
2019-07-31,16.5603,16.573,16.2,16.27
2019-08-01,16.26,16.3865,15.93,16.3255
2019-08-02,16.3375,16.3545,16.05,16.22
2019-08-05,16.23,16.5725,16.12,16.3955
2019-08-06,16.4325,16.5165,16.36,16.45
2019-08-07,16.43,17.25,16.43,17.11
2019-08-08,17.08,17.21,16.81,16.93
2019-08-09,16.97,17.14,16.87,16.98
2019-08-12,16.96,17.16,16.8134,17.07
2019-08-13,17.08,17.51,16.54,16.97
2019-08-14,16.98,17.33,16.88,17.22
2019-08-15,17.21,17.39,17.11,17.27
2019-08-16,17.26,17.33,17.06,17.12
2019-08-19,17.13,17.15,16.8557,16.88
2019-08-20,16.89,17.191,16.8591,17.16
2019-08-21,17.15,17.2,17,17.12
2019-08-22,17.14,17.152,16.95,17.0465
2019-08-23,17.0525,17.48,16.98,17.47
2019-08-26,17.56,17.78,17.53,17.67
2019-08-27,17.66,18.21,17.635,18.2
2019-08-28,18.19,18.51,18.07,18.36
2019-08-29,18.35,18.65,18.05,18.27
2019-08-30,18.25,18.48,18.08,18.34
2019-09-02,18.43,18.57,18.27,18.4685
2019-09-03,18.5,19.29,18.34,19.26
2019-09-04,19.23,19.65,19.19,19.6
2019-09-05,19.53,19.58,18.49,18.65
2019-09-06,18.66,18.8,17.99,18.05
2019-09-09,18.15,18.31,17.94,18.01
2019-09-10,18,18.18,17.78,18.01
2019-09-11,18.015,18.25,17.91,18.12
2019-09-12,18.11,18.47,18.01,18.1
2019-09-13,18.075,18.19,17.4,17.44
2019-09-16,17.71,18,17.62,17.845
2019-09-17,17.8565,18.09,17.76,18.02
2019-09-18,18.01,18.045,17.53,17.76
2019-09-19,17.75,17.94,17.6,17.79
2019-09-20,17.8,17.98,17.76,17.95
2019-09-23,17.96,18.71,17.948,18.64
2019-09-24,18.61,18.7425,18.26,18.61
2019-09-25,18.62,18.69,17.83,17.91
2019-09-26,17.93,18.05,17.74,17.82
2019-09-27,17.83,17.9,17.3,17.49
2019-09-30,17.54,17.6025,16.93,16.99
2019-10-01,17,17.32,16.9,17.24
2019-10-02,17.25,17.67,17.19,17.56
2019-10-03,17.57,17.8,17.47,17.5575
2019-10-04,17.5695,17.67,17.3,17.55
2019-10-07,17.65,17.65,17.39,17.434
2019-10-08,17.4425,17.81,17.2725,17.73
2019-10-09,17.74,17.96,17.67,17.73
2019-10-10,17.76,17.9,17.43,17.52
2019-10-11,17.53,17.751,17.35,17.53
2019-10-14,17.553,17.7,17.428,17.66
2019-10-15,17.65,17.74,17.35,17.41
2019-10-16,17.42,17.47,17.17,17.4
2019-10-17,17.41,17.643,17.3124,17.5485
2019-10-18,17.5525,17.6035,17.4095,17.5585
2019-10-21,17.57,17.87,17.51,17.56
2019-10-22,17.57,17.67,17.44,17.52
2019-10-23,17.55,17.6205,17.51,17.5505
2019-10-24,17.5475,17.8475,17.4825,17.802
2019-10-25,17.8225,18.33,17.7845,18.07
2019-10-28,18.02,18.14,17.79,17.8505
2019-10-29,17.84,17.9,17.61,17.83
2019-10-30,17.8,17.96,17.59,17.88
2019-10-31,17.86,18.17,17.8,18.12
2019-11-01,18.1,18.15,17.94,18.117
2019-11-04,18.13,18.22,17.97,18.06
2019-11-05,18.07,18.09,17.54,17.58
2019-11-06,17.57,17.65,17.39,17.64
2019-11-07,17.63,17.67,16.97,17.11
2019-11-08,17.1205,17.1275,16.7,16.81
2019-11-11,16.8,16.94,16.6699,16.86
2019-11-12,16.84,16.9,16.65,16.7675
2019-11-13,16.7605,17.03,16.7605,16.97
2019-11-14,16.96,17.11,16.88,17.03
2019-11-15,17.04,17.04,16.82,16.96
2019-11-18,16.97,17.06,16.75,17.0375
2019-11-19,17.0335,17.19,16.97,17.15
2019-11-20,17.149,17.2105,17.0325,17.1485
2019-11-21,17.1765,17.1955,17.04,17.1
2019-11-22,17.102,17.24,17,17
2019-11-25,16.99,17,16.86,16.89
2019-11-26,16.86,17.12,16.82,17.08
2019-11-27,17.09,17.091,16.93,16.96
2019-11-28,16.962,17.02,16.87,16.9495
2019-11-29,16.94,17.0475,16.85,17.019
2019-12-02,17,17.02,16.8273,16.91
2019-12-03,16.9,17.21,16.87,17.17
2019-12-04,17.1559,17.3,16.8,16.86
2019-12-05,16.861,17.02,16.82,16.96
2019-12-06,16.963,17.04,16.53,16.57
2019-12-09,16.57,16.69,16.53,16.61
2019-12-10,16.598,16.72,16.5799,16.67
2019-12-11,16.66,16.97,16.6,16.86
2019-12-12,16.87,17.12,16.77,16.93
2019-12-13,16.92,17.01,16.85,16.9475
2019-12-16,16.96,17.09,16.9042,17.04
2019-12-17,17.0349,17.1155,16.9625,17.014
2019-12-18,17.0115,17.07,16.89,17.015
2019-12-19,17.012,17.13,16.9,17.06
2019-12-20,17.066,17.26,17.03,17.18
2019-12-23,17.19,17.46,17.1777,17.45
2019-12-24,17.44,17.7855,17.38,17.7825
2019-12-26,17.7605,18.05,17.7193,17.9
2019-12-27,17.91,17.97,17.746,17.75
2019-12-30,17.79,17.964,17.78,17.93
2019-12-31,17.92,18.15,17.8245,17.853
2020-01-02,17.8535,18.1,17.79,18.02
2020-01-03,18.023,18.27,18,18.02
2020-01-06,18.16,18.51,18.02,18.15
2020-01-07,18.14,18.4405,17.95,18.4055
2020-01-08,18.424,18.8555,18.06,18.1
2020-01-09,18.11,18.21,17.8,17.9
2020-01-10,17.91,18.1505,17.8464,18.0795
2020-01-13,18.1,18.11,17.92,17.96
2020-01-14,17.97,17.97,17.68,17.8
2020-01-15,17.79,18.0435,17.74,18.0055
2020-01-16,18.0055,18.0505,17.8652,17.94
2020-01-17,17.95,18.17,17.91,18.02
2020-01-20,18.04,18.13,18,18.0665
2020-01-21,18.0685,18.1565,17.64,17.79
2020-01-22,17.8,17.9325,17.69,17.8375
2020-01-23,17.8415,17.9155,17.61,17.8
2020-01-24,17.81,18.15,17.75,18.12
2020-01-27,18.26,18.34,18.05,18.1
2020-01-28,18.09,18.121,17.44,17.47
2020-01-29,17.46,17.59,17.39,17.56
2020-01-30,17.57,18.04,17.54,17.837
2020-01-31,17.8415,18.0975,17.7955,18.0315
2020-02-03,18.13,18.13,17.6,17.68
2020-02-04,17.69,17.79,17.53,17.59
2020-02-05,17.6,17.73,17.49,17.61
2020-02-06,17.62,17.89,17.6,17.82
2020-02-07,17.825,17.87,17.64,17.71
2020-02-10,17.72,17.84,17.6891,17.77
2020-02-11,17.78,17.81,17.5798,17.65
2020-02-12,17.6316,17.67,17.465,17.49
2020-02-13,17.484,17.74,17.476,17.65
2020-02-14,17.646,17.8115,17.62,17.7295
2020-02-17,17.73,17.89,17.7,17.7855
2020-02-18,17.8,18.23,17.79,18.17
2020-02-19,18.18,18.4675,18.1559,18.435
2020-02-20,18.4465,18.4495,18.2247,18.367
2020-02-21,18.371,18.63,18.345,18.5
2020-02-24,18.67,18.95,18.54,18.64
2020-02-25,18.65,18.67,17.86,18
2020-02-26,17.99,18.21,17.8,17.92
2020-02-27,17.91,18.14,17.6131,17.7775
2020-02-28,17.7515,17.8675,16.4,16.62
2020-03-02,16.54,17.06,16.45,16.73
2020-03-03,16.72,17.47,16.72,17.22
2020-03-04,17.2,17.34,17.09,17.22
2020-03-05,17.23,17.46,17.15,17.44
2020-03-06,17.444,17.58,17.06,17.33
2020-03-09,17.57,17.57,16.57,17.025
2020-03-10,16.92,17.2,16.8135,16.8925
2020-03-11,16.9565,17.11,16.68,16.7705
2020-03-12,16.77,16.92,15.52,15.8485
2020-03-13,15.79,15.87,14.4445,14.7
2020-03-16,14.8,14.91,11.5895,12.8155
2020-03-17,12.9445,13.2485,12.13,12.6545
2020-03-18,12.7395,12.8875,11.64,11.9545
2020-03-19,11.995,12.31,11.8,12.1165
2020-03-20,12.135,13.03,12.05,12.6
2020-03-23,12.39,13.2885,12.33,13.2735
2020-03-24,13.275,14.429,13.17,14.414
2020-03-25,14.47,14.72,14.02,14.5135
2020-03-26,14.35,14.68,14.16,14.3965
2020-03-27,14.45,14.63,14.18,14.5025
2020-03-30,14.5025,14.557,13.82,14.05
2020-03-31,14.08,14.2515,13.86,13.978
2020-04-01,13.96,14.15,13.82,13.96
2020-04-02,13.95,14.55,13.91,14.49
2020-04-03,14.5,14.55,14.28,14.4
2020-04-06,14.46,15.09,14.25,15.02
2020-04-07,15.01,15.54,14.8762,15.0175
2020-04-08,14.9885,15.14,14.8705,14.97
2020-04-09,14.96,15.55,14.93,15.44
2020-04-13,15.47,15.51,15.15,15.42
2020-04-14,15.35,15.84,15.35,15.75
2020-04-15,15.76,15.79,15.28,15.45
2020-04-16,15.49,15.6,15.21,15.49
2020-04-17,15.54,15.55,15.03,15.17
2020-04-20,15.15,15.4365,15.06,15.312
2020-04-21,15.3325,15.34,14.54,14.89
2020-04-22,14.91,15.16,14.68,15.09
2020-04-23,15.1,15.45,14.97,15.24
2020-04-24,15.26,15.39,15.03,15.24
2020-04-27,15.22,15.33,15.0255,15.2145
2020-04-28,15.201,15.24,14.91,15.17
2020-04-29,15.18,15.4,15.096,15.29
2020-04-30,15.32,15.5,14.711,14.961
2020-05-01,14.9395,15.0525,14.75,14.95
2020-05-04,14.98,15.07,14.71,14.79
2020-05-05,14.8,15.05,14.73,14.96
2020-05-06,14.97,15.16,14.82,14.85
2020-05-07,14.84,15.44,14.83,15.34
2020-05-08,15.35,15.64,15.22,15.51
2020-05-11,15.5,15.62,15.28,15.49
2020-05-12,15.5,15.63,15.34,15.45
2020-05-13,15.44,15.6555,15.3175,15.57
2020-05-14,15.5795,15.9,15.45,15.87
2020-05-15,15.88,16.73,15.78,16.62
2020-05-18,16.84,17.5695,16.68,16.979
2020-05-19,16.9895,17.49,16.977,17.347
2020-05-20,17.36,17.64,17.28,17.55
2020-05-21,17.57,17.57,16.88,17.11
2020-05-22,17.12,17.25,16.73,17.18
2020-05-25,17.2,17.21,16.9,17.185
2020-05-26,17.12,17.4615,17.0255,17.131
2020-05-27,17.1305,17.36,16.85,17.24
2020-05-28,17.28,17.52,17.18,17.37
2020-05-29,17.38,17.91,17.27,17.86
2020-06-01,18.03,18.38,17.946,18.31
2020-06-02,18.32,18.37,17.79,18.07
2020-06-03,18.064,18.09,17.47,17.65
2020-06-04,17.66,17.85,17.47,17.71
2020-06-05,17.72,17.78,17.22,17.4
2020-06-08,17.38,17.8,17.32,17.77
2020-06-09,17.76,17.78,17.47,17.52
2020-06-10,17.53,18.19,17.53,18.11
2020-06-11,18.1,18.16,17.48,17.635
2020-06-12,17.6535,17.75,17.39,17.5
2020-06-15,17.47,17.56,16.96,17.38
2020-06-16,17.39,17.57,17.29,17.46
2020-06-17,17.45,17.61,17.34,17.5
2020-06-18,17.49,17.67,17.31,17.39
2020-06-19,17.4,17.81,17.37,17.66
2020-06-22,17.69,18.03,17.66,17.71
2020-06-23,17.69,18.02,17.6724,17.95
2020-06-24,17.93,18.07,17.41,17.5
2020-06-25,17.52,17.82,17.45,17.8
2020-06-26,17.83,17.95,17.5,17.83
2020-06-29,17.84,17.96,17.69,17.86
2020-06-30,17.82,18.24,17.774,18.2
2020-07-01,18.24,18.45,17.84,18.01
2020-07-02,18.02,18.13,17.77,17.96
2020-07-03,17.97,18.1,17.935,18.0485
2020-07-06,18.0395,18.4,17.95,18.27
2020-07-07,18.28,18.37,17.99,18.27
2020-07-08,18.28,18.775,18.25,18.71
2020-07-09,18.73,19.04,18.49,18.64
2020-07-10,18.62,18.81,18.49,18.72
2020-07-13,18.73,19.39,18.71,19.08
2020-07-14,19.07,19.3,18.88,19.21
2020-07-15,19.25,19.48,19.15,19.41
2020-07-16,19.45,19.46,19.1,19.17
2020-07-17,19.15,19.4,18.9229,19.33
2020-07-20,19.35,19.92,19.2497,19.9
2020-07-21,19.93,21.33,19.86,21.3
2020-07-22,21.31,23.08,21.28,23
2020-07-23,23.05,23.26,22.2625,22.598
2020-07-24,22.642,22.9195,22.41,22.7525
2020-07-27,22.74,24.61,22.73,24.6
2020-07-28,24.58,26.19,22.31,24.42
2020-07-29,24.48,24.95,23.42,24.31
2020-07-30,24.34,24.42,22.94,23.5
2020-07-31,23.51,24.38,23.29,24.32
2020-08-03,24.61,24.98,24.03,24.33
2020-08-04,24.36,26.04,24.14,26.01
2020-08-05,26.07,27.1425,25.39,26.959
2020-08-06,26.979,29.09,26.8045,28.92
2020-08-07,28.94,29.86,27.39,28.09
2020-08-10,28.48,29.4,27.83,29.13
2020-08-11,29.14,29.26,24.387,24.803
2020-08-12,24.8265,26.28,23.46,25.513
2020-08-13,25.559,27.71,25.2785,27.6
2020-08-14,27.52,27.73,25.75,26.4
2020-08-17,26.55,27.57,25.84,27.39
2020-08-18,27.51,28.46,27.13,27.67
2020-08-19,27.72,28.03,26.5,26.7
2020-08-20,26.69,27.53,26.61,27.24
2020-08-21,27.28,27.541,26.06,26.72
2020-08-24,26.85,27.24,26.27,26.609
2020-08-25,26.6075,26.8,26.07,26.54
2020-08-26,26.58,27.51,26.11,27.51
2020-08-27,27.52,27.91,26.52,27.02
2020-08-28,27.03,27.72,26.84,27.51
2020-08-31,27.52,28.36,27.52,28.14
2020-09-01,28.16,28.9,27.68,28.11
2020-09-02,28.13,28.31,27.0715,27.447
2020-09-03,27.4645,27.71,26.49,26.572
2020-09-04,26.59,27.03,26.31,26.91
2020-09-07,26.89,27.18,26.64,26.855
2020-09-08,26.91,27.1,25.86,26.66
2020-09-09,26.65,27.12,26.41,26.98
2020-09-10,26.99,27.49,26.7,26.88
2020-09-11,26.84,27.03,26.58,26.7755
2020-09-14,26.69,27.31,26.68,27.11
2020-09-15,27.15,27.63,27.01,27.14
2020-09-16,27.245,27.44,26.8825,27.165
2020-09-17,27.1595,27.2005,26.31,27.02
2020-09-18,27.03,27.21,26.7,26.81
2020-09-21,26.74,26.9645,23.74,24.73
2020-09-22,24.74,25.23,23.84,24.38
2020-09-23,24.39,24.48,22.6,22.775
2020-09-24,22.76,23.35,21.67,23.14
2020-09-25,23.16,23.3,22.44,22.9
2020-09-28,22.91,23.7305,22.52,23.688
2020-09-29,23.683,24.4065,23.38,24.1815
2020-09-30,24.288,24.313,23.13,23.23
2020-10-01,23.275,24.16,23.23,23.79
2020-10-02,23.77,24.2,23.49,23.7635
2020-10-05,23.83,24.5195,23.69,24.3615
2020-10-06,24.3745,24.5,22.88,23.07
2020-10-07,23.05,23.98,23.03,23.81
2020-10-08,23.8,24.21,23.66,23.84
2020-10-09,23.85,25.16,23.83,25.15
2020-10-12,25.1,25.56,24.8,25.1
2020-10-13,25.12,25.19,23.94,24.13
2020-10-14,24.15,24.6355,23.87,24.2625
2020-10-15,24.267,24.3145,23.5785,24.2795
2020-10-16,24.3185,24.52,24.1155,24.14
2020-10-19,24.17,24.97,24.12,24.39
2020-10-20,24.38,24.92,24.32,24.62
2020-10-21,24.68,25.2885,24.66,25.0425
2020-10-22,25.0465,25.0925,24.39,24.71
2020-10-23,24.72,24.86,24.42,24.62
2020-10-26,24.26,24.56,24.1,24.2915
2020-10-27,24.3,24.62,24.2,24.3715
2020-10-28,24.28,24.57,23.03,23.3995
2020-10-29,23.4,23.58,22.59,23.2805
2020-10-30,23.26,23.82,23.18,23.65
2020-11-02,23.58,24.16,23.4,24.1
2020-11-03,24.096,24.39,23.92,24.23
2020-11-04,24.21,24.49,23.24,23.9
2020-11-05,23.91,25.47,23.9,25.37
2020-11-06,25.36,25.84,24.9,25.58
2020-11-09,25.7,26,23.58,24.1
2020-11-10,24.14,24.5,23.91,24.24
2020-11-11,24.22,24.43,23.78,24.28
2020-11-12,24.29,24.4,24.05,24.29
2020-11-13,24.28,24.82,24.15,24.63
2020-11-16,24.71,25.07,24.23,24.77
2020-11-17,24.78,24.81,24.37,24.49
2020-11-18,24.48,24.7,24.22,24.34
2020-11-19,24.33,24.38,23.6405,24.049
2020-11-20,24.0585,24.53,23.89,24.2
2020-11-23,24.13,24.4,23.43,23.6
2020-11-24,23.62,23.64,22.94,23.27
2020-11-25,23.26,23.52,23.11,23.3365
2020-11-26,23.3505,24.14,23.19,23.3295
2020-11-27,23.31,23.33,22.34,22.6915
2020-11-30,22.72,22.75,21.9,22.63
2020-12-01,22.64,24.0525,22.59,24.0045
2020-12-02,24.011,24.31,23.55,24.09
2020-12-03,24.1,24.28,23.75,24.06
2020-12-04,24.07,24.41,23.94,24.17
2020-12-07,24.23,24.78,23.54,24.49
2020-12-08,24.48,24.87,24.43,24.55
2020-12-09,24.58,24.59,23.59,23.96
2020-12-10,23.95,24.29,23.72,23.99
2020-12-11,24.01,24.12,23.61,23.96
2020-12-14,24.03,24.23,23.68,23.84
2020-12-15,23.85,24.56,23.825,24.5
2020-12-16,24.51,25.5,24.44,25.35
2020-12-17,25.34,26.1015,25.17,26.0675
2020-12-18,26.064,26.13,25.66,25.7725
2020-12-21,25.98,27.4,24.98,26.17
2020-12-22,26.2,26.58,25.08,25.19
2020-12-23,25.235,25.79,25.07,25.56
2020-12-24,25.57,25.91,25.44,25.7945
2020-12-28,26,26.77,25.93,26.26
2020-12-29,26.25,26.61,25.96,26.21
2020-12-30,26.22,26.68,26.145,26.68
2020-12-31,26.69,26.71,26.22,26.389
2021-01-04,26.64,27.57,26.63,27.24
2021-01-05,27.21,27.69,27,27.58
2021-01-06,27.57,27.92,26.62,27.3
2021-01-07,27.31,27.36,26.92,27.13
2021-01-08,27.16,27.21,24.49,25.31
2021-01-11,25.37,25.51,24.34,24.91
2021-01-12,24.929,25.64,24.929,25.55
2021-01-13,25.58,25.69,25.14,25.21
2021-01-14,25.22,25.89,25.06,25.51
2021-01-15,25.52,25.78,24.59,24.71
2021-01-18,24.75,25.35,24.14,24.9715
2021-01-19,24.95,25.41,24.95,25.22
2021-01-20,25.24,25.89,25.05,25.84
2021-01-21,25.83,26.05,25.65,25.9375
2021-01-22,25.9575,25.9725,25.03,25.45
2021-01-25,25.46,25.77,25.16,25.34
2021-01-26,25.35,25.66,25.2,25.48
2021-01-27,25.47,25.49,24.7,25.27
2021-01-28,25.29,26.93,24.87,26.47
2021-01-29,26.58,27.65,26.05,26.91
2021-02-01,28.3,30.03,27.97,29.04
2021-02-02,28.82,28.9,26.29,26.7
2021-02-03,26.65,27.19,26.49,26.89
2021-02-04,26.935,26.935,25.91,26.37
2021-02-05,26.38,27.05,26.2,26.86
2021-02-08,27.08,27.57,26.85,27.27
2021-02-09,27.28,27.81,27.07,27.27
2021-02-10,27.28,27.5315,26.8245,27.023
2021-02-11,27.037,27.28,26.7085,26.98
2021-02-12,26.97,27.43,26.86,27.26
2021-02-15,27.41,27.71,27.37,27.595
2021-02-16,27.623,27.95,26.84,27.24
2021-02-17,27.23,27.4215,26.87,27.3915
2021-02-18,27.391,27.5255,26.88,27.03
2021-02-19,27.06,27.61,26.25,27.19
2021-02-22,27.37,28.28,27.28,28.14
2021-02-23,28.18,28.33,27.25,27.68
2021-02-24,27.67,28.03,27.33,27.99
2021-02-25,27.97,28.21,27.29,27.45
2021-02-26,27.46,27.6,26.1415,26.55
2021-03-01,26.65,27.08,26.44,26.58
2021-03-02,26.57,26.9,25.87,26.76
2021-03-03,26.77,26.82,25.85,26.09
2021-03-04,26.1,26.3,25.07,25.36
2021-03-05,25.35,25.46,24.83,25.18
2021-03-08,25.36,25.92,24.96,25.13
2021-03-09,25.116,26.13,25.05,25.93
2021-03-10,25.938,26.223,25.56,26.21
2021-03-11,26.23,26.46,25.85,26.13
2021-03-12,26.14,26.17,25.4,25.9
2021-03-15,26.05,26.415,25.81,26.2485
2021-03-16,26.23,26.31,25.84,25.9605
2021-03-17,25.94,26.52,25.77,26.3835
2021-03-18,26.36,26.64,25.8345,26.0595
2021-03-19,26.03,26.32,25.89,26.24
2021-03-22,25.84,25.96,25.41,25.7895
2021-03-23,25.78,25.83,25.0168,25.0595
2021-03-24,25.07,25.36,24.98,25.1095
2021-03-25,25.05,25.18,24.42,25.0915
2021-03-26,25.13,25.25,24.87,25.07
2021-03-29,25.069,25.107,24.4525,24.6475
2021-03-30,24.674,24.74,23.8521,24.02
2021-03-31,24.0415,24.53,23.78,24.416
2021-04-01,24.434,24.978,24.25,24.959
2021-04-05,24.976,25.08,24.61,24.88
2021-04-06,24.884,25.29,24.77,25.164
2021-04-07,25.16,25.28,24.86,25.15
2021-04-08,25.158,25.62,24.97,25.45
2021-04-09,25.47,25.5,24.99,25.25
2021-04-12,25.246,25.28,24.71,24.816
2021-04-13,24.813,25.48,24.68,25.343
2021-04-14,25.348,25.53,25.2,25.422
2021-04-15,25.423,25.99,25.33,25.849
2021-04-16,25.855,26.3,25.75,25.96
2021-04-19,25.964,26.23,25.64,25.825
2021-04-20,25.82,26.09,25.7,25.845
2021-04-21,25.806,26.64,25.7629,26.555
2021-04-22,26.57,26.59,25.98,26.155
2021-04-23,26.151,26.4,25.85,26
2021-04-26,25.991,26.222,25.86,26.22
2021-04-27,26.218,26.46,26.05,26.263
2021-04-28,26.314,26.328,25.83,26.205
2021-04-29,26.23,26.475,25.72,26.1
2021-04-30,26.11,26.19,25.8,25.87
2021-05-03,25.93,26.9955,25.81,26.9105
2021-05-04,26.91,27.12,26.11,26.515
2021-05-05,26.51,26.63,26.1,26.495
2021-05-06,26.51,27.46,26.18,27.308
2021-05-07,27.32,27.68,27.14,27.45
2021-05-10,27.54,27.87,27.24,27.305
2021-05-11,27.36,27.667,27.1,27.62
2021-05-12,27.65,27.69,26.96,27.021
2021-05-13,27.02,27.24,26.74,27.0935
2021-05-14,27.1035,27.48,26.83,27.41
2021-05-17,27.4,28.29,27.35,28.178
2021-05-18,28.19,28.75,28.01,28.195
2021-05-19,28.19,28.23,27.37,27.735
2021-05-20,27.75,28,27.4,27.765
2021-05-21,27.77,28.07,27.21,27.53
2021-05-24,27.58,27.9,27.47,27.77
2021-05-25,27.78,28.03,27.47,27.996
2021-05-26,28.0035,28.23,27.61,27.68
2021-05-27,27.67,27.89,27.5,27.849
2021-05-28,27.88,27.97,27.4,27.93
2021-05-31,27.95,28.14,27.88,28.0395
2021-06-01,28.07,28.55,27.83,27.893
2021-06-02,27.88,28.19,27.6865,28.173
2021-06-03,28.17,28.24,27.0385,27.4305
2021-06-04,27.4545,27.84,27.23,27.78
2021-06-07,27.8,27.95,27.48,27.889
2021-06-08,27.89,27.98,27.51,27.609
2021-06-09,27.62,28,27.52,27.77
2021-06-10,27.79,28.03,27.47,27.996
2021-06-11,28,28.29,27.88,27.9125
2021-06-14,27.95,28.02,27.48,27.86
2021-06-15,27.87,27.9,27.4,27.66
2021-06-16,27.67,27.83,26.63,26.986
2021-06-17,26.94,27.25,25.78,25.906
2021-06-18,25.9,26.4995,25.74,25.7625
2021-06-21,25.81,26.08,25.56,25.955
2021-06-22,25.96,26.04,25.7,25.768
2021-06-23,25.78,26.3,25.7555,25.88
2021-06-24,25.87,26.17,25.82,25.934
2021-06-25,25.93,26.3,25.8971,26.07
2021-06-28,26.13,26.22,25.8,26.098
2021-06-29,26.1,26.12,25.54,25.775
2021-06-30,25.77,26.15,25.71,26.138
2021-07-01,26.13,26.4,25.95,26.026
2021-07-02,26.03,26.57,25.98,26.48
2021-07-05,26.49,26.82,26.3691,26.4775
2021-07-06,26.4585,26.77,26.01,26.152
2021-07-07,26.17,26.44,25.99,26.14
2021-07-08,26.17,26.21,25.82,25.928
2021-07-09,25.95,26.21,25.77,26.12
2021-07-12,26.1,26.29,25.87,26.195
2021-07-13,26.22,26.35,25.94,25.981
2021-07-14,25.99,26.4655,25.94,26.2455
2021-07-15,26.24,26.395,26.16,26.345
2021-07-16,26.34,26.45,25.6,25.66
2021-07-19,25.68,25.765,24.9965,25.176
2021-07-20,25.1825,25.28,24.82,24.94
2021-07-21,24.93,25.315,24.76,25.262
2021-07-22,25.28,25.467,25.02,25.4285
2021-07-23,25.4285,25.4755,25.01,25.1865
2021-07-26,25.21,25.44,25.12,25.19
2021-07-27,25.21,25.27,24.5,24.689
2021-07-28,24.7,25.01,24.62,24.968
2021-07-29,24.99,25.8,24.9668,25.513
2021-07-30,25.53,25.645,25.35,25.48
2021-08-02,25.52,25.64,25.3,25.406
2021-08-03,25.4,25.6,25.25,25.525
2021-08-04,25.53,26.01,25.33,25.391
2021-08-05,25.3825,25.515,25.09,25.1455
2021-08-06,25.1625,25.22,24.1975,24.3095
2021-08-09,24.33,24.37,22.25,23.447
2021-08-10,23.45,23.675,23.24,23.341
2021-08-11,23.34,23.595,23.21,23.545
2021-08-12,23.54,23.552,23.01,23.181
2021-08-13,23.19,23.835,23.17,23.72
2021-08-16,23.74,23.905,23.43,23.844
2021-08-17,23.85,23.96,23.58,23.658
2021-08-18,23.68,23.83,23.3,23.515
2021-08-19,23.53,23.54,23.1,23.245
2021-08-20,23.24,23.33,22.88,23.04
2021-08-23,23.02,23.7,22.98,23.638
2021-08-24,23.63,23.965,23.54,23.868
2021-08-25,23.85,23.895,23.59,23.839
2021-08-26,23.85,23.875,23.44,23.554
2021-08-27,23.57,24.12,23.35,24.07
2021-08-30,24.0255,24.2165,23.9,24.0365
2021-08-31,24.0185,24.2085,23.8075,23.8915
2021-09-01,23.8975,24.2685,23.74,24.1455
2021-09-02,24.1395,24.2205,23.78,23.897
2021-09-03,23.9135,24.8725,23.8595,24.7095
2021-09-06,24.7975,24.8215,24.63,24.6945
2021-09-07,24.7005,24.8295,24.1655,24.3195
2021-09-08,24.3305,24.4145,23.9095,23.9395
2021-09-09,23.94,24.2935,23.8378,24.0415
2021-09-10,24.0645,24.3015,23.74,23.7555
2021-09-13,23.7605,23.8585,23.38,23.7455
2021-09-14,23.7475,23.9645,23.4585,23.8595
2021-09-15,23.8595,23.9105,23.66,23.8465
2021-09-16,23.8525,23.97,22.6,22.9065
2021-09-17,22.9295,23.1395,22.33,22.3935
2021-09-20,22.3665,22.5155,22.0385,22.2745
2021-09-21,22.2835,22.7245,22.23,22.4925
2021-09-22,22.484,23.1455,22.4551,22.6985
2021-09-23,22.7125,22.8835,22.461,22.5145
2021-09-24,22.5245,22.8025,22.1,22.3725
2021-09-27,22.4065,22.8495,22.38,22.629
2021-09-28,22.6145,22.6725,22.1,22.4585
2021-09-29,22.4655,22.5545,21.4225,21.5345
2021-09-30,21.539,22.2375,21.47,22.1755
2021-10-01,22.1875,22.5875,21.98,22.5015
2021-10-04,22.5025,22.7695,22.2865,22.6815
2021-10-05,22.6845,22.6855,22.3755,22.6215
2021-10-06,22.6245,22.6815,22.2175,22.6195
2021-10-07,22.612,22.8085,22.3905,22.5905
2021-10-08,22.5776,23.1865,22.4385,22.6465
2021-10-11,22.6725,22.8235,22.5053,22.5825
2021-10-12,22.5985,22.7615,22.3485,22.5625
2021-10-13,22.5435,23.2445,22.4745,23.0915
2021-10-14,23.0955,23.5825,22.9035,23.5185
2021-10-15,23.5265,23.5915,23.0715,23.3225
2021-10-18,23.3275,23.4555,23.0205,23.1965
2021-10-19,23.194,24.1205,23.1885,23.6675
2021-10-20,23.6357,24.4215,23.5745,24.2985
2021-10-21,24.3085,24.4855,24,24.1535
2021-10-22,24.125,24.8285,24.1245,24.3335
2021-10-25,24.37,24.6175,24.294,24.5715
2021-10-26,24.5496,24.5715,23.8815,24.1555
2021-10-27,24.1605,24.2535,23.8415,24.0655
2021-10-28,24.0595,24.2435,23.9635,24.0755
2021-10-29,24.0825,24.0875,23.6625,23.8785
2021-11-01,23.8015,24.0895,23.7515,24.0135
2021-11-02,24.0135,24.0665,23.3925,23.5165
2021-11-03,23.5145,23.6225,23.0275,23.5905
2021-11-04,23.5905,24.0395,23.4445,23.7745
2021-11-05,23.7755,24.1685,23.6315,24.1635
2021-11-08,24.186,24.5145,24.05,24.4575
2021-11-09,24.4615,24.4745,24.0325,24.3085
2021-11-10,24.3125,25.1305,24.0675,24.6395
2021-11-11,24.6222,25.2665,24.59,25.2555
2021-11-12,25.2475,25.3845,24.8505,25.3045
2021-11-15,25.3195,25.3845,24.9145,25.0645
2021-11-16,25.095,25.4055,24.76,24.8325
2021-11-17,24.8255,25.2075,24.8115,25.0845
2021-11-18,25.0775,25.1595,24.6875,24.8055
2021-11-19,24.8075,24.9825,24.5605,24.5865
2021-11-22,24.6415,24.8865,24.1075,24.1845
2021-11-23,24.2135,24.3245,23.2785,23.6595
2021-11-24,23.6505,23.6845,23.4005,23.5505
2021-11-25,23.5525,23.7285,23.5165,23.6015
2021-11-26,23.6185,23.7275,22.9235,23.1435
2021-11-29,23.1345,23.4435,22.7575,22.9065
2021-11-30,22.9085,23.3095,22.6965,22.8385
2021-12-01,22.836,23.0325,22.1885,22.3345
2021-12-02,22.3145,22.5035,22.2215,22.3855
2021-12-03,22.4,22.5745,22.0395,22.5455
2021-12-06,22.6105,22.6135,22.1355,22.3875
2021-12-07,22.3895,22.6005,22.2375,22.4995
2021-12-08,22.4938,22.5675,22.3115,22.4325
2021-12-09,22.4186,22.4755,21.8675,21.9615
2021-12-10,21.9895,22.2315,21.8295,22.1765
2021-12-13,22.1855,22.4185,22.1475,22.3345
2021-12-14,22.3005,22.3395,21.6945,21.9485
2021-12-15,21.9324,22.1245,21.4285,22.0895
2021-12-16,22.0737,22.5365,21.9165,22.4815
2021-12-17,22.4676,22.6795,22.3513,22.3635
2021-12-20,22.3985,22.4495,22.1975,22.2655
2021-12-21,22.28,22.7765,22.1835,22.5155
2021-12-22,22.4939,22.8345,22.4465,22.7995
2021-12-23,22.7805,22.9345,22.6615,22.8815
2021-12-27,22.8735,23.1155,22.6535,23.0595
2021-12-28,23.0301,23.4345,22.9695,23.0145
2021-12-29,22.9826,23.1595,22.5942,22.8285
2021-12-30,22.8335,23.1145,22.6045,23.0415
2021-12-31,23.053,23.3355,23.04,23.2665
2022-01-03,23.342,23.4025,22.6805,22.8985
2022-01-04,22.9025,23.1015,22.6485,23.0495
2022-01-05,23.0361,23.2565,22.7315,22.7965
2022-01-06,22.755,22.8215,22.0105,22.1945
2022-01-07,22.1676,22.4385,21.9545,22.3065
2022-01-10,22.342,22.5195,22.1985,22.4685
2022-01-11,22.459,22.8035,22.4485,22.7815
2022-01-12,22.751,23.2215,22.6495,23.1435
2022-01-13,23.1285,23.2705,23.0035,23.0875
2022-01-14,23.0557,23.3115,22.8295,22.9445
2022-01-17,22.981,23.1155,22.8375,23.0245
2022-01-18,23.021,23.6365,22.8074,23.4795
2022-01-19,23.4745,24.2095,23.3819,24.1445
2022-01-20,24.1365,24.6995,24.0706,24.4755
2022-01-21,24.4725,24.5765,24.1735,24.2285
2022-01-24,24.268,24.3135,23.5705,23.9825
2022-01-25,23.9654,23.9875,23.6045,23.8125
2022-01-26,23.8345,23.9715,23.4405,23.5265
2022-01-27,23.5315,23.5995,22.5815,22.7765
2022-01-28,22.7955,22.8225,22.1515,22.4075
2022-01-31,22.462,22.6455,22.2535,22.4685
2022-02-01,22.4617,23.0455,22.4,22.6405
2022-02-02,22.6295,22.8665,22.4715,22.6545
2022-02-03,22.6525,22.6615,22.0115,22.4225
2022-02-04,22.4095,22.6695,22.1215,22.5035
2022-02-07,22.525,23.1035,22.514,23.0105
2022-02-08,23.0125,23.2585,22.7785,23.1895
2022-02-09,23.1785,23.3555,23.1005,23.3135
2022-02-10,23.2807,23.7145,23.1465,23.1965
2022-02-11,23.1875,23.6905,22.8635,23.6125
2022-02-14,23.624,23.9405,23.5285,23.8525
2022-02-15,23.8675,23.9905,23.0885,23.3655
2022-02-16,23.3708,23.6695,23.2835,23.5895
2022-02-17,23.6235,23.9195,23.4245,23.8345
2022-02-18,23.8305,24.0855,23.6865,23.9265
2022-02-21,24.033,24.059,23.7005,23.9575
2022-02-22,23.994,24.3645,23.9105,24.1055
2022-02-23,24.1125,24.5905,24.0305,24.5515
2022-02-24,24.5585,25.6175,23.8685,24.2225
2022-02-25,24.2825,24.4985,23.8805,24.2475
2022-02-28,24.664,24.793,24.0945,24.4525
2022-03-01,24.4475,25.5445,24.2835,25.3745
2022-03-02,25.396,25.4235,24.8615,25.3005
2022-03-03,25.3085,25.4755,24.9785,25.1835
2022-03-04,25.1945,25.7375,25.0455,25.5905
2022-03-07,25.879,26.1425,25.2985,25.6755
2022-03-08,25.6565,26.9295,25.3575,26.412
2022-03-09,26.403,26.7825,25.4165,25.7795
2022-03-10,25.7785,26.0605,25.3215,25.9175
2022-03-11,25.9235,25.9955,25.4215,25.8215
2022-03-14,25.6555,25.7635,24.9375,25.1005
2022-03-15,25.0995,25.1195,24.5405,24.8815
2022-03-16,24.8805,25.133,24.4725,25.0625
2022-03-17,25.0625,25.5425,25.0615,25.3345
2022-03-18,25.3345,25.4485,24.8365,24.9715
2022-03-21,24.9935,25.3095,24.8975,25.2295
2022-03-22,25.2305,25.3825,24.5805,24.7795
2022-03-23,24.7795,25.2025,24.6795,25.1505
2022-03-24,25.1515,25.8505,24.9725,25.5475
2022-03-25,25.5475,25.7265,25.2635,25.5245
2022-03-28,25.52,25.5955,24.7995,24.8745
2022-03-29,24.8874,25.0105,23.9785,24.7775
2022-03-30,24.8065,25.0635,24.7045,24.8665
2022-03-31,24.8898,25.0875,24.5755,24.7925
2022-04-01,24.801,24.8645,24.4415,24.6035
2022-04-04,24.628,24.8465,24.2835,24.5355
2022-04-05,24.5517,24.9415,24.2285,24.3295
2022-04-06,24.3709,24.5685,24.1285,24.4585
2022-04-07,24.456,24.6615,24.2535,24.5905
2022-04-08,24.5953,24.8085,24.3775,24.7265
2022-04-11,24.789,25.3745,24.6775,25.0915
2022-04-12,25.0698,25.6105,24.8755,25.3755
2022-04-13,25.4013,25.8325,25.3525,25.7405
2022-04-14,25.731,25.8725,25.3045,25.65
2022-04-18,25.674,26.2185,25.6135,25.8675
2022-04-19,25.851,25.9985,25.0605,25.1815
2022-04-20,25.1914,25.2945,24.8955,25.1955
2022-04-21,25.2018,25.2018,24.4225,24.6565
2022-04-22,24.657,24.6685,24.0535,24.1715
2022-04-25,24.15,24.1785,23.4035,23.6315
2022-04-26,23.6475,23.9255,23.4035,23.5145
2022-04-27,23.472,23.6925,23.2505,23.3095
2022-04-28,23.3151,23.4045,22.8985,23.1575
2022-04-29,23.1628,23.5635,22.7365,22.7695
2022-05-02,22.761,22.8565,22.1285,22.6415
2022-05-03,22.6484,22.8405,22.4255,22.5735
2022-05-04,22.601,23.0945,22.2215,22.9795
2022-05-05,23.0099,23.2785,22.3245,22.5205
2022-05-06,22.5116,22.6435,22.1065,22.3735
2022-05-09,22.34,22.3725,21.7005,21.7985
2022-05-10,21.8189,22.1005,21.1985,21.2735
2022-05-11,21.253,21.9665,21.2475,21.5755
2022-05-12,21.5807,21.6635,20.6195,20.6865
2022-05-13,20.71,21.0925,20.4595,21.0455
2022-05-16,21.09,21.6855,20.8475,21.6225
2022-05-17,21.6425,21.9165,21.5135,21.6325
2022-05-18,21.6347,21.7545,21.3765,21.4125
2022-05-19,21.426,21.9795,21.2835,21.9285
2022-05-20,21.93,22.0785,21.6155,21.7625
2022-05-23,21.794,22.1885,21.6825,21.7985
2022-05-24,21.797,22.2015,21.6715,22.1115
2022-05-25,22.12,22.1465,21.7415,21.9905
2022-05-26,21.9889,22.0705,21.7305,22.0145
2022-05-27,22.0155,22.4455,21.9415,22.0795
2022-05-30,22.117,22.2805,21.9195,21.9825
2022-05-31,22.0005,22.0165,21.4775,21.5595
2022-06-01,21.5456,21.9755,21.4405,21.8355
2022-06-02,21.838,22.3355,21.7665,22.3095
2022-06-03,22.322,22.4835,21.8515,21.9255
2022-06-06,21.923,22.5155,21.8985,22.0845
2022-06-07,22.09,22.2835,21.8835,22.2305
2022-06-08,22.2466,22.2475,21.8185,22.0475
2022-06-09,22.0545,22.1465,21.5545,21.6895
2022-06-10,21.7193,21.9915,21.2905,21.8765
2022-06-13,21.939,22.0125,20.9745,21.0925
2022-06-14,21.138,21.3795,20.9005,21.0365
2022-06-15,21.0688,21.8385,21.0095,21.6805
2022-06-16,21.643,21.9645,21.3525,21.9505
2022-06-17,21.9343,21.9505,21.5805,21.6585
2022-06-20,21.69,21.7635,21.4855,21.6015
2022-06-21,21.594,21.9385,21.4965,21.6905
2022-06-22,21.6854,21.6905,21.2375,21.4235
2022-06-23,21.4335,21.5045,20.9255,20.9595
2022-06-24,20.9633,21.2235,20.6155,21.1455
2022-06-27,21.228,21.5395,21.0965,21.1515
2022-06-28,21.185,21.3625,20.8005,20.8605
2022-06-29,20.859,21.0605,20.6345,20.7485
2022-06-30,20.748,20.8235,20.2155,20.2755
2022-07-01,20.2939,20.2965,19.3895,19.8725
2022-07-04,19.894,20,19.7715,19.9715
2022-07-05,19.9825,20.2055,19.1045,19.2285
2022-07-06,19.2595,19.4035,18.9235,19.2025
2022-07-07,19.2205,19.4875,19.1065,19.2355
2022-07-08,19.2405,19.4515,19.0225,19.3005
2022-07-11,19.297,19.3705,19.0695,19.1185
2022-07-12,19.109,19.2025,18.7485,18.9375
2022-07-13,18.9055,19.4115,18.8665,19.2145
2022-07-14,19.244,19.244,18.1465,18.4255
2022-07-15,18.4465,18.7805,18.1905,18.6645
2022-07-18,18.698,19.0175,18.6415,18.6985
2022-07-19,18.7267,18.9095,18.5875,18.7525
2022-07-20,18.787,19.0975,18.6535,18.6775
2022-07-21,18.6955,18.8835,18.2465,18.8565
2022-07-22,18.8406,18.9465,18.5135,18.5805
2022-07-25,18.604,18.7885,18.3195,18.4355
2022-07-26,18.4295,18.7205,18.3895,18.6265
2022-07-27,18.657,19.1325,18.4545,19.0895
2022-07-28,19.1055,20.0265,19.0595,20.0145
2022-07-29,19.985,20.3115,19.8555,20.2695
2022-08-01,20.34,20.5095,20.0885,20.3595
2022-08-02,20.3582,20.5075,19.9535,19.9895
2022-08-03,19.9995,20.1705,19.7895,20.0605
2022-08-04,20.07,20.3835,19.9675,20.1815
2022-08-05,20.2015,20.3195,19.5655,19.8815
2022-08-08,19.904,20.7405,19.8015,20.6715
2022-08-09,20.681,20.7395,20.4155,20.5335
2022-08-10,20.5229,20.8405,20.3495,20.5945
2022-08-11,20.6173,20.6345,20.2525,20.3105
2022-08-12,20.3175,20.8315,20.2445,20.8045
2022-08-15,20.789,20.8735,20.0915,20.2695
2022-08-16,20.3139,20.3139,19.9195,20.1365
2022-08-17,20.1523,20.2755,19.7005,19.7955
2022-08-18,19.7965,19.9345,19.4875,19.5415
2022-08-19,19.5655,19.5765,19.0305,19.0525
2022-08-22,19.057,19.1565,18.7245,18.9925
2022-08-23,19.0154,19.2795,18.8005,19.1145
2022-08-24,19.143,19.2285,18.9585,19.1165
2022-08-25,19.125,19.4015,19.1105,19.2515
2022-08-26,19.2562,19.4225,18.8295,18.8555
2022-08-29,18.8785,18.9085,18.5175,18.7875
2022-08-30,18.7752,18.8445,18.3545,18.4345
2022-08-31,18.4111,18.5465,17.9405,17.9945
2022-09-01,17.991,18.0005,17.5665,17.8135
2022-09-02,17.8045,18.2875,17.7805,17.9855
2022-09-05,18.046,18.2485,17.9505,18.1535
2022-09-06,18.161,18.5745,17.9445,18.0095
2022-09-07,18.009,18.4775,17.8495,18.4585
2022-09-08,18.4678,18.7415,18.3265,18.5395
2022-09-09,18.53,18.9485,18.5295,18.7985
2022-09-12,18.874,20.0145,18.8465,19.8045
2022-09-13,19.8015,19.9455,19.333,19.3455
2022-09-14,19.325,19.6965,19.2405,19.6355
2022-09-15,19.6245,19.6665,19.1175,19.1755
2022-09-16,19.16,19.6245,18.7845,19.5365
2022-09-19,19.554,19.6615,19.2245,19.5615
2022-09-20,19.5665,19.5795,19.0625,19.2785
2022-09-21,19.278,19.9145,19.2425,19.5635
2022-09-22,19.5655,19.8605,19.2485,19.6385
2022-09-23,19.633,19.7145,18.7765,18.8635
2022-09-26,18.869,19.0335,18.3325,18.3615
2022-09-27,18.378,18.7865,18.3225,18.3935
2022-09-28,18.4063,18.9755,17.9735,18.8995
2022-09-29,18.9035,18.9125,18.4995,18.8245
2022-09-30,18.825,19.2915,18.7805,19.0195
2022-10-03,19.016,20.7155,19.011,20.7095
2022-10-04,20.679,21.2385,20.6125,21.0665
2022-10-05,21.04,21.0725,19.9435,20.6495
2022-10-06,20.6465,20.8695,20.3615,20.6565
2022-10-07,20.655,20.8235,20.0025,20.0945
2022-10-10,20.168,20.1925,19.5175,19.6065
2022-10-11,19.6205,19.7225,19.0655,19.1585
2022-10-12,19.1625,19.3145,18.8675,19.0225
2022-10-13,19.0479,19.3095,18.4595,18.8865
2022-10-14,18.9,19.072,18.0915,18.2545
2022-10-17,18.258,18.9425,18.228,18.6715
2022-10-18,18.6724,18.9255,18.5485,18.7355
2022-10-19,18.7443,18.8105,18.3675,18.4555
2022-10-20,18.4542,19.0015,18.2315,18.6745
2022-10-21,18.6609,19.3055,18.2855,19.2815
2022-10-24,19.416,19.6755,19.0205,19.2225
2022-10-25,19.2315,19.4325,18.7905,19.3465
2022-10-26,19.3291,19.7785,19.2175,19.5895
2022-10-27,19.55,19.6705,19.2955,19.6045
2022-10-28,19.5975,19.6395,19.0045,19.2695
2022-10-31,19.2195,19.2565,18.9065,19.1505
2022-11-01,19.1495,20.0165,19.1455,19.6335
2022-11-02,19.6365,20.0715,19.2055,19.2075
2022-11-03,19.2065,19.5435,18.8355,19.4575
2022-11-04,19.4585,20.9065,19.4185,20.8615
2022-11-07,20.468,21.0085,20.3875,20.8035
2022-11-08,20.794,21.6245,20.4945,21.3555
2022-11-09,21.344,21.5955,20.9965,21.0705
2022-11-10,21.03,21.8235,20.9595,21.6835
2022-11-11,21.6585,22.0515,21.2785,21.6565
2022-11-14,21.676,22.0885,21.2975,21.9885
2022-11-15,21.9765,22.2475,21.3925,21.5645
2022-11-16,21.545,22.0425,21.3955,21.4705
2022-11-17,21.475,21.4895,20.7635,20.9555
2022-11-18,20.982,21.2915,20.8435,20.9035
2022-11-21,20.949,21.0135,20.5885,20.8485
2022-11-22,20.8491,21.3365,20.8365,21.0865
2022-11-23,21.0875,21.5895,20.9135,21.5345
2022-11-24,21.5385,21.6775,21.4615,21.5075
2022-11-25,21.482,21.5525,21.1615,21.4605
2022-11-28,21.386,21.6155,20.8715,20.9355
2022-11-29,20.941,21.4485,20.9025,21.2585
2022-11-30,21.2475,22.2025,21.2025,22.1925
2022-12-01,22.231,22.7825,22.0455,22.7495
2022-12-02,22.728,23.236,22.291,23.137
2022-12-05,23.096,23.519,22.168,22.251
2022-12-06,22.2415,22.607,22.045,22.198
2022-12-07,22.1831,22.815,22.096,22.725
2022-12-08,22.732,23.222,22.549,23.067
2022-12-09,23.098,23.686,22.965,23.421
2022-12-12,23.455,23.531,23.114,23.315
2022-12-13,23.3154,24.123,23.3,23.733
2022-12-14,23.724,24.04,23.401,23.937
2022-12-15,23.9274,23.941,22.977,23.092
2022-12-16,23.0827,23.251,22.559,23.205
2022-12-19,23.185,23.411,22.84,22.987
2022-12-20,22.976,24.253,22.885,24.148
2022-12-21,24.1465,24.302,23.83,23.97
2022-12-22,23.9705,24.087,23.382,23.573
2022-12-23,23.578,23.894,23.519,23.734
2022-12-27,23.9135,24.282,23.793,24.045
2022-12-28,24.0545,24.073,23.467,23.549
2022-12-29,23.5569,24.061,23.523,23.906
2022-12-30,23.901,24.145,23.529,23.935
2023-01-03,24.105,24.547,23.888,24.009
2023-01-04,23.9947,24.452,23.599,23.76
2023-01-05,23.7829,23.915,23.12,23.243
2023-01-06,23.249,23.91,23.204,23.846
2023-01-09,23.887,24.103,23.584,23.655
2023-01-10,23.652,23.769,23.429,23.609
2023-01-11,23.5955,24.041,23.219,23.417
2023-01-12,23.4,24.179,23.383,23.774
2023-01-13,23.7645,24.294,23.497,24.275
2023-01-16,24.276,24.512,23.939,24.2875
2023-01-17,24.2885,24.372,23.828,23.933
2023-01-18,23.925,24.339,23.428,23.474
2023-01-19,23.4675,23.94,23.174,23.838
2023-01-20,23.853,24.077,23.709,23.938
2023-01-23,23.936,24.16,22.766,23.459
2023-01-24,23.461,23.74,23.215,23.671
2023-01-25,23.6666,23.939,23.334,23.911
2023-01-26,23.923,24.29,23.601,23.915
2023-01-27,23.9015,24.005,23.304,23.565
2023-01-30,23.574,23.807,23.545,23.606
2023-01-31,23.6,23.767,22.973,23.733
2023-02-01,23.725,24.04,23.368,23.969
2023-02-02,23.9795,24.624,23.424,23.464
2023-02-03,23.4675,23.605,22.291,22.349
2023-02-06,22.324,22.617,22.147,22.273
2023-02-07,22.269,22.459,22.047,22.18
2023-02-08,22.2,22.538,22.18,22.322
2023-02-09,22.3265,22.59,21.914,21.98
2023-02-10,21.975,22.306,21.837,22.021
2023-02-13,22.014,22.083,21.793,21.993
2023-02-14,21.9985,22.039,21.609,21.854
2023-02-15,21.875,21.881,21.429,21.624
2023-02-16,21.63,21.816,21.433,21.583
2023-02-17,21.589,21.808,21.18,21.767
2023-02-20,21.681,21.909,21.552,21.8175
2023-02-21,21.825,21.974,21.65,21.838
2023-02-22,21.85,21.982,21.449,21.519
2023-02-23,21.5215,21.679,21.268,21.317
2023-02-24,21.328,21.4,20.739,20.766
2023-02-27,20.81,20.845,20.562,20.631
2023-02-28,20.65,21.005,20.426,20.897
2023-03-01,20.875,21.178,20.836,20.992
2023-03-02,20.995,21.018,20.679,20.899
2023-03-03,20.901,21.27,20.847,21.256
2023-03-06,21.258,21.307,20.981,21.052
2023-03-07,21.0442,21.141,20.032,20.075
2023-03-08,20.101,20.227,19.917,20.026
2023-03-09,20.038,20.291,19.98,20.07
2023-03-10,20.1,20.792,19.905,20.527
2023-03-13,20.741,21.928,20.595,21.777
2023-03-14,21.778,21.971,21.513,21.692
2023-03-15,21.694,22.388,21.551,21.797
2023-03-16,21.799,22.093,21.475,21.72
2023-03-17,21.725,22.606,21.667,22.604
2023-03-20,22.415,22.717,22.229,22.537
2023-03-21,22.537,22.649,22.158,22.382
2023-03-22,22.387,23.066,22.276,22.888
2023-03-23,22.888,23.224,22.762,23.08
2023-03-24,23.077,23.525,22.967,23.225
2023-03-27,23.284,23.284,22.854,23.078
2023-03-28,23.083,23.377,22.832,23.327
2023-03-29,23.341,23.418,23.049,23.34
2023-03-30,23.3255,23.932,23.237,23.912
2023-03-31,23.913,24.163,23.696,24.081
2023-04-03,24.099,24.193,23.574,23.986
2023-04-04,23.9855,25.021,23.828,25
2023-04-05,24.9815,25.138,24.646,24.947
2023-04-06,24.95,25.003,24.568,24.9765
2023-04-10,24.782,25.076,24.654,24.872
2023-04-11,24.873,25.133,24.837,25.052
2023-04-12,25.042,25.671,25.042,25.504
2023-04-13,25.475,25.964,25.393,25.824
2023-04-14,25.832,26.086,25.161,25.379
2023-04-17,25.33,25.604,24.818,25.036
2023-04-18,25.025,25.32,24.932,25.192
2023-04-19,25.191,25.371,24.647,25.287
2023-04-20,25.275,25.495,25.058,25.29
2023-04-21,25.275,25.383,24.906,25.036
2023-04-24,25.088,25.235,24.792,25.159
2023-04-25,25.1635,25.36,24.499,25.014
2023-04-26,25.0044,25.226,24.729,24.884
2023-04-27,24.9,25.1325,24.519,24.925
2023-04-28,24.9245,25.068,24.732,25.035
2023-05-01,25.057,25.914,24.885,24.995
2023-05-02,24.982,25.486,24.583,25.378
2023-05-03,25.369,25.597,25.092,25.574
2023-05-04,25.674,26.063,25.442,26.048
2023-05-05,26.031,26.137,25.172,25.66
2023-05-08,25.666,25.737,25.509,25.558
2023-05-09,25.5485,25.674,25.329,25.606
2023-05-10,25.594,25.916,25.226,25.395
2023-05-11,25.408,25.476,24.14,24.188
2023-05-12,24.1915,24.201,23.741,23.984
2023-05-15,23.9405,24.211,23.88,24.094
2023-05-16,24.0915,24.105,23.639,23.751
2023-05-17,23.748,23.88,23.552,23.743
2023-05-18,23.725,23.783,23.331,23.496
2023-05-19,23.525,24.014,23.398,23.818
2023-05-22,23.852,23.92,23.607,23.629
2023-05-23,23.6395,23.655,23.112,23.45
2023-05-24,23.425,23.537,23.027,23.065
2023-05-25,23.071,23.152,22.705,22.737
2023-05-26,22.7275,23.334,22.686,23.295
2023-05-29,23.298,23.379,23.158,23.1705
2023-05-30,23.1795,23.344,22.93,23.194
2023-05-31,23.199,23.616,23.099,23.519
2023-06-01,23.512,23.922,23.28,23.878
2023-06-02,23.8685,24.022,23.585,23.62
2023-06-05,23.604,23.687,23.254,23.577
2023-06-06,23.582,23.776,23.341,23.593
2023-06-07,23.5965,24.055,23.406,23.444
2023-06-08,23.425,24.348,23.425,24.269
2023-06-09,24.278,24.525,24.201,24.273
2023-06-12,24.288,24.302,23.881,24.063
2023-06-13,24.075,24.393,23.601,23.673
2023-06-14,23.665,24.08,23.655,23.923
2023-06-15,23.92,23.935,23.224,23.884
2023-06-16,23.9,24.208,23.836,24.15
2023-06-19,24.166,24.2,23.889,23.9555
2023-06-20,23.985,24.027,23.06,23.156
2023-06-21,23.175,23.178,22.501,22.662
2023-06-22,22.6844,22.737,22.195,22.255
2023-06-23,22.2495,22.681,22.113,22.413
2023-06-26,22.428,22.893,22.416,22.79
2023-06-27,22.8,23.095,22.755,22.86
2023-06-28,22.8645,22.963,22.566,22.693
2023-06-29,22.6975,22.88,22.284,22.574
2023-06-30,22.5775,22.844,22.347,22.775
2023-07-03,22.788,23.071,22.709,22.9045
2023-07-04,22.8945,23.059,22.8755,22.973
2023-07-05,22.9645,23.301,22.77,23.1285
2023-07-06,23.131,23.2535,22.5275,22.7205
2023-07-07,22.7215,23.154,22.616,23.094
2023-07-10,23.115,23.1535,22.7515,23.145
2023-07-11,23.149,23.388,23.0215,23.1245
2023-07-12,23.136,24.1515,23.1155,24.1265
2023-07-13,24.1025,24.8815,24.0985,24.8765
2023-07-14,24.8615,25.024,24.684,24.901
2023-07-17,24.924,24.961,24.604,24.839
2023-07-18,24.842,25.1675,24.773,25.056
2023-07-19,25.05,25.233,24.944,25.156
2023-07-20,25.141,25.268,24.713,24.7625
2023-07-21,24.78,24.914,24.5925,24.602
2023-07-24,24.607,24.727,24.27,24.3455
2023-07-25,24.3445,24.725,24.296,24.687
2023-07-26,24.7,25.035,24.522,24.935
2023-07-27,24.925,25.1447,24.046,24.1325
2023-07-28,24.138,24.4085,24.1165,24.322
2023-07-31,24.348,24.838,24.198,24.7555
2023-08-01,24.75,24.7625,24.133,24.2965
2023-08-02,24.357,24.49,23.659,23.715
2023-08-03,23.7205,23.8455,23.4135,23.5755
2023-08-04,23.572,23.7895,23.3345,23.604
2023-08-07,23.629,23.683,23.0735,23.1345
2023-08-08,23.1355,23.1885,22.6695,22.7765
2023-08-09,22.7815,22.939,22.63,22.6735
2023-08-10,22.672,23.003,22.629,22.698
2023-08-11,22.7185,22.845,22.575,22.6805
2023-08-14,22.678,22.763,22.3685,22.6025
2023-08-15,22.6067,22.71,22.2285,22.5325
2023-08-16,22.525,22.778,22.404,22.415
2023-08-17,22.425,23.009,22.3535,22.6895
2023-08-18,22.7,22.888,22.641,22.757
2023-08-21,22.733,23.32,22.6695,23.3115
2023-08-22,23.322,23.4545,23.2125,23.4075
2023-08-23,23.4207,24.3575,23.4075,24.313
2023-08-24,24.325,24.353,24.06,24.125
2023-08-25,24.1535,24.3795,23.9235,24.2355
2023-08-28,24.234,24.354,24.054,24.2385
2023-08-29,24.232,24.797,24.175,24.722
2023-08-30,24.675,25.013,24.531,24.614
2023-08-31,24.625,24.68,24.374,24.438
2023-09-01,24.425,24.825,24.157,24.174
2023-09-04,24.199,24.294,23.963,23.985
2023-09-05,23.9985,24.0045,23.4805,23.5455
2023-09-06,23.525,23.5975,23.0065,23.1745
2023-09-07,23.185,23.1875,22.8385,22.9715
2023-09-08,22.9765,23.175,22.858,22.92
2023-09-11,22.9165,23.224,22.91,23.079
2023-09-12,23.0885,23.1855,22.8385,23.0705
2023-09-13,23.0615,23.0945,22.7465,22.8345
2023-09-14,22.8402,22.976,22.302,22.648
2023-09-15,22.6512,23.29,22.628,23.018
2023-09-18,23.0485,23.262,22.963,23.249
2023-09-19,23.2572,23.4165,23.0985,23.2015
2023-09-20,23.197,23.6,23.05,23.2425
2023-09-21,23.225,23.4735,22.8125,23.4005
2023-09-22,23.399,23.7755,23.3955,23.5475
2023-09-25,23.545,23.6495,23.0405,23.1305
2023-09-26,23.125,23.15,22.8475,22.8495
2023-09-27,22.84,22.878,22.407,22.546
2023-09-28,22.55,22.737,22.398,22.621
2023-09-29,22.637,23.55,22.115,22.181
2023-10-02,22.181,22.189,21.029,21.044
2023-10-03,21.075,21.3975,20.6895,21.1625
2023-10-04,21.187,21.3865,20.6955,21.0085
2023-10-05,21.01,21.2975,20.7135,20.9725
2023-10-06,20.9875,21.6185,20.8185,21.5315
2023-10-09,21.8135,22.0165,21.5745,21.8865
2023-10-10,21.8855,21.9605,21.6355,21.8385
2023-10-11,21.8297,22.1245,21.8005,22.0405
2023-10-12,22.0392,22.2431,21.757,21.825
2023-10-13,21.8275,22.8145,21.8085,22.6845
2023-10-16,22.7175,22.728,22.478,22.61
2023-10-17,22.6045,23.009,22.374,22.807
2023-10-18,22.8125,23.321,22.684,22.854
2023-10-19,22.8416,23.085,22.644,23.054
2023-10-20,23.0365,23.6995,22.8765,23.3495
2023-10-23,23.331,23.3345,22.736,22.9795
2023-10-24,22.956,23.208,22.664,22.917
2023-10-25,22.898,23.022,22.562,22.861
2023-10-26,22.8485,23.139,22.449,22.794
2023-10-27,22.8015,23.123,22.664,23.105
2023-10-30,23.0585,23.6055,23.0415,23.2965
2023-10-31,23.2965,23.3145,22.7405,22.85
2023-11-01,22.851,23.012,22.545,22.991
2023-11-02,22.987,23.125,22.663,22.723
2023-11-03,22.723,23.303,22.592,23.216
2023-11-06,23.2215,23.2575,22.9965,23.0305
2023-11-07,23.0255,23.074,22.431,22.635
2023-11-08,22.6392,22.844,22.306,22.549
2023-11-09,22.529,22.994,22.366,22.639
2023-11-10,22.634,22.742,22.196,22.21
2023-11-13,22.2575,22.362,21.883,22.314
2023-11-14,22.316,23.183,22.298,23.087
2023-11-15,23.102,23.6205,23.0345,23.4425
2023-11-16,23.4475,24.0755,23.2865,23.7455
2023-11-17,23.7445,24.1465,23.6675,23.7345
2023-11-20,23.716,23.8115,23.2465,23.4355
2023-11-21,23.432,24.0165,23.427,23.7465
2023-11-22,23.7455,23.9455,23.5405,23.6385
2023-11-23,23.618,23.8385,23.6005,23.8355
2023-11-24,23.7125,24.3385,23.5675,24.3325
2023-11-27,24.333,24.878,24.271,24.649
2023-11-28,24.629,25.036,24.547,25.03
2023-11-29,25.023,25.259,24.856,25.023
2023-11-30,25.015,25.29,24.925,25.271
2023-12-01,25.2835,25.523,25.089,25.467
2023-12-04,25.5375,25.9055,24.4215,24.5035
2023-12-05,24.518,24.635,23.974,24.16
2023-12-06,24.165,24.359,23.877,23.902
2023-12-07,23.8825,24.0275,23.5875,23.8035
2023-12-08,23.8175,23.8945,22.9425,23.0285
2023-12-11,22.9975,23.102,22.723,22.824
2023-12-12,22.823,23.148,22.691,22.771
2023-12-13,22.7725,23.812,22.511,23.807
2023-12-14,23.8075,24.2195,23.7645,24.1785
2023-12-15,24.179,24.288,23.757,23.83
2023-12-18,23.857,24.0565,23.6635,23.8055
2023-12-19,23.8005,24.1715,23.7705,24.0525
2023-12-20,24.0515,24.4405,23.9545,24.1505
2023-12-21,24.1405,24.4855,24.1375,24.3985
2023-12-22,24.399,24.604,24.093,24.156
2023-12-26,24.1925,24.4185,24.0655,24.2275
2023-12-27,24.228,24.454,23.953,24.27
2023-12-28,24.2735,24.492,23.953,23.977
2023-12-29,23.9825,23.9925,23.5395,23.7955
2024-01-02,23.831,24.0945,23.6415,23.6585
2024-01-03,23.6495,23.7305,22.8435,22.9855
2024-01-04,23.0015,23.073,22.696,23.008
2024-01-05,23.0085,23.516,22.786,23.181
2024-01-08,23.1465,23.2125,22.8415,23.1075
2024-01-09,23.1145,23.3735,22.8965,22.9765
2024-01-10,22.978,23.107,22.78,22.899
2024-01-11,22.9,23.171,22.477,22.751
2024-01-12,22.77,23.532,22.764,23.158
2024-01-15,23.1835,23.3367,23.1105,23.2245
2024-01-16,23.233,23.235,22.8605,22.9185
2024-01-17,22.917,22.949,22.512,22.557
2024-01-18,22.559,22.762,22.429,22.746
2024-01-19,22.756,22.844,22.466,22.582
2024-01-22,22.6035,22.662,21.929,22.098
2024-01-23,22.087,22.456,22.059,22.443
2024-01-24,22.446,22.961,22.344,22.67
2024-01-25,22.68,23.025,22.651,22.912
2024-01-26,22.9015,22.983,22.705,22.807
2024-01-29,22.8125,23.2325,22.772,23.205
2024-01-30,23.2055,23.3045,22.9425,23.1605
2024-01-31,23.171,23.3225,22.7835,22.9385
2024-02-01,22.9345,23.255,22.515,23.177
2024-02-02,23.1775,23.2505,22.4075,22.6625
2024-02-05,22.729,22.7355,22.246,22.358
2024-02-06,22.347,22.488,22.264,22.428
2024-02-07,22.429,22.449,22.198,22.217
2024-02-08,22.2055,22.636,22.145,22.5845
2024-02-09,22.583,22.719,22.363,22.612
2024-02-12,22.568,23.075,22.52,22.693
2024-02-13,22.686,22.939,21.989,22.123
2024-02-14,22.112,22.454,21.938,22.371
2024-02-15,22.378,23.038,22.352,22.925
2024-02-16,22.938,23.502,22.793,23.39
2024-02-19,23.4145,23.4555,22.9375,22.9885
2024-02-20,22.9925,23.193,22.92,23.009
2024-02-21,22.997,23.183,22.761,22.887
2024-02-22,22.902,23.165,22.741,22.747
2024-02-23,22.7525,23.001,22.563,22.959
2024-02-26,22.951,22.951,22.451,22.521
2024-02-27,22.529,22.715,22.445,22.457
2024-02-28,22.462,22.518,22.277,22.462
2024-02-29,22.4685,22.79,22.314,22.671
2024-03-01,22.6585,23.269,22.51,23.16
2024-03-04,23.1605,23.9455,23.0215,23.8905
2024-03-05,23.9,24.2265,23.6315,23.6725
2024-03-06,23.6665,24.3045,23.5735,24.1755
2024-03-07,24.1695,24.505,24.011,24.2955
2024-03-08,24.312,24.63,24.179,24.295
2024-03-11,24.327,24.524,24.242,24.485
2024-03-12,24.484,24.679,24.012,24.1415
2024-03-13,24.1415,25.05,24.0755,25.035
2024-03-14,25.028,25.158,24.743,24.816
2024-03-15,24.81,25.445,24.808,25.182
2024-03-18,25.118,25.327,24.947,25.032
2024-03-19,25.031,25.155,24.737,24.915
2024-03-20,24.916,25.7325,24.747,25.6385
2024-03-21,25.6445,25.7795,24.6485,24.749
2024-03-22,24.75,24.949,24.407,24.674
2024-03-25,24.662,24.892,24.558,24.663
2024-03-26,24.664,24.889,24.37,24.409
2024-03-27,24.407,24.675,24.331,24.581
2024-03-28,24.582,25.007,24.394,24.97
2024-04-01,25.0265,25.388,24.746,25.085
2024-04-02,25.094,26.173,25.079,26.14
2024-04-03,26.1405,27.2,26.1155,27.1825
2024-04-04,27.183,27.329,26.689,26.911
2024-04-05,26.95,27.49,26.29,27.384
2024-04-08,27.444,28.088,26.869,27.853
2024-04-09,27.8535,28.3245,27.6235,28.1525
2024-04-10,28.1565,28.5185,27.5365,27.9275
2024-04-11,27.9245,28.4985,27.7595,28.4455
2024-04-12,28.4365,29.7945,27.9285,28.0305
2024-04-15,28.2135,28.8915,27.5905,28.8755
2024-04-16,28.876,29.02,27.956,28.104
2024-04-17,28.1075,28.8065,28.0705,28.2235
2024-04-18,28.2145,28.6595,28.1385,28.2405
2024-04-19,28.2255,28.9435,28.0765,28.6715
2024-04-22,28.65,28.6715,27.115,27.194
2024-04-23,27.181,27.381,26.668,27.307
2024-04-24,27.302,27.49,27.037,27.166
2024-04-25,27.163,27.575,26.985,27.442
2024-04-26,27.4405,27.732,27.087,27.226
2024-04-29,27.1975,27.433,26.963,27.142
2024-04-30,27.1465,27.1465,26.246,26.295
2024-05-01,26.2745,26.9685,26.2665,26.6495
2024-05-02,26.65,26.82,26.02,26.678
2024-05-03,26.674,26.865,26.125,26.504
2024-05-06,26.5915,27.488,26.436,27.447
2024-05-07,27.452,27.521,27.167,27.24
2024-05-08,27.222,27.478,27.012,27.337
2024-05-09,27.329,28.344,27.289,28.334
2024-05-10,28.3345,28.7665,28.0435,28.2085
2024-05-13,28.209,28.3875,27.9715,28.2035
2024-05-14,28.1875,28.7375,28.1275,28.6115
2024-05-15,28.6075,29.7395,28.4385,29.6725
2024-05-16,29.673,29.846,29.336,29.581
2024-05-17,29.585,31.558,29.465,31.516
2024-05-20,31.5785,32.511,30.951,31.831
2024-05-21,31.827,32.504,31.077,31.978
2024-05-22,31.984,32.201,30.759,30.798
2024-05-23,30.7845,30.9835,30.0665,30.1255
2024-05-24,30.1295,30.6205,30.0505,30.3525
2024-05-27,30.372,31.8525,30.372,31.643
2024-05-28,31.6435,32.247,31.253,32.1
2024-05-29,32.1095,32.2975,31.6195,31.9765
2024-05-30,31.947,32.089,31.011,31.166
2024-05-31,31.161,31.766,30.195,30.382
2024-06-03,30.4545,30.8075,29.7825,30.732
2024-06-04,30.7505,30.8835,29.383,29.496
2024-06-05,29.504,30.05,29.395,30.006
2024-06-06,30.0305,31.3465,29.9715,31.3255
2024-06-07,31.356,31.55,29.1315,29.1725
2024-06-10,29.2035,29.8195,29.1385,29.7485
2024-06-11,29.867,29.87,29.036,29.285
2024-06-12,29.2825,30.2585,29.1885,29.7285
2024-06-13,29.735,29.739,28.67,28.965
2024-06-14,28.9655,29.5815,28.8385,29.5795
2024-06-17,29.563,29.5795,29.028,29.465
2024-06-18,29.4655,29.6775,28.9285,29.5415
2024-06-19,29.541,29.791,29.347,29.761
2024-06-20,29.752,30.792,29.75,30.737
2024-06-21,30.7375,30.8515,29.4695,29.5405
2024-06-24,29.52,29.728,29.349,29.582
2024-06-25,29.584,29.659,28.844,28.914
2024-06-26,28.9145,29.0745,28.5745,28.7705
2024-06-27,28.7755,29.2525,28.6845,28.9775
2024-06-28,28.9745,29.6235,28.7805,29.1125
2024-07-01,29.175,29.4785,28.9615,29.4495
2024-07-02,29.4785,29.8195,29.2115,29.5235
2024-07-03,29.523,30.669,29.481,30.498
2024-07-04,30.494,30.59,30.208,30.409
2024-07-05,30.406,31.487,30.191,31.218
2024-07-08,31.1775,31.3665,30.4405,30.7625
2024-07-09,30.7545,31.1495,30.5205,30.7985
2024-07-10,30.8045,31.1645,30.6525,30.8165
2024-07-11,30.8205,31.7515,30.8155,31.4575
2024-07-12,31.4465,31.4485,30.3895,30.7875
2024-07-15,30.802,31.0955,30.5345,30.6805
2024-07-16,30.6775,31.4005,30.4975,31.2515
2024-07-17,31.2375,31.4255,30.0605,30.3055
2024-07-18,30.305,30.596,29.747,29.829
2024-07-19,29.817,29.843,28.877,29.22
2024-07-22,29.2045,29.4325,28.7515,29.1295
2024-07-23,29.1315,29.3035,28.6785,29.2365
2024-07-24,29.2405,29.4525,28.8955,28.9005
2024-07-25,28.886,28.9205,27.4275,27.8555
2024-07-26,27.843,28.075,27.593,27.903
2024-07-29,27.9115,28.196,27.319,27.861
2024-07-30,27.869,28.411,27.636,28.386
2024-07-31,28.411,29.037,28.245,29.005
2024-08-01,29.0335,29.1575,28.2235,28.5225
2024-08-02,28.5265,29.2225,27.9495,28.5335
2024-08-05,28.5735,28.6745,26.5085,27.2495
2024-08-06,27.271,27.5705,26.6045,26.9675
2024-08-07,26.9785,27.2705,26.5775,26.6095
2024-08-08,26.5435,27.6005,26.4665,27.5405
2024-08-09,27.54,27.7579,27.2689,27.4019
2024-08-12,27.4685,28.0395,27.2275,27.9575
2024-08-13,27.977,28.047,27.458,27.856
2024-08-14,27.869,28.03,27.19,27.567
2024-08-15,27.5535,28.521,27.491,28.357
2024-08-16,28.346,28.976,28.044,28.969
2024-08-19,29.007,29.4875,28.7325,29.4455
2024-08-20,29.4445,29.9715,29.2095,29.4385
2024-08-21,29.4395,29.7365,29.2315,29.6045
2024-08-22,29.604,29.68,28.79,28.984
2024-08-23,28.9845,29.8825,28.9465,29.8325
2024-08-26,29.8645,30.188,29.656,29.911
2024-08-27,29.9165,30.089,29.718,29.974
2024-08-28,29.975,30.105,29.082,29.141
2024-08-29,29.1405,29.6855,29.1225,29.4255
2024-08-30,29.375,29.5885,28.6925,28.8625
2024-09-02,28.8585,28.9715,28.3275,28.5525
2024-09-03,28.551,28.5705,27.7105,28.0505
2024-09-04,28.0475,28.357,27.777,28.271
2024-09-05,28.2645,29.173,28.212,28.824
2024-09-06,28.8235,29.1175,27.6885,27.9205
2024-09-09,27.936,28.367,27.708,28.35
2024-09-10,28.354,28.554,28.038,28.4
2024-09-11,28.395,28.869,28.082,28.676
2024-09-12,28.6755,29.9135,28.5375,29.873
2024-09-13,29.884,30.919,29.854,30.73
2024-09-16,30.7315,31.0945,30.5975,30.7335
2024-09-17,30.717,30.9895,30.5155,30.7035
2024-09-18,30.7025,31.2245,29.7075,30.0835
2024-09-19,30.114,31.299,29.914,30.786
2024-09-20,30.776,31.4315,30.7355,31.1455
2024-09-23,31.23,31.2445,30.3595,30.6925
2024-09-24,30.7,32.2635,30.6535,32.0975
2024-09-25,32.098,32.275,31.572,31.812
2024-09-26,31.8075,32.713,31.749,32.018
2024-09-27,32.021,32.294,31.389,31.634
2024-09-30,31.658,31.852,30.894,31.16
2024-10-01,31.1605,31.8505,31.1135,31.4405
2024-10-02,31.434,32.3015,31.0015,31.8345
2024-10-03,31.824,32.216,31.413,32.028
2024-10-04,32.0195,32.956,31.506,32.196
2024-10-07,32.212,32.337,31.42,31.687
2024-10-08,31.686,31.772,30.127,30.671
2024-10-09,30.6715,30.7825,30.2225,30.5015
2024-10-10,30.501,31.1855,30.3595,31.1625
2024-10-11,31.1605,31.6345,31.0645,31.5665
2024-10-14,30.8875,31.548,30.817,31.189
2024-10-15,31.1895,31.6855,30.7665,31.5075
2024-10-16,31.507,32.173,31.416,31.679
2024-10-17,31.6905,32.018,31.321,31.695
2024-10-18,31.693,33.681,31.693,33.619
2024-10-21,33.7605,34.269,33.466,33.787
2024-10-22,33.792,34.866,33.788,34.854
2024-10-23,34.855,34.855,33.4385,33.7005
2024-10-24,33.7055,34.3,33.243,33.675
2024-10-25,33.666,34.017,33.089,33.587
2024-10-28,33.506,33.989,33.233,33.656
2024-10-29,33.656,34.545,33.63,34.449
2024-10-30,34.447,34.525,33.413,33.771
2024-10-31,33.766,33.901,32.511,32.6735
2024-11-01,32.6775,33.1245,32.3345,32.4475
2024-11-04,32.41,32.877,32.303,32.458
2024-11-05,32.452,32.9245,32.253,32.6535
2024-11-06,32.648,32.7295,30.8355,31.1755
2024-11-07,31.1645,32.1555,30.8765,32.0375
2024-11-08,32.037,32.064,31.195,31.253
2024-11-11,31.3,31.5615,30.4265,30.6915
2024-11-12,30.6865,30.8215,30.1915,30.7155
2024-11-13,30.72,31.1395,30.2855,30.3125
2024-11-14,30.313,30.652,29.679,30.444
2024-11-15,30.445,30.815,30.183,30.251
2024-11-18,30.305,31.268,30.276,31.173
2024-11-19,31.1725,31.5355,31.0485,31.2135
2024-11-20,31.15,31.3255,30.7795,30.8585
2024-11-21,30.8595,31.3105,30.6485,30.7935
2024-11-22,30.7985,31.4035,30.7395,31.2285
2024-11-25,31.327,31.4775,30.0895,30.3065
2024-11-26,30.306,30.694,29.99,30.446
2024-11-27,30.443,30.707,29.986,30.103
2024-11-28,30.085,30.296,29.646,30.224
2024-11-29,30.249,30.887,30.185,30.631
2024-12-02,30.6525,30.6765,30.0585,30.5075
2024-12-03,30.508,31.0865,30.4665,31.0335
2024-12-04,31.0245,31.4755,30.4815,31.297
2024-12-05,31.2875,31.4195,31.0195,31.3285
2024-12-06,31.3315,31.4375,30.8335,30.9925
2024-12-09,31.0315,32.2775,30.8685,31.8265
2024-12-10,31.826,32.095,31.71,31.904
2024-12-11,31.914,32.186,31.531,31.914
2024-12-12,31.916,32.329,30.887,30.9665
2024-12-13,30.9725,31.1105,30.2945,30.4755
2024-12-16,30.5635,30.752,30.468,30.531
2024-12-17,30.5295,30.6065,30.1575,30.5375
2024-12-18,30.5295,30.5735,29.3125,29.3585
2024-12-19,29.369,29.7055,28.7495,29.0465
2024-12-20,29.0195,29.6955,28.8135,29.5405
2024-12-23,29.488,29.877,29.425,29.653
2024-12-24,29.6745,29.79,29.479,29.619
2024-12-26,29.672,29.872,29.51,29.804
2024-12-27,29.783,29.895,29.328,29.381
2024-12-30,29.365,29.5335,28.8005,28.9575
2024-12-31,28.9525,29.0285,28.7835,28.9015
2025-01-02,28.8975,29.5965,28.8945,29.5645
2025-01-03,29.565,29.897,29.494,29.612
2025-01-06,29.646,30.346,29.412,29.948
2025-01-07,29.9355,30.385,29.881,30.05
2025-01-08,30.037,30.346,29.819,30.11
2025-01-09,30.109,30.477,30.012,30.11
2025-01-10,30.128,30.658,29.963,30.328
2025-01-13,30.418,30.502,29.506,29.62
2025-01-14,29.621,29.976,29.518,29.906
2025-01-15,29.912,30.752,29.739,30.679
2025-01-16,30.6785,30.9745,30.5315,30.8195
2025-01-17,30.8105,30.8425,30.1345,30.3135
2025-01-20,30.3675,30.625,30.009,30.523
2025-01-21,30.502,30.8595,30.2015,30.841
2025-01-22,30.8345,30.9445,30.5695,30.8275
2025-01-23,30.8135,30.8645,30.0985,30.4455
2025-01-24,30.441,31.022,30.433,30.646
2025-01-27,30.542,30.6185,29.7085,30.218
2025-01-28,30.2245,30.491,29.883,30.4125
2025-01-29,30.421,30.984,30.288,30.838
2025-01-30,30.8375,31.7335,30.8075,31.6435
2025-01-31,31.633,31.706,31.132,31.336
2025-02-03,31.4795,31.6735,30.683,31.5945
2025-02-04,31.594,32.376,31.36,32.14
2025-02-05,32.139,32.547,31.968,32.312
2025-02-06,32.315,32.42,31.755,32.218
2025-02-07,32.212,32.649,31.794,31.856
2025-02-10,31.727,32.335,31.68,32.045
2025-02-11,32.04,32.245,31.257,31.827
2025-02-12,31.825,32.363,31.528,32.235
2025-02-13,32.23,32.418,32.009,32.345
2025-02-14,32.318,33.391,32.072,32.18
2025-02-17,32.204,32.75,31.931,32.402
2025-02-18,32.3025,32.907,32.079,32.885
2025-02-19,32.9065,33.0775,32.4585,32.7045
2025-02-20,32.6995,33.2085,32.6265,32.9515
2025-02-21,32.9555,33.0805,32.5135,32.5395
2025-02-24,32.5215,32.7525,32.1005,32.3575
2025-02-25,32.358,32.486,31.295,31.7515
2025-02-26,31.739,31.956,31.496,31.8565
2025-02-27,31.895,31.94,31.18,31.265
2025-02-28,31.2635,31.3975,30.8195,31.1075
2025-03-03,31.151,31.8405,31.1225,31.6895
2025-03-04,31.673,32.013,31.474,31.985
2025-03-05,31.996,32.71,31.783,32.659
2025-03-06,32.6905,32.7635,32.2615,32.6375
2025-03-07,32.6715,32.7065,32.1125,32.4915
2025-03-10,32.552,32.666,31.943,32.046
2025-03-11,32.044,32.9935,31.819,32.9395
2025-03-12,32.9395,33.3175,32.7055,33.2605
2025-03-13,33.2605,33.9535,32.9415,33.876
2025-03-14,33.876,34.081,33.531,33.806
2025-03-17,33.815,33.9,33.441,33.831
2025-03-18,33.831,34.229,33.748,34
2025-03-19,34.009,34.093,33.469,33.853
2025-03-20,33.853,33.943,33.109,33.536
2025-03-21,33.537,33.551,32.665,33.038
2025-03-24,33.0505,33.2995,32.8915,32.9465
2025-03-25,32.9465,33.7965,32.9255,33.729
2025-03-26,33.73,33.927,33.513,33.635
2025-03-27,33.64,34.476,33.607,34.434
2025-03-28,34.433,34.576,33.931,34.129
2025-03-31,34.139,34.47,33.512,34.088
2025-04-01,34.1,34.209,33.48,33.693
2025-04-02,33.704,34.151,33.602,33.8875
2025-04-03,33.8375,33.947,31.723,31.856
2025-04-04,31.83,31.99,29.198,29.741
2025-04-07,29.132,30.815,28.39,30.085
2025-04-08,30.0965,30.534,29.627,29.808
2025-04-09,29.843,31.041,29.339,31.032
2025-04-10,31.071,31.3105,30.5875,31.2185
2025-04-11,31.2585,32.2785,30.9145,32.1005
2025-04-14,32.3445,32.388,31.752,32.352
2025-04-15,32.349,32.397,32.096,32.316
2025-04-16,32.315,33.101,32.271,32.761
2025-04-17,32.7605,32.9405,32.0895,32.5545
2025-04-21,32.558,33.0555,32.4285,32.6875
2025-04-22,32.6785,33.1475,32.3075,32.5045
2025-04-23,32.3525,33.6705,32.0985,33.5805
2025-04-24,33.556,33.683,33.177,33.584
2025-04-25,33.585,33.688,32.778,33.037
2025-04-28,33.1225,33.1975,32.6625,33.1625
2025-04-29,33.1615,33.5335,32.8095,32.9325
2025-04-30,32.9195,33.1095,32.1865,32.6175
2025-05-01,32.635,32.6795,31.6725,32.4145
2025-05-02,32.415,32.72,31.942,32.024
2025-05-05,31.999,32.657,31.989,32.487
2025-05-06,32.496,33.249,32.442,33.222
2025-05-07,33.2215,33.2555,32.2525,32.4615
2025-05-08,32.461,32.945,32.226,32.46
2025-05-09,32.467,32.868,32.225,32.758
2025-05-12,32.398,32.9935,31.8885,32.6015
2025-05-13,32.6145,33.2315,32.5215,32.9075
2025-05-14,32.9195,32.9805,32.0875,32.2265
2025-05-15,32.227,32.656,31.655,32.639
2025-05-16,32.6385,32.6955,31.8815,32.2445
2025-05-19,32.2855,32.628,32.236,32.359
2025-05-20,32.356,33.132,32.126,33.088
2025-05-21,33.0875,33.5705,32.9325,33.3925
2025-05-22,33.4185,33.7035,32.6165,33.0555
2025-05-23,33.0735,33.5445,32.9075,33.4845
2025-05-26,33.3995,33.775,33.2435,33.4895
2025-05-27,33.48,33.5245,32.7705,33.2665
2025-05-28,33.2695,33.4345,32.9155,32.9765
2025-05-29,32.9745,33.4985,32.6995,33.3235
2025-05-30,33.3285,33.3445,32.7775,32.9935
2025-06-02,33.0395,34.7895,32.9565,34.7545
2025-06-03,34.7345,34.7655,33.9785,34.5245
2025-06-04,34.5285,34.6525,34.1875,34.5045
2025-06-05,34.5185,36.0625,34.4355,35.6515
2025-06-06,35.637,36.331,35.614,35.953
2025-06-09,36.015,36.888,35.921,36.759
2025-06-10,36.7595,36.8315,36.3125,36.5295
2025-06-11,36.5365,36.6435,36.0355,36.2475
2025-06-12,36.248,36.452,35.46,36.357
2025-06-13,36.347,36.634,35.981,36.264
2025-06-16,36.307,36.538,36.098,36.32
2025-06-17,36.312,37.251,36.15,37.13
2025-06-18,37.1375,37.3155,36.5395,36.7435
2025-06-19,36.7415,36.7845,36.2145,36.4065
2025-06-20,36.397,36.431,35.516,36.017
2025-06-23,36.042,36.363,35.867,36.109
2025-06-24,36.101,36.202,35.286,35.92
2025-06-25,35.924,36.325,35.679,36.265
2025-06-26,36.266,36.831,36.238,36.651
2025-06-27,36.6515,36.7225,35.7955,35.9215
2025-06-30,36.0175,36.232,35.421,36.112
2025-07-01,36.109,36.615,35.808,36.033
2025-07-02,36.029,36.584,35.877,36.554
2025-07-03,36.5545,37.0735,36.3435,36.8445
2025-07-04,36.8465,36.975,36.6265,36.9265
2025-07-07,36.965,37.2185,36.1575,36.7735
2025-07-08,36.7935,36.8805,36.2915,36.7585
2025-07-09,36.7575,36.7705,36.2765,36.3795
2025-07-10,36.38,37.118,36.348,37.03
2025-07-11,37.0385,38.5385,36.9245,38.5075
2025-07-14,38.4135,39.1295,38.0855,38.1375
2025-07-15,38.137,38.383,37.597,37.706
2025-07-16,37.693,38.089,37.505,37.91
2025-07-17,37.928,38.175,37.552,38.142
2025-07-18,38.144,38.439,38.062,38.117
2025-07-21,38.1255,39.055,38.069,38.932
2025-07-22,38.9295,39.3105,38.7265,39.2945
2025-07-23,39.2895,39.5305,39.0625,39.2655
2025-07-24,39.3085,39.3455,38.7025,39.0615
2025-07-25,39.0695,39.1965,37.9555,38.1695
2025-07-28,38.105,38.342,37.908,38.168
2025-07-29,38.176,38.287,37.915,38.204
2025-07-30,38.21,38.253,36.801,37.128
2025-07-31,37.1455,37.2715,36.2145,36.7145
2025-08-01,36.7235,37.1835,36.3635,36.9795
2025-08-04,37.0045,37.48,36.683,37.415
2025-08-05,37.411,37.879,37.316,37.81
2025-08-06,37.8095,37.949,37.627,37.831
2025-08-07,37.8435,38.507,37.831,38.267
2025-08-08,38.288,38.478,37.9945,38.394
2025-08-11,38.398,38.413,37.553,37.625
2025-08-12,37.604,38.02,37.513,37.914
2025-08-13,37.919,38.641,37.851,38.508
2025-08-14,38.544,38.735,37.846,38.021
2025-08-15,38.026,38.106,37.688,37.992
2025-08-18,38.017,38.272,37.816,38.029
2025-08-19,38.0225,38.15,37.282,37.39
2025-08-20,37.392,37.94,36.969,37.908
2025-08-21,37.935,38.208,37.54,38.146
2025-08-22,38.1425,39.063,37.704,38.921
2025-08-25,38.9575,39,38.543,38.565
2025-08-26,38.5785,38.857,38.348,38.612
2025-08-27,38.642,38.705,38.099,38.596
2025-08-28,38.6065,39.121,38.579,39.054
2025-08-29,39.0315,39.969,38.733,39.829
2025-09-01,39.7455,40.925,39.5415,40.717
2025-09-02,40.755,40.926,40.147,40.8885
2025-09-03,40.872,41.468,40.635,41.217
2025-09-04,41.207,41.227,40.412,40.673
2025-09-05,40.6835,41.415,40.556,40.989
2025-09-08,40.937,41.666,40.5425,41.349
2025-09-09,41.325,41.48,40.793,40.872
2025-09-10,40.843,41.286,40.729,41.167
2025-09-11,41.152,41.759,40.903,41.561
2025-09-12,41.541,42.464,41.402,42.212
2025-09-15,42.219,42.743,42.008,42.684
2025-09-16,42.6845,42.966,42.264,42.56
2025-09-17,42.569,42.638,41.146,41.672
2025-09-18,41.6505,41.981,41.199,41.82
2025-09-19,41.813,43.082,41.655,42.989
2025-09-22,43.0975,44.117,43.028,44.071
2025-09-23,44.031,44.465,43.651,44.037
2025-09-24,44.0245,44.317,43.674,43.91
2025-09-25,43.914,45.234,43.779,45.188
2025-09-26,45.187,46.631,44.611,46.106
2025-09-29,46.128,47.178,45.956,46.933
2025-09-30,46.942,47.171,45.813,46.65
2025-10-01,46.6675,47.829,46.629,47.321
2025-10-02,47.3015,48.051,45.915,46.9875
2025-10-03,46.9555,48.371,46.658,47.979
2025-10-06,48.081,48.767,47.964,48.524
2025-10-07,48.496,48.655,47.345,47.831
2025-10-08,47.8255,49.546,47.747,48.8655
2025-10-09,48.9,51.225,48.4875,49.173
2025-10-10,49.018,51.129,48.864,49.998
2025-10-13,50.259,52.45,49.867,52.403
2025-10-14,52.489,53.577,50.4815,51.502
2025-10-15,51.56,53.181,51.41,52.994
2025-10-16,52.816,54.272,52.453,54.153
2025-10-17,54.311,54.481,50.646,51.771
2025-10-20,51.5765,52.785,51.292,52.438
2025-10-21,52.574,52.686,47.905,48.717
2025-10-22,48.609,49.3125,47.533,48.498
2025-10-23,48.402,49.4525,47.943,48.913
2025-10-24,48.917,49.0025,47.849,48.5095
2025-10-27,48.442,48.5485,46.091,46.9025
2025-10-28,46.91,47.2645,45.5595,46.905
2025-10-29,46.9035,48.4555,46.9035,47.782
2025-10-30,47.781,49.105,47.274,49.024
2025-10-31,49.0415,49.368,48.3885,48.68
2025-11-03,48.567,49.1075,47.982,48.0835
2025-11-04,48.027,48.227,46.882,47.161
2025-11-05,47.164,48.271,46.912,48.016
2025-11-06,48.156,48.792,47.663,48.03
2025-11-07,48.052,48.874,47.985,48.405
2025-11-10,48.382,50.609,48.382,50.512
2025-11-11,50.502,51.251,50.294,51.22
2025-11-12,51.2525,53.671,50.874,53.267
2025-11-13,53.3125,54.393,52.082,52.2905
2025-11-14,52.255,53.554,50.072,50.674
2025-11-17,50.437,51.305,49.583,50.213
2025-11-18,50.257,51.181,49.364,50.703
2025-11-19,50.707,52.47,50.388,51.367
2025-11-20,51.411,51.872,50.232,50.664
2025-11-21,50.646,50.854,48.647,49.961
2025-11-24,50.2865,51.417,49.727,51.36
2025-11-25,51.405,51.755,50.718,51.485
2025-11-26,51.469,53.388,51.312,53.348
2025-11-27,53.3635,53.912,52.7045,53.3905
2025-11-28,53.43,56.5255,53.349,56.4205
2025-12-01,56.749,58.852,56.228,58.009
2025-12-02,57.9215,58.645,56.702,58.456
2025-12-03,58.201,58.9815,57.556,58.509
2025-12-04,58.553,58.756,56.497,57.145
2025-12-05,57.15,59.332,56.882,58.386
2025-12-08,58.395,58.681,57.6245,58.158
2025-12-09,58.153,60.833,57.619,60.669
2025-12-10,60.5875,61.941,60.111,61.826
2025-12-11,61.83,64.309,61.45,63.5735
2025-12-12,63.5615,64.659,60.813,61.863
2025-12-15,61.74,64.145,61.6455,64.093
2025-12-16,64.1305,64.148,62.1965,63.7505
2025-12-17,63.7465,66.886,63.682,66.225
2025-12-18,66.228,66.6215,64.668,65.4935
2025-12-19,65.495,67.4545,64.511,67.201
2025-12-22,67.4,69.453,67.201,69.0535
2025-12-23,69.1325,71.573,68.845,71.484
2025-12-24,71.4735,72.6995,70.2625,71.833
2025-12-26,73.073,78.542,72.6985,78.425
2025-12-29,81.573,83.959,70.537,72.1325
2025-12-30,72.2505,78.057,71.1645,76.241
2025-12-31,76.415,76.443,70.086,71.6275
2026-01-02,72.475,74.558,71.098,72.56
2026-01-05,73.425,77.865,72.9395,76.6085
2026-01-06,76.793,81.422,75.904,81.26
2026-01-07,81.321,82.74,76.399,78.19
2026-01-08,78.312,78.9935,73.8565,76.981
2026-01-09,76.987,80.508,75.529,79.83
2026-01-12,80.8065,86.21,79.83,85.163
2026-01-13,85.421,89.102,83.446,86.946
2026-01-14,87.088,93.485,86.965,93.274
2026-01-15,93.685,93.685,86.259,92.384
2026-01-16,92.472,92.8,86.91,89.334
2026-01-19,91.3645,94.6725,91.104,94.625
2026-01-20,94.538,95.8835,92.6045,94.5755
2026-01-21,94.743,95.4955,90.3565,93.0975
2026-01-22,93.116,96.5915,90.8695,96.1905
2026-01-23,96.309,102.5675,96.248,102.5025
2026-01-26,104.984,117.7205,102.261,103.71
2026-01-27,104.456,113.425,103.004,112.052
2026-01-28,111.883,117.428,110.5505,116.849
2026-01-29,116.789,121.643,106.855,115.518
2026-01-30,115.939,118.465,73.784,83.136
2026-02-02,80.654,87.942,71.479,79.271
2026-02-03,80.1955,89.102,80.109,85.321
2026-02-04,85.6405,92.19,83.3125,88.204
2026-02-05,88.4,90.38,70.739,70.958
2026-02-06,70.393,78.123,64.137,77.478
2026-02-09,79.11,84.034,78.527,83.317
2026-02-10,83.851,84.011,80.01,80.797
2026-02-11,80.8615,86.298,80.797,84.307
2026-02-12,84.7695,84.952,74.471,75.322
2026-02-13,74.5275,79.341,74.004,77.012
2026-02-16,77.823,77.823,74.734,76.625
2026-02-17,76.294,76.905,72.079,73.532
2026-02-18,73.2835,78.336,72.344,77.191
2026-02-19,77.3565,79.479,76.493,78.533
2026-02-20,78.6875,84.615,77.516,84.542
2026-02-23,85.0925,89.045,84.542,88.205
2026-02-24,88.117,88.919,85.0165,87.165
2026-02-25,87.185,91.282,86.605,89.22
2026-02-26,89.025,90.318,85.28,88.312
2026-02-27,88.606,94.159,87.881,93.82
2026-03-02,95.229,96.416,86.542,89.349
2026-03-03,89.854,91.323,78.007,82.05
2026-03-04,82.1445,86.779,81.629,83.544
2026-03-05,83.7415,85.544,80.5665,82.231
2026-03-06,82.625,84.95,80.132,83.898
2026-03-09,83.294,87.126,79.742,86.846
2026-03-10,87.494,90.002,86.652,88.356
2026-03-11,88.319,89.429,84.485,85.851
2026-03-12,84.951,87.43,83.057,83.431
2026-03-13,84.379,85.434,79.479,80.6
2026-03-16,80.523,81.605,77.14,80.855
2026-03-17,80.786,82.548,78.312,79.252
2026-03-18,79.027,80.189,75.015,75.704
2026-03-19,75.71,76.695,65.538,73.1
2026-03-20,72.212,74.55,67.699,67.915
2026-03-23,68.829,70.761,61.012,69.498
2026-03-24,69.652,71.471,66.021,71.255
2026-03-25,71.689,74.533,70.916,71.289
2026-03-26,71.158,72.188,66.753,68.335
2026-03-27,68.892,71.601,67.482,69.7745
2026-03-30,69.03,71.726,67.72,70.139
2026-03-31,70.197,75.368,69.045,75.128
2026-04-01,75.077,76.129,73.778,75.114
2026-04-02,74.948,75.975,69.59,73.005
2026-04-03,73.025,73.025,73.005,73.005
2026-04-06,72.5285,73.574,71.346,72.828
2026-04-07,73.174,73.315,69.833,72.961
2026-04-08,73.238,77.645,73.0975,74.098
2026-04-09,73.95,76.616,72.896,75.292
2026-04-10,75.361,76.835,74.845,76.347
2026-04-13,73.344,75.854,72.7795,75.574
2026-04-14,75.509,79.683,75.397,79.568
2026-04-15,79.399,80.995,78.325,78.969
2026-04-16,78.95,80.858,78.087,78.442
2026-04-17,78.457,83.041,77.807,81.345
2026-04-20,79.155,80.667,78.658,79.732
2026-04-21,79.758,80.209,75.417,76.705
2026-04-22,76.7745,78.673,76.709,77.731
2026-04-23,77.806,78.345,74.249,75.441
2026-04-24,75.861,76.646,73.981,76.009
2026-04-27,75.625,76.586,74.68,75.509
2026-04-28,75.547,76.157,72.047,73.116
2026-04-29,73.204,73.958,70.888,71.318
2026-04-30,71.147,73.919,71.147,73.745
2026-05-01,73.831,76.971,73.002,75.454
2026-05-04,75.487,75.998,72.267,72.727
2026-05-05,72.735,74.18,72.416,72.818
2026-05-06,72.813,77.798,72.646,77.357
2026-05-07,77.387,82.124,77,78.537
2026-05-08,78.286,81.572,78.135,80.678
2026-05-11,79.477,86.227,79.103,86.102
2026-05-12,86.222,87.205,83.071,86.547
2026-05-13,86.619,89.35,85.697,87.49
2026-05-14,87.587,88.428,83.128,83.53
2026-05-15,83.377,83.88,75.812,76.295
2026-05-18,75.3955,78.175,73.897,77.684
2026-05-19,77.76,78.896,73.095,73.7
2026-05-20,73.817,76.6,73.183,75.853
2026-05-21,75.919,77.107,74.491,76.677
2026-05-22,76.695,77.013,74.987,75.582
2026-05-25,76.919,78.824,76.772,78.042
2026-05-26,78.0675,78.4325,75.5,76.964
2026-05-27,77.051,77.518,73.487,74.648
2026-05-28,74.817,76.022,71.81,75.653
2026-05-29,75.42,76.662,74.629,75.59
2026-06-01,74.102,76.296,73.869,74.853
2026-06-02,74.967,77.004,74.566,75.131
2026-06-03,75.166,75.34,72.631,72.732
2026-06-04,72.874,75.042,72.47,73.892
2026-06-05,73.994,74.135,67.841,67.985
2026-06-08,67.94,68.916,66.192,68.18
2026-06-09,68.214,68.959,64.392,65.339
2026-06-10,65.201,65.731,63.326,63.413
2026-06-11,63.414,67.559,61.513,67.338
2026-06-12,67.483,68.348,65.89,67.789
2026-06-15,69.2635,71.322,69.025,69.979
2026-06-16,69.998,71.169,69.074,70.034
2026-06-17,70.071,71.529,66.828,67.945
2026-06-18,67.926,69.855,65.08,65.72
2026-06-19,65.692,65.813,63.308,64.925
2026-06-22,64.329,67.048,64.251,65.09
2026-06-23,65.089,65.191,61.353,61.557
2026-06-24,61.562,62.356,55.639,57.448
2026-06-25,57.616,58.985,56.36,57.864
2026-06-26,57.882,59.572,55.722,58.942
2026-06-29,58.947,59.479,57.463,58.301
2026-06-30,58.33,60.426,56.658,58.589
2026-07-01,58.731,61,57.188,59.111
2026-07-02,59.285,62.07,58.926,60.974
2026-07-03,61.077,62.896,60.923,62.425
2026-07-06,62.686,63.271,61.385,62.043
2026-07-07,62.095,62.16,59.453,59.98
2026-07-08,59.877,61.026,57.245,58.286
2026-07-09,58.396,60.612,57.592,59.969
2026-07-10,59.993,60.765,58.887,59.696
2026-07-13,59.334,59.696,57.269,57.651
2026-07-14,57.643,59.662,56.873,58.697
2026-07-15,58.722,59.06,56.627,57.775
2026-07-16,57.894,57.912,55.344,55.523
2026-07-17,55.623,56.203,54.778,56.149
2026-07-20,55.701,57.466,55.534,56.427
2026-07-21,56.457,59.241,56.125,58.79
2026-07-22,58.871,60.904,58.733,59.715
2026-07-23,59.666,60.07,57.073,57.658
2026-07-24,57.706,58.972,57.1,58.203
2026-07-27,59.508,60.086,58.177,58.403
2026-07-28,58.493,58.579,56.702,57.114
2026-07-29,57.185,59.257,56.79,57.629
2026-07-30,57.633,59.31,56.94,58.991
2026-07-31,59.039,59.168,57.037,57.928
2026-08-03,58.4225,58.632,56.576,58.191
2026-08-04,58.195,60.041,57.997,59.529
2026-08-05,59.551,62.761,59.405,62.054
2026-08-06,62.081,62.905,60.884,61.534
2026-08-07,61.579,65.096,61.176,63.627
2026-08-10,63.7065,66.07,63.003,65.745
2026-08-11,65.843,66.473,64.24,64.681
2026-08-12,64.756,66.78,64.716,65.325
2026-08-13,65.31,66.299,64.232,64.478
2026-08-14,64.437,65.694,63.518,64.721
2026-08-17,64.916,66.558,64.695,65.79
2026-08-18,65.787,66.555,63.187,63.333
2026-08-19,63.346,67.023,62.519,67.003
2026-08-20,67.049,68.978,65.643,68.097
2026-08-21,68.197,70.017,67.945,69.396
2026-08-24,69.2335,69.915,68.323,68.97
2026-08-25,68.952,69.945,67.472,68.669
2026-08-26,68.647,69.733,67.53,68.127
2026-08-27,68.243,69.724,67.699,69.272
2026-08-28,69.332,71.113,66.121,66.454
2026-08-31,65.7995,67.468,65.639,66.56
